{
"type": "FeatureCollection",
"name": "occupation_2040",
"crs": { "type": "name", "properties": { "name": "urn:ogc:def:crs:OGC:1.3:CRS84" } },
"xy_coordinate_resolution": 1e-05,
"features": [
{ "type": "Feature", "properties": { "classe": 1, "nom": "Bâti", "superficie_ha": 26923.1, "pourcentage": 54.5 }, "geometry": { "type": "MultiPolygon", "coordinates": [ [ [ [ 2.23499, 6.39822 ], [ 2.23571, 6.3975 ], [ 2.23635, 6.3975 ], [ 2.23571, 6.39804 ], [ 2.2358, 6.39841 ], [ 2.23698, 6.39823 ], [ 2.23734, 6.39787 ], [ 2.23698, 6.39696 ], [ 2.23834, 6.39687 ], [ 2.23933, 6.39633 ], [ 2.2387, 6.39615 ], [ 2.2377, 6.39669 ], [ 2.23662, 6.39633 ], [ 2.23544, 6.39669 ], [ 2.23499, 6.39759 ], [ 2.23381, 6.39795 ], [ 2.23363, 6.39849 ], [ 2.23499, 6.39822 ] ] ], [ [ [ 2.23933, 6.39832 ], [ 2.24014, 6.39787 ], [ 2.23969, 6.39724 ], [ 2.23924, 6.39724 ], [ 2.23879, 6.39787 ], [ 2.23897, 6.3985 ], [ 2.23851, 6.39814 ], [ 2.23824, 6.39841 ], [ 2.23915, 6.39941 ], [ 2.23933, 6.39832 ] ] ], [ [ [ 2.22323, 6.40155 ], [ 2.22449, 6.40029 ], [ 2.22658, 6.39948 ], [ 2.22486, 6.39939 ], [ 2.22314, 6.40047 ], [ 2.22259, 6.40119 ], [ 2.22259, 6.40246 ], [ 2.22304, 6.40246 ], [ 2.22323, 6.40155 ] ] ], [ [ [ 2.21742, 6.41457 ], [ 2.2176, 6.4134 ], [ 2.21796, 6.4134 ], [ 2.21805, 6.41286 ], [ 2.21742, 6.41294 ], [ 2.21706, 6.41168 ], [ 2.21652, 6.4124 ], [ 2.2157, 6.41222 ], [ 2.21561, 6.41285 ], [ 2.21462, 6.41339 ], [ 2.21525, 6.41366 ], [ 2.2157, 6.4133 ], [ 2.21642, 6.41448 ], [ 2.21742, 6.41457 ] ] ], [ [ [ 2.2194, 6.41747 ], [ 2.21895, 6.41648 ], [ 2.2195, 6.4162 ], [ 2.21923, 6.41566 ], [ 2.21959, 6.41521 ], [ 2.21859, 6.4153 ], [ 2.21841, 6.41494 ], [ 2.21868, 6.41467 ], [ 2.21905, 6.41467 ], [ 2.21905, 6.41503 ], [ 2.21941, 6.41485 ], [ 2.21914, 6.41439 ], [ 2.21977, 6.41385 ], [ 2.21932, 6.4134 ], [ 2.21941, 6.41277 ], [ 2.21869, 6.41304 ], [ 2.21878, 6.41358 ], [ 2.21805, 6.4143 ], [ 2.21814, 6.41503 ], [ 2.21751, 6.41548 ], [ 2.2176, 6.41665 ], [ 2.2194, 6.41747 ] ] ], [ [ [ 2.2194, 6.42073 ], [ 2.21949, 6.41991 ], [ 2.22003, 6.41928 ], [ 2.22031, 6.41955 ], [ 2.21985, 6.42 ], [ 2.22085, 6.41983 ], [ 2.22058, 6.41865 ], [ 2.21904, 6.41946 ], [ 2.21886, 6.41919 ], [ 2.2185, 6.41919 ], [ 2.21904, 6.41973 ], [ 2.21886, 6.42127 ], [ 2.2194, 6.42073 ] ] ], [ [ [ 2.22546, 6.42083 ], [ 2.22754, 6.42083 ], [ 2.22736, 6.42002 ], [ 2.22582, 6.41974 ], [ 2.22555, 6.41983 ], [ 2.22582, 6.42029 ], [ 2.22501, 6.42046 ], [ 2.22546, 6.42083 ] ] ], [ [ [ 2.22256, 6.42218 ], [ 2.22283, 6.42146 ], [ 2.22211, 6.42109 ], [ 2.22121, 6.42109 ], [ 2.22103, 6.42163 ], [ 2.22021, 6.42145 ], [ 2.22157, 6.42254 ], [ 2.22256, 6.42218 ] ] ], [ [ [ 2.22934, 6.42373 ], [ 2.23106, 6.4231 ], [ 2.23043, 6.42283 ], [ 2.22971, 6.42319 ], [ 2.22952, 6.42291 ], [ 2.22989, 6.42219 ], [ 2.22944, 6.42174 ], [ 2.22898, 6.42183 ], [ 2.22898, 6.42264 ], [ 2.22844, 6.42318 ], [ 2.22889, 6.42427 ], [ 2.22934, 6.42373 ] ] ], [ [ [ 2.22852, 6.42716 ], [ 2.22925, 6.42689 ], [ 2.22934, 6.42644 ], [ 2.22825, 6.42554 ], [ 2.22817, 6.42427 ], [ 2.22726, 6.42463 ], [ 2.22681, 6.42391 ], [ 2.22609, 6.42399 ], [ 2.22699, 6.42282 ], [ 2.22582, 6.42291 ], [ 2.22482, 6.42255 ], [ 2.22537, 6.42218 ], [ 2.226, 6.42264 ], [ 2.22636, 6.42237 ], [ 2.22717, 6.42255 ], [ 2.22727, 6.42164 ], [ 2.22754, 6.4221 ], [ 2.22844, 6.4221 ], [ 2.22835, 6.42156 ], [ 2.22871, 6.42119 ], [ 2.22935, 6.42138 ], [ 2.22926, 6.42092 ], [ 2.22962, 6.42065 ], [ 2.23061, 6.42093 ], [ 2.23115, 6.42246 ], [ 2.23152, 6.42192 ], [ 2.23116, 6.42093 ], [ 2.22989, 6.41993 ], [ 2.22953, 6.41993 ], [ 2.22953, 6.42065 ], [ 2.22853, 6.42011 ], [ 2.22862, 6.42101 ], [ 2.22799, 6.42065 ], [ 2.22772, 6.42119 ], [ 2.22745, 6.42101 ], [ 2.22672, 6.42164 ], [ 2.22564, 6.42128 ], [ 2.22519, 6.42191 ], [ 2.2251, 6.42137 ], [ 2.22464, 6.42128 ], [ 2.22473, 6.42218 ], [ 2.22428, 6.42236 ], [ 2.22464, 6.42291 ], [ 2.22455, 6.42354 ], [ 2.22509, 6.42336 ], [ 2.226, 6.42409 ], [ 2.22563, 6.42499 ], [ 2.225, 6.42454 ], [ 2.224, 6.42508 ], [ 2.22382, 6.42625 ], [ 2.22436, 6.42616 ], [ 2.22419, 6.42544 ], [ 2.22464, 6.42499 ], [ 2.22509, 6.42499 ], [ 2.22554, 6.42607 ], [ 2.22581, 6.42598 ], [ 2.22654, 6.42535 ], [ 2.22645, 6.42463 ], [ 2.22672, 6.42454 ], [ 2.22708, 6.42499 ], [ 2.2278, 6.42499 ], [ 2.22762, 6.42734 ], [ 2.22843, 6.42753 ], [ 2.22852, 6.42716 ] ] ], [ [ [ 2.22517, 6.42906 ], [ 2.22509, 6.42806 ], [ 2.22554, 6.42834 ], [ 2.22617, 6.42807 ], [ 2.22626, 6.42761 ], [ 2.22726, 6.42771 ], [ 2.22681, 6.42653 ], [ 2.22653, 6.4268 ], [ 2.22608, 6.42653 ], [ 2.22599, 6.42752 ], [ 2.22536, 6.42797 ], [ 2.22472, 6.42752 ], [ 2.224, 6.42761 ], [ 2.22481, 6.42906 ], [ 2.22517, 6.42906 ] ] ], [ [ [ 2.23038, 6.45286 ], [ 2.23011, 6.45232 ], [ 2.23066, 6.45159 ], [ 2.23066, 6.45087 ], [ 2.23012, 6.45033 ], [ 2.23021, 6.45114 ], [ 2.22975, 6.45105 ], [ 2.22939, 6.45168 ], [ 2.22966, 6.45195 ], [ 2.23002, 6.45141 ], [ 2.23011, 6.45196 ], [ 2.22921, 6.45241 ], [ 2.22921, 6.45295 ], [ 2.22993, 6.45322 ], [ 2.23038, 6.45286 ] ] ], [ [ [ 2.22557, 6.46624 ], [ 2.22666, 6.46579 ], [ 2.22729, 6.46634 ], [ 2.2272, 6.46552 ], [ 2.22684, 6.46534 ], [ 2.22693, 6.46453 ], [ 2.22584, 6.46407 ], [ 2.22512, 6.46534 ], [ 2.22584, 6.46498 ], [ 2.22557, 6.46624 ] ] ], [ [ [ 2.25342, 6.47316 ], [ 2.25279, 6.47207 ], [ 2.25333, 6.47144 ], [ 2.25279, 6.47162 ], [ 2.2527, 6.47108 ], [ 2.25179, 6.47053 ], [ 2.25107, 6.4708 ], [ 2.2507, 6.4727 ], [ 2.2517, 6.4718 ], [ 2.25269, 6.47207 ], [ 2.25287, 6.47343 ], [ 2.25342, 6.47316 ] ] ], [ [ [ 2.228, 6.47439 ], [ 2.22927, 6.47466 ], [ 2.22972, 6.47312 ], [ 2.22918, 6.47294 ], [ 2.22764, 6.4733 ], [ 2.22656, 6.47212 ], [ 2.22628, 6.47312 ], [ 2.22719, 6.4733 ], [ 2.22719, 6.47366 ], [ 2.22601, 6.47366 ], [ 2.22547, 6.4733 ], [ 2.22547, 6.47276 ], [ 2.22502, 6.47312 ], [ 2.22411, 6.47312 ], [ 2.22456, 6.47375 ], [ 2.22547, 6.47348 ], [ 2.22583, 6.47429 ], [ 2.22719, 6.47412 ], [ 2.22746, 6.47547 ], [ 2.22782, 6.47529 ], [ 2.228, 6.47439 ] ] ], [ [ [ 2.24093, 6.47595 ], [ 2.24148, 6.47332 ], [ 2.24066, 6.47377 ], [ 2.24066, 6.47432 ], [ 2.2403, 6.47432 ], [ 2.24003, 6.47305 ], [ 2.23958, 6.4735 ], [ 2.23849, 6.47341 ], [ 2.2384, 6.47395 ], [ 2.23777, 6.47386 ], [ 2.23804, 6.47431 ], [ 2.23858, 6.47413 ], [ 2.23858, 6.47477 ], [ 2.23903, 6.47531 ], [ 2.2393, 6.47531 ], [ 2.23912, 6.47431 ], [ 2.23931, 6.47431 ], [ 2.23985, 6.47495 ], [ 2.23976, 6.47549 ], [ 2.24066, 6.47567 ], [ 2.24057, 6.47631 ], [ 2.24093, 6.47595 ] ] ], [ [ [ 2.22456, 6.47701 ], [ 2.2261, 6.47674 ], [ 2.2261, 6.47647 ], [ 2.22574, 6.47656 ], [ 2.22574, 6.47592 ], [ 2.22483, 6.47429 ], [ 2.22447, 6.47465 ], [ 2.22501, 6.4752 ], [ 2.22438, 6.47547 ], [ 2.22474, 6.47619 ], [ 2.22402, 6.4761 ], [ 2.22329, 6.47682 ], [ 2.22392, 6.47755 ], [ 2.22456, 6.47701 ] ] ], [ [ [ 2.22093, 6.48379 ], [ 2.2222, 6.48343 ], [ 2.22229, 6.4818 ], [ 2.22111, 6.48225 ], [ 2.2212, 6.48342 ], [ 2.22093, 6.48379 ] ] ], [ [ [ 2.23159, 6.49023 ], [ 2.23087, 6.48932 ], [ 2.2315, 6.4895 ], [ 2.23223, 6.48842 ], [ 2.2316, 6.4886 ], [ 2.23142, 6.48787 ], [ 2.23051, 6.48733 ], [ 2.23015, 6.48778 ], [ 2.2306, 6.4885 ], [ 2.23033, 6.48932 ], [ 2.23069, 6.48941 ], [ 2.23087, 6.49022 ], [ 2.2315, 6.49013 ], [ 2.23114, 6.49068 ], [ 2.2315, 6.49077 ], [ 2.23159, 6.49023 ] ] ], [ [ [ 2.23394, 6.49113 ], [ 2.23358, 6.49086 ], [ 2.2334, 6.49032 ], [ 2.23395, 6.48806 ], [ 2.23277, 6.48769 ], [ 2.23259, 6.48815 ], [ 2.23313, 6.48833 ], [ 2.23304, 6.49086 ], [ 2.23277, 6.49113 ], [ 2.23394, 6.49113 ] ] ], [ [ [ 2.24054, 6.49422 ], [ 2.24163, 6.49332 ], [ 2.24082, 6.49286 ], [ 2.24082, 6.49214 ], [ 2.23937, 6.49349 ], [ 2.23828, 6.49349 ], [ 2.23909, 6.49449 ], [ 2.23955, 6.49367 ], [ 2.23991, 6.49467 ], [ 2.24045, 6.49485 ], [ 2.24054, 6.49422 ] ] ], [ [ [ 2.26315, 6.49679 ], [ 2.26343, 6.49461 ], [ 2.26288, 6.49452 ], [ 2.26252, 6.49552 ], [ 2.26207, 6.49516 ], [ 2.26243, 6.49452 ], [ 2.26361, 6.49407 ], [ 2.26352, 6.49335 ], [ 2.26243, 6.49398 ], [ 2.26225, 6.49452 ], [ 2.26198, 6.49452 ], [ 2.26198, 6.49407 ], [ 2.26125, 6.49452 ], [ 2.26125, 6.49488 ], [ 2.2618, 6.49516 ], [ 2.2618, 6.49615 ], [ 2.26252, 6.49597 ], [ 2.26225, 6.49615 ], [ 2.26234, 6.49687 ], [ 2.26315, 6.49679 ] ] ], [ [ [ 2.24542, 6.49803 ], [ 2.24624, 6.49739 ], [ 2.24587, 6.49685 ], [ 2.24687, 6.49694 ], [ 2.24678, 6.49595 ], [ 2.24579, 6.49631 ], [ 2.24597, 6.49577 ], [ 2.24542, 6.49558 ], [ 2.24506, 6.49649 ], [ 2.24461, 6.49567 ], [ 2.2437, 6.49667 ], [ 2.24497, 6.49676 ], [ 2.24488, 6.49766 ], [ 2.24443, 6.49821 ], [ 2.24542, 6.49803 ] ] ], [ [ [ 2.23058, 6.50045 ], [ 2.23113, 6.49882 ], [ 2.23032, 6.49782 ], [ 2.23168, 6.49611 ], [ 2.23204, 6.4962 ], [ 2.23176, 6.49683 ], [ 2.23222, 6.49692 ], [ 2.23258, 6.49656 ], [ 2.23294, 6.4952 ], [ 2.23249, 6.49493 ], [ 2.23249, 6.4943 ], [ 2.23068, 6.49411 ], [ 2.22951, 6.49447 ], [ 2.22932, 6.49529 ], [ 2.22969, 6.49556 ], [ 2.22932, 6.49565 ], [ 2.22914, 6.4971 ], [ 2.2276, 6.49746 ], [ 2.2276, 6.498 ], [ 2.22851, 6.49755 ], [ 2.22887, 6.49836 ], [ 2.22769, 6.49818 ], [ 2.2276, 6.49881 ], [ 2.22869, 6.49927 ], [ 2.22896, 6.49891 ], [ 2.22968, 6.49909 ], [ 2.2295, 6.49864 ], [ 2.22986, 6.49855 ], [ 2.23004, 6.49981 ], [ 2.22977, 6.50026 ], [ 2.23013, 6.50072 ], [ 2.23058, 6.50045 ] ] ], [ [ [ 2.22597, 6.49926 ], [ 2.22543, 6.49872 ], [ 2.22444, 6.49854 ], [ 2.22498, 6.4979 ], [ 2.2257, 6.49836 ], [ 2.2257, 6.49754 ], [ 2.22525, 6.49736 ], [ 2.22444, 6.49772 ], [ 2.22444, 6.49727 ], [ 2.22408, 6.49727 ], [ 2.2238, 6.49826 ], [ 2.22434, 6.49881 ], [ 2.22552, 6.49917 ], [ 2.22552, 6.49971 ], [ 2.22597, 6.49926 ] ] ], [ [ [ 2.237, 6.50109 ], [ 2.23637, 6.50046 ], [ 2.23592, 6.50127 ], [ 2.23556, 6.50127 ], [ 2.23492, 6.50091 ], [ 2.23465, 6.50018 ], [ 2.23438, 6.50045 ], [ 2.23384, 6.50018 ], [ 2.23366, 6.49927 ], [ 2.23303, 6.49955 ], [ 2.23303, 6.50036 ], [ 2.23366, 6.50018 ], [ 2.23384, 6.50045 ], [ 2.23357, 6.5009 ], [ 2.23411, 6.50054 ], [ 2.23474, 6.5009 ], [ 2.23465, 6.50172 ], [ 2.23637, 6.5019 ], [ 2.237, 6.50109 ] ] ], [ [ [ 2.23257, 6.50244 ], [ 2.23194, 6.50117 ], [ 2.23321, 6.5009 ], [ 2.2323, 6.50045 ], [ 2.23257, 6.49964 ], [ 2.23203, 6.49945 ], [ 2.2323, 6.49882 ], [ 2.23203, 6.49882 ], [ 2.23104, 6.49972 ], [ 2.23113, 6.50009 ], [ 2.23185, 6.50018 ], [ 2.23122, 6.50063 ], [ 2.23185, 6.50135 ], [ 2.23067, 6.5018 ], [ 2.23257, 6.50244 ] ] ], [ [ [ 2.24378, 6.50363 ], [ 2.24388, 6.50255 ], [ 2.24351, 6.50246 ], [ 2.24306, 6.50318 ], [ 2.24243, 6.502 ], [ 2.24098, 6.50191 ], [ 2.24153, 6.50073 ], [ 2.24288, 6.50137 ], [ 2.24352, 6.50101 ], [ 2.24352, 6.50056 ], [ 2.24288, 6.50037 ], [ 2.24234, 6.50083 ], [ 2.24216, 6.50037 ], [ 2.24298, 6.5001 ], [ 2.24261, 6.49974 ], [ 2.24216, 6.5001 ], [ 2.24171, 6.49929 ], [ 2.24108, 6.49929 ], [ 2.24053, 6.49901 ], [ 2.24054, 6.49856 ], [ 2.24026, 6.49865 ], [ 2.24008, 6.50001 ], [ 2.24035, 6.50037 ], [ 2.23972, 6.501 ], [ 2.2389, 6.50073 ], [ 2.23899, 6.50191 ], [ 2.23845, 6.50218 ], [ 2.23836, 6.50263 ], [ 2.23899, 6.50245 ], [ 2.23926, 6.50326 ], [ 2.24017, 6.50336 ], [ 2.24008, 6.50227 ], [ 2.24035, 6.50218 ], [ 2.24062, 6.50318 ], [ 2.2418, 6.50272 ], [ 2.24252, 6.50345 ], [ 2.24315, 6.50336 ], [ 2.24342, 6.50372 ], [ 2.24378, 6.50363 ] ] ], [ [ [ 2.26142, 6.50357 ], [ 2.26305, 6.50258 ], [ 2.26432, 6.50303 ], [ 2.26495, 6.50231 ], [ 2.26549, 6.50222 ], [ 2.26577, 6.50149 ], [ 2.26513, 6.5014 ], [ 2.26532, 6.50059 ], [ 2.2645, 6.50032 ], [ 2.26405, 6.50086 ], [ 2.26333, 6.50068 ], [ 2.26296, 6.50095 ], [ 2.26324, 6.49986 ], [ 2.26242, 6.4995 ], [ 2.26242, 6.50004 ], [ 2.26052, 6.50221 ], [ 2.26079, 6.50321 ], [ 2.26142, 6.50357 ] ] ], [ [ [ 2.23203, 6.50371 ], [ 2.23311, 6.50353 ], [ 2.23356, 6.50389 ], [ 2.23411, 6.50362 ], [ 2.23402, 6.50271 ], [ 2.23347, 6.50262 ], [ 2.23329, 6.50316 ], [ 2.23148, 6.50334 ], [ 2.23139, 6.50379 ], [ 2.23049, 6.50289 ], [ 2.23103, 6.50262 ], [ 2.23049, 6.50198 ], [ 2.22986, 6.50216 ], [ 2.23013, 6.50253 ], [ 2.22995, 6.50307 ], [ 2.22913, 6.5028 ], [ 2.22958, 6.50343 ], [ 2.23058, 6.50361 ], [ 2.23049, 6.50416 ], [ 2.23157, 6.50398 ], [ 2.23148, 6.5047 ], [ 2.23175, 6.50488 ], [ 2.23211, 6.50488 ], [ 2.23203, 6.50371 ] ] ], [ [ [ 2.25473, 6.50546 ], [ 2.25527, 6.50528 ], [ 2.25464, 6.50428 ], [ 2.25518, 6.50383 ], [ 2.25437, 6.50329 ], [ 2.2541, 6.50347 ], [ 2.25427, 6.50501 ], [ 2.25382, 6.50546 ], [ 2.25391, 6.506 ], [ 2.25454, 6.506 ], [ 2.25473, 6.50546 ] ] ], [ [ [ 2.26087, 6.51008 ], [ 2.26141, 6.51017 ], [ 2.26187, 6.50909 ], [ 2.25997, 6.50863 ], [ 2.26024, 6.50954 ], [ 2.25978, 6.51017 ], [ 2.26051, 6.51044 ], [ 2.26087, 6.51008 ] ] ], [ [ [ 2.24639, 6.51712 ], [ 2.24702, 6.5154 ], [ 2.24639, 6.51449 ], [ 2.24485, 6.51485 ], [ 2.24485, 6.51576 ], [ 2.24567, 6.51612 ], [ 2.24639, 6.51712 ] ] ], [ [ [ 2.2528, 6.52436 ], [ 2.25343, 6.52355 ], [ 2.25425, 6.52382 ], [ 2.25434, 6.52256 ], [ 2.25479, 6.5221 ], [ 2.25561, 6.52211 ], [ 2.25597, 6.52247 ], [ 2.25642, 6.52229 ], [ 2.25579, 6.52147 ], [ 2.25479, 6.5212 ], [ 2.25443, 6.52066 ], [ 2.25398, 6.52075 ], [ 2.25389, 6.51975 ], [ 2.25299, 6.51984 ], [ 2.2528, 6.52056 ], [ 2.25217, 6.52083 ], [ 2.25244, 6.52237 ], [ 2.25163, 6.52282 ], [ 2.25208, 6.524 ], [ 2.25253, 6.52301 ], [ 2.25289, 6.52373 ], [ 2.25244, 6.52373 ], [ 2.25235, 6.52409 ], [ 2.2528, 6.52436 ] ] ], [ [ [ 2.2642, 6.52366 ], [ 2.26619, 6.52257 ], [ 2.26547, 6.52194 ], [ 2.26411, 6.52257 ], [ 2.26456, 6.52302 ], [ 2.2642, 6.52366 ] ] ], [ [ [ 2.28867, 6.35614 ], [ 2.2884, 6.35542 ], [ 2.28903, 6.35578 ], [ 2.29139, 6.3556 ], [ 2.29238, 6.35479 ], [ 2.29148, 6.35389 ], [ 2.2894, 6.35406 ], [ 2.2894, 6.35343 ], [ 2.28886, 6.35289 ], [ 2.2885, 6.35307 ], [ 2.28868, 6.35361 ], [ 2.28895, 6.35352 ], [ 2.28886, 6.35388 ], [ 2.28777, 6.35334 ], [ 2.28578, 6.35352 ], [ 2.28578, 6.35605 ], [ 2.28732, 6.35587 ], [ 2.28831, 6.35669 ], [ 2.28867, 6.35614 ] ] ], [ [ [ 2.31417, 6.35591 ], [ 2.31481, 6.35473 ], [ 2.31327, 6.35382 ], [ 2.31282, 6.35391 ], [ 2.31228, 6.35491 ], [ 2.31237, 6.35545 ], [ 2.31345, 6.35627 ], [ 2.31417, 6.35591 ] ] ], [ [ [ 2.3024, 6.36829 ], [ 2.30213, 6.36702 ], [ 2.30295, 6.36693 ], [ 2.30358, 6.3663 ], [ 2.30421, 6.36657 ], [ 2.30484, 6.36747 ], [ 2.30611, 6.36684 ], [ 2.30602, 6.36603 ], [ 2.30539, 6.36558 ], [ 2.30503, 6.36377 ], [ 2.30548, 6.36187 ], [ 2.30711, 6.36033 ], [ 2.30847, 6.36042 ], [ 2.30901, 6.36006 ], [ 2.30892, 6.35952 ], [ 2.30929, 6.35934 ], [ 2.30911, 6.35843 ], [ 2.30956, 6.35744 ], [ 2.30902, 6.35644 ], [ 2.3082, 6.35653 ], [ 2.30712, 6.35581 ], [ 2.30766, 6.35545 ], [ 2.30983, 6.35563 ], [ 2.3101, 6.35518 ], [ 2.30984, 6.354 ], [ 2.30884, 6.35355 ], [ 2.30739, 6.35364 ], [ 2.30694, 6.35336 ], [ 2.30622, 6.35363 ], [ 2.30568, 6.35336 ], [ 2.29926, 6.35317 ], [ 2.29754, 6.35263 ], [ 2.29645, 6.35335 ], [ 2.29546, 6.35516 ], [ 2.29654, 6.35525 ], [ 2.2969, 6.35625 ], [ 2.29609, 6.35624 ], [ 2.29509, 6.35561 ], [ 2.29301, 6.35579 ], [ 2.29347, 6.35497 ], [ 2.29274, 6.35461 ], [ 2.29256, 6.35561 ], [ 2.29139, 6.35615 ], [ 2.29048, 6.35597 ], [ 2.28976, 6.35678 ], [ 2.29039, 6.35777 ], [ 2.28958, 6.35741 ], [ 2.28813, 6.3575 ], [ 2.28795, 6.35831 ], [ 2.28695, 6.3584 ], [ 2.28641, 6.35822 ], [ 2.28677, 6.35768 ], [ 2.2856, 6.35759 ], [ 2.28596, 6.35713 ], [ 2.28551, 6.35695 ], [ 2.2855, 6.36066 ], [ 2.28623, 6.36012 ], [ 2.28596, 6.3594 ], [ 2.28758, 6.3594 ], [ 2.28858, 6.3604 ], [ 2.29129, 6.36076 ], [ 2.29273, 6.3614 ], [ 2.29355, 6.3604 ], [ 2.29138, 6.35977 ], [ 2.29192, 6.35913 ], [ 2.29346, 6.35968 ], [ 2.29409, 6.36076 ], [ 2.29482, 6.36058 ], [ 2.29464, 6.35986 ], [ 2.29834, 6.35996 ], [ 2.30051, 6.35951 ], [ 2.30069, 6.35987 ], [ 2.30232, 6.36032 ], [ 2.30332, 6.36005 ], [ 2.30431, 6.36105 ], [ 2.30431, 6.36214 ], [ 2.30313, 6.36204 ], [ 2.30241, 6.36313 ], [ 2.30322, 6.36349 ], [ 2.30313, 6.36412 ], [ 2.3043, 6.36557 ], [ 2.30168, 6.36593 ], [ 2.30168, 6.3672 ], [ 2.30123, 6.36765 ], [ 2.3024, 6.36829 ] ], [ [ 2.29183, 6.35823 ], [ 2.29048, 6.35777 ], [ 2.29093, 6.3575 ], [ 2.29229, 6.35787 ], [ 2.2931, 6.35769 ], [ 2.29355, 6.35832 ], [ 2.29211, 6.35868 ], [ 2.29183, 6.35823 ] ], [ [ 2.30558, 6.3587 ], [ 2.30468, 6.35807 ], [ 2.30513, 6.35761 ], [ 2.30567, 6.35834 ], [ 2.30612, 6.35834 ], [ 2.30766, 6.35735 ], [ 2.30838, 6.35807 ], [ 2.30829, 6.35843 ], [ 2.30757, 6.3587 ], [ 2.30685, 6.35834 ], [ 2.30558, 6.3587 ] ], [ [ 2.29916, 6.35589 ], [ 2.30061, 6.35544 ], [ 2.30106, 6.35571 ], [ 2.30188, 6.35544 ], [ 2.30396, 6.35571 ], [ 2.30386, 6.35598 ], [ 2.30142, 6.35634 ], [ 2.30115, 6.35634 ], [ 2.30115, 6.35589 ], [ 2.29925, 6.35634 ], [ 2.29898, 6.35625 ], [ 2.29916, 6.35589 ] ] ], [ [ [ 2.30802, 6.36205 ], [ 2.30784, 6.36087 ], [ 2.30648, 6.3616 ], [ 2.30648, 6.36214 ], [ 2.30702, 6.36241 ], [ 2.30802, 6.36205 ] ] ], [ [ [ 2.28495, 6.36419 ], [ 2.2855, 6.36311 ], [ 2.28487, 6.36301 ], [ 2.2845, 6.36202 ], [ 2.28405, 6.36184 ], [ 2.2836, 6.3622 ], [ 2.2836, 6.36392 ], [ 2.28495, 6.36419 ] ] ], [ [ [ 2.29815, 6.36728 ], [ 2.30014, 6.36665 ], [ 2.30023, 6.36611 ], [ 2.30014, 6.3653 ], [ 2.29978, 6.36502 ], [ 2.29806, 6.36575 ], [ 2.2977, 6.36638 ], [ 2.29779, 6.3671 ], [ 2.29815, 6.36728 ] ] ], [ [ [ 2.30104, 6.37344 ], [ 2.30113, 6.37281 ], [ 2.30176, 6.37217 ], [ 2.30176, 6.37172 ], [ 2.30122, 6.37136 ], [ 2.3005, 6.37172 ], [ 2.30059, 6.37226 ], [ 2.30013, 6.37253 ], [ 2.30031, 6.37371 ], [ 2.30104, 6.37344 ] ] ], [ [ [ 2.30185, 6.37407 ], [ 2.30366, 6.37417 ], [ 2.30375, 6.37326 ], [ 2.30429, 6.37272 ], [ 2.30357, 6.37236 ], [ 2.30258, 6.37272 ], [ 2.30248, 6.37326 ], [ 2.30221, 6.37299 ], [ 2.30167, 6.37317 ], [ 2.30149, 6.37362 ], [ 2.30185, 6.37407 ] ] ], [ [ [ 2.29928, 6.40022 ], [ 2.29883, 6.39931 ], [ 2.30037, 6.39958 ], [ 2.30236, 6.39895 ], [ 2.30345, 6.39796 ], [ 2.30372, 6.39841 ], [ 2.30444, 6.39823 ], [ 2.30444, 6.39742 ], [ 2.30544, 6.39733 ], [ 2.30544, 6.39615 ], [ 2.30589, 6.39634 ], [ 2.30598, 6.39706 ], [ 2.30697, 6.39724 ], [ 2.30688, 6.39796 ], [ 2.3077, 6.3986 ], [ 2.30797, 6.39833 ], [ 2.3077, 6.39715 ], [ 2.31086, 6.39734 ], [ 2.3115, 6.39752 ], [ 2.31195, 6.39833 ], [ 2.31303, 6.39815 ], [ 2.31339, 6.39843 ], [ 2.31385, 6.39743 ], [ 2.31602, 6.39752 ], [ 2.31611, 6.3978 ], [ 2.31683, 6.39744 ], [ 2.31855, 6.39771 ], [ 2.32126, 6.39672 ], [ 2.32235, 6.39672 ], [ 2.32181, 6.39708 ], [ 2.32235, 6.39744 ], [ 2.32343, 6.39636 ], [ 2.3247, 6.39654 ], [ 2.32515, 6.39618 ], [ 2.32768, 6.39609 ], [ 2.32814, 6.39646 ], [ 2.3285, 6.39591 ], [ 2.32995, 6.39601 ], [ 2.32994, 6.39673 ], [ 2.33311, 6.39619 ], [ 2.33492, 6.39674 ], [ 2.33863, 6.39638 ], [ 2.3389, 6.39674 ], [ 2.33989, 6.39683 ], [ 2.34224, 6.39611 ], [ 2.34324, 6.39702 ], [ 2.34432, 6.39693 ], [ 2.34496, 6.39774 ], [ 2.34604, 6.39765 ], [ 2.34631, 6.39856 ], [ 2.34721, 6.39965 ], [ 2.34749, 6.39874 ], [ 2.34884, 6.39838 ], [ 2.34966, 6.3992 ], [ 2.35029, 6.3992 ], [ 2.35047, 6.39847 ], [ 2.34957, 6.39811 ], [ 2.34966, 6.39775 ], [ 2.35038, 6.39757 ], [ 2.35129, 6.39811 ], [ 2.35138, 6.39748 ], [ 2.35174, 6.39739 ], [ 2.35165, 6.39712 ], [ 2.3512, 6.39748 ], [ 2.35092, 6.3973 ], [ 2.35138, 6.39639 ], [ 2.35237, 6.3964 ], [ 2.35192, 6.39703 ], [ 2.35255, 6.39775 ], [ 2.35337, 6.39748 ], [ 2.35337, 6.39631 ], [ 2.3531, 6.39622 ], [ 2.35302, 6.38518 ], [ 2.35257, 6.3831 ], [ 2.35221, 6.38301 ], [ 2.35203, 6.38065 ], [ 2.35113, 6.37821 ], [ 2.35113, 6.37685 ], [ 2.35059, 6.37577 ], [ 2.35032, 6.37359 ], [ 2.35005, 6.3735 ], [ 2.34951, 6.36998 ], [ 2.34915, 6.36988 ], [ 2.34861, 6.36636 ], [ 2.34708, 6.36572 ], [ 2.34708, 6.36626 ], [ 2.34599, 6.36608 ], [ 2.34536, 6.36653 ], [ 2.34463, 6.36644 ], [ 2.34364, 6.36798 ], [ 2.34328, 6.36743 ], [ 2.34183, 6.36671 ], [ 2.34111, 6.36743 ], [ 2.3412, 6.36698 ], [ 2.34038, 6.36644 ], [ 2.33839, 6.36625 ], [ 2.33803, 6.36571 ], [ 2.33713, 6.36562 ], [ 2.33695, 6.36507 ], [ 2.33641, 6.36598 ], [ 2.33722, 6.36761 ], [ 2.33658, 6.36797 ], [ 2.33604, 6.36951 ], [ 2.3355, 6.36842 ], [ 2.3345, 6.36869 ], [ 2.33414, 6.36806 ], [ 2.33288, 6.36805 ], [ 2.33152, 6.36914 ], [ 2.33043, 6.36914 ], [ 2.32989, 6.36968 ], [ 2.3288, 6.36959 ], [ 2.32817, 6.36904 ], [ 2.32654, 6.37049 ], [ 2.32537, 6.37013 ], [ 2.32446, 6.37085 ], [ 2.3232, 6.37057 ], [ 2.32275, 6.36994 ], [ 2.32175, 6.36985 ], [ 2.32211, 6.36931 ], [ 2.32175, 6.36849 ], [ 2.32076, 6.3684 ], [ 2.32013, 6.36777 ], [ 2.32058, 6.36641 ], [ 2.32049, 6.36569 ], [ 2.32022, 6.36587 ], [ 2.32049, 6.36623 ], [ 2.32004, 6.36641 ], [ 2.31959, 6.36587 ], [ 2.31986, 6.36469 ], [ 2.3195, 6.36496 ], [ 2.31886, 6.36478 ], [ 2.31805, 6.36369 ], [ 2.3176, 6.36396 ], [ 2.31796, 6.3646 ], [ 2.31787, 6.36604 ], [ 2.31814, 6.36677 ], [ 2.31859, 6.36668 ], [ 2.31913, 6.36722 ], [ 2.31886, 6.36939 ], [ 2.31831, 6.36948 ], [ 2.31759, 6.37057 ], [ 2.31696, 6.3702 ], [ 2.3165, 6.37129 ], [ 2.31551, 6.37147 ], [ 2.31442, 6.37074 ], [ 2.31497, 6.37065 ], [ 2.31569, 6.36939 ], [ 2.31669, 6.36984 ], [ 2.31678, 6.36912 ], [ 2.31605, 6.36894 ], [ 2.31569, 6.36921 ], [ 2.31506, 6.36776 ], [ 2.31325, 6.36721 ], [ 2.3119, 6.36721 ], [ 2.31126, 6.36766 ], [ 2.31171, 6.36902 ], [ 2.31289, 6.37002 ], [ 2.31271, 6.37074 ], [ 2.30999, 6.37056 ], [ 2.30837, 6.36947 ], [ 2.30782, 6.36983 ], [ 2.30773, 6.37055 ], [ 2.30846, 6.37137 ], [ 2.31017, 6.37146 ], [ 2.3109, 6.37237 ], [ 2.30882, 6.37182 ], [ 2.3071, 6.37236 ], [ 2.30782, 6.37128 ], [ 2.30683, 6.37128 ], [ 2.30665, 6.37055 ], [ 2.30629, 6.37055 ], [ 2.30592, 6.37146 ], [ 2.30574, 6.37046 ], [ 2.30629, 6.3701 ], [ 2.30638, 6.36874 ], [ 2.30511, 6.36775 ], [ 2.30457, 6.36829 ], [ 2.30475, 6.36974 ], [ 2.30448, 6.37001 ], [ 2.30403, 6.37001 ], [ 2.30357, 6.36946 ], [ 2.30267, 6.36991 ], [ 2.30204, 6.36946 ], [ 2.30177, 6.36982 ], [ 2.30158, 6.37046 ], [ 2.30195, 6.37073 ], [ 2.30294, 6.37028 ], [ 2.30375, 6.37145 ], [ 2.30457, 6.371 ], [ 2.30556, 6.37137 ], [ 2.30601, 6.37308 ], [ 2.30438, 6.37308 ], [ 2.3042, 6.37453 ], [ 2.30447, 6.3748 ], [ 2.30628, 6.37453 ], [ 2.30682, 6.37562 ], [ 2.30782, 6.37553 ], [ 2.30791, 6.37616 ], [ 2.30718, 6.37661 ], [ 2.30718, 6.37707 ], [ 2.30818, 6.37797 ], [ 2.30917, 6.37788 ], [ 2.30935, 6.37924 ], [ 2.30799, 6.37924 ], [ 2.30781, 6.37987 ], [ 2.30627, 6.37906 ], [ 2.30465, 6.37942 ], [ 2.30429, 6.37851 ], [ 2.30465, 6.37788 ], [ 2.30456, 6.37697 ], [ 2.30366, 6.37652 ], [ 2.30293, 6.37697 ], [ 2.30302, 6.37806 ], [ 2.30365, 6.37824 ], [ 2.30365, 6.3786 ], [ 2.30194, 6.37796 ], [ 2.30148, 6.37842 ], [ 2.30076, 6.37832 ], [ 2.30058, 6.37878 ], [ 2.29985, 6.37869 ], [ 2.29949, 6.37968 ], [ 2.29895, 6.37914 ], [ 2.29931, 6.37878 ], [ 2.29841, 6.37896 ], [ 2.29814, 6.37796 ], [ 2.29859, 6.37787 ], [ 2.29895, 6.3785 ], [ 2.30031, 6.37805 ], [ 2.29995, 6.37624 ], [ 2.29859, 6.37633 ], [ 2.29832, 6.37597 ], [ 2.2966, 6.37624 ], [ 2.29615, 6.37488 ], [ 2.29579, 6.37533 ], [ 2.29606, 6.37615 ], [ 2.29434, 6.37678 ], [ 2.29425, 6.37714 ], [ 2.29542, 6.37796 ], [ 2.29615, 6.37778 ], [ 2.29633, 6.3785 ], [ 2.29416, 6.37904 ], [ 2.29298, 6.37877 ], [ 2.29235, 6.37822 ], [ 2.29271, 6.37768 ], [ 2.29262, 6.37623 ], [ 2.29308, 6.37551 ], [ 2.29253, 6.37515 ], [ 2.29245, 6.37442 ], [ 2.29281, 6.37388 ], [ 2.29209, 6.3718 ], [ 2.29245, 6.37171 ], [ 2.29281, 6.37216 ], [ 2.29381, 6.37198 ], [ 2.29435, 6.37081 ], [ 2.2939, 6.36945 ], [ 2.29453, 6.36918 ], [ 2.29444, 6.368 ], [ 2.29372, 6.368 ], [ 2.29345, 6.36692 ], [ 2.29246, 6.36719 ], [ 2.29164, 6.36628 ], [ 2.29083, 6.36646 ], [ 2.28947, 6.36745 ], [ 2.2901, 6.36872 ], [ 2.28856, 6.3689 ], [ 2.28802, 6.36836 ], [ 2.28766, 6.36664 ], [ 2.28613, 6.36682 ], [ 2.28577, 6.36582 ], [ 2.2854, 6.36573 ], [ 2.28495, 6.36618 ], [ 2.28432, 6.36518 ], [ 2.28296, 6.36518 ], [ 2.28215, 6.36446 ], [ 2.28106, 6.36464 ], [ 2.28052, 6.36418 ], [ 2.27962, 6.36527 ], [ 2.27907, 6.36527 ], [ 2.27916, 6.36653 ], [ 2.27835, 6.36653 ], [ 2.2788, 6.36681 ], [ 2.27862, 6.36717 ], [ 2.27898, 6.36726 ], [ 2.27907, 6.3678 ], [ 2.28007, 6.36762 ], [ 2.27988, 6.36825 ], [ 2.2807, 6.36835 ], [ 2.2807, 6.36862 ], [ 2.27979, 6.36889 ], [ 2.27979, 6.36925 ], [ 2.28033, 6.36943 ], [ 2.28024, 6.37006 ], [ 2.27979, 6.37006 ], [ 2.27934, 6.36907 ], [ 2.27862, 6.3687 ], [ 2.27835, 6.36825 ], [ 2.27853, 6.36735 ], [ 2.27817, 6.36735 ], [ 2.2779, 6.36798 ], [ 2.27735, 6.36789 ], [ 2.27772, 6.3668 ], [ 2.27817, 6.36653 ], [ 2.27781, 6.36635 ], [ 2.27545, 6.36861 ], [ 2.27437, 6.36906 ], [ 2.27364, 6.37024 ], [ 2.27337, 6.36987 ], [ 2.27065, 6.37249 ], [ 2.2693, 6.37285 ], [ 2.27038, 6.37367 ], [ 2.27111, 6.37358 ], [ 2.27138, 6.37412 ], [ 2.27147, 6.37367 ], [ 2.27165, 6.37367 ], [ 2.27165, 6.3743 ], [ 2.2693, 6.3743 ], [ 2.26875, 6.37484 ], [ 2.26821, 6.37439 ], [ 2.26758, 6.37448 ], [ 2.26703, 6.37574 ], [ 2.26748, 6.37683 ], [ 2.2673, 6.37765 ], [ 2.26631, 6.37755 ], [ 2.26586, 6.37692 ], [ 2.26558, 6.37837 ], [ 2.26495, 6.37873 ], [ 2.26477, 6.37782 ], [ 2.26396, 6.37683 ], [ 2.26414, 6.37637 ], [ 2.26477, 6.37701 ], [ 2.2654, 6.37665 ], [ 2.26486, 6.37511 ], [ 2.26414, 6.3752 ], [ 2.26378, 6.37583 ], [ 2.26305, 6.37601 ], [ 2.26468, 6.37945 ], [ 2.26558, 6.38045 ], [ 2.26576, 6.38144 ], [ 2.27136, 6.3857 ], [ 2.27072, 6.38833 ], [ 2.27081, 6.38959 ], [ 2.26936, 6.39276 ], [ 2.26936, 6.39384 ], [ 2.26999, 6.3952 ], [ 2.2708, 6.39493 ], [ 2.27125, 6.39565 ], [ 2.27198, 6.39547 ], [ 2.2727, 6.3962 ], [ 2.27361, 6.3953 ], [ 2.27415, 6.39521 ], [ 2.2746, 6.39403 ], [ 2.27542, 6.39367 ], [ 2.27632, 6.39385 ], [ 2.27641, 6.39295 ], [ 2.27723, 6.39286 ], [ 2.27723, 6.39222 ], [ 2.27822, 6.39195 ], [ 2.27741, 6.39141 ], [ 2.2775, 6.39078 ], [ 2.27669, 6.3906 ], [ 2.27732, 6.38942 ], [ 2.27777, 6.38978 ], [ 2.27804, 6.39087 ], [ 2.27886, 6.39105 ], [ 2.27931, 6.39205 ], [ 2.27913, 6.39259 ], [ 2.27795, 6.39286 ], [ 2.27822, 6.39331 ], [ 2.27786, 6.39376 ], [ 2.27804, 6.39422 ], [ 2.2784, 6.39385 ], [ 2.27894, 6.39395 ], [ 2.28084, 6.39522 ], [ 2.28093, 6.39476 ], [ 2.28138, 6.39467 ], [ 2.28202, 6.39531 ], [ 2.28292, 6.39504 ], [ 2.28437, 6.39631 ], [ 2.28554, 6.39567 ], [ 2.29043, 6.39604 ], [ 2.29079, 6.39668 ], [ 2.29377, 6.39894 ], [ 2.29675, 6.39831 ], [ 2.29793, 6.39877 ], [ 2.29811, 6.3994 ], [ 2.29847, 6.3994 ], [ 2.29829, 6.40003 ], [ 2.29856, 6.40031 ], [ 2.29928, 6.40022 ] ], [ [ 2.29567, 6.39677 ], [ 2.29558, 6.39623 ], [ 2.29531, 6.39641 ], [ 2.29459, 6.39605 ], [ 2.29477, 6.39496 ], [ 2.29414, 6.39487 ], [ 2.29378, 6.39397 ], [ 2.29405, 6.39342 ], [ 2.29558, 6.39334 ], [ 2.29604, 6.39288 ], [ 2.29604, 6.39388 ], [ 2.29766, 6.39424 ], [ 2.29748, 6.39479 ], [ 2.29784, 6.39551 ], [ 2.29748, 6.39705 ], [ 2.29721, 6.39659 ], [ 2.29639, 6.39705 ], [ 2.29567, 6.39677 ] ], [ [ 2.34452, 6.38444 ], [ 2.3428, 6.38354 ], [ 2.3428, 6.38254 ], [ 2.34362, 6.383 ], [ 2.34452, 6.38444 ] ], [ [ 2.3193, 6.37871 ], [ 2.31758, 6.37871 ], [ 2.31758, 6.37844 ], [ 2.31794, 6.3779 ], [ 2.32056, 6.37808 ], [ 2.32056, 6.37862 ], [ 2.32002, 6.37907 ], [ 2.31957, 6.37916 ], [ 2.3193, 6.37871 ] ], [ [ 2.29208, 6.37877 ], [ 2.29009, 6.3784 ], [ 2.28964, 6.37786 ], [ 2.28855, 6.37767 ], [ 2.28828, 6.37731 ], [ 2.28765, 6.3774 ], [ 2.28666, 6.3765 ], [ 2.28702, 6.37604 ], [ 2.28666, 6.37541 ], [ 2.2891, 6.37559 ], [ 2.29109, 6.37641 ], [ 2.29109, 6.37705 ], [ 2.29172, 6.3775 ], [ 2.29208, 6.37877 ] ], [ [ 2.27933, 6.37477 ], [ 2.27743, 6.3744 ], [ 2.27807, 6.37368 ], [ 2.2778, 6.37323 ], [ 2.27879, 6.37269 ], [ 2.27807, 6.37223 ], [ 2.27816, 6.37196 ], [ 2.27979, 6.37223 ], [ 2.27934, 6.37269 ], [ 2.27961, 6.3735 ], [ 2.27897, 6.3735 ], [ 2.27906, 6.37395 ], [ 2.2825, 6.3745 ], [ 2.28205, 6.37504 ], [ 2.28006, 6.37477 ], [ 2.2796, 6.37522 ], [ 2.27933, 6.37477 ] ], [ [ 2.27391, 6.3744 ], [ 2.27174, 6.37358 ], [ 2.27337, 6.37331 ], [ 2.27454, 6.37367 ], [ 2.27391, 6.3744 ] ] ], [ [ [ 2.26929, 6.50159 ], [ 2.26939, 6.50087 ], [ 2.27011, 6.50096 ], [ 2.26966, 6.5005 ], [ 2.2702, 6.50005 ], [ 2.27084, 6.49843 ], [ 2.27011, 6.49842 ], [ 2.27002, 6.49888 ], [ 2.26903, 6.49924 ], [ 2.26857, 6.49996 ], [ 2.26731, 6.49978 ], [ 2.2674, 6.50014 ], [ 2.26794, 6.50023 ], [ 2.26803, 6.50086 ], [ 2.26911, 6.50087 ], [ 2.26875, 6.50168 ], [ 2.26957, 6.50204 ], [ 2.26966, 6.50168 ], [ 2.26929, 6.50159 ] ] ], [ [ [ 2.26721, 6.50385 ], [ 2.26875, 6.50276 ], [ 2.26839, 6.50258 ], [ 2.26875, 6.50177 ], [ 2.26821, 6.50159 ], [ 2.26776, 6.50195 ], [ 2.26776, 6.50123 ], [ 2.26694, 6.50104 ], [ 2.26622, 6.50131 ], [ 2.26622, 6.50068 ], [ 2.26577, 6.50059 ], [ 2.26568, 6.50104 ], [ 2.26613, 6.50158 ], [ 2.26676, 6.5015 ], [ 2.26658, 6.50222 ], [ 2.26721, 6.50385 ] ] ], [ [ [ 2.33355, 6.61386 ], [ 2.3321, 6.61341 ], [ 2.33192, 6.61395 ], [ 2.3312, 6.61395 ], [ 2.33065, 6.61503 ], [ 2.33083, 6.6153 ], [ 2.3302, 6.61485 ], [ 2.32975, 6.61367 ], [ 2.32893, 6.61376 ], [ 2.32975, 6.6144 ], [ 2.32966, 6.61494 ], [ 2.33002, 6.61512 ], [ 2.33011, 6.61585 ], [ 2.32965, 6.61612 ], [ 2.32893, 6.61467 ], [ 2.3283, 6.61485 ], [ 2.32767, 6.61439 ], [ 2.32758, 6.61331 ], [ 2.32703, 6.61322 ], [ 2.32676, 6.61258 ], [ 2.32595, 6.61304 ], [ 2.32595, 6.61231 ], [ 2.32532, 6.6124 ], [ 2.32477, 6.6133 ], [ 2.32486, 6.61403 ], [ 2.32378, 6.61394 ], [ 2.32314, 6.61258 ], [ 2.32486, 6.61249 ], [ 2.32505, 6.61195 ], [ 2.3255, 6.61204 ], [ 2.32559, 6.61177 ], [ 2.32486, 6.61177 ], [ 2.32477, 6.6115 ], [ 2.32505, 6.61068 ], [ 2.32541, 6.61141 ], [ 2.32695, 6.61231 ], [ 2.32713, 6.61159 ], [ 2.32867, 6.61132 ], [ 2.32885, 6.61051 ], [ 2.32921, 6.61051 ], [ 2.33002, 6.6115 ], [ 2.32903, 6.6115 ], [ 2.32749, 6.61222 ], [ 2.32776, 6.61331 ], [ 2.32848, 6.61322 ], [ 2.32875, 6.61295 ], [ 2.32857, 6.6125 ], [ 2.32912, 6.61259 ], [ 2.32902, 6.6134 ], [ 2.32975, 6.61349 ], [ 2.33011, 6.61322 ], [ 2.33074, 6.61349 ], [ 2.33138, 6.6125 ], [ 2.33219, 6.61304 ], [ 2.33264, 6.61268 ], [ 2.33337, 6.61277 ], [ 2.334, 6.61232 ], [ 2.33409, 6.6116 ], [ 2.33355, 6.61105 ], [ 2.33337, 6.60979 ], [ 2.33364, 6.60943 ], [ 2.33247, 6.60915 ], [ 2.33274, 6.60825 ], [ 2.33247, 6.60771 ], [ 2.33328, 6.60725 ], [ 2.33401, 6.60762 ], [ 2.33473, 6.60735 ], [ 2.33537, 6.60653 ], [ 2.33482, 6.60581 ], [ 2.33573, 6.60572 ], [ 2.33564, 6.60617 ], [ 2.33609, 6.60644 ], [ 2.33727, 6.60572 ], [ 2.33835, 6.60563 ], [ 2.33772, 6.604 ], [ 2.33836, 6.60437 ], [ 2.33935, 6.60392 ], [ 2.33935, 6.60491 ], [ 2.34052, 6.60582 ], [ 2.34098, 6.60717 ], [ 2.34161, 6.60736 ], [ 2.34161, 6.60672 ], [ 2.34197, 6.60681 ], [ 2.34179, 6.60754 ], [ 2.34206, 6.6079 ], [ 2.34161, 6.60835 ], [ 2.34323, 6.6089 ], [ 2.34242, 6.6098 ], [ 2.34151, 6.60962 ], [ 2.34134, 6.60835 ], [ 2.34079, 6.60844 ], [ 2.3398, 6.60925 ], [ 2.34016, 6.61061 ], [ 2.33934, 6.61133 ], [ 2.34015, 6.61197 ], [ 2.34124, 6.61088 ], [ 2.3416, 6.61098 ], [ 2.34169, 6.61134 ], [ 2.3407, 6.61242 ], [ 2.34124, 6.61342 ], [ 2.34124, 6.61396 ], [ 2.34079, 6.61405 ], [ 2.34069, 6.6145 ], [ 2.34106, 6.61505 ], [ 2.34142, 6.61496 ], [ 2.34196, 6.61333 ], [ 2.34115, 6.61215 ], [ 2.34178, 6.61215 ], [ 2.3426, 6.61324 ], [ 2.34178, 6.61523 ], [ 2.34259, 6.61541 ], [ 2.34332, 6.61613 ], [ 2.34295, 6.61695 ], [ 2.34241, 6.61622 ], [ 2.34096, 6.61722 ], [ 2.34051, 6.61658 ], [ 2.34006, 6.61713 ], [ 2.33951, 6.61685 ], [ 2.33924, 6.61712 ], [ 2.33933, 6.61812 ], [ 2.33816, 6.61721 ], [ 2.33843, 6.61803 ], [ 2.33788, 6.61848 ], [ 2.33761, 6.62074 ], [ 2.33824, 6.62074 ], [ 2.33888, 6.62011 ], [ 2.33942, 6.62074 ], [ 2.34069, 6.62084 ], [ 2.34123, 6.62129 ], [ 2.34095, 6.62264 ], [ 2.3415, 6.62292 ], [ 2.34159, 6.6221 ], [ 2.34222, 6.62174 ], [ 2.34231, 6.6212 ], [ 2.34195, 6.62038 ], [ 2.34186, 6.62093 ], [ 2.3415, 6.62102 ], [ 2.34042, 6.62002 ], [ 2.34042, 6.61948 ], [ 2.34123, 6.61857 ], [ 2.34186, 6.6193 ], [ 2.34241, 6.61912 ], [ 2.34268, 6.61957 ], [ 2.34449, 6.62003 ], [ 2.34476, 6.62075 ], [ 2.34412, 6.62138 ], [ 2.34512, 6.62166 ], [ 2.34548, 6.62075 ], [ 2.34485, 6.61975 ], [ 2.34539, 6.61967 ], [ 2.34548, 6.61849 ], [ 2.34648, 6.61804 ], [ 2.34693, 6.61713 ], [ 2.34522, 6.61641 ], [ 2.34612, 6.61587 ], [ 2.34666, 6.61605 ], [ 2.34693, 6.61677 ], [ 2.34775, 6.61668 ], [ 2.34838, 6.61614 ], [ 2.34947, 6.61632 ], [ 2.34956, 6.61659 ], [ 2.34856, 6.61677 ], [ 2.34892, 6.6175 ], [ 2.34956, 6.61714 ], [ 2.34947, 6.61795 ], [ 2.35019, 6.61741 ], [ 2.35001, 6.61678 ], [ 2.35055, 6.61632 ], [ 2.352, 6.61669 ], [ 2.35209, 6.61696 ], [ 2.35119, 6.61723 ], [ 2.35118, 6.61759 ], [ 2.35091, 6.61696 ], [ 2.35055, 6.61723 ], [ 2.35064, 6.6185 ], [ 2.35164, 6.61832 ], [ 2.35155, 6.61895 ], [ 2.35091, 6.61868 ], [ 2.35064, 6.61904 ], [ 2.35109, 6.62013 ], [ 2.35191, 6.61967 ], [ 2.352, 6.6204 ], [ 2.35281, 6.61995 ], [ 2.35326, 6.62049 ], [ 2.35335, 6.61977 ], [ 2.35408, 6.6195 ], [ 2.35363, 6.61895 ], [ 2.35471, 6.61859 ], [ 2.3548, 6.61805 ], [ 2.35507, 6.61814 ], [ 2.3548, 6.61859 ], [ 2.35598, 6.61932 ], [ 2.35679, 6.61923 ], [ 2.35661, 6.6185 ], [ 2.35616, 6.61832 ], [ 2.35688, 6.61805 ], [ 2.35697, 6.61968 ], [ 2.35733, 6.61986 ], [ 2.35797, 6.61805 ], [ 2.35851, 6.61796 ], [ 2.35888, 6.61742 ], [ 2.35933, 6.61742 ], [ 2.35978, 6.6186 ], [ 2.36041, 6.61851 ], [ 2.36059, 6.61769 ], [ 2.35987, 6.61787 ], [ 2.35942, 6.61643 ], [ 2.35879, 6.61606 ], [ 2.35978, 6.61498 ], [ 2.36042, 6.61543 ], [ 2.36024, 6.61462 ], [ 2.36105, 6.61444 ], [ 2.3606, 6.61326 ], [ 2.36096, 6.61299 ], [ 2.36142, 6.61109 ], [ 2.36232, 6.61127 ], [ 2.36268, 6.61245 ], [ 2.36304, 6.612 ], [ 2.3635, 6.61236 ], [ 2.3644, 6.61209 ], [ 2.36431, 6.61119 ], [ 2.36377, 6.61046 ], [ 2.36449, 6.61001 ], [ 2.36477, 6.60892 ], [ 2.3654, 6.60893 ], [ 2.36486, 6.60793 ], [ 2.36531, 6.60766 ], [ 2.36585, 6.60829 ], [ 2.36577, 6.60576 ], [ 2.36622, 6.60576 ], [ 2.36613, 6.6063 ], [ 2.36658, 6.60576 ], [ 2.36604, 6.60495 ], [ 2.3664, 6.60486 ], [ 2.36685, 6.60531 ], [ 2.36731, 6.60486 ], [ 2.36776, 6.60558 ], [ 2.36694, 6.60585 ], [ 2.36685, 6.60657 ], [ 2.3664, 6.60676 ], [ 2.36649, 6.60712 ], [ 2.3673, 6.60712 ], [ 2.36721, 6.6082 ], [ 2.36748, 6.60848 ], [ 2.36775, 6.6083 ], [ 2.36748, 6.60721 ], [ 2.36821, 6.60703 ], [ 2.36866, 6.6073 ], [ 2.36857, 6.60649 ], [ 2.36767, 6.60658 ], [ 2.36767, 6.60621 ], [ 2.36812, 6.60603 ], [ 2.36794, 6.60558 ], [ 2.36839, 6.6054 ], [ 2.36812, 6.60486 ], [ 2.36848, 6.6045 ], [ 2.3674, 6.60404 ], [ 2.36857, 6.60404 ], [ 2.36875, 6.6045 ], [ 2.36921, 6.60432 ], [ 2.36966, 6.60287 ], [ 2.36948, 6.60169 ], [ 2.36876, 6.60151 ], [ 2.36885, 6.60097 ], [ 2.36822, 6.60079 ], [ 2.36876, 6.60178 ], [ 2.36803, 6.60214 ], [ 2.36731, 6.60088 ], [ 2.36776, 6.59961 ], [ 2.36722, 6.59925 ], [ 2.36586, 6.60006 ], [ 2.36604, 6.60133 ], [ 2.3655, 6.6006 ], [ 2.36523, 6.6006 ], [ 2.36505, 6.60142 ], [ 2.36378, 6.60123 ], [ 2.36396, 6.60051 ], [ 2.36333, 6.60024 ], [ 2.3636, 6.5997 ], [ 2.36469, 6.59997 ], [ 2.36541, 6.59952 ], [ 2.36514, 6.59906 ], [ 2.36532, 6.59843 ], [ 2.36596, 6.59825 ], [ 2.36541, 6.59771 ], [ 2.36542, 6.59735 ], [ 2.36551, 6.59762 ], [ 2.36614, 6.59735 ], [ 2.36722, 6.5978 ], [ 2.36795, 6.59771 ], [ 2.36768, 6.59744 ], [ 2.36813, 6.59726 ], [ 2.36804, 6.59789 ], [ 2.36849, 6.59816 ], [ 2.36867, 6.5978 ], [ 2.3694, 6.59798 ], [ 2.36931, 6.59735 ], [ 2.37003, 6.59717 ], [ 2.37021, 6.5978 ], [ 2.37111, 6.59826 ], [ 2.37166, 6.59762 ], [ 2.37066, 6.5969 ], [ 2.37094, 6.59645 ], [ 2.37148, 6.59681 ], [ 2.37265, 6.59672 ], [ 2.37247, 6.59735 ], [ 2.37301, 6.59745 ], [ 2.37338, 6.59708 ], [ 2.37428, 6.59736 ], [ 2.37392, 6.59799 ], [ 2.37446, 6.59889 ], [ 2.37428, 6.59935 ], [ 2.37337, 6.59971 ], [ 2.37274, 6.60124 ], [ 2.37319, 6.60152 ], [ 2.37337, 6.60242 ], [ 2.37446, 6.60278 ], [ 2.37419, 6.60197 ], [ 2.37482, 6.60206 ], [ 2.37527, 6.60179 ], [ 2.37527, 6.60134 ], [ 2.37437, 6.60079 ], [ 2.3741, 6.5998 ], [ 2.37455, 6.59935 ], [ 2.37509, 6.59971 ], [ 2.37555, 6.59944 ], [ 2.375, 6.59862 ], [ 2.3769, 6.59826 ], [ 2.37699, 6.5979 ], [ 2.37654, 6.59799 ], [ 2.37618, 6.59727 ], [ 2.37718, 6.59627 ], [ 2.37673, 6.59582 ], [ 2.37654, 6.59636 ], [ 2.37591, 6.59663 ], [ 2.37591, 6.59618 ], [ 2.3751, 6.59636 ], [ 2.37437, 6.59591 ], [ 2.37446, 6.59654 ], [ 2.37383, 6.59681 ], [ 2.3732, 6.59618 ], [ 2.37247, 6.59636 ], [ 2.37247, 6.59554 ], [ 2.37175, 6.59627 ], [ 2.36922, 6.59563 ], [ 2.36958, 6.59455 ], [ 2.36895, 6.59427 ], [ 2.36922, 6.59346 ], [ 2.36877, 6.59319 ], [ 2.36931, 6.59274 ], [ 2.36967, 6.59373 ], [ 2.36994, 6.59373 ], [ 2.37103, 6.5931 ], [ 2.37076, 6.59238 ], [ 2.37112, 6.59165 ], [ 2.37094, 6.59093 ], [ 2.37176, 6.59075 ], [ 2.37158, 6.5903 ], [ 2.37076, 6.59048 ], [ 2.37049, 6.59002 ], [ 2.3714, 6.59021 ], [ 2.37158, 6.58912 ], [ 2.37212, 6.58876 ], [ 2.37248, 6.5893 ], [ 2.3723, 6.59057 ], [ 2.37266, 6.59057 ], [ 2.37266, 6.59003 ], [ 2.37329, 6.59039 ], [ 2.37339, 6.59003 ], [ 2.37266, 6.58957 ], [ 2.3733, 6.58903 ], [ 2.37393, 6.58921 ], [ 2.37384, 6.58849 ], [ 2.37502, 6.58858 ], [ 2.37502, 6.58804 ], [ 2.37538, 6.58795 ], [ 2.37619, 6.59039 ], [ 2.37646, 6.59048 ], [ 2.37646, 6.59012 ], [ 2.37728, 6.59039 ], [ 2.37691, 6.58985 ], [ 2.37701, 6.58786 ], [ 2.37665, 6.5875 ], [ 2.3761, 6.58777 ], [ 2.37592, 6.58695 ], [ 2.3752, 6.58614 ], [ 2.37484, 6.58623 ], [ 2.37457, 6.58659 ], [ 2.37484, 6.58695 ], [ 2.37429, 6.58731 ], [ 2.37411, 6.58704 ], [ 2.37448, 6.58659 ], [ 2.37402, 6.58623 ], [ 2.37348, 6.5865 ], [ 2.37348, 6.5874 ], [ 2.37294, 6.58686 ], [ 2.37203, 6.58695 ], [ 2.37221, 6.58614 ], [ 2.37203, 6.58586 ], [ 2.3714, 6.58677 ], [ 2.37086, 6.58677 ], [ 2.37076, 6.58794 ], [ 2.3704, 6.58803 ], [ 2.37059, 6.58704 ], [ 2.36986, 6.5864 ], [ 2.37032, 6.58532 ], [ 2.37249, 6.58559 ], [ 2.37267, 6.5865 ], [ 2.37321, 6.58668 ], [ 2.37357, 6.58596 ], [ 2.37285, 6.58559 ], [ 2.37312, 6.58532 ], [ 2.3724, 6.58505 ], [ 2.3724, 6.58469 ], [ 2.37303, 6.58387 ], [ 2.37366, 6.58397 ], [ 2.37376, 6.5836 ], [ 2.37222, 6.58333 ], [ 2.37131, 6.58369 ], [ 2.37149, 6.58297 ], [ 2.37095, 6.58233 ], [ 2.36978, 6.58279 ], [ 2.36951, 6.58242 ], [ 2.37014, 6.5817 ], [ 2.36915, 6.58043 ], [ 2.36869, 6.58134 ], [ 2.36896, 6.5817 ], [ 2.36815, 6.58188 ], [ 2.36734, 6.58124 ], [ 2.36679, 6.58161 ], [ 2.36625, 6.58133 ], [ 2.36725, 6.58025 ], [ 2.36634, 6.5807 ], [ 2.36607, 6.58007 ], [ 2.3658, 6.58025 ], [ 2.36508, 6.57988 ], [ 2.36517, 6.57925 ], [ 2.36598, 6.57844 ], [ 2.36598, 6.57771 ], [ 2.36752, 6.57654 ], [ 2.36662, 6.57545 ], [ 2.36571, 6.57627 ], [ 2.36544, 6.57608 ], [ 2.36553, 6.57527 ], [ 2.36599, 6.57509 ], [ 2.36572, 6.57491 ], [ 2.36599, 6.5741 ], [ 2.36499, 6.57364 ], [ 2.36508, 6.57328 ], [ 2.36554, 6.57346 ], [ 2.36581, 6.57274 ], [ 2.36581, 6.57201 ], [ 2.36527, 6.57156 ], [ 2.36608, 6.57192 ], [ 2.3669, 6.57057 ], [ 2.36726, 6.57048 ], [ 2.36699, 6.57174 ], [ 2.36771, 6.57274 ], [ 2.36716, 6.57319 ], [ 2.36689, 6.57238 ], [ 2.36626, 6.57238 ], [ 2.36617, 6.57428 ], [ 2.36689, 6.57455 ], [ 2.36689, 6.57373 ], [ 2.36762, 6.57392 ], [ 2.36761, 6.57509 ], [ 2.36716, 6.57545 ], [ 2.36734, 6.57573 ], [ 2.36789, 6.57573 ], [ 2.36789, 6.57536 ], [ 2.36834, 6.57555 ], [ 2.36843, 6.57627 ], [ 2.36915, 6.57699 ], [ 2.36806, 6.57772 ], [ 2.36806, 6.57799 ], [ 2.36879, 6.57781 ], [ 2.36806, 6.57871 ], [ 2.3687, 6.57898 ], [ 2.36897, 6.57971 ], [ 2.36951, 6.57962 ], [ 2.36987, 6.58043 ], [ 2.37023, 6.58016 ], [ 2.37014, 6.57944 ], [ 2.36933, 6.57889 ], [ 2.36915, 6.57808 ], [ 2.36933, 6.57745 ], [ 2.36969, 6.57763 ], [ 2.36942, 6.57645 ], [ 2.36987, 6.57627 ], [ 2.36988, 6.57591 ], [ 2.36906, 6.57356 ], [ 2.36943, 6.57301 ], [ 2.36925, 6.57229 ], [ 2.3697, 6.57157 ], [ 2.36988, 6.57003 ], [ 2.37097, 6.56894 ], [ 2.37097, 6.56849 ], [ 2.37043, 6.56858 ], [ 2.36943, 6.57075 ], [ 2.36898, 6.57039 ], [ 2.36907, 6.56976 ], [ 2.36807, 6.56912 ], [ 2.36862, 6.5684 ], [ 2.36826, 6.56795 ], [ 2.36898, 6.56804 ], [ 2.36943, 6.56912 ], [ 2.36979, 6.56903 ], [ 2.3697, 6.56858 ], [ 2.37025, 6.56867 ], [ 2.37016, 6.56795 ], [ 2.36952, 6.56759 ], [ 2.3698, 6.56695 ], [ 2.37052, 6.56759 ], [ 2.37052, 6.56451 ], [ 2.36989, 6.56361 ], [ 2.37071, 6.56288 ], [ 2.36998, 6.56279 ], [ 2.36998, 6.56243 ], [ 2.37089, 6.56252 ], [ 2.37134, 6.56216 ], [ 2.37134, 6.5618 ], [ 2.37071, 6.56144 ], [ 2.37116, 6.56017 ], [ 2.37044, 6.55999 ], [ 2.37071, 6.55836 ], [ 2.37008, 6.55809 ], [ 2.37071, 6.55727 ], [ 2.37008, 6.55718 ], [ 2.36999, 6.55682 ], [ 2.36927, 6.55691 ], [ 2.3689, 6.55646 ], [ 2.36981, 6.5561 ], [ 2.36936, 6.55564 ], [ 2.36981, 6.55456 ], [ 2.37035, 6.55447 ], [ 2.37017, 6.55492 ], [ 2.37081, 6.55519 ], [ 2.37108, 6.55474 ], [ 2.37044, 6.55465 ], [ 2.37054, 6.55393 ], [ 2.36999, 6.55402 ], [ 2.36963, 6.55329 ], [ 2.3699, 6.55293 ], [ 2.36918, 6.55257 ], [ 2.369, 6.55166 ], [ 2.36764, 6.55166 ], [ 2.3671, 6.55139 ], [ 2.36701, 6.55094 ], [ 2.36746, 6.55058 ], [ 2.36846, 6.55094 ], [ 2.36882, 6.55067 ], [ 2.36891, 6.55003 ], [ 2.36973, 6.54949 ], [ 2.37018, 6.54768 ], [ 2.37073, 6.5475 ], [ 2.37172, 6.54615 ], [ 2.37118, 6.54307 ], [ 2.37173, 6.54199 ], [ 2.37137, 6.5409 ], [ 2.37173, 6.54054 ], [ 2.37155, 6.54018 ], [ 2.37227, 6.53873 ], [ 2.37273, 6.53665 ], [ 2.37246, 6.53565 ], [ 2.37309, 6.53547 ], [ 2.37327, 6.53638 ], [ 2.37363, 6.53656 ], [ 2.37445, 6.53529 ], [ 2.37391, 6.53439 ], [ 2.37246, 6.53457 ], [ 2.37255, 6.53394 ], [ 2.37201, 6.53384 ], [ 2.37147, 6.53312 ], [ 2.37174, 6.53086 ], [ 2.37075, 6.52986 ], [ 2.37084, 6.52932 ], [ 2.3703, 6.52923 ], [ 2.37048, 6.52823 ], [ 2.36957, 6.52805 ], [ 2.36912, 6.52606 ], [ 2.37012, 6.52516 ], [ 2.37012, 6.52416 ], [ 2.37076, 6.52344 ], [ 2.37058, 6.52208 ], [ 2.3713, 6.52145 ], [ 2.37239, 6.52136 ], [ 2.37374, 6.52227 ], [ 2.37474, 6.52209 ], [ 2.37483, 6.52245 ], [ 2.37401, 6.52236 ], [ 2.37401, 6.52281 ], [ 2.37492, 6.52353 ], [ 2.37528, 6.52353 ], [ 2.37555, 6.52218 ], [ 2.376, 6.52173 ], [ 2.37538, 6.5172 ], [ 2.37484, 6.51584 ], [ 2.37465, 6.51675 ], [ 2.37511, 6.51711 ], [ 2.3751, 6.51829 ], [ 2.37411, 6.51783 ], [ 2.37411, 6.51847 ], [ 2.37375, 6.51874 ], [ 2.3742, 6.51892 ], [ 2.37411, 6.52 ], [ 2.37275, 6.52064 ], [ 2.37239, 6.52064 ], [ 2.37221, 6.52018 ], [ 2.37148, 6.52045 ], [ 2.37076, 6.51919 ], [ 2.36995, 6.51891 ], [ 2.36859, 6.51719 ], [ 2.36823, 6.51728 ], [ 2.36841, 6.51502 ], [ 2.36787, 6.51511 ], [ 2.36796, 6.5143 ], [ 2.3676, 6.51394 ], [ 2.36824, 6.51285 ], [ 2.36878, 6.51267 ], [ 2.36905, 6.51168 ], [ 2.36941, 6.51168 ], [ 2.36932, 6.51222 ], [ 2.36968, 6.51231 ], [ 2.37095, 6.51104 ], [ 2.37077, 6.50996 ], [ 2.37023, 6.51005 ], [ 2.36896, 6.50941 ], [ 2.36933, 6.50788 ], [ 2.36897, 6.50778 ], [ 2.36888, 6.50724 ], [ 2.36942, 6.5067 ], [ 2.3696, 6.5058 ], [ 2.37042, 6.50571 ], [ 2.37069, 6.50498 ], [ 2.3715, 6.50444 ], [ 2.37186, 6.50444 ], [ 2.3725, 6.50562 ], [ 2.37367, 6.50589 ], [ 2.37376, 6.50671 ], [ 2.37313, 6.50725 ], [ 2.37313, 6.5086 ], [ 2.3724, 6.50878 ], [ 2.37312, 6.51069 ], [ 2.37385, 6.51014 ], [ 2.37412, 6.51032 ], [ 2.37394, 6.51087 ], [ 2.37466, 6.51078 ], [ 2.37575, 6.50933 ], [ 2.37575, 6.5106 ], [ 2.37656, 6.51024 ], [ 2.37683, 6.5115 ], [ 2.37954, 6.5125 ], [ 2.38009, 6.51205 ], [ 2.38009, 6.51133 ], [ 2.38045, 6.51124 ], [ 2.38072, 6.51169 ], [ 2.38154, 6.51033 ], [ 2.38045, 6.50952 ], [ 2.37991, 6.5097 ], [ 2.37982, 6.51024 ], [ 2.37918, 6.50997 ], [ 2.37891, 6.50906 ], [ 2.37801, 6.50852 ], [ 2.3772, 6.50725 ], [ 2.3772, 6.50599 ], [ 2.37883, 6.50599 ], [ 2.37883, 6.5049 ], [ 2.37847, 6.50445 ], [ 2.37738, 6.5049 ], [ 2.37675, 6.50418 ], [ 2.37684, 6.50381 ], [ 2.37738, 6.50418 ], [ 2.37802, 6.50409 ], [ 2.37756, 6.50354 ], [ 2.37802, 6.50309 ], [ 2.37793, 6.50237 ], [ 2.37838, 6.50219 ], [ 2.3782, 6.50146 ], [ 2.37684, 6.50101 ], [ 2.37603, 6.50209 ], [ 2.37512, 6.50209 ], [ 2.37485, 6.50273 ], [ 2.37548, 6.50354 ], [ 2.3753, 6.5039 ], [ 2.37422, 6.5039 ], [ 2.37377, 6.50318 ], [ 2.37196, 6.50372 ], [ 2.3715, 6.50336 ], [ 2.3715, 6.50281 ], [ 2.37205, 6.50254 ], [ 2.37187, 6.50191 ], [ 2.37087, 6.502 ], [ 2.37078, 6.50308 ], [ 2.36997, 6.50263 ], [ 2.36961, 6.502 ], [ 2.3697, 6.50028 ], [ 2.37079, 6.49937 ], [ 2.37124, 6.49811 ], [ 2.36907, 6.49702 ], [ 2.36979, 6.49639 ], [ 2.36961, 6.49575 ], [ 2.36998, 6.49566 ], [ 2.36943, 6.49467 ], [ 2.36862, 6.49503 ], [ 2.36907, 6.49557 ], [ 2.36871, 6.49575 ], [ 2.36699, 6.49485 ], [ 2.36645, 6.4924 ], [ 2.36709, 6.4915 ], [ 2.36609, 6.4915 ], [ 2.36483, 6.48978 ], [ 2.36564, 6.48752 ], [ 2.36619, 6.48724 ], [ 2.36628, 6.48679 ], [ 2.36564, 6.48688 ], [ 2.36537, 6.48625 ], [ 2.36574, 6.48589 ], [ 2.36528, 6.48571 ], [ 2.36538, 6.48489 ], [ 2.36447, 6.48435 ], [ 2.3642, 6.48245 ], [ 2.36357, 6.48208 ], [ 2.3633, 6.48064 ], [ 2.36249, 6.48018 ], [ 2.36177, 6.47883 ], [ 2.36195, 6.47801 ], [ 2.36249, 6.47792 ], [ 2.36213, 6.47602 ], [ 2.36222, 6.47539 ], [ 2.36258, 6.4753 ], [ 2.36204, 6.47485 ], [ 2.36213, 6.47412 ], [ 2.36168, 6.47385 ], [ 2.36168, 6.47313 ], [ 2.36223, 6.47258 ], [ 2.36186, 6.47213 ], [ 2.36205, 6.47059 ], [ 2.36259, 6.47023 ], [ 2.36196, 6.4696 ], [ 2.36259, 6.46951 ], [ 2.36277, 6.46906 ], [ 2.36232, 6.46887 ], [ 2.36223, 6.46734 ], [ 2.36142, 6.46688 ], [ 2.36224, 6.46471 ], [ 2.36178, 6.46426 ], [ 2.36224, 6.46372 ], [ 2.36151, 6.46335 ], [ 2.36151, 6.46263 ], [ 2.36215, 6.46245 ], [ 2.36224, 6.46182 ], [ 2.36179, 6.46173 ], [ 2.36161, 6.46227 ], [ 2.36133, 6.46209 ], [ 2.36161, 6.461 ], [ 2.36206, 6.46082 ], [ 2.36305, 6.46146 ], [ 2.36369, 6.46101 ], [ 2.3636, 6.46028 ], [ 2.36414, 6.46019 ], [ 2.36251, 6.45856 ], [ 2.36215, 6.45738 ], [ 2.36297, 6.45711 ], [ 2.36405, 6.45847 ], [ 2.36432, 6.45847 ], [ 2.36442, 6.45766 ], [ 2.36324, 6.45612 ], [ 2.36315, 6.4554 ], [ 2.36243, 6.45485 ], [ 2.36252, 6.45431 ], [ 2.36171, 6.45304 ], [ 2.36171, 6.45214 ], [ 2.36126, 6.45186 ], [ 2.36153, 6.45114 ], [ 2.36081, 6.4506 ], [ 2.36017, 6.44933 ], [ 2.36036, 6.44825 ], [ 2.36126, 6.44779 ], [ 2.36108, 6.44689 ], [ 2.36, 6.4468 ], [ 2.35946, 6.44607 ], [ 2.35846, 6.44652 ], [ 2.35873, 6.44571 ], [ 2.35846, 6.44598 ], [ 2.35719, 6.4458 ], [ 2.3572, 6.44462 ], [ 2.35674, 6.44417 ], [ 2.35575, 6.44417 ], [ 2.35611, 6.44354 ], [ 2.35431, 6.44154 ], [ 2.35431, 6.44028 ], [ 2.35358, 6.43991 ], [ 2.35422, 6.43874 ], [ 2.35413, 6.43792 ], [ 2.35341, 6.43792 ], [ 2.35305, 6.43693 ], [ 2.35377, 6.43648 ], [ 2.35332, 6.43602 ], [ 2.35422, 6.43648 ], [ 2.3544, 6.43584 ], [ 2.35386, 6.43566 ], [ 2.35377, 6.43512 ], [ 2.35305, 6.4353 ], [ 2.35269, 6.43466 ], [ 2.35305, 6.43394 ], [ 2.35341, 6.43412 ], [ 2.35332, 6.43349 ], [ 2.35404, 6.43331 ], [ 2.35432, 6.43286 ], [ 2.35396, 6.4325 ], [ 2.35314, 6.43258 ], [ 2.35161, 6.43005 ], [ 2.35152, 6.42933 ], [ 2.35206, 6.42906 ], [ 2.35206, 6.42869 ], [ 2.35161, 6.42806 ], [ 2.35152, 6.42634 ], [ 2.35053, 6.42616 ], [ 2.35143, 6.42498 ], [ 2.35116, 6.42444 ], [ 2.3499, 6.42471 ], [ 2.34926, 6.42444 ], [ 2.3489, 6.42353 ], [ 2.34972, 6.42209 ], [ 2.34836, 6.42145 ], [ 2.34882, 6.42055 ], [ 2.34809, 6.41964 ], [ 2.34855, 6.41901 ], [ 2.34791, 6.41892 ], [ 2.34791, 6.41837 ], [ 2.34746, 6.41801 ], [ 2.34773, 6.41711 ], [ 2.34719, 6.41638 ], [ 2.34702, 6.41376 ], [ 2.34729, 6.41222 ], [ 2.34684, 6.41186 ], [ 2.34693, 6.41105 ], [ 2.34747, 6.41032 ], [ 2.3481, 6.41041 ], [ 2.34865, 6.40978 ], [ 2.34702, 6.40915 ], [ 2.34711, 6.4086 ], [ 2.3482, 6.40797 ], [ 2.34802, 6.40725 ], [ 2.34766, 6.40697 ], [ 2.34657, 6.4077 ], [ 2.3463, 6.4067 ], [ 2.34739, 6.40598 ], [ 2.34766, 6.40471 ], [ 2.34739, 6.40462 ], [ 2.34684, 6.40553 ], [ 2.34621, 6.40553 ], [ 2.34603, 6.40444 ], [ 2.34522, 6.40444 ], [ 2.34486, 6.40489 ], [ 2.34504, 6.40417 ], [ 2.34621, 6.40381 ], [ 2.34621, 6.40326 ], [ 2.34477, 6.40335 ], [ 2.34414, 6.40218 ], [ 2.34504, 6.40227 ], [ 2.34513, 6.40181 ], [ 2.34405, 6.40118 ], [ 2.34359, 6.40154 ], [ 2.34224, 6.40127 ], [ 2.34206, 6.40063 ], [ 2.3426, 6.40018 ], [ 2.3426, 6.39937 ], [ 2.34305, 6.3991 ], [ 2.34269, 6.39855 ], [ 2.34324, 6.39774 ], [ 2.34297, 6.3972 ], [ 2.34188, 6.39792 ], [ 2.34116, 6.3991 ], [ 2.33935, 6.39946 ], [ 2.33853, 6.39936 ], [ 2.33826, 6.39891 ], [ 2.33772, 6.39918 ], [ 2.33709, 6.39891 ], [ 2.3369, 6.39954 ], [ 2.33636, 6.39981 ], [ 2.33311, 6.39918 ], [ 2.33302, 6.39827 ], [ 2.33193, 6.3989 ], [ 2.32524, 6.39844 ], [ 2.32144, 6.39934 ], [ 2.3152, 6.39933 ], [ 2.31339, 6.39996 ], [ 2.31194, 6.39978 ], [ 2.31095, 6.40023 ], [ 2.30932, 6.40023 ], [ 2.30788, 6.39896 ], [ 2.30797, 6.3995 ], [ 2.30706, 6.40014 ], [ 2.30579, 6.40032 ], [ 2.3048, 6.40095 ], [ 2.30326, 6.40113 ], [ 2.30127, 6.40067 ], [ 2.30127, 6.40103 ], [ 2.30073, 6.40103 ], [ 2.30064, 6.40067 ], [ 2.3001, 6.40076 ], [ 2.30046, 6.40148 ], [ 2.30118, 6.40158 ], [ 2.29829, 6.40248 ], [ 2.29684, 6.40166 ], [ 2.29675, 6.40076 ], [ 2.29431, 6.40111 ], [ 2.29268, 6.40084 ], [ 2.29151, 6.39957 ], [ 2.29051, 6.39957 ], [ 2.28898, 6.39821 ], [ 2.28807, 6.39866 ], [ 2.285, 6.39821 ], [ 2.28463, 6.39866 ], [ 2.28355, 6.39875 ], [ 2.28319, 6.39802 ], [ 2.2831, 6.39866 ], [ 2.28219, 6.39911 ], [ 2.28102, 6.39811 ], [ 2.28093, 6.39847 ], [ 2.28011, 6.39874 ], [ 2.28029, 6.40001 ], [ 2.28002, 6.40046 ], [ 2.27948, 6.40046 ], [ 2.27957, 6.40109 ], [ 2.27912, 6.401 ], [ 2.2792, 6.40191 ], [ 2.27875, 6.40254 ], [ 2.27947, 6.40263 ], [ 2.27956, 6.40354 ], [ 2.2802, 6.40354 ], [ 2.28164, 6.40517 ], [ 2.28218, 6.40698 ], [ 2.28299, 6.40743 ], [ 2.28326, 6.40906 ], [ 2.28399, 6.40924 ], [ 2.28435, 6.41015 ], [ 2.28498, 6.41051 ], [ 2.28507, 6.41205 ], [ 2.28543, 6.41205 ], [ 2.28552, 6.41151 ], [ 2.28606, 6.41187 ], [ 2.28615, 6.4125 ], [ 2.28697, 6.41341 ], [ 2.28705, 6.41431 ], [ 2.28787, 6.41486 ], [ 2.28778, 6.41549 ], [ 2.28823, 6.4154 ], [ 2.28859, 6.41576 ], [ 2.28814, 6.4163 ], [ 2.28904, 6.41658 ], [ 2.28985, 6.42382 ], [ 2.29093, 6.42508 ], [ 2.2912, 6.4268 ], [ 2.29192, 6.42717 ], [ 2.2912, 6.42762 ], [ 2.29183, 6.42807 ], [ 2.29228, 6.42798 ], [ 2.29255, 6.42843 ], [ 2.29147, 6.42879 ], [ 2.29201, 6.42916 ], [ 2.29164, 6.43042 ], [ 2.29255, 6.43006 ], [ 2.29264, 6.42907 ], [ 2.293, 6.42898 ], [ 2.29363, 6.43133 ], [ 2.29454, 6.43251 ], [ 2.29472, 6.43332 ], [ 2.29688, 6.43577 ], [ 2.29706, 6.4364 ], [ 2.2977, 6.43676 ], [ 2.29824, 6.4383 ], [ 2.29968, 6.43984 ], [ 2.29977, 6.44029 ], [ 2.29923, 6.44075 ], [ 2.29995, 6.44102 ], [ 2.30031, 6.44057 ], [ 2.30049, 6.4422 ], [ 2.3013, 6.44274 ], [ 2.30221, 6.44482 ], [ 2.30284, 6.44546 ], [ 2.30446, 6.44971 ], [ 2.30437, 6.45025 ], [ 2.30401, 6.45016 ], [ 2.30383, 6.45052 ], [ 2.30446, 6.45034 ], [ 2.30491, 6.45071 ], [ 2.305, 6.45116 ], [ 2.30572, 6.45161 ], [ 2.30581, 6.45243 ], [ 2.30654, 6.45342 ], [ 2.30654, 6.45396 ], [ 2.30599, 6.45369 ], [ 2.30527, 6.45478 ], [ 2.30554, 6.45514 ], [ 2.30662, 6.45469 ], [ 2.30699, 6.45487 ], [ 2.30725, 6.45767 ], [ 2.30798, 6.45894 ], [ 2.30824, 6.46102 ], [ 2.30779, 6.46157 ], [ 2.30671, 6.46175 ], [ 2.30544, 6.45939 ], [ 2.3049, 6.45586 ], [ 2.304, 6.45459 ], [ 2.30409, 6.45405 ], [ 2.30364, 6.45378 ], [ 2.30391, 6.45324 ], [ 2.30346, 6.4536 ], [ 2.30292, 6.45251 ], [ 2.3022, 6.45224 ], [ 2.30193, 6.45152 ], [ 2.30238, 6.45115 ], [ 2.3012, 6.4507 ], [ 2.30102, 6.44925 ], [ 2.30057, 6.44889 ], [ 2.30066, 6.44817 ], [ 2.29985, 6.44771 ], [ 2.29949, 6.44672 ], [ 2.29994, 6.44645 ], [ 2.29958, 6.4459 ], [ 2.29904, 6.44599 ], [ 2.29823, 6.44473 ], [ 2.2985, 6.44418 ], [ 2.29796, 6.44418 ], [ 2.29669, 6.44246 ], [ 2.29687, 6.4421 ], [ 2.29615, 6.44128 ], [ 2.29633, 6.44065 ], [ 2.29588, 6.44029 ], [ 2.29588, 6.43948 ], [ 2.29552, 6.43929 ], [ 2.29534, 6.44002 ], [ 2.29426, 6.43929 ], [ 2.29407, 6.43983 ], [ 2.29453, 6.4402 ], [ 2.29425, 6.44074 ], [ 2.29272, 6.43983 ], [ 2.29326, 6.43911 ], [ 2.29389, 6.43929 ], [ 2.29371, 6.43848 ], [ 2.29245, 6.43766 ], [ 2.292, 6.43676 ], [ 2.29082, 6.43576 ], [ 2.29101, 6.43513 ], [ 2.29055, 6.43494 ], [ 2.2901, 6.43341 ], [ 2.28712, 6.43087 ], [ 2.2873, 6.43024 ], [ 2.28649, 6.4296 ], [ 2.2864, 6.42897 ], [ 2.28577, 6.42879 ], [ 2.28613, 6.42788 ], [ 2.28532, 6.42752 ], [ 2.28532, 6.4267 ], [ 2.28478, 6.42616 ], [ 2.28433, 6.42453 ], [ 2.28351, 6.42444 ], [ 2.28342, 6.42498 ], [ 2.28261, 6.42552 ], [ 2.28225, 6.42498 ], [ 2.2817, 6.42498 ], [ 2.28161, 6.42426 ], [ 2.2827, 6.42471 ], [ 2.28306, 6.42426 ], [ 2.28297, 6.42381 ], [ 2.28225, 6.42426 ], [ 2.28234, 6.42344 ], [ 2.28207, 6.42326 ], [ 2.28234, 6.42254 ], [ 2.28216, 6.42209 ], [ 2.28198, 6.42236 ], [ 2.28144, 6.42218 ], [ 2.28144, 6.42163 ], [ 2.2818, 6.42091 ], [ 2.28261, 6.42118 ], [ 2.28298, 6.42091 ], [ 2.28216, 6.42046 ], [ 2.28162, 6.42073 ], [ 2.28153, 6.42019 ], [ 2.28099, 6.42009 ], [ 2.27981, 6.42091 ], [ 2.27999, 6.42136 ], [ 2.27954, 6.42127 ], [ 2.2799, 6.42045 ], [ 2.27954, 6.42 ], [ 2.27972, 6.4191 ], [ 2.28108, 6.41955 ], [ 2.28144, 6.41865 ], [ 2.28189, 6.41883 ], [ 2.28171, 6.41955 ], [ 2.28225, 6.41982 ], [ 2.28216, 6.42028 ], [ 2.28415, 6.42037 ], [ 2.28379, 6.41983 ], [ 2.28415, 6.41901 ], [ 2.2837, 6.41928 ], [ 2.28334, 6.41883 ], [ 2.28334, 6.41974 ], [ 2.28298, 6.41974 ], [ 2.28253, 6.41919 ], [ 2.2828, 6.41847 ], [ 2.2818, 6.41783 ], [ 2.2819, 6.41621 ], [ 2.28136, 6.41584 ], [ 2.28072, 6.41593 ], [ 2.28127, 6.41503 ], [ 2.28109, 6.41421 ], [ 2.28054, 6.41376 ], [ 2.28127, 6.41268 ], [ 2.28091, 6.41249 ], [ 2.28073, 6.41313 ], [ 2.28036, 6.41313 ], [ 2.2782, 6.41177 ], [ 2.27738, 6.41186 ], [ 2.27756, 6.41249 ], [ 2.2772, 6.41258 ], [ 2.27702, 6.41168 ], [ 2.27648, 6.41122 ], [ 2.27395, 6.41176 ], [ 2.2734, 6.41267 ], [ 2.27358, 6.41375 ], [ 2.27403, 6.41384 ], [ 2.27403, 6.41466 ], [ 2.27485, 6.4143 ], [ 2.27484, 6.41511 ], [ 2.27539, 6.41565 ], [ 2.27602, 6.41547 ], [ 2.27566, 6.41611 ], [ 2.27611, 6.41656 ], [ 2.27548, 6.41683 ], [ 2.27547, 6.41746 ], [ 2.27493, 6.41737 ], [ 2.27466, 6.41855 ], [ 2.27394, 6.41891 ], [ 2.27448, 6.41647 ], [ 2.27331, 6.41538 ], [ 2.2724, 6.41628 ], [ 2.27177, 6.4152 ], [ 2.27195, 6.4161 ], [ 2.27141, 6.41682 ], [ 2.27149, 6.41791 ], [ 2.27104, 6.41845 ], [ 2.27158, 6.419 ], [ 2.27213, 6.41845 ], [ 2.27249, 6.41873 ], [ 2.27213, 6.41945 ], [ 2.27249, 6.42035 ], [ 2.27194, 6.42062 ], [ 2.27203, 6.42144 ], [ 2.27149, 6.42144 ], [ 2.27122, 6.42189 ], [ 2.27077, 6.42126 ], [ 2.27095, 6.42053 ], [ 2.27032, 6.4199 ], [ 2.2695, 6.4208 ], [ 2.26914, 6.42207 ], [ 2.26859, 6.42198 ], [ 2.26868, 6.42288 ], [ 2.26905, 6.42279 ], [ 2.26932, 6.42324 ], [ 2.26922, 6.42478 ], [ 2.26841, 6.42532 ], [ 2.26787, 6.42505 ], [ 2.26777, 6.42677 ], [ 2.26696, 6.42767 ], [ 2.26732, 6.4284 ], [ 2.26687, 6.42867 ], [ 2.2675, 6.42921 ], [ 2.26714, 6.4293 ], [ 2.26696, 6.43012 ], [ 2.26614, 6.42993 ], [ 2.2656, 6.43039 ], [ 2.26623, 6.43156 ], [ 2.26533, 6.43156 ], [ 2.26496, 6.43228 ], [ 2.26505, 6.43382 ], [ 2.26478, 6.43373 ], [ 2.26478, 6.43409 ], [ 2.26396, 6.43473 ], [ 2.2646, 6.43545 ], [ 2.2655, 6.43554 ], [ 2.26613, 6.43464 ], [ 2.26622, 6.43518 ], [ 2.26704, 6.43563 ], [ 2.26704, 6.43591 ], [ 2.26622, 6.436 ], [ 2.26559, 6.43654 ], [ 2.26559, 6.4369 ], [ 2.2664, 6.43654 ], [ 2.26631, 6.43708 ], [ 2.26568, 6.43699 ], [ 2.26523, 6.43735 ], [ 2.2645, 6.43699 ], [ 2.26396, 6.43753 ], [ 2.26414, 6.43798 ], [ 2.26496, 6.43753 ], [ 2.26468, 6.43807 ], [ 2.26396, 6.43816 ], [ 2.26396, 6.43853 ], [ 2.26504, 6.43862 ], [ 2.26495, 6.43925 ], [ 2.26549, 6.43998 ], [ 2.2626, 6.44033 ], [ 2.26333, 6.43789 ], [ 2.26315, 6.43744 ], [ 2.26351, 6.43708 ], [ 2.26333, 6.43672 ], [ 2.26297, 6.43681 ], [ 2.26233, 6.43861 ], [ 2.26278, 6.43925 ], [ 2.26215, 6.43934 ], [ 2.26233, 6.44024 ], [ 2.26133, 6.44051 ], [ 2.26142, 6.44096 ], [ 2.26188, 6.44069 ], [ 2.26215, 6.44115 ], [ 2.26106, 6.44323 ], [ 2.26124, 6.44404 ], [ 2.26196, 6.44377 ], [ 2.26196, 6.44431 ], [ 2.26151, 6.44449 ], [ 2.26069, 6.44404 ], [ 2.26015, 6.44476 ], [ 2.26006, 6.44621 ], [ 2.25934, 6.44621 ], [ 2.25933, 6.44657 ], [ 2.25988, 6.44684 ], [ 2.25979, 6.44757 ], [ 2.25861, 6.44784 ], [ 2.2587, 6.44847 ], [ 2.25807, 6.44811 ], [ 2.25716, 6.44883 ], [ 2.25725, 6.45028 ], [ 2.25643, 6.45046 ], [ 2.25707, 6.45046 ], [ 2.25743, 6.45091 ], [ 2.25698, 6.45145 ], [ 2.2568, 6.451 ], [ 2.25643, 6.451 ], [ 2.25571, 6.45236 ], [ 2.25498, 6.4529 ], [ 2.25453, 6.45597 ], [ 2.25407, 6.4567 ], [ 2.25308, 6.45697 ], [ 2.2529, 6.45633 ], [ 2.25245, 6.45669 ], [ 2.25209, 6.45561 ], [ 2.25145, 6.4566 ], [ 2.25082, 6.45642 ], [ 2.251, 6.4557 ], [ 2.25037, 6.45506 ], [ 2.25055, 6.4547 ], [ 2.25127, 6.45533 ], [ 2.25272, 6.45516 ], [ 2.25272, 6.45588 ], [ 2.25399, 6.45552 ], [ 2.2539, 6.4547 ], [ 2.25362, 6.45498 ], [ 2.25145, 6.45497 ], [ 2.251, 6.45416 ], [ 2.25173, 6.45389 ], [ 2.25191, 6.45344 ], [ 2.251, 6.45352 ], [ 2.25055, 6.45271 ], [ 2.25119, 6.45307 ], [ 2.25227, 6.45271 ], [ 2.25191, 6.44964 ], [ 2.25309, 6.45027 ], [ 2.25273, 6.44973 ], [ 2.25291, 6.44909 ], [ 2.25354, 6.44837 ], [ 2.25418, 6.44846 ], [ 2.25418, 6.44729 ], [ 2.25364, 6.44674 ], [ 2.25427, 6.44647 ], [ 2.25427, 6.44557 ], [ 2.25536, 6.44575 ], [ 2.25527, 6.44476 ], [ 2.25626, 6.44449 ], [ 2.25717, 6.44286 ], [ 2.25699, 6.44241 ], [ 2.256, 6.44195 ], [ 2.25654, 6.44132 ], [ 2.25717, 6.44141 ], [ 2.25744, 6.44078 ], [ 2.25808, 6.44078 ], [ 2.25808, 6.44024 ], [ 2.25735, 6.43996 ], [ 2.25745, 6.4396 ], [ 2.25862, 6.43906 ], [ 2.25808, 6.43861 ], [ 2.25917, 6.43852 ], [ 2.25917, 6.43707 ], [ 2.2598, 6.43544 ], [ 2.25944, 6.4358 ], [ 2.25899, 6.43526 ], [ 2.25944, 6.434 ], [ 2.25908, 6.43318 ], [ 2.25981, 6.433 ], [ 2.2599, 6.43246 ], [ 2.2589, 6.43237 ], [ 2.25909, 6.43128 ], [ 2.25972, 6.43155 ], [ 2.2599, 6.43092 ], [ 2.26026, 6.43083 ], [ 2.2608, 6.43165 ], [ 2.26135, 6.43165 ], [ 2.26153, 6.43264 ], [ 2.26243, 6.43282 ], [ 2.26189, 6.4321 ], [ 2.26216, 6.43119 ], [ 2.26117, 6.43101 ], [ 2.2618, 6.42975 ], [ 2.26171, 6.42902 ], [ 2.26244, 6.42848 ], [ 2.26316, 6.4264 ], [ 2.26389, 6.42658 ], [ 2.26389, 6.4255 ], [ 2.26515, 6.42496 ], [ 2.26452, 6.42468 ], [ 2.26434, 6.42405 ], [ 2.26353, 6.42423 ], [ 2.26335, 6.4236 ], [ 2.2647, 6.42306 ], [ 2.26471, 6.42206 ], [ 2.26534, 6.42179 ], [ 2.26498, 6.42143 ], [ 2.26498, 6.4207 ], [ 2.26561, 6.42052 ], [ 2.26534, 6.41998 ], [ 2.26589, 6.41935 ], [ 2.26661, 6.41926 ], [ 2.26616, 6.41817 ], [ 2.26661, 6.41799 ], [ 2.26679, 6.41709 ], [ 2.26761, 6.41646 ], [ 2.26879, 6.41302 ], [ 2.26969, 6.41356 ], [ 2.27014, 6.41338 ], [ 2.26897, 6.41248 ], [ 2.26924, 6.41221 ], [ 2.26915, 6.41103 ], [ 2.26978, 6.41203 ], [ 2.27015, 6.41167 ], [ 2.26951, 6.41121 ], [ 2.26961, 6.41067 ], [ 2.26906, 6.41085 ], [ 2.26925, 6.40985 ], [ 2.26861, 6.40931 ], [ 2.26889, 6.40804 ], [ 2.26871, 6.40651 ], [ 2.26961, 6.40606 ], [ 2.26961, 6.40542 ], [ 2.27007, 6.40551 ], [ 2.27016, 6.40461 ], [ 2.27079, 6.40389 ], [ 2.27151, 6.4038 ], [ 2.27151, 6.40416 ], [ 2.27197, 6.40416 ], [ 2.27287, 6.40298 ], [ 2.27242, 6.40262 ], [ 2.27242, 6.40208 ], [ 2.27287, 6.40154 ], [ 2.27297, 6.40018 ], [ 2.27279, 6.39918 ], [ 2.27224, 6.39936 ], [ 2.27098, 6.39846 ], [ 2.27026, 6.39755 ], [ 2.27035, 6.39692 ], [ 2.26944, 6.39665 ], [ 2.26936, 6.3961 ], [ 2.26854, 6.39547 ], [ 2.26818, 6.39556 ], [ 2.26863, 6.3961 ], [ 2.26827, 6.3961 ], [ 2.26646, 6.39556 ], [ 2.26682, 6.39547 ], [ 2.26664, 6.3951 ], [ 2.26646, 6.39538 ], [ 2.26538, 6.39528 ], [ 2.26474, 6.39574 ], [ 2.26366, 6.39573 ], [ 2.2642, 6.39519 ], [ 2.26104, 6.39501 ], [ 2.26095, 6.39546 ], [ 2.26158, 6.3951 ], [ 2.26294, 6.39564 ], [ 2.26149, 6.39555 ], [ 2.25877, 6.39636 ], [ 2.25706, 6.39581 ], [ 2.25724, 6.39609 ], [ 2.25606, 6.39599 ], [ 2.2547, 6.39708 ], [ 2.25443, 6.39708 ], [ 2.25434, 6.39644 ], [ 2.25371, 6.39644 ], [ 2.25335, 6.39735 ], [ 2.25262, 6.39735 ], [ 2.25154, 6.39662 ], [ 2.25118, 6.39752 ], [ 2.25145, 6.39771 ], [ 2.25172, 6.39716 ], [ 2.25199, 6.39753 ], [ 2.25172, 6.39807 ], [ 2.2509, 6.39789 ], [ 2.25045, 6.39716 ], [ 2.25082, 6.39662 ], [ 2.25154, 6.39653 ], [ 2.25127, 6.39617 ], [ 2.24693, 6.39734 ], [ 2.24277, 6.3967 ], [ 2.24277, 6.39697 ], [ 2.24394, 6.39733 ], [ 2.24268, 6.39733 ], [ 2.24213, 6.39833 ], [ 2.2415, 6.39814 ], [ 2.24159, 6.39751 ], [ 2.24078, 6.39733 ], [ 2.24041, 6.39769 ], [ 2.24114, 6.39851 ], [ 2.24077, 6.39896 ], [ 2.24114, 6.39932 ], [ 2.24032, 6.39986 ], [ 2.24014, 6.40077 ], [ 2.2396, 6.40067 ], [ 2.2396, 6.40004 ], [ 2.23842, 6.40067 ], [ 2.23851, 6.39977 ], [ 2.2377, 6.39959 ], [ 2.23743, 6.39886 ], [ 2.23734, 6.40058 ], [ 2.23625, 6.40085 ], [ 2.23616, 6.40121 ], [ 2.23553, 6.40103 ], [ 2.23561, 6.40239 ], [ 2.23507, 6.4023 ], [ 2.23516, 6.40266 ], [ 2.23453, 6.40311 ], [ 2.23381, 6.40284 ], [ 2.23326, 6.40365 ], [ 2.2329, 6.40302 ], [ 2.23607, 6.40013 ], [ 2.23571, 6.39985 ], [ 2.23544, 6.39841 ], [ 2.23481, 6.39868 ], [ 2.23517, 6.39931 ], [ 2.23508, 6.40022 ], [ 2.23426, 6.40003 ], [ 2.23435, 6.3994 ], [ 2.23336, 6.39886 ], [ 2.233, 6.39904 ], [ 2.23336, 6.39976 ], [ 2.23272, 6.39958 ], [ 2.2329, 6.40066 ], [ 2.23245, 6.40039 ], [ 2.23254, 6.39931 ], [ 2.232, 6.39931 ], [ 2.23119, 6.40003 ], [ 2.23064, 6.39994 ], [ 2.23083, 6.39949 ], [ 2.23264, 6.39867 ], [ 2.23282, 6.39831 ], [ 2.23273, 6.39786 ], [ 2.23064, 6.39948 ], [ 2.22929, 6.39994 ], [ 2.23001, 6.4003 ], [ 2.23037, 6.40129 ], [ 2.22928, 6.40202 ], [ 2.22937, 6.4031 ], [ 2.23037, 6.40247 ], [ 2.23127, 6.40292 ], [ 2.232, 6.40265 ], [ 2.23163, 6.40392 ], [ 2.23082, 6.40446 ], [ 2.23091, 6.405 ], [ 2.23145, 6.40528 ], [ 2.23181, 6.40491 ], [ 2.23163, 6.40419 ], [ 2.23263, 6.40455 ], [ 2.23245, 6.40401 ], [ 2.23281, 6.40392 ], [ 2.23308, 6.40483 ], [ 2.23462, 6.40492 ], [ 2.23552, 6.40619 ], [ 2.23498, 6.40637 ], [ 2.23434, 6.40537 ], [ 2.23371, 6.40564 ], [ 2.23263, 6.40492 ], [ 2.23109, 6.40573 ], [ 2.23027, 6.405 ], [ 2.22955, 6.40527 ], [ 2.22964, 6.40618 ], [ 2.22892, 6.40609 ], [ 2.22946, 6.4069 ], [ 2.231, 6.4069 ], [ 2.23118, 6.40609 ], [ 2.23208, 6.40636 ], [ 2.23353, 6.40772 ], [ 2.23335, 6.40808 ], [ 2.23271, 6.40799 ], [ 2.23244, 6.40718 ], [ 2.23199, 6.407 ], [ 2.23199, 6.40835 ], [ 2.23154, 6.40817 ], [ 2.23136, 6.40745 ], [ 2.2309, 6.40772 ], [ 2.22955, 6.40744 ], [ 2.22909, 6.4079 ], [ 2.22882, 6.40726 ], [ 2.22819, 6.40699 ], [ 2.22819, 6.40572 ], [ 2.22783, 6.40509 ], [ 2.22865, 6.40572 ], [ 2.22865, 6.40446 ], [ 2.22955, 6.40464 ], [ 2.22964, 6.40401 ], [ 2.22883, 6.40319 ], [ 2.22883, 6.40364 ], [ 2.22802, 6.40437 ], [ 2.22802, 6.40391 ], [ 2.22738, 6.40346 ], [ 2.22738, 6.40283 ], [ 2.22711, 6.40283 ], [ 2.22657, 6.40346 ], [ 2.22729, 6.40364 ], [ 2.22756, 6.40446 ], [ 2.22675, 6.40518 ], [ 2.22693, 6.404 ], [ 2.22603, 6.40382 ], [ 2.22612, 6.4031 ], [ 2.2253, 6.40328 ], [ 2.22503, 6.403 ], [ 2.22576, 6.40264 ], [ 2.22576, 6.4021 ], [ 2.22648, 6.40111 ], [ 2.22603, 6.40029 ], [ 2.22576, 6.40102 ], [ 2.22467, 6.40056 ], [ 2.22422, 6.40092 ], [ 2.22395, 6.4021 ], [ 2.22476, 6.40237 ], [ 2.22449, 6.40282 ], [ 2.22395, 6.40273 ], [ 2.22413, 6.40346 ], [ 2.22386, 6.40382 ], [ 2.22431, 6.40418 ], [ 2.22422, 6.40355 ], [ 2.22476, 6.40291 ], [ 2.22476, 6.40409 ], [ 2.2253, 6.40355 ], [ 2.22557, 6.40418 ], [ 2.22639, 6.40445 ], [ 2.22639, 6.40491 ], [ 2.22611, 6.40545 ], [ 2.22548, 6.40527 ], [ 2.22503, 6.40445 ], [ 2.22422, 6.4049 ], [ 2.22431, 6.40572 ], [ 2.22485, 6.40581 ], [ 2.22431, 6.40581 ], [ 2.22376, 6.40653 ], [ 2.22512, 6.40671 ], [ 2.22557, 6.40762 ], [ 2.22503, 6.40816 ], [ 2.2243, 6.40771 ], [ 2.22394, 6.40825 ], [ 2.22548, 6.40889 ], [ 2.22584, 6.41006 ], [ 2.22656, 6.41015 ], [ 2.22665, 6.41052 ], [ 2.22602, 6.41079 ], [ 2.22556, 6.41042 ], [ 2.2252, 6.41097 ], [ 2.22403, 6.41124 ], [ 2.22439, 6.4116 ], [ 2.22439, 6.4125 ], [ 2.2233, 6.41205 ], [ 2.22285, 6.41132 ], [ 2.22231, 6.41141 ], [ 2.22249, 6.41214 ], [ 2.22185, 6.41178 ], [ 2.22113, 6.41214 ], [ 2.22212, 6.41259 ], [ 2.22267, 6.41232 ], [ 2.22285, 6.41313 ], [ 2.22312, 6.41241 ], [ 2.22393, 6.41314 ], [ 2.22429, 6.41268 ], [ 2.22538, 6.41305 ], [ 2.22547, 6.41404 ], [ 2.22474, 6.41467 ], [ 2.22637, 6.41594 ], [ 2.22736, 6.41604 ], [ 2.22782, 6.41567 ], [ 2.22782, 6.41667 ], [ 2.22845, 6.41649 ], [ 2.22836, 6.41549 ], [ 2.22881, 6.41513 ], [ 2.22854, 6.41622 ], [ 2.22899, 6.41631 ], [ 2.2289, 6.41685 ], [ 2.22818, 6.41694 ], [ 2.22763, 6.41766 ], [ 2.22727, 6.41766 ], [ 2.22745, 6.4173 ], [ 2.22718, 6.41712 ], [ 2.22673, 6.41821 ], [ 2.22718, 6.41812 ], [ 2.22826, 6.41893 ], [ 2.22808, 6.41839 ], [ 2.22827, 6.41785 ], [ 2.22863, 6.41857 ], [ 2.22926, 6.41848 ], [ 2.22953, 6.41902 ], [ 2.23089, 6.41885 ], [ 2.23089, 6.42029 ], [ 2.23152, 6.42011 ], [ 2.2317, 6.42183 ], [ 2.23305, 6.4222 ], [ 2.23215, 6.4231 ], [ 2.23368, 6.42301 ], [ 2.23341, 6.42355 ], [ 2.23233, 6.42373 ], [ 2.23251, 6.42446 ], [ 2.2335, 6.42464 ], [ 2.23341, 6.42563 ], [ 2.2344, 6.42582 ], [ 2.23431, 6.42763 ], [ 2.23386, 6.42781 ], [ 2.23359, 6.42708 ], [ 2.23332, 6.42735 ], [ 2.2334, 6.42862 ], [ 2.23395, 6.42871 ], [ 2.23413, 6.42826 ], [ 2.23449, 6.42826 ], [ 2.23413, 6.42871 ], [ 2.23431, 6.42944 ], [ 2.23322, 6.42907 ], [ 2.23313, 6.42862 ], [ 2.23241, 6.42889 ], [ 2.23232, 6.42862 ], [ 2.23151, 6.4288 ], [ 2.23151, 6.42853 ], [ 2.23096, 6.42925 ], [ 2.23394, 6.43097 ], [ 2.23313, 6.43278 ], [ 2.23295, 6.43151 ], [ 2.23268, 6.43188 ], [ 2.23223, 6.43052 ], [ 2.23159, 6.43043 ], [ 2.23177, 6.43178 ], [ 2.2315, 6.43224 ], [ 2.23213, 6.43314 ], [ 2.23159, 6.4345 ], [ 2.23077, 6.43359 ], [ 2.22996, 6.43332 ], [ 2.23041, 6.4326 ], [ 2.23023, 6.43169 ], [ 2.22924, 6.43241 ], [ 2.22915, 6.43187 ], [ 2.22861, 6.43151 ], [ 2.22879, 6.43115 ], [ 2.22942, 6.43169 ], [ 2.22924, 6.43069 ], [ 2.22978, 6.43124 ], [ 2.23069, 6.43133 ], [ 2.23105, 6.42988 ], [ 2.23024, 6.42952 ], [ 2.22933, 6.42979 ], [ 2.22906, 6.42907 ], [ 2.22843, 6.42888 ], [ 2.22852, 6.42816 ], [ 2.22789, 6.42888 ], [ 2.22744, 6.42879 ], [ 2.2268, 6.42924 ], [ 2.22788, 6.43105 ], [ 2.22788, 6.4316 ], [ 2.22707, 6.43205 ], [ 2.22662, 6.43141 ], [ 2.22607, 6.43187 ], [ 2.22662, 6.43241 ], [ 2.22634, 6.43358 ], [ 2.22725, 6.43313 ], [ 2.22761, 6.43332 ], [ 2.22716, 6.43422 ], [ 2.22652, 6.43404 ], [ 2.22616, 6.43458 ], [ 2.22652, 6.43576 ], [ 2.22706, 6.43603 ], [ 2.22697, 6.43675 ], [ 2.22552, 6.43666 ], [ 2.22534, 6.43702 ], [ 2.22824, 6.43838 ], [ 2.2276, 6.44046 ], [ 2.22877, 6.44092 ], [ 2.22805, 6.44182 ], [ 2.22778, 6.44173 ], [ 2.22814, 6.44291 ], [ 2.22795, 6.44426 ], [ 2.22759, 6.44453 ], [ 2.22768, 6.44499 ], [ 2.22859, 6.44562 ], [ 2.22813, 6.44625 ], [ 2.2284, 6.44707 ], [ 2.22768, 6.44797 ], [ 2.2284, 6.44833 ], [ 2.22867, 6.44779 ], [ 2.22949, 6.44797 ], [ 2.22912, 6.44861 ], [ 2.22921, 6.44933 ], [ 2.22804, 6.44897 ], [ 2.2284, 6.45041 ], [ 2.22885, 6.45051 ], [ 2.22903, 6.44978 ], [ 2.22966, 6.45005 ], [ 2.22958, 6.44933 ], [ 2.2303, 6.44879 ], [ 2.23138, 6.4497 ], [ 2.2322, 6.44933 ], [ 2.2322, 6.44852 ], [ 2.23274, 6.44798 ], [ 2.23265, 6.44735 ], [ 2.23329, 6.44762 ], [ 2.23347, 6.44843 ], [ 2.23392, 6.44825 ], [ 2.23446, 6.44717 ], [ 2.23383, 6.44689 ], [ 2.23419, 6.44644 ], [ 2.23392, 6.44481 ], [ 2.23447, 6.44481 ], [ 2.23465, 6.44427 ], [ 2.23528, 6.44436 ], [ 2.23573, 6.44518 ], [ 2.23627, 6.44491 ], [ 2.23627, 6.44464 ], [ 2.23573, 6.44464 ], [ 2.23582, 6.44427 ], [ 2.23736, 6.44482 ], [ 2.23826, 6.44464 ], [ 2.23845, 6.4441 ], [ 2.23926, 6.44428 ], [ 2.23908, 6.44491 ], [ 2.23799, 6.44536 ], [ 2.23817, 6.44591 ], [ 2.23736, 6.44627 ], [ 2.23718, 6.44708 ], [ 2.23654, 6.44681 ], [ 2.23609, 6.44717 ], [ 2.23618, 6.44807 ], [ 2.23555, 6.44798 ], [ 2.23573, 6.44853 ], [ 2.23428, 6.44807 ], [ 2.23337, 6.44952 ], [ 2.23283, 6.44915 ], [ 2.23265, 6.44988 ], [ 2.23193, 6.44988 ], [ 2.23211, 6.45096 ], [ 2.23156, 6.45096 ], [ 2.23165, 6.4516 ], [ 2.23129, 6.45187 ], [ 2.23138, 6.45259 ], [ 2.23156, 6.45214 ], [ 2.2321, 6.4525 ], [ 2.23183, 6.45331 ], [ 2.23065, 6.45386 ], [ 2.23056, 6.45467 ], [ 2.22948, 6.45449 ], [ 2.22984, 6.45503 ], [ 2.22938, 6.45557 ], [ 2.22947, 6.45684 ], [ 2.23011, 6.45666 ], [ 2.23038, 6.45576 ], [ 2.22993, 6.45521 ], [ 2.23038, 6.45512 ], [ 2.23074, 6.45557 ], [ 2.23002, 6.45711 ], [ 2.2292, 6.45711 ], [ 2.22929, 6.45756 ], [ 2.22884, 6.45801 ], [ 2.22893, 6.45693 ], [ 2.2283, 6.45702 ], [ 2.22812, 6.45648 ], [ 2.22776, 6.45647 ], [ 2.22739, 6.45675 ], [ 2.22748, 6.45792 ], [ 2.22622, 6.45801 ], [ 2.22667, 6.45874 ], [ 2.22703, 6.45874 ], [ 2.2273, 6.45819 ], [ 2.22811, 6.45856 ], [ 2.22802, 6.45901 ], [ 2.22712, 6.45928 ], [ 2.22775, 6.45973 ], [ 2.22766, 6.46027 ], [ 2.22811, 6.46018 ], [ 2.22874, 6.46091 ], [ 2.22856, 6.46118 ], [ 2.22802, 6.46082 ], [ 2.22784, 6.46217 ], [ 2.2272, 6.46254 ], [ 2.22729, 6.4629 ], [ 2.22766, 6.46263 ], [ 2.2282, 6.46308 ], [ 2.22793, 6.46371 ], [ 2.22847, 6.46444 ], [ 2.22829, 6.46471 ], [ 2.22774, 6.46444 ], [ 2.22729, 6.46498 ], [ 2.22765, 6.46579 ], [ 2.22829, 6.46498 ], [ 2.22838, 6.46534 ], [ 2.22901, 6.46516 ], [ 2.22883, 6.46616 ], [ 2.22955, 6.46607 ], [ 2.22955, 6.46525 ], [ 2.2291, 6.46525 ], [ 2.22865, 6.46453 ], [ 2.22946, 6.46489 ], [ 2.22982, 6.46471 ], [ 2.22901, 6.46399 ], [ 2.22974, 6.46308 ], [ 2.22928, 6.46245 ], [ 2.22919, 6.46335 ], [ 2.22865, 6.46362 ], [ 2.22847, 6.46263 ], [ 2.22883, 6.46236 ], [ 2.22856, 6.46163 ], [ 2.22901, 6.46136 ], [ 2.22965, 6.46209 ], [ 2.23019, 6.46145 ], [ 2.23028, 6.46191 ], [ 2.23064, 6.46191 ], [ 2.23091, 6.46164 ], [ 2.23019, 6.46127 ], [ 2.23019, 6.46082 ], [ 2.23073, 6.46064 ], [ 2.23082, 6.46109 ], [ 2.23182, 6.46137 ], [ 2.23191, 6.46182 ], [ 2.23227, 6.46128 ], [ 2.23128, 6.46055 ], [ 2.23137, 6.45992 ], [ 2.23245, 6.46019 ], [ 2.23245, 6.46073 ], [ 2.23309, 6.46064 ], [ 2.23372, 6.45992 ], [ 2.23336, 6.45929 ], [ 2.23472, 6.45866 ], [ 2.23625, 6.45938 ], [ 2.2349, 6.45938 ], [ 2.23435, 6.45974 ], [ 2.23408, 6.46101 ], [ 2.23471, 6.4611 ], [ 2.23516, 6.46164 ], [ 2.23562, 6.46119 ], [ 2.23535, 6.46047 ], [ 2.23607, 6.46029 ], [ 2.23643, 6.46047 ], [ 2.23607, 6.46128 ], [ 2.23688, 6.46119 ], [ 2.23688, 6.46201 ], [ 2.2377, 6.46246 ], [ 2.23706, 6.46246 ], [ 2.23652, 6.46291 ], [ 2.23634, 6.46183 ], [ 2.23562, 6.46191 ], [ 2.23589, 6.46255 ], [ 2.23516, 6.46309 ], [ 2.23543, 6.46381 ], [ 2.23616, 6.46363 ], [ 2.23588, 6.46472 ], [ 2.23652, 6.46436 ], [ 2.23751, 6.46517 ], [ 2.23832, 6.4649 ], [ 2.2376, 6.46635 ], [ 2.2385, 6.46771 ], [ 2.23932, 6.46653 ], [ 2.24004, 6.46726 ], [ 2.23914, 6.46717 ], [ 2.23941, 6.4678 ], [ 2.23868, 6.46807 ], [ 2.23859, 6.46889 ], [ 2.23723, 6.46988 ], [ 2.23696, 6.46979 ], [ 2.23723, 6.46915 ], [ 2.23678, 6.46906 ], [ 2.23687, 6.4697 ], [ 2.23651, 6.46979 ], [ 2.2357, 6.46879 ], [ 2.23497, 6.46897 ], [ 2.23515, 6.46843 ], [ 2.23488, 6.46843 ], [ 2.23479, 6.46906 ], [ 2.2347, 6.46879 ], [ 2.23443, 6.46897 ], [ 2.23461, 6.46825 ], [ 2.23425, 6.46734 ], [ 2.23335, 6.46716 ], [ 2.23235, 6.46752 ], [ 2.23244, 6.46707 ], [ 2.23335, 6.46662 ], [ 2.23416, 6.46716 ], [ 2.2357, 6.46707 ], [ 2.23615, 6.46599 ], [ 2.23597, 6.46526 ], [ 2.23525, 6.46526 ], [ 2.23498, 6.4649 ], [ 2.23498, 6.46562 ], [ 2.23407, 6.46562 ], [ 2.23443, 6.46617 ], [ 2.23335, 6.46653 ], [ 2.23299, 6.46598 ], [ 2.23262, 6.46634 ], [ 2.23236, 6.46471 ], [ 2.23109, 6.46399 ], [ 2.231, 6.46435 ], [ 2.23145, 6.46471 ], [ 2.23127, 6.46544 ], [ 2.23163, 6.46535 ], [ 2.23208, 6.46589 ], [ 2.23217, 6.4667 ], [ 2.23181, 6.46688 ], [ 2.23208, 6.46725 ], [ 2.23136, 6.4677 ], [ 2.23136, 6.46842 ], [ 2.23181, 6.4686 ], [ 2.23199, 6.46897 ], [ 2.2309, 6.4686 ], [ 2.23108, 6.46915 ], [ 2.23045, 6.46923 ], [ 2.22981, 6.47141 ], [ 2.23171, 6.47096 ], [ 2.23135, 6.47023 ], [ 2.23199, 6.46996 ], [ 2.23262, 6.47032 ], [ 2.23235, 6.47105 ], [ 2.23334, 6.47087 ], [ 2.23361, 6.47159 ], [ 2.23415, 6.47159 ], [ 2.23452, 6.47123 ], [ 2.23443, 6.47033 ], [ 2.23497, 6.47051 ], [ 2.23533, 6.46942 ], [ 2.23642, 6.46979 ], [ 2.23687, 6.47069 ], [ 2.23633, 6.47132 ], [ 2.23506, 6.47069 ], [ 2.23461, 6.47105 ], [ 2.23461, 6.47132 ], [ 2.23569, 6.47141 ], [ 2.23569, 6.47178 ], [ 2.2347, 6.47177 ], [ 2.23551, 6.47241 ], [ 2.23551, 6.47277 ], [ 2.2346, 6.47413 ], [ 2.23316, 6.47322 ], [ 2.23325, 6.47286 ], [ 2.23388, 6.47286 ], [ 2.23388, 6.47223 ], [ 2.23334, 6.47222 ], [ 2.23316, 6.47159 ], [ 2.23244, 6.47177 ], [ 2.23243, 6.47213 ], [ 2.23298, 6.47186 ], [ 2.23252, 6.47331 ], [ 2.23279, 6.47367 ], [ 2.23243, 6.47385 ], [ 2.23306, 6.4744 ], [ 2.23234, 6.47485 ], [ 2.23135, 6.47448 ], [ 2.22989, 6.4772 ], [ 2.22926, 6.47692 ], [ 2.22863, 6.47547 ], [ 2.22881, 6.47656 ], [ 2.22845, 6.47692 ], [ 2.22899, 6.47683 ], [ 2.22908, 6.47728 ], [ 2.22845, 6.47846 ], [ 2.22745, 6.47819 ], [ 2.22754, 6.47764 ], [ 2.22673, 6.47755 ], [ 2.22718, 6.47981 ], [ 2.22519, 6.47999 ], [ 2.22546, 6.48081 ], [ 2.22491, 6.4809 ], [ 2.225, 6.48189 ], [ 2.22519, 6.48144 ], [ 2.22582, 6.48144 ], [ 2.22609, 6.48099 ], [ 2.22727, 6.48099 ], [ 2.22727, 6.48009 ], [ 2.22799, 6.47982 ], [ 2.22754, 6.48081 ], [ 2.22808, 6.48135 ], [ 2.22745, 6.48162 ], [ 2.22744, 6.48271 ], [ 2.22799, 6.48307 ], [ 2.22726, 6.48307 ], [ 2.22726, 6.48343 ], [ 2.2279, 6.48362 ], [ 2.22835, 6.48325 ], [ 2.22826, 6.48235 ], [ 2.22961, 6.48289 ], [ 2.22853, 6.48325 ], [ 2.2288, 6.4838 ], [ 2.2278, 6.48461 ], [ 2.22708, 6.4847 ], [ 2.22617, 6.48624 ], [ 2.22545, 6.48651 ], [ 2.22518, 6.48642 ], [ 2.22609, 6.48425 ], [ 2.22509, 6.48424 ], [ 2.2231, 6.48343 ], [ 2.22328, 6.48424 ], [ 2.224, 6.48451 ], [ 2.22427, 6.48524 ], [ 2.22473, 6.48542 ], [ 2.22427, 6.4865 ], [ 2.22518, 6.48696 ], [ 2.22418, 6.48768 ], [ 2.22282, 6.48741 ], [ 2.22273, 6.48795 ], [ 2.22165, 6.48849 ], [ 2.22128, 6.48921 ], [ 2.22038, 6.48912 ], [ 2.22029, 6.48849 ], [ 2.21993, 6.48849 ], [ 2.21975, 6.48921 ], [ 2.2202, 6.48939 ], [ 2.22011, 6.48976 ], [ 2.21884, 6.48903 ], [ 2.21875, 6.48948 ], [ 2.21929, 6.49021 ], [ 2.21839, 6.49066 ], [ 2.21839, 6.49156 ], [ 2.21802, 6.49147 ], [ 2.21803, 6.49093 ], [ 2.21766, 6.49093 ], [ 2.21739, 6.49201 ], [ 2.21648, 6.49283 ], [ 2.21666, 6.49373 ], [ 2.21567, 6.494 ], [ 2.21594, 6.49418 ], [ 2.21576, 6.49472 ], [ 2.21648, 6.49463 ], [ 2.21621, 6.49509 ], [ 2.21675, 6.49518 ], [ 2.21684, 6.49418 ], [ 2.21757, 6.4931 ], [ 2.21793, 6.49319 ], [ 2.21757, 6.49373 ], [ 2.21775, 6.49409 ], [ 2.2182, 6.49391 ], [ 2.2182, 6.49319 ], [ 2.21956, 6.49301 ], [ 2.21947, 6.49238 ], [ 2.21838, 6.49292 ], [ 2.21811, 6.49238 ], [ 2.21875, 6.49247 ], [ 2.21884, 6.49192 ], [ 2.21956, 6.49156 ], [ 2.21956, 6.49093 ], [ 2.22002, 6.49084 ], [ 2.21992, 6.49184 ], [ 2.22037, 6.49247 ], [ 2.21983, 6.49337 ], [ 2.21938, 6.49346 ], [ 2.21929, 6.49319 ], [ 2.21902, 6.49382 ], [ 2.21947, 6.49437 ], [ 2.21956, 6.49364 ], [ 2.22046, 6.49319 ], [ 2.22082, 6.49365 ], [ 2.22055, 6.49428 ], [ 2.22173, 6.4951 ], [ 2.22191, 6.49419 ], [ 2.22137, 6.49455 ], [ 2.22155, 6.49347 ], [ 2.22074, 6.49283 ], [ 2.22065, 6.49129 ], [ 2.22128, 6.49084 ], [ 2.22056, 6.49012 ], [ 2.22137, 6.48949 ], [ 2.2221, 6.48967 ], [ 2.22255, 6.48913 ], [ 2.22282, 6.49012 ], [ 2.22345, 6.49066 ], [ 2.22373, 6.48931 ], [ 2.22418, 6.48913 ], [ 2.224, 6.48868 ], [ 2.22454, 6.48868 ], [ 2.22527, 6.48786 ], [ 2.22563, 6.48795 ], [ 2.22563, 6.48859 ], [ 2.22599, 6.4885 ], [ 2.22572, 6.48814 ], [ 2.22599, 6.48786 ], [ 2.22707, 6.48913 ], [ 2.22762, 6.48904 ], [ 2.22771, 6.4895 ], [ 2.22698, 6.48968 ], [ 2.22752, 6.49022 ], [ 2.2287, 6.48995 ], [ 2.22906, 6.48787 ], [ 2.22825, 6.48877 ], [ 2.22698, 6.48841 ], [ 2.22662, 6.48787 ], [ 2.22662, 6.48642 ], [ 2.22717, 6.4866 ], [ 2.22708, 6.48714 ], [ 2.22771, 6.48669 ], [ 2.22843, 6.48714 ], [ 2.22934, 6.48715 ], [ 2.22943, 6.48642 ], [ 2.22889, 6.48606 ], [ 2.22907, 6.48534 ], [ 2.22862, 6.48452 ], [ 2.22916, 6.48398 ], [ 2.22952, 6.48443 ], [ 2.22961, 6.48371 ], [ 2.23052, 6.48452 ], [ 2.23061, 6.48299 ], [ 2.2316, 6.4838 ], [ 2.2316, 6.48489 ], [ 2.23214, 6.48453 ], [ 2.23215, 6.48317 ], [ 2.2326, 6.48335 ], [ 2.23251, 6.48398 ], [ 2.23332, 6.48389 ], [ 2.23287, 6.48317 ], [ 2.23305, 6.48263 ], [ 2.23224, 6.48236 ], [ 2.23206, 6.48172 ], [ 2.23143, 6.48127 ], [ 2.2317, 6.48055 ], [ 2.23242, 6.48064 ], [ 2.23288, 6.48009 ], [ 2.23288, 6.47865 ], [ 2.23315, 6.47964 ], [ 2.23441, 6.47983 ], [ 2.23441, 6.48064 ], [ 2.23378, 6.48064 ], [ 2.2336, 6.48028 ], [ 2.23324, 6.48055 ], [ 2.23342, 6.48091 ], [ 2.23441, 6.48118 ], [ 2.23332, 6.48218 ], [ 2.23369, 6.48236 ], [ 2.23432, 6.48163 ], [ 2.23441, 6.48308 ], [ 2.23549, 6.48317 ], [ 2.2354, 6.48272 ], [ 2.23477, 6.48254 ], [ 2.23532, 6.48109 ], [ 2.23505, 6.48019 ], [ 2.23532, 6.4801 ], [ 2.23577, 6.48064 ], [ 2.23658, 6.48037 ], [ 2.23622, 6.48119 ], [ 2.23767, 6.482 ], [ 2.23803, 6.48245 ], [ 2.23776, 6.48273 ], [ 2.23794, 6.48318 ], [ 2.23902, 6.48246 ], [ 2.23947, 6.48291 ], [ 2.24056, 6.48291 ], [ 2.2411, 6.48364 ], [ 2.24137, 6.48282 ], [ 2.23947, 6.48246 ], [ 2.23957, 6.4821 ], [ 2.24011, 6.48191 ], [ 2.2402, 6.48237 ], [ 2.24174, 6.4821 ], [ 2.24183, 6.48273 ], [ 2.24327, 6.48391 ], [ 2.24345, 6.48355 ], [ 2.24309, 6.48291 ], [ 2.24382, 6.48292 ], [ 2.24382, 6.48183 ], [ 2.24327, 6.48192 ], [ 2.24309, 6.48147 ], [ 2.24391, 6.48129 ], [ 2.24418, 6.48074 ], [ 2.24481, 6.48084 ], [ 2.24509, 6.47993 ], [ 2.24545, 6.47993 ], [ 2.24572, 6.48057 ], [ 2.24653, 6.47903 ], [ 2.24708, 6.47975 ], [ 2.24753, 6.47957 ], [ 2.24735, 6.48021 ], [ 2.24789, 6.48093 ], [ 2.24762, 6.48138 ], [ 2.24789, 6.48156 ], [ 2.24852, 6.4812 ], [ 2.24861, 6.48356 ], [ 2.24743, 6.48328 ], [ 2.24707, 6.48428 ], [ 2.24761, 6.48437 ], [ 2.24698, 6.48545 ], [ 2.24607, 6.48581 ], [ 2.24589, 6.48672 ], [ 2.24508, 6.48681 ], [ 2.24498, 6.48744 ], [ 2.2439, 6.48771 ], [ 2.24435, 6.48807 ], [ 2.24426, 6.48853 ], [ 2.2429, 6.48979 ], [ 2.24245, 6.48988 ], [ 2.24236, 6.48943 ], [ 2.24154, 6.48924 ], [ 2.24046, 6.48951 ], [ 2.23974, 6.48879 ], [ 2.23937, 6.48915 ], [ 2.24217, 6.49115 ], [ 2.2429, 6.49015 ], [ 2.24353, 6.48979 ], [ 2.24417, 6.48997 ], [ 2.24444, 6.48898 ], [ 2.24525, 6.48844 ], [ 2.24561, 6.48916 ], [ 2.24525, 6.48943 ], [ 2.24543, 6.49043 ], [ 2.24625, 6.49079 ], [ 2.2467, 6.49061 ], [ 2.24661, 6.4917 ], [ 2.24697, 6.4917 ], [ 2.24733, 6.48925 ], [ 2.24706, 6.48889 ], [ 2.24661, 6.48898 ], [ 2.24661, 6.4897 ], [ 2.24598, 6.48925 ], [ 2.24598, 6.48898 ], [ 2.24661, 6.48889 ], [ 2.24607, 6.48799 ], [ 2.24697, 6.48717 ], [ 2.24715, 6.48781 ], [ 2.24824, 6.48817 ], [ 2.24788, 6.48862 ], [ 2.24724, 6.48862 ], [ 2.24797, 6.48916 ], [ 2.24742, 6.49061 ], [ 2.2476, 6.49143 ], [ 2.24833, 6.49115 ], [ 2.24778, 6.49097 ], [ 2.24833, 6.48971 ], [ 2.24806, 6.48935 ], [ 2.2495, 6.48962 ], [ 2.25005, 6.48935 ], [ 2.25014, 6.48871 ], [ 2.25059, 6.48935 ], [ 2.25059, 6.49125 ], [ 2.25004, 6.49242 ], [ 2.24977, 6.49242 ], [ 2.24986, 6.4917 ], [ 2.24941, 6.49161 ], [ 2.24932, 6.49242 ], [ 2.24814, 6.49269 ], [ 2.24868, 6.4936 ], [ 2.24959, 6.49315 ], [ 2.25004, 6.49342 ], [ 2.25004, 6.49414 ], [ 2.25112, 6.49414 ], [ 2.25113, 6.49261 ], [ 2.25212, 6.49225 ], [ 2.2523, 6.49179 ], [ 2.25285, 6.49189 ], [ 2.25266, 6.49288 ], [ 2.2533, 6.49288 ], [ 2.25366, 6.49342 ], [ 2.25293, 6.49369 ], [ 2.25203, 6.49324 ], [ 2.25158, 6.49369 ], [ 2.2514, 6.49424 ], [ 2.25194, 6.49424 ], [ 2.25221, 6.49487 ], [ 2.25176, 6.49487 ], [ 2.25103, 6.49577 ], [ 2.25139, 6.49803 ], [ 2.25076, 6.49803 ], [ 2.25013, 6.49704 ], [ 2.24949, 6.49704 ], [ 2.24985, 6.49767 ], [ 2.24958, 6.49839 ], [ 2.24895, 6.49803 ], [ 2.24895, 6.49866 ], [ 2.24859, 6.49866 ], [ 2.24841, 6.49821 ], [ 2.24868, 6.49794 ], [ 2.24813, 6.49794 ], [ 2.24786, 6.49875 ], [ 2.2484, 6.49894 ], [ 2.24849, 6.49984 ], [ 2.24786, 6.49957 ], [ 2.24759, 6.49993 ], [ 2.24831, 6.50029 ], [ 2.24813, 6.50074 ], [ 2.24759, 6.50074 ], [ 2.24768, 6.50174 ], [ 2.24822, 6.50156 ], [ 2.24876, 6.50038 ], [ 2.24949, 6.50047 ], [ 2.24922, 6.49993 ], [ 2.24994, 6.49957 ], [ 2.25021, 6.4984 ], [ 2.25103, 6.49966 ], [ 2.25175, 6.49948 ], [ 2.25184, 6.50021 ], [ 2.25238, 6.49985 ], [ 2.25193, 6.49867 ], [ 2.25248, 6.49849 ], [ 2.25293, 6.49876 ], [ 2.25356, 6.49759 ], [ 2.25483, 6.49822 ], [ 2.256, 6.49777 ], [ 2.25528, 6.49696 ], [ 2.25592, 6.49623 ], [ 2.257, 6.49587 ], [ 2.257, 6.49551 ], [ 2.2551, 6.49533 ], [ 2.25447, 6.49451 ], [ 2.25339, 6.49478 ], [ 2.2532, 6.49433 ], [ 2.25411, 6.49424 ], [ 2.25447, 6.49361 ], [ 2.25465, 6.49415 ], [ 2.2552, 6.49388 ], [ 2.25538, 6.49469 ], [ 2.25592, 6.49506 ], [ 2.25746, 6.49488 ], [ 2.258, 6.49406 ], [ 2.25818, 6.49434 ], [ 2.25908, 6.49425 ], [ 2.2599, 6.49497 ], [ 2.25981, 6.49551 ], [ 2.26035, 6.49579 ], [ 2.26053, 6.49552 ], [ 2.26017, 6.49488 ], [ 2.2608, 6.4947 ], [ 2.26107, 6.49407 ], [ 2.2608, 6.49334 ], [ 2.26117, 6.49289 ], [ 2.26189, 6.49335 ], [ 2.26234, 6.49271 ], [ 2.26198, 6.49217 ], [ 2.26044, 6.49271 ], [ 2.2599, 6.49253 ], [ 2.25999, 6.49181 ], [ 2.2609, 6.49045 ], [ 2.26045, 6.48973 ], [ 2.2609, 6.48964 ], [ 2.26171, 6.49054 ], [ 2.26244, 6.49036 ], [ 2.26216, 6.49108 ], [ 2.26253, 6.49127 ], [ 2.26252, 6.49181 ], [ 2.26334, 6.49136 ], [ 2.26406, 6.49163 ], [ 2.2637, 6.49217 ], [ 2.26397, 6.49335 ], [ 2.26515, 6.49308 ], [ 2.26433, 6.49444 ], [ 2.26542, 6.49462 ], [ 2.26623, 6.49525 ], [ 2.26596, 6.49588 ], [ 2.26505, 6.49579 ], [ 2.26496, 6.49643 ], [ 2.26532, 6.49697 ], [ 2.26487, 6.49724 ], [ 2.26496, 6.49787 ], [ 2.26559, 6.49842 ], [ 2.26514, 6.49914 ], [ 2.26595, 6.49932 ], [ 2.26686, 6.49842 ], [ 2.26695, 6.4977 ], [ 2.2674, 6.49842 ], [ 2.26848, 6.49896 ], [ 2.26966, 6.4986 ], [ 2.2702, 6.49788 ], [ 2.27093, 6.49806 ], [ 2.27192, 6.49942 ], [ 2.27147, 6.49987 ], [ 2.27111, 6.49969 ], [ 2.27138, 6.50033 ], [ 2.27056, 6.50032 ], [ 2.27065, 6.50069 ], [ 2.27156, 6.50105 ], [ 2.27128, 6.50141 ], [ 2.27029, 6.50105 ], [ 2.27074, 6.50232 ], [ 2.27192, 6.50295 ], [ 2.27237, 6.50196 ], [ 2.273, 6.50178 ], [ 2.27246, 6.50141 ], [ 2.27264, 6.50096 ], [ 2.27346, 6.50096 ], [ 2.27391, 6.50187 ], [ 2.2749, 6.50096 ], [ 2.27517, 6.50142 ], [ 2.27454, 6.50178 ], [ 2.27481, 6.50449 ], [ 2.27553, 6.50531 ], [ 2.27598, 6.50504 ], [ 2.27652, 6.50612 ], [ 2.27924, 6.50748 ], [ 2.27915, 6.50776 ], [ 2.27824, 6.50757 ], [ 2.27788, 6.5083 ], [ 2.2786, 6.50857 ], [ 2.27851, 6.50821 ], [ 2.27905, 6.50812 ], [ 2.27951, 6.50884 ], [ 2.27987, 6.5083 ], [ 2.2805, 6.50812 ], [ 2.28077, 6.50731 ], [ 2.27996, 6.50758 ], [ 2.28023, 6.50667 ], [ 2.27942, 6.50613 ], [ 2.27996, 6.50595 ], [ 2.28014, 6.5064 ], [ 2.2805, 6.5064 ], [ 2.28078, 6.5055 ], [ 2.28168, 6.50468 ], [ 2.28231, 6.50496 ], [ 2.28222, 6.50577 ], [ 2.28286, 6.50658 ], [ 2.2824, 6.5074 ], [ 2.2834, 6.50785 ], [ 2.28403, 6.50695 ], [ 2.28394, 6.50876 ], [ 2.28466, 6.50849 ], [ 2.28512, 6.50767 ], [ 2.28494, 6.50695 ], [ 2.28575, 6.50641 ], [ 2.28783, 6.50732 ], [ 2.28792, 6.50786 ], [ 2.28738, 6.50768 ], [ 2.28692, 6.50831 ], [ 2.28638, 6.5074 ], [ 2.28548, 6.50749 ], [ 2.2852, 6.50867 ], [ 2.28475, 6.50867 ], [ 2.28475, 6.50912 ], [ 2.28394, 6.50948 ], [ 2.28394, 6.50993 ], [ 2.28493, 6.51084 ], [ 2.28493, 6.50984 ], [ 2.28547, 6.50921 ], [ 2.28574, 6.51003 ], [ 2.28547, 6.51084 ], [ 2.28502, 6.51102 ], [ 2.28701, 6.51175 ], [ 2.28692, 6.5122 ], [ 2.28556, 6.51193 ], [ 2.28529, 6.51229 ], [ 2.28565, 6.51274 ], [ 2.28547, 6.51337 ], [ 2.2861, 6.51356 ], [ 2.28583, 6.51446 ], [ 2.2852, 6.51473 ], [ 2.28528, 6.51573 ], [ 2.28357, 6.51599 ], [ 2.28339, 6.51536 ], [ 2.2823, 6.51536 ], [ 2.28221, 6.51572 ], [ 2.28338, 6.51627 ], [ 2.28338, 6.51717 ], [ 2.28483, 6.51799 ], [ 2.28374, 6.51871 ], [ 2.28401, 6.51916 ], [ 2.28501, 6.5188 ], [ 2.28483, 6.51826 ], [ 2.28537, 6.51808 ], [ 2.28582, 6.52034 ], [ 2.28654, 6.52061 ], [ 2.28699, 6.52179 ], [ 2.28844, 6.52134 ], [ 2.28799, 6.52188 ], [ 2.28898, 6.52233 ], [ 2.28907, 6.52297 ], [ 2.28944, 6.52279 ], [ 2.28926, 6.52206 ], [ 2.2898, 6.52225 ], [ 2.28962, 6.52351 ], [ 2.28889, 6.52378 ], [ 2.2897, 6.52414 ], [ 2.29016, 6.52333 ], [ 2.29142, 6.52333 ], [ 2.29133, 6.52514 ], [ 2.29197, 6.52487 ], [ 2.29233, 6.52614 ], [ 2.29341, 6.52614 ], [ 2.29305, 6.52668 ], [ 2.29314, 6.52723 ], [ 2.29359, 6.52732 ], [ 2.29368, 6.52813 ], [ 2.29305, 6.52849 ], [ 2.29314, 6.52876 ], [ 2.29422, 6.52858 ], [ 2.29467, 6.52904 ], [ 2.29531, 6.52877 ], [ 2.29477, 6.52804 ], [ 2.29522, 6.52723 ], [ 2.2945, 6.52641 ], [ 2.29513, 6.5265 ], [ 2.29549, 6.52605 ], [ 2.29459, 6.52632 ], [ 2.2945, 6.52542 ], [ 2.29414, 6.52515 ], [ 2.29332, 6.52551 ], [ 2.29359, 6.52478 ], [ 2.29278, 6.52388 ], [ 2.29287, 6.52352 ], [ 2.29116, 6.52207 ], [ 2.29116, 6.52161 ], [ 2.29179, 6.5218 ], [ 2.29206, 6.52152 ], [ 2.29206, 6.52053 ], [ 2.29288, 6.51999 ], [ 2.29233, 6.51972 ], [ 2.29224, 6.51908 ], [ 2.29161, 6.51881 ], [ 2.29071, 6.51745 ], [ 2.29179, 6.51763 ], [ 2.29216, 6.51727 ], [ 2.29162, 6.51646 ], [ 2.29189, 6.51601 ], [ 2.29324, 6.51546 ], [ 2.29505, 6.51556 ], [ 2.29469, 6.5171 ], [ 2.29379, 6.51728 ], [ 2.29406, 6.51773 ], [ 2.29387, 6.51836 ], [ 2.29442, 6.51872 ], [ 2.29423, 6.51945 ], [ 2.29387, 6.51972 ], [ 2.29351, 6.5189 ], [ 2.29306, 6.51917 ], [ 2.29324, 6.52008 ], [ 2.29278, 6.52107 ], [ 2.29333, 6.52216 ], [ 2.29432, 6.52207 ], [ 2.29432, 6.52089 ], [ 2.29477, 6.52099 ], [ 2.29477, 6.52216 ], [ 2.29532, 6.52189 ], [ 2.29514, 6.52117 ], [ 2.2964, 6.52108 ], [ 2.29749, 6.52162 ], [ 2.29785, 6.52108 ], [ 2.2974, 6.52027 ], [ 2.29577, 6.52063 ], [ 2.29514, 6.51818 ], [ 2.29442, 6.51782 ], [ 2.29578, 6.51628 ], [ 2.29551, 6.51556 ], [ 2.29605, 6.51366 ], [ 2.2956, 6.51284 ], [ 2.29614, 6.51185 ], [ 2.29542, 6.51122 ], [ 2.2937, 6.51121 ], [ 2.29352, 6.51176 ], [ 2.29406, 6.51221 ], [ 2.29506, 6.51167 ], [ 2.29542, 6.51284 ], [ 2.29461, 6.51293 ], [ 2.29406, 6.51348 ], [ 2.29243, 6.51365 ], [ 2.29153, 6.51266 ], [ 2.29244, 6.51166 ], [ 2.29316, 6.51139 ], [ 2.29289, 6.51094 ], [ 2.29235, 6.51139 ], [ 2.2918, 6.51112 ], [ 2.29235, 6.50931 ], [ 2.29144, 6.50895 ], [ 2.29045, 6.50958 ], [ 2.28991, 6.50904 ], [ 2.29063, 6.50868 ], [ 2.29135, 6.50895 ], [ 2.29117, 6.50822 ], [ 2.29154, 6.50786 ], [ 2.2919, 6.50786 ], [ 2.29199, 6.50832 ], [ 2.29307, 6.50805 ], [ 2.29307, 6.50868 ], [ 2.2938, 6.50904 ], [ 2.29407, 6.50977 ], [ 2.29479, 6.50995 ], [ 2.29515, 6.50968 ], [ 2.29551, 6.51049 ], [ 2.29615, 6.5104 ], [ 2.29578, 6.51131 ], [ 2.29623, 6.51185 ], [ 2.29723, 6.51176 ], [ 2.29696, 6.51095 ], [ 2.29786, 6.51185 ], [ 2.29886, 6.51185 ], [ 2.29922, 6.51285 ], [ 2.29868, 6.51285 ], [ 2.29822, 6.51231 ], [ 2.29786, 6.51276 ], [ 2.29813, 6.51357 ], [ 2.29877, 6.51375 ], [ 2.2994, 6.51321 ], [ 2.29976, 6.51357 ], [ 2.29931, 6.51385 ], [ 2.29949, 6.51466 ], [ 2.30003, 6.51502 ], [ 2.30075, 6.51493 ], [ 2.30075, 6.51529 ], [ 2.3003, 6.51529 ], [ 2.29994, 6.51593 ], [ 2.29912, 6.51565 ], [ 2.29849, 6.51602 ], [ 2.29849, 6.51683 ], [ 2.29912, 6.51755 ], [ 2.3003, 6.51756 ], [ 2.30039, 6.51828 ], [ 2.29966, 6.51855 ], [ 2.29849, 6.51773 ], [ 2.29749, 6.51791 ], [ 2.29713, 6.51755 ], [ 2.2974, 6.51855 ], [ 2.29595, 6.51854 ], [ 2.29613, 6.5199 ], [ 2.29713, 6.51981 ], [ 2.29776, 6.51918 ], [ 2.29821, 6.51945 ], [ 2.2983, 6.52063 ], [ 2.2993, 6.52117 ], [ 2.29893, 6.52172 ], [ 2.29975, 6.52208 ], [ 2.29947, 6.5238 ], [ 2.3002, 6.5238 ], [ 2.30074, 6.52326 ], [ 2.29993, 6.52108 ], [ 2.30056, 6.52081 ], [ 2.30056, 6.52136 ], [ 2.30138, 6.52244 ], [ 2.30228, 6.5219 ], [ 2.30246, 6.52272 ], [ 2.30201, 6.52299 ], [ 2.30318, 6.52362 ], [ 2.30264, 6.5248 ], [ 2.30372, 6.52552 ], [ 2.3039, 6.52625 ], [ 2.30472, 6.52534 ], [ 2.30599, 6.52562 ], [ 2.30626, 6.52516 ], [ 2.30698, 6.52516 ], [ 2.30716, 6.5258 ], [ 2.30815, 6.52643 ], [ 2.30833, 6.5277 ], [ 2.30761, 6.52788 ], [ 2.3067, 6.52878 ], [ 2.3068, 6.52697 ], [ 2.3058, 6.52706 ], [ 2.30535, 6.5267 ], [ 2.30508, 6.52697 ], [ 2.30526, 6.5276 ], [ 2.30453, 6.52815 ], [ 2.3048, 6.52941 ], [ 2.30372, 6.52968 ], [ 2.30354, 6.53004 ], [ 2.3029, 6.52995 ], [ 2.30281, 6.5295 ], [ 2.30354, 6.52923 ], [ 2.30336, 6.52869 ], [ 2.30426, 6.52679 ], [ 2.30354, 6.52634 ], [ 2.30345, 6.52579 ], [ 2.30219, 6.52543 ], [ 2.30173, 6.5248 ], [ 2.30101, 6.52479 ], [ 2.30191, 6.5257 ], [ 2.30074, 6.52588 ], [ 2.30047, 6.52624 ], [ 2.30065, 6.52669 ], [ 2.30164, 6.52669 ], [ 2.3011, 6.52787 ], [ 2.30336, 6.52697 ], [ 2.30327, 6.52778 ], [ 2.30254, 6.52778 ], [ 2.30227, 6.52814 ], [ 2.30318, 6.52842 ], [ 2.30318, 6.52869 ], [ 2.3011, 6.5285 ], [ 2.30146, 6.53013 ], [ 2.302, 6.53049 ], [ 2.302, 6.53149 ], [ 2.30154, 6.53194 ], [ 2.30127, 6.53058 ], [ 2.30091, 6.53049 ], [ 2.30001, 6.5285 ], [ 2.2991, 6.52986 ], [ 2.29901, 6.53058 ], [ 2.29965, 6.53013 ], [ 2.30001, 6.53085 ], [ 2.301, 6.53095 ], [ 2.30118, 6.5314 ], [ 2.30055, 6.53122 ], [ 2.30001, 6.53167 ], [ 2.29937, 6.53122 ], [ 2.29919, 6.53167 ], [ 2.30001, 6.53221 ], [ 2.3001, 6.53275 ], [ 2.30109, 6.53266 ], [ 2.30154, 6.53212 ], [ 2.30163, 6.5333 ], [ 2.30263, 6.53357 ], [ 2.30263, 6.53384 ], [ 2.30154, 6.53393 ], [ 2.30199, 6.53439 ], [ 2.30163, 6.53547 ], [ 2.30244, 6.53583 ], [ 2.3029, 6.53556 ], [ 2.30272, 6.53384 ], [ 2.30335, 6.53366 ], [ 2.30317, 6.53267 ], [ 2.30371, 6.53194 ], [ 2.30489, 6.53276 ], [ 2.30507, 6.5333 ], [ 2.30444, 6.53357 ], [ 2.30434, 6.5343 ], [ 2.3048, 6.53511 ], [ 2.30398, 6.53692 ], [ 2.30407, 6.53764 ], [ 2.30334, 6.53837 ], [ 2.30361, 6.53882 ], [ 2.30416, 6.53882 ], [ 2.3038, 6.53927 ], [ 2.30398, 6.53973 ], [ 2.30307, 6.53972 ], [ 2.30298, 6.53909 ], [ 2.30226, 6.53882 ], [ 2.30235, 6.53782 ], [ 2.30199, 6.53764 ], [ 2.30153, 6.5399 ], [ 2.30072, 6.54026 ], [ 2.30108, 6.54108 ], [ 2.30026, 6.54108 ], [ 2.30009, 6.54026 ], [ 2.29891, 6.54171 ], [ 2.29882, 6.54261 ], [ 2.29963, 6.54316 ], [ 2.2999, 6.54252 ], [ 2.29927, 6.54234 ], [ 2.29927, 6.54198 ], [ 2.29981, 6.54198 ], [ 2.30008, 6.54153 ], [ 2.30072, 6.54207 ], [ 2.30162, 6.54198 ], [ 2.30162, 6.54244 ], [ 2.30062, 6.54271 ], [ 2.30044, 6.54325 ], [ 2.30071, 6.5437 ], [ 2.29945, 6.54397 ], [ 2.2999, 6.54488 ], [ 2.3008, 6.54506 ], [ 2.3008, 6.54533 ], [ 2.29999, 6.54524 ], [ 2.30035, 6.54569 ], [ 2.30044, 6.54687 ], [ 2.29981, 6.54623 ], [ 2.29899, 6.54605 ], [ 2.2989, 6.54497 ], [ 2.298, 6.54478 ], [ 2.29727, 6.54523 ], [ 2.29655, 6.54469 ], [ 2.29637, 6.5455 ], [ 2.29664, 6.54623 ], [ 2.29827, 6.54659 ], [ 2.29709, 6.54768 ], [ 2.29736, 6.54867 ], [ 2.29618, 6.54804 ], [ 2.29637, 6.54768 ], [ 2.29682, 6.54777 ], [ 2.29628, 6.54659 ], [ 2.2951, 6.54677 ], [ 2.29447, 6.54767 ], [ 2.29474, 6.54623 ], [ 2.29429, 6.54604 ], [ 2.29302, 6.5464 ], [ 2.29266, 6.54595 ], [ 2.29212, 6.54604 ], [ 2.29248, 6.54541 ], [ 2.29203, 6.54523 ], [ 2.29148, 6.54604 ], [ 2.29203, 6.54604 ], [ 2.29212, 6.54677 ], [ 2.29103, 6.54758 ], [ 2.29085, 6.54713 ], [ 2.29139, 6.54685 ], [ 2.29121, 6.54658 ], [ 2.2904, 6.54658 ], [ 2.29003, 6.54712 ], [ 2.28958, 6.54559 ], [ 2.28904, 6.54604 ], [ 2.2885, 6.54595 ], [ 2.28832, 6.54549 ], [ 2.28968, 6.54441 ], [ 2.28823, 6.54341 ], [ 2.2876, 6.54404 ], [ 2.28778, 6.54477 ], [ 2.28723, 6.5445 ], [ 2.28705, 6.54504 ], [ 2.28669, 6.54504 ], [ 2.28705, 6.54585 ], [ 2.28615, 6.54621 ], [ 2.28524, 6.54549 ], [ 2.28515, 6.54594 ], [ 2.28461, 6.54576 ], [ 2.28452, 6.54621 ], [ 2.28397, 6.54639 ], [ 2.28434, 6.54703 ], [ 2.28542, 6.54721 ], [ 2.28515, 6.54766 ], [ 2.28542, 6.54793 ], [ 2.28587, 6.54739 ], [ 2.28642, 6.54775 ], [ 2.28687, 6.54721 ], [ 2.28723, 6.54757 ], [ 2.28732, 6.54875 ], [ 2.28587, 6.54793 ], [ 2.28659, 6.54875 ], [ 2.28641, 6.55047 ], [ 2.28695, 6.55101 ], [ 2.28849, 6.55092 ], [ 2.28939, 6.55174 ], [ 2.28867, 6.55273 ], [ 2.28903, 6.55364 ], [ 2.28831, 6.55355 ], [ 2.28849, 6.55309 ], [ 2.28813, 6.55237 ], [ 2.28722, 6.55309 ], [ 2.28776, 6.55354 ], [ 2.28713, 6.55418 ], [ 2.28668, 6.55381 ], [ 2.28595, 6.55418 ], [ 2.28586, 6.55309 ], [ 2.28677, 6.55336 ], [ 2.28686, 6.55273 ], [ 2.28541, 6.55246 ], [ 2.28532, 6.55408 ], [ 2.28586, 6.55454 ], [ 2.28378, 6.55481 ], [ 2.28396, 6.55526 ], [ 2.2845, 6.55535 ], [ 2.28441, 6.55562 ], [ 2.28505, 6.55553 ], [ 2.28477, 6.55616 ], [ 2.28423, 6.55598 ], [ 2.28387, 6.55634 ], [ 2.28387, 6.55707 ], [ 2.28595, 6.5568 ], [ 2.28631, 6.55716 ], [ 2.28667, 6.55671 ], [ 2.28731, 6.55743 ], [ 2.28794, 6.55725 ], [ 2.2883, 6.55689 ], [ 2.28794, 6.55526 ], [ 2.2884, 6.5549 ], [ 2.28857, 6.5559 ], [ 2.29002, 6.55671 ], [ 2.28948, 6.55762 ], [ 2.28866, 6.55725 ], [ 2.28794, 6.55807 ], [ 2.28866, 6.55897 ], [ 2.28984, 6.55888 ], [ 2.28966, 6.55925 ], [ 2.28875, 6.55943 ], [ 2.28893, 6.56015 ], [ 2.28956, 6.56015 ], [ 2.28929, 6.56133 ], [ 2.28965, 6.56178 ], [ 2.2901, 6.56151 ], [ 2.29011, 6.56069 ], [ 2.29074, 6.56088 ], [ 2.2911, 6.55943 ], [ 2.29155, 6.5597 ], [ 2.29128, 6.5607 ], [ 2.29083, 6.56088 ], [ 2.29128, 6.56133 ], [ 2.292, 6.56115 ], [ 2.29201, 6.56034 ], [ 2.29246, 6.55988 ], [ 2.29273, 6.56016 ], [ 2.29237, 6.56142 ], [ 2.29354, 6.56097 ], [ 2.29327, 6.55998 ], [ 2.29273, 6.55979 ], [ 2.29291, 6.55925 ], [ 2.2921, 6.55889 ], [ 2.29291, 6.55817 ], [ 2.2921, 6.55753 ], [ 2.2921, 6.55663 ], [ 2.2931, 6.55663 ], [ 2.29328, 6.55771 ], [ 2.29364, 6.55771 ], [ 2.29355, 6.55717 ], [ 2.2949, 6.55735 ], [ 2.29526, 6.5588 ], [ 2.29454, 6.55889 ], [ 2.29481, 6.56043 ], [ 2.29418, 6.56151 ], [ 2.29336, 6.56151 ], [ 2.29354, 6.5626 ], [ 2.292, 6.56242 ], [ 2.29182, 6.56296 ], [ 2.29236, 6.56269 ], [ 2.29264, 6.56305 ], [ 2.29209, 6.56341 ], [ 2.292, 6.56395 ], [ 2.29137, 6.56413 ], [ 2.29146, 6.56459 ], [ 2.29091, 6.56459 ], [ 2.2901, 6.56549 ], [ 2.28892, 6.56504 ], [ 2.28865, 6.56621 ], [ 2.28829, 6.56603 ], [ 2.28838, 6.56549 ], [ 2.28784, 6.56567 ], [ 2.28793, 6.5644 ], [ 2.28657, 6.56494 ], [ 2.28648, 6.56404 ], [ 2.28766, 6.56304 ], [ 2.28748, 6.56268 ], [ 2.2863, 6.56322 ], [ 2.2854, 6.56241 ], [ 2.28486, 6.56304 ], [ 2.28422, 6.56313 ], [ 2.28368, 6.56204 ], [ 2.28314, 6.56213 ], [ 2.28296, 6.56277 ], [ 2.28368, 6.56358 ], [ 2.28323, 6.56448 ], [ 2.28368, 6.56467 ], [ 2.28422, 6.56431 ], [ 2.28494, 6.56503 ], [ 2.28458, 6.56575 ], [ 2.28413, 6.56548 ], [ 2.28359, 6.56566 ], [ 2.28431, 6.56575 ], [ 2.28413, 6.56611 ], [ 2.28557, 6.56666 ], [ 2.28666, 6.56657 ], [ 2.28684, 6.56693 ], [ 2.29046, 6.56748 ], [ 2.29055, 6.56775 ], [ 2.29181, 6.56775 ], [ 2.29191, 6.56703 ], [ 2.2919, 6.56812 ], [ 2.29263, 6.56794 ], [ 2.29299, 6.5683 ], [ 2.29371, 6.5683 ], [ 2.29362, 6.56857 ], [ 2.29624, 6.56939 ], [ 2.29688, 6.57002 ], [ 2.2976, 6.56993 ], [ 2.29769, 6.57029 ], [ 2.29823, 6.5703 ], [ 2.29887, 6.57084 ], [ 2.2995, 6.57075 ], [ 2.2995, 6.57111 ], [ 2.29995, 6.57093 ], [ 2.29995, 6.57138 ], [ 2.30049, 6.57166 ], [ 2.30095, 6.57166 ], [ 2.30122, 6.57084 ], [ 2.30384, 6.56877 ], [ 2.30366, 6.5684 ], [ 2.30421, 6.56813 ], [ 2.30448, 6.56732 ], [ 2.3043, 6.56614 ], [ 2.30493, 6.56641 ], [ 2.30511, 6.56777 ], [ 2.30665, 6.56705 ], [ 2.30602, 6.56804 ], [ 2.3062, 6.56841 ], [ 2.30683, 6.5685 ], [ 2.3081, 6.56769 ], [ 2.30837, 6.56805 ], [ 2.309, 6.56778 ], [ 2.31036, 6.56923 ], [ 2.31108, 6.56905 ], [ 2.31126, 6.5685 ], [ 2.31172, 6.56878 ], [ 2.3109, 6.5704 ], [ 2.31018, 6.56941 ], [ 2.30909, 6.57004 ], [ 2.30846, 6.56986 ], [ 2.30773, 6.57022 ], [ 2.30791, 6.57149 ], [ 2.30846, 6.57085 ], [ 2.31017, 6.5714 ], [ 2.3109, 6.57049 ], [ 2.31108, 6.57149 ], [ 2.31189, 6.57113 ], [ 2.31325, 6.57167 ], [ 2.31334, 6.57122 ], [ 2.3128, 6.57068 ], [ 2.31443, 6.57041 ], [ 2.31479, 6.57113 ], [ 2.31388, 6.57158 ], [ 2.31433, 6.57195 ], [ 2.31397, 6.5733 ], [ 2.31325, 6.57303 ], [ 2.31316, 6.57222 ], [ 2.31252, 6.57222 ], [ 2.31225, 6.57158 ], [ 2.31053, 6.57185 ], [ 2.31053, 6.57221 ], [ 2.31099, 6.57239 ], [ 2.31099, 6.57312 ], [ 2.31026, 6.57321 ], [ 2.30981, 6.57248 ], [ 2.30936, 6.57312 ], [ 2.3099, 6.57339 ], [ 2.30963, 6.57483 ], [ 2.31044, 6.57484 ], [ 2.31071, 6.57384 ], [ 2.31117, 6.57375 ], [ 2.31071, 6.5752 ], [ 2.31207, 6.57656 ], [ 2.31143, 6.57656 ], [ 2.31026, 6.5752 ], [ 2.3099, 6.57547 ], [ 2.31089, 6.57701 ], [ 2.30989, 6.57674 ], [ 2.30962, 6.57728 ], [ 2.30917, 6.57737 ], [ 2.30854, 6.57691 ], [ 2.30908, 6.57655 ], [ 2.30854, 6.57673 ], [ 2.30772, 6.57619 ], [ 2.30745, 6.57646 ], [ 2.30772, 6.57655 ], [ 2.30799, 6.57854 ], [ 2.30835, 6.57863 ], [ 2.30835, 6.57972 ], [ 2.30871, 6.5809 ], [ 2.30926, 6.57972 ], [ 2.30917, 6.57945 ], [ 2.30844, 6.57945 ], [ 2.30881, 6.57755 ], [ 2.30926, 6.57791 ], [ 2.3098, 6.57773 ], [ 2.30989, 6.57818 ], [ 2.31125, 6.57828 ], [ 2.31188, 6.57746 ], [ 2.31243, 6.57737 ], [ 2.31306, 6.57837 ], [ 2.31342, 6.57801 ], [ 2.31378, 6.57819 ], [ 2.31405, 6.57873 ], [ 2.31387, 6.58009 ], [ 2.31215, 6.58027 ], [ 2.31251, 6.58298 ], [ 2.31206, 6.58343 ], [ 2.3126, 6.58398 ], [ 2.31323, 6.58371 ], [ 2.31215, 6.58488 ], [ 2.31305, 6.58542 ], [ 2.31278, 6.58669 ], [ 2.31305, 6.58751 ], [ 2.31413, 6.58751 ], [ 2.31368, 6.5885 ], [ 2.31449, 6.58832 ], [ 2.31549, 6.58977 ], [ 2.31494, 6.59058 ], [ 2.31503, 6.58968 ], [ 2.31386, 6.58904 ], [ 2.31386, 6.59103 ], [ 2.31313, 6.59058 ], [ 2.31241, 6.59094 ], [ 2.31268, 6.59167 ], [ 2.31232, 6.59203 ], [ 2.31259, 6.5923 ], [ 2.31367, 6.59212 ], [ 2.31331, 6.59393 ], [ 2.31268, 6.59402 ], [ 2.31267, 6.59456 ], [ 2.31304, 6.59465 ], [ 2.31304, 6.59556 ], [ 2.31349, 6.59565 ], [ 2.31331, 6.59637 ], [ 2.31466, 6.59502 ], [ 2.31521, 6.59556 ], [ 2.31602, 6.59556 ], [ 2.31702, 6.59439 ], [ 2.31756, 6.59457 ], [ 2.31702, 6.59484 ], [ 2.31566, 6.59692 ], [ 2.31701, 6.59764 ], [ 2.31701, 6.59846 ], [ 2.31647, 6.59927 ], [ 2.31737, 6.59873 ], [ 2.3181, 6.59746 ], [ 2.31729, 6.59683 ], [ 2.31747, 6.59602 ], [ 2.31828, 6.59584 ], [ 2.3181, 6.59538 ], [ 2.31756, 6.59547 ], [ 2.31765, 6.59484 ], [ 2.31837, 6.59439 ], [ 2.31855, 6.59493 ], [ 2.31982, 6.59557 ], [ 2.31946, 6.59602 ], [ 2.31792, 6.59638 ], [ 2.31837, 6.59701 ], [ 2.32, 6.59701 ], [ 2.31955, 6.59792 ], [ 2.32054, 6.59955 ], [ 2.31954, 6.60117 ], [ 2.31963, 6.60154 ], [ 2.319, 6.60181 ], [ 2.31963, 6.6028 ], [ 2.31963, 6.60371 ], [ 2.31918, 6.60353 ], [ 2.31909, 6.60407 ], [ 2.31954, 6.60443 ], [ 2.31972, 6.60389 ], [ 2.32035, 6.60389 ], [ 2.32044, 6.60543 ], [ 2.3189, 6.6047 ], [ 2.31854, 6.60534 ], [ 2.31908, 6.60534 ], [ 2.31917, 6.6057 ], [ 2.31872, 6.60642 ], [ 2.32026, 6.60724 ], [ 2.3208, 6.60642 ], [ 2.32134, 6.6067 ], [ 2.32225, 6.60624 ], [ 2.32306, 6.60733 ], [ 2.32225, 6.60778 ], [ 2.32369, 6.60833 ], [ 2.32225, 6.6086 ], [ 2.32315, 6.60977 ], [ 2.32279, 6.60995 ], [ 2.32243, 6.60941 ], [ 2.32188, 6.6095 ], [ 2.32116, 6.60905 ], [ 2.32107, 6.60742 ], [ 2.32062, 6.60742 ], [ 2.32053, 6.60869 ], [ 2.32007, 6.60887 ], [ 2.31998, 6.60832 ], [ 2.3189, 6.60751 ], [ 2.31872, 6.60678 ], [ 2.31763, 6.60723 ], [ 2.31781, 6.60751 ], [ 2.31854, 6.60742 ], [ 2.31818, 6.60778 ], [ 2.31854, 6.60841 ], [ 2.31817, 6.60913 ], [ 2.31899, 6.61022 ], [ 2.31844, 6.61031 ], [ 2.31826, 6.60986 ], [ 2.31781, 6.60986 ], [ 2.31745, 6.61031 ], [ 2.31781, 6.61112 ], [ 2.31717, 6.61185 ], [ 2.31726, 6.61637 ], [ 2.31744, 6.61728 ], [ 2.31852, 6.61701 ], [ 2.31862, 6.61547 ], [ 2.31898, 6.61556 ], [ 2.31889, 6.61637 ], [ 2.31979, 6.61791 ], [ 2.31907, 6.61827 ], [ 2.31988, 6.61827 ], [ 2.31988, 6.61999 ], [ 2.31897, 6.61999 ], [ 2.31933, 6.62044 ], [ 2.31915, 6.62072 ], [ 2.3197, 6.62044 ], [ 2.32042, 6.62081 ], [ 2.32051, 6.62135 ], [ 2.3215, 6.62199 ], [ 2.32141, 6.62316 ], [ 2.32069, 6.62379 ], [ 2.32204, 6.62416 ], [ 2.32268, 6.62398 ], [ 2.32268, 6.62434 ], [ 2.32304, 6.62434 ], [ 2.32259, 6.62443 ], [ 2.32277, 6.62524 ], [ 2.32349, 6.62597 ], [ 2.32358, 6.62407 ], [ 2.32313, 6.6238 ], [ 2.32385, 6.62335 ], [ 2.32385, 6.62289 ], [ 2.32458, 6.62298 ], [ 2.32422, 6.62317 ], [ 2.3244, 6.62416 ], [ 2.32376, 6.62461 ], [ 2.32367, 6.62515 ], [ 2.32421, 6.62525 ], [ 2.32476, 6.62597 ], [ 2.32485, 6.62552 ], [ 2.3243, 6.62488 ], [ 2.32458, 6.62434 ], [ 2.32503, 6.62434 ], [ 2.32503, 6.62371 ], [ 2.32603, 6.62317 ], [ 2.32612, 6.62371 ], [ 2.32539, 6.6238 ], [ 2.32602, 6.62425 ], [ 2.32521, 6.62443 ], [ 2.32539, 6.62516 ], [ 2.32648, 6.62462 ], [ 2.32666, 6.62534 ], [ 2.3262, 6.62561 ], [ 2.32693, 6.62588 ], [ 2.32647, 6.62643 ], [ 2.32729, 6.62679 ], [ 2.32828, 6.62661 ], [ 2.32837, 6.62607 ], [ 2.32783, 6.62588 ], [ 2.32783, 6.62543 ], [ 2.32729, 6.62552 ], [ 2.32711, 6.62498 ], [ 2.32756, 6.62471 ], [ 2.32792, 6.62516 ], [ 2.32792, 6.62417 ], [ 2.32883, 6.62399 ], [ 2.32829, 6.62317 ], [ 2.32756, 6.62344 ], [ 2.3263, 6.62235 ], [ 2.32657, 6.62199 ], [ 2.32639, 6.62145 ], [ 2.32693, 6.62091 ], [ 2.32684, 6.62027 ], [ 2.32793, 6.62037 ], [ 2.32793, 6.61964 ], [ 2.3273, 6.61901 ], [ 2.32703, 6.61937 ], [ 2.32666, 6.61901 ], [ 2.32748, 6.61801 ], [ 2.32784, 6.6181 ], [ 2.32739, 6.61738 ], [ 2.32811, 6.61756 ], [ 2.32829, 6.61829 ], [ 2.32775, 6.61883 ], [ 2.32829, 6.61874 ], [ 2.32874, 6.61973 ], [ 2.32965, 6.61928 ], [ 2.32992, 6.61983 ], [ 2.332, 6.62001 ], [ 2.33236, 6.61947 ], [ 2.33128, 6.61956 ], [ 2.33083, 6.61856 ], [ 2.33173, 6.61811 ], [ 2.33146, 6.61766 ], [ 2.33173, 6.61711 ], [ 2.33273, 6.61793 ], [ 2.33363, 6.61739 ], [ 2.33381, 6.61775 ], [ 2.33318, 6.61811 ], [ 2.33436, 6.6182 ], [ 2.334, 6.61648 ], [ 2.33472, 6.61676 ], [ 2.33445, 6.61558 ], [ 2.33517, 6.61585 ], [ 2.33536, 6.61522 ], [ 2.33653, 6.61504 ], [ 2.3368, 6.61414 ], [ 2.33744, 6.61495 ], [ 2.33653, 6.61594 ], [ 2.33581, 6.6154 ], [ 2.33563, 6.6163 ], [ 2.33562, 6.61685 ], [ 2.33653, 6.61721 ], [ 2.33698, 6.61649 ], [ 2.33752, 6.6164 ], [ 2.33744, 6.61585 ], [ 2.33825, 6.6154 ], [ 2.33816, 6.61477 ], [ 2.33861, 6.61459 ], [ 2.33834, 6.61423 ], [ 2.33762, 6.6145 ], [ 2.33644, 6.61269 ], [ 2.33527, 6.61196 ], [ 2.33545, 6.61151 ], [ 2.33708, 6.61142 ], [ 2.33708, 6.61097 ], [ 2.33627, 6.61088 ], [ 2.33554, 6.61142 ], [ 2.33464, 6.61142 ], [ 2.33436, 6.61169 ], [ 2.33463, 6.61296 ], [ 2.33436, 6.61323 ], [ 2.33382, 6.61296 ], [ 2.33355, 6.61386 ] ], [ [ 2.33364, 6.61386 ], [ 2.33355, 6.61495 ], [ 2.33228, 6.61494 ], [ 2.33237, 6.6154 ], [ 2.333, 6.61531 ], [ 2.33336, 6.61585 ], [ 2.33201, 6.61612 ], [ 2.3321, 6.61521 ], [ 2.33156, 6.61503 ], [ 2.33156, 6.61467 ], [ 2.33255, 6.61404 ], [ 2.33328, 6.61431 ], [ 2.33355, 6.61413 ], [ 2.33355, 6.61386 ], [ 2.33364, 6.61386 ] ], [ [ 2.32567, 6.61901 ], [ 2.32612, 6.61801 ], [ 2.32558, 6.61783 ], [ 2.32567, 6.61738 ], [ 2.32468, 6.61629 ], [ 2.32531, 6.61584 ], [ 2.3264, 6.61747 ], [ 2.32612, 6.61864 ], [ 2.32639, 6.61928 ], [ 2.32567, 6.61901 ] ], [ [ 2.34295, 6.61858 ], [ 2.34268, 6.61885 ], [ 2.34186, 6.61857 ], [ 2.34169, 6.61758 ], [ 2.34205, 6.61695 ], [ 2.34286, 6.61767 ], [ 2.34368, 6.61758 ], [ 2.34494, 6.61804 ], [ 2.34313, 6.61921 ], [ 2.34295, 6.61858 ] ], [ [ 2.3292, 6.61892 ], [ 2.32866, 6.61801 ], [ 2.32875, 6.61756 ], [ 2.3292, 6.61756 ], [ 2.32902, 6.61684 ], [ 2.33065, 6.61766 ], [ 2.33046, 6.6191 ], [ 2.3292, 6.61892 ] ], [ [ 2.34522, 6.6146 ], [ 2.34449, 6.61378 ], [ 2.34377, 6.6136 ], [ 2.34422, 6.61306 ], [ 2.34423, 6.61225 ], [ 2.34477, 6.61234 ], [ 2.34486, 6.61288 ], [ 2.3444, 6.61342 ], [ 2.34477, 6.61387 ], [ 2.34558, 6.61388 ], [ 2.34549, 6.61469 ], [ 2.34585, 6.61514 ], [ 2.34504, 6.61541 ], [ 2.34522, 6.6146 ] ], [ [ 2.34667, 6.61415 ], [ 2.34585, 6.61379 ], [ 2.34631, 6.61306 ], [ 2.34567, 6.61243 ], [ 2.34676, 6.61198 ], [ 2.3464, 6.61134 ], [ 2.34721, 6.61044 ], [ 2.34794, 6.61098 ], [ 2.34794, 6.61135 ], [ 2.34712, 6.61125 ], [ 2.3473, 6.6118 ], [ 2.34839, 6.61198 ], [ 2.34839, 6.61252 ], [ 2.34793, 6.61261 ], [ 2.34721, 6.61361 ], [ 2.34811, 6.61352 ], [ 2.34893, 6.61207 ], [ 2.34893, 6.61298 ], [ 2.34947, 6.61352 ], [ 2.34848, 6.61352 ], [ 2.34739, 6.61478 ], [ 2.34657, 6.61487 ], [ 2.34667, 6.61415 ] ], [ [ 2.35988, 6.61281 ], [ 2.35852, 6.61199 ], [ 2.35852, 6.61127 ], [ 2.3597, 6.611 ], [ 2.36033, 6.61037 ], [ 2.35988, 6.60955 ], [ 2.36006, 6.60901 ], [ 2.36106, 6.60982 ], [ 2.36133, 6.60901 ], [ 2.36214, 6.60865 ], [ 2.36314, 6.60965 ], [ 2.36323, 6.61019 ], [ 2.36268, 6.61028 ], [ 2.36241, 6.60937 ], [ 2.36205, 6.60937 ], [ 2.3616, 6.60983 ], [ 2.3616, 6.61055 ], [ 2.36097, 6.61046 ], [ 2.36042, 6.61109 ], [ 2.3606, 6.61172 ], [ 2.35988, 6.61281 ] ], [ [ 2.34965, 6.61216 ], [ 2.34884, 6.61089 ], [ 2.34884, 6.61162 ], [ 2.34848, 6.6118 ], [ 2.34821, 6.61107 ], [ 2.34948, 6.61017 ], [ 2.34938, 6.61089 ], [ 2.35029, 6.61117 ], [ 2.35065, 6.61008 ], [ 2.3511, 6.61008 ], [ 2.35083, 6.61162 ], [ 2.35038, 6.61153 ], [ 2.34965, 6.61216 ] ], [ [ 2.32649, 6.61141 ], [ 2.32595, 6.61005 ], [ 2.32541, 6.6105 ], [ 2.32532, 6.60905 ], [ 2.32595, 6.60878 ], [ 2.32632, 6.60933 ], [ 2.32677, 6.60833 ], [ 2.32813, 6.60833 ], [ 2.32831, 6.60788 ], [ 2.3293, 6.60834 ], [ 2.32885, 6.60725 ], [ 2.32958, 6.60671 ], [ 2.3303, 6.60698 ], [ 2.33021, 6.60499 ], [ 2.33066, 6.60535 ], [ 2.33121, 6.60508 ], [ 2.33112, 6.60589 ], [ 2.33048, 6.6058 ], [ 2.33084, 6.60644 ], [ 2.33139, 6.60626 ], [ 2.33148, 6.60662 ], [ 2.33265, 6.60662 ], [ 2.33256, 6.60725 ], [ 2.33166, 6.60752 ], [ 2.33166, 6.60816 ], [ 2.33039, 6.60761 ], [ 2.32966, 6.60843 ], [ 2.32984, 6.60906 ], [ 2.32849, 6.6087 ], [ 2.32849, 6.60978 ], [ 2.32812, 6.6096 ], [ 2.32822, 6.60915 ], [ 2.3274, 6.60942 ], [ 2.32776, 6.61023 ], [ 2.3283, 6.61041 ], [ 2.32821, 6.61087 ], [ 2.32731, 6.61087 ], [ 2.32649, 6.61141 ] ], [ [ 2.3635, 6.60874 ], [ 2.36269, 6.60793 ], [ 2.36223, 6.60811 ], [ 2.36196, 6.60784 ], [ 2.36206, 6.60711 ], [ 2.36097, 6.60602 ], [ 2.36025, 6.60611 ], [ 2.36061, 6.60431 ], [ 2.36133, 6.60476 ], [ 2.3617, 6.6044 ], [ 2.36224, 6.60449 ], [ 2.36251, 6.60386 ], [ 2.36305, 6.60386 ], [ 2.3626, 6.60503 ], [ 2.36341, 6.60503 ], [ 2.36314, 6.60558 ], [ 2.36188, 6.6053 ], [ 2.36188, 6.60467 ], [ 2.36133, 6.6053 ], [ 2.36169, 6.60612 ], [ 2.36224, 6.60594 ], [ 2.36278, 6.60657 ], [ 2.36269, 6.60775 ], [ 2.36296, 6.60775 ], [ 2.36287, 6.60729 ], [ 2.36341, 6.6072 ], [ 2.3635, 6.60802 ], [ 2.36423, 6.60802 ], [ 2.36404, 6.60947 ], [ 2.3635, 6.60928 ], [ 2.3635, 6.60874 ] ], [ [ 2.35997, 6.60856 ], [ 2.36015, 6.60774 ], [ 2.3597, 6.60738 ], [ 2.35979, 6.60693 ], [ 2.36115, 6.60702 ], [ 2.36142, 6.60774 ], [ 2.36061, 6.60792 ], [ 2.36097, 6.60865 ], [ 2.36051, 6.60901 ], [ 2.35997, 6.60856 ] ], [ [ 2.34233, 6.60817 ], [ 2.34242, 6.60736 ], [ 2.34288, 6.60709 ], [ 2.34297, 6.60564 ], [ 2.3427, 6.60537 ], [ 2.34188, 6.60555 ], [ 2.3417, 6.60491 ], [ 2.3427, 6.60374 ], [ 2.34315, 6.60383 ], [ 2.34261, 6.60274 ], [ 2.34433, 6.60338 ], [ 2.34541, 6.60311 ], [ 2.34523, 6.60392 ], [ 2.34442, 6.60383 ], [ 2.34469, 6.60492 ], [ 2.34405, 6.60465 ], [ 2.34333, 6.60528 ], [ 2.34369, 6.60455 ], [ 2.34351, 6.60383 ], [ 2.34279, 6.60446 ], [ 2.34342, 6.60618 ], [ 2.34378, 6.60627 ], [ 2.34342, 6.60664 ], [ 2.34342, 6.60763 ], [ 2.34423, 6.60817 ], [ 2.34369, 6.60826 ], [ 2.3436, 6.60863 ], [ 2.34315, 6.60808 ], [ 2.34233, 6.60817 ] ], [ [ 2.34523, 6.60691 ], [ 2.3455, 6.60718 ], [ 2.34631, 6.60691 ], [ 2.34604, 6.60492 ], [ 2.34758, 6.60483 ], [ 2.3474, 6.60592 ], [ 2.34668, 6.60619 ], [ 2.34658, 6.60754 ], [ 2.34523, 6.60772 ], [ 2.34523, 6.60691 ] ], [ [ 2.32713, 6.60679 ], [ 2.32686, 6.60625 ], [ 2.32704, 6.60562 ], [ 2.3284, 6.60517 ], [ 2.32849, 6.6058 ], [ 2.32795, 6.6058 ], [ 2.32786, 6.60616 ], [ 2.32795, 6.60716 ], [ 2.32713, 6.60679 ] ], [ [ 2.32659, 6.60498 ], [ 2.32659, 6.60408 ], [ 2.32623, 6.60372 ], [ 2.32732, 6.60318 ], [ 2.32786, 6.60218 ], [ 2.32913, 6.60245 ], [ 2.32931, 6.60291 ], [ 2.33067, 6.60255 ], [ 2.33103, 6.6039 ], [ 2.33157, 6.60381 ], [ 2.33166, 6.60336 ], [ 2.33266, 6.60336 ], [ 2.33302, 6.603 ], [ 2.33284, 6.60355 ], [ 2.33184, 6.60372 ], [ 2.33112, 6.60481 ], [ 2.33094, 6.60436 ], [ 2.32985, 6.6039 ], [ 2.32994, 6.60327 ], [ 2.32813, 6.60263 ], [ 2.3275, 6.6039 ], [ 2.3275, 6.6048 ], [ 2.32704, 6.60535 ], [ 2.32659, 6.60498 ] ], [ [ 2.35527, 6.60511 ], [ 2.35455, 6.60439 ], [ 2.35328, 6.60384 ], [ 2.35374, 6.60348 ], [ 2.35347, 6.60276 ], [ 2.35437, 6.60321 ], [ 2.355, 6.60294 ], [ 2.35482, 6.6024 ], [ 2.35519, 6.60195 ], [ 2.35555, 6.60204 ], [ 2.35528, 6.6024 ], [ 2.35555, 6.60276 ], [ 2.35591, 6.60195 ], [ 2.35654, 6.60186 ], [ 2.35654, 6.60249 ], [ 2.35799, 6.60304 ], [ 2.35708, 6.60358 ], [ 2.35636, 6.60285 ], [ 2.35663, 6.60466 ], [ 2.35591, 6.60376 ], [ 2.35527, 6.60511 ] ], [ [ 2.33546, 6.60445 ], [ 2.33465, 6.60427 ], [ 2.33446, 6.60463 ], [ 2.33338, 6.60364 ], [ 2.3351, 6.60346 ], [ 2.33528, 6.60391 ], [ 2.33591, 6.604 ], [ 2.33627, 6.60482 ], [ 2.33582, 6.60491 ], [ 2.33546, 6.60445 ] ], [ [ 2.32533, 6.60435 ], [ 2.3246, 6.60344 ], [ 2.32515, 6.60326 ], [ 2.32524, 6.60281 ], [ 2.32415, 6.60245 ], [ 2.32325, 6.60118 ], [ 2.32334, 6.60073 ], [ 2.32407, 6.60046 ], [ 2.32443, 6.60181 ], [ 2.32533, 6.60154 ], [ 2.32542, 6.60245 ], [ 2.32605, 6.60272 ], [ 2.32605, 6.60308 ], [ 2.32551, 6.60335 ], [ 2.32533, 6.60435 ] ], [ [ 2.34587, 6.60347 ], [ 2.34623, 6.60248 ], [ 2.34578, 6.60211 ], [ 2.34659, 6.60212 ], [ 2.34704, 6.60121 ], [ 2.34759, 6.60166 ], [ 2.34759, 6.6023 ], [ 2.34858, 6.60257 ], [ 2.3484, 6.60302 ], [ 2.34722, 6.60293 ], [ 2.34713, 6.60347 ], [ 2.34632, 6.60356 ], [ 2.34605, 6.6042 ], [ 2.34587, 6.60347 ] ], [ [ 2.36179, 6.60422 ], [ 2.36097, 6.60349 ], [ 2.36179, 6.60277 ], [ 2.36107, 6.60232 ], [ 2.36188, 6.60214 ], [ 2.36143, 6.60159 ], [ 2.36161, 6.60114 ], [ 2.36224, 6.60096 ], [ 2.36224, 6.60168 ], [ 2.36306, 6.60114 ], [ 2.3627, 6.60187 ], [ 2.36288, 6.60214 ], [ 2.36369, 6.60169 ], [ 2.36396, 6.60241 ], [ 2.3626, 6.60304 ], [ 2.36251, 6.60367 ], [ 2.36179, 6.60422 ] ], [ [ 2.32135, 6.60127 ], [ 2.32054, 6.60127 ], [ 2.32027, 6.60036 ], [ 2.3209, 6.60018 ], [ 2.32117, 6.60054 ], [ 2.32226, 6.59955 ], [ 2.32253, 6.59982 ], [ 2.32244, 6.60127 ], [ 2.32334, 6.60199 ], [ 2.32253, 6.60217 ], [ 2.32198, 6.6019 ], [ 2.32216, 6.60263 ], [ 2.3218, 6.60272 ], [ 2.32135, 6.60127 ] ], [ [ 2.34089, 6.6012 ], [ 2.34062, 6.60048 ], [ 2.34144, 6.59985 ], [ 2.34144, 6.60111 ], [ 2.34207, 6.60157 ], [ 2.34198, 6.60202 ], [ 2.34071, 6.60238 ], [ 2.34089, 6.6012 ] ], [ [ 2.34451, 6.60184 ], [ 2.34334, 6.60075 ], [ 2.34261, 6.60148 ], [ 2.34279, 6.6003 ], [ 2.3418, 6.60003 ], [ 2.34171, 6.59921 ], [ 2.34089, 6.59958 ], [ 2.34026, 6.59876 ], [ 2.33972, 6.5993 ], [ 2.33981, 6.59822 ], [ 2.34072, 6.59786 ], [ 2.34026, 6.59713 ], [ 2.34126, 6.59777 ], [ 2.34234, 6.5975 ], [ 2.34216, 6.59695 ], [ 2.34171, 6.59704 ], [ 2.34153, 6.59632 ], [ 2.34208, 6.59551 ], [ 2.34126, 6.5956 ], [ 2.34099, 6.59433 ], [ 2.34099, 6.59315 ], [ 2.34154, 6.5927 ], [ 2.34154, 6.59207 ], [ 2.34208, 6.59297 ], [ 2.34199, 6.59433 ], [ 2.34144, 6.59496 ], [ 2.34316, 6.59442 ], [ 2.34352, 6.5956 ], [ 2.34325, 6.59623 ], [ 2.34397, 6.59741 ], [ 2.34424, 6.5975 ], [ 2.34452, 6.59687 ], [ 2.34542, 6.59641 ], [ 2.34587, 6.59678 ], [ 2.34669, 6.59624 ], [ 2.34624, 6.59705 ], [ 2.34569, 6.59705 ], [ 2.34533, 6.5975 ], [ 2.34542, 6.59868 ], [ 2.34343, 6.59895 ], [ 2.34352, 6.60003 ], [ 2.34433, 6.6003 ], [ 2.34469, 6.5994 ], [ 2.34469, 6.60012 ], [ 2.34515, 6.60049 ], [ 2.34505, 6.60139 ], [ 2.34451, 6.60184 ] ], [ [ 2.3551, 6.59987 ], [ 2.3541, 6.59878 ], [ 2.35447, 6.59869 ], [ 2.35483, 6.59914 ], [ 2.35519, 6.59733 ], [ 2.35592, 6.59679 ], [ 2.35601, 6.5976 ], [ 2.35555, 6.59778 ], [ 2.35564, 6.59806 ], [ 2.35745, 6.59824 ], [ 2.35745, 6.59896 ], [ 2.35555, 6.5986 ], [ 2.35564, 6.59905 ], [ 2.35628, 6.59905 ], [ 2.35609, 6.59978 ], [ 2.3551, 6.59987 ] ], [ [ 2.32081, 6.59928 ], [ 2.32045, 6.59819 ], [ 2.32063, 6.5972 ], [ 2.32099, 6.59729 ], [ 2.32108, 6.59837 ], [ 2.32172, 6.59837 ], [ 2.3219, 6.59874 ], [ 2.32162, 6.59964 ], [ 2.32081, 6.59928 ] ], [ [ 2.35003, 6.59886 ], [ 2.34877, 6.59805 ], [ 2.34877, 6.5975 ], [ 2.34823, 6.5975 ], [ 2.34823, 6.59606 ], [ 2.34723, 6.59615 ], [ 2.34732, 6.59497 ], [ 2.34705, 6.59479 ], [ 2.34642, 6.59515 ], [ 2.34615, 6.59443 ], [ 2.34543, 6.59415 ], [ 2.34488, 6.59316 ], [ 2.34507, 6.5928 ], [ 2.34579, 6.59289 ], [ 2.34579, 6.59253 ], [ 2.34606, 6.59298 ], [ 2.34678, 6.5928 ], [ 2.34678, 6.59244 ], [ 2.34606, 6.59225 ], [ 2.34597, 6.59171 ], [ 2.34534, 6.59153 ], [ 2.34489, 6.5908 ], [ 2.34561, 6.59026 ], [ 2.34633, 6.59153 ], [ 2.34688, 6.59162 ], [ 2.34697, 6.59126 ], [ 2.34652, 6.59099 ], [ 2.34679, 6.59045 ], [ 2.34652, 6.58963 ], [ 2.34706, 6.58864 ], [ 2.3467, 6.58846 ], [ 2.34661, 6.58909 ], [ 2.34625, 6.58918 ], [ 2.34598, 6.58827 ], [ 2.34652, 6.58827 ], [ 2.34715, 6.58755 ], [ 2.34806, 6.58846 ], [ 2.34905, 6.58801 ], [ 2.34959, 6.58927 ], [ 2.34932, 6.58982 ], [ 2.34887, 6.58972 ], [ 2.34878, 6.58918 ], [ 2.34806, 6.58927 ], [ 2.34796, 6.58999 ], [ 2.34706, 6.59045 ], [ 2.34724, 6.59081 ], [ 2.3486, 6.5909 ], [ 2.34805, 6.59189 ], [ 2.34859, 6.59316 ], [ 2.34923, 6.59208 ], [ 2.34959, 6.59217 ], [ 2.3495, 6.59362 ], [ 2.3485, 6.59352 ], [ 2.34859, 6.59398 ], [ 2.34923, 6.59407 ], [ 2.3495, 6.59461 ], [ 2.34859, 6.59488 ], [ 2.34841, 6.59597 ], [ 2.34913, 6.59642 ], [ 2.3494, 6.5957 ], [ 2.34986, 6.59561 ], [ 2.3504, 6.59633 ], [ 2.35121, 6.59579 ], [ 2.35203, 6.59642 ], [ 2.35184, 6.59733 ], [ 2.3513, 6.59751 ], [ 2.35121, 6.5985 ], [ 2.35031, 6.5985 ], [ 2.35003, 6.59886 ] ], [ [ 2.33149, 6.59839 ], [ 2.33013, 6.59694 ], [ 2.33022, 6.59639 ], [ 2.33113, 6.5964 ], [ 2.33185, 6.59748 ], [ 2.33276, 6.59622 ], [ 2.33321, 6.59622 ], [ 2.33276, 6.59658 ], [ 2.33239, 6.59784 ], [ 2.33176, 6.59793 ], [ 2.33149, 6.59839 ] ], [ [ 2.33502, 6.59803 ], [ 2.33384, 6.59776 ], [ 2.33375, 6.59748 ], [ 2.33438, 6.59712 ], [ 2.33366, 6.59676 ], [ 2.33321, 6.59558 ], [ 2.33258, 6.59576 ], [ 2.3324, 6.59549 ], [ 2.3333, 6.59486 ], [ 2.33348, 6.59423 ], [ 2.33394, 6.59423 ], [ 2.33412, 6.59495 ], [ 2.33457, 6.59486 ], [ 2.33493, 6.59559 ], [ 2.33556, 6.59559 ], [ 2.33584, 6.59414 ], [ 2.3362, 6.59432 ], [ 2.33592, 6.59514 ], [ 2.33701, 6.59541 ], [ 2.33728, 6.59478 ], [ 2.33656, 6.59414 ], [ 2.33755, 6.59432 ], [ 2.33792, 6.59405 ], [ 2.33819, 6.59451 ], [ 2.33755, 6.59496 ], [ 2.33773, 6.5955 ], [ 2.33963, 6.59496 ], [ 2.34054, 6.59568 ], [ 2.34018, 6.59632 ], [ 2.33972, 6.59577 ], [ 2.33909, 6.59577 ], [ 2.33873, 6.59677 ], [ 2.338, 6.59686 ], [ 2.33746, 6.59767 ], [ 2.3361, 6.59776 ], [ 2.33619, 6.59713 ], [ 2.33538, 6.59676 ], [ 2.3352, 6.59694 ], [ 2.33583, 6.59794 ], [ 2.33529, 6.59749 ], [ 2.33493, 6.59758 ], [ 2.3352, 6.59776 ], [ 2.33502, 6.59803 ] ], [ [ 2.32452, 6.5963 ], [ 2.3229, 6.59467 ], [ 2.32371, 6.5943 ], [ 2.32372, 6.59241 ], [ 2.32426, 6.59304 ], [ 2.32426, 6.59358 ], [ 2.32507, 6.59376 ], [ 2.32471, 6.59422 ], [ 2.32398, 6.59421 ], [ 2.32398, 6.59449 ], [ 2.32489, 6.59458 ], [ 2.32471, 6.5953 ], [ 2.32498, 6.59594 ], [ 2.32452, 6.5963 ] ], [ [ 2.36406, 6.59581 ], [ 2.36361, 6.59436 ], [ 2.36406, 6.594 ], [ 2.36415, 6.59264 ], [ 2.36325, 6.59255 ], [ 2.36379, 6.59137 ], [ 2.36425, 6.59183 ], [ 2.36524, 6.59074 ], [ 2.36533, 6.5902 ], [ 2.36497, 6.58975 ], [ 2.36705, 6.58939 ], [ 2.36823, 6.59038 ], [ 2.36859, 6.58993 ], [ 2.36823, 6.58948 ], [ 2.36841, 6.58866 ], [ 2.36814, 6.58848 ], [ 2.36769, 6.58884 ], [ 2.36751, 6.58821 ], [ 2.36814, 6.58794 ], [ 2.36895, 6.58848 ], [ 2.36959, 6.58839 ], [ 2.36932, 6.58885 ], [ 2.3695, 6.58939 ], [ 2.36904, 6.58939 ], [ 2.36895, 6.58975 ], [ 2.37004, 6.59011 ], [ 2.36995, 6.59102 ], [ 2.36922, 6.59075 ], [ 2.3694, 6.59129 ], [ 2.36913, 6.59147 ], [ 2.36805, 6.59129 ], [ 2.36741, 6.59101 ], [ 2.36642, 6.58975 ], [ 2.36542, 6.59092 ], [ 2.36569, 6.59156 ], [ 2.36515, 6.59201 ], [ 2.36596, 6.59291 ], [ 2.36596, 6.59373 ], [ 2.36678, 6.59481 ], [ 2.36551, 6.59445 ], [ 2.36515, 6.59481 ], [ 2.36578, 6.59499 ], [ 2.36587, 6.59536 ], [ 2.36469, 6.59572 ], [ 2.3646, 6.59617 ], [ 2.36406, 6.59581 ] ], [ [ 2.31946, 6.59412 ], [ 2.31838, 6.59312 ], [ 2.31838, 6.59267 ], [ 2.31892, 6.59258 ], [ 2.31901, 6.59131 ], [ 2.31793, 6.59059 ], [ 2.31684, 6.59041 ], [ 2.31675, 6.58977 ], [ 2.31739, 6.5895 ], [ 2.31721, 6.58887 ], [ 2.31802, 6.58923 ], [ 2.31893, 6.58878 ], [ 2.31938, 6.58914 ], [ 2.32001, 6.58896 ], [ 2.31974, 6.5895 ], [ 2.31829, 6.58932 ], [ 2.31784, 6.58968 ], [ 2.31865, 6.59005 ], [ 2.3191, 6.59095 ], [ 2.31938, 6.5905 ], [ 2.31992, 6.5905 ], [ 2.31965, 6.59023 ], [ 2.32028, 6.59041 ], [ 2.32028, 6.59068 ], [ 2.31974, 6.59068 ], [ 2.31919, 6.59267 ], [ 2.31991, 6.59358 ], [ 2.32046, 6.59358 ], [ 2.31991, 6.59502 ], [ 2.31955, 6.59493 ], [ 2.31946, 6.59412 ] ], [ [ 2.33222, 6.59504 ], [ 2.33131, 6.59377 ], [ 2.3314, 6.59296 ], [ 2.33213, 6.59386 ], [ 2.33258, 6.5935 ], [ 2.3333, 6.59405 ], [ 2.33231, 6.59459 ], [ 2.33222, 6.59504 ] ], [ [ 2.35357, 6.59407 ], [ 2.35248, 6.59344 ], [ 2.35321, 6.59299 ], [ 2.35303, 6.59172 ], [ 2.3533, 6.59163 ], [ 2.35366, 6.59226 ], [ 2.35393, 6.59181 ], [ 2.35529, 6.59199 ], [ 2.35502, 6.59163 ], [ 2.35529, 6.59055 ], [ 2.35457, 6.59009 ], [ 2.3543, 6.58946 ], [ 2.35484, 6.5881 ], [ 2.3552, 6.58792 ], [ 2.35529, 6.58856 ], [ 2.35602, 6.5891 ], [ 2.35665, 6.5882 ], [ 2.35728, 6.5882 ], [ 2.3571, 6.58774 ], [ 2.35647, 6.58802 ], [ 2.35593, 6.58611 ], [ 2.35539, 6.58593 ], [ 2.35548, 6.58566 ], [ 2.35656, 6.58584 ], [ 2.35611, 6.58431 ], [ 2.35684, 6.5834 ], [ 2.35639, 6.58195 ], [ 2.35747, 6.58186 ], [ 2.35738, 6.58295 ], [ 2.35802, 6.58277 ], [ 2.35856, 6.58196 ], [ 2.35874, 6.58277 ], [ 2.35928, 6.58322 ], [ 2.36073, 6.58223 ], [ 2.36091, 6.58295 ], [ 2.36127, 6.58305 ], [ 2.36145, 6.58187 ], [ 2.36191, 6.58169 ], [ 2.36191, 6.58115 ], [ 2.36218, 6.58124 ], [ 2.36272, 6.58269 ], [ 2.36227, 6.58323 ], [ 2.36199, 6.58504 ], [ 2.36136, 6.58531 ], [ 2.36172, 6.5863 ], [ 2.36127, 6.5863 ], [ 2.36046, 6.58467 ], [ 2.36, 6.58449 ], [ 2.35955, 6.58567 ], [ 2.36009, 6.58657 ], [ 2.36054, 6.58666 ], [ 2.36045, 6.58712 ], [ 2.35937, 6.58766 ], [ 2.35891, 6.58739 ], [ 2.35801, 6.58757 ], [ 2.3581, 6.58838 ], [ 2.359, 6.58847 ], [ 2.35936, 6.58901 ], [ 2.35846, 6.58974 ], [ 2.35728, 6.58874 ], [ 2.35683, 6.58874 ], [ 2.35665, 6.58928 ], [ 2.35556, 6.5901 ], [ 2.35601, 6.59064 ], [ 2.35547, 6.59118 ], [ 2.35583, 6.59181 ], [ 2.35629, 6.59127 ], [ 2.35683, 6.59136 ], [ 2.35619, 6.59254 ], [ 2.35538, 6.59218 ], [ 2.35429, 6.59371 ], [ 2.35357, 6.59407 ] ], [ [ 2.33593, 6.59324 ], [ 2.33557, 6.59197 ], [ 2.33647, 6.59161 ], [ 2.33647, 6.59025 ], [ 2.3372, 6.59043 ], [ 2.33729, 6.59206 ], [ 2.33665, 6.59278 ], [ 2.33701, 6.59351 ], [ 2.33575, 6.59378 ], [ 2.33593, 6.59324 ] ], [ [ 2.35954, 6.59318 ], [ 2.35954, 6.59245 ], [ 2.35936, 6.59309 ], [ 2.35854, 6.59299 ], [ 2.35864, 6.59236 ], [ 2.35936, 6.59209 ], [ 2.35909, 6.59137 ], [ 2.35927, 6.59055 ], [ 2.36036, 6.5911 ], [ 2.35954, 6.59173 ], [ 2.36008, 6.59227 ], [ 2.36054, 6.59218 ], [ 2.36081, 6.59363 ], [ 2.35999, 6.59372 ], [ 2.35954, 6.59318 ] ], [ [ 2.33475, 6.59351 ], [ 2.33403, 6.59242 ], [ 2.33358, 6.59242 ], [ 2.33358, 6.59305 ], [ 2.33303, 6.59305 ], [ 2.33195, 6.59224 ], [ 2.33231, 6.5916 ], [ 2.33285, 6.59169 ], [ 2.33303, 6.59224 ], [ 2.33349, 6.59224 ], [ 2.33385, 6.5916 ], [ 2.33304, 6.5907 ], [ 2.33286, 6.58979 ], [ 2.33367, 6.58844 ], [ 2.3334, 6.58826 ], [ 2.33295, 6.58862 ], [ 2.3325, 6.58789 ], [ 2.33204, 6.58807 ], [ 2.33195, 6.58762 ], [ 2.3325, 6.58726 ], [ 2.33322, 6.58789 ], [ 2.33422, 6.58735 ], [ 2.33413, 6.58771 ], [ 2.33485, 6.58781 ], [ 2.33512, 6.58853 ], [ 2.33494, 6.58934 ], [ 2.3353, 6.58998 ], [ 2.3343, 6.59097 ], [ 2.33457, 6.59133 ], [ 2.3343, 6.59206 ], [ 2.33475, 6.59224 ], [ 2.33484, 6.59161 ], [ 2.3353, 6.59143 ], [ 2.33548, 6.59224 ], [ 2.33475, 6.59351 ] ], [ [ 2.34398, 6.58981 ], [ 2.34317, 6.59062 ], [ 2.34281, 6.59017 ], [ 2.34208, 6.59044 ], [ 2.34181, 6.58962 ], [ 2.34136, 6.58944 ], [ 2.34127, 6.58827 ], [ 2.34055, 6.58754 ], [ 2.34073, 6.58718 ], [ 2.34154, 6.58718 ], [ 2.34173, 6.58646 ], [ 2.34218, 6.58619 ], [ 2.34137, 6.58528 ], [ 2.34173, 6.58474 ], [ 2.34128, 6.58374 ], [ 2.34182, 6.58311 ], [ 2.34236, 6.58311 ], [ 2.34191, 6.58411 ], [ 2.34272, 6.58465 ], [ 2.34281, 6.58546 ], [ 2.34417, 6.58565 ], [ 2.34453, 6.58655 ], [ 2.34507, 6.58664 ], [ 2.34507, 6.58701 ], [ 2.34435, 6.5871 ], [ 2.34381, 6.588 ], [ 2.34299, 6.58818 ], [ 2.34317, 6.58881 ], [ 2.34416, 6.58954 ], [ 2.34489, 6.58936 ], [ 2.34462, 6.59071 ], [ 2.34398, 6.58981 ] ], [ [ 2.3372, 6.59007 ], [ 2.3362, 6.58862 ], [ 2.33765, 6.58808 ], [ 2.33774, 6.58953 ], [ 2.3372, 6.59007 ] ], [ [ 2.33847, 6.58872 ], [ 2.33811, 6.58817 ], [ 2.33838, 6.587 ], [ 2.33937, 6.58673 ], [ 2.34019, 6.58827 ], [ 2.33973, 6.58799 ], [ 2.3391, 6.58817 ], [ 2.33865, 6.58863 ], [ 2.33874, 6.58935 ], [ 2.33819, 6.58917 ], [ 2.33847, 6.58872 ] ], [ [ 2.35231, 6.58855 ], [ 2.35095, 6.58846 ], [ 2.35068, 6.5881 ], [ 2.35122, 6.58747 ], [ 2.35113, 6.58692 ], [ 2.35059, 6.58728 ], [ 2.35005, 6.58701 ], [ 2.35068, 6.58647 ], [ 2.35123, 6.58656 ], [ 2.35141, 6.58584 ], [ 2.34951, 6.58602 ], [ 2.34951, 6.58674 ], [ 2.3486, 6.58701 ], [ 2.34896, 6.58746 ], [ 2.34878, 6.58792 ], [ 2.34806, 6.58737 ], [ 2.34869, 6.5862 ], [ 2.34797, 6.58638 ], [ 2.34743, 6.58601 ], [ 2.34743, 6.58429 ], [ 2.34851, 6.58375 ], [ 2.34861, 6.5833 ], [ 2.34743, 6.58294 ], [ 2.34671, 6.58167 ], [ 2.34553, 6.58194 ], [ 2.34526, 6.58085 ], [ 2.34644, 6.58113 ], [ 2.34689, 6.57995 ], [ 2.34725, 6.58031 ], [ 2.34789, 6.58013 ], [ 2.34825, 6.58077 ], [ 2.34752, 6.58077 ], [ 2.34734, 6.58167 ], [ 2.34789, 6.58104 ], [ 2.34834, 6.58104 ], [ 2.34825, 6.58167 ], [ 2.34861, 6.58194 ], [ 2.34924, 6.5814 ], [ 2.34924, 6.58059 ], [ 2.35015, 6.58068 ], [ 2.34924, 6.58231 ], [ 2.35041, 6.58357 ], [ 2.35068, 6.58493 ], [ 2.3515, 6.58421 ], [ 2.35195, 6.58466 ], [ 2.35286, 6.58466 ], [ 2.35331, 6.5843 ], [ 2.35394, 6.5853 ], [ 2.3553, 6.58485 ], [ 2.35466, 6.58657 ], [ 2.35503, 6.58648 ], [ 2.35539, 6.5872 ], [ 2.35448, 6.58702 ], [ 2.35403, 6.58846 ], [ 2.35358, 6.58837 ], [ 2.35376, 6.58738 ], [ 2.35322, 6.58702 ], [ 2.35285, 6.58593 ], [ 2.35177, 6.58647 ], [ 2.35249, 6.58702 ], [ 2.35231, 6.58855 ] ], [ [ 2.36298, 6.58766 ], [ 2.36244, 6.58757 ], [ 2.36217, 6.58685 ], [ 2.36271, 6.58685 ], [ 2.36353, 6.58622 ], [ 2.36407, 6.58766 ], [ 2.36353, 6.58839 ], [ 2.36298, 6.58766 ] ], [ [ 2.31757, 6.58751 ], [ 2.31766, 6.58588 ], [ 2.31893, 6.58634 ], [ 2.31893, 6.58724 ], [ 2.31703, 6.58787 ], [ 2.31703, 6.58751 ], [ 2.31757, 6.58751 ] ], [ [ 2.33521, 6.58763 ], [ 2.33358, 6.58699 ], [ 2.33386, 6.58609 ], [ 2.3335, 6.58527 ], [ 2.33449, 6.58428 ], [ 2.33467, 6.58473 ], [ 2.33503, 6.58473 ], [ 2.33621, 6.58365 ], [ 2.33703, 6.58383 ], [ 2.33648, 6.58301 ], [ 2.33658, 6.58075 ], [ 2.33794, 6.57985 ], [ 2.33766, 6.57931 ], [ 2.33803, 6.57913 ], [ 2.33839, 6.57967 ], [ 2.33821, 6.58048 ], [ 2.33884, 6.58094 ], [ 2.33947, 6.58238 ], [ 2.34046, 6.58257 ], [ 2.34092, 6.5823 ], [ 2.34119, 6.58302 ], [ 2.34001, 6.58338 ], [ 2.33902, 6.58284 ], [ 2.33865, 6.58383 ], [ 2.3382, 6.58374 ], [ 2.33811, 6.58302 ], [ 2.33757, 6.58311 ], [ 2.33748, 6.58419 ], [ 2.33793, 6.58492 ], [ 2.33739, 6.58528 ], [ 2.33738, 6.58573 ], [ 2.33811, 6.58564 ], [ 2.33847, 6.58519 ], [ 2.33874, 6.58528 ], [ 2.33856, 6.58582 ], [ 2.33693, 6.58672 ], [ 2.33702, 6.5851 ], [ 2.33657, 6.58609 ], [ 2.33594, 6.58636 ], [ 2.33576, 6.586 ], [ 2.33621, 6.58609 ], [ 2.33621, 6.58582 ], [ 2.33549, 6.58545 ], [ 2.33503, 6.58582 ], [ 2.33503, 6.58645 ], [ 2.33449, 6.58645 ], [ 2.33521, 6.58763 ] ], [ [ 2.36724, 6.58513 ], [ 2.36507, 6.58405 ], [ 2.36471, 6.58359 ], [ 2.36607, 6.58296 ], [ 2.36634, 6.58341 ], [ 2.36733, 6.58369 ], [ 2.36706, 6.58432 ], [ 2.36778, 6.58432 ], [ 2.36724, 6.58513 ] ], [ [ 2.31685, 6.58118 ], [ 2.31812, 6.58091 ], [ 2.31767, 6.58046 ], [ 2.31776, 6.57919 ], [ 2.31722, 6.57892 ], [ 2.31767, 6.57865 ], [ 2.31812, 6.57919 ], [ 2.31803, 6.57982 ], [ 2.31876, 6.58028 ], [ 2.31875, 6.581 ], [ 2.31821, 6.58127 ], [ 2.31839, 6.58217 ], [ 2.31685, 6.58235 ], [ 2.31685, 6.58118 ] ], [ [ 2.34409, 6.5804 ], [ 2.34336, 6.57931 ], [ 2.344, 6.57877 ], [ 2.34463, 6.57895 ], [ 2.34517, 6.57814 ], [ 2.34454, 6.57723 ], [ 2.34572, 6.57696 ], [ 2.34581, 6.5776 ], [ 2.34545, 6.57805 ], [ 2.34626, 6.57877 ], [ 2.34526, 6.57868 ], [ 2.34517, 6.5804 ], [ 2.34472, 6.58013 ], [ 2.34409, 6.5804 ] ], [ [ 2.34671, 6.57932 ], [ 2.34662, 6.57778 ], [ 2.34698, 6.57805 ], [ 2.34807, 6.57787 ], [ 2.34798, 6.57896 ], [ 2.34744, 6.57869 ], [ 2.34716, 6.57959 ], [ 2.34671, 6.57932 ] ], [ [ 2.32708, 6.57712 ], [ 2.32672, 6.57667 ], [ 2.32727, 6.57576 ], [ 2.32826, 6.57522 ], [ 2.32844, 6.57586 ], [ 2.32799, 6.57667 ], [ 2.32808, 6.57739 ], [ 2.32781, 6.57694 ], [ 2.32708, 6.57712 ] ], [ [ 2.33577, 6.57559 ], [ 2.3345, 6.57487 ], [ 2.33496, 6.57424 ], [ 2.33469, 6.57288 ], [ 2.3355, 6.57369 ], [ 2.33532, 6.57415 ], [ 2.33604, 6.5746 ], [ 2.33604, 6.57496 ], [ 2.3355, 6.57514 ], [ 2.33577, 6.57559 ] ], [ [ 2.32971, 6.57197 ], [ 2.32827, 6.57169 ], [ 2.32754, 6.57034 ], [ 2.32773, 6.57006 ], [ 2.32881, 6.56989 ], [ 2.32944, 6.57106 ], [ 2.33026, 6.57106 ], [ 2.33071, 6.57269 ], [ 2.32989, 6.5726 ], [ 2.32971, 6.57197 ] ], [ [ 2.31614, 6.57095 ], [ 2.31624, 6.5705 ], [ 2.31569, 6.57023 ], [ 2.31569, 6.56987 ], [ 2.3147, 6.56978 ], [ 2.31425, 6.56923 ], [ 2.31425, 6.56896 ], [ 2.31506, 6.56914 ], [ 2.31515, 6.56887 ], [ 2.31452, 6.56842 ], [ 2.31533, 6.56806 ], [ 2.31579, 6.56706 ], [ 2.31669, 6.56752 ], [ 2.31705, 6.56824 ], [ 2.31823, 6.56806 ], [ 2.31859, 6.56888 ], [ 2.31741, 6.56978 ], [ 2.3175, 6.57005 ], [ 2.31805, 6.5696 ], [ 2.31868, 6.56969 ], [ 2.31705, 6.57177 ], [ 2.31669, 6.57177 ], [ 2.31669, 6.57132 ], [ 2.31614, 6.57095 ] ], [ [ 2.32628, 6.57178 ], [ 2.32546, 6.57015 ], [ 2.32456, 6.57069 ], [ 2.32402, 6.56952 ], [ 2.32547, 6.56916 ], [ 2.32564, 6.57015 ], [ 2.32673, 6.5716 ], [ 2.32628, 6.57178 ] ], [ [ 2.32031, 6.57042 ], [ 2.31904, 6.57032 ], [ 2.31904, 6.56888 ], [ 2.32067, 6.56825 ], [ 2.32076, 6.56761 ], [ 2.32176, 6.56834 ], [ 2.32121, 6.56888 ], [ 2.32067, 6.56879 ], [ 2.32103, 6.56924 ], [ 2.3204, 6.56969 ], [ 2.32031, 6.57042 ] ], [ [ 2.30149, 6.56849 ], [ 2.30086, 6.56731 ], [ 2.30023, 6.56749 ], [ 2.2996, 6.56704 ], [ 2.29978, 6.56614 ], [ 2.30077, 6.56704 ], [ 2.30186, 6.56632 ], [ 2.30276, 6.56714 ], [ 2.30339, 6.56696 ], [ 2.30312, 6.56623 ], [ 2.30367, 6.56614 ], [ 2.30376, 6.56741 ], [ 2.30339, 6.5675 ], [ 2.30339, 6.56831 ], [ 2.30285, 6.56849 ], [ 2.30258, 6.56822 ], [ 2.30276, 6.56741 ], [ 2.30186, 6.56777 ], [ 2.30149, 6.56849 ] ], [ [ 2.31262, 6.56833 ], [ 2.31118, 6.5666 ], [ 2.31181, 6.56624 ], [ 2.31136, 6.56489 ], [ 2.31226, 6.56471 ], [ 2.3119, 6.56688 ], [ 2.31226, 6.56751 ], [ 2.31271, 6.5676 ], [ 2.31262, 6.56833 ] ], [ [ 2.36609, 6.56803 ], [ 2.36545, 6.5665 ], [ 2.36582, 6.56604 ], [ 2.36546, 6.56414 ], [ 2.36609, 6.56432 ], [ 2.36627, 6.56514 ], [ 2.36681, 6.56487 ], [ 2.3669, 6.5655 ], [ 2.36681, 6.56604 ], [ 2.36618, 6.56595 ], [ 2.36591, 6.56641 ], [ 2.36591, 6.56731 ], [ 2.36645, 6.56722 ], [ 2.36663, 6.56776 ], [ 2.36609, 6.56803 ] ], [ [ 2.32293, 6.56743 ], [ 2.3242, 6.56463 ], [ 2.32447, 6.56563 ], [ 2.32538, 6.56563 ], [ 2.32493, 6.56653 ], [ 2.32456, 6.56599 ], [ 2.32393, 6.56599 ], [ 2.32293, 6.56743 ] ], [ [ 2.29145, 6.56712 ], [ 2.28928, 6.56694 ], [ 2.28937, 6.56594 ], [ 2.28974, 6.56594 ], [ 2.28964, 6.56666 ], [ 2.29019, 6.56694 ], [ 2.29037, 6.56576 ], [ 2.29082, 6.5654 ], [ 2.291, 6.56658 ], [ 2.29145, 6.56712 ] ], [ [ 2.36736, 6.56197 ], [ 2.36709, 6.56071 ], [ 2.36637, 6.56062 ], [ 2.36637, 6.56025 ], [ 2.36827, 6.56017 ], [ 2.36872, 6.5598 ], [ 2.36935, 6.56026 ], [ 2.36817, 6.56207 ], [ 2.36736, 6.56197 ] ], [ [ 2.31833, 6.56046 ], [ 2.31833, 6.5601 ], [ 2.31933, 6.5601 ], [ 2.31933, 6.55983 ], [ 2.31806, 6.55874 ], [ 2.31634, 6.55865 ], [ 2.31662, 6.55784 ], [ 2.31797, 6.55829 ], [ 2.31879, 6.55766 ], [ 2.31897, 6.55847 ], [ 2.3196, 6.55784 ], [ 2.32014, 6.5582 ], [ 2.3196, 6.55875 ], [ 2.31951, 6.56001 ], [ 2.31987, 6.56055 ], [ 2.31896, 6.56083 ], [ 2.31833, 6.56046 ] ], [ [ 2.31643, 6.5601 ], [ 2.31544, 6.56019 ], [ 2.3149, 6.55865 ], [ 2.31499, 6.55765 ], [ 2.31526, 6.55765 ], [ 2.31562, 6.5591 ], [ 2.31724, 6.56046 ], [ 2.31652, 6.56073 ], [ 2.31643, 6.5601 ] ], [ [ 2.32105, 6.55866 ], [ 2.3206, 6.55775 ], [ 2.32069, 6.55694 ], [ 2.32105, 6.55694 ], [ 2.32159, 6.55848 ], [ 2.32259, 6.55766 ], [ 2.32277, 6.55893 ], [ 2.32213, 6.55938 ], [ 2.32168, 6.55875 ], [ 2.32105, 6.55866 ] ], [ [ 2.35615, 6.55481 ], [ 2.35561, 6.55318 ], [ 2.35588, 6.55237 ], [ 2.35652, 6.55246 ], [ 2.35697, 6.553 ], [ 2.35669, 6.55481 ], [ 2.35615, 6.55481 ] ], [ [ 2.32404, 6.55305 ], [ 2.32368, 6.55233 ], [ 2.32422, 6.55197 ], [ 2.32395, 6.5507 ], [ 2.32477, 6.55016 ], [ 2.32386, 6.54989 ], [ 2.3235, 6.54889 ], [ 2.32233, 6.54862 ], [ 2.32197, 6.54816 ], [ 2.32233, 6.54735 ], [ 2.32296, 6.54717 ], [ 2.32323, 6.54735 ], [ 2.32287, 6.54789 ], [ 2.32305, 6.54826 ], [ 2.32423, 6.54771 ], [ 2.32558, 6.54871 ], [ 2.32595, 6.54871 ], [ 2.32613, 6.54817 ], [ 2.32685, 6.54862 ], [ 2.32785, 6.54844 ], [ 2.32839, 6.54926 ], [ 2.3282, 6.55043 ], [ 2.32766, 6.54989 ], [ 2.32712, 6.55016 ], [ 2.32612, 6.54998 ], [ 2.32667, 6.55097 ], [ 2.32612, 6.55115 ], [ 2.32585, 6.55197 ], [ 2.32449, 6.55224 ], [ 2.32449, 6.55441 ], [ 2.32386, 6.55441 ], [ 2.32359, 6.55387 ], [ 2.32322, 6.55423 ], [ 2.3225, 6.55414 ], [ 2.32205, 6.55332 ], [ 2.32114, 6.55359 ], [ 2.3216, 6.55269 ], [ 2.3225, 6.55296 ], [ 2.32259, 6.55368 ], [ 2.32304, 6.5535 ], [ 2.32323, 6.55287 ], [ 2.32404, 6.55305 ] ], [ [ 2.32304, 6.55287 ], [ 2.32223, 6.55205 ], [ 2.32296, 6.55133 ], [ 2.32223, 6.55124 ], [ 2.32187, 6.55052 ], [ 2.32296, 6.5497 ], [ 2.32359, 6.55034 ], [ 2.32314, 6.55088 ], [ 2.32359, 6.55151 ], [ 2.32304, 6.55287 ] ], [ [ 2.29754, 6.5522 ], [ 2.29763, 6.55175 ], [ 2.29835, 6.55139 ], [ 2.29808, 6.55094 ], [ 2.29727, 6.55075 ], [ 2.29817, 6.54994 ], [ 2.29763, 6.54949 ], [ 2.29853, 6.54949 ], [ 2.29989, 6.5513 ], [ 2.29862, 6.55238 ], [ 2.29754, 6.5522 ] ], [ [ 2.35905, 6.5521 ], [ 2.35806, 6.55056 ], [ 2.35878, 6.54948 ], [ 2.35932, 6.55029 ], [ 2.35978, 6.5502 ], [ 2.35987, 6.54975 ], [ 2.36059, 6.54993 ], [ 2.35914, 6.55066 ], [ 2.35932, 6.55147 ], [ 2.35905, 6.5521 ] ], [ [ 2.30722, 6.55104 ], [ 2.30704, 6.5504 ], [ 2.30658, 6.55077 ], [ 2.30568, 6.55067 ], [ 2.30568, 6.5504 ], [ 2.3064, 6.54986 ], [ 2.30758, 6.54986 ], [ 2.30785, 6.54941 ], [ 2.30912, 6.54932 ], [ 2.30875, 6.55059 ], [ 2.30821, 6.55086 ], [ 2.3083, 6.5514 ], [ 2.30722, 6.55104 ] ], [ [ 2.31184, 6.54715 ], [ 2.31066, 6.54643 ], [ 2.31148, 6.54571 ], [ 2.31148, 6.54426 ], [ 2.31003, 6.54371 ], [ 2.30904, 6.54407 ], [ 2.30922, 6.54489 ], [ 2.30858, 6.54444 ], [ 2.30894, 6.54407 ], [ 2.30876, 6.54362 ], [ 2.3094, 6.54335 ], [ 2.30922, 6.5429 ], [ 2.30994, 6.54335 ], [ 2.31012, 6.54281 ], [ 2.31175, 6.54245 ], [ 2.31284, 6.54327 ], [ 2.31447, 6.54182 ], [ 2.31465, 6.54254 ], [ 2.31492, 6.54254 ], [ 2.31519, 6.54155 ], [ 2.31591, 6.54173 ], [ 2.31582, 6.54047 ], [ 2.31691, 6.54092 ], [ 2.31836, 6.54074 ], [ 2.31836, 6.5411 ], [ 2.3189, 6.54119 ], [ 2.3189, 6.54029 ], [ 2.3199, 6.53993 ], [ 2.31953, 6.54065 ], [ 2.31953, 6.54219 ], [ 2.31854, 6.54237 ], [ 2.31808, 6.5421 ], [ 2.3179, 6.54345 ], [ 2.31808, 6.54382 ], [ 2.31962, 6.54382 ], [ 2.31962, 6.54472 ], [ 2.31998, 6.54472 ], [ 2.31998, 6.54508 ], [ 2.31953, 6.54572 ], [ 2.31944, 6.54508 ], [ 2.31862, 6.54545 ], [ 2.31862, 6.5449 ], [ 2.31745, 6.54445 ], [ 2.31754, 6.54228 ], [ 2.31718, 6.54155 ], [ 2.31673, 6.54155 ], [ 2.31646, 6.54182 ], [ 2.31673, 6.54327 ], [ 2.31591, 6.54282 ], [ 2.31555, 6.54354 ], [ 2.31645, 6.5449 ], [ 2.31555, 6.54499 ], [ 2.31482, 6.54444 ], [ 2.31347, 6.54435 ], [ 2.31301, 6.5448 ], [ 2.31292, 6.54598 ], [ 2.31166, 6.54607 ], [ 2.31193, 6.54661 ], [ 2.3131, 6.54725 ], [ 2.3131, 6.54761 ], [ 2.31147, 6.54851 ], [ 2.31184, 6.54715 ] ], [ [ 2.30143, 6.54786 ], [ 2.30062, 6.54813 ], [ 2.30026, 6.54786 ], [ 2.30098, 6.54642 ], [ 2.30125, 6.5466 ], [ 2.30089, 6.54723 ], [ 2.30107, 6.54759 ], [ 2.30225, 6.54759 ], [ 2.30261, 6.54696 ], [ 2.30333, 6.54687 ], [ 2.30333, 6.54741 ], [ 2.30252, 6.54805 ], [ 2.30179, 6.54832 ], [ 2.30143, 6.54786 ] ], [ [ 2.32143, 6.54617 ], [ 2.32034, 6.54445 ], [ 2.32107, 6.54463 ], [ 2.32197, 6.54427 ], [ 2.32215, 6.54301 ], [ 2.32297, 6.54301 ], [ 2.32234, 6.54237 ], [ 2.32107, 6.54237 ], [ 2.32143, 6.54165 ], [ 2.32234, 6.54111 ], [ 2.32225, 6.54056 ], [ 2.32279, 6.54038 ], [ 2.32324, 6.54138 ], [ 2.32424, 6.54165 ], [ 2.32324, 6.54265 ], [ 2.32423, 6.54473 ], [ 2.32378, 6.54482 ], [ 2.32378, 6.54437 ], [ 2.32342, 6.54428 ], [ 2.32269, 6.54482 ], [ 2.32296, 6.54654 ], [ 2.32143, 6.54617 ] ], [ [ 2.30741, 6.54516 ], [ 2.30668, 6.54434 ], [ 2.30714, 6.54389 ], [ 2.30596, 6.54344 ], [ 2.30605, 6.54217 ], [ 2.30641, 6.54199 ], [ 2.30723, 6.54235 ], [ 2.30723, 6.54281 ], [ 2.30777, 6.54299 ], [ 2.30777, 6.54353 ], [ 2.30831, 6.54353 ], [ 2.30768, 6.54416 ], [ 2.30741, 6.54516 ] ], [ [ 2.30931, 6.54154 ], [ 2.30868, 6.54082 ], [ 2.30967, 6.54118 ], [ 2.30967, 6.5401 ], [ 2.3104, 6.54046 ], [ 2.31049, 6.541 ], [ 2.31148, 6.54109 ], [ 2.31076, 6.54191 ], [ 2.30931, 6.54154 ] ], [ [ 2.30524, 6.54009 ], [ 2.30443, 6.54063 ], [ 2.30443, 6.54135 ], [ 2.30406, 6.54135 ], [ 2.30407, 6.53991 ], [ 2.30497, 6.53909 ], [ 2.30497, 6.53846 ], [ 2.30579, 6.539 ], [ 2.30606, 6.53973 ], [ 2.30596, 6.54145 ], [ 2.30533, 6.54136 ], [ 2.30524, 6.54009 ] ], [ [ 2.30687, 6.53901 ], [ 2.30669, 6.53792 ], [ 2.3076, 6.5381 ], [ 2.31004, 6.53684 ], [ 2.31203, 6.53738 ], [ 2.31185, 6.53802 ], [ 2.31103, 6.53793 ], [ 2.31094, 6.53856 ], [ 2.31031, 6.53892 ], [ 2.30959, 6.53847 ], [ 2.31058, 6.53802 ], [ 2.30986, 6.53738 ], [ 2.30913, 6.53756 ], [ 2.30886, 6.53847 ], [ 2.30796, 6.53819 ], [ 2.30687, 6.53901 ] ], [ [ 2.31629, 6.53278 ], [ 2.3171, 6.5316 ], [ 2.31656, 6.53042 ], [ 2.31711, 6.52997 ], [ 2.31747, 6.53034 ], [ 2.31773, 6.53269 ], [ 2.31737, 6.53278 ], [ 2.31728, 6.53223 ], [ 2.31683, 6.53214 ], [ 2.31629, 6.53278 ] ], [ [ 2.30498, 6.53222 ], [ 2.30562, 6.5295 ], [ 2.30499, 6.52869 ], [ 2.30535, 6.5286 ], [ 2.30616, 6.52887 ], [ 2.3058, 6.53068 ], [ 2.30634, 6.53213 ], [ 2.30498, 6.53222 ] ], [ [ 2.31475, 6.52988 ], [ 2.31376, 6.52906 ], [ 2.31331, 6.52961 ], [ 2.31295, 6.52915 ], [ 2.31267, 6.52951 ], [ 2.31132, 6.52969 ], [ 2.31141, 6.52734 ], [ 2.31195, 6.52761 ], [ 2.31286, 6.52743 ], [ 2.31295, 6.5268 ], [ 2.31087, 6.52689 ], [ 2.31051, 6.52734 ], [ 2.30924, 6.5268 ], [ 2.30951, 6.52634 ], [ 2.31114, 6.52635 ], [ 2.31051, 6.52517 ], [ 2.31132, 6.52499 ], [ 2.31169, 6.52454 ], [ 2.3116, 6.52399 ], [ 2.31069, 6.52345 ], [ 2.31124, 6.52218 ], [ 2.3125, 6.5221 ], [ 2.31277, 6.52264 ], [ 2.31341, 6.52282 ], [ 2.31295, 6.52318 ], [ 2.31322, 6.52427 ], [ 2.31268, 6.52463 ], [ 2.31286, 6.52526 ], [ 2.3125, 6.52526 ], [ 2.31241, 6.52571 ], [ 2.31322, 6.52581 ], [ 2.31367, 6.52544 ], [ 2.3143, 6.52716 ], [ 2.31485, 6.52762 ], [ 2.31575, 6.52762 ], [ 2.31494, 6.52888 ], [ 2.31593, 6.52961 ], [ 2.31475, 6.52988 ] ], [ [ 2.31882, 6.52952 ], [ 2.31946, 6.52862 ], [ 2.31937, 6.52817 ], [ 2.31892, 6.52826 ], [ 2.31883, 6.5288 ], [ 2.31783, 6.5288 ], [ 2.31756, 6.52979 ], [ 2.31647, 6.52943 ], [ 2.31647, 6.52898 ], [ 2.31774, 6.5278 ], [ 2.31847, 6.5278 ], [ 2.31829, 6.52699 ], [ 2.31883, 6.52771 ], [ 2.31919, 6.52744 ], [ 2.31982, 6.52762 ], [ 2.31982, 6.52961 ], [ 2.31919, 6.52989 ], [ 2.31837, 6.52961 ], [ 2.31882, 6.52952 ] ], [ [ 2.31747, 6.52599 ], [ 2.31747, 6.52536 ], [ 2.31783, 6.5259 ], [ 2.31784, 6.52536 ], [ 2.31983, 6.52455 ], [ 2.31946, 6.52554 ], [ 2.31973, 6.52645 ], [ 2.31928, 6.52654 ], [ 2.31901, 6.5259 ], [ 2.31847, 6.5259 ], [ 2.31801, 6.52654 ], [ 2.31747, 6.52599 ] ], [ [ 2.30372, 6.52543 ], [ 2.30373, 6.52425 ], [ 2.30409, 6.52426 ], [ 2.30427, 6.5238 ], [ 2.30345, 6.52371 ], [ 2.30328, 6.52172 ], [ 2.30301, 6.52172 ], [ 2.303, 6.52263 ], [ 2.30264, 6.52208 ], [ 2.30283, 6.52118 ], [ 2.30364, 6.52109 ], [ 2.30328, 6.52064 ], [ 2.30364, 6.52091 ], [ 2.30518, 6.52064 ], [ 2.305, 6.52181 ], [ 2.30563, 6.52127 ], [ 2.3068, 6.522 ], [ 2.30672, 6.52091 ], [ 2.30626, 6.52073 ], [ 2.30654, 6.52019 ], [ 2.30762, 6.521 ], [ 2.30726, 6.52146 ], [ 2.30744, 6.52191 ], [ 2.30798, 6.52191 ], [ 2.30825, 6.52146 ], [ 2.30925, 6.52164 ], [ 2.30879, 6.52263 ], [ 2.30925, 6.52254 ], [ 2.30943, 6.52318 ], [ 2.3078, 6.52308 ], [ 2.30725, 6.52399 ], [ 2.30617, 6.52399 ], [ 2.3059, 6.52489 ], [ 2.30472, 6.52453 ], [ 2.30409, 6.52471 ], [ 2.304, 6.52552 ], [ 2.30372, 6.52543 ] ], [ [ 2.3172, 6.52482 ], [ 2.31702, 6.52373 ], [ 2.31585, 6.52391 ], [ 2.31612, 6.52445 ], [ 2.31512, 6.52427 ], [ 2.31494, 6.52355 ], [ 2.31603, 6.52282 ], [ 2.31585, 6.5221 ], [ 2.31657, 6.52201 ], [ 2.31657, 6.52246 ], [ 2.31693, 6.52255 ], [ 2.31648, 6.52301 ], [ 2.31657, 6.52337 ], [ 2.3173, 6.52319 ], [ 2.31784, 6.52446 ], [ 2.3172, 6.52482 ] ], [ [ 2.31133, 6.52119 ], [ 2.31015, 6.52119 ], [ 2.30979, 6.52037 ], [ 2.30825, 6.52001 ], [ 2.30862, 6.51965 ], [ 2.3088, 6.52001 ], [ 2.30961, 6.52019 ], [ 2.30952, 6.51965 ], [ 2.30898, 6.51974 ], [ 2.30853, 6.5191 ], [ 2.30753, 6.51928 ], [ 2.30789, 6.52001 ], [ 2.30735, 6.5201 ], [ 2.30717, 6.51856 ], [ 2.30636, 6.5182 ], [ 2.30527, 6.51874 ], [ 2.30654, 6.51865 ], [ 2.30699, 6.51974 ], [ 2.30681, 6.52019 ], [ 2.30617, 6.51955 ], [ 2.30554, 6.51992 ], [ 2.30572, 6.52028 ], [ 2.30554, 6.52046 ], [ 2.30509, 6.52019 ], [ 2.30509, 6.51946 ], [ 2.30446, 6.51964 ], [ 2.30364, 6.5191 ], [ 2.30283, 6.51964 ], [ 2.30283, 6.52009 ], [ 2.3021, 6.52036 ], [ 2.30192, 6.52109 ], [ 2.30165, 6.52054 ], [ 2.30111, 6.52081 ], [ 2.30075, 6.52054 ], [ 2.30165, 6.52018 ], [ 2.30183, 6.51946 ], [ 2.30238, 6.51946 ], [ 2.30174, 6.5181 ], [ 2.3022, 6.51792 ], [ 2.30247, 6.51711 ], [ 2.30392, 6.51684 ], [ 2.30392, 6.51738 ], [ 2.30491, 6.51792 ], [ 2.30554, 6.51747 ], [ 2.30554, 6.51702 ], [ 2.30609, 6.51693 ], [ 2.306, 6.51666 ], [ 2.305, 6.51675 ], [ 2.305, 6.51648 ], [ 2.30591, 6.51621 ], [ 2.30636, 6.51566 ], [ 2.30555, 6.51539 ], [ 2.30509, 6.51575 ], [ 2.30473, 6.51521 ], [ 2.30546, 6.51485 ], [ 2.306, 6.51521 ], [ 2.30699, 6.51494 ], [ 2.30754, 6.51567 ], [ 2.3079, 6.51549 ], [ 2.3079, 6.51467 ], [ 2.307, 6.51349 ], [ 2.30718, 6.51322 ], [ 2.30808, 6.51313 ], [ 2.30908, 6.51431 ], [ 2.3098, 6.51431 ], [ 2.31007, 6.51404 ], [ 2.3098, 6.51341 ], [ 2.31071, 6.51368 ], [ 2.31197, 6.51341 ], [ 2.31242, 6.51395 ], [ 2.31288, 6.51359 ], [ 2.31261, 6.51305 ], [ 2.31333, 6.51278 ], [ 2.31306, 6.51404 ], [ 2.31369, 6.5154 ], [ 2.31324, 6.5154 ], [ 2.31296, 6.51631 ], [ 2.31215, 6.51667 ], [ 2.31323, 6.51775 ], [ 2.3135, 6.51884 ], [ 2.31142, 6.51974 ], [ 2.31142, 6.52038 ], [ 2.31214, 6.5211 ], [ 2.31178, 6.52173 ], [ 2.31133, 6.52119 ] ], [ [ 2.28555, 6.51772 ], [ 2.28592, 6.51582 ], [ 2.28727, 6.51564 ], [ 2.28709, 6.51618 ], [ 2.28637, 6.51654 ], [ 2.28646, 6.51699 ], [ 2.28691, 6.51708 ], [ 2.28691, 6.51763 ], [ 2.2861, 6.51745 ], [ 2.28555, 6.51772 ] ], [ [ 2.32853, 6.51325 ], [ 2.32817, 6.51171 ], [ 2.32916, 6.51199 ], [ 2.32961, 6.51153 ], [ 2.33052, 6.51298 ], [ 2.32997, 6.51307 ], [ 2.32916, 6.51262 ], [ 2.32853, 6.51325 ] ], [ [ 2.30881, 6.51268 ], [ 2.30799, 6.51178 ], [ 2.30809, 6.51033 ], [ 2.30845, 6.50988 ], [ 2.30809, 6.50897 ], [ 2.30926, 6.50852 ], [ 2.3099, 6.5087 ], [ 2.31044, 6.50825 ], [ 2.3108, 6.50861 ], [ 2.30972, 6.50915 ], [ 2.3099, 6.51024 ], [ 2.31107, 6.51042 ], [ 2.31225, 6.50988 ], [ 2.31225, 6.51052 ], [ 2.3127, 6.51052 ], [ 2.31288, 6.50961 ], [ 2.31225, 6.50952 ], [ 2.31216, 6.50816 ], [ 2.31171, 6.5078 ], [ 2.31252, 6.50581 ], [ 2.3127, 6.50907 ], [ 2.31333, 6.51016 ], [ 2.3137, 6.50961 ], [ 2.31406, 6.5097 ], [ 2.31415, 6.51016 ], [ 2.3136, 6.51043 ], [ 2.31415, 6.51097 ], [ 2.31406, 6.51142 ], [ 2.31288, 6.51178 ], [ 2.31324, 6.51242 ], [ 2.3127, 6.5126 ], [ 2.31215, 6.51187 ], [ 2.31207, 6.5107 ], [ 2.3117, 6.51061 ], [ 2.3117, 6.51124 ], [ 2.31089, 6.5116 ], [ 2.31107, 6.51214 ], [ 2.31053, 6.51277 ], [ 2.30881, 6.51268 ] ], [ [ 2.29985, 6.51113 ], [ 2.30004, 6.50987 ], [ 2.29977, 6.50923 ], [ 2.30049, 6.50887 ], [ 2.30049, 6.50842 ], [ 2.29977, 6.50787 ], [ 2.30004, 6.50751 ], [ 2.30067, 6.50815 ], [ 2.30131, 6.50797 ], [ 2.30148, 6.50942 ], [ 2.30103, 6.50969 ], [ 2.30058, 6.51104 ], [ 2.29985, 6.51113 ] ], [ [ 2.32265, 6.51035 ], [ 2.32175, 6.508 ], [ 2.32066, 6.50772 ], [ 2.32048, 6.50727 ], [ 2.32175, 6.50718 ], [ 2.32329, 6.50574 ], [ 2.32338, 6.50673 ], [ 2.32284, 6.50682 ], [ 2.32229, 6.50754 ], [ 2.32229, 6.50854 ], [ 2.3231, 6.50872 ], [ 2.32301, 6.50944 ], [ 2.32337, 6.50981 ], [ 2.32319, 6.5108 ], [ 2.32265, 6.51035 ] ], [ [ 2.33314, 6.50873 ], [ 2.33179, 6.50882 ], [ 2.33134, 6.50837 ], [ 2.3298, 6.50819 ], [ 2.32763, 6.50574 ], [ 2.32917, 6.50502 ], [ 2.32999, 6.50348 ], [ 2.3308, 6.50394 ], [ 2.33198, 6.50376 ], [ 2.33261, 6.50439 ], [ 2.33243, 6.5052 ], [ 2.33288, 6.50611 ], [ 2.3326, 6.50701 ], [ 2.33414, 6.5091 ], [ 2.33314, 6.50873 ] ], [ [ 2.37711, 6.50861 ], [ 2.37503, 6.50689 ], [ 2.37512, 6.5058 ], [ 2.37611, 6.50653 ], [ 2.3762, 6.50698 ], [ 2.37702, 6.50734 ], [ 2.37711, 6.50861 ] ], [ [ 2.30438, 6.50779 ], [ 2.30375, 6.50797 ], [ 2.3033, 6.50725 ], [ 2.30275, 6.50725 ], [ 2.30266, 6.50815 ], [ 2.30176, 6.50797 ], [ 2.30212, 6.50697 ], [ 2.30167, 6.50643 ], [ 2.30167, 6.50571 ], [ 2.30095, 6.50534 ], [ 2.3005, 6.50453 ], [ 2.30077, 6.50444 ], [ 2.30122, 6.50507 ], [ 2.30267, 6.50535 ], [ 2.30294, 6.50589 ], [ 2.30375, 6.50598 ], [ 2.30402, 6.50652 ], [ 2.30447, 6.50625 ], [ 2.30429, 6.50571 ], [ 2.30466, 6.50562 ], [ 2.30556, 6.50707 ], [ 2.30492, 6.50761 ], [ 2.3051, 6.50833 ], [ 2.30465, 6.50842 ], [ 2.30438, 6.50779 ] ], [ [ 2.28928, 6.50813 ], [ 2.28873, 6.50723 ], [ 2.28964, 6.50659 ], [ 2.28937, 6.50596 ], [ 2.29036, 6.50587 ], [ 2.28982, 6.50641 ], [ 2.29036, 6.50696 ], [ 2.28982, 6.50786 ], [ 2.28928, 6.50813 ] ], [ [ 2.29543, 6.50714 ], [ 2.29561, 6.50651 ], [ 2.29742, 6.50624 ], [ 2.29687, 6.50751 ], [ 2.29579, 6.50769 ], [ 2.29543, 6.50714 ] ], [ [ 2.29091, 6.50587 ], [ 2.29118, 6.50542 ], [ 2.29046, 6.50515 ], [ 2.29154, 6.50443 ], [ 2.29154, 6.50406 ], [ 2.29073, 6.50406 ], [ 2.29091, 6.50307 ], [ 2.29145, 6.50253 ], [ 2.292, 6.50289 ], [ 2.29272, 6.50262 ], [ 2.29227, 6.5037 ], [ 2.29181, 6.50388 ], [ 2.29208, 6.50633 ], [ 2.29109, 6.50678 ], [ 2.29091, 6.50587 ] ], [ [ 2.27806, 6.5054 ], [ 2.27535, 6.50449 ], [ 2.27562, 6.50413 ], [ 2.27607, 6.50422 ], [ 2.27544, 6.50305 ], [ 2.27626, 6.50359 ], [ 2.27662, 6.50115 ], [ 2.27698, 6.50133 ], [ 2.2768, 6.50232 ], [ 2.27725, 6.50341 ], [ 2.27653, 6.5035 ], [ 2.27698, 6.50413 ], [ 2.27752, 6.50368 ], [ 2.27797, 6.50377 ], [ 2.27834, 6.50459 ], [ 2.27806, 6.5054 ] ], [ [ 2.31026, 6.50499 ], [ 2.30945, 6.50364 ], [ 2.30963, 6.50336 ], [ 2.31, 6.50327 ], [ 2.31036, 6.504 ], [ 2.31171, 6.50301 ], [ 2.31244, 6.50346 ], [ 2.31235, 6.50418 ], [ 2.31108, 6.50382 ], [ 2.31108, 6.50472 ], [ 2.31072, 6.50509 ], [ 2.31026, 6.50499 ] ], [ [ 2.29996, 6.50281 ], [ 2.2996, 6.50118 ], [ 2.30141, 6.50091 ], [ 2.30168, 6.50037 ], [ 2.30258, 6.50064 ], [ 2.30367, 6.49983 ], [ 2.30367, 6.49865 ], [ 2.30457, 6.49902 ], [ 2.3053, 6.49884 ], [ 2.30521, 6.49992 ], [ 2.30584, 6.50037 ], [ 2.30584, 6.50119 ], [ 2.3062, 6.50155 ], [ 2.3062, 6.50182 ], [ 2.30584, 6.50173 ], [ 2.30548, 6.50065 ], [ 2.30457, 6.50064 ], [ 2.30457, 6.50019 ], [ 2.30403, 6.49992 ], [ 2.30367, 6.50146 ], [ 2.30394, 6.50173 ], [ 2.30466, 6.50146 ], [ 2.30466, 6.50182 ], [ 2.30358, 6.50209 ], [ 2.30186, 6.50154 ], [ 2.30177, 6.50263 ], [ 2.30104, 6.50254 ], [ 2.30068, 6.5029 ], [ 2.29996, 6.50281 ] ], [ [ 2.31, 6.50282 ], [ 2.30873, 6.50092 ], [ 2.30882, 6.50029 ], [ 2.30964, 6.49947 ], [ 2.31036, 6.49966 ], [ 2.31054, 6.50029 ], [ 2.30991, 6.50065 ], [ 2.31045, 6.50183 ], [ 2.31036, 6.50291 ], [ 2.31, 6.50282 ] ], [ [ 2.291, 6.50207 ], [ 2.29019, 6.50144 ], [ 2.2901, 6.5018 ], [ 2.28974, 6.50153 ], [ 2.2901, 6.50071 ], [ 2.28947, 6.50062 ], [ 2.28983, 6.49963 ], [ 2.28938, 6.4989 ], [ 2.29038, 6.4971 ], [ 2.28929, 6.49646 ], [ 2.28893, 6.49646 ], [ 2.28902, 6.49709 ], [ 2.28875, 6.49709 ], [ 2.28857, 6.49646 ], [ 2.28884, 6.49583 ], [ 2.28857, 6.49483 ], [ 2.2892, 6.49538 ], [ 2.28947, 6.49519 ], [ 2.28884, 6.49393 ], [ 2.28902, 6.49357 ], [ 2.28957, 6.49384 ], [ 2.28975, 6.49529 ], [ 2.29011, 6.49538 ], [ 2.28983, 6.49628 ], [ 2.29128, 6.49728 ], [ 2.29182, 6.49701 ], [ 2.292, 6.49737 ], [ 2.29137, 6.49773 ], [ 2.29236, 6.49827 ], [ 2.292, 6.49882 ], [ 2.29164, 6.49836 ], [ 2.29137, 6.49936 ], [ 2.29055, 6.50008 ], [ 2.29209, 6.50045 ], [ 2.29227, 6.50017 ], [ 2.29182, 6.4999 ], [ 2.29182, 6.49927 ], [ 2.29309, 6.49963 ], [ 2.29381, 6.49918 ], [ 2.29507, 6.50126 ], [ 2.29489, 6.5019 ], [ 2.29444, 6.5019 ], [ 2.29363, 6.50063 ], [ 2.29281, 6.50063 ], [ 2.29263, 6.50108 ], [ 2.29299, 6.50162 ], [ 2.29263, 6.50198 ], [ 2.29173, 6.5018 ], [ 2.291, 6.50207 ] ], [ [ 2.31362, 6.50138 ], [ 2.31299, 6.49975 ], [ 2.31362, 6.49984 ], [ 2.31462, 6.49831 ], [ 2.31552, 6.49831 ], [ 2.31624, 6.49994 ], [ 2.31488, 6.50075 ], [ 2.31425, 6.49993 ], [ 2.31389, 6.49993 ], [ 2.31389, 6.5012 ], [ 2.31362, 6.50138 ] ], [ [ 2.3015, 6.49928 ], [ 2.30087, 6.49783 ], [ 2.30177, 6.49747 ], [ 2.30141, 6.4963 ], [ 2.30241, 6.49612 ], [ 2.30259, 6.49802 ], [ 2.30195, 6.49838 ], [ 2.3015, 6.49928 ] ], [ [ 2.2939, 6.4971 ], [ 2.29237, 6.49728 ], [ 2.29219, 6.49692 ], [ 2.2949, 6.49611 ], [ 2.29463, 6.49746 ], [ 2.2939, 6.4971 ] ], [ [ 2.29065, 6.49574 ], [ 2.29011, 6.49384 ], [ 2.29092, 6.49339 ], [ 2.29092, 6.49402 ], [ 2.29165, 6.4942 ], [ 2.29128, 6.49474 ], [ 2.29155, 6.49547 ], [ 2.29065, 6.49574 ] ], [ [ 2.29535, 6.49556 ], [ 2.29373, 6.49547 ], [ 2.29364, 6.49475 ], [ 2.29499, 6.4943 ], [ 2.29535, 6.49556 ] ], [ [ 2.27609, 6.49554 ], [ 2.27555, 6.49454 ], [ 2.27573, 6.49346 ], [ 2.27618, 6.49355 ], [ 2.27717, 6.49536 ], [ 2.27609, 6.49554 ] ], [ [ 2.28721, 6.49474 ], [ 2.28586, 6.49284 ], [ 2.28496, 6.49256 ], [ 2.28559, 6.49211 ], [ 2.28595, 6.49266 ], [ 2.28776, 6.49239 ], [ 2.28794, 6.49275 ], [ 2.28722, 6.49275 ], [ 2.28713, 6.4932 ], [ 2.28776, 6.49347 ], [ 2.28758, 6.49402 ], [ 2.28785, 6.49429 ], [ 2.28721, 6.49474 ] ], [ [ 2.29219, 6.49411 ], [ 2.29183, 6.49312 ], [ 2.29301, 6.49258 ], [ 2.2931, 6.49203 ], [ 2.29228, 6.49176 ], [ 2.2921, 6.49239 ], [ 2.2912, 6.4923 ], [ 2.29102, 6.49149 ], [ 2.28975, 6.49049 ], [ 2.28957, 6.48959 ], [ 2.28903, 6.48977 ], [ 2.28867, 6.48931 ], [ 2.28948, 6.4895 ], [ 2.29084, 6.48778 ], [ 2.29066, 6.48724 ], [ 2.28994, 6.48723 ], [ 2.28994, 6.48678 ], [ 2.29048, 6.48687 ], [ 2.29066, 6.48642 ], [ 2.29148, 6.48669 ], [ 2.29202, 6.48606 ], [ 2.29175, 6.48687 ], [ 2.29093, 6.48742 ], [ 2.29138, 6.48778 ], [ 2.29111, 6.48841 ], [ 2.29265, 6.4886 ], [ 2.29292, 6.48959 ], [ 2.29382, 6.4895 ], [ 2.29401, 6.48905 ], [ 2.2931, 6.48841 ], [ 2.29301, 6.48715 ], [ 2.29238, 6.48669 ], [ 2.2932, 6.48633 ], [ 2.29446, 6.48706 ], [ 2.29509, 6.48661 ], [ 2.2951, 6.48588 ], [ 2.29546, 6.48579 ], [ 2.29573, 6.48625 ], [ 2.29537, 6.48679 ], [ 2.29555, 6.48751 ], [ 2.295, 6.48833 ], [ 2.29509, 6.48896 ], [ 2.29446, 6.48932 ], [ 2.29473, 6.48995 ], [ 2.294, 6.48995 ], [ 2.29409, 6.4905 ], [ 2.29455, 6.49068 ], [ 2.29454, 6.4914 ], [ 2.29391, 6.49113 ], [ 2.29319, 6.49131 ], [ 2.29373, 6.4914 ], [ 2.29346, 6.49203 ], [ 2.29373, 6.49285 ], [ 2.29273, 6.4933 ], [ 2.29273, 6.4942 ], [ 2.29219, 6.49411 ] ], [ [ 2.25673, 6.49316 ], [ 2.25529, 6.49252 ], [ 2.25511, 6.49135 ], [ 2.25601, 6.49053 ], [ 2.25647, 6.49053 ], [ 2.25619, 6.49153 ], [ 2.25665, 6.49207 ], [ 2.25728, 6.49207 ], [ 2.25764, 6.49271 ], [ 2.25673, 6.49316 ] ], [ [ 2.27057, 6.49227 ], [ 2.27085, 6.49164 ], [ 2.27184, 6.49191 ], [ 2.27275, 6.49155 ], [ 2.2732, 6.49173 ], [ 2.27293, 6.49228 ], [ 2.27238, 6.49209 ], [ 2.27193, 6.49273 ], [ 2.27094, 6.49273 ], [ 2.27057, 6.49227 ] ], [ [ 2.28324, 6.4913 ], [ 2.28297, 6.49093 ], [ 2.28188, 6.49084 ], [ 2.28297, 6.49003 ], [ 2.28243, 6.48976 ], [ 2.28288, 6.48912 ], [ 2.28279, 6.48858 ], [ 2.28351, 6.48913 ], [ 2.28442, 6.48885 ], [ 2.28523, 6.48976 ], [ 2.2855, 6.49067 ], [ 2.28532, 6.4913 ], [ 2.28487, 6.4913 ], [ 2.28487, 6.49039 ], [ 2.2846, 6.49012 ], [ 2.28414, 6.4903 ], [ 2.28351, 6.49093 ], [ 2.28342, 6.4922 ], [ 2.28306, 6.49184 ], [ 2.28324, 6.4913 ] ], [ [ 2.29708, 6.49222 ], [ 2.29626, 6.4915 ], [ 2.29663, 6.49122 ], [ 2.29699, 6.4915 ], [ 2.29771, 6.49132 ], [ 2.29726, 6.49005 ], [ 2.2978, 6.48969 ], [ 2.29834, 6.49077 ], [ 2.29798, 6.49159 ], [ 2.29708, 6.49177 ], [ 2.29708, 6.49222 ] ], [ [ 2.25294, 6.4917 ], [ 2.25303, 6.49053 ], [ 2.25393, 6.49035 ], [ 2.25403, 6.48999 ], [ 2.25348, 6.4899 ], [ 2.25258, 6.49044 ], [ 2.25222, 6.48935 ], [ 2.25267, 6.48971 ], [ 2.25312, 6.48944 ], [ 2.25403, 6.48963 ], [ 2.25448, 6.49017 ], [ 2.25439, 6.49071 ], [ 2.25493, 6.49089 ], [ 2.25366, 6.49125 ], [ 2.25366, 6.4918 ], [ 2.25294, 6.4917 ] ], [ [ 2.2798, 6.49129 ], [ 2.28026, 6.48939 ], [ 2.28143, 6.48921 ], [ 2.28152, 6.48994 ], [ 2.28035, 6.49012 ], [ 2.28044, 6.49084 ], [ 2.2798, 6.49165 ], [ 2.27926, 6.49165 ], [ 2.2798, 6.49129 ] ], [ [ 2.27148, 6.49056 ], [ 2.27067, 6.48929 ], [ 2.27103, 6.48902 ], [ 2.27103, 6.4882 ], [ 2.27185, 6.48775 ], [ 2.27248, 6.48839 ], [ 2.2732, 6.48802 ], [ 2.27329, 6.48938 ], [ 2.27239, 6.48974 ], [ 2.2722, 6.49047 ], [ 2.27148, 6.49056 ] ], [ [ 2.25737, 6.48882 ], [ 2.25674, 6.488 ], [ 2.25855, 6.48592 ], [ 2.25855, 6.48764 ], [ 2.2581, 6.48809 ], [ 2.25792, 6.48746 ], [ 2.25756, 6.48764 ], [ 2.2581, 6.48882 ], [ 2.25737, 6.48882 ] ], [ [ 2.26126, 6.48819 ], [ 2.26118, 6.48683 ], [ 2.26226, 6.48593 ], [ 2.26298, 6.48683 ], [ 2.26262, 6.48738 ], [ 2.26235, 6.48665 ], [ 2.2619, 6.48774 ], [ 2.26316, 6.48801 ], [ 2.26144, 6.48819 ], [ 2.26072, 6.48873 ], [ 2.26126, 6.48819 ] ], [ [ 2.25077, 6.48817 ], [ 2.25104, 6.48745 ], [ 2.25059, 6.48663 ], [ 2.25123, 6.48636 ], [ 2.25105, 6.48573 ], [ 2.2505, 6.48573 ], [ 2.25041, 6.4851 ], [ 2.24978, 6.48519 ], [ 2.2496, 6.48573 ], [ 2.25014, 6.48663 ], [ 2.24969, 6.48672 ], [ 2.24924, 6.48618 ], [ 2.24924, 6.48546 ], [ 2.24951, 6.48419 ], [ 2.25023, 6.48428 ], [ 2.25096, 6.48383 ], [ 2.25087, 6.48347 ], [ 2.2515, 6.48275 ], [ 2.25141, 6.48211 ], [ 2.25042, 6.48265 ], [ 2.24924, 6.48428 ], [ 2.24815, 6.48482 ], [ 2.24815, 6.48437 ], [ 2.24879, 6.4841 ], [ 2.24915, 6.48329 ], [ 2.24978, 6.48311 ], [ 2.24979, 6.48256 ], [ 2.25123, 6.48157 ], [ 2.25087, 6.4803 ], [ 2.25051, 6.48039 ], [ 2.25096, 6.48112 ], [ 2.25069, 6.48157 ], [ 2.2497, 6.48084 ], [ 2.24997, 6.47903 ], [ 2.25096, 6.48003 ], [ 2.25133, 6.47976 ], [ 2.25051, 6.47867 ], [ 2.25124, 6.47768 ], [ 2.25061, 6.47723 ], [ 2.25124, 6.47659 ], [ 2.25088, 6.47614 ], [ 2.25124, 6.47569 ], [ 2.25034, 6.47533 ], [ 2.25052, 6.47397 ], [ 2.2498, 6.47406 ], [ 2.25052, 6.47343 ], [ 2.24998, 6.47234 ], [ 2.25043, 6.47162 ], [ 2.24935, 6.47089 ], [ 2.24881, 6.47116 ], [ 2.24899, 6.47062 ], [ 2.24863, 6.47062 ], [ 2.24881, 6.47089 ], [ 2.24808, 6.47116 ], [ 2.24772, 6.47197 ], [ 2.24654, 6.47252 ], [ 2.24618, 6.47224 ], [ 2.24655, 6.47152 ], [ 2.24718, 6.4717 ], [ 2.24754, 6.47143 ], [ 2.24754, 6.47116 ], [ 2.247, 6.47125 ], [ 2.24655, 6.4708 ], [ 2.24745, 6.46989 ], [ 2.24809, 6.47017 ], [ 2.24845, 6.46971 ], [ 2.24962, 6.47053 ], [ 2.25017, 6.46917 ], [ 2.25071, 6.47017 ], [ 2.25107, 6.47017 ], [ 2.25116, 6.46981 ], [ 2.2508, 6.46972 ], [ 2.25089, 6.46927 ], [ 2.25053, 6.46899 ], [ 2.25089, 6.46863 ], [ 2.25035, 6.46782 ], [ 2.25062, 6.46727 ], [ 2.24972, 6.46745 ], [ 2.24981, 6.46637 ], [ 2.25107, 6.46718 ], [ 2.25153, 6.46574 ], [ 2.25289, 6.46511 ], [ 2.25189, 6.46384 ], [ 2.24945, 6.46356 ], [ 2.24927, 6.46311 ], [ 2.24963, 6.46221 ], [ 2.24936, 6.46139 ], [ 2.24828, 6.46112 ], [ 2.24855, 6.46067 ], [ 2.24973, 6.46076 ], [ 2.24937, 6.46004 ], [ 2.24982, 6.45986 ], [ 2.25027, 6.4604 ], [ 2.25127, 6.4604 ], [ 2.25145, 6.45995 ], [ 2.25063, 6.45904 ], [ 2.25109, 6.45723 ], [ 2.25344, 6.45778 ], [ 2.25353, 6.4585 ], [ 2.25317, 6.45787 ], [ 2.2529, 6.45796 ], [ 2.25326, 6.45823 ], [ 2.25299, 6.45868 ], [ 2.25317, 6.45968 ], [ 2.25416, 6.45878 ], [ 2.25443, 6.45878 ], [ 2.25443, 6.45959 ], [ 2.2547, 6.45968 ], [ 2.25461, 6.46013 ], [ 2.25434, 6.45959 ], [ 2.25398, 6.45968 ], [ 2.25416, 6.4604 ], [ 2.2538, 6.46077 ], [ 2.25434, 6.46249 ], [ 2.25406, 6.46375 ], [ 2.25479, 6.4633 ], [ 2.25488, 6.46276 ], [ 2.25533, 6.46348 ], [ 2.25578, 6.46357 ], [ 2.25451, 6.46457 ], [ 2.25497, 6.46529 ], [ 2.25469, 6.4661 ], [ 2.25533, 6.46683 ], [ 2.25505, 6.46737 ], [ 2.25532, 6.46791 ], [ 2.25478, 6.46882 ], [ 2.25541, 6.46909 ], [ 2.2555, 6.47027 ], [ 2.25586, 6.47036 ], [ 2.25523, 6.47144 ], [ 2.25541, 6.47199 ], [ 2.25595, 6.4719 ], [ 2.25667, 6.47271 ], [ 2.25722, 6.47262 ], [ 2.25731, 6.47335 ], [ 2.25839, 6.47416 ], [ 2.26228, 6.47055 ], [ 2.26364, 6.46883 ], [ 2.2641, 6.46856 ], [ 2.26428, 6.46865 ], [ 2.26328, 6.46992 ], [ 2.26247, 6.47037 ], [ 2.26219, 6.47109 ], [ 2.26138, 6.47154 ], [ 2.26092, 6.47254 ], [ 2.2602, 6.47281 ], [ 2.26002, 6.47362 ], [ 2.25866, 6.47425 ], [ 2.25712, 6.47651 ], [ 2.25658, 6.4766 ], [ 2.25676, 6.47705 ], [ 2.25712, 6.47705 ], [ 2.25775, 6.47597 ], [ 2.25848, 6.47642 ], [ 2.25866, 6.47733 ], [ 2.25784, 6.47724 ], [ 2.25694, 6.47787 ], [ 2.25631, 6.47714 ], [ 2.2554, 6.47778 ], [ 2.25639, 6.47877 ], [ 2.25694, 6.47877 ], [ 2.25675, 6.47923 ], [ 2.25558, 6.47886 ], [ 2.25531, 6.47814 ], [ 2.25468, 6.47859 ], [ 2.25459, 6.47805 ], [ 2.25486, 6.4775 ], [ 2.25622, 6.47678 ], [ 2.2564, 6.47579 ], [ 2.25721, 6.47543 ], [ 2.25739, 6.47488 ], [ 2.25685, 6.47434 ], [ 2.25649, 6.47452 ], [ 2.25713, 6.47316 ], [ 2.25658, 6.4728 ], [ 2.25586, 6.47316 ], [ 2.25577, 6.47488 ], [ 2.2554, 6.47533 ], [ 2.25459, 6.47533 ], [ 2.25441, 6.47461 ], [ 2.25414, 6.47461 ], [ 2.25423, 6.47542 ], [ 2.25531, 6.47597 ], [ 2.25486, 6.4766 ], [ 2.25513, 6.47714 ], [ 2.25359, 6.47705 ], [ 2.25359, 6.47587 ], [ 2.25332, 6.47587 ], [ 2.25296, 6.47732 ], [ 2.25368, 6.47768 ], [ 2.25341, 6.4785 ], [ 2.25314, 6.47832 ], [ 2.25323, 6.47922 ], [ 2.25178, 6.47967 ], [ 2.25232, 6.48021 ], [ 2.25277, 6.48012 ], [ 2.25232, 6.4813 ], [ 2.25359, 6.48157 ], [ 2.25458, 6.48094 ], [ 2.25449, 6.47986 ], [ 2.25476, 6.48049 ], [ 2.25558, 6.47977 ], [ 2.25594, 6.48022 ], [ 2.2525, 6.4832 ], [ 2.25205, 6.48311 ], [ 2.25168, 6.4841 ], [ 2.25195, 6.48428 ], [ 2.25286, 6.48374 ], [ 2.25313, 6.48465 ], [ 2.25376, 6.48465 ], [ 2.25403, 6.4842 ], [ 2.2534, 6.48438 ], [ 2.2534, 6.48356 ], [ 2.25512, 6.48375 ], [ 2.25548, 6.4842 ], [ 2.25521, 6.48465 ], [ 2.25584, 6.4851 ], [ 2.2553, 6.48601 ], [ 2.25593, 6.4861 ], [ 2.25557, 6.48691 ], [ 2.25611, 6.48728 ], [ 2.25611, 6.48791 ], [ 2.25511, 6.48782 ], [ 2.25466, 6.48836 ], [ 2.2543, 6.488 ], [ 2.25312, 6.48827 ], [ 2.25312, 6.48745 ], [ 2.25376, 6.48736 ], [ 2.25385, 6.48646 ], [ 2.25249, 6.48591 ], [ 2.25132, 6.48682 ], [ 2.2515, 6.48754 ], [ 2.25113, 6.48835 ], [ 2.25077, 6.48817 ] ], [ [ 2.28605, 6.4875 ], [ 2.28641, 6.48723 ], [ 2.2865, 6.48642 ], [ 2.28759, 6.4866 ], [ 2.2875, 6.48596 ], [ 2.28723, 6.48569 ], [ 2.28623, 6.48605 ], [ 2.28415, 6.48569 ], [ 2.2837, 6.48605 ], [ 2.28379, 6.48514 ], [ 2.28325, 6.48469 ], [ 2.28352, 6.48397 ], [ 2.28316, 6.48352 ], [ 2.28424, 6.48352 ], [ 2.2837, 6.48433 ], [ 2.28415, 6.48515 ], [ 2.28587, 6.48497 ], [ 2.28605, 6.48524 ], [ 2.28605, 6.4847 ], [ 2.28479, 6.48478 ], [ 2.2847, 6.48451 ], [ 2.28524, 6.48406 ], [ 2.28569, 6.48415 ], [ 2.28578, 6.48352 ], [ 2.28642, 6.48343 ], [ 2.28624, 6.48262 ], [ 2.28687, 6.48198 ], [ 2.2875, 6.48198 ], [ 2.28777, 6.48307 ], [ 2.28886, 6.48343 ], [ 2.28859, 6.48398 ], [ 2.28922, 6.4856 ], [ 2.28912, 6.48669 ], [ 2.2875, 6.4875 ], [ 2.28677, 6.48732 ], [ 2.28632, 6.48813 ], [ 2.28605, 6.48813 ], [ 2.28605, 6.4875 ] ], [ [ 2.2903, 6.4838 ], [ 2.29157, 6.48488 ], [ 2.29121, 6.48597 ], [ 2.29048, 6.48552 ], [ 2.28985, 6.48633 ], [ 2.28949, 6.48624 ], [ 2.28985, 6.48533 ], [ 2.2894, 6.48425 ], [ 2.2903, 6.4838 ] ], [ [ 2.29058, 6.4838 ], [ 2.29058, 6.48334 ], [ 2.28994, 6.48343 ], [ 2.28949, 6.48307 ], [ 2.28967, 6.48208 ], [ 2.28931, 6.48144 ], [ 2.28967, 6.48162 ], [ 2.28986, 6.48126 ], [ 2.2894, 6.48135 ], [ 2.2894, 6.48081 ], [ 2.29022, 6.48135 ], [ 2.29094, 6.48126 ], [ 2.29112, 6.48208 ], [ 2.29166, 6.48199 ], [ 2.29148, 6.48253 ], [ 2.29049, 6.48271 ], [ 2.29139, 6.48425 ], [ 2.29112, 6.48443 ], [ 2.29112, 6.48407 ], [ 2.29058, 6.4838 ] ], [ [ 2.25684, 6.48312 ], [ 2.25702, 6.48239 ], [ 2.25648, 6.48176 ], [ 2.25666, 6.48094 ], [ 2.25757, 6.48086 ], [ 2.25838, 6.48203 ], [ 2.25838, 6.48267 ], [ 2.25738, 6.4823 ], [ 2.25765, 6.48276 ], [ 2.25738, 6.48312 ], [ 2.2563, 6.4833 ], [ 2.25639, 6.48302 ], [ 2.25684, 6.48312 ] ], [ [ 2.26145, 6.48213 ], [ 2.26155, 6.47996 ], [ 2.26082, 6.47986 ], [ 2.26055, 6.47932 ], [ 2.26173, 6.4795 ], [ 2.26281, 6.48032 ], [ 2.26381, 6.48023 ], [ 2.26381, 6.48123 ], [ 2.26317, 6.48123 ], [ 2.26272, 6.48068 ], [ 2.26227, 6.48068 ], [ 2.26182, 6.48122 ], [ 2.26245, 6.48222 ], [ 2.2629, 6.48213 ], [ 2.26281, 6.48141 ], [ 2.26308, 6.48141 ], [ 2.26317, 6.48222 ], [ 2.26299, 6.48204 ], [ 2.26281, 6.48258 ], [ 2.26163, 6.48267 ], [ 2.26136, 6.4824 ], [ 2.26082, 6.48276 ], [ 2.26145, 6.48213 ] ], [ [ 2.23043, 6.48217 ], [ 2.22853, 6.48027 ], [ 2.2289, 6.47955 ], [ 2.22926, 6.47964 ], [ 2.22926, 6.48054 ], [ 2.23061, 6.48036 ], [ 2.23025, 6.48118 ], [ 2.23043, 6.48217 ] ], [ [ 2.23929, 6.48191 ], [ 2.23749, 6.4811 ], [ 2.2374, 6.48073 ], [ 2.2383, 6.48074 ], [ 2.23812, 6.47983 ], [ 2.23875, 6.47974 ], [ 2.23876, 6.47947 ], [ 2.23776, 6.47965 ], [ 2.23758, 6.47884 ], [ 2.2383, 6.47866 ], [ 2.23903, 6.4773 ], [ 2.23813, 6.47721 ], [ 2.2384, 6.47775 ], [ 2.23794, 6.47811 ], [ 2.23713, 6.47775 ], [ 2.23686, 6.47811 ], [ 2.23613, 6.47784 ], [ 2.23631, 6.47838 ], [ 2.23568, 6.47919 ], [ 2.23324, 6.47783 ], [ 2.23369, 6.47756 ], [ 2.23415, 6.4763 ], [ 2.23469, 6.47621 ], [ 2.23469, 6.47557 ], [ 2.2355, 6.47576 ], [ 2.23623, 6.47549 ], [ 2.2356, 6.47467 ], [ 2.23596, 6.47431 ], [ 2.23578, 6.47304 ], [ 2.23605, 6.4725 ], [ 2.23678, 6.4725 ], [ 2.23632, 6.47187 ], [ 2.23777, 6.47024 ], [ 2.23868, 6.47042 ], [ 2.2394, 6.47151 ], [ 2.24012, 6.47115 ], [ 2.24048, 6.47205 ], [ 2.24139, 6.47169 ], [ 2.24121, 6.47251 ], [ 2.24148, 6.47251 ], [ 2.24193, 6.4716 ], [ 2.2413, 6.46979 ], [ 2.24203, 6.4697 ], [ 2.24257, 6.47016 ], [ 2.24202, 6.47115 ], [ 2.24329, 6.4717 ], [ 2.24401, 6.4726 ], [ 2.24365, 6.47143 ], [ 2.24447, 6.46944 ], [ 2.24375, 6.46826 ], [ 2.24438, 6.46754 ], [ 2.24519, 6.46772 ], [ 2.24519, 6.46736 ], [ 2.24492, 6.46681 ], [ 2.24456, 6.4669 ], [ 2.24411, 6.46645 ], [ 2.24384, 6.46726 ], [ 2.24302, 6.46753 ], [ 2.24167, 6.46581 ], [ 2.24221, 6.46609 ], [ 2.24285, 6.46554 ], [ 2.24239, 6.46527 ], [ 2.24249, 6.46482 ], [ 2.24321, 6.465 ], [ 2.24366, 6.46455 ], [ 2.24402, 6.46491 ], [ 2.2442, 6.46437 ], [ 2.24384, 6.46374 ], [ 2.24475, 6.46383 ], [ 2.24439, 6.46455 ], [ 2.24493, 6.465 ], [ 2.24484, 6.46555 ], [ 2.24565, 6.46591 ], [ 2.24511, 6.46618 ], [ 2.24511, 6.46663 ], [ 2.24592, 6.46682 ], [ 2.24637, 6.46799 ], [ 2.24727, 6.46754 ], [ 2.248, 6.46772 ], [ 2.24782, 6.46836 ], [ 2.24519, 6.46853 ], [ 2.24528, 6.46899 ], [ 2.24583, 6.46908 ], [ 2.24546, 6.46989 ], [ 2.24628, 6.46926 ], [ 2.24619, 6.46872 ], [ 2.247, 6.46908 ], [ 2.24691, 6.46953 ], [ 2.24628, 6.46953 ], [ 2.246, 6.47062 ], [ 2.24528, 6.47116 ], [ 2.24591, 6.47188 ], [ 2.24546, 6.47333 ], [ 2.24573, 6.4745 ], [ 2.24518, 6.47514 ], [ 2.24573, 6.47532 ], [ 2.24545, 6.47604 ], [ 2.24627, 6.47641 ], [ 2.24563, 6.47559 ], [ 2.24582, 6.47532 ], [ 2.24618, 6.4755 ], [ 2.24636, 6.47442 ], [ 2.24681, 6.47478 ], [ 2.24717, 6.47451 ], [ 2.24717, 6.47396 ], [ 2.24744, 6.47487 ], [ 2.24817, 6.47487 ], [ 2.24835, 6.47541 ], [ 2.24871, 6.47523 ], [ 2.24862, 6.47433 ], [ 2.24925, 6.47496 ], [ 2.2498, 6.47469 ], [ 2.25007, 6.47514 ], [ 2.24943, 6.47542 ], [ 2.24943, 6.47578 ], [ 2.25007, 6.47605 ], [ 2.24889, 6.47641 ], [ 2.24871, 6.47614 ], [ 2.2478, 6.47623 ], [ 2.24735, 6.47559 ], [ 2.24663, 6.47577 ], [ 2.24699, 6.47749 ], [ 2.24608, 6.47794 ], [ 2.24572, 6.4774 ], [ 2.24518, 6.47749 ], [ 2.245, 6.47695 ], [ 2.2441, 6.47685 ], [ 2.24419, 6.47658 ], [ 2.24491, 6.47677 ], [ 2.24482, 6.47559 ], [ 2.24356, 6.47504 ], [ 2.24346, 6.4755 ], [ 2.24265, 6.47577 ], [ 2.24265, 6.47613 ], [ 2.24337, 6.47676 ], [ 2.24337, 6.4774 ], [ 2.24391, 6.47803 ], [ 2.24346, 6.47884 ], [ 2.24373, 6.47984 ], [ 2.24409, 6.48002 ], [ 2.24427, 6.4793 ], [ 2.24454, 6.4793 ], [ 2.24481, 6.47993 ], [ 2.24373, 6.48047 ], [ 2.2431, 6.47948 ], [ 2.24273, 6.48056 ], [ 2.24174, 6.47984 ], [ 2.24138, 6.47993 ], [ 2.24083, 6.48056 ], [ 2.24083, 6.48128 ], [ 2.2421, 6.48083 ], [ 2.24237, 6.48119 ], [ 2.24174, 6.48174 ], [ 2.24011, 6.48146 ], [ 2.23929, 6.48191 ] ], [ [ 2.28352, 6.48116 ], [ 2.28289, 6.48143 ], [ 2.28244, 6.48071 ], [ 2.28208, 6.48071 ], [ 2.2819, 6.47953 ], [ 2.28244, 6.47981 ], [ 2.28253, 6.47935 ], [ 2.28289, 6.47935 ], [ 2.28289, 6.48017 ], [ 2.28244, 6.48017 ], [ 2.28244, 6.48053 ], [ 2.28262, 6.48026 ], [ 2.28325, 6.48053 ], [ 2.28344, 6.4799 ], [ 2.28461, 6.47972 ], [ 2.28479, 6.48117 ], [ 2.28425, 6.48116 ], [ 2.28398, 6.48171 ], [ 2.28352, 6.48116 ] ], [ [ 2.23179, 6.47865 ], [ 2.23125, 6.47729 ], [ 2.23062, 6.47729 ], [ 2.23071, 6.47656 ], [ 2.23143, 6.47665 ], [ 2.23125, 6.47629 ], [ 2.2318, 6.47602 ], [ 2.23243, 6.47648 ], [ 2.23234, 6.47539 ], [ 2.23306, 6.47557 ], [ 2.23306, 6.4762 ], [ 2.23342, 6.47584 ], [ 2.23379, 6.47603 ], [ 2.23315, 6.47756 ], [ 2.23252, 6.47792 ], [ 2.23252, 6.47847 ], [ 2.23179, 6.47865 ] ], [ [ 2.31112, 6.47731 ], [ 2.31076, 6.47505 ], [ 2.31094, 6.47424 ], [ 2.31013, 6.47387 ], [ 2.31076, 6.47297 ], [ 2.31058, 6.47215 ], [ 2.31103, 6.47116 ], [ 2.30995, 6.47107 ], [ 2.30923, 6.46908 ], [ 2.30977, 6.46872 ], [ 2.31077, 6.46899 ], [ 2.31121, 6.47134 ], [ 2.31167, 6.47197 ], [ 2.31148, 6.47324 ], [ 2.31212, 6.4736 ], [ 2.31211, 6.47641 ], [ 2.31166, 6.47659 ], [ 2.31148, 6.47749 ], [ 2.31112, 6.47731 ] ], [ [ 2.28996, 6.47032 ], [ 2.28779, 6.47013 ], [ 2.28806, 6.46941 ], [ 2.28861, 6.46959 ], [ 2.28906, 6.46941 ], [ 2.28797, 6.46905 ], [ 2.28752, 6.46959 ], [ 2.28698, 6.46959 ], [ 2.28617, 6.46733 ], [ 2.28581, 6.46687 ], [ 2.28499, 6.46669 ], [ 2.28526, 6.46552 ], [ 2.28599, 6.46452 ], [ 2.28671, 6.46488 ], [ 2.28653, 6.46561 ], [ 2.28743, 6.46606 ], [ 2.28734, 6.46733 ], [ 2.28662, 6.46814 ], [ 2.28734, 6.46896 ], [ 2.28834, 6.46814 ], [ 2.28924, 6.46869 ], [ 2.29014, 6.46996 ], [ 2.28996, 6.47032 ] ], [ [ 2.28508, 6.46931 ], [ 2.28436, 6.46859 ], [ 2.28408, 6.46904 ], [ 2.28372, 6.46895 ], [ 2.28436, 6.4675 ], [ 2.284, 6.46705 ], [ 2.28282, 6.46759 ], [ 2.28282, 6.46823 ], [ 2.28183, 6.4675 ], [ 2.28264, 6.46669 ], [ 2.28192, 6.46669 ], [ 2.28183, 6.46605 ], [ 2.28119, 6.46569 ], [ 2.28129, 6.46533 ], [ 2.28264, 6.46524 ], [ 2.28273, 6.46551 ], [ 2.28219, 6.46578 ], [ 2.28237, 6.46623 ], [ 2.283, 6.4656 ], [ 2.28382, 6.46551 ], [ 2.28391, 6.46696 ], [ 2.2858, 6.46769 ], [ 2.28508, 6.46931 ] ], [ [ 2.24872, 6.46881 ], [ 2.24908, 6.46809 ], [ 2.248, 6.46718 ], [ 2.24845, 6.46682 ], [ 2.24936, 6.46682 ], [ 2.24945, 6.46727 ], [ 2.2489, 6.46745 ], [ 2.24981, 6.46845 ], [ 2.24981, 6.46899 ], [ 2.24872, 6.46881 ] ], [ [ 2.30932, 6.46826 ], [ 2.30851, 6.46645 ], [ 2.30788, 6.46645 ], [ 2.30725, 6.46401 ], [ 2.30851, 6.46274 ], [ 2.30888, 6.46274 ], [ 2.3096, 6.46365 ], [ 2.30969, 6.46437 ], [ 2.30923, 6.46419 ], [ 2.30896, 6.46437 ], [ 2.30923, 6.46473 ], [ 2.30978, 6.46464 ], [ 2.30978, 6.46528 ], [ 2.3105, 6.46618 ], [ 2.30959, 6.46682 ], [ 2.31068, 6.467 ], [ 2.31059, 6.4679 ], [ 2.30932, 6.46826 ] ], [ [ 2.2897, 6.46643 ], [ 2.2887, 6.46615 ], [ 2.28825, 6.46534 ], [ 2.28952, 6.46425 ], [ 2.28988, 6.46552 ], [ 2.29096, 6.46525 ], [ 2.29078, 6.46598 ], [ 2.29123, 6.46652 ], [ 2.29087, 6.46688 ], [ 2.29006, 6.46688 ], [ 2.2897, 6.46643 ] ], [ [ 2.24022, 6.46464 ], [ 2.23905, 6.46454 ], [ 2.23878, 6.46373 ], [ 2.23878, 6.46282 ], [ 2.23914, 6.46301 ], [ 2.23905, 6.46355 ], [ 2.2395, 6.46364 ], [ 2.23941, 6.46219 ], [ 2.23878, 6.46273 ], [ 2.23833, 6.46246 ], [ 2.23833, 6.46183 ], [ 2.23887, 6.46147 ], [ 2.23869, 6.4612 ], [ 2.23905, 6.46065 ], [ 2.2386, 6.46065 ], [ 2.2386, 6.46101 ], [ 2.23806, 6.46129 ], [ 2.23788, 6.46092 ], [ 2.2386, 6.4602 ], [ 2.23716, 6.46002 ], [ 2.23679, 6.46047 ], [ 2.23652, 6.4602 ], [ 2.23679, 6.45975 ], [ 2.23653, 6.45839 ], [ 2.23698, 6.45812 ], [ 2.23707, 6.45739 ], [ 2.23779, 6.45785 ], [ 2.2377, 6.45821 ], [ 2.23698, 6.45821 ], [ 2.2377, 6.45884 ], [ 2.23833, 6.45866 ], [ 2.23852, 6.45794 ], [ 2.23906, 6.45776 ], [ 2.2396, 6.4583 ], [ 2.23879, 6.45948 ], [ 2.23951, 6.45912 ], [ 2.24041, 6.46002 ], [ 2.23969, 6.46038 ], [ 2.23978, 6.46084 ], [ 2.24068, 6.46147 ], [ 2.24059, 6.46174 ], [ 2.23996, 6.46165 ], [ 2.23996, 6.46201 ], [ 2.24086, 6.4621 ], [ 2.24131, 6.46165 ], [ 2.24104, 6.46111 ], [ 2.24168, 6.46102 ], [ 2.24186, 6.46021 ], [ 2.24213, 6.46066 ], [ 2.24313, 6.4603 ], [ 2.24367, 6.46084 ], [ 2.24448, 6.46075 ], [ 2.24421, 6.46129 ], [ 2.24331, 6.46102 ], [ 2.24213, 6.46147 ], [ 2.24222, 6.46202 ], [ 2.24294, 6.4622 ], [ 2.2433, 6.46138 ], [ 2.24367, 6.46184 ], [ 2.24339, 6.46238 ], [ 2.24258, 6.46265 ], [ 2.24231, 6.46211 ], [ 2.24168, 6.46229 ], [ 2.24122, 6.46183 ], [ 2.24086, 6.46265 ], [ 2.23978, 6.46264 ], [ 2.23968, 6.46301 ], [ 2.24086, 6.46418 ], [ 2.24068, 6.46464 ], [ 2.24122, 6.46464 ], [ 2.24122, 6.46518 ], [ 2.24095, 6.465 ], [ 2.2404, 6.46563 ], [ 2.24022, 6.46464 ] ], [ [ 2.27704, 6.46505 ], [ 2.27622, 6.46415 ], [ 2.2755, 6.46478 ], [ 2.27523, 6.4636 ], [ 2.27478, 6.4636 ], [ 2.2745, 6.4646 ], [ 2.27396, 6.46459 ], [ 2.27378, 6.46405 ], [ 2.27351, 6.46423 ], [ 2.27369, 6.46496 ], [ 2.27324, 6.46468 ], [ 2.27143, 6.46477 ], [ 2.27161, 6.46396 ], [ 2.27333, 6.46432 ], [ 2.2736, 6.4626 ], [ 2.27405, 6.46224 ], [ 2.27351, 6.46206 ], [ 2.27396, 6.46152 ], [ 2.27388, 6.4607 ], [ 2.27315, 6.46043 ], [ 2.27315, 6.46007 ], [ 2.27442, 6.45908 ], [ 2.27496, 6.45899 ], [ 2.27532, 6.45953 ], [ 2.27569, 6.45926 ], [ 2.27605, 6.45971 ], [ 2.27632, 6.4589 ], [ 2.27704, 6.45899 ], [ 2.27786, 6.45926 ], [ 2.27831, 6.46044 ], [ 2.27957, 6.46035 ], [ 2.27948, 6.46198 ], [ 2.27867, 6.46153 ], [ 2.27731, 6.46152 ], [ 2.27686, 6.46207 ], [ 2.27577, 6.46179 ], [ 2.27641, 6.46279 ], [ 2.27704, 6.46261 ], [ 2.27722, 6.46315 ], [ 2.27767, 6.46288 ], [ 2.27722, 6.46234 ], [ 2.27722, 6.46198 ], [ 2.27758, 6.46198 ], [ 2.27857, 6.46352 ], [ 2.27848, 6.46424 ], [ 2.27704, 6.46505 ] ], [ [ 2.27939, 6.45954 ], [ 2.27895, 6.45709 ], [ 2.28003, 6.45755 ], [ 2.27994, 6.45827 ], [ 2.28057, 6.45872 ], [ 2.28021, 6.45936 ], [ 2.27939, 6.45954 ] ], [ [ 2.24304, 6.45767 ], [ 2.24286, 6.45695 ], [ 2.24358, 6.45668 ], [ 2.24385, 6.45731 ], [ 2.24458, 6.4575 ], [ 2.24421, 6.45831 ], [ 2.24358, 6.45849 ], [ 2.24322, 6.45849 ], [ 2.2434, 6.45776 ], [ 2.24304, 6.45767 ] ], [ [ 2.29007, 6.45765 ], [ 2.2898, 6.45711 ], [ 2.28926, 6.45738 ], [ 2.28926, 6.45783 ], [ 2.28871, 6.45756 ], [ 2.28917, 6.45647 ], [ 2.29007, 6.45675 ], [ 2.29061, 6.45629 ], [ 2.29043, 6.45566 ], [ 2.28962, 6.45629 ], [ 2.28926, 6.45584 ], [ 2.28962, 6.4553 ], [ 2.28899, 6.45512 ], [ 2.2889, 6.45475 ], [ 2.28989, 6.45485 ], [ 2.29053, 6.45394 ], [ 2.29098, 6.45421 ], [ 2.29125, 6.45358 ], [ 2.29188, 6.45358 ], [ 2.29161, 6.4544 ], [ 2.29215, 6.45521 ], [ 2.29152, 6.45566 ], [ 2.29161, 6.45648 ], [ 2.2907, 6.45702 ], [ 2.29061, 6.45747 ], [ 2.29097, 6.45774 ], [ 2.29034, 6.4581 ], [ 2.28962, 6.45792 ], [ 2.29007, 6.45765 ] ], [ [ 2.2321, 6.45476 ], [ 2.23246, 6.45313 ], [ 2.2331, 6.45314 ], [ 2.23309, 6.45504 ], [ 2.2321, 6.45476 ] ], [ [ 2.28338, 6.4542 ], [ 2.28311, 6.45375 ], [ 2.28212, 6.4542 ], [ 2.28275, 6.45303 ], [ 2.28411, 6.45312 ], [ 2.28365, 6.45502 ], [ 2.2832, 6.45484 ], [ 2.28338, 6.4542 ] ], [ [ 2.23346, 6.45314 ], [ 2.23346, 6.45268 ], [ 2.23472, 6.45314 ], [ 2.23527, 6.4526 ], [ 2.23509, 6.45196 ], [ 2.23418, 6.45205 ], [ 2.23382, 6.45133 ], [ 2.23491, 6.45006 ], [ 2.23572, 6.45043 ], [ 2.23617, 6.45178 ], [ 2.2359, 6.45278 ], [ 2.23418, 6.45377 ], [ 2.23346, 6.45314 ] ], [ [ 2.23076, 6.44544 ], [ 2.22922, 6.44472 ], [ 2.22877, 6.44345 ], [ 2.2294, 6.44363 ], [ 2.22922, 6.44236 ], [ 2.22986, 6.44164 ], [ 2.23094, 6.44128 ], [ 2.23221, 6.44246 ], [ 2.23185, 6.44309 ], [ 2.23148, 6.44309 ], [ 2.23121, 6.444 ], [ 2.23121, 6.44436 ], [ 2.23193, 6.444 ], [ 2.23202, 6.44454 ], [ 2.2313, 6.44445 ], [ 2.23076, 6.44544 ] ], [ [ 2.23745, 6.44391 ], [ 2.23682, 6.44274 ], [ 2.238, 6.44301 ], [ 2.23827, 6.44256 ], [ 2.23773, 6.4422 ], [ 2.23691, 6.44238 ], [ 2.2361, 6.44165 ], [ 2.23646, 6.44147 ], [ 2.23637, 6.44093 ], [ 2.23682, 6.44075 ], [ 2.23673, 6.44029 ], [ 2.2371, 6.4402 ], [ 2.23683, 6.43966 ], [ 2.23719, 6.4393 ], [ 2.23683, 6.4393 ], [ 2.23683, 6.43903 ], [ 2.23818, 6.43975 ], [ 2.23782, 6.44057 ], [ 2.23836, 6.44138 ], [ 2.2389, 6.44138 ], [ 2.23899, 6.44102 ], [ 2.24008, 6.44129 ], [ 2.23999, 6.44157 ], [ 2.23954, 6.44148 ], [ 2.23944, 6.44211 ], [ 2.2389, 6.44175 ], [ 2.23818, 6.44392 ], [ 2.23745, 6.44391 ] ], [ [ 2.26422, 6.44296 ], [ 2.26323, 6.44196 ], [ 2.26269, 6.44232 ], [ 2.26242, 6.44187 ], [ 2.26269, 6.44151 ], [ 2.26323, 6.44187 ], [ 2.26296, 6.44097 ], [ 2.26396, 6.4407 ], [ 2.26422, 6.44296 ] ], [ [ 2.24234, 6.44157 ], [ 2.24153, 6.44157 ], [ 2.24135, 6.44084 ], [ 2.2408, 6.44084 ], [ 2.2408, 6.4403 ], [ 2.24126, 6.43994 ], [ 2.24108, 6.43922 ], [ 2.23972, 6.43967 ], [ 2.23954, 6.43885 ], [ 2.24044, 6.43885 ], [ 2.24126, 6.4384 ], [ 2.24144, 6.43913 ], [ 2.24342, 6.44112 ], [ 2.24279, 6.44157 ], [ 2.24315, 6.44202 ], [ 2.24297, 6.44229 ], [ 2.24252, 6.44229 ], [ 2.24234, 6.44157 ] ], [ [ 2.23492, 6.44111 ], [ 2.23474, 6.44056 ], [ 2.23502, 6.44011 ], [ 2.23456, 6.43966 ], [ 2.23357, 6.43984 ], [ 2.23339, 6.43929 ], [ 2.23266, 6.43957 ], [ 2.23275, 6.44047 ], [ 2.23176, 6.44101 ], [ 2.23131, 6.44101 ], [ 2.23122, 6.44056 ], [ 2.23049, 6.44092 ], [ 2.22977, 6.44056 ], [ 2.22968, 6.43965 ], [ 2.23031, 6.43965 ], [ 2.23068, 6.43884 ], [ 2.23014, 6.43748 ], [ 2.23068, 6.43739 ], [ 2.23167, 6.43812 ], [ 2.23212, 6.43803 ], [ 2.23213, 6.43766 ], [ 2.23086, 6.43694 ], [ 2.23086, 6.4364 ], [ 2.2305, 6.4364 ], [ 2.23059, 6.43685 ], [ 2.23032, 6.43685 ], [ 2.22951, 6.43504 ], [ 2.22914, 6.43495 ], [ 2.22887, 6.43567 ], [ 2.22851, 6.43576 ], [ 2.22815, 6.43531 ], [ 2.2286, 6.43458 ], [ 2.22969, 6.43422 ], [ 2.2305, 6.43477 ], [ 2.23104, 6.43468 ], [ 2.23132, 6.43486 ], [ 2.23131, 6.43613 ], [ 2.23167, 6.43631 ], [ 2.23267, 6.43558 ], [ 2.2333, 6.43577 ], [ 2.23367, 6.43513 ], [ 2.23331, 6.43459 ], [ 2.23276, 6.43513 ], [ 2.2324, 6.43504 ], [ 2.23303, 6.43432 ], [ 2.23304, 6.4335 ], [ 2.23439, 6.43323 ], [ 2.23548, 6.43242 ], [ 2.23602, 6.43351 ], [ 2.23656, 6.43351 ], [ 2.23674, 6.43297 ], [ 2.2372, 6.43315 ], [ 2.23792, 6.43451 ], [ 2.23738, 6.43451 ], [ 2.2372, 6.43387 ], [ 2.23683, 6.43378 ], [ 2.2353, 6.43432 ], [ 2.23539, 6.43477 ], [ 2.23665, 6.43532 ], [ 2.23665, 6.43568 ], [ 2.23547, 6.43595 ], [ 2.23538, 6.43541 ], [ 2.23484, 6.43559 ], [ 2.23457, 6.43513 ], [ 2.23439, 6.43532 ], [ 2.2343, 6.43577 ], [ 2.23475, 6.43577 ], [ 2.23538, 6.4364 ], [ 2.23529, 6.43676 ], [ 2.23421, 6.43685 ], [ 2.23493, 6.43776 ], [ 2.23529, 6.43776 ], [ 2.23456, 6.43957 ], [ 2.23565, 6.4393 ], [ 2.23529, 6.44065 ], [ 2.23583, 6.44111 ], [ 2.23583, 6.44156 ], [ 2.23492, 6.44111 ] ], [ [ 2.23964, 6.43532 ], [ 2.23937, 6.43234 ], [ 2.24, 6.43297 ], [ 2.23982, 6.4337 ], [ 2.24072, 6.43379 ], [ 2.24099, 6.4346 ], [ 2.24126, 6.43451 ], [ 2.24118, 6.43352 ], [ 2.24154, 6.43279 ], [ 2.2428, 6.43316 ], [ 2.24244, 6.4346 ], [ 2.24316, 6.43515 ], [ 2.24163, 6.43496 ], [ 2.24117, 6.43542 ], [ 2.24045, 6.43542 ], [ 2.24018, 6.43605 ], [ 2.23964, 6.43532 ] ], [ [ 2.241, 6.43162 ], [ 2.23973, 6.43134 ], [ 2.23955, 6.42999 ], [ 2.241, 6.42908 ], [ 2.24127, 6.42917 ], [ 2.241, 6.43053 ], [ 2.24281, 6.43017 ], [ 2.2429, 6.43053 ], [ 2.24245, 6.43099 ], [ 2.24344, 6.43144 ], [ 2.2429, 6.43234 ], [ 2.24235, 6.43117 ], [ 2.24199, 6.43153 ], [ 2.24226, 6.43207 ], [ 2.24145, 6.43225 ], [ 2.24118, 6.4327 ], [ 2.241, 6.43162 ] ], [ [ 2.26858, 6.4303 ], [ 2.26831, 6.42885 ], [ 2.27021, 6.42894 ], [ 2.26994, 6.42994 ], [ 2.26904, 6.43039 ], [ 2.26858, 6.4303 ] ], [ [ 2.27636, 6.42859 ], [ 2.27609, 6.42787 ], [ 2.27646, 6.42723 ], [ 2.27709, 6.42751 ], [ 2.277, 6.42615 ], [ 2.27763, 6.42624 ], [ 2.27817, 6.42688 ], [ 2.27971, 6.42624 ], [ 2.28062, 6.4267 ], [ 2.2807, 6.42887 ], [ 2.27998, 6.42887 ], [ 2.27989, 6.42814 ], [ 2.27917, 6.42814 ], [ 2.27835, 6.42896 ], [ 2.27745, 6.42868 ], [ 2.27709, 6.42932 ], [ 2.27663, 6.42923 ], [ 2.27672, 6.42868 ], [ 2.27636, 6.42859 ] ], [ [ 2.28306, 6.42815 ], [ 2.28152, 6.42824 ], [ 2.28152, 6.42769 ], [ 2.28224, 6.42733 ], [ 2.28197, 6.42652 ], [ 2.2827, 6.42761 ], [ 2.28351, 6.42734 ], [ 2.2836, 6.42869 ], [ 2.28306, 6.42815 ] ], [ [ 2.24905, 6.42837 ], [ 2.24833, 6.42728 ], [ 2.24914, 6.4262 ], [ 2.24987, 6.4281 ], [ 2.24905, 6.42837 ] ], [ [ 2.24698, 6.42547 ], [ 2.24716, 6.42475 ], [ 2.24743, 6.42493 ], [ 2.24698, 6.42403 ], [ 2.24788, 6.42312 ], [ 2.24716, 6.42294 ], [ 2.24725, 6.42222 ], [ 2.24915, 6.42186 ], [ 2.25051, 6.42204 ], [ 2.25069, 6.42249 ], [ 2.25014, 6.42294 ], [ 2.24933, 6.42231 ], [ 2.24888, 6.4224 ], [ 2.24924, 6.42312 ], [ 2.24978, 6.42313 ], [ 2.24978, 6.42367 ], [ 2.24897, 6.42421 ], [ 2.24906, 6.4234 ], [ 2.24843, 6.42339 ], [ 2.24833, 6.42475 ], [ 2.24779, 6.42511 ], [ 2.24788, 6.42566 ], [ 2.24698, 6.42547 ] ], [ [ 2.27935, 6.42489 ], [ 2.27972, 6.42416 ], [ 2.27935, 6.42353 ], [ 2.27963, 6.42308 ], [ 2.28008, 6.42308 ], [ 2.27981, 6.42353 ], [ 2.28071, 6.4238 ], [ 2.28089, 6.42471 ], [ 2.27999, 6.42516 ], [ 2.27935, 6.42489 ] ], [ [ 2.23513, 6.42401 ], [ 2.23432, 6.42401 ], [ 2.23396, 6.42247 ], [ 2.2345, 6.42292 ], [ 2.23558, 6.42283 ], [ 2.23522, 6.42356 ], [ 2.23585, 6.42356 ], [ 2.23595, 6.42283 ], [ 2.23667, 6.42247 ], [ 2.23621, 6.42491 ], [ 2.23549, 6.42491 ], [ 2.23513, 6.42401 ] ], [ [ 2.27682, 6.42325 ], [ 2.27764, 6.42307 ], [ 2.27719, 6.42217 ], [ 2.27782, 6.42118 ], [ 2.27818, 6.42109 ], [ 2.278, 6.4219 ], [ 2.27881, 6.42154 ], [ 2.27881, 6.42226 ], [ 2.27791, 6.42335 ], [ 2.27746, 6.42326 ], [ 2.27718, 6.42362 ], [ 2.27682, 6.42325 ] ], [ [ 2.27655, 6.42126 ], [ 2.27692, 6.42027 ], [ 2.27746, 6.42027 ], [ 2.27728, 6.41946 ], [ 2.27755, 6.41928 ], [ 2.27809, 6.41982 ], [ 2.27864, 6.41982 ], [ 2.27854, 6.42118 ], [ 2.27791, 6.42072 ], [ 2.27701, 6.42099 ], [ 2.27683, 6.42154 ], [ 2.27655, 6.42126 ] ], [ [ 2.25738, 6.42033 ], [ 2.25874, 6.41925 ], [ 2.25928, 6.4197 ], [ 2.25928, 6.42052 ], [ 2.25883, 6.42079 ], [ 2.2572, 6.42115 ], [ 2.25738, 6.42033 ] ], [ [ 2.23045, 6.41215 ], [ 2.23072, 6.41134 ], [ 2.22963, 6.41143 ], [ 2.22972, 6.4117 ], [ 2.22909, 6.41151 ], [ 2.22909, 6.41188 ], [ 2.22846, 6.41151 ], [ 2.22755, 6.41178 ], [ 2.2271, 6.41034 ], [ 2.22783, 6.41025 ], [ 2.22819, 6.41079 ], [ 2.22846, 6.41025 ], [ 2.22927, 6.41016 ], [ 2.22936, 6.41079 ], [ 2.23, 6.41043 ], [ 2.23099, 6.41088 ], [ 2.23099, 6.41197 ], [ 2.23162, 6.41242 ], [ 2.23081, 6.41296 ], [ 2.23045, 6.41215 ] ], [ [ 2.22909, 6.40952 ], [ 2.22873, 6.40835 ], [ 2.22946, 6.40862 ], [ 2.23, 6.40808 ], [ 2.23099, 6.40826 ], [ 2.22973, 6.40916 ], [ 2.23018, 6.40998 ], [ 2.22909, 6.40952 ] ], [ [ 2.22683, 6.40925 ], [ 2.22629, 6.40898 ], [ 2.22665, 6.40807 ], [ 2.22602, 6.40726 ], [ 2.22656, 6.40654 ], [ 2.22711, 6.40654 ], [ 2.22765, 6.40599 ], [ 2.22729, 6.40699 ], [ 2.22828, 6.40753 ], [ 2.22828, 6.40907 ], [ 2.22792, 6.40979 ], [ 2.22746, 6.40952 ], [ 2.22728, 6.40988 ], [ 2.22692, 6.40979 ], [ 2.22683, 6.40925 ] ], [ [ 2.24574, 6.4053 ], [ 2.24438, 6.40421 ], [ 2.24529, 6.40394 ], [ 2.24565, 6.40313 ], [ 2.24619, 6.40313 ], [ 2.24646, 6.40467 ], [ 2.24574, 6.4053 ] ], [ [ 2.23842, 6.40257 ], [ 2.23851, 6.40194 ], [ 2.23923, 6.40194 ], [ 2.23887, 6.40113 ], [ 2.23923, 6.40067 ], [ 2.24014, 6.40149 ], [ 2.24005, 6.40248 ], [ 2.23932, 6.40275 ], [ 2.23842, 6.40257 ] ] ], [ [ [ 2.27543, 6.51363 ], [ 2.27651, 6.51363 ], [ 2.27688, 6.51309 ], [ 2.27769, 6.51291 ], [ 2.27633, 6.51246 ], [ 2.27597, 6.51128 ], [ 2.27552, 6.51092 ], [ 2.27561, 6.51046 ], [ 2.27507, 6.51019 ], [ 2.2748, 6.51082 ], [ 2.27534, 6.51119 ], [ 2.27525, 6.51218 ], [ 2.27435, 6.51182 ], [ 2.27389, 6.51309 ], [ 2.27443, 6.51345 ], [ 2.27434, 6.51426 ], [ 2.27497, 6.5149 ], [ 2.27534, 6.51472 ], [ 2.27543, 6.51363 ] ] ], [ [ [ 2.30862, 6.51811 ], [ 2.30989, 6.51712 ], [ 2.31034, 6.51748 ], [ 2.3107, 6.51712 ], [ 2.31124, 6.51721 ], [ 2.31133, 6.5163 ], [ 2.31197, 6.51594 ], [ 2.31115, 6.51567 ], [ 2.31016, 6.51621 ], [ 2.30962, 6.51603 ], [ 2.30889, 6.5173 ], [ 2.30817, 6.51702 ], [ 2.30781, 6.51738 ], [ 2.30862, 6.51811 ] ] ], [ [ [ 2.28834, 6.5264 ], [ 2.28907, 6.52568 ], [ 2.28871, 6.52523 ], [ 2.28907, 6.52514 ], [ 2.28916, 6.52423 ], [ 2.28835, 6.5246 ], [ 2.28781, 6.52423 ], [ 2.28735, 6.52459 ], [ 2.28717, 6.52333 ], [ 2.28754, 6.52269 ], [ 2.28564, 6.52224 ], [ 2.285, 6.5236 ], [ 2.2869, 6.52405 ], [ 2.28681, 6.52505 ], [ 2.28808, 6.52514 ], [ 2.28834, 6.5264 ] ] ], [ [ [ 2.27586, 6.52802 ], [ 2.27704, 6.52784 ], [ 2.27776, 6.52711 ], [ 2.27713, 6.52711 ], [ 2.27613, 6.52621 ], [ 2.27586, 6.52738 ], [ 2.27523, 6.5282 ], [ 2.27559, 6.52838 ], [ 2.27586, 6.52802 ] ] ], [ [ [ 2.27549, 6.53019 ], [ 2.27613, 6.52937 ], [ 2.27586, 6.52856 ], [ 2.27541, 6.52865 ], [ 2.27504, 6.52928 ], [ 2.27432, 6.52937 ], [ 2.27414, 6.53 ], [ 2.27549, 6.53019 ] ] ], [ [ [ 2.29865, 6.52931 ], [ 2.29793, 6.52868 ], [ 2.2973, 6.52868 ], [ 2.29703, 6.52904 ], [ 2.29748, 6.52986 ], [ 2.29729, 6.5304 ], [ 2.29802, 6.52931 ], [ 2.29856, 6.53049 ], [ 2.29865, 6.52931 ] ] ], [ [ [ 2.29774, 6.53646 ], [ 2.29801, 6.53547 ], [ 2.29765, 6.53501 ], [ 2.29991, 6.53547 ], [ 2.30036, 6.53465 ], [ 2.30027, 6.53411 ], [ 2.301, 6.53366 ], [ 2.3, 6.53375 ], [ 2.29946, 6.53321 ], [ 2.30091, 6.53339 ], [ 2.301, 6.53303 ], [ 2.29847, 6.53302 ], [ 2.29811, 6.53266 ], [ 2.29774, 6.53347 ], [ 2.29702, 6.53356 ], [ 2.29611, 6.53438 ], [ 2.29539, 6.53383 ], [ 2.29449, 6.53419 ], [ 2.29647, 6.5351 ], [ 2.2962, 6.53637 ], [ 2.2971, 6.53673 ], [ 2.29774, 6.53646 ] ] ], [ [ [ 2.28787, 6.54034 ], [ 2.28977, 6.54007 ], [ 2.28986, 6.53943 ], [ 2.28806, 6.53871 ], [ 2.28787, 6.54034 ] ] ], [ [ [ 2.27485, 6.5405 ], [ 2.27503, 6.54005 ], [ 2.27566, 6.54005 ], [ 2.27521, 6.54068 ], [ 2.2762, 6.54059 ], [ 2.27675, 6.53987 ], [ 2.27566, 6.53987 ], [ 2.27539, 6.5395 ], [ 2.27449, 6.53996 ], [ 2.27412, 6.54077 ], [ 2.27485, 6.5405 ] ] ], [ [ [ 2.28742, 6.54404 ], [ 2.28805, 6.54269 ], [ 2.28724, 6.54242 ], [ 2.28696, 6.54287 ], [ 2.28688, 6.54223 ], [ 2.2866, 6.54223 ], [ 2.28624, 6.5435 ], [ 2.28678, 6.54404 ], [ 2.28742, 6.54404 ] ] ], [ [ [ 2.28515, 6.55019 ], [ 2.28451, 6.55001 ], [ 2.28442, 6.54956 ], [ 2.28515, 6.5492 ], [ 2.28506, 6.54992 ], [ 2.28605, 6.55029 ], [ 2.28587, 6.54938 ], [ 2.28623, 6.54893 ], [ 2.28515, 6.54875 ], [ 2.28488, 6.54902 ], [ 2.28451, 6.54838 ], [ 2.28388, 6.54829 ], [ 2.28379, 6.54902 ], [ 2.28424, 6.54938 ], [ 2.28397, 6.55055 ], [ 2.28505, 6.55083 ], [ 2.28515, 6.55019 ] ] ], [ [ [ 2.2751, 6.55181 ], [ 2.27528, 6.55099 ], [ 2.27456, 6.55144 ], [ 2.27456, 6.55045 ], [ 2.27402, 6.55045 ], [ 2.27393, 6.54963 ], [ 2.27311, 6.54963 ], [ 2.2723, 6.55017 ], [ 2.27257, 6.55045 ], [ 2.27293, 6.55018 ], [ 2.27456, 6.55199 ], [ 2.2751, 6.55181 ] ] ], [ [ [ 2.28035, 6.55181 ], [ 2.28062, 6.55019 ], [ 2.27972, 6.55028 ], [ 2.27926, 6.55109 ], [ 2.2799, 6.5519 ], [ 2.28035, 6.55181 ] ] ], [ [ [ 2.277, 6.55308 ], [ 2.27845, 6.55235 ], [ 2.27881, 6.55308 ], [ 2.27944, 6.55272 ], [ 2.27935, 6.55227 ], [ 2.27809, 6.55163 ], [ 2.27809, 6.55127 ], [ 2.27863, 6.551 ], [ 2.27854, 6.55046 ], [ 2.27917, 6.55037 ], [ 2.27918, 6.55 ], [ 2.27845, 6.55009 ], [ 2.278, 6.54973 ], [ 2.27709, 6.55027 ], [ 2.27673, 6.551 ], [ 2.27727, 6.55136 ], [ 2.27718, 6.55181 ], [ 2.27655, 6.55154 ], [ 2.27655, 6.551 ], [ 2.27619, 6.55109 ], [ 2.27601, 6.55172 ], [ 2.27637, 6.55271 ], [ 2.277, 6.55308 ] ] ], [ [ [ 2.28143, 6.55453 ], [ 2.28215, 6.55444 ], [ 2.28252, 6.55354 ], [ 2.28143, 6.5529 ], [ 2.28098, 6.55353 ], [ 2.28161, 6.55354 ], [ 2.2817, 6.55399 ], [ 2.28107, 6.55426 ], [ 2.28107, 6.55543 ], [ 2.28143, 6.55516 ], [ 2.28143, 6.55453 ] ] ], [ [ [ 2.27473, 6.55904 ], [ 2.27554, 6.55905 ], [ 2.27582, 6.55841 ], [ 2.27545, 6.55805 ], [ 2.27555, 6.55733 ], [ 2.27455, 6.55669 ], [ 2.27455, 6.55533 ], [ 2.27519, 6.55488 ], [ 2.27555, 6.55561 ], [ 2.27654, 6.55552 ], [ 2.27691, 6.55525 ], [ 2.27664, 6.55425 ], [ 2.27754, 6.55425 ], [ 2.27664, 6.55389 ], [ 2.27628, 6.55326 ], [ 2.27501, 6.55362 ], [ 2.27429, 6.55343 ], [ 2.27428, 6.55416 ], [ 2.27392, 6.55416 ], [ 2.27338, 6.55334 ], [ 2.27311, 6.55352 ], [ 2.27311, 6.5547 ], [ 2.27383, 6.55443 ], [ 2.27347, 6.55524 ], [ 2.27383, 6.5566 ], [ 2.27347, 6.55759 ], [ 2.27428, 6.55714 ], [ 2.27473, 6.55778 ], [ 2.27391, 6.55922 ], [ 2.27437, 6.55941 ], [ 2.27473, 6.55904 ] ] ], [ [ [ 2.28224, 6.55842 ], [ 2.28206, 6.55725 ], [ 2.28251, 6.55688 ], [ 2.28323, 6.55779 ], [ 2.2836, 6.55761 ], [ 2.2836, 6.55707 ], [ 2.28296, 6.55661 ], [ 2.28288, 6.55607 ], [ 2.28161, 6.55652 ], [ 2.28125, 6.55743 ], [ 2.2817, 6.55833 ], [ 2.28224, 6.55842 ] ] ], [ [ [ 2.27889, 6.56104 ], [ 2.2797, 6.55959 ], [ 2.27898, 6.55941 ], [ 2.27871, 6.55869 ], [ 2.27934, 6.55869 ], [ 2.28034, 6.55806 ], [ 2.28007, 6.55769 ], [ 2.27925, 6.55769 ], [ 2.27935, 6.55733 ], [ 2.27998, 6.55733 ], [ 2.28052, 6.55688 ], [ 2.28061, 6.55571 ], [ 2.28016, 6.55426 ], [ 2.27899, 6.55552 ], [ 2.27953, 6.55679 ], [ 2.27916, 6.55733 ], [ 2.27862, 6.55697 ], [ 2.2788, 6.55579 ], [ 2.27799, 6.55579 ], [ 2.2779, 6.55516 ], [ 2.27763, 6.55516 ], [ 2.27772, 6.55697 ], [ 2.27699, 6.55742 ], [ 2.27717, 6.55787 ], [ 2.27817, 6.55833 ], [ 2.27817, 6.55941 ], [ 2.2778, 6.55977 ], [ 2.27871, 6.56059 ], [ 2.27807, 6.56122 ], [ 2.27889, 6.56104 ] ] ], [ [ [ 2.28196, 6.56023 ], [ 2.28206, 6.55978 ], [ 2.28151, 6.55933 ], [ 2.28133, 6.55851 ], [ 2.2807, 6.55824 ], [ 2.28097, 6.55942 ], [ 2.2807, 6.56032 ], [ 2.28196, 6.56023 ] ] ], [ [ [ 2.28459, 6.56186 ], [ 2.2864, 6.56159 ], [ 2.28658, 6.56096 ], [ 2.28631, 6.56069 ], [ 2.28441, 6.56105 ], [ 2.28459, 6.56186 ] ] ], [ [ [ 2.30312, 6.57094 ], [ 2.30547, 6.56958 ], [ 2.30511, 6.56913 ], [ 2.30547, 6.56868 ], [ 2.30538, 6.56813 ], [ 2.30484, 6.5685 ], [ 2.30493, 6.56958 ], [ 2.30421, 6.56877 ], [ 2.30393, 6.56976 ], [ 2.30267, 6.57012 ], [ 2.3023, 6.57066 ], [ 2.30312, 6.57094 ] ] ], [ [ [ 2.30737, 6.57402 ], [ 2.30854, 6.5742 ], [ 2.3089, 6.57339 ], [ 2.30809, 6.57275 ], [ 2.30764, 6.57348 ], [ 2.30574, 6.57311 ], [ 2.30556, 6.57365 ], [ 2.30492, 6.57383 ], [ 2.30492, 6.5742 ], [ 2.30601, 6.57438 ], [ 2.3061, 6.57474 ], [ 2.30718, 6.57483 ], [ 2.30737, 6.57402 ] ] ], [ [ [ 2.31051, 6.58832 ], [ 2.31151, 6.58723 ], [ 2.3116, 6.58597 ], [ 2.31088, 6.58533 ], [ 2.31079, 6.58596 ], [ 2.30997, 6.58578 ], [ 2.30997, 6.58614 ], [ 2.31024, 6.58614 ], [ 2.31024, 6.58723 ], [ 2.31051, 6.58687 ], [ 2.31069, 6.5875 ], [ 2.31042, 6.58759 ], [ 2.31051, 6.58832 ] ] ], [ [ [ 2.31959, 6.36433 ], [ 2.32094, 6.3637 ], [ 2.32113, 6.36288 ], [ 2.32393, 6.36298 ], [ 2.32375, 6.36261 ], [ 2.32402, 6.36243 ], [ 2.32465, 6.36298 ], [ 2.3252, 6.36262 ], [ 2.32565, 6.36325 ], [ 2.32691, 6.36325 ], [ 2.328, 6.36271 ], [ 2.32854, 6.36334 ], [ 2.33125, 6.36308 ], [ 2.33306, 6.36371 ], [ 2.33433, 6.36326 ], [ 2.33541, 6.36408 ], [ 2.33623, 6.36363 ], [ 2.33704, 6.36417 ], [ 2.33677, 6.36308 ], [ 2.33614, 6.36245 ], [ 2.33505, 6.36218 ], [ 2.33478, 6.36163 ], [ 2.33424, 6.36163 ], [ 2.33379, 6.361 ], [ 2.33316, 6.36082 ], [ 2.33171, 6.35855 ], [ 2.3309, 6.3581 ], [ 2.33117, 6.35756 ], [ 2.33081, 6.35738 ], [ 2.33036, 6.35493 ], [ 2.33, 6.35484 ], [ 2.33064, 6.35159 ], [ 2.33055, 6.34788 ], [ 2.32748, 6.3476 ], [ 2.32639, 6.34796 ], [ 2.32666, 6.34869 ], [ 2.32585, 6.34914 ], [ 2.32521, 6.34841 ], [ 2.32585, 6.3476 ], [ 2.3254, 6.34724 ], [ 2.32296, 6.34696 ], [ 2.32169, 6.3475 ], [ 2.32214, 6.34796 ], [ 2.32196, 6.34814 ], [ 2.32033, 6.34795 ], [ 2.31997, 6.34822 ], [ 2.32006, 6.34732 ], [ 2.31952, 6.34678 ], [ 2.31681, 6.34668 ], [ 2.3169, 6.34741 ], [ 2.31852, 6.34777 ], [ 2.31021, 6.34785 ], [ 2.3093, 6.34767 ], [ 2.30912, 6.34685 ], [ 2.30813, 6.34685 ], [ 2.30795, 6.34712 ], [ 2.30894, 6.34776 ], [ 2.30785, 6.34785 ], [ 2.30767, 6.34821 ], [ 2.30686, 6.34794 ], [ 2.30623, 6.34821 ], [ 2.30677, 6.34703 ], [ 2.3056, 6.34658 ], [ 2.30541, 6.34685 ], [ 2.30568, 6.34703 ], [ 2.30514, 6.34703 ], [ 2.3055, 6.34802 ], [ 2.30451, 6.34784 ], [ 2.30387, 6.34811 ], [ 2.30342, 6.34721 ], [ 2.30288, 6.34721 ], [ 2.30243, 6.34802 ], [ 2.30107, 6.34802 ], [ 2.30062, 6.34766 ], [ 2.29944, 6.34756 ], [ 2.29981, 6.34621 ], [ 2.29927, 6.34594 ], [ 2.2989, 6.34675 ], [ 2.29908, 6.34756 ], [ 2.29583, 6.3472 ], [ 2.29538, 6.34756 ], [ 2.298, 6.34783 ], [ 2.30288, 6.34902 ], [ 2.30767, 6.34884 ], [ 2.30776, 6.34911 ], [ 2.30631, 6.34983 ], [ 2.30179, 6.34929 ], [ 2.30026, 6.34965 ], [ 2.2989, 6.34937 ], [ 2.298, 6.34874 ], [ 2.29574, 6.34855 ], [ 2.29501, 6.34882 ], [ 2.29366, 6.3481 ], [ 2.29393, 6.34855 ], [ 2.29329, 6.34873 ], [ 2.29329, 6.34955 ], [ 2.29736, 6.34955 ], [ 2.29908, 6.35037 ], [ 2.30369, 6.35046 ], [ 2.30469, 6.35092 ], [ 2.30722, 6.35074 ], [ 2.30776, 6.35101 ], [ 2.30785, 6.35165 ], [ 2.3083, 6.35165 ], [ 2.30857, 6.35119 ], [ 2.30975, 6.3512 ], [ 2.30984, 6.35147 ], [ 2.30839, 6.3521 ], [ 2.30902, 6.35246 ], [ 2.30975, 6.35201 ], [ 2.31011, 6.35264 ], [ 2.31201, 6.3531 ], [ 2.31309, 6.35292 ], [ 2.31363, 6.35337 ], [ 2.31571, 6.35292 ], [ 2.3168, 6.3532 ], [ 2.31734, 6.35256 ], [ 2.32033, 6.35257 ], [ 2.32051, 6.35329 ], [ 2.3215, 6.35338 ], [ 2.32141, 6.35393 ], [ 2.31996, 6.35401 ], [ 2.31978, 6.35374 ], [ 2.32042, 6.35356 ], [ 2.31924, 6.3532 ], [ 2.31897, 6.35374 ], [ 2.31816, 6.35347 ], [ 2.31761, 6.3541 ], [ 2.31707, 6.35401 ], [ 2.31635, 6.35446 ], [ 2.31652, 6.35537 ], [ 2.31788, 6.35555 ], [ 2.31734, 6.35627 ], [ 2.31607, 6.35627 ], [ 2.3148, 6.35745 ], [ 2.31327, 6.35699 ], [ 2.31182, 6.35717 ], [ 2.31173, 6.3578 ], [ 2.31101, 6.35816 ], [ 2.31155, 6.35816 ], [ 2.311, 6.3597 ], [ 2.30983, 6.36006 ], [ 2.30982, 6.36196 ], [ 2.31181, 6.36178 ], [ 2.31209, 6.36133 ], [ 2.31272, 6.36169 ], [ 2.31317, 6.36133 ], [ 2.31389, 6.36206 ], [ 2.31643, 6.36179 ], [ 2.31715, 6.36251 ], [ 2.31751, 6.36179 ], [ 2.31823, 6.36161 ], [ 2.31914, 6.36252 ], [ 2.31778, 6.36243 ], [ 2.31742, 6.36306 ], [ 2.31778, 6.36342 ], [ 2.31923, 6.36351 ], [ 2.31959, 6.36433 ] ], [ [ 2.32313, 6.35339 ], [ 2.32232, 6.35275 ], [ 2.32186, 6.35284 ], [ 2.32223, 6.35221 ], [ 2.3244, 6.35303 ], [ 2.32458, 6.35339 ], [ 2.32304, 6.35384 ], [ 2.32313, 6.35339 ] ] ], [ [ [ 2.35044, 6.4229 ], [ 2.35089, 6.422 ], [ 2.35026, 6.42145 ], [ 2.35053, 6.41973 ], [ 2.3499, 6.41946 ], [ 2.34999, 6.42254 ], [ 2.35044, 6.4229 ] ] ], [ [ [ 2.31637, 6.60551 ], [ 2.31782, 6.60488 ], [ 2.31728, 6.60416 ], [ 2.31737, 6.60371 ], [ 2.31782, 6.60389 ], [ 2.31773, 6.60307 ], [ 2.31737, 6.60289 ], [ 2.31691, 6.60343 ], [ 2.31664, 6.60307 ], [ 2.31683, 6.60208 ], [ 2.3171, 6.60171 ], [ 2.31737, 6.60226 ], [ 2.31864, 6.60199 ], [ 2.31927, 6.60009 ], [ 2.31855, 6.60018 ], [ 2.3181, 6.59982 ], [ 2.31827, 6.60135 ], [ 2.31647, 6.60099 ], [ 2.31619, 6.60153 ], [ 2.31655, 6.60199 ], [ 2.31619, 6.60208 ], [ 2.31574, 6.60207 ], [ 2.31466, 6.60108 ], [ 2.3142, 6.60117 ], [ 2.31447, 6.60216 ], [ 2.31511, 6.60234 ], [ 2.31465, 6.60243 ], [ 2.31492, 6.60361 ], [ 2.31637, 6.6028 ], [ 2.31601, 6.60461 ], [ 2.31637, 6.60551 ] ] ], [ [ [ 2.33437, 6.60888 ], [ 2.33473, 6.60825 ], [ 2.33509, 6.60843 ], [ 2.33536, 6.60798 ], [ 2.336, 6.60807 ], [ 2.336, 6.60744 ], [ 2.33555, 6.60735 ], [ 2.33537, 6.6078 ], [ 2.33464, 6.60798 ], [ 2.33401, 6.6078 ], [ 2.33346, 6.6087 ], [ 2.33373, 6.60906 ], [ 2.33437, 6.60888 ] ] ], [ [ [ 2.33953, 6.60889 ], [ 2.34052, 6.60862 ], [ 2.34079, 6.60763 ], [ 2.34034, 6.60708 ], [ 2.34007, 6.60717 ], [ 2.34025, 6.60799 ], [ 2.33971, 6.60817 ], [ 2.33754, 6.60735 ], [ 2.33763, 6.6078 ], [ 2.33817, 6.60808 ], [ 2.33835, 6.60916 ], [ 2.33925, 6.60934 ], [ 2.33953, 6.60889 ] ] ], [ [ [ 2.33281, 6.62263 ], [ 2.33363, 6.62119 ], [ 2.33417, 6.622 ], [ 2.33417, 6.62128 ], [ 2.33327, 6.62028 ], [ 2.33345, 6.61902 ], [ 2.33318, 6.61893 ], [ 2.33245, 6.62037 ], [ 2.33318, 6.62064 ], [ 2.33327, 6.62101 ], [ 2.33236, 6.62119 ], [ 2.33227, 6.62055 ], [ 2.33191, 6.62046 ], [ 2.33109, 6.62146 ], [ 2.33191, 6.62146 ], [ 2.33182, 6.62227 ], [ 2.33272, 6.62227 ], [ 2.33281, 6.62263 ] ] ], [ [ [ 2.33815, 6.62355 ], [ 2.33779, 6.62201 ], [ 2.33688, 6.62219 ], [ 2.33634, 6.62182 ], [ 2.33661, 6.62128 ], [ 2.33707, 6.62192 ], [ 2.33734, 6.62183 ], [ 2.33734, 6.6211 ], [ 2.3368, 6.62092 ], [ 2.33698, 6.62011 ], [ 2.33562, 6.62029 ], [ 2.33435, 6.62001 ], [ 2.33462, 6.62191 ], [ 2.33553, 6.62173 ], [ 2.33571, 6.62219 ], [ 2.33643, 6.6221 ], [ 2.33679, 6.62291 ], [ 2.33815, 6.62355 ] ] ], [ [ [ 2.32964, 6.62399 ], [ 2.3291, 6.62218 ], [ 2.3301, 6.62191 ], [ 2.33037, 6.62109 ], [ 2.32965, 6.62109 ], [ 2.32947, 6.62145 ], [ 2.3291, 6.62109 ], [ 2.32874, 6.62145 ], [ 2.32865, 6.62317 ], [ 2.3291, 6.62408 ], [ 2.32964, 6.62399 ] ] ], [ [ [ 2.34475, 6.62582 ], [ 2.34484, 6.62491 ], [ 2.34448, 6.62446 ], [ 2.34502, 6.62446 ], [ 2.3453, 6.62401 ], [ 2.34602, 6.62437 ], [ 2.34593, 6.62338 ], [ 2.34693, 6.62292 ], [ 2.34693, 6.62238 ], [ 2.34747, 6.62274 ], [ 2.3481, 6.6222 ], [ 2.34666, 6.62193 ], [ 2.34693, 6.62148 ], [ 2.34765, 6.62166 ], [ 2.34756, 6.62084 ], [ 2.3481, 6.62048 ], [ 2.34792, 6.61994 ], [ 2.34711, 6.62039 ], [ 2.34711, 6.61949 ], [ 2.34648, 6.61958 ], [ 2.34684, 6.62021 ], [ 2.3463, 6.62039 ], [ 2.34666, 6.62111 ], [ 2.34629, 6.62202 ], [ 2.34593, 6.62202 ], [ 2.34584, 6.62157 ], [ 2.34548, 6.62175 ], [ 2.34539, 6.62283 ], [ 2.34493, 6.62337 ], [ 2.3443, 6.62355 ], [ 2.34403, 6.62328 ], [ 2.34394, 6.62401 ], [ 2.3434, 6.62382 ], [ 2.34321, 6.62446 ], [ 2.3424, 6.62473 ], [ 2.34267, 6.6259 ], [ 2.34321, 6.6259 ], [ 2.34357, 6.62527 ], [ 2.3443, 6.62627 ], [ 2.34475, 6.62582 ] ] ], [ [ [ 2.35018, 6.62519 ], [ 2.34982, 6.62456 ], [ 2.35036, 6.62456 ], [ 2.35027, 6.6251 ], [ 2.35108, 6.62501 ], [ 2.35109, 6.62474 ], [ 2.35217, 6.62492 ], [ 2.35163, 6.62438 ], [ 2.35063, 6.62438 ], [ 2.35036, 6.62383 ], [ 2.34937, 6.62437 ], [ 2.34928, 6.62374 ], [ 2.35027, 6.62374 ], [ 2.35054, 6.62284 ], [ 2.35091, 6.62311 ], [ 2.35072, 6.62365 ], [ 2.35199, 6.62384 ], [ 2.3519, 6.62284 ], [ 2.35109, 6.62257 ], [ 2.35136, 6.62175 ], [ 2.351, 6.62112 ], [ 2.35163, 6.62121 ], [ 2.35163, 6.62058 ], [ 2.35073, 6.62003 ], [ 2.35001, 6.62021 ], [ 2.34982, 6.62094 ], [ 2.34919, 6.6213 ], [ 2.34928, 6.62193 ], [ 2.35, 6.62266 ], [ 2.3491, 6.62302 ], [ 2.34892, 6.62166 ], [ 2.34837, 6.62157 ], [ 2.34819, 6.62202 ], [ 2.34856, 6.62193 ], [ 2.34874, 6.62275 ], [ 2.34783, 6.62293 ], [ 2.34819, 6.62338 ], [ 2.3491, 6.62338 ], [ 2.34918, 6.62501 ], [ 2.35018, 6.62591 ], [ 2.35018, 6.62519 ] ] ], [ [ [ 2.33362, 6.62517 ], [ 2.33435, 6.62481 ], [ 2.33435, 6.62535 ], [ 2.33489, 6.62526 ], [ 2.33444, 6.62345 ], [ 2.33399, 6.62345 ], [ 2.33426, 6.62426 ], [ 2.33371, 6.62463 ], [ 2.33254, 6.62309 ], [ 2.33272, 6.62499 ], [ 2.33344, 6.62553 ], [ 2.33389, 6.62544 ], [ 2.33362, 6.62517 ] ] ], [ [ [ 2.33127, 6.62688 ], [ 2.33073, 6.62661 ], [ 2.33082, 6.6258 ], [ 2.33118, 6.62507 ], [ 2.33172, 6.62517 ], [ 2.33218, 6.62444 ], [ 2.33136, 6.62399 ], [ 2.33127, 6.62336 ], [ 2.33019, 6.62308 ], [ 2.33001, 6.62353 ], [ 2.33028, 6.6239 ], [ 2.32991, 6.62462 ], [ 2.33055, 6.62489 ], [ 2.33082, 6.62562 ], [ 2.32955, 6.62498 ], [ 2.32928, 6.6258 ], [ 2.32991, 6.62571 ], [ 2.32991, 6.62607 ], [ 2.33036, 6.62625 ], [ 2.33045, 6.62715 ], [ 2.33118, 6.62725 ], [ 2.33127, 6.62688 ] ] ], [ [ [ 2.3565, 6.63316 ], [ 2.35759, 6.63262 ], [ 2.35678, 6.63171 ], [ 2.35741, 6.6309 ], [ 2.35678, 6.63054 ], [ 2.35632, 6.63117 ], [ 2.35569, 6.63126 ], [ 2.35587, 6.63171 ], [ 2.3565, 6.63171 ], [ 2.35614, 6.63207 ], [ 2.35632, 6.63271 ], [ 2.35596, 6.63388 ], [ 2.3565, 6.63316 ] ] ], [ [ [ 2.35675, 6.65315 ], [ 2.35657, 6.65234 ], [ 2.35856, 6.65108 ], [ 2.35847, 6.65035 ], [ 2.35901, 6.65044 ], [ 2.3591, 6.65126 ], [ 2.35947, 6.65099 ], [ 2.36019, 6.65117 ], [ 2.35983, 6.65207 ], [ 2.36109, 6.65198 ], [ 2.36136, 6.65162 ], [ 2.36064, 6.65171 ], [ 2.36055, 6.65126 ], [ 2.36118, 6.65108 ], [ 2.36164, 6.65144 ], [ 2.36173, 6.65117 ], [ 2.36128, 6.65045 ], [ 2.36082, 6.65044 ], [ 2.36073, 6.64954 ], [ 2.36101, 6.64945 ], [ 2.36155, 6.65026 ], [ 2.36245, 6.64981 ], [ 2.36272, 6.65045 ], [ 2.36309, 6.65009 ], [ 2.36309, 6.64936 ], [ 2.362, 6.64809 ], [ 2.36037, 6.64728 ], [ 2.35992, 6.64773 ], [ 2.35965, 6.64728 ], [ 2.35929, 6.64737 ], [ 2.35974, 6.64809 ], [ 2.35929, 6.64854 ], [ 2.35856, 6.64818 ], [ 2.35865, 6.64881 ], [ 2.35793, 6.64908 ], [ 2.35811, 6.64773 ], [ 2.3573, 6.64745 ], [ 2.35685, 6.64664 ], [ 2.35522, 6.64682 ], [ 2.35468, 6.64637 ], [ 2.35513, 6.64582 ], [ 2.3545, 6.64555 ], [ 2.35422, 6.64627 ], [ 2.35459, 6.64673 ], [ 2.35395, 6.64736 ], [ 2.35404, 6.64826 ], [ 2.35485, 6.64908 ], [ 2.35503, 6.64863 ], [ 2.35603, 6.64809 ], [ 2.35585, 6.64781 ], [ 2.35504, 6.64809 ], [ 2.35513, 6.64772 ], [ 2.35567, 6.64727 ], [ 2.35621, 6.64745 ], [ 2.35666, 6.64854 ], [ 2.3563, 6.64899 ], [ 2.35648, 6.64935 ], [ 2.35594, 6.64971 ], [ 2.35648, 6.6499 ], [ 2.35666, 6.65053 ], [ 2.35757, 6.6508 ], [ 2.35657, 6.65152 ], [ 2.35657, 6.65189 ], [ 2.35585, 6.65189 ], [ 2.35557, 6.65116 ], [ 2.35494, 6.65143 ], [ 2.35584, 6.65342 ], [ 2.35639, 6.65351 ], [ 2.35675, 6.65315 ] ] ], [ [ [ 2.34579, 6.66282 ], [ 2.34597, 6.66146 ], [ 2.3448, 6.66047 ], [ 2.34452, 6.66092 ], [ 2.34516, 6.66191 ], [ 2.34488, 6.66291 ], [ 2.34579, 6.66282 ] ] ], [ [ [ 2.33611, 6.6629 ], [ 2.3381, 6.66227 ], [ 2.33774, 6.66118 ], [ 2.33593, 6.661 ], [ 2.33566, 6.66127 ], [ 2.33611, 6.6629 ] ] ], [ [ [ 2.35302, 6.66799 ], [ 2.35185, 6.66608 ], [ 2.35167, 6.66464 ], [ 2.35203, 6.66409 ], [ 2.35094, 6.6631 ], [ 2.35121, 6.664 ], [ 2.35103, 6.66654 ], [ 2.3504, 6.66527 ], [ 2.35013, 6.66527 ], [ 2.35013, 6.66572 ], [ 2.34977, 6.66527 ], [ 2.34958, 6.66554 ], [ 2.35058, 6.66644 ], [ 2.35058, 6.66717 ], [ 2.35112, 6.66672 ], [ 2.35257, 6.66799 ], [ 2.35302, 6.66799 ] ] ], [ [ [ 2.35528, 6.66772 ], [ 2.35474, 6.66636 ], [ 2.35465, 6.66428 ], [ 2.3542, 6.6641 ], [ 2.3542, 6.665 ], [ 2.35375, 6.66563 ], [ 2.35383, 6.6669 ], [ 2.35501, 6.66781 ], [ 2.35528, 6.66772 ] ] ], [ [ [ 2.3399, 6.66933 ], [ 2.34053, 6.66869 ], [ 2.34035, 6.66815 ], [ 2.34098, 6.66824 ], [ 2.34162, 6.66725 ], [ 2.34081, 6.66688 ], [ 2.34063, 6.66616 ], [ 2.33999, 6.66598 ], [ 2.33936, 6.66652 ], [ 2.3399, 6.66679 ], [ 2.33981, 6.66733 ], [ 2.339, 6.66733 ], [ 2.33872, 6.66779 ], [ 2.33981, 6.66788 ], [ 2.33954, 6.66914 ], [ 2.3399, 6.66933 ] ] ], [ [ [ 2.36605, 6.67054 ], [ 2.36777, 6.66837 ], [ 2.36731, 6.66837 ], [ 2.36668, 6.66918 ], [ 2.36632, 6.669 ], [ 2.36614, 6.66809 ], [ 2.36668, 6.66746 ], [ 2.3665, 6.66701 ], [ 2.36705, 6.66692 ], [ 2.36696, 6.66638 ], [ 2.36524, 6.66673 ], [ 2.36587, 6.66646 ], [ 2.36533, 6.66529 ], [ 2.36479, 6.66547 ], [ 2.36533, 6.66574 ], [ 2.36478, 6.6661 ], [ 2.36487, 6.66646 ], [ 2.36415, 6.6661 ], [ 2.36379, 6.66628 ], [ 2.36397, 6.66664 ], [ 2.36469, 6.66655 ], [ 2.36469, 6.66728 ], [ 2.36424, 6.66773 ], [ 2.36533, 6.66764 ], [ 2.36415, 6.66872 ], [ 2.3636, 6.66881 ], [ 2.36351, 6.66854 ], [ 2.36406, 6.66818 ], [ 2.36279, 6.66764 ], [ 2.36297, 6.66727 ], [ 2.36388, 6.66737 ], [ 2.36388, 6.66691 ], [ 2.36171, 6.66736 ], [ 2.3618, 6.66791 ], [ 2.36243, 6.66764 ], [ 2.36279, 6.66818 ], [ 2.36261, 6.66872 ], [ 2.36324, 6.66872 ], [ 2.3627, 6.66917 ], [ 2.36288, 6.66945 ], [ 2.36559, 6.66954 ], [ 2.3655, 6.67008 ], [ 2.36605, 6.67054 ] ] ], [ [ [ 2.34903, 6.67133 ], [ 2.34813, 6.6706 ], [ 2.34813, 6.67024 ], [ 2.34922, 6.67051 ], [ 2.34913, 6.6697 ], [ 2.34849, 6.6697 ], [ 2.3484, 6.66907 ], [ 2.34759, 6.67006 ], [ 2.34686, 6.67015 ], [ 2.34704, 6.67078 ], [ 2.34768, 6.6706 ], [ 2.34885, 6.67214 ], [ 2.34903, 6.67133 ] ] ], [ [ [ 2.35129, 6.67386 ], [ 2.35111, 6.67124 ], [ 2.35066, 6.67088 ], [ 2.35021, 6.67106 ], [ 2.35021, 6.67241 ], [ 2.35102, 6.67386 ], [ 2.35129, 6.67386 ] ] ], [ [ [ 2.3398, 6.67376 ], [ 2.34107, 6.6734 ], [ 2.34098, 6.67295 ], [ 2.34007, 6.67276 ], [ 2.33944, 6.67168 ], [ 2.33881, 6.67168 ], [ 2.3389, 6.6724 ], [ 2.33971, 6.67285 ], [ 2.3398, 6.67376 ] ] ], [ [ [ 2.3663, 6.68013 ], [ 2.36721, 6.67895 ], [ 2.36784, 6.67922 ], [ 2.36766, 6.67859 ], [ 2.3683, 6.67877 ], [ 2.36803, 6.67805 ], [ 2.36848, 6.6776 ], [ 2.3683, 6.67705 ], [ 2.36866, 6.67642 ], [ 2.36812, 6.67615 ], [ 2.36757, 6.67732 ], [ 2.36703, 6.67687 ], [ 2.36604, 6.67723 ], [ 2.36604, 6.67605 ], [ 2.3655, 6.67587 ], [ 2.36541, 6.67533 ], [ 2.36495, 6.67551 ], [ 2.36468, 6.67442 ], [ 2.36414, 6.67388 ], [ 2.36423, 6.67334 ], [ 2.36342, 6.67243 ], [ 2.3636, 6.67153 ], [ 2.36288, 6.67116 ], [ 2.36279, 6.67053 ], [ 2.36216, 6.67017 ], [ 2.36215, 6.67062 ], [ 2.36125, 6.67098 ], [ 2.36116, 6.67134 ], [ 2.36197, 6.67098 ], [ 2.36252, 6.67125 ], [ 2.36306, 6.67189 ], [ 2.36279, 6.67279 ], [ 2.36351, 6.67361 ], [ 2.36333, 6.67397 ], [ 2.36233, 6.67424 ], [ 2.36224, 6.6746 ], [ 2.36342, 6.67497 ], [ 2.36432, 6.67605 ], [ 2.36495, 6.67605 ], [ 2.36495, 6.67696 ], [ 2.36622, 6.67868 ], [ 2.36613, 6.67895 ], [ 2.36558, 6.67877 ], [ 2.36558, 6.68012 ], [ 2.3663, 6.68013 ] ] ], [ [ [ 2.33473, 6.67619 ], [ 2.33518, 6.67628 ], [ 2.33536, 6.67746 ], [ 2.33618, 6.67737 ], [ 2.33609, 6.67647 ], [ 2.33573, 6.67629 ], [ 2.33618, 6.67565 ], [ 2.33591, 6.67375 ], [ 2.33555, 6.67366 ], [ 2.33582, 6.67484 ], [ 2.33464, 6.6752 ], [ 2.33455, 6.67457 ], [ 2.33419, 6.67466 ], [ 2.3341, 6.67429 ], [ 2.33428, 6.67402 ], [ 2.33437, 6.67429 ], [ 2.33482, 6.6742 ], [ 2.33518, 6.67493 ], [ 2.3351, 6.67384 ], [ 2.33301, 6.67366 ], [ 2.33338, 6.67384 ], [ 2.33301, 6.67438 ], [ 2.33347, 6.67493 ], [ 2.33355, 6.67583 ], [ 2.33365, 6.67493 ], [ 2.33419, 6.67511 ], [ 2.33383, 6.6752 ], [ 2.33382, 6.6771 ], [ 2.33419, 6.6771 ], [ 2.33391, 6.67746 ], [ 2.33428, 6.67755 ], [ 2.33446, 6.67692 ], [ 2.33437, 6.67773 ], [ 2.33482, 6.6771 ], [ 2.33473, 6.67619 ] ] ], [ [ [ 2.33853, 6.67647 ], [ 2.33772, 6.67575 ], [ 2.33754, 6.67493 ], [ 2.33681, 6.67466 ], [ 2.33681, 6.67565 ], [ 2.33735, 6.67665 ], [ 2.33844, 6.6771 ], [ 2.33853, 6.67647 ] ] ], [ [ [ 2.35319, 6.67721 ], [ 2.35274, 6.6754 ], [ 2.3531, 6.67468 ], [ 2.35274, 6.6745 ], [ 2.3522, 6.67486 ], [ 2.35255, 6.67767 ], [ 2.35301, 6.67767 ], [ 2.35319, 6.67721 ] ] ], [ [ [ 2.33355, 6.67601 ], [ 2.33373, 6.67628 ], [ 2.33374, 6.67601 ], [ 2.33355, 6.67601 ] ] ], [ [ [ 2.33482, 6.67981 ], [ 2.33654, 6.679 ], [ 2.33599, 6.67782 ], [ 2.33545, 6.67782 ], [ 2.33554, 6.67855 ], [ 2.33455, 6.67918 ], [ 2.33482, 6.67981 ] ] ], [ [ [ 2.3568, 6.68129 ], [ 2.35762, 6.68138 ], [ 2.35789, 6.68102 ], [ 2.35789, 6.68039 ], [ 2.35699, 6.67921 ], [ 2.35726, 6.67812 ], [ 2.3578, 6.67794 ], [ 2.35762, 6.67767 ], [ 2.35644, 6.67785 ], [ 2.35699, 6.67939 ], [ 2.35599, 6.67948 ], [ 2.35617, 6.68038 ], [ 2.35581, 6.68084 ], [ 2.35653, 6.68219 ], [ 2.35689, 6.68192 ], [ 2.3568, 6.68129 ] ] ], [ [ [ 2.36883, 6.6833 ], [ 2.36929, 6.6823 ], [ 2.36865, 6.68221 ], [ 2.36902, 6.68121 ], [ 2.36956, 6.68167 ], [ 2.37037, 6.6814 ], [ 2.37019, 6.68194 ], [ 2.37046, 6.68203 ], [ 2.37083, 6.68149 ], [ 2.37146, 6.68131 ], [ 2.37119, 6.68077 ], [ 2.37146, 6.68022 ], [ 2.37047, 6.67932 ], [ 2.36956, 6.67968 ], [ 2.36993, 6.67914 ], [ 2.36974, 6.67877 ], [ 2.36929, 6.67886 ], [ 2.36929, 6.67932 ], [ 2.36839, 6.67877 ], [ 2.36812, 6.67931 ], [ 2.36875, 6.68004 ], [ 2.3682, 6.68022 ], [ 2.36784, 6.67968 ], [ 2.36721, 6.67976 ], [ 2.36721, 6.68112 ], [ 2.36648, 6.68203 ], [ 2.3673, 6.68166 ], [ 2.36721, 6.6823 ], [ 2.36802, 6.68248 ], [ 2.36829, 6.68311 ], [ 2.36883, 6.6833 ] ] ], [ [ [ 2.36449, 6.68374 ], [ 2.36558, 6.68293 ], [ 2.36431, 6.68248 ], [ 2.36422, 6.6813 ], [ 2.36359, 6.68067 ], [ 2.36268, 6.68121 ], [ 2.36241, 6.68229 ], [ 2.36295, 6.68184 ], [ 2.36413, 6.68184 ], [ 2.36395, 6.6832 ], [ 2.36449, 6.68374 ] ] ], [ [ [ 2.35254, 6.68445 ], [ 2.353, 6.68454 ], [ 2.35245, 6.68427 ], [ 2.35173, 6.68246 ], [ 2.35155, 6.68409 ], [ 2.35209, 6.68508 ], [ 2.35191, 6.68572 ], [ 2.35236, 6.68563 ], [ 2.35254, 6.68445 ] ] ], [ [ [ 2.36864, 6.69668 ], [ 2.37036, 6.69605 ], [ 2.37009, 6.69551 ], [ 2.36954, 6.69605 ], [ 2.36909, 6.69578 ], [ 2.36954, 6.6956 ], [ 2.36954, 6.69433 ], [ 2.3709, 6.69461 ], [ 2.37126, 6.69397 ], [ 2.37172, 6.69388 ], [ 2.37163, 6.69316 ], [ 2.37081, 6.69352 ], [ 2.37, 6.69298 ], [ 2.37054, 6.69361 ], [ 2.37018, 6.69415 ], [ 2.36982, 6.69406 ], [ 2.36964, 6.69298 ], [ 2.36918, 6.69379 ], [ 2.36873, 6.69361 ], [ 2.36801, 6.69406 ], [ 2.36791, 6.69451 ], [ 2.36665, 6.69415 ], [ 2.36683, 6.69505 ], [ 2.36746, 6.69478 ], [ 2.368, 6.69515 ], [ 2.36764, 6.69569 ], [ 2.36719, 6.69533 ], [ 2.36683, 6.6956 ], [ 2.36737, 6.69641 ], [ 2.36782, 6.69641 ], [ 2.36837, 6.69569 ], [ 2.36873, 6.69569 ], [ 2.36864, 6.69668 ] ] ], [ [ [ 2.36293, 6.6984 ], [ 2.36438, 6.69813 ], [ 2.36393, 6.69713 ], [ 2.36438, 6.69541 ], [ 2.36348, 6.69595 ], [ 2.36384, 6.69713 ], [ 2.36348, 6.69776 ], [ 2.36293, 6.69794 ], [ 2.36293, 6.6984 ] ] ], [ [ [ 2.39919, 6.49497 ], [ 2.39892, 6.49488 ], [ 2.39893, 6.49163 ], [ 2.3982, 6.49163 ], [ 2.39784, 6.49126 ], [ 2.39784, 6.48945 ], [ 2.39694, 6.48945 ], [ 2.39639, 6.49018 ], [ 2.39712, 6.49126 ], [ 2.39639, 6.49208 ], [ 2.39775, 6.4928 ], [ 2.39702, 6.4947 ], [ 2.39603, 6.49461 ], [ 2.39557, 6.49533 ], [ 2.39693, 6.49533 ], [ 2.39774, 6.49606 ], [ 2.39847, 6.49606 ], [ 2.39919, 6.49579 ], [ 2.39919, 6.49497 ] ] ], [ [ [ 2.38078, 6.5334 ], [ 2.38214, 6.53205 ], [ 2.38233, 6.53015 ], [ 2.38197, 6.52888 ], [ 2.38151, 6.52933 ], [ 2.38043, 6.52888 ], [ 2.38006, 6.52969 ], [ 2.37907, 6.52987 ], [ 2.37844, 6.5296 ], [ 2.37744, 6.53023 ], [ 2.37753, 6.53077 ], [ 2.37862, 6.53132 ], [ 2.37916, 6.53123 ], [ 2.37952, 6.53376 ], [ 2.38078, 6.5334 ] ] ], [ [ [ 2.39742, 6.53704 ], [ 2.39752, 6.53469 ], [ 2.39679, 6.53442 ], [ 2.3958, 6.53487 ], [ 2.39562, 6.53532 ], [ 2.39661, 6.53559 ], [ 2.39706, 6.53713 ], [ 2.39742, 6.53704 ] ] ], [ [ [ 2.38193, 6.56073 ], [ 2.38247, 6.55991 ], [ 2.3831, 6.56009 ], [ 2.38337, 6.55964 ], [ 2.3831, 6.55847 ], [ 2.38193, 6.5572 ], [ 2.38166, 6.55738 ], [ 2.38193, 6.55774 ], [ 2.3813, 6.55774 ], [ 2.38075, 6.55873 ], [ 2.38166, 6.55874 ], [ 2.38156, 6.56054 ], [ 2.38193, 6.56073 ] ] ], [ [ [ 2.37876, 6.56081 ], [ 2.37967, 6.56 ], [ 2.37939, 6.55937 ], [ 2.37885, 6.55927 ], [ 2.37912, 6.55873 ], [ 2.37831, 6.55855 ], [ 2.3774, 6.55918 ], [ 2.37713, 6.56 ], [ 2.3774, 6.56054 ], [ 2.3784, 6.56036 ], [ 2.37876, 6.56081 ] ] ], [ [ [ 2.3733, 6.58315 ], [ 2.37412, 6.58243 ], [ 2.37249, 6.58143 ], [ 2.37213, 6.5808 ], [ 2.37086, 6.58134 ], [ 2.37141, 6.58161 ], [ 2.37141, 6.58197 ], [ 2.37258, 6.58188 ], [ 2.3733, 6.58315 ] ] ], [ [ [ 2.37619, 6.5865 ], [ 2.3752, 6.58306 ], [ 2.37448, 6.58234 ], [ 2.37457, 6.58333 ], [ 2.37511, 6.58379 ], [ 2.37457, 6.5846 ], [ 2.37538, 6.5846 ], [ 2.37574, 6.58623 ], [ 2.37619, 6.5865 ] ] ], [ [ [ 2.37945, 6.58633 ], [ 2.37927, 6.58343 ], [ 2.37828, 6.58334 ], [ 2.37755, 6.58397 ], [ 2.37746, 6.58551 ], [ 2.37828, 6.58614 ], [ 2.37819, 6.58641 ], [ 2.37864, 6.58614 ], [ 2.37918, 6.58669 ], [ 2.37945, 6.58633 ] ] ], [ [ [ 2.39518, 6.59422 ], [ 2.39609, 6.59367 ], [ 2.39582, 6.59223 ], [ 2.39419, 6.59241 ], [ 2.39419, 6.59295 ], [ 2.39519, 6.59304 ], [ 2.39518, 6.59422 ] ] ], [ [ [ 2.38749, 6.59737 ], [ 2.38713, 6.59556 ], [ 2.38804, 6.59511 ], [ 2.38822, 6.5943 ], [ 2.38758, 6.59484 ], [ 2.38713, 6.59475 ], [ 2.38713, 6.5933 ], [ 2.38686, 6.5933 ], [ 2.38686, 6.59375 ], [ 2.38623, 6.59375 ], [ 2.38568, 6.59429 ], [ 2.38632, 6.59493 ], [ 2.38595, 6.59556 ], [ 2.38668, 6.59746 ], [ 2.38749, 6.59737 ] ] ], [ [ [ 2.38223, 6.60623 ], [ 2.3816, 6.60415 ], [ 2.38242, 6.60361 ], [ 2.38287, 6.60243 ], [ 2.38341, 6.60243 ], [ 2.38269, 6.60189 ], [ 2.38323, 6.60153 ], [ 2.38305, 6.60044 ], [ 2.38396, 6.59999 ], [ 2.38396, 6.59945 ], [ 2.38287, 6.59909 ], [ 2.38251, 6.59782 ], [ 2.38215, 6.59818 ], [ 2.38188, 6.598 ], [ 2.38206, 6.597 ], [ 2.38125, 6.59664 ], [ 2.38116, 6.59592 ], [ 2.38034, 6.59601 ], [ 2.38053, 6.59555 ], [ 2.38161, 6.59538 ], [ 2.38234, 6.59456 ], [ 2.3817, 6.59447 ], [ 2.38161, 6.59311 ], [ 2.38089, 6.59275 ], [ 2.38198, 6.59158 ], [ 2.38107, 6.59148 ], [ 2.38008, 6.59067 ], [ 2.37981, 6.59166 ], [ 2.38035, 6.59194 ], [ 2.38017, 6.59356 ], [ 2.38134, 6.59357 ], [ 2.38143, 6.59483 ], [ 2.38044, 6.59537 ], [ 2.37944, 6.59528 ], [ 2.3798, 6.59573 ], [ 2.3798, 6.59664 ], [ 2.37926, 6.59727 ], [ 2.37998, 6.59727 ], [ 2.38016, 6.59791 ], [ 2.37899, 6.59781 ], [ 2.37853, 6.59718 ], [ 2.37763, 6.5979 ], [ 2.3779, 6.59863 ], [ 2.37736, 6.59908 ], [ 2.37808, 6.59935 ], [ 2.3779, 6.59989 ], [ 2.37817, 6.60008 ], [ 2.3778, 6.6027 ], [ 2.37907, 6.60297 ], [ 2.37916, 6.60379 ], [ 2.38006, 6.60469 ], [ 2.3807, 6.60415 ], [ 2.38106, 6.60487 ], [ 2.38069, 6.6056 ], [ 2.38169, 6.60533 ], [ 2.38223, 6.60623 ] ], [ [ 2.37925, 6.60243 ], [ 2.37952, 6.60207 ], [ 2.38007, 6.60225 ], [ 2.38007, 6.6018 ], [ 2.37916, 6.60116 ], [ 2.37889, 6.60017 ], [ 2.37953, 6.59881 ], [ 2.38061, 6.5999 ], [ 2.38043, 6.60053 ], [ 2.38025, 6.60026 ], [ 2.38007, 6.60053 ], [ 2.38016, 6.60116 ], [ 2.38061, 6.60144 ], [ 2.38043, 6.60071 ], [ 2.38133, 6.60162 ], [ 2.38188, 6.60153 ], [ 2.38206, 6.60089 ], [ 2.38161, 6.60053 ], [ 2.3817, 6.59999 ], [ 2.38206, 6.59972 ], [ 2.38269, 6.5999 ], [ 2.38233, 6.60053 ], [ 2.38242, 6.6018 ], [ 2.38115, 6.60189 ], [ 2.38097, 6.60243 ], [ 2.38025, 6.60279 ], [ 2.37952, 6.60288 ], [ 2.37925, 6.60243 ] ] ], [ [ [ 2.37229, 6.60007 ], [ 2.37274, 6.59916 ], [ 2.37346, 6.59935 ], [ 2.3741, 6.59871 ], [ 2.37238, 6.59799 ], [ 2.37274, 6.59889 ], [ 2.37175, 6.59925 ], [ 2.37165, 6.59961 ], [ 2.37229, 6.60007 ] ] ], [ [ [ 2.37029, 6.60423 ], [ 2.37102, 6.60296 ], [ 2.37129, 6.60314 ], [ 2.37111, 6.60396 ], [ 2.37156, 6.60405 ], [ 2.37228, 6.60296 ], [ 2.37274, 6.60296 ], [ 2.37238, 6.60143 ], [ 2.37165, 6.6017 ], [ 2.37111, 6.60251 ], [ 2.37011, 6.6026 ], [ 2.36957, 6.60386 ], [ 2.37029, 6.60423 ] ] ], [ [ [ 2.38629, 6.61384 ], [ 2.38503, 6.6113 ], [ 2.38512, 6.61031 ], [ 2.38422, 6.61049 ], [ 2.38404, 6.60913 ], [ 2.38286, 6.60804 ], [ 2.38259, 6.60813 ], [ 2.38277, 6.60922 ], [ 2.3825, 6.60958 ], [ 2.3834, 6.60967 ], [ 2.38358, 6.61003 ], [ 2.38322, 6.6103 ], [ 2.38367, 6.61076 ], [ 2.38458, 6.61076 ], [ 2.38512, 6.61293 ], [ 2.38593, 6.61329 ], [ 2.38584, 6.61402 ], [ 2.38629, 6.61384 ] ] ], [ [ [ 2.38564, 6.6265 ], [ 2.38664, 6.62542 ], [ 2.38718, 6.62542 ], [ 2.38745, 6.62614 ], [ 2.38773, 6.62587 ], [ 2.38746, 6.62551 ], [ 2.38764, 6.62497 ], [ 2.38709, 6.62442 ], [ 2.3861, 6.62433 ], [ 2.38646, 6.62343 ], [ 2.38601, 6.62306 ], [ 2.38638, 6.62116 ], [ 2.38601, 6.61972 ], [ 2.38647, 6.61872 ], [ 2.3862, 6.61764 ], [ 2.38656, 6.61547 ], [ 2.38629, 6.61483 ], [ 2.38584, 6.61474 ], [ 2.38602, 6.61691 ], [ 2.38557, 6.61709 ], [ 2.38574, 6.61935 ], [ 2.38547, 6.61954 ], [ 2.38574, 6.62062 ], [ 2.38493, 6.62116 ], [ 2.38502, 6.62162 ], [ 2.38592, 6.62135 ], [ 2.38592, 6.62189 ], [ 2.38547, 6.62207 ], [ 2.38583, 6.62315 ], [ 2.38556, 6.62451 ], [ 2.38483, 6.62532 ], [ 2.38537, 6.62551 ], [ 2.38564, 6.6265 ] ] ], [ [ [ 2.3956, 6.62669 ], [ 2.39569, 6.62552 ], [ 2.39496, 6.62552 ], [ 2.39479, 6.62407 ], [ 2.39596, 6.62543 ], [ 2.39723, 6.62471 ], [ 2.39696, 6.62344 ], [ 2.39632, 6.62335 ], [ 2.39569, 6.62271 ], [ 2.3956, 6.62344 ], [ 2.39451, 6.62389 ], [ 2.39424, 6.6228 ], [ 2.39379, 6.62271 ], [ 2.39343, 6.62398 ], [ 2.39216, 6.62253 ], [ 2.39217, 6.62027 ], [ 2.39172, 6.61864 ], [ 2.39117, 6.61837 ], [ 2.39072, 6.61891 ], [ 2.39063, 6.61981 ], [ 2.38982, 6.61963 ], [ 2.38981, 6.62108 ], [ 2.38927, 6.62171 ], [ 2.38999, 6.62153 ], [ 2.39063, 6.62045 ], [ 2.39144, 6.62036 ], [ 2.39135, 6.62217 ], [ 2.39045, 6.62162 ], [ 2.38981, 6.62235 ], [ 2.39099, 6.6228 ], [ 2.39162, 6.62416 ], [ 2.39252, 6.62389 ], [ 2.39307, 6.62434 ], [ 2.39307, 6.6247 ], [ 2.3918, 6.62533 ], [ 2.39162, 6.62588 ], [ 2.39216, 6.62606 ], [ 2.39379, 6.62561 ], [ 2.39406, 6.62633 ], [ 2.39451, 6.62642 ], [ 2.39469, 6.62606 ], [ 2.39433, 6.62543 ], [ 2.3946, 6.62543 ], [ 2.39515, 6.62606 ], [ 2.39505, 6.62651 ], [ 2.3956, 6.62669 ] ] ], [ [ [ 2.38312, 6.62288 ], [ 2.3833, 6.62207 ], [ 2.38303, 6.62179 ], [ 2.38149, 6.62215 ], [ 2.38248, 6.62324 ], [ 2.38312, 6.62288 ] ] ], [ [ [ 2.39053, 6.62651 ], [ 2.39017, 6.62443 ], [ 2.38945, 6.62361 ], [ 2.38909, 6.6237 ], [ 2.38899, 6.62461 ], [ 2.38981, 6.62551 ], [ 2.39017, 6.62669 ], [ 2.39053, 6.62651 ] ] ], [ [ [ 2.39604, 6.6304 ], [ 2.39659, 6.62995 ], [ 2.3965, 6.62823 ], [ 2.39578, 6.62778 ], [ 2.39568, 6.63022 ], [ 2.39604, 6.6304 ] ] ], [ [ [ 2.38481, 6.64052 ], [ 2.38463, 6.63953 ], [ 2.38554, 6.63917 ], [ 2.38509, 6.63899 ], [ 2.38481, 6.63926 ], [ 2.38382, 6.63862 ], [ 2.38364, 6.64007 ], [ 2.38481, 6.64052 ] ] ], [ [ [ 2.39332, 6.64252 ], [ 2.39395, 6.64262 ], [ 2.39431, 6.64216 ], [ 2.39485, 6.64235 ], [ 2.39522, 6.64171 ], [ 2.39413, 6.64171 ], [ 2.39413, 6.64099 ], [ 2.39359, 6.64189 ], [ 2.39304, 6.64189 ], [ 2.39314, 6.64135 ], [ 2.39286, 6.64135 ], [ 2.39277, 6.64289 ], [ 2.39322, 6.64298 ], [ 2.39332, 6.64252 ] ] ], [ [ [ 2.37675, 6.64639 ], [ 2.37757, 6.64603 ], [ 2.37748, 6.64422 ], [ 2.37721, 6.64377 ], [ 2.37648, 6.64377 ], [ 2.37676, 6.64268 ], [ 2.37649, 6.64268 ], [ 2.37639, 6.64377 ], [ 2.37558, 6.64422 ], [ 2.37567, 6.64485 ], [ 2.37675, 6.64558 ], [ 2.37675, 6.64639 ] ] ], [ [ [ 2.37368, 6.64612 ], [ 2.37449, 6.64522 ], [ 2.37395, 6.6453 ], [ 2.37395, 6.64503 ], [ 2.37458, 6.64485 ], [ 2.37458, 6.64413 ], [ 2.37341, 6.64422 ], [ 2.37304, 6.64585 ], [ 2.37368, 6.64612 ] ] ], [ [ [ 2.38408, 6.64948 ], [ 2.38435, 6.64731 ], [ 2.3848, 6.6474 ], [ 2.38499, 6.64686 ], [ 2.38553, 6.64668 ], [ 2.38535, 6.64631 ], [ 2.38462, 6.64649 ], [ 2.38435, 6.64704 ], [ 2.38417, 6.64604 ], [ 2.3839, 6.64613 ], [ 2.38408, 6.64785 ], [ 2.38354, 6.64921 ], [ 2.38372, 6.64957 ], [ 2.38408, 6.64948 ] ] ], [ [ [ 2.37693, 6.65047 ], [ 2.37774, 6.64947 ], [ 2.37811, 6.64974 ], [ 2.37792, 6.6502 ], [ 2.37856, 6.64983 ], [ 2.37865, 6.65038 ], [ 2.37901, 6.65047 ], [ 2.38028, 6.64993 ], [ 2.38082, 6.64929 ], [ 2.38191, 6.6492 ], [ 2.38227, 6.64957 ], [ 2.38254, 6.64939 ], [ 2.381, 6.64803 ], [ 2.38028, 6.64785 ], [ 2.37983, 6.64694 ], [ 2.37938, 6.64757 ], [ 2.37793, 6.64784 ], [ 2.37747, 6.64893 ], [ 2.37684, 6.64866 ], [ 2.37666, 6.64956 ], [ 2.37612, 6.64992 ], [ 2.37621, 6.65019 ], [ 2.37666, 6.64992 ], [ 2.37693, 6.65047 ] ] ], [ [ [ 2.37285, 6.65734 ], [ 2.37412, 6.65598 ], [ 2.37412, 6.65508 ], [ 2.37376, 6.6548 ], [ 2.37394, 6.65408 ], [ 2.37349, 6.65417 ], [ 2.37331, 6.65363 ], [ 2.37222, 6.65317 ], [ 2.37213, 6.6539 ], [ 2.37131, 6.65372 ], [ 2.37095, 6.65426 ], [ 2.37023, 6.65435 ], [ 2.37014, 6.65489 ], [ 2.37059, 6.65507 ], [ 2.37104, 6.65453 ], [ 2.37195, 6.65444 ], [ 2.37204, 6.65516 ], [ 2.37267, 6.65525 ], [ 2.3724, 6.65706 ], [ 2.37285, 6.65734 ] ] ], [ [ [ 2.37664, 6.66385 ], [ 2.37637, 6.66268 ], [ 2.37682, 6.6625 ], [ 2.37673, 6.66195 ], [ 2.37601, 6.66159 ], [ 2.37465, 6.66304 ], [ 2.37547, 6.66304 ], [ 2.37583, 6.6634 ], [ 2.37574, 6.66394 ], [ 2.37637, 6.66413 ], [ 2.37664, 6.66385 ] ] ], [ [ [ 2.37184, 6.66901 ], [ 2.37066, 6.66855 ], [ 2.37094, 6.66683 ], [ 2.37121, 6.66692 ], [ 2.3713, 6.66656 ], [ 2.37039, 6.6662 ], [ 2.37066, 6.66719 ], [ 2.36976, 6.66846 ], [ 2.37057, 6.66873 ], [ 2.37048, 6.669 ], [ 2.3712, 6.669 ], [ 2.37148, 6.66982 ], [ 2.37184, 6.66901 ] ] ], [ [ [ 2.39048, 6.67011 ], [ 2.39066, 6.66812 ], [ 2.39021, 6.66812 ], [ 2.38994, 6.66858 ], [ 2.38939, 6.66812 ], [ 2.39021, 6.66758 ], [ 2.38921, 6.6674 ], [ 2.38939, 6.66876 ], [ 2.38966, 6.66912 ], [ 2.39012, 6.66894 ], [ 2.38975, 6.66984 ], [ 2.39048, 6.67011 ] ] ], [ [ [ 2.38197, 6.67454 ], [ 2.38296, 6.67454 ], [ 2.38269, 6.67372 ], [ 2.38387, 6.67363 ], [ 2.38396, 6.6721 ], [ 2.38342, 6.6721 ], [ 2.38287, 6.67155 ], [ 2.38242, 6.67182 ], [ 2.38251, 6.67237 ], [ 2.38305, 6.67264 ], [ 2.38278, 6.67354 ], [ 2.38106, 6.67345 ], [ 2.3807, 6.67481 ], [ 2.38224, 6.67499 ], [ 2.38197, 6.67454 ] ] ], [ [ [ 2.36993, 6.67579 ], [ 2.37129, 6.67543 ], [ 2.37129, 6.67443 ], [ 2.37201, 6.67452 ], [ 2.3721, 6.67425 ], [ 2.37147, 6.67371 ], [ 2.3712, 6.67443 ], [ 2.37084, 6.67434 ], [ 2.37029, 6.67307 ], [ 2.36975, 6.67289 ], [ 2.3693, 6.67325 ], [ 2.36975, 6.67407 ], [ 2.36948, 6.67552 ], [ 2.36993, 6.67579 ] ] ], [ [ [ 2.39499, 6.67899 ], [ 2.39454, 6.67681 ], [ 2.39499, 6.676 ], [ 2.39463, 6.67591 ], [ 2.394, 6.6769 ], [ 2.39345, 6.6769 ], [ 2.39345, 6.67736 ], [ 2.39472, 6.67908 ], [ 2.39499, 6.67899 ] ] ], [ [ [ 2.39715, 6.68559 ], [ 2.39607, 6.68387 ], [ 2.39625, 6.68342 ], [ 2.39589, 6.68342 ], [ 2.39553, 6.6845 ], [ 2.39562, 6.68487 ], [ 2.39607, 6.68487 ], [ 2.3958, 6.68595 ], [ 2.39715, 6.68559 ] ] ], [ [ [ 2.39226, 6.69165 ], [ 2.39335, 6.6912 ], [ 2.39326, 6.68984 ], [ 2.39217, 6.68921 ], [ 2.39235, 6.69047 ], [ 2.39199, 6.6911 ], [ 2.39226, 6.69165 ] ] ], [ [ [ 2.39841, 6.69346 ], [ 2.39733, 6.69274 ], [ 2.39642, 6.69283 ], [ 2.39805, 6.69446 ], [ 2.39832, 6.69446 ], [ 2.39841, 6.69346 ] ] ], [ [ [ 2.40387, 6.52067 ], [ 2.40405, 6.51805 ], [ 2.40315, 6.51805 ], [ 2.40269, 6.51742 ], [ 2.40279, 6.51687 ], [ 2.40233, 6.51678 ], [ 2.4017, 6.5176 ], [ 2.40251, 6.51778 ], [ 2.40161, 6.51859 ], [ 2.40242, 6.51922 ], [ 2.40314, 6.51914 ], [ 2.40305, 6.51986 ], [ 2.40224, 6.51968 ], [ 2.40287, 6.52103 ], [ 2.40387, 6.52067 ] ] ], [ [ [ 2.40095, 6.53641 ], [ 2.40104, 6.53524 ], [ 2.40231, 6.5347 ], [ 2.40204, 6.53361 ], [ 2.40159, 6.53388 ], [ 2.40168, 6.53442 ], [ 2.40096, 6.53442 ], [ 2.40114, 6.53487 ], [ 2.40023, 6.53442 ], [ 2.39987, 6.53578 ], [ 2.40059, 6.53677 ], [ 2.40095, 6.53641 ] ] ], [ [ [ 2.40158, 6.54428 ], [ 2.40122, 6.54356 ], [ 2.40067, 6.54392 ], [ 2.40004, 6.54274 ], [ 2.39959, 6.54265 ], [ 2.39986, 6.54455 ], [ 2.4013, 6.54474 ], [ 2.40158, 6.54428 ] ] ], [ [ [ 2.40338, 6.54528 ], [ 2.40547, 6.54438 ], [ 2.40556, 6.54329 ], [ 2.4042, 6.54347 ], [ 2.40384, 6.5432 ], [ 2.40375, 6.54356 ], [ 2.40321, 6.54356 ], [ 2.40338, 6.54528 ] ] ], [ [ [ 2.40329, 6.5498 ], [ 2.40356, 6.54763 ], [ 2.40411, 6.54709 ], [ 2.40311, 6.54745 ], [ 2.40302, 6.54682 ], [ 2.4023, 6.54682 ], [ 2.40284, 6.54655 ], [ 2.40293, 6.54591 ], [ 2.40212, 6.54573 ], [ 2.40185, 6.546 ], [ 2.40094, 6.5451 ], [ 2.40013, 6.5451 ], [ 2.39995, 6.54537 ], [ 2.40058, 6.54537 ], [ 2.40203, 6.54727 ], [ 2.40284, 6.54745 ], [ 2.40266, 6.54799 ], [ 2.40302, 6.54836 ], [ 2.40257, 6.54854 ], [ 2.4022, 6.54971 ], [ 2.40256, 6.55026 ], [ 2.40329, 6.5498 ] ] ], [ [ [ 2.39836, 6.58825 ], [ 2.39763, 6.58825 ], [ 2.39791, 6.58716 ], [ 2.39709, 6.58653 ], [ 2.397, 6.58789 ], [ 2.39745, 6.58834 ], [ 2.39736, 6.58888 ], [ 2.39845, 6.58906 ], [ 2.39836, 6.58825 ] ] ], [ [ [ 2.40596, 6.58898 ], [ 2.40532, 6.5879 ], [ 2.40442, 6.58826 ], [ 2.40397, 6.58762 ], [ 2.40342, 6.58798 ], [ 2.40451, 6.58862 ], [ 2.4046, 6.58925 ], [ 2.40596, 6.58898 ] ] ], [ [ [ 2.40179, 6.59097 ], [ 2.40116, 6.58988 ], [ 2.4017, 6.58898 ], [ 2.40152, 6.58852 ], [ 2.40062, 6.58888 ], [ 2.40062, 6.58925 ], [ 2.40116, 6.59106 ], [ 2.40179, 6.59097 ] ] ], [ [ [ 2.40848, 6.59414 ], [ 2.40957, 6.59315 ], [ 2.40858, 6.59242 ], [ 2.40704, 6.5926 ], [ 2.40848, 6.59414 ] ] ], [ [ [ 2.39852, 6.60444 ], [ 2.39942, 6.60399 ], [ 2.39915, 6.60318 ], [ 2.40006, 6.60291 ], [ 2.40015, 6.60255 ], [ 2.39825, 6.60281 ], [ 2.39843, 6.60164 ], [ 2.39798, 6.60128 ], [ 2.39762, 6.60173 ], [ 2.39798, 6.60227 ], [ 2.39771, 6.6029 ], [ 2.39852, 6.60444 ] ] ], [ [ [ 2.39815, 6.60643 ], [ 2.3987, 6.60526 ], [ 2.39807, 6.60426 ], [ 2.39707, 6.60399 ], [ 2.39734, 6.60598 ], [ 2.39815, 6.60643 ] ] ], [ [ [ 2.39996, 6.60779 ], [ 2.40014, 6.60698 ], [ 2.40105, 6.60689 ], [ 2.40105, 6.60644 ], [ 2.40051, 6.60607 ], [ 2.39987, 6.60625 ], [ 2.39951, 6.60716 ], [ 2.39888, 6.6068 ], [ 2.39852, 6.60716 ], [ 2.39852, 6.60761 ], [ 2.39933, 6.60815 ], [ 2.39996, 6.60779 ] ] ], [ [ [ 2.40754, 6.624 ], [ 2.40809, 6.62345 ], [ 2.40827, 6.62182 ], [ 2.40791, 6.62173 ], [ 2.40718, 6.62255 ], [ 2.40637, 6.622 ], [ 2.40591, 6.62354 ], [ 2.40664, 6.62354 ], [ 2.40709, 6.62399 ], [ 2.40754, 6.624 ] ] ], [ [ [ 2.39975, 6.63249 ], [ 2.40129, 6.63014 ], [ 2.40147, 6.63086 ], [ 2.40229, 6.6315 ], [ 2.40211, 6.63077 ], [ 2.40292, 6.63068 ], [ 2.40346, 6.62969 ], [ 2.40292, 6.62969 ], [ 2.40256, 6.63032 ], [ 2.40193, 6.62978 ], [ 2.40129, 6.63005 ], [ 2.40093, 6.62996 ], [ 2.40111, 6.62896 ], [ 2.40021, 6.62887 ], [ 2.40021, 6.6305 ], [ 2.39921, 6.63095 ], [ 2.3993, 6.63195 ], [ 2.39975, 6.63249 ] ] ], [ [ [ 2.40482, 6.63304 ], [ 2.40509, 6.63259 ], [ 2.40473, 6.63222 ], [ 2.40355, 6.6315 ], [ 2.4031, 6.63159 ], [ 2.40364, 6.63304 ], [ 2.40482, 6.63304 ] ] ], [ [ [ 2.39829, 6.64099 ], [ 2.3992, 6.64072 ], [ 2.39938, 6.64 ], [ 2.39811, 6.63973 ], [ 2.39793, 6.64018 ], [ 2.39694, 6.64045 ], [ 2.39712, 6.64117 ], [ 2.39775, 6.64163 ], [ 2.39829, 6.64099 ] ] ], [ [ [ 2.40634, 6.64426 ], [ 2.40734, 6.64435 ], [ 2.40716, 6.64317 ], [ 2.40743, 6.6429 ], [ 2.40653, 6.64227 ], [ 2.40716, 6.64182 ], [ 2.40662, 6.64145 ], [ 2.40571, 6.64281 ], [ 2.40571, 6.64372 ], [ 2.40625, 6.64399 ], [ 2.40616, 6.64317 ], [ 2.40671, 6.6429 ], [ 2.4068, 6.64363 ], [ 2.40634, 6.64426 ] ] ], [ [ [ 2.40408, 6.64534 ], [ 2.40462, 6.64417 ], [ 2.40435, 6.64344 ], [ 2.40517, 6.64172 ], [ 2.40526, 6.64064 ], [ 2.40399, 6.64335 ], [ 2.40354, 6.64353 ], [ 2.40399, 6.64435 ], [ 2.40317, 6.64507 ], [ 2.40408, 6.64534 ] ] ], [ [ [ 2.39991, 6.64751 ], [ 2.40082, 6.6467 ], [ 2.40127, 6.64733 ], [ 2.40245, 6.64697 ], [ 2.40299, 6.64742 ], [ 2.40326, 6.6467 ], [ 2.40272, 6.64615 ], [ 2.40326, 6.6457 ], [ 2.4029, 6.64543 ], [ 2.40145, 6.64561 ], [ 2.40145, 6.64661 ], [ 2.40064, 6.64606 ], [ 2.4001, 6.64624 ], [ 2.39983, 6.6457 ], [ 2.40046, 6.64507 ], [ 2.39965, 6.64461 ], [ 2.39974, 6.64362 ], [ 2.39929, 6.64289 ], [ 2.39874, 6.64271 ], [ 2.39811, 6.64343 ], [ 2.39748, 6.64334 ], [ 2.3972, 6.64389 ], [ 2.39811, 6.64452 ], [ 2.3982, 6.64552 ], [ 2.39892, 6.64588 ], [ 2.39892, 6.64633 ], [ 2.39946, 6.6466 ], [ 2.39991, 6.64751 ] ] ], [ [ [ 2.41258, 6.64698 ], [ 2.4134, 6.64698 ], [ 2.41322, 6.64581 ], [ 2.41258, 6.64599 ], [ 2.41222, 6.64508 ], [ 2.41114, 6.64445 ], [ 2.41105, 6.6449 ], [ 2.41195, 6.64544 ], [ 2.41195, 6.64617 ], [ 2.41132, 6.64644 ], [ 2.41122, 6.64716 ], [ 2.41231, 6.64743 ], [ 2.41258, 6.64698 ] ] ], [ [ [ 2.4047, 6.65493 ], [ 2.40633, 6.65466 ], [ 2.40642, 6.65349 ], [ 2.40678, 6.65358 ], [ 2.4066, 6.65403 ], [ 2.40723, 6.65466 ], [ 2.40841, 6.65448 ], [ 2.40905, 6.65358 ], [ 2.40724, 6.65403 ], [ 2.40687, 6.65367 ], [ 2.40706, 6.65304 ], [ 2.40633, 6.65294 ], [ 2.40543, 6.65213 ], [ 2.40525, 6.65267 ], [ 2.40434, 6.65303 ], [ 2.40434, 6.65529 ], [ 2.4047, 6.65493 ] ] ], [ [ [ 2.40189, 6.66054 ], [ 2.40189, 6.65918 ], [ 2.40126, 6.65909 ], [ 2.40162, 6.65773 ], [ 2.40117, 6.65746 ], [ 2.40026, 6.65846 ], [ 2.40044, 6.65963 ], [ 2.39963, 6.66008 ], [ 2.40044, 6.66017 ], [ 2.4008, 6.65972 ], [ 2.40126, 6.66045 ], [ 2.40189, 6.66054 ] ] ], [ [ [ 2.39836, 6.66307 ], [ 2.39854, 6.66081 ], [ 2.39818, 6.66135 ], [ 2.39718, 6.66135 ], [ 2.39709, 6.66044 ], [ 2.39673, 6.6608 ], [ 2.397, 6.66135 ], [ 2.39655, 6.66216 ], [ 2.39736, 6.66252 ], [ 2.39727, 6.66298 ], [ 2.39772, 6.66343 ], [ 2.39836, 6.66307 ] ] ], [ [ [ 2.40297, 6.66334 ], [ 2.40487, 6.66262 ], [ 2.4046, 6.66199 ], [ 2.40487, 6.66136 ], [ 2.40551, 6.66217 ], [ 2.40614, 6.66172 ], [ 2.40614, 6.66081 ], [ 2.40542, 6.66063 ], [ 2.40469, 6.66081 ], [ 2.4037, 6.66172 ], [ 2.40279, 6.66162 ], [ 2.40243, 6.66271 ], [ 2.40297, 6.66262 ], [ 2.40297, 6.66334 ] ] ], [ [ [ 2.40232, 6.68117 ], [ 2.40304, 6.67827 ], [ 2.4016, 6.67791 ], [ 2.40133, 6.67746 ], [ 2.4016, 6.67691 ], [ 2.40196, 6.67691 ], [ 2.40214, 6.67782 ], [ 2.40259, 6.67719 ], [ 2.40304, 6.67782 ], [ 2.40314, 6.6771 ], [ 2.4025, 6.67637 ], [ 2.4016, 6.67646 ], [ 2.40087, 6.67736 ], [ 2.40006, 6.67709 ], [ 2.39979, 6.67736 ], [ 2.39997, 6.67773 ], [ 2.40114, 6.67782 ], [ 2.40132, 6.67845 ], [ 2.40087, 6.67872 ], [ 2.40096, 6.67935 ], [ 2.40042, 6.6799 ], [ 2.39969, 6.67981 ], [ 2.39969, 6.68071 ], [ 2.4006, 6.68053 ], [ 2.40232, 6.68117 ] ] ], [ [ [ 2.4072, 6.68443 ], [ 2.4082, 6.68325 ], [ 2.4082, 6.68271 ], [ 2.40928, 6.68307 ], [ 2.40983, 6.68271 ], [ 2.40928, 6.6819 ], [ 2.40793, 6.68172 ], [ 2.40811, 6.68063 ], [ 2.4092, 6.67973 ], [ 2.40902, 6.67837 ], [ 2.40847, 6.67792 ], [ 2.4082, 6.67828 ], [ 2.40856, 6.67873 ], [ 2.40793, 6.67864 ], [ 2.40766, 6.679 ], [ 2.40775, 6.67945 ], [ 2.40847, 6.67945 ], [ 2.40811, 6.68045 ], [ 2.4063, 6.68099 ], [ 2.40675, 6.68171 ], [ 2.40738, 6.68144 ], [ 2.4072, 6.68217 ], [ 2.40774, 6.68271 ], [ 2.40774, 6.68316 ], [ 2.40729, 6.68262 ], [ 2.40675, 6.68271 ], [ 2.40639, 6.68398 ], [ 2.4072, 6.68443 ] ] ], [ [ [ 2.40331, 6.68551 ], [ 2.40304, 6.68316 ], [ 2.40213, 6.68261 ], [ 2.40168, 6.68171 ], [ 2.40078, 6.68153 ], [ 2.40069, 6.68189 ], [ 2.40177, 6.68261 ], [ 2.40195, 6.68316 ], [ 2.40277, 6.68352 ], [ 2.40295, 6.68533 ], [ 2.40331, 6.68551 ] ] ], [ [ [ 2.40602, 6.68479 ], [ 2.40602, 6.6837 ], [ 2.40548, 6.68361 ], [ 2.40503, 6.68298 ], [ 2.40349, 6.68334 ], [ 2.40358, 6.6837 ], [ 2.40485, 6.68406 ], [ 2.40539, 6.68479 ], [ 2.40602, 6.68479 ] ] ], [ [ [ 2.40049, 6.69519 ], [ 2.40076, 6.69464 ], [ 2.40149, 6.69483 ], [ 2.40185, 6.69455 ], [ 2.40203, 6.69528 ], [ 2.40239, 6.69528 ], [ 2.40266, 6.69383 ], [ 2.40203, 6.69383 ], [ 2.40203, 6.69347 ], [ 2.40366, 6.69239 ], [ 2.40321, 6.69175 ], [ 2.40393, 6.69157 ], [ 2.40511, 6.68985 ], [ 2.40412, 6.68949 ], [ 2.40267, 6.69039 ], [ 2.40249, 6.68931 ], [ 2.40204, 6.68949 ], [ 2.40222, 6.68994 ], [ 2.40194, 6.68967 ], [ 2.40131, 6.68994 ], [ 2.40104, 6.6894 ], [ 2.40068, 6.6894 ], [ 2.39932, 6.69021 ], [ 2.40032, 6.6884 ], [ 2.40213, 6.6884 ], [ 2.40231, 6.6875 ], [ 2.40321, 6.68759 ], [ 2.40367, 6.68669 ], [ 2.40394, 6.68804 ], [ 2.40321, 6.6884 ], [ 2.40339, 6.68877 ], [ 2.40493, 6.68859 ], [ 2.40674, 6.68787 ], [ 2.40647, 6.6875 ], [ 2.40584, 6.6875 ], [ 2.40457, 6.68813 ], [ 2.40439, 6.68651 ], [ 2.40285, 6.6865 ], [ 2.40285, 6.68542 ], [ 2.4024, 6.6846 ], [ 2.40123, 6.68433 ], [ 2.40086, 6.6846 ], [ 2.4015, 6.68533 ], [ 2.40086, 6.68587 ], [ 2.40231, 6.6856 ], [ 2.40222, 6.6865 ], [ 2.4005, 6.68686 ], [ 2.40032, 6.68804 ], [ 2.39996, 6.68768 ], [ 2.39896, 6.68786 ], [ 2.39914, 6.68822 ], [ 2.39941, 6.68795 ], [ 2.39987, 6.68813 ], [ 2.39896, 6.68912 ], [ 2.39833, 6.68813 ], [ 2.39796, 6.68822 ], [ 2.39796, 6.68867 ], [ 2.3986, 6.68903 ], [ 2.39814, 6.68957 ], [ 2.39896, 6.68985 ], [ 2.3976, 6.69147 ], [ 2.39823, 6.6922 ], [ 2.39823, 6.69166 ], [ 2.39905, 6.69193 ], [ 2.40022, 6.69084 ], [ 2.40004, 6.69157 ], [ 2.40031, 6.69184 ], [ 2.40086, 6.69184 ], [ 2.40095, 6.6913 ], [ 2.40194, 6.69184 ], [ 2.40185, 6.69112 ], [ 2.40231, 6.69076 ], [ 2.40267, 6.69094 ], [ 2.40285, 6.69148 ], [ 2.40149, 6.69229 ], [ 2.40158, 6.6932 ], [ 2.40113, 6.69311 ], [ 2.40103, 6.69365 ], [ 2.4004, 6.6941 ], [ 2.39941, 6.69419 ], [ 2.40013, 6.69491 ], [ 2.39904, 6.69509 ], [ 2.39931, 6.69564 ], [ 2.40049, 6.69519 ] ] ], [ [ [ 2.41026, 6.69411 ], [ 2.40963, 6.69303 ], [ 2.40963, 6.6923 ], [ 2.40837, 6.69122 ], [ 2.40846, 6.6904 ], [ 2.40918, 6.68959 ], [ 2.40946, 6.68959 ], [ 2.40963, 6.69076 ], [ 2.41018, 6.68968 ], [ 2.41045, 6.68977 ], [ 2.41054, 6.68887 ], [ 2.40991, 6.68778 ], [ 2.4081, 6.68832 ], [ 2.40801, 6.68895 ], [ 2.40701, 6.68949 ], [ 2.40656, 6.69094 ], [ 2.40502, 6.69094 ], [ 2.40429, 6.69266 ], [ 2.40312, 6.6932 ], [ 2.40357, 6.69374 ], [ 2.40465, 6.69311 ], [ 2.4052, 6.69338 ], [ 2.40619, 6.69311 ], [ 2.40701, 6.69375 ], [ 2.40683, 6.69257 ], [ 2.40719, 6.69239 ], [ 2.40746, 6.69357 ], [ 2.40809, 6.69302 ], [ 2.40836, 6.69366 ], [ 2.41026, 6.69411 ] ] ], [ [ [ 2.41108, 6.6952 ], [ 2.41198, 6.69493 ], [ 2.41198, 6.69366 ], [ 2.41036, 6.69004 ], [ 2.41045, 6.69086 ], [ 2.40991, 6.69131 ], [ 2.41008, 6.69294 ], [ 2.41117, 6.69294 ], [ 2.41072, 6.69429 ], [ 2.41108, 6.6952 ] ] ], [ [ [ 2.40655, 6.69691 ], [ 2.40782, 6.69728 ], [ 2.40755, 6.69664 ], [ 2.40818, 6.6961 ], [ 2.408, 6.69574 ], [ 2.40854, 6.69565 ], [ 2.40818, 6.69483 ], [ 2.40836, 6.69393 ], [ 2.40782, 6.69411 ], [ 2.40764, 6.69483 ], [ 2.40719, 6.69438 ], [ 2.40683, 6.69447 ], [ 2.4071, 6.69501 ], [ 2.40592, 6.697 ], [ 2.4061, 6.69755 ], [ 2.40655, 6.69691 ] ] ] ] } },
{ "type": "Feature", "properties": { "classe": 2, "nom": "Sols nus", "superficie_ha": 475.6, "pourcentage": 0.96 }, "geometry": { "type": "MultiPolygon", "coordinates": [ [ [ [ 2.30559, 6.34983 ], [ 2.30776, 6.34893 ], [ 2.30288, 6.34902 ], [ 2.298, 6.34783 ], [ 2.29538, 6.34756 ], [ 2.29538, 6.34729 ], [ 2.29908, 6.34756 ], [ 2.2989, 6.34675 ], [ 2.29927, 6.34648 ], [ 2.29918, 6.34603 ], [ 2.29954, 6.34594 ], [ 2.29981, 6.34648 ], [ 2.29944, 6.34756 ], [ 2.30062, 6.34766 ], [ 2.30107, 6.34802 ], [ 2.30243, 6.34802 ], [ 2.30288, 6.34721 ], [ 2.30342, 6.34721 ], [ 2.30387, 6.34811 ], [ 2.30451, 6.34784 ], [ 2.3055, 6.34802 ], [ 2.30514, 6.34703 ], [ 2.30559, 6.34712 ], [ 2.3056, 6.34658 ], [ 2.30677, 6.34703 ], [ 2.30623, 6.34821 ], [ 2.3065, 6.34794 ], [ 2.30767, 6.34821 ], [ 2.30785, 6.34785 ], [ 2.30894, 6.34776 ], [ 2.30795, 6.34712 ], [ 2.30813, 6.34685 ], [ 2.30912, 6.34685 ], [ 2.3093, 6.34767 ], [ 2.31021, 6.34785 ], [ 2.31672, 6.34768 ], [ 2.31735, 6.34795 ], [ 2.31843, 6.34786 ], [ 2.31852, 6.34759 ], [ 2.31708, 6.3475 ], [ 2.31663, 6.34668 ], [ 2.30713, 6.34631 ], [ 2.29249, 6.34475 ], [ 2.29329, 6.34873 ], [ 2.29375, 6.34873 ], [ 2.29366, 6.3481 ], [ 2.29393, 6.3481 ], [ 2.29501, 6.34882 ], [ 2.29574, 6.34855 ], [ 2.298, 6.34874 ], [ 2.2989, 6.34937 ], [ 2.30026, 6.34965 ], [ 2.30098, 6.34928 ], [ 2.30514, 6.34947 ], [ 2.30559, 6.34983 ] ] ], [ [ [ 2.23418, 6.45205 ], [ 2.23545, 6.45124 ], [ 2.23455, 6.45024 ], [ 2.23382, 6.4516 ], [ 2.23418, 6.45205 ] ] ], [ [ [ 2.28021, 6.45927 ], [ 2.28057, 6.45872 ], [ 2.27994, 6.45827 ], [ 2.28003, 6.45755 ], [ 2.27895, 6.45709 ], [ 2.27949, 6.45845 ], [ 2.27939, 6.45954 ], [ 2.28021, 6.45927 ] ] ], [ [ [ 2.27694, 6.46505 ], [ 2.27857, 6.46415 ], [ 2.27821, 6.46279 ], [ 2.27758, 6.46198 ], [ 2.27722, 6.46198 ], [ 2.27767, 6.46279 ], [ 2.27722, 6.46315 ], [ 2.27704, 6.46261 ], [ 2.27641, 6.46279 ], [ 2.27577, 6.46179 ], [ 2.27686, 6.46207 ], [ 2.27731, 6.46152 ], [ 2.27867, 6.46153 ], [ 2.27948, 6.46198 ], [ 2.27957, 6.46035 ], [ 2.27831, 6.46044 ], [ 2.27777, 6.45917 ], [ 2.27632, 6.4589 ], [ 2.27605, 6.45971 ], [ 2.27551, 6.45926 ], [ 2.27487, 6.4598 ], [ 2.27469, 6.46089 ], [ 2.27388, 6.46098 ], [ 2.27396, 6.46152 ], [ 2.27351, 6.46206 ], [ 2.27405, 6.46242 ], [ 2.2736, 6.4626 ], [ 2.27333, 6.46432 ], [ 2.27161, 6.46396 ], [ 2.27143, 6.46477 ], [ 2.27324, 6.46468 ], [ 2.27369, 6.46496 ], [ 2.27369, 6.46405 ], [ 2.27423, 6.46469 ], [ 2.27459, 6.46451 ], [ 2.27459, 6.46369 ], [ 2.27523, 6.4636 ], [ 2.2755, 6.46478 ], [ 2.27649, 6.46415 ], [ 2.27694, 6.46505 ] ] ], [ [ [ 2.25694, 6.47895 ], [ 2.25603, 6.4785 ], [ 2.25585, 6.47805 ], [ 2.25549, 6.47814 ], [ 2.2554, 6.47778 ], [ 2.25585, 6.4776 ], [ 2.25612, 6.47687 ], [ 2.25712, 6.47651 ], [ 2.25866, 6.47425 ], [ 2.26002, 6.47362 ], [ 2.2602, 6.47281 ], [ 2.26092, 6.47254 ], [ 2.26138, 6.47154 ], [ 2.26219, 6.47109 ], [ 2.26247, 6.47037 ], [ 2.26346, 6.46974 ], [ 2.26428, 6.46856 ], [ 2.26364, 6.46883 ], [ 2.26228, 6.47055 ], [ 2.26093, 6.47154 ], [ 2.25703, 6.47561 ], [ 2.2564, 6.47579 ], [ 2.25622, 6.47678 ], [ 2.25468, 6.47768 ], [ 2.25468, 6.47859 ], [ 2.25531, 6.47814 ], [ 2.25558, 6.47886 ], [ 2.25648, 6.47923 ], [ 2.25694, 6.47895 ] ] ], [ [ [ 2.24057, 6.47676 ], [ 2.24048, 6.47558 ], [ 2.23976, 6.47558 ], [ 2.23912, 6.47649 ], [ 2.23912, 6.47685 ], [ 2.24012, 6.47712 ], [ 2.24057, 6.47676 ] ] ], [ [ [ 2.23623, 6.47766 ], [ 2.23758, 6.47712 ], [ 2.23776, 6.47648 ], [ 2.23632, 6.47549 ], [ 2.23569, 6.47549 ], [ 2.23541, 6.47576 ], [ 2.23568, 6.47621 ], [ 2.2355, 6.47702 ], [ 2.23623, 6.47766 ] ] ], [ [ [ 2.22545, 6.4828 ], [ 2.22491, 6.48171 ], [ 2.22491, 6.4809 ], [ 2.22537, 6.4809 ], [ 2.22546, 6.48045 ], [ 2.2251, 6.47972 ], [ 2.22437, 6.47963 ], [ 2.22356, 6.48008 ], [ 2.22356, 6.48117 ], [ 2.22446, 6.48171 ], [ 2.225, 6.48289 ], [ 2.22545, 6.4828 ] ] ], [ [ [ 2.24815, 6.48482 ], [ 2.24924, 6.48428 ], [ 2.25114, 6.48202 ], [ 2.25159, 6.4822 ], [ 2.25205, 6.48311 ], [ 2.2525, 6.4832 ], [ 2.25358, 6.48203 ], [ 2.25467, 6.48157 ], [ 2.25594, 6.48004 ], [ 2.25531, 6.47986 ], [ 2.25476, 6.48049 ], [ 2.25449, 6.47986 ], [ 2.25458, 6.48094 ], [ 2.25359, 6.48157 ], [ 2.25232, 6.4813 ], [ 2.25277, 6.48012 ], [ 2.25169, 6.47994 ], [ 2.25096, 6.48075 ], [ 2.25123, 6.48157 ], [ 2.24988, 6.48247 ], [ 2.24978, 6.48311 ], [ 2.24915, 6.48329 ], [ 2.24879, 6.4841 ], [ 2.24815, 6.48437 ], [ 2.24815, 6.48482 ] ] ], [ [ [ 2.2723, 6.49038 ], [ 2.27239, 6.48974 ], [ 2.27329, 6.48938 ], [ 2.27329, 6.48821 ], [ 2.27302, 6.48802 ], [ 2.27248, 6.48839 ], [ 2.27185, 6.48775 ], [ 2.27103, 6.4882 ], [ 2.27103, 6.48902 ], [ 2.27067, 6.48929 ], [ 2.27148, 6.49056 ], [ 2.2723, 6.49038 ] ] ], [ [ [ 2.27635, 6.50449 ], [ 2.27698, 6.50386 ], [ 2.27653, 6.50341 ], [ 2.27716, 6.5035 ], [ 2.27725, 6.50305 ], [ 2.2768, 6.50232 ], [ 2.27698, 6.50133 ], [ 2.27662, 6.50115 ], [ 2.27626, 6.50359 ], [ 2.27589, 6.50359 ], [ 2.27562, 6.50305 ], [ 2.27544, 6.50341 ], [ 2.27635, 6.50449 ] ] ], [ [ [ 2.27752, 6.50875 ], [ 2.27824, 6.50757 ], [ 2.27915, 6.50776 ], [ 2.27924, 6.50748 ], [ 2.27652, 6.50612 ], [ 2.2758, 6.50504 ], [ 2.27471, 6.50757 ], [ 2.27634, 6.50802 ], [ 2.2767, 6.50884 ], [ 2.27752, 6.50875 ] ] ], [ [ [ 2.31979, 6.34804 ], [ 2.32196, 6.34814 ], [ 2.32214, 6.34796 ], [ 2.32169, 6.3475 ], [ 2.32268, 6.34732 ], [ 2.32296, 6.34687 ], [ 2.31952, 6.34669 ], [ 2.32006, 6.34732 ], [ 2.31979, 6.34804 ] ] ], [ [ [ 2.32585, 6.34914 ], [ 2.32666, 6.34841 ], [ 2.3263, 6.34805 ], [ 2.3273, 6.3476 ], [ 2.32585, 6.34742 ], [ 2.32531, 6.34805 ], [ 2.32521, 6.34841 ], [ 2.32585, 6.34914 ] ] ], [ [ [ 2.33414, 6.5091 ], [ 2.3326, 6.50701 ], [ 2.33288, 6.50638 ], [ 2.33243, 6.5052 ], [ 2.33261, 6.50439 ], [ 2.33198, 6.50376 ], [ 2.3308, 6.50394 ], [ 2.32999, 6.50348 ], [ 2.32917, 6.50502 ], [ 2.32763, 6.50574 ], [ 2.32998, 6.50828 ], [ 2.33134, 6.50837 ], [ 2.33179, 6.50882 ], [ 2.33314, 6.50864 ], [ 2.33414, 6.5091 ] ] ], [ [ [ 2.379, 6.51332 ], [ 2.37936, 6.51277 ], [ 2.37918, 6.51232 ], [ 2.37719, 6.51169 ], [ 2.37755, 6.51313 ], [ 2.37837, 6.5135 ], [ 2.379, 6.51332 ] ] ], [ [ [ 2.3751, 6.51829 ], [ 2.37511, 6.51711 ], [ 2.37465, 6.51675 ], [ 2.37475, 6.51485 ], [ 2.37438, 6.51449 ], [ 2.37421, 6.51322 ], [ 2.37475, 6.51114 ], [ 2.37448, 6.51069 ], [ 2.37385, 6.51087 ], [ 2.37403, 6.51213 ], [ 2.3733, 6.51295 ], [ 2.37375, 6.51313 ], [ 2.37411, 6.51783 ], [ 2.3751, 6.51829 ] ] ], [ [ [ 2.37971, 6.52508 ], [ 2.37971, 6.52354 ], [ 2.37917, 6.52273 ], [ 2.37844, 6.52281 ], [ 2.3779, 6.52345 ], [ 2.3779, 6.5248 ], [ 2.3789, 6.52453 ], [ 2.37944, 6.52535 ], [ 2.37971, 6.52508 ] ] ], [ [ [ 2.38177, 6.53856 ], [ 2.38168, 6.53811 ], [ 2.38087, 6.53775 ], [ 2.3806, 6.53639 ], [ 2.3816, 6.53521 ], [ 2.38169, 6.5344 ], [ 2.3825, 6.5334 ], [ 2.38259, 6.53232 ], [ 2.38368, 6.53069 ], [ 2.38396, 6.52716 ], [ 2.3836, 6.52671 ], [ 2.38296, 6.52734 ], [ 2.38287, 6.52834 ], [ 2.38197, 6.52888 ], [ 2.38233, 6.53015 ], [ 2.38205, 6.53223 ], [ 2.38096, 6.5334 ], [ 2.37943, 6.53385 ], [ 2.37996, 6.53774 ], [ 2.38078, 6.53874 ], [ 2.38177, 6.53856 ] ] ], [ [ [ 2.32293, 6.56743 ], [ 2.32393, 6.56599 ], [ 2.32456, 6.56599 ], [ 2.32475, 6.56653 ], [ 2.32538, 6.56599 ], [ 2.32529, 6.56554 ], [ 2.32429, 6.56545 ], [ 2.32439, 6.56463 ], [ 2.32384, 6.56517 ], [ 2.32293, 6.56743 ] ] ], [ [ [ 2.38162, 6.5913 ], [ 2.38099, 6.58886 ], [ 2.38008, 6.58931 ], [ 2.37981, 6.58886 ], [ 2.37936, 6.58886 ], [ 2.37963, 6.59103 ], [ 2.38017, 6.59067 ], [ 2.38107, 6.59148 ], [ 2.38162, 6.5913 ] ] ], [ [ [ 2.33618, 6.60491 ], [ 2.3351, 6.60346 ], [ 2.33338, 6.60364 ], [ 2.33446, 6.60463 ], [ 2.33465, 6.60427 ], [ 2.33546, 6.60436 ], [ 2.33618, 6.60491 ] ] ], [ [ [ 2.38733, 6.65048 ], [ 2.38743, 6.64994 ], [ 2.38842, 6.64939 ], [ 2.38842, 6.64903 ], [ 2.38761, 6.64577 ], [ 2.38662, 6.64559 ], [ 2.38616, 6.6474 ], [ 2.38634, 6.64876 ], [ 2.38679, 6.64867 ], [ 2.38643, 6.65048 ], [ 2.38733, 6.65048 ] ] ] ] } },
{ "type": "Feature", "properties": { "classe": 3, "nom": "Végétation", "superficie_ha": 14330.6, "pourcentage": 29.01 }, "geometry": { "type": "MultiPolygon", "coordinates": [ [ [ [ 2.25199, 6.39798 ], [ 2.25163, 6.39716 ], [ 2.25145, 6.39771 ], [ 2.25118, 6.39752 ], [ 2.25154, 6.39662 ], [ 2.25262, 6.39735 ], [ 2.25335, 6.39735 ], [ 2.25371, 6.39644 ], [ 2.25434, 6.39644 ], [ 2.25443, 6.39708 ], [ 2.25507, 6.39654 ], [ 2.25407, 6.39617 ], [ 2.25262, 6.39653 ], [ 2.25199, 6.39617 ], [ 2.25045, 6.39689 ], [ 2.25109, 6.39798 ], [ 2.25199, 6.39798 ] ] ], [ [ [ 2.23362, 6.40302 ], [ 2.23453, 6.40311 ], [ 2.23516, 6.40266 ], [ 2.23507, 6.4023 ], [ 2.23561, 6.40239 ], [ 2.23553, 6.40103 ], [ 2.23616, 6.40121 ], [ 2.23625, 6.40085 ], [ 2.23734, 6.40058 ], [ 2.23743, 6.39886 ], [ 2.2377, 6.39959 ], [ 2.23851, 6.39977 ], [ 2.23842, 6.40067 ], [ 2.2396, 6.40004 ], [ 2.2396, 6.40067 ], [ 2.24014, 6.40077 ], [ 2.24032, 6.39986 ], [ 2.24114, 6.39932 ], [ 2.24077, 6.39914 ], [ 2.24114, 6.39851 ], [ 2.24041, 6.39778 ], [ 2.24078, 6.39733 ], [ 2.24159, 6.39751 ], [ 2.2415, 6.39814 ], [ 2.24213, 6.39833 ], [ 2.24268, 6.39733 ], [ 2.24376, 6.39751 ], [ 2.24394, 6.39724 ], [ 2.24132, 6.39624 ], [ 2.23978, 6.39615 ], [ 2.23834, 6.39687 ], [ 2.23698, 6.39696 ], [ 2.23734, 6.3975 ], [ 2.23698, 6.39823 ], [ 2.2358, 6.39841 ], [ 2.23571, 6.39804 ], [ 2.23635, 6.3975 ], [ 2.23571, 6.3975 ], [ 2.23499, 6.39822 ], [ 2.23264, 6.39849 ], [ 2.23155, 6.3994 ], [ 2.23083, 6.39949 ], [ 2.23064, 6.39994 ], [ 2.23119, 6.40003 ], [ 2.232, 6.39931 ], [ 2.23254, 6.39931 ], [ 2.23245, 6.40039 ], [ 2.2329, 6.40066 ], [ 2.23272, 6.39958 ], [ 2.23336, 6.39976 ], [ 2.233, 6.39913 ], [ 2.23336, 6.39886 ], [ 2.23435, 6.3994 ], [ 2.23426, 6.40003 ], [ 2.23508, 6.40022 ], [ 2.23517, 6.39931 ], [ 2.23481, 6.39868 ], [ 2.23544, 6.39841 ], [ 2.23607, 6.40031 ], [ 2.23381, 6.40193 ], [ 2.2329, 6.40302 ], [ 2.23308, 6.40365 ], [ 2.23362, 6.40302 ] ], [ [ 2.23915, 6.39941 ], [ 2.23824, 6.39832 ], [ 2.23851, 6.39814 ], [ 2.23897, 6.3985 ], [ 2.23888, 6.39769 ], [ 2.23969, 6.39724 ], [ 2.24014, 6.39814 ], [ 2.23933, 6.39832 ], [ 2.23915, 6.39941 ] ] ], [ [ [ 2.23995, 6.40257 ], [ 2.24014, 6.40149 ], [ 2.23905, 6.40067 ], [ 2.23887, 6.40113 ], [ 2.23923, 6.40194 ], [ 2.23851, 6.40194 ], [ 2.23842, 6.40257 ], [ 2.23995, 6.40257 ] ] ], [ [ [ 2.24538, 6.4053 ], [ 2.24646, 6.40467 ], [ 2.24628, 6.40322 ], [ 2.24565, 6.40313 ], [ 2.24538, 6.40385 ], [ 2.24456, 6.40403 ], [ 2.24438, 6.40457 ], [ 2.24538, 6.4053 ] ] ], [ [ [ 2.21128, 6.40669 ], [ 2.21083, 6.40606 ], [ 2.2111, 6.40425 ], [ 2.21156, 6.40371 ], [ 2.21092, 6.40353 ], [ 2.20965, 6.40624 ], [ 2.21056, 6.40705 ], [ 2.21128, 6.40669 ] ] ], [ [ [ 2.26925, 6.40985 ], [ 2.26907, 6.40859 ], [ 2.26997, 6.40777 ], [ 2.26997, 6.40741 ], [ 2.26952, 6.40786 ], [ 2.26916, 6.40759 ], [ 2.26988, 6.40624 ], [ 2.27024, 6.40642 ], [ 2.26997, 6.40597 ], [ 2.27061, 6.40506 ], [ 2.27043, 6.40461 ], [ 2.27151, 6.40416 ], [ 2.27151, 6.4038 ], [ 2.27079, 6.40389 ], [ 2.27016, 6.40461 ], [ 2.27007, 6.40551 ], [ 2.26961, 6.40542 ], [ 2.26961, 6.40606 ], [ 2.26871, 6.40651 ], [ 2.26889, 6.40804 ], [ 2.26861, 6.40931 ], [ 2.26925, 6.40985 ] ] ], [ [ [ 2.22701, 6.40988 ], [ 2.22792, 6.40979 ], [ 2.22828, 6.40907 ], [ 2.22828, 6.40753 ], [ 2.22729, 6.40699 ], [ 2.22774, 6.40618 ], [ 2.22756, 6.40599 ], [ 2.22711, 6.40654 ], [ 2.22656, 6.40654 ], [ 2.22602, 6.40744 ], [ 2.22665, 6.40807 ], [ 2.22629, 6.40898 ], [ 2.22692, 6.40925 ], [ 2.22701, 6.40988 ] ] ], [ [ [ 2.23018, 6.40998 ], [ 2.22982, 6.40898 ], [ 2.23054, 6.4088 ], [ 2.23099, 6.40835 ], [ 2.23081, 6.40808 ], [ 2.23, 6.40808 ], [ 2.22946, 6.40862 ], [ 2.22873, 6.40835 ], [ 2.22909, 6.40952 ], [ 2.23018, 6.40998 ] ] ], [ [ [ 2.23081, 6.41296 ], [ 2.23162, 6.41215 ], [ 2.23099, 6.41197 ], [ 2.23099, 6.41088 ], [ 2.23, 6.41043 ], [ 2.22936, 6.41079 ], [ 2.22927, 6.41016 ], [ 2.22846, 6.41025 ], [ 2.22819, 6.41079 ], [ 2.22783, 6.41025 ], [ 2.2271, 6.41034 ], [ 2.22755, 6.41178 ], [ 2.22846, 6.41151 ], [ 2.22909, 6.41188 ], [ 2.22909, 6.41151 ], [ 2.22972, 6.4117 ], [ 2.22963, 6.41143 ], [ 2.23072, 6.41134 ], [ 2.23045, 6.41215 ], [ 2.23081, 6.41296 ] ] ], [ [ [ 2.25756, 6.42115 ], [ 2.25928, 6.42052 ], [ 2.25892, 6.41925 ], [ 2.25756, 6.41997 ], [ 2.25711, 6.42096 ], [ 2.25756, 6.42115 ] ] ], [ [ [ 2.2647, 6.42487 ], [ 2.26615, 6.42387 ], [ 2.26552, 6.42215 ], [ 2.26507, 6.42197 ], [ 2.2647, 6.42306 ], [ 2.26416, 6.42342 ], [ 2.26353, 6.42333 ], [ 2.26335, 6.42405 ], [ 2.26434, 6.42405 ], [ 2.2647, 6.42487 ] ] ], [ [ [ 2.23621, 6.42491 ], [ 2.23667, 6.42247 ], [ 2.23595, 6.42283 ], [ 2.23585, 6.42356 ], [ 2.23513, 6.42347 ], [ 2.23558, 6.42283 ], [ 2.2345, 6.42292 ], [ 2.23387, 6.42256 ], [ 2.23432, 6.42401 ], [ 2.23513, 6.42392 ], [ 2.23549, 6.42491 ], [ 2.23621, 6.42491 ] ] ], [ [ [ 2.24788, 6.42566 ], [ 2.24843, 6.42339 ], [ 2.24906, 6.4234 ], [ 2.24897, 6.42421 ], [ 2.24978, 6.42367 ], [ 2.24978, 6.42313 ], [ 2.24924, 6.42312 ], [ 2.24888, 6.4224 ], [ 2.24933, 6.42231 ], [ 2.25014, 6.42294 ], [ 2.25069, 6.42249 ], [ 2.25042, 6.42195 ], [ 2.24725, 6.42222 ], [ 2.24716, 6.42294 ], [ 2.24788, 6.42312 ], [ 2.24698, 6.42403 ], [ 2.24743, 6.42493 ], [ 2.24716, 6.42475 ], [ 2.24688, 6.42538 ], [ 2.24788, 6.42566 ] ] ], [ [ [ 2.26913, 6.42478 ], [ 2.26932, 6.42324 ], [ 2.26887, 6.42279 ], [ 2.26805, 6.42496 ], [ 2.26841, 6.42532 ], [ 2.26913, 6.42478 ] ] ], [ [ [ 2.24977, 6.42819 ], [ 2.24932, 6.4272 ], [ 2.24933, 6.42629 ], [ 2.24896, 6.4262 ], [ 2.24833, 6.42756 ], [ 2.24878, 6.42765 ], [ 2.24905, 6.42837 ], [ 2.24977, 6.42819 ] ] ], [ [ [ 2.26967, 6.43003 ], [ 2.27021, 6.4294 ], [ 2.27012, 6.42885 ], [ 2.2694, 6.42912 ], [ 2.26831, 6.42885 ], [ 2.26867, 6.42939 ], [ 2.26867, 6.43039 ], [ 2.26967, 6.43003 ] ] ], [ [ [ 2.24145, 6.43225 ], [ 2.24226, 6.43207 ], [ 2.24199, 6.43153 ], [ 2.24244, 6.43117 ], [ 2.24262, 6.43225 ], [ 2.24299, 6.43234 ], [ 2.24344, 6.43144 ], [ 2.24245, 6.43099 ], [ 2.2429, 6.43053 ], [ 2.24281, 6.43017 ], [ 2.241, 6.43053 ], [ 2.24127, 6.42945 ], [ 2.241, 6.42908 ], [ 2.24082, 6.42944 ], [ 2.24001, 6.42953 ], [ 2.23955, 6.43035 ], [ 2.23991, 6.43152 ], [ 2.241, 6.43162 ], [ 2.24109, 6.4327 ], [ 2.24145, 6.43225 ] ] ], [ [ [ 2.25944, 6.4358 ], [ 2.2599, 6.43318 ], [ 2.26071, 6.43146 ], [ 2.26017, 6.4311 ], [ 2.26026, 6.43083 ], [ 2.2599, 6.43092 ], [ 2.25972, 6.43155 ], [ 2.25909, 6.43128 ], [ 2.2589, 6.43219 ], [ 2.25917, 6.43255 ], [ 2.2599, 6.43246 ], [ 2.25981, 6.433 ], [ 2.25908, 6.43318 ], [ 2.25944, 6.434 ], [ 2.25899, 6.43526 ], [ 2.25944, 6.4358 ] ] ], [ [ [ 2.2626, 6.44033 ], [ 2.26549, 6.43998 ], [ 2.26495, 6.43925 ], [ 2.26504, 6.43862 ], [ 2.26396, 6.43853 ], [ 2.26396, 6.43816 ], [ 2.26468, 6.43807 ], [ 2.26495, 6.4378 ], [ 2.26496, 6.43753 ], [ 2.26441, 6.43798 ], [ 2.26396, 6.43753 ], [ 2.2645, 6.43699 ], [ 2.26523, 6.43735 ], [ 2.26568, 6.43699 ], [ 2.26631, 6.43708 ], [ 2.2664, 6.43654 ], [ 2.26613, 6.4369 ], [ 2.26559, 6.4369 ], [ 2.26559, 6.43654 ], [ 2.26622, 6.436 ], [ 2.26704, 6.43591 ], [ 2.26622, 6.43518 ], [ 2.26613, 6.43464 ], [ 2.2655, 6.43554 ], [ 2.2646, 6.43545 ], [ 2.26396, 6.43491 ], [ 2.26478, 6.43373 ], [ 2.26505, 6.43382 ], [ 2.26496, 6.43228 ], [ 2.26533, 6.43156 ], [ 2.26623, 6.43156 ], [ 2.2656, 6.43039 ], [ 2.26614, 6.42993 ], [ 2.26696, 6.43012 ], [ 2.26714, 6.4293 ], [ 2.2675, 6.42921 ], [ 2.26687, 6.42885 ], [ 2.26732, 6.4284 ], [ 2.26696, 6.42776 ], [ 2.26614, 6.42894 ], [ 2.26623, 6.42939 ], [ 2.26533, 6.43039 ], [ 2.26487, 6.43038 ], [ 2.26415, 6.4331 ], [ 2.26333, 6.43427 ], [ 2.26233, 6.43708 ], [ 2.26224, 6.43879 ], [ 2.2616, 6.44024 ], [ 2.26233, 6.44024 ], [ 2.26215, 6.43934 ], [ 2.26278, 6.43925 ], [ 2.26233, 6.43861 ], [ 2.26315, 6.43671 ], [ 2.26351, 6.43708 ], [ 2.26315, 6.43744 ], [ 2.26333, 6.43789 ], [ 2.2626, 6.44033 ] ] ], [ [ [ 2.24045, 6.43542 ], [ 2.24117, 6.43542 ], [ 2.24163, 6.43496 ], [ 2.24316, 6.43515 ], [ 2.24244, 6.4346 ], [ 2.2428, 6.43316 ], [ 2.24154, 6.43279 ], [ 2.24118, 6.43352 ], [ 2.24126, 6.43451 ], [ 2.24099, 6.4346 ], [ 2.24072, 6.43379 ], [ 2.23982, 6.4337 ], [ 2.24, 6.43297 ], [ 2.23937, 6.43234 ], [ 2.23945, 6.43496 ], [ 2.24, 6.43605 ], [ 2.24045, 6.43542 ] ] ], [ [ [ 2.23583, 6.44156 ], [ 2.23529, 6.4402 ], [ 2.23565, 6.4393 ], [ 2.23456, 6.43957 ], [ 2.23529, 6.43776 ], [ 2.23421, 6.43703 ], [ 2.2343, 6.43676 ], [ 2.23529, 6.43676 ], [ 2.23538, 6.4364 ], [ 2.2343, 6.43568 ], [ 2.23448, 6.43513 ], [ 2.23484, 6.43559 ], [ 2.23538, 6.43541 ], [ 2.23547, 6.43595 ], [ 2.23665, 6.43568 ], [ 2.23665, 6.43532 ], [ 2.23529, 6.43468 ], [ 2.23548, 6.43414 ], [ 2.2362, 6.43423 ], [ 2.23638, 6.43378 ], [ 2.2372, 6.43387 ], [ 2.23738, 6.43451 ], [ 2.23792, 6.43451 ], [ 2.23711, 6.43306 ], [ 2.23602, 6.43351 ], [ 2.23548, 6.43242 ], [ 2.23439, 6.43323 ], [ 2.23304, 6.4335 ], [ 2.23303, 6.43432 ], [ 2.2324, 6.43504 ], [ 2.23276, 6.43513 ], [ 2.23331, 6.43459 ], [ 2.23367, 6.43513 ], [ 2.2333, 6.43577 ], [ 2.23267, 6.43558 ], [ 2.23167, 6.43631 ], [ 2.23131, 6.43613 ], [ 2.23132, 6.43486 ], [ 2.23104, 6.43468 ], [ 2.2305, 6.43477 ], [ 2.22969, 6.43422 ], [ 2.22906, 6.43422 ], [ 2.22851, 6.43467 ], [ 2.22815, 6.43531 ], [ 2.22851, 6.43576 ], [ 2.22887, 6.43567 ], [ 2.22914, 6.43495 ], [ 2.22951, 6.43504 ], [ 2.23023, 6.43676 ], [ 2.23059, 6.43685 ], [ 2.2305, 6.4364 ], [ 2.23086, 6.4364 ], [ 2.23086, 6.43694 ], [ 2.23213, 6.43766 ], [ 2.23212, 6.43803 ], [ 2.23167, 6.43812 ], [ 2.23068, 6.43739 ], [ 2.23014, 6.43748 ], [ 2.23068, 6.43884 ], [ 2.23031, 6.43965 ], [ 2.22968, 6.43965 ], [ 2.22977, 6.44056 ], [ 2.23031, 6.44092 ], [ 2.23122, 6.44056 ], [ 2.23131, 6.44101 ], [ 2.23176, 6.44101 ], [ 2.23275, 6.44047 ], [ 2.23266, 6.43957 ], [ 2.23339, 6.43929 ], [ 2.23357, 6.43984 ], [ 2.23456, 6.43966 ], [ 2.23502, 6.44011 ], [ 2.23474, 6.44056 ], [ 2.23492, 6.44111 ], [ 2.23583, 6.44156 ] ] ], [ [ [ 2.24315, 6.4422 ], [ 2.24279, 6.44157 ], [ 2.24342, 6.44112 ], [ 2.24144, 6.43913 ], [ 2.24126, 6.4384 ], [ 2.24044, 6.43885 ], [ 2.23954, 6.43885 ], [ 2.23972, 6.43967 ], [ 2.24108, 6.43922 ], [ 2.24126, 6.43994 ], [ 2.2408, 6.4403 ], [ 2.2408, 6.44084 ], [ 2.24135, 6.44084 ], [ 2.24153, 6.44157 ], [ 2.24225, 6.44139 ], [ 2.24252, 6.44229 ], [ 2.24315, 6.4422 ] ] ], [ [ [ 2.23818, 6.44392 ], [ 2.23872, 6.44292 ], [ 2.2389, 6.44175 ], [ 2.23944, 6.44211 ], [ 2.23954, 6.44148 ], [ 2.23999, 6.44157 ], [ 2.24008, 6.44129 ], [ 2.23899, 6.44102 ], [ 2.2389, 6.44138 ], [ 2.23836, 6.44138 ], [ 2.23782, 6.44057 ], [ 2.23818, 6.43975 ], [ 2.23683, 6.43903 ], [ 2.23719, 6.4393 ], [ 2.23683, 6.43966 ], [ 2.2371, 6.4402 ], [ 2.23673, 6.44029 ], [ 2.23682, 6.44075 ], [ 2.23637, 6.44093 ], [ 2.23646, 6.44147 ], [ 2.2361, 6.44165 ], [ 2.23691, 6.44238 ], [ 2.23773, 6.4422 ], [ 2.23827, 6.44256 ], [ 2.238, 6.44301 ], [ 2.23682, 6.44274 ], [ 2.23745, 6.44391 ], [ 2.23818, 6.44392 ] ] ], [ [ [ 2.26422, 6.44296 ], [ 2.26396, 6.4407 ], [ 2.2635, 6.4407 ], [ 2.26296, 6.44097 ], [ 2.26323, 6.44187 ], [ 2.26269, 6.44151 ], [ 2.26242, 6.44205 ], [ 2.26278, 6.44232 ], [ 2.26323, 6.44196 ], [ 2.26377, 6.44287 ], [ 2.26422, 6.44296 ] ] ], [ [ [ 2.23076, 6.44544 ], [ 2.2313, 6.44445 ], [ 2.23202, 6.44454 ], [ 2.23193, 6.444 ], [ 2.23157, 6.44436 ], [ 2.23121, 6.44436 ], [ 2.23121, 6.444 ], [ 2.23148, 6.44309 ], [ 2.23185, 6.44309 ], [ 2.23221, 6.44246 ], [ 2.23094, 6.44128 ], [ 2.23049, 6.44128 ], [ 2.22913, 6.44255 ], [ 2.22913, 6.44327 ], [ 2.22949, 6.44354 ], [ 2.22877, 6.44345 ], [ 2.22877, 6.44381 ], [ 2.22994, 6.44535 ], [ 2.23076, 6.44544 ] ] ], [ [ [ 2.21576, 6.49391 ], [ 2.21666, 6.49373 ], [ 2.21648, 6.49283 ], [ 2.21739, 6.49201 ], [ 2.21766, 6.49093 ], [ 2.21803, 6.49093 ], [ 2.21802, 6.49147 ], [ 2.21839, 6.49156 ], [ 2.21839, 6.49066 ], [ 2.21929, 6.49021 ], [ 2.21875, 6.48948 ], [ 2.21884, 6.48903 ], [ 2.22011, 6.48976 ], [ 2.2202, 6.48939 ], [ 2.21975, 6.48921 ], [ 2.21993, 6.48849 ], [ 2.22029, 6.48849 ], [ 2.22038, 6.48912 ], [ 2.22128, 6.48921 ], [ 2.22165, 6.48849 ], [ 2.22273, 6.48795 ], [ 2.22282, 6.48741 ], [ 2.22418, 6.48768 ], [ 2.22518, 6.48696 ], [ 2.22427, 6.4865 ], [ 2.22473, 6.48542 ], [ 2.22427, 6.48524 ], [ 2.224, 6.48451 ], [ 2.22328, 6.48424 ], [ 2.2231, 6.48343 ], [ 2.22509, 6.48424 ], [ 2.22609, 6.48425 ], [ 2.22518, 6.48642 ], [ 2.22545, 6.48651 ], [ 2.22617, 6.48624 ], [ 2.22708, 6.4847 ], [ 2.2278, 6.48461 ], [ 2.2288, 6.4838 ], [ 2.22853, 6.48325 ], [ 2.22961, 6.48289 ], [ 2.22826, 6.48235 ], [ 2.22835, 6.48325 ], [ 2.2279, 6.48362 ], [ 2.22726, 6.48343 ], [ 2.22726, 6.48307 ], [ 2.22799, 6.48307 ], [ 2.22744, 6.48271 ], [ 2.22745, 6.48162 ], [ 2.22808, 6.48135 ], [ 2.22754, 6.48081 ], [ 2.22799, 6.47982 ], [ 2.22727, 6.48009 ], [ 2.22727, 6.48099 ], [ 2.22609, 6.48099 ], [ 2.22582, 6.48144 ], [ 2.22519, 6.48144 ], [ 2.22536, 6.48289 ], [ 2.225, 6.48289 ], [ 2.22446, 6.48171 ], [ 2.22356, 6.48117 ], [ 2.22356, 6.48008 ], [ 2.22437, 6.47963 ], [ 2.2251, 6.47972 ], [ 2.22537, 6.48017 ], [ 2.22709, 6.4799 ], [ 2.22673, 6.47755 ], [ 2.22754, 6.47764 ], [ 2.22745, 6.47819 ], [ 2.22854, 6.47837 ], [ 2.22908, 6.47728 ], [ 2.22899, 6.47683 ], [ 2.22845, 6.47692 ], [ 2.22881, 6.47656 ], [ 2.22863, 6.47547 ], [ 2.22926, 6.47692 ], [ 2.22989, 6.4772 ], [ 2.23135, 6.47448 ], [ 2.23234, 6.47485 ], [ 2.23306, 6.4744 ], [ 2.23243, 6.47385 ], [ 2.23279, 6.47367 ], [ 2.23252, 6.47331 ], [ 2.23298, 6.47186 ], [ 2.23243, 6.47213 ], [ 2.23244, 6.47177 ], [ 2.23316, 6.47159 ], [ 2.23334, 6.47222 ], [ 2.23388, 6.47223 ], [ 2.23388, 6.47286 ], [ 2.23325, 6.47286 ], [ 2.23316, 6.47322 ], [ 2.2346, 6.47413 ], [ 2.23551, 6.47277 ], [ 2.23551, 6.47241 ], [ 2.2347, 6.47177 ], [ 2.23569, 6.47178 ], [ 2.2356, 6.47132 ], [ 2.23461, 6.47132 ], [ 2.23461, 6.47105 ], [ 2.23506, 6.47069 ], [ 2.23633, 6.47132 ], [ 2.23687, 6.47069 ], [ 2.23642, 6.46979 ], [ 2.23533, 6.46942 ], [ 2.23497, 6.47051 ], [ 2.23443, 6.47033 ], [ 2.23452, 6.47123 ], [ 2.23415, 6.47159 ], [ 2.23361, 6.47159 ], [ 2.23334, 6.47087 ], [ 2.23235, 6.47105 ], [ 2.23262, 6.47032 ], [ 2.23199, 6.46996 ], [ 2.23135, 6.47023 ], [ 2.23171, 6.47096 ], [ 2.22981, 6.47141 ], [ 2.23045, 6.46923 ], [ 2.23108, 6.46915 ], [ 2.2309, 6.4686 ], [ 2.23199, 6.46897 ], [ 2.23136, 6.46842 ], [ 2.23136, 6.4677 ], [ 2.23208, 6.46725 ], [ 2.23181, 6.46716 ], [ 2.23217, 6.4667 ], [ 2.23208, 6.46589 ], [ 2.23163, 6.46535 ], [ 2.23127, 6.46544 ], [ 2.23145, 6.46471 ], [ 2.231, 6.46435 ], [ 2.23109, 6.46399 ], [ 2.23236, 6.46471 ], [ 2.23262, 6.46634 ], [ 2.23299, 6.46598 ], [ 2.23335, 6.46653 ], [ 2.23443, 6.46617 ], [ 2.23407, 6.46562 ], [ 2.23498, 6.46562 ], [ 2.23498, 6.4649 ], [ 2.23525, 6.46526 ], [ 2.23597, 6.46526 ], [ 2.23615, 6.46599 ], [ 2.2357, 6.46707 ], [ 2.23416, 6.46716 ], [ 2.23335, 6.46662 ], [ 2.23244, 6.46707 ], [ 2.23235, 6.46752 ], [ 2.23335, 6.46716 ], [ 2.23425, 6.46734 ], [ 2.23461, 6.46825 ], [ 2.23443, 6.46897 ], [ 2.2347, 6.46879 ], [ 2.23479, 6.46906 ], [ 2.23488, 6.46843 ], [ 2.23515, 6.46843 ], [ 2.23497, 6.46897 ], [ 2.2357, 6.46879 ], [ 2.23651, 6.46979 ], [ 2.23687, 6.4697 ], [ 2.23678, 6.46906 ], [ 2.23723, 6.46915 ], [ 2.23696, 6.46952 ], [ 2.23723, 6.46988 ], [ 2.23859, 6.46889 ], [ 2.23868, 6.46807 ], [ 2.23941, 6.4678 ], [ 2.23914, 6.46717 ], [ 2.24004, 6.46726 ], [ 2.23932, 6.46653 ], [ 2.2385, 6.46771 ], [ 2.2376, 6.46635 ], [ 2.23832, 6.4649 ], [ 2.23751, 6.46517 ], [ 2.23652, 6.46436 ], [ 2.23588, 6.46472 ], [ 2.23616, 6.46363 ], [ 2.23543, 6.46381 ], [ 2.23516, 6.46309 ], [ 2.23589, 6.46255 ], [ 2.23562, 6.46191 ], [ 2.23634, 6.46183 ], [ 2.23652, 6.46291 ], [ 2.23706, 6.46246 ], [ 2.23751, 6.46264 ], [ 2.2377, 6.46246 ], [ 2.23688, 6.46201 ], [ 2.23688, 6.46119 ], [ 2.23607, 6.46128 ], [ 2.23643, 6.46065 ], [ 2.23607, 6.46029 ], [ 2.23535, 6.46047 ], [ 2.23562, 6.46119 ], [ 2.23516, 6.46164 ], [ 2.23471, 6.4611 ], [ 2.23408, 6.46101 ], [ 2.23435, 6.45974 ], [ 2.2349, 6.45938 ], [ 2.23625, 6.45938 ], [ 2.23472, 6.45866 ], [ 2.23336, 6.45929 ], [ 2.23372, 6.45992 ], [ 2.23309, 6.46064 ], [ 2.23245, 6.46073 ], [ 2.23245, 6.46019 ], [ 2.23137, 6.45992 ], [ 2.23128, 6.46055 ], [ 2.23227, 6.46128 ], [ 2.23191, 6.46182 ], [ 2.23182, 6.46137 ], [ 2.23082, 6.46109 ], [ 2.23073, 6.46064 ], [ 2.23019, 6.46082 ], [ 2.23019, 6.46127 ], [ 2.23091, 6.46164 ], [ 2.23064, 6.46191 ], [ 2.23028, 6.46191 ], [ 2.23019, 6.46145 ], [ 2.22965, 6.46209 ], [ 2.22901, 6.46136 ], [ 2.22856, 6.46163 ], [ 2.22883, 6.46236 ], [ 2.22847, 6.46263 ], [ 2.22865, 6.46362 ], [ 2.22919, 6.46335 ], [ 2.22928, 6.46245 ], [ 2.22974, 6.46308 ], [ 2.22901, 6.46399 ], [ 2.22982, 6.46471 ], [ 2.22946, 6.46489 ], [ 2.22865, 6.46453 ], [ 2.2291, 6.46525 ], [ 2.22955, 6.46525 ], [ 2.22955, 6.46607 ], [ 2.22883, 6.46616 ], [ 2.22901, 6.46516 ], [ 2.22838, 6.46534 ], [ 2.22829, 6.46498 ], [ 2.22765, 6.46579 ], [ 2.22729, 6.46498 ], [ 2.22774, 6.46444 ], [ 2.2281, 6.46471 ], [ 2.22847, 6.46444 ], [ 2.22793, 6.46371 ], [ 2.2282, 6.46308 ], [ 2.22766, 6.46263 ], [ 2.22729, 6.4629 ], [ 2.2272, 6.46254 ], [ 2.22784, 6.46217 ], [ 2.22802, 6.46082 ], [ 2.22856, 6.46118 ], [ 2.22874, 6.46091 ], [ 2.22811, 6.46018 ], [ 2.22766, 6.46027 ], [ 2.22775, 6.45973 ], [ 2.22712, 6.45928 ], [ 2.22802, 6.45901 ], [ 2.22811, 6.45856 ], [ 2.2273, 6.45819 ], [ 2.22703, 6.45874 ], [ 2.22667, 6.45874 ], [ 2.22622, 6.45801 ], [ 2.22739, 6.45801 ], [ 2.22739, 6.45675 ], [ 2.22776, 6.45647 ], [ 2.22812, 6.45648 ], [ 2.2283, 6.45702 ], [ 2.22893, 6.45693 ], [ 2.22884, 6.45801 ], [ 2.22929, 6.45756 ], [ 2.2292, 6.45711 ], [ 2.23002, 6.45711 ], [ 2.23074, 6.45557 ], [ 2.23038, 6.45512 ], [ 2.22993, 6.45521 ], [ 2.23038, 6.45576 ], [ 2.23011, 6.45666 ], [ 2.22947, 6.45684 ], [ 2.22938, 6.45557 ], [ 2.22984, 6.45521 ], [ 2.22948, 6.45449 ], [ 2.23056, 6.45467 ], [ 2.23065, 6.45386 ], [ 2.23183, 6.45331 ], [ 2.2321, 6.4525 ], [ 2.23156, 6.45214 ], [ 2.23138, 6.45259 ], [ 2.23129, 6.45187 ], [ 2.23165, 6.4516 ], [ 2.23156, 6.45096 ], [ 2.23211, 6.45096 ], [ 2.23193, 6.44988 ], [ 2.23265, 6.44988 ], [ 2.23283, 6.44915 ], [ 2.23337, 6.44952 ], [ 2.23428, 6.44807 ], [ 2.23573, 6.44853 ], [ 2.23555, 6.44798 ], [ 2.23618, 6.44807 ], [ 2.23609, 6.44717 ], [ 2.23654, 6.44681 ], [ 2.23718, 6.44708 ], [ 2.23736, 6.44627 ], [ 2.23817, 6.44591 ], [ 2.23799, 6.44536 ], [ 2.23926, 6.44464 ], [ 2.23908, 6.4441 ], [ 2.23845, 6.4441 ], [ 2.23826, 6.44464 ], [ 2.23763, 6.44482 ], [ 2.23582, 6.44427 ], [ 2.23573, 6.44464 ], [ 2.23627, 6.44464 ], [ 2.23627, 6.44491 ], [ 2.23573, 6.44518 ], [ 2.23528, 6.44436 ], [ 2.23465, 6.44427 ], [ 2.23447, 6.44481 ], [ 2.23392, 6.44481 ], [ 2.23419, 6.44644 ], [ 2.23383, 6.44689 ], [ 2.23446, 6.44708 ], [ 2.23392, 6.44825 ], [ 2.23347, 6.44843 ], [ 2.23329, 6.44762 ], [ 2.23265, 6.44735 ], [ 2.23274, 6.44798 ], [ 2.2322, 6.44852 ], [ 2.2322, 6.44933 ], [ 2.23138, 6.4497 ], [ 2.2303, 6.44879 ], [ 2.22958, 6.44933 ], [ 2.22966, 6.45005 ], [ 2.22903, 6.44978 ], [ 2.22885, 6.45051 ], [ 2.2284, 6.45041 ], [ 2.22804, 6.44897 ], [ 2.22921, 6.44933 ], [ 2.22912, 6.44861 ], [ 2.22949, 6.44797 ], [ 2.22867, 6.44779 ], [ 2.22858, 6.44833 ], [ 2.22768, 6.44797 ], [ 2.2284, 6.44707 ], [ 2.22813, 6.44625 ], [ 2.22859, 6.44562 ], [ 2.22768, 6.44499 ], [ 2.22759, 6.44453 ], [ 2.22795, 6.44426 ], [ 2.22814, 6.44291 ], [ 2.22778, 6.44173 ], [ 2.22805, 6.44182 ], [ 2.22877, 6.44092 ], [ 2.2276, 6.44046 ], [ 2.22824, 6.43838 ], [ 2.22534, 6.43702 ], [ 2.22552, 6.43666 ], [ 2.22697, 6.43675 ], [ 2.22706, 6.43603 ], [ 2.22652, 6.43576 ], [ 2.22616, 6.43458 ], [ 2.22652, 6.43404 ], [ 2.22716, 6.43422 ], [ 2.22761, 6.43332 ], [ 2.22725, 6.43313 ], [ 2.22634, 6.43358 ], [ 2.22662, 6.43241 ], [ 2.22607, 6.43187 ], [ 2.22662, 6.43141 ], [ 2.22707, 6.43205 ], [ 2.22788, 6.4316 ], [ 2.22788, 6.43105 ], [ 2.2268, 6.42924 ], [ 2.22744, 6.42879 ], [ 2.22789, 6.42888 ], [ 2.22852, 6.42816 ], [ 2.22843, 6.42888 ], [ 2.22906, 6.42907 ], [ 2.22933, 6.42979 ], [ 2.23024, 6.42952 ], [ 2.23105, 6.42988 ], [ 2.23069, 6.43133 ], [ 2.22978, 6.43124 ], [ 2.22924, 6.43069 ], [ 2.22942, 6.43169 ], [ 2.22879, 6.43115 ], [ 2.22861, 6.43151 ], [ 2.22915, 6.43187 ], [ 2.22924, 6.43241 ], [ 2.23023, 6.43169 ], [ 2.23041, 6.4326 ], [ 2.22996, 6.43332 ], [ 2.23077, 6.43359 ], [ 2.23159, 6.4345 ], [ 2.23213, 6.43332 ], [ 2.2315, 6.43224 ], [ 2.23177, 6.43178 ], [ 2.23159, 6.43043 ], [ 2.23223, 6.43052 ], [ 2.23268, 6.43188 ], [ 2.23295, 6.43151 ], [ 2.23313, 6.43278 ], [ 2.23394, 6.43097 ], [ 2.23096, 6.42925 ], [ 2.23151, 6.42853 ], [ 2.23151, 6.4288 ], [ 2.23232, 6.42862 ], [ 2.23241, 6.42889 ], [ 2.23313, 6.42862 ], [ 2.23322, 6.42907 ], [ 2.23431, 6.42944 ], [ 2.23413, 6.42871 ], [ 2.23449, 6.42826 ], [ 2.23413, 6.42826 ], [ 2.23395, 6.42871 ], [ 2.2334, 6.42862 ], [ 2.23332, 6.42735 ], [ 2.23359, 6.42708 ], [ 2.23386, 6.42781 ], [ 2.23431, 6.42763 ], [ 2.2344, 6.42582 ], [ 2.23341, 6.42563 ], [ 2.2335, 6.42464 ], [ 2.23251, 6.42446 ], [ 2.23233, 6.42373 ], [ 2.23341, 6.42355 ], [ 2.23368, 6.42301 ], [ 2.23215, 6.4231 ], [ 2.23305, 6.4222 ], [ 2.2317, 6.42183 ], [ 2.23152, 6.42011 ], [ 2.23089, 6.42029 ], [ 2.23089, 6.41885 ], [ 2.22953, 6.41902 ], [ 2.22926, 6.41848 ], [ 2.22863, 6.41857 ], [ 2.22827, 6.41785 ], [ 2.22826, 6.41893 ], [ 2.22718, 6.41812 ], [ 2.22673, 6.41821 ], [ 2.22718, 6.41712 ], [ 2.22745, 6.4173 ], [ 2.22727, 6.41766 ], [ 2.22763, 6.41766 ], [ 2.22818, 6.41694 ], [ 2.2289, 6.41685 ], [ 2.22899, 6.41631 ], [ 2.22854, 6.41622 ], [ 2.22881, 6.41513 ], [ 2.22836, 6.41549 ], [ 2.22845, 6.41649 ], [ 2.22782, 6.41667 ], [ 2.22782, 6.41567 ], [ 2.22736, 6.41604 ], [ 2.22637, 6.41594 ], [ 2.22474, 6.41467 ], [ 2.22547, 6.41404 ], [ 2.22538, 6.41305 ], [ 2.22429, 6.41268 ], [ 2.22393, 6.41314 ], [ 2.22312, 6.41241 ], [ 2.22285, 6.41313 ], [ 2.22267, 6.41232 ], [ 2.22212, 6.41259 ], [ 2.22113, 6.41205 ], [ 2.22185, 6.41178 ], [ 2.22249, 6.41214 ], [ 2.22231, 6.41141 ], [ 2.22285, 6.41132 ], [ 2.2233, 6.41205 ], [ 2.22439, 6.4125 ], [ 2.22439, 6.4116 ], [ 2.22403, 6.41124 ], [ 2.2252, 6.41097 ], [ 2.22556, 6.41042 ], [ 2.22602, 6.41079 ], [ 2.22665, 6.41052 ], [ 2.22656, 6.41015 ], [ 2.22584, 6.41006 ], [ 2.22548, 6.40889 ], [ 2.22394, 6.40825 ], [ 2.2243, 6.40771 ], [ 2.22503, 6.40816 ], [ 2.22557, 6.40762 ], [ 2.22512, 6.40671 ], [ 2.22376, 6.40653 ], [ 2.22431, 6.40581 ], [ 2.22485, 6.40581 ], [ 2.22431, 6.40572 ], [ 2.22422, 6.4049 ], [ 2.22503, 6.40445 ], [ 2.22584, 6.40545 ], [ 2.22639, 6.40491 ], [ 2.22639, 6.40445 ], [ 2.22557, 6.40418 ], [ 2.2253, 6.40355 ], [ 2.22476, 6.40409 ], [ 2.22476, 6.40291 ], [ 2.22422, 6.40355 ], [ 2.2244, 6.40409 ], [ 2.22386, 6.40382 ], [ 2.22413, 6.40346 ], [ 2.22395, 6.40273 ], [ 2.22449, 6.40282 ], [ 2.22476, 6.40237 ], [ 2.22395, 6.4021 ], [ 2.22422, 6.40092 ], [ 2.22467, 6.40056 ], [ 2.22576, 6.40102 ], [ 2.22603, 6.40029 ], [ 2.22648, 6.40111 ], [ 2.22576, 6.4021 ], [ 2.22576, 6.40264 ], [ 2.22503, 6.403 ], [ 2.2253, 6.40328 ], [ 2.22612, 6.4031 ], [ 2.22603, 6.40382 ], [ 2.22693, 6.404 ], [ 2.22675, 6.40518 ], [ 2.22756, 6.40446 ], [ 2.22729, 6.40364 ], [ 2.22657, 6.40346 ], [ 2.22711, 6.40283 ], [ 2.22738, 6.40283 ], [ 2.22738, 6.40346 ], [ 2.22802, 6.40391 ], [ 2.22802, 6.40437 ], [ 2.22883, 6.40364 ], [ 2.22883, 6.40319 ], [ 2.22964, 6.40401 ], [ 2.22955, 6.40464 ], [ 2.22865, 6.40446 ], [ 2.22865, 6.40572 ], [ 2.22783, 6.40509 ], [ 2.22819, 6.40572 ], [ 2.22819, 6.40699 ], [ 2.22882, 6.40726 ], [ 2.22909, 6.4079 ], [ 2.22955, 6.40744 ], [ 2.23036, 6.40772 ], [ 2.23136, 6.40745 ], [ 2.23154, 6.40817 ], [ 2.23199, 6.40835 ], [ 2.23199, 6.407 ], [ 2.23244, 6.40718 ], [ 2.23271, 6.40799 ], [ 2.23353, 6.4079 ], [ 2.23208, 6.40636 ], [ 2.23118, 6.40609 ], [ 2.231, 6.4069 ], [ 2.22946, 6.4069 ], [ 2.22892, 6.40609 ], [ 2.22964, 6.40618 ], [ 2.22946, 6.40536 ], [ 2.23018, 6.405 ], [ 2.23082, 6.40573 ], [ 2.23263, 6.40492 ], [ 2.23371, 6.40564 ], [ 2.23434, 6.40537 ], [ 2.23498, 6.40637 ], [ 2.23534, 6.40637 ], [ 2.23552, 6.40592 ], [ 2.23462, 6.40492 ], [ 2.23308, 6.40483 ], [ 2.23281, 6.40392 ], [ 2.23245, 6.40401 ], [ 2.23263, 6.40455 ], [ 2.23163, 6.40419 ], [ 2.23181, 6.40491 ], [ 2.23109, 6.40519 ], [ 2.23082, 6.40446 ], [ 2.23163, 6.40392 ], [ 2.232, 6.40265 ], [ 2.23127, 6.40292 ], [ 2.23037, 6.40247 ], [ 2.22946, 6.40319 ], [ 2.22928, 6.40202 ], [ 2.23028, 6.40157 ], [ 2.23028, 6.40075 ], [ 2.23001, 6.4003 ], [ 2.22793, 6.39948 ], [ 2.22658, 6.39948 ], [ 2.22449, 6.40029 ], [ 2.22314, 6.40155 ], [ 2.22286, 6.40255 ], [ 2.22106, 6.40119 ], [ 2.21943, 6.40146 ], [ 2.2197, 6.40218 ], [ 2.22106, 6.40191 ], [ 2.22087, 6.40255 ], [ 2.22024, 6.40273 ], [ 2.21997, 6.40336 ], [ 2.22151, 6.40309 ], [ 2.22196, 6.40354 ], [ 2.22196, 6.40463 ], [ 2.22114, 6.40526 ], [ 2.22042, 6.40526 ], [ 2.21978, 6.40481 ], [ 2.21988, 6.40417 ], [ 2.21924, 6.40354 ], [ 2.21906, 6.40254 ], [ 2.21843, 6.40263 ], [ 2.21726, 6.40164 ], [ 2.21653, 6.40209 ], [ 2.21617, 6.40127 ], [ 2.21627, 6.40019 ], [ 2.21581, 6.39973 ], [ 2.21355, 6.40018 ], [ 2.21274, 6.401 ], [ 2.21427, 6.4019 ], [ 2.215, 6.40181 ], [ 2.21527, 6.40335 ], [ 2.2159, 6.40399 ], [ 2.21753, 6.40408 ], [ 2.21816, 6.40471 ], [ 2.21752, 6.40553 ], [ 2.21644, 6.40607 ], [ 2.21653, 6.40652 ], [ 2.21589, 6.40634 ], [ 2.21517, 6.40751 ], [ 2.21463, 6.40742 ], [ 2.21309, 6.40887 ], [ 2.21272, 6.41086 ], [ 2.21335, 6.41203 ], [ 2.21326, 6.41484 ], [ 2.21371, 6.41556 ], [ 2.21317, 6.4161 ], [ 2.21317, 6.41665 ], [ 2.21624, 6.41973 ], [ 2.21768, 6.42054 ], [ 2.21849, 6.42181 ], [ 2.22066, 6.42308 ], [ 2.22147, 6.42571 ], [ 2.22138, 6.42634 ], [ 2.22102, 6.42598 ], [ 2.22075, 6.42625 ], [ 2.22138, 6.42661 ], [ 2.2221, 6.42652 ], [ 2.22382, 6.42888 ], [ 2.22454, 6.43105 ], [ 2.22445, 6.4315 ], [ 2.2239, 6.43177 ], [ 2.2239, 6.43268 ], [ 2.22463, 6.43295 ], [ 2.22417, 6.43367 ], [ 2.22462, 6.43385 ], [ 2.22444, 6.43611 ], [ 2.22489, 6.43666 ], [ 2.22444, 6.4372 ], [ 2.22498, 6.43973 ], [ 2.22479, 6.441 ], [ 2.22506, 6.44254 ], [ 2.22597, 6.44381 ], [ 2.22597, 6.44417 ], [ 2.22551, 6.44435 ], [ 2.22605, 6.44507 ], [ 2.22569, 6.4458 ], [ 2.22515, 6.44598 ], [ 2.22569, 6.44697 ], [ 2.2256, 6.44842 ], [ 2.22533, 6.44833 ], [ 2.22524, 6.44733 ], [ 2.22415, 6.44778 ], [ 2.2246, 6.44914 ], [ 2.2246, 6.45059 ], [ 2.22505, 6.45059 ], [ 2.22523, 6.45014 ], [ 2.22451, 6.45213 ], [ 2.22487, 6.45276 ], [ 2.2245, 6.45339 ], [ 2.22486, 6.45647 ], [ 2.22468, 6.45737 ], [ 2.22423, 6.45765 ], [ 2.22459, 6.45909 ], [ 2.22413, 6.45982 ], [ 2.22431, 6.46027 ], [ 2.22332, 6.46054 ], [ 2.22359, 6.46117 ], [ 2.22295, 6.46126 ], [ 2.22395, 6.46235 ], [ 2.22395, 6.4628 ], [ 2.2234, 6.46289 ], [ 2.22367, 6.46362 ], [ 2.22295, 6.46515 ], [ 2.22295, 6.46542 ], [ 2.22358, 6.46524 ], [ 2.22349, 6.46787 ], [ 2.22321, 6.46877 ], [ 2.22267, 6.46913 ], [ 2.22285, 6.46995 ], [ 2.22213, 6.47076 ], [ 2.22231, 6.47176 ], [ 2.22131, 6.47239 ], [ 2.22076, 6.47429 ], [ 2.22013, 6.47474 ], [ 2.21968, 6.47646 ], [ 2.21886, 6.47736 ], [ 2.21895, 6.47799 ], [ 2.21822, 6.47872 ], [ 2.21831, 6.47926 ], [ 2.21759, 6.48089 ], [ 2.21659, 6.48088 ], [ 2.21587, 6.48152 ], [ 2.21632, 6.48188 ], [ 2.21714, 6.48134 ], [ 2.21713, 6.48197 ], [ 2.21677, 6.4826 ], [ 2.21605, 6.48251 ], [ 2.21677, 6.48287 ], [ 2.21695, 6.48378 ], [ 2.21568, 6.48685 ], [ 2.2145, 6.48848 ], [ 2.2136, 6.48875 ], [ 2.2135, 6.48974 ], [ 2.21296, 6.48983 ], [ 2.21169, 6.49128 ], [ 2.21567, 6.49454 ], [ 2.21594, 6.49445 ], [ 2.21576, 6.49391 ] ], [ [ 2.22093, 6.48379 ], [ 2.22129, 6.48207 ], [ 2.22247, 6.48198 ], [ 2.2222, 6.48343 ], [ 2.22174, 6.48388 ], [ 2.22093, 6.48379 ] ], [ [ 2.22329, 6.47709 ], [ 2.22402, 6.4761 ], [ 2.22474, 6.47619 ], [ 2.22438, 6.47547 ], [ 2.22501, 6.47502 ], [ 2.22447, 6.47447 ], [ 2.22502, 6.47438 ], [ 2.22574, 6.47656 ], [ 2.2261, 6.47647 ], [ 2.2261, 6.47674 ], [ 2.22474, 6.47692 ], [ 2.2242, 6.47755 ], [ 2.22329, 6.47709 ] ], [ [ 2.22746, 6.47547 ], [ 2.22719, 6.47412 ], [ 2.22583, 6.47429 ], [ 2.22547, 6.47348 ], [ 2.22456, 6.47375 ], [ 2.22411, 6.47312 ], [ 2.22502, 6.47312 ], [ 2.22547, 6.47276 ], [ 2.22547, 6.4733 ], [ 2.22601, 6.47366 ], [ 2.22719, 6.47366 ], [ 2.22719, 6.4733 ], [ 2.22628, 6.47312 ], [ 2.22647, 6.47212 ], [ 2.22764, 6.4733 ], [ 2.22918, 6.47294 ], [ 2.22972, 6.47312 ], [ 2.22927, 6.47466 ], [ 2.228, 6.47439 ], [ 2.22782, 6.47529 ], [ 2.22746, 6.47547 ] ], [ [ 2.22557, 6.46597 ], [ 2.22584, 6.46498 ], [ 2.22539, 6.46534 ], [ 2.22512, 6.46507 ], [ 2.22612, 6.46407 ], [ 2.22693, 6.46453 ], [ 2.22684, 6.46534 ], [ 2.2272, 6.46552 ], [ 2.22729, 6.46634 ], [ 2.22666, 6.46579 ], [ 2.22575, 6.46633 ], [ 2.22557, 6.46597 ] ], [ [ 2.2293, 6.45241 ], [ 2.23011, 6.45196 ], [ 2.23002, 6.45141 ], [ 2.22966, 6.45195 ], [ 2.22939, 6.45168 ], [ 2.22975, 6.45105 ], [ 2.23021, 6.45114 ], [ 2.23003, 6.45042 ], [ 2.23039, 6.45033 ], [ 2.23066, 6.45159 ], [ 2.23011, 6.45232 ], [ 2.23038, 6.45286 ], [ 2.22957, 6.45322 ], [ 2.22921, 6.45295 ], [ 2.2293, 6.45241 ] ], [ [ 2.22445, 6.42861 ], [ 2.224, 6.42761 ], [ 2.22472, 6.42752 ], [ 2.22536, 6.42797 ], [ 2.22599, 6.42752 ], [ 2.22608, 6.42653 ], [ 2.22699, 6.42671 ], [ 2.22726, 6.42771 ], [ 2.22626, 6.42761 ], [ 2.22617, 6.42807 ], [ 2.22554, 6.42834 ], [ 2.22509, 6.42806 ], [ 2.22517, 6.42906 ], [ 2.22445, 6.42861 ] ], [ [ 2.22762, 6.42734 ], [ 2.2278, 6.42499 ], [ 2.22708, 6.42499 ], [ 2.22672, 6.42454 ], [ 2.22645, 6.42463 ], [ 2.22654, 6.42535 ], [ 2.22581, 6.42598 ], [ 2.22554, 6.42607 ], [ 2.22509, 6.42499 ], [ 2.22464, 6.42499 ], [ 2.22419, 6.42544 ], [ 2.22436, 6.42616 ], [ 2.22382, 6.42625 ], [ 2.224, 6.42508 ], [ 2.225, 6.42454 ], [ 2.22563, 6.42499 ], [ 2.226, 6.42409 ], [ 2.22509, 6.42336 ], [ 2.22455, 6.42354 ], [ 2.22464, 6.42291 ], [ 2.22428, 6.42236 ], [ 2.22473, 6.42218 ], [ 2.22464, 6.42128 ], [ 2.2251, 6.42137 ], [ 2.22519, 6.42191 ], [ 2.22564, 6.42128 ], [ 2.22672, 6.42164 ], [ 2.22745, 6.42101 ], [ 2.22772, 6.42119 ], [ 2.22799, 6.42065 ], [ 2.22862, 6.42101 ], [ 2.22853, 6.42011 ], [ 2.22953, 6.42065 ], [ 2.22953, 6.41993 ], [ 2.22989, 6.41993 ], [ 2.23107, 6.42075 ], [ 2.23152, 6.42183 ], [ 2.23115, 6.42246 ], [ 2.23061, 6.42093 ], [ 2.22962, 6.42065 ], [ 2.22926, 6.42092 ], [ 2.22935, 6.42138 ], [ 2.22871, 6.42119 ], [ 2.22835, 6.42156 ], [ 2.22844, 6.4221 ], [ 2.22754, 6.4221 ], [ 2.22727, 6.42164 ], [ 2.22717, 6.42255 ], [ 2.22636, 6.42237 ], [ 2.226, 6.42264 ], [ 2.22564, 6.42218 ], [ 2.22482, 6.42255 ], [ 2.22582, 6.42291 ], [ 2.22699, 6.42282 ], [ 2.22609, 6.42399 ], [ 2.22681, 6.42391 ], [ 2.22726, 6.42463 ], [ 2.22817, 6.42427 ], [ 2.22816, 6.42535 ], [ 2.22934, 6.42671 ], [ 2.22861, 6.42689 ], [ 2.22843, 6.42753 ], [ 2.22762, 6.42734 ] ], [ [ 2.22853, 6.42382 ], [ 2.22844, 6.42318 ], [ 2.22898, 6.42264 ], [ 2.22898, 6.42183 ], [ 2.22944, 6.42174 ], [ 2.22989, 6.42219 ], [ 2.22952, 6.42291 ], [ 2.22971, 6.42319 ], [ 2.23106, 6.42292 ], [ 2.22925, 6.42364 ], [ 2.22907, 6.42427 ], [ 2.22853, 6.42382 ] ], [ [ 2.22093, 6.42218 ], [ 2.2203, 6.42136 ], [ 2.22103, 6.42163 ], [ 2.22121, 6.42109 ], [ 2.22211, 6.42109 ], [ 2.22283, 6.42146 ], [ 2.22256, 6.42218 ], [ 2.22202, 6.42218 ], [ 2.22184, 6.42254 ], [ 2.22093, 6.42218 ] ], [ [ 2.21904, 6.42009 ], [ 2.2185, 6.41919 ], [ 2.21904, 6.41946 ], [ 2.22022, 6.41865 ], [ 2.22076, 6.41883 ], [ 2.22085, 6.41983 ], [ 2.21985, 6.42 ], [ 2.22031, 6.41955 ], [ 2.22003, 6.41928 ], [ 2.21949, 6.41991 ], [ 2.21922, 6.42118 ], [ 2.21886, 6.42127 ], [ 2.21904, 6.42009 ] ], [ [ 2.22501, 6.42056 ], [ 2.22582, 6.42029 ], [ 2.22555, 6.41983 ], [ 2.22655, 6.41965 ], [ 2.22673, 6.42011 ], [ 2.22736, 6.42002 ], [ 2.22754, 6.42083 ], [ 2.22501, 6.42056 ] ], [ [ 2.21823, 6.41711 ], [ 2.21751, 6.41656 ], [ 2.21751, 6.41548 ], [ 2.21814, 6.41503 ], [ 2.21805, 6.4143 ], [ 2.21878, 6.41358 ], [ 2.21869, 6.41304 ], [ 2.21941, 6.41277 ], [ 2.21932, 6.4134 ], [ 2.21977, 6.41376 ], [ 2.21914, 6.41439 ], [ 2.21941, 6.41485 ], [ 2.21905, 6.41503 ], [ 2.21905, 6.41467 ], [ 2.21868, 6.41467 ], [ 2.21841, 6.41503 ], [ 2.21859, 6.4153 ], [ 2.21959, 6.41521 ], [ 2.21923, 6.41566 ], [ 2.2195, 6.4162 ], [ 2.21895, 6.41648 ], [ 2.21949, 6.41738 ], [ 2.21823, 6.41711 ] ], [ [ 2.2166, 6.41457 ], [ 2.2157, 6.4133 ], [ 2.21525, 6.41366 ], [ 2.21462, 6.41339 ], [ 2.21561, 6.41285 ], [ 2.2157, 6.41222 ], [ 2.21652, 6.4124 ], [ 2.21706, 6.41168 ], [ 2.21742, 6.41294 ], [ 2.21805, 6.41286 ], [ 2.21805, 6.41322 ], [ 2.2176, 6.4134 ], [ 2.21751, 6.41457 ], [ 2.2166, 6.41457 ] ] ], [ [ [ 2.25389, 6.45679 ], [ 2.25453, 6.45597 ], [ 2.25498, 6.4529 ], [ 2.25571, 6.45236 ], [ 2.25643, 6.451 ], [ 2.2568, 6.451 ], [ 2.25698, 6.45145 ], [ 2.25743, 6.45091 ], [ 2.25707, 6.45046 ], [ 2.25643, 6.45046 ], [ 2.25725, 6.45028 ], [ 2.25716, 6.44883 ], [ 2.25807, 6.44811 ], [ 2.2587, 6.44847 ], [ 2.25861, 6.44784 ], [ 2.25979, 6.44757 ], [ 2.25988, 6.44684 ], [ 2.25933, 6.44657 ], [ 2.25934, 6.44621 ], [ 2.26006, 6.44621 ], [ 2.26015, 6.44476 ], [ 2.26069, 6.44404 ], [ 2.26151, 6.44449 ], [ 2.26205, 6.44413 ], [ 2.26196, 6.44377 ], [ 2.26124, 6.44404 ], [ 2.26106, 6.44323 ], [ 2.26215, 6.44115 ], [ 2.2616, 6.44069 ], [ 2.26115, 6.44133 ], [ 2.26115, 6.44205 ], [ 2.25997, 6.44331 ], [ 2.26015, 6.44377 ], [ 2.25934, 6.44476 ], [ 2.25906, 6.44576 ], [ 2.25825, 6.44684 ], [ 2.25789, 6.44684 ], [ 2.25716, 6.44856 ], [ 2.25617, 6.44874 ], [ 2.25553, 6.44837 ], [ 2.25499, 6.44864 ], [ 2.25508, 6.44901 ], [ 2.2558, 6.44892 ], [ 2.25617, 6.44928 ], [ 2.25589, 6.45046 ], [ 2.25426, 6.4519 ], [ 2.25408, 6.45271 ], [ 2.25354, 6.45308 ], [ 2.25363, 6.45362 ], [ 2.25299, 6.45398 ], [ 2.2529, 6.45271 ], [ 2.25354, 6.45036 ], [ 2.25499, 6.44846 ], [ 2.25481, 6.44756 ], [ 2.25562, 6.44801 ], [ 2.25535, 6.44747 ], [ 2.25581, 6.44711 ], [ 2.25554, 6.44638 ], [ 2.25599, 6.4462 ], [ 2.25608, 6.44512 ], [ 2.25671, 6.44476 ], [ 2.25672, 6.44394 ], [ 2.25708, 6.44385 ], [ 2.2578, 6.44168 ], [ 2.25844, 6.44096 ], [ 2.2588, 6.43897 ], [ 2.25917, 6.43861 ], [ 2.25898, 6.43834 ], [ 2.25817, 6.43852 ], [ 2.25862, 6.43906 ], [ 2.25735, 6.43978 ], [ 2.25753, 6.44024 ], [ 2.25808, 6.44024 ], [ 2.25808, 6.44078 ], [ 2.25744, 6.44078 ], [ 2.25717, 6.44141 ], [ 2.25654, 6.44132 ], [ 2.256, 6.44195 ], [ 2.25699, 6.44241 ], [ 2.25717, 6.44286 ], [ 2.25626, 6.44449 ], [ 2.25527, 6.44476 ], [ 2.25536, 6.44575 ], [ 2.25427, 6.44557 ], [ 2.25427, 6.44647 ], [ 2.25364, 6.44674 ], [ 2.25418, 6.44729 ], [ 2.25418, 6.44846 ], [ 2.25354, 6.44837 ], [ 2.25291, 6.44909 ], [ 2.25273, 6.44973 ], [ 2.25309, 6.45027 ], [ 2.25191, 6.44964 ], [ 2.25227, 6.45271 ], [ 2.25128, 6.45307 ], [ 2.25055, 6.45271 ], [ 2.251, 6.45352 ], [ 2.25191, 6.45344 ], [ 2.25173, 6.45389 ], [ 2.251, 6.45416 ], [ 2.25145, 6.45497 ], [ 2.25408, 6.4548 ], [ 2.25399, 6.45552 ], [ 2.25272, 6.45588 ], [ 2.25272, 6.45516 ], [ 2.25127, 6.45533 ], [ 2.25055, 6.4547 ], [ 2.25037, 6.45506 ], [ 2.251, 6.4557 ], [ 2.25082, 6.45642 ], [ 2.25145, 6.4566 ], [ 2.25209, 6.45561 ], [ 2.25245, 6.45669 ], [ 2.2529, 6.45633 ], [ 2.25308, 6.45697 ], [ 2.25389, 6.45679 ] ] ], [ [ [ 2.23391, 6.45377 ], [ 2.23581, 6.45287 ], [ 2.23617, 6.45215 ], [ 2.23581, 6.45061 ], [ 2.23518, 6.45006 ], [ 2.23482, 6.45033 ], [ 2.23545, 6.45142 ], [ 2.23482, 6.45187 ], [ 2.23527, 6.4526 ], [ 2.23472, 6.45314 ], [ 2.23346, 6.45268 ], [ 2.23391, 6.45377 ] ] ], [ [ [ 2.23291, 6.45513 ], [ 2.2331, 6.45314 ], [ 2.23255, 6.45304 ], [ 2.23201, 6.45467 ], [ 2.23291, 6.45513 ] ] ], [ [ [ 2.24403, 6.4584 ], [ 2.24458, 6.4575 ], [ 2.24385, 6.45731 ], [ 2.24367, 6.45668 ], [ 2.24286, 6.45695 ], [ 2.24286, 6.45749 ], [ 2.2434, 6.45776 ], [ 2.24322, 6.45849 ], [ 2.24403, 6.4584 ] ] ], [ [ [ 2.2404, 6.46563 ], [ 2.24122, 6.46518 ], [ 2.24122, 6.46464 ], [ 2.24068, 6.46464 ], [ 2.24086, 6.46418 ], [ 2.23968, 6.46301 ], [ 2.23978, 6.46264 ], [ 2.24086, 6.46265 ], [ 2.24122, 6.46183 ], [ 2.24168, 6.46229 ], [ 2.24231, 6.46211 ], [ 2.24258, 6.46265 ], [ 2.24339, 6.46238 ], [ 2.24367, 6.46184 ], [ 2.2433, 6.46138 ], [ 2.24294, 6.4622 ], [ 2.24222, 6.46202 ], [ 2.24213, 6.46147 ], [ 2.24331, 6.46102 ], [ 2.24421, 6.46129 ], [ 2.24448, 6.46075 ], [ 2.24367, 6.46084 ], [ 2.24313, 6.4603 ], [ 2.24213, 6.46066 ], [ 2.24186, 6.46021 ], [ 2.24168, 6.46102 ], [ 2.24104, 6.46111 ], [ 2.24131, 6.46165 ], [ 2.24086, 6.4621 ], [ 2.23996, 6.46201 ], [ 2.23996, 6.46165 ], [ 2.24068, 6.46165 ], [ 2.23969, 6.46047 ], [ 2.23978, 6.46011 ], [ 2.24032, 6.46029 ], [ 2.24041, 6.46002 ], [ 2.23951, 6.45912 ], [ 2.23879, 6.45948 ], [ 2.2396, 6.4583 ], [ 2.23906, 6.45776 ], [ 2.23852, 6.45794 ], [ 2.23833, 6.45866 ], [ 2.2377, 6.45884 ], [ 2.23698, 6.45821 ], [ 2.2377, 6.45821 ], [ 2.23779, 6.45785 ], [ 2.23707, 6.45739 ], [ 2.23698, 6.45812 ], [ 2.23653, 6.45839 ], [ 2.2368, 6.45956 ], [ 2.23652, 6.4602 ], [ 2.2367, 6.46047 ], [ 2.23716, 6.46002 ], [ 2.2386, 6.4602 ], [ 2.23788, 6.46092 ], [ 2.23806, 6.46129 ], [ 2.2386, 6.46101 ], [ 2.2386, 6.46065 ], [ 2.23905, 6.46065 ], [ 2.23869, 6.4612 ], [ 2.23887, 6.46147 ], [ 2.23833, 6.46183 ], [ 2.23851, 6.46273 ], [ 2.23914, 6.46219 ], [ 2.2395, 6.46237 ], [ 2.23941, 6.46373 ], [ 2.23878, 6.46282 ], [ 2.23896, 6.46445 ], [ 2.24022, 6.46464 ], [ 2.2404, 6.46563 ] ] ], [ [ [ 2.24945, 6.46791 ], [ 2.2489, 6.46745 ], [ 2.24945, 6.46727 ], [ 2.24936, 6.46682 ], [ 2.24845, 6.46682 ], [ 2.248, 6.46718 ], [ 2.24908, 6.46809 ], [ 2.24881, 6.4689 ], [ 2.24981, 6.46899 ], [ 2.24945, 6.46791 ] ] ], [ [ [ 2.25096, 6.48112 ], [ 2.25051, 6.48039 ], [ 2.25133, 6.48057 ], [ 2.25169, 6.47994 ], [ 2.25214, 6.48003 ], [ 2.25187, 6.47949 ], [ 2.25277, 6.47958 ], [ 2.25323, 6.47922 ], [ 2.25314, 6.47832 ], [ 2.25341, 6.4785 ], [ 2.25368, 6.47768 ], [ 2.25296, 6.47732 ], [ 2.25332, 6.47587 ], [ 2.25359, 6.47587 ], [ 2.25359, 6.47705 ], [ 2.25513, 6.47714 ], [ 2.25486, 6.4766 ], [ 2.25531, 6.47597 ], [ 2.25423, 6.47542 ], [ 2.25414, 6.47461 ], [ 2.25441, 6.47461 ], [ 2.25459, 6.47533 ], [ 2.2554, 6.47533 ], [ 2.25595, 6.47389 ], [ 2.25568, 6.47343 ], [ 2.25631, 6.4728 ], [ 2.25713, 6.47316 ], [ 2.25649, 6.47452 ], [ 2.25685, 6.47434 ], [ 2.25748, 6.47497 ], [ 2.25821, 6.47425 ], [ 2.25731, 6.47335 ], [ 2.25722, 6.47262 ], [ 2.25667, 6.47271 ], [ 2.25613, 6.47199 ], [ 2.25541, 6.47199 ], [ 2.25523, 6.47162 ], [ 2.25586, 6.47036 ], [ 2.2555, 6.47027 ], [ 2.25541, 6.46909 ], [ 2.25478, 6.46882 ], [ 2.25532, 6.46791 ], [ 2.25505, 6.46764 ], [ 2.25533, 6.46683 ], [ 2.25469, 6.4661 ], [ 2.25497, 6.46529 ], [ 2.25451, 6.46457 ], [ 2.25578, 6.46357 ], [ 2.25533, 6.46348 ], [ 2.25488, 6.46276 ], [ 2.25479, 6.4633 ], [ 2.25406, 6.46375 ], [ 2.25434, 6.46249 ], [ 2.2538, 6.46068 ], [ 2.25416, 6.4604 ], [ 2.25398, 6.45968 ], [ 2.25434, 6.45959 ], [ 2.2547, 6.46013 ], [ 2.25443, 6.45878 ], [ 2.25353, 6.45905 ], [ 2.25344, 6.45968 ], [ 2.25317, 6.45968 ], [ 2.25299, 6.45868 ], [ 2.25326, 6.45823 ], [ 2.2529, 6.45796 ], [ 2.25317, 6.45787 ], [ 2.25344, 6.4585 ], [ 2.25362, 6.45796 ], [ 2.25109, 6.45723 ], [ 2.25063, 6.45904 ], [ 2.25145, 6.45995 ], [ 2.25127, 6.4604 ], [ 2.25027, 6.4604 ], [ 2.24982, 6.45986 ], [ 2.24937, 6.46004 ], [ 2.24973, 6.46076 ], [ 2.24855, 6.46067 ], [ 2.24828, 6.46112 ], [ 2.24936, 6.46139 ], [ 2.24963, 6.46221 ], [ 2.24927, 6.46311 ], [ 2.24945, 6.46356 ], [ 2.25189, 6.46384 ], [ 2.25289, 6.46511 ], [ 2.25153, 6.46574 ], [ 2.25107, 6.46718 ], [ 2.24981, 6.46637 ], [ 2.24972, 6.46745 ], [ 2.25062, 6.46727 ], [ 2.25035, 6.46782 ], [ 2.25089, 6.46863 ], [ 2.25053, 6.46899 ], [ 2.25089, 6.46927 ], [ 2.2508, 6.46972 ], [ 2.25116, 6.46981 ], [ 2.25107, 6.47017 ], [ 2.25071, 6.47017 ], [ 2.25017, 6.46917 ], [ 2.24962, 6.47053 ], [ 2.24845, 6.46971 ], [ 2.24809, 6.47017 ], [ 2.24745, 6.46989 ], [ 2.24655, 6.4708 ], [ 2.247, 6.47125 ], [ 2.24754, 6.47116 ], [ 2.24754, 6.47143 ], [ 2.24718, 6.4717 ], [ 2.24655, 6.47152 ], [ 2.24618, 6.47224 ], [ 2.24654, 6.47252 ], [ 2.24772, 6.47197 ], [ 2.24808, 6.47116 ], [ 2.24881, 6.47089 ], [ 2.24863, 6.47062 ], [ 2.24899, 6.47062 ], [ 2.24881, 6.47116 ], [ 2.24935, 6.47089 ], [ 2.25043, 6.47162 ], [ 2.24998, 6.47234 ], [ 2.25052, 6.47343 ], [ 2.2498, 6.47406 ], [ 2.25052, 6.47397 ], [ 2.25034, 6.47533 ], [ 2.25124, 6.47569 ], [ 2.25088, 6.47605 ], [ 2.25124, 6.47659 ], [ 2.25061, 6.47705 ], [ 2.25124, 6.47768 ], [ 2.25051, 6.47867 ], [ 2.25133, 6.47976 ], [ 2.25096, 6.48003 ], [ 2.24997, 6.47903 ], [ 2.2497, 6.48084 ], [ 2.25015, 6.48093 ], [ 2.25042, 6.48157 ], [ 2.25096, 6.48112 ] ], [ [ 2.25269, 6.47316 ], [ 2.25251, 6.47189 ], [ 2.25197, 6.47207 ], [ 2.25152, 6.4718 ], [ 2.2507, 6.4727 ], [ 2.25116, 6.47071 ], [ 2.25234, 6.47072 ], [ 2.25279, 6.47162 ], [ 2.25342, 6.47153 ], [ 2.25279, 6.47207 ], [ 2.25342, 6.47298 ], [ 2.25315, 6.47343 ], [ 2.25269, 6.47316 ] ], [ [ 2.25334, 6.46393 ], [ 2.2528, 6.46275 ], [ 2.2528, 6.46085 ], [ 2.25334, 6.46086 ], [ 2.25362, 6.46131 ], [ 2.25379, 6.46438 ], [ 2.25316, 6.46429 ], [ 2.25334, 6.46393 ] ] ], [ [ [ 2.24011, 6.48146 ], [ 2.24174, 6.48174 ], [ 2.24237, 6.48119 ], [ 2.24192, 6.48083 ], [ 2.24174, 6.48119 ], [ 2.24083, 6.48128 ], [ 2.24083, 6.48056 ], [ 2.24165, 6.47984 ], [ 2.24228, 6.48011 ], [ 2.24237, 6.48056 ], [ 2.24273, 6.48056 ], [ 2.2431, 6.47948 ], [ 2.24373, 6.48047 ], [ 2.24481, 6.47993 ], [ 2.24454, 6.4793 ], [ 2.24427, 6.4793 ], [ 2.24409, 6.48002 ], [ 2.24373, 6.47984 ], [ 2.24346, 6.47884 ], [ 2.24391, 6.47803 ], [ 2.24337, 6.4774 ], [ 2.24337, 6.47676 ], [ 2.24265, 6.47613 ], [ 2.24265, 6.47577 ], [ 2.24346, 6.4755 ], [ 2.24356, 6.47504 ], [ 2.24482, 6.47559 ], [ 2.24491, 6.47677 ], [ 2.24419, 6.47658 ], [ 2.2441, 6.47685 ], [ 2.245, 6.47695 ], [ 2.24518, 6.47749 ], [ 2.24572, 6.4774 ], [ 2.24608, 6.47794 ], [ 2.24699, 6.47749 ], [ 2.24663, 6.47577 ], [ 2.24735, 6.47559 ], [ 2.2478, 6.47623 ], [ 2.24871, 6.47614 ], [ 2.24889, 6.47641 ], [ 2.25007, 6.47605 ], [ 2.24943, 6.47578 ], [ 2.24943, 6.47542 ], [ 2.25007, 6.47514 ], [ 2.2498, 6.47469 ], [ 2.24925, 6.47496 ], [ 2.24862, 6.47433 ], [ 2.24871, 6.47523 ], [ 2.24835, 6.47541 ], [ 2.24817, 6.47487 ], [ 2.24744, 6.47487 ], [ 2.24727, 6.47396 ], [ 2.2469, 6.47478 ], [ 2.24636, 6.47442 ], [ 2.24618, 6.4755 ], [ 2.24582, 6.47532 ], [ 2.24563, 6.47559 ], [ 2.24627, 6.47641 ], [ 2.24545, 6.47604 ], [ 2.24573, 6.47532 ], [ 2.24518, 6.47514 ], [ 2.24573, 6.4745 ], [ 2.24546, 6.47333 ], [ 2.24591, 6.47188 ], [ 2.24528, 6.47116 ], [ 2.246, 6.47062 ], [ 2.24628, 6.46953 ], [ 2.24691, 6.46953 ], [ 2.247, 6.46908 ], [ 2.24619, 6.46872 ], [ 2.24628, 6.46926 ], [ 2.24546, 6.46989 ], [ 2.24583, 6.46908 ], [ 2.24528, 6.46899 ], [ 2.24519, 6.46853 ], [ 2.24782, 6.46836 ], [ 2.248, 6.46772 ], [ 2.24727, 6.46754 ], [ 2.24637, 6.46799 ], [ 2.24592, 6.46682 ], [ 2.24511, 6.46663 ], [ 2.24511, 6.46618 ], [ 2.24565, 6.46591 ], [ 2.24484, 6.46555 ], [ 2.24493, 6.465 ], [ 2.24439, 6.46455 ], [ 2.24475, 6.46383 ], [ 2.24384, 6.46374 ], [ 2.2442, 6.46437 ], [ 2.24402, 6.46491 ], [ 2.24366, 6.46455 ], [ 2.24321, 6.465 ], [ 2.24249, 6.46482 ], [ 2.24239, 6.46527 ], [ 2.24285, 6.46554 ], [ 2.24221, 6.46609 ], [ 2.24167, 6.46581 ], [ 2.24302, 6.46753 ], [ 2.24384, 6.46726 ], [ 2.24411, 6.46645 ], [ 2.24456, 6.4669 ], [ 2.24492, 6.46681 ], [ 2.24519, 6.46736 ], [ 2.24519, 6.46772 ], [ 2.24438, 6.46754 ], [ 2.24375, 6.46826 ], [ 2.24447, 6.46944 ], [ 2.24365, 6.47143 ], [ 2.24401, 6.4726 ], [ 2.24329, 6.4717 ], [ 2.24202, 6.47115 ], [ 2.24257, 6.47043 ], [ 2.24203, 6.4697 ], [ 2.2413, 6.46979 ], [ 2.24193, 6.4716 ], [ 2.24148, 6.47251 ], [ 2.24121, 6.47251 ], [ 2.24139, 6.47169 ], [ 2.24048, 6.47205 ], [ 2.24012, 6.47115 ], [ 2.2394, 6.47151 ], [ 2.23868, 6.47042 ], [ 2.23777, 6.47024 ], [ 2.23632, 6.47187 ], [ 2.23678, 6.4725 ], [ 2.23596, 6.47259 ], [ 2.23596, 6.47431 ], [ 2.2356, 6.47449 ], [ 2.23641, 6.47567 ], [ 2.23776, 6.47648 ], [ 2.23758, 6.47712 ], [ 2.23623, 6.47766 ], [ 2.2355, 6.47702 ], [ 2.23568, 6.47621 ], [ 2.23496, 6.47548 ], [ 2.23324, 6.47783 ], [ 2.23568, 6.47919 ], [ 2.23631, 6.47838 ], [ 2.23613, 6.47784 ], [ 2.23686, 6.47811 ], [ 2.23713, 6.47775 ], [ 2.23794, 6.47811 ], [ 2.2384, 6.47775 ], [ 2.23813, 6.47721 ], [ 2.23903, 6.4773 ], [ 2.2383, 6.47866 ], [ 2.23758, 6.47884 ], [ 2.23776, 6.47965 ], [ 2.23876, 6.47947 ], [ 2.23875, 6.47974 ], [ 2.23812, 6.47983 ], [ 2.2383, 6.48074 ], [ 2.23767, 6.48055 ], [ 2.2374, 6.48092 ], [ 2.23929, 6.48191 ], [ 2.24011, 6.48146 ] ], [ [ 2.23912, 6.47685 ], [ 2.23985, 6.47558 ], [ 2.23985, 6.47495 ], [ 2.23912, 6.47431 ], [ 2.2393, 6.47531 ], [ 2.23903, 6.47531 ], [ 2.23858, 6.47477 ], [ 2.23858, 6.47413 ], [ 2.23804, 6.47431 ], [ 2.23777, 6.47386 ], [ 2.2384, 6.47395 ], [ 2.23849, 6.47341 ], [ 2.23958, 6.4735 ], [ 2.24003, 6.47305 ], [ 2.2403, 6.47432 ], [ 2.24066, 6.47432 ], [ 2.24066, 6.47377 ], [ 2.24148, 6.47332 ], [ 2.24111, 6.47567 ], [ 2.24066, 6.47631 ], [ 2.24039, 6.47622 ], [ 2.24057, 6.47694 ], [ 2.23912, 6.47685 ] ] ], [ [ [ 2.25694, 6.47787 ], [ 2.25866, 6.47733 ], [ 2.25848, 6.47642 ], [ 2.25775, 6.47597 ], [ 2.25712, 6.47705 ], [ 2.25658, 6.47669 ], [ 2.25612, 6.47687 ], [ 2.25612, 6.47732 ], [ 2.25667, 6.47733 ], [ 2.25694, 6.47787 ] ] ], [ [ [ 2.23261, 6.47792 ], [ 2.23315, 6.47756 ], [ 2.23379, 6.47603 ], [ 2.23342, 6.47584 ], [ 2.23306, 6.4762 ], [ 2.23306, 6.47557 ], [ 2.23234, 6.47539 ], [ 2.23243, 6.47648 ], [ 2.2318, 6.47602 ], [ 2.23125, 6.47629 ], [ 2.23143, 6.47665 ], [ 2.23071, 6.47656 ], [ 2.23053, 6.47692 ], [ 2.23071, 6.47738 ], [ 2.23134, 6.47738 ], [ 2.23116, 6.47783 ], [ 2.23179, 6.47865 ], [ 2.23252, 6.47847 ], [ 2.23261, 6.47792 ] ] ], [ [ [ 2.23052, 6.48199 ], [ 2.23061, 6.48036 ], [ 2.22926, 6.48054 ], [ 2.22926, 6.47964 ], [ 2.2289, 6.47955 ], [ 2.22862, 6.48045 ], [ 2.22953, 6.48099 ], [ 2.23016, 6.48217 ], [ 2.23052, 6.48199 ] ] ], [ [ [ 2.26082, 6.48276 ], [ 2.26281, 6.48258 ], [ 2.26299, 6.48204 ], [ 2.26317, 6.48222 ], [ 2.26308, 6.48141 ], [ 2.26281, 6.48141 ], [ 2.2629, 6.48213 ], [ 2.26245, 6.48222 ], [ 2.26182, 6.48122 ], [ 2.26227, 6.48068 ], [ 2.26381, 6.48123 ], [ 2.26381, 6.48023 ], [ 2.26281, 6.48032 ], [ 2.26173, 6.4795 ], [ 2.26055, 6.47932 ], [ 2.26082, 6.47986 ], [ 2.26155, 6.47996 ], [ 2.26154, 6.48231 ], [ 2.261, 6.48231 ], [ 2.26082, 6.48276 ] ] ], [ [ [ 2.2563, 6.4833 ], [ 2.25765, 6.48276 ], [ 2.25729, 6.48239 ], [ 2.25775, 6.4823 ], [ 2.25829, 6.48276 ], [ 2.25838, 6.48203 ], [ 2.25757, 6.48086 ], [ 2.25666, 6.48094 ], [ 2.25648, 6.48176 ], [ 2.25693, 6.48212 ], [ 2.25702, 6.48294 ], [ 2.2563, 6.4833 ] ] ], [ [ [ 2.25122, 6.48826 ], [ 2.25132, 6.48682 ], [ 2.25249, 6.48591 ], [ 2.25385, 6.48646 ], [ 2.25376, 6.48736 ], [ 2.25312, 6.48745 ], [ 2.25312, 6.48827 ], [ 2.2543, 6.488 ], [ 2.25466, 6.48836 ], [ 2.25511, 6.48782 ], [ 2.25611, 6.48791 ], [ 2.25611, 6.48728 ], [ 2.25557, 6.48691 ], [ 2.25593, 6.4861 ], [ 2.2553, 6.48601 ], [ 2.25584, 6.4851 ], [ 2.25521, 6.48465 ], [ 2.25548, 6.48438 ], [ 2.25521, 6.48384 ], [ 2.2534, 6.48356 ], [ 2.2534, 6.48438 ], [ 2.25403, 6.4842 ], [ 2.25376, 6.48465 ], [ 2.25313, 6.48465 ], [ 2.25286, 6.48374 ], [ 2.25177, 6.48428 ], [ 2.25205, 6.48284 ], [ 2.25159, 6.4822 ], [ 2.25132, 6.4822 ], [ 2.2515, 6.48275 ], [ 2.25087, 6.48347 ], [ 2.25096, 6.48383 ], [ 2.25023, 6.48428 ], [ 2.24951, 6.48419 ], [ 2.24924, 6.48546 ], [ 2.24924, 6.48618 ], [ 2.24987, 6.48672 ], [ 2.25014, 6.48636 ], [ 2.2496, 6.48537 ], [ 2.25041, 6.4851 ], [ 2.25041, 6.48564 ], [ 2.25096, 6.48564 ], [ 2.25123, 6.48618 ], [ 2.25059, 6.48663 ], [ 2.25104, 6.48745 ], [ 2.25068, 6.48763 ], [ 2.25086, 6.48826 ], [ 2.25122, 6.48826 ] ] ], [ [ [ 2.26144, 6.48819 ], [ 2.26316, 6.48801 ], [ 2.2619, 6.48774 ], [ 2.26235, 6.48665 ], [ 2.26262, 6.48738 ], [ 2.26298, 6.48683 ], [ 2.26226, 6.48593 ], [ 2.26127, 6.48665 ], [ 2.26145, 6.48801 ], [ 2.26072, 6.48873 ], [ 2.26144, 6.48819 ] ] ], [ [ [ 2.2581, 6.48855 ], [ 2.25756, 6.48764 ], [ 2.25801, 6.48755 ], [ 2.25792, 6.48809 ], [ 2.25855, 6.48764 ], [ 2.25855, 6.48592 ], [ 2.25674, 6.488 ], [ 2.25737, 6.48882 ], [ 2.25792, 6.48891 ], [ 2.2581, 6.48855 ] ] ], [ [ [ 2.25366, 6.49125 ], [ 2.25493, 6.49089 ], [ 2.25439, 6.49071 ], [ 2.25448, 6.49017 ], [ 2.25403, 6.48963 ], [ 2.25312, 6.48944 ], [ 2.25267, 6.48971 ], [ 2.25222, 6.48935 ], [ 2.25258, 6.49044 ], [ 2.25348, 6.4899 ], [ 2.25403, 6.48999 ], [ 2.25393, 6.49035 ], [ 2.25303, 6.49053 ], [ 2.25276, 6.49107 ], [ 2.25294, 6.4917 ], [ 2.25366, 6.4918 ], [ 2.25366, 6.49125 ] ] ], [ [ [ 2.25637, 6.49316 ], [ 2.25764, 6.49253 ], [ 2.25728, 6.49207 ], [ 2.25665, 6.49207 ], [ 2.25619, 6.49153 ], [ 2.25647, 6.49053 ], [ 2.2552, 6.49116 ], [ 2.25529, 6.49252 ], [ 2.25592, 6.49252 ], [ 2.25637, 6.49316 ] ] ], [ [ [ 2.28874, 6.56522 ], [ 2.2891, 6.56504 ], [ 2.2901, 6.56549 ], [ 2.29091, 6.56459 ], [ 2.29146, 6.56459 ], [ 2.29137, 6.56413 ], [ 2.292, 6.56395 ], [ 2.29209, 6.56341 ], [ 2.29264, 6.56305 ], [ 2.29236, 6.56269 ], [ 2.29182, 6.56296 ], [ 2.292, 6.56242 ], [ 2.29354, 6.5626 ], [ 2.29327, 6.56169 ], [ 2.29354, 6.56133 ], [ 2.29427, 6.56142 ], [ 2.29481, 6.56043 ], [ 2.29454, 6.55889 ], [ 2.29526, 6.5588 ], [ 2.29527, 6.55808 ], [ 2.2949, 6.55735 ], [ 2.29355, 6.55717 ], [ 2.29364, 6.55771 ], [ 2.29328, 6.55771 ], [ 2.2931, 6.55663 ], [ 2.2921, 6.55663 ], [ 2.2921, 6.55753 ], [ 2.29291, 6.55808 ], [ 2.2921, 6.55889 ], [ 2.29291, 6.55925 ], [ 2.29273, 6.55979 ], [ 2.29327, 6.55998 ], [ 2.29354, 6.56097 ], [ 2.29237, 6.56142 ], [ 2.29273, 6.56016 ], [ 2.29246, 6.55988 ], [ 2.29201, 6.56034 ], [ 2.292, 6.56115 ], [ 2.29128, 6.56133 ], [ 2.29083, 6.56088 ], [ 2.29128, 6.5607 ], [ 2.29155, 6.5597 ], [ 2.2911, 6.55943 ], [ 2.29074, 6.56088 ], [ 2.29011, 6.56069 ], [ 2.2901, 6.56151 ], [ 2.28965, 6.56178 ], [ 2.28929, 6.56133 ], [ 2.28956, 6.56015 ], [ 2.28893, 6.56015 ], [ 2.28875, 6.55943 ], [ 2.28966, 6.55925 ], [ 2.28984, 6.55888 ], [ 2.28866, 6.55897 ], [ 2.28794, 6.55807 ], [ 2.28866, 6.55725 ], [ 2.28948, 6.55762 ], [ 2.29002, 6.55671 ], [ 2.28857, 6.5559 ], [ 2.2884, 6.5549 ], [ 2.28794, 6.55526 ], [ 2.2883, 6.55599 ], [ 2.2883, 6.55689 ], [ 2.28794, 6.55725 ], [ 2.28731, 6.55743 ], [ 2.28667, 6.55671 ], [ 2.28631, 6.55716 ], [ 2.28595, 6.5568 ], [ 2.28387, 6.55707 ], [ 2.28387, 6.55634 ], [ 2.28423, 6.55598 ], [ 2.28477, 6.55616 ], [ 2.28505, 6.55553 ], [ 2.28441, 6.55562 ], [ 2.2845, 6.55535 ], [ 2.28396, 6.55526 ], [ 2.28378, 6.55481 ], [ 2.28586, 6.55454 ], [ 2.28532, 6.55408 ], [ 2.28541, 6.55246 ], [ 2.28686, 6.55273 ], [ 2.28677, 6.55336 ], [ 2.28586, 6.55309 ], [ 2.28595, 6.55418 ], [ 2.28659, 6.55381 ], [ 2.28713, 6.55418 ], [ 2.28776, 6.55354 ], [ 2.28722, 6.55309 ], [ 2.28813, 6.55237 ], [ 2.28849, 6.55309 ], [ 2.28831, 6.55355 ], [ 2.28903, 6.55364 ], [ 2.28867, 6.55273 ], [ 2.28939, 6.55174 ], [ 2.28849, 6.55092 ], [ 2.28695, 6.55101 ], [ 2.28641, 6.55047 ], [ 2.28659, 6.54875 ], [ 2.28587, 6.54793 ], [ 2.28732, 6.54875 ], [ 2.28723, 6.54757 ], [ 2.28687, 6.54721 ], [ 2.28642, 6.54775 ], [ 2.28587, 6.54739 ], [ 2.28542, 6.54793 ], [ 2.28515, 6.54775 ], [ 2.28542, 6.54721 ], [ 2.28434, 6.54703 ], [ 2.28397, 6.54639 ], [ 2.28452, 6.54621 ], [ 2.28461, 6.54576 ], [ 2.28515, 6.54594 ], [ 2.28524, 6.54549 ], [ 2.28615, 6.54621 ], [ 2.28705, 6.54585 ], [ 2.28669, 6.54504 ], [ 2.28705, 6.54504 ], [ 2.28723, 6.5445 ], [ 2.28778, 6.54477 ], [ 2.2876, 6.54404 ], [ 2.28823, 6.54341 ], [ 2.28968, 6.54441 ], [ 2.28832, 6.54549 ], [ 2.2885, 6.54595 ], [ 2.28904, 6.54604 ], [ 2.28958, 6.54559 ], [ 2.29003, 6.54712 ], [ 2.2904, 6.54658 ], [ 2.29121, 6.54658 ], [ 2.29139, 6.54685 ], [ 2.29085, 6.54713 ], [ 2.29103, 6.54758 ], [ 2.29212, 6.54677 ], [ 2.29203, 6.54604 ], [ 2.29148, 6.54604 ], [ 2.29203, 6.54523 ], [ 2.29248, 6.54541 ], [ 2.29212, 6.54604 ], [ 2.29266, 6.54595 ], [ 2.29302, 6.5464 ], [ 2.29429, 6.54604 ], [ 2.29474, 6.54623 ], [ 2.29447, 6.54767 ], [ 2.2951, 6.54677 ], [ 2.29628, 6.54659 ], [ 2.29682, 6.54777 ], [ 2.29637, 6.54768 ], [ 2.29618, 6.54804 ], [ 2.29736, 6.54867 ], [ 2.29709, 6.54768 ], [ 2.29827, 6.54659 ], [ 2.29664, 6.54623 ], [ 2.29637, 6.5455 ], [ 2.29655, 6.54469 ], [ 2.29727, 6.54523 ], [ 2.298, 6.54478 ], [ 2.2989, 6.54497 ], [ 2.29899, 6.54605 ], [ 2.29981, 6.54623 ], [ 2.30044, 6.54687 ], [ 2.30035, 6.54569 ], [ 2.29999, 6.54524 ], [ 2.3008, 6.54533 ], [ 2.3008, 6.54506 ], [ 2.2999, 6.54488 ], [ 2.29945, 6.54397 ], [ 2.30071, 6.5437 ], [ 2.30044, 6.54325 ], [ 2.30062, 6.54271 ], [ 2.30162, 6.54244 ], [ 2.30162, 6.54198 ], [ 2.30072, 6.54207 ], [ 2.30026, 6.54153 ], [ 2.29927, 6.54198 ], [ 2.29927, 6.54234 ], [ 2.2999, 6.54252 ], [ 2.29963, 6.54316 ], [ 2.29882, 6.54261 ], [ 2.29891, 6.54171 ], [ 2.30009, 6.54026 ], [ 2.30026, 6.54108 ], [ 2.30108, 6.54108 ], [ 2.30072, 6.54026 ], [ 2.30153, 6.5399 ], [ 2.30199, 6.53764 ], [ 2.30235, 6.53782 ], [ 2.30226, 6.53882 ], [ 2.30298, 6.53909 ], [ 2.30307, 6.53972 ], [ 2.30398, 6.53973 ], [ 2.3038, 6.53927 ], [ 2.30416, 6.53882 ], [ 2.30361, 6.53882 ], [ 2.30334, 6.53837 ], [ 2.30407, 6.53764 ], [ 2.30398, 6.53692 ], [ 2.3048, 6.53511 ], [ 2.30434, 6.5343 ], [ 2.30444, 6.53357 ], [ 2.30507, 6.5333 ], [ 2.30507, 6.53294 ], [ 2.30371, 6.53194 ], [ 2.30317, 6.53267 ], [ 2.30335, 6.53366 ], [ 2.30272, 6.53384 ], [ 2.3029, 6.53556 ], [ 2.30244, 6.53583 ], [ 2.30163, 6.53547 ], [ 2.30199, 6.53439 ], [ 2.30154, 6.53393 ], [ 2.30263, 6.53384 ], [ 2.30263, 6.53357 ], [ 2.30163, 6.5333 ], [ 2.30154, 6.53212 ], [ 2.30109, 6.53266 ], [ 2.3001, 6.53275 ], [ 2.30001, 6.53221 ], [ 2.29919, 6.53167 ], [ 2.29937, 6.53122 ], [ 2.30001, 6.53167 ], [ 2.30055, 6.53122 ], [ 2.30118, 6.5314 ], [ 2.301, 6.53095 ], [ 2.30001, 6.53085 ], [ 2.29965, 6.53013 ], [ 2.29901, 6.53058 ], [ 2.2991, 6.52986 ], [ 2.30001, 6.5285 ], [ 2.30091, 6.53049 ], [ 2.30127, 6.53058 ], [ 2.30154, 6.53194 ], [ 2.302, 6.53149 ], [ 2.302, 6.53049 ], [ 2.30146, 6.53013 ], [ 2.3011, 6.5285 ], [ 2.30318, 6.52869 ], [ 2.30318, 6.52842 ], [ 2.30227, 6.52814 ], [ 2.30254, 6.52778 ], [ 2.30327, 6.52778 ], [ 2.30336, 6.52697 ], [ 2.3011, 6.52787 ], [ 2.30164, 6.52669 ], [ 2.30065, 6.52669 ], [ 2.30047, 6.52624 ], [ 2.30074, 6.52588 ], [ 2.30191, 6.5257 ], [ 2.30101, 6.52479 ], [ 2.30173, 6.5248 ], [ 2.30219, 6.52543 ], [ 2.30345, 6.52579 ], [ 2.30354, 6.52634 ], [ 2.30426, 6.52679 ], [ 2.30336, 6.52869 ], [ 2.30354, 6.52923 ], [ 2.30281, 6.5295 ], [ 2.3029, 6.52995 ], [ 2.30354, 6.53004 ], [ 2.30372, 6.52968 ], [ 2.3048, 6.52941 ], [ 2.30453, 6.52815 ], [ 2.30526, 6.5276 ], [ 2.30508, 6.52697 ], [ 2.30535, 6.5267 ], [ 2.3058, 6.52706 ], [ 2.3068, 6.52697 ], [ 2.3067, 6.52878 ], [ 2.30761, 6.52788 ], [ 2.30833, 6.5277 ], [ 2.30815, 6.52643 ], [ 2.30716, 6.5258 ], [ 2.30698, 6.52516 ], [ 2.30626, 6.52516 ], [ 2.30599, 6.52562 ], [ 2.30472, 6.52534 ], [ 2.3039, 6.52625 ], [ 2.30372, 6.52552 ], [ 2.30264, 6.5248 ], [ 2.30318, 6.52362 ], [ 2.30201, 6.52299 ], [ 2.30246, 6.52272 ], [ 2.30228, 6.5219 ], [ 2.30138, 6.52244 ], [ 2.30056, 6.52136 ], [ 2.30056, 6.52081 ], [ 2.29993, 6.52108 ], [ 2.30074, 6.52326 ], [ 2.3002, 6.5238 ], [ 2.29947, 6.5238 ], [ 2.29975, 6.52208 ], [ 2.29893, 6.52172 ], [ 2.2993, 6.52117 ], [ 2.2983, 6.52063 ], [ 2.29821, 6.51945 ], [ 2.29776, 6.51918 ], [ 2.29713, 6.51981 ], [ 2.29613, 6.5199 ], [ 2.29595, 6.51854 ], [ 2.2974, 6.51855 ], [ 2.29713, 6.51755 ], [ 2.29749, 6.51791 ], [ 2.29849, 6.51773 ], [ 2.29966, 6.51855 ], [ 2.30039, 6.51828 ], [ 2.3003, 6.51756 ], [ 2.29912, 6.51755 ], [ 2.29849, 6.51683 ], [ 2.29849, 6.51602 ], [ 2.29912, 6.51565 ], [ 2.29994, 6.51593 ], [ 2.3003, 6.51529 ], [ 2.30075, 6.51529 ], [ 2.30075, 6.51493 ], [ 2.30003, 6.51502 ], [ 2.29949, 6.51466 ], [ 2.29931, 6.51385 ], [ 2.29976, 6.51357 ], [ 2.2994, 6.51321 ], [ 2.29877, 6.51375 ], [ 2.29813, 6.51357 ], [ 2.29786, 6.51276 ], [ 2.29822, 6.51231 ], [ 2.29868, 6.51285 ], [ 2.29922, 6.51285 ], [ 2.29886, 6.51185 ], [ 2.29786, 6.51185 ], [ 2.29723, 6.51095 ], [ 2.29696, 6.51095 ], [ 2.29714, 6.51185 ], [ 2.29623, 6.51185 ], [ 2.29578, 6.51131 ], [ 2.29615, 6.5104 ], [ 2.29551, 6.51049 ], [ 2.29515, 6.50968 ], [ 2.29479, 6.50995 ], [ 2.29407, 6.50977 ], [ 2.2938, 6.50904 ], [ 2.29307, 6.50868 ], [ 2.29307, 6.50805 ], [ 2.29199, 6.50832 ], [ 2.2919, 6.50786 ], [ 2.29154, 6.50786 ], [ 2.29117, 6.50822 ], [ 2.29135, 6.50895 ], [ 2.29063, 6.50868 ], [ 2.28991, 6.50904 ], [ 2.29045, 6.50958 ], [ 2.29144, 6.50895 ], [ 2.29235, 6.50931 ], [ 2.2918, 6.51112 ], [ 2.29235, 6.51139 ], [ 2.29289, 6.51094 ], [ 2.29316, 6.51139 ], [ 2.29244, 6.51166 ], [ 2.29153, 6.51266 ], [ 2.29243, 6.51365 ], [ 2.29406, 6.51348 ], [ 2.29461, 6.51293 ], [ 2.29542, 6.51284 ], [ 2.29506, 6.51167 ], [ 2.29406, 6.51221 ], [ 2.29352, 6.51176 ], [ 2.2937, 6.51121 ], [ 2.29542, 6.51122 ], [ 2.29614, 6.51185 ], [ 2.2956, 6.51284 ], [ 2.29605, 6.51366 ], [ 2.29551, 6.51556 ], [ 2.29578, 6.51628 ], [ 2.29442, 6.51782 ], [ 2.29514, 6.51818 ], [ 2.29577, 6.52063 ], [ 2.2974, 6.52027 ], [ 2.29785, 6.52108 ], [ 2.29749, 6.52162 ], [ 2.2964, 6.52108 ], [ 2.29514, 6.52117 ], [ 2.29532, 6.52189 ], [ 2.29477, 6.52216 ], [ 2.29477, 6.52099 ], [ 2.29432, 6.52089 ], [ 2.29432, 6.52207 ], [ 2.29333, 6.52216 ], [ 2.29278, 6.52107 ], [ 2.29324, 6.52008 ], [ 2.29306, 6.51917 ], [ 2.29351, 6.5189 ], [ 2.29387, 6.51972 ], [ 2.29423, 6.51945 ], [ 2.29442, 6.51872 ], [ 2.29387, 6.51836 ], [ 2.29406, 6.51773 ], [ 2.29379, 6.51728 ], [ 2.29469, 6.5171 ], [ 2.29505, 6.51556 ], [ 2.29324, 6.51546 ], [ 2.29189, 6.51601 ], [ 2.29162, 6.51646 ], [ 2.29216, 6.51727 ], [ 2.29179, 6.51763 ], [ 2.29071, 6.51745 ], [ 2.29161, 6.51881 ], [ 2.29224, 6.51908 ], [ 2.29233, 6.51972 ], [ 2.29288, 6.51999 ], [ 2.29206, 6.52053 ], [ 2.29206, 6.52152 ], [ 2.29179, 6.5218 ], [ 2.29116, 6.52161 ], [ 2.29116, 6.52207 ], [ 2.29287, 6.52352 ], [ 2.29278, 6.52388 ], [ 2.29359, 6.52478 ], [ 2.29332, 6.52551 ], [ 2.29414, 6.52515 ], [ 2.2945, 6.52542 ], [ 2.29459, 6.52632 ], [ 2.29549, 6.52605 ], [ 2.29513, 6.5265 ], [ 2.2945, 6.52641 ], [ 2.29522, 6.52723 ], [ 2.29477, 6.52804 ], [ 2.29531, 6.52877 ], [ 2.29504, 6.52904 ], [ 2.29422, 6.52858 ], [ 2.29314, 6.52876 ], [ 2.29305, 6.52849 ], [ 2.29368, 6.52813 ], [ 2.29359, 6.52732 ], [ 2.29314, 6.52723 ], [ 2.29305, 6.52668 ], [ 2.29341, 6.52614 ], [ 2.29233, 6.52614 ], [ 2.29197, 6.52487 ], [ 2.29133, 6.52514 ], [ 2.29142, 6.52333 ], [ 2.29016, 6.52333 ], [ 2.2897, 6.52414 ], [ 2.28889, 6.52378 ], [ 2.28962, 6.52351 ], [ 2.2898, 6.52225 ], [ 2.28926, 6.52206 ], [ 2.28944, 6.52279 ], [ 2.28907, 6.52297 ], [ 2.28898, 6.52233 ], [ 2.28799, 6.52188 ], [ 2.28844, 6.52134 ], [ 2.28699, 6.52179 ], [ 2.28654, 6.52061 ], [ 2.28582, 6.52034 ], [ 2.28537, 6.51808 ], [ 2.28483, 6.51826 ], [ 2.28501, 6.5188 ], [ 2.28401, 6.51916 ], [ 2.28374, 6.51871 ], [ 2.28483, 6.51799 ], [ 2.28338, 6.51717 ], [ 2.28338, 6.51627 ], [ 2.28221, 6.51572 ], [ 2.2823, 6.51536 ], [ 2.28339, 6.51536 ], [ 2.28357, 6.51599 ], [ 2.28528, 6.51573 ], [ 2.2852, 6.51473 ], [ 2.2861, 6.5141 ], [ 2.2861, 6.51356 ], [ 2.28547, 6.51337 ], [ 2.28565, 6.51274 ], [ 2.28529, 6.51229 ], [ 2.28556, 6.51193 ], [ 2.28692, 6.5122 ], [ 2.28701, 6.51175 ], [ 2.28502, 6.51102 ], [ 2.28547, 6.51084 ], [ 2.28574, 6.51003 ], [ 2.28547, 6.50921 ], [ 2.28493, 6.50984 ], [ 2.28493, 6.51084 ], [ 2.28394, 6.50993 ], [ 2.28394, 6.50948 ], [ 2.28475, 6.50912 ], [ 2.28475, 6.50867 ], [ 2.2852, 6.50867 ], [ 2.28548, 6.50749 ], [ 2.28638, 6.5074 ], [ 2.28692, 6.50831 ], [ 2.28738, 6.50768 ], [ 2.28792, 6.50786 ], [ 2.28765, 6.50713 ], [ 2.28575, 6.50641 ], [ 2.28494, 6.50695 ], [ 2.28512, 6.50767 ], [ 2.28466, 6.50849 ], [ 2.28394, 6.50876 ], [ 2.28403, 6.50695 ], [ 2.2834, 6.50785 ], [ 2.2824, 6.5074 ], [ 2.28286, 6.50658 ], [ 2.28222, 6.50577 ], [ 2.28231, 6.50496 ], [ 2.28168, 6.50468 ], [ 2.28078, 6.5055 ], [ 2.2805, 6.5064 ], [ 2.28014, 6.5064 ], [ 2.27996, 6.50595 ], [ 2.27942, 6.50613 ], [ 2.28023, 6.50667 ], [ 2.27996, 6.50758 ], [ 2.28077, 6.50731 ], [ 2.28077, 6.50785 ], [ 2.27951, 6.50884 ], [ 2.27905, 6.50812 ], [ 2.2786, 6.50812 ], [ 2.2786, 6.50857 ], [ 2.27788, 6.5083 ], [ 2.27742, 6.50893 ], [ 2.27697, 6.50893 ], [ 2.27643, 6.50866 ], [ 2.27634, 6.50802 ], [ 2.27553, 6.50757 ], [ 2.27489, 6.50775 ], [ 2.27499, 6.50648 ], [ 2.27553, 6.50549 ], [ 2.27526, 6.50467 ], [ 2.27481, 6.50449 ], [ 2.27454, 6.5025 ], [ 2.27454, 6.50178 ], [ 2.27517, 6.50142 ], [ 2.27508, 6.50115 ], [ 2.27463, 6.50096 ], [ 2.27391, 6.50187 ], [ 2.27346, 6.50096 ], [ 2.27264, 6.50096 ], [ 2.27246, 6.50141 ], [ 2.273, 6.50178 ], [ 2.27246, 6.50187 ], [ 2.27228, 6.50259 ], [ 2.27164, 6.50295 ], [ 2.27074, 6.50232 ], [ 2.27029, 6.5015 ], [ 2.27038, 6.50096 ], [ 2.27101, 6.50141 ], [ 2.27156, 6.50132 ], [ 2.27056, 6.50032 ], [ 2.27138, 6.50033 ], [ 2.27111, 6.49969 ], [ 2.27147, 6.49987 ], [ 2.27192, 6.49942 ], [ 2.27093, 6.49806 ], [ 2.2702, 6.49788 ], [ 2.26966, 6.4986 ], [ 2.26848, 6.49896 ], [ 2.2674, 6.49842 ], [ 2.26695, 6.4977 ], [ 2.26686, 6.49842 ], [ 2.26595, 6.49932 ], [ 2.26523, 6.49923 ], [ 2.26514, 6.49887 ], [ 2.2655, 6.49887 ], [ 2.26559, 6.49842 ], [ 2.26496, 6.49787 ], [ 2.26487, 6.49724 ], [ 2.26532, 6.49697 ], [ 2.26496, 6.49643 ], [ 2.26505, 6.49579 ], [ 2.26596, 6.49588 ], [ 2.26623, 6.49525 ], [ 2.26542, 6.49462 ], [ 2.26433, 6.49444 ], [ 2.26515, 6.49308 ], [ 2.26397, 6.49335 ], [ 2.2637, 6.49217 ], [ 2.26406, 6.49163 ], [ 2.26334, 6.49136 ], [ 2.26252, 6.49181 ], [ 2.26253, 6.49127 ], [ 2.26216, 6.49108 ], [ 2.26244, 6.49036 ], [ 2.26171, 6.49054 ], [ 2.2609, 6.48964 ], [ 2.26045, 6.48973 ], [ 2.2609, 6.49045 ], [ 2.25999, 6.49181 ], [ 2.2599, 6.49253 ], [ 2.26044, 6.49271 ], [ 2.26198, 6.49217 ], [ 2.26234, 6.49271 ], [ 2.26189, 6.49335 ], [ 2.26144, 6.49289 ], [ 2.2608, 6.49334 ], [ 2.26107, 6.49407 ], [ 2.2608, 6.4947 ], [ 2.26017, 6.49488 ], [ 2.26053, 6.49552 ], [ 2.26035, 6.49579 ], [ 2.25981, 6.49551 ], [ 2.2599, 6.49497 ], [ 2.25908, 6.49425 ], [ 2.25818, 6.49434 ], [ 2.258, 6.49406 ], [ 2.25746, 6.49488 ], [ 2.25592, 6.49506 ], [ 2.25538, 6.49469 ], [ 2.2552, 6.49388 ], [ 2.25465, 6.49415 ], [ 2.25447, 6.49361 ], [ 2.25411, 6.49424 ], [ 2.2532, 6.49433 ], [ 2.25339, 6.49478 ], [ 2.25447, 6.49451 ], [ 2.2551, 6.49533 ], [ 2.257, 6.49551 ], [ 2.257, 6.49587 ], [ 2.25592, 6.49623 ], [ 2.25528, 6.49696 ], [ 2.256, 6.49777 ], [ 2.25483, 6.49822 ], [ 2.25356, 6.49759 ], [ 2.25293, 6.49876 ], [ 2.25248, 6.49849 ], [ 2.25193, 6.49867 ], [ 2.25238, 6.49985 ], [ 2.25184, 6.50021 ], [ 2.25175, 6.49948 ], [ 2.25103, 6.49966 ], [ 2.25021, 6.4984 ], [ 2.24994, 6.49957 ], [ 2.24922, 6.49993 ], [ 2.24949, 6.50047 ], [ 2.24876, 6.50038 ], [ 2.24822, 6.50156 ], [ 2.24768, 6.50174 ], [ 2.24759, 6.50074 ], [ 2.24813, 6.50074 ], [ 2.24831, 6.50029 ], [ 2.24759, 6.49993 ], [ 2.24786, 6.49957 ], [ 2.24849, 6.49984 ], [ 2.2484, 6.49894 ], [ 2.24786, 6.49875 ], [ 2.24813, 6.49794 ], [ 2.24868, 6.49794 ], [ 2.24841, 6.49821 ], [ 2.24859, 6.49866 ], [ 2.24895, 6.49866 ], [ 2.24895, 6.49803 ], [ 2.24958, 6.49839 ], [ 2.24985, 6.49767 ], [ 2.24949, 6.49704 ], [ 2.25013, 6.49704 ], [ 2.25076, 6.49803 ], [ 2.25139, 6.49803 ], [ 2.25103, 6.49577 ], [ 2.25176, 6.49487 ], [ 2.25221, 6.49487 ], [ 2.25194, 6.49424 ], [ 2.2514, 6.49424 ], [ 2.25158, 6.49369 ], [ 2.25203, 6.49324 ], [ 2.25293, 6.49369 ], [ 2.25366, 6.49342 ], [ 2.2533, 6.49288 ], [ 2.25266, 6.49288 ], [ 2.25285, 6.49189 ], [ 2.2523, 6.49179 ], [ 2.25212, 6.49225 ], [ 2.25113, 6.49261 ], [ 2.25112, 6.49414 ], [ 2.25004, 6.49414 ], [ 2.25004, 6.49342 ], [ 2.24959, 6.49315 ], [ 2.24868, 6.4936 ], [ 2.24814, 6.49269 ], [ 2.24932, 6.49242 ], [ 2.24941, 6.49161 ], [ 2.24986, 6.4917 ], [ 2.24977, 6.49242 ], [ 2.25004, 6.49242 ], [ 2.25059, 6.49125 ], [ 2.25059, 6.48935 ], [ 2.25032, 6.48872 ], [ 2.2495, 6.48962 ], [ 2.24806, 6.48935 ], [ 2.24833, 6.48971 ], [ 2.24778, 6.49097 ], [ 2.24833, 6.49115 ], [ 2.2476, 6.49143 ], [ 2.24742, 6.49061 ], [ 2.24797, 6.48916 ], [ 2.24724, 6.48862 ], [ 2.24788, 6.48862 ], [ 2.24824, 6.48817 ], [ 2.24715, 6.48781 ], [ 2.24697, 6.48717 ], [ 2.24607, 6.48799 ], [ 2.24661, 6.48889 ], [ 2.24598, 6.48898 ], [ 2.24643, 6.4897 ], [ 2.24661, 6.48898 ], [ 2.24706, 6.48889 ], [ 2.24733, 6.48925 ], [ 2.24697, 6.4917 ], [ 2.24661, 6.4917 ], [ 2.2467, 6.49061 ], [ 2.24625, 6.49079 ], [ 2.24543, 6.49043 ], [ 2.24525, 6.48943 ], [ 2.24561, 6.48916 ], [ 2.24525, 6.48844 ], [ 2.24444, 6.48898 ], [ 2.24417, 6.48997 ], [ 2.24353, 6.48979 ], [ 2.2429, 6.49015 ], [ 2.24217, 6.49115 ], [ 2.23937, 6.48915 ], [ 2.23974, 6.48879 ], [ 2.24046, 6.48951 ], [ 2.24154, 6.48924 ], [ 2.24236, 6.48943 ], [ 2.24245, 6.48988 ], [ 2.2429, 6.48979 ], [ 2.24426, 6.48853 ], [ 2.24435, 6.48807 ], [ 2.2439, 6.48771 ], [ 2.24498, 6.48744 ], [ 2.24508, 6.48681 ], [ 2.24589, 6.48672 ], [ 2.24607, 6.48581 ], [ 2.24698, 6.48545 ], [ 2.24761, 6.48437 ], [ 2.24707, 6.48428 ], [ 2.24743, 6.48328 ], [ 2.24861, 6.48356 ], [ 2.24852, 6.4812 ], [ 2.24789, 6.48156 ], [ 2.24762, 6.48138 ], [ 2.24789, 6.48093 ], [ 2.24735, 6.48021 ], [ 2.24753, 6.47957 ], [ 2.24708, 6.47975 ], [ 2.24635, 6.47903 ], [ 2.24626, 6.47984 ], [ 2.24572, 6.48057 ], [ 2.24545, 6.47993 ], [ 2.24509, 6.47993 ], [ 2.24481, 6.48084 ], [ 2.24418, 6.48074 ], [ 2.24391, 6.48129 ], [ 2.24309, 6.48147 ], [ 2.24327, 6.48192 ], [ 2.24382, 6.48183 ], [ 2.24382, 6.48292 ], [ 2.24309, 6.48291 ], [ 2.24345, 6.48355 ], [ 2.24327, 6.48391 ], [ 2.24183, 6.48273 ], [ 2.24174, 6.4821 ], [ 2.24029, 6.48237 ], [ 2.24011, 6.48191 ], [ 2.23957, 6.4821 ], [ 2.23947, 6.48246 ], [ 2.24137, 6.48282 ], [ 2.2411, 6.48364 ], [ 2.24056, 6.48291 ], [ 2.23947, 6.48291 ], [ 2.23902, 6.48246 ], [ 2.23794, 6.48318 ], [ 2.23776, 6.48273 ], [ 2.23803, 6.48245 ], [ 2.23767, 6.482 ], [ 2.23622, 6.48119 ], [ 2.23658, 6.48037 ], [ 2.23577, 6.48064 ], [ 2.23532, 6.4801 ], [ 2.23505, 6.48019 ], [ 2.23532, 6.48109 ], [ 2.23477, 6.48254 ], [ 2.2354, 6.48272 ], [ 2.23549, 6.48317 ], [ 2.23441, 6.48308 ], [ 2.23432, 6.48163 ], [ 2.23332, 6.48236 ], [ 2.23441, 6.48118 ], [ 2.23324, 6.48064 ], [ 2.23351, 6.48028 ], [ 2.23378, 6.48064 ], [ 2.23441, 6.48064 ], [ 2.23441, 6.47983 ], [ 2.23315, 6.47964 ], [ 2.23288, 6.47865 ], [ 2.23288, 6.48009 ], [ 2.23242, 6.48064 ], [ 2.2317, 6.48055 ], [ 2.23143, 6.48127 ], [ 2.23206, 6.48172 ], [ 2.23224, 6.48236 ], [ 2.23305, 6.48263 ], [ 2.23287, 6.48317 ], [ 2.23332, 6.48389 ], [ 2.23251, 6.48398 ], [ 2.2326, 6.48335 ], [ 2.23215, 6.48317 ], [ 2.23214, 6.48453 ], [ 2.2316, 6.48489 ], [ 2.2316, 6.4838 ], [ 2.23061, 6.48299 ], [ 2.23052, 6.48452 ], [ 2.22988, 6.48371 ], [ 2.22943, 6.48389 ], [ 2.22952, 6.48443 ], [ 2.22916, 6.48398 ], [ 2.22862, 6.48452 ], [ 2.22907, 6.48534 ], [ 2.22889, 6.48606 ], [ 2.22943, 6.48642 ], [ 2.22934, 6.48715 ], [ 2.22843, 6.48714 ], [ 2.22807, 6.48669 ], [ 2.22708, 6.48714 ], [ 2.22717, 6.4866 ], [ 2.22662, 6.48642 ], [ 2.22662, 6.48787 ], [ 2.22698, 6.48841 ], [ 2.22825, 6.48877 ], [ 2.22906, 6.48787 ], [ 2.22888, 6.48977 ], [ 2.22752, 6.49022 ], [ 2.22698, 6.48968 ], [ 2.22771, 6.4895 ], [ 2.22762, 6.48904 ], [ 2.22707, 6.48913 ], [ 2.22599, 6.48786 ], [ 2.22572, 6.48786 ], [ 2.2259, 6.48859 ], [ 2.22527, 6.48786 ], [ 2.22454, 6.48868 ], [ 2.224, 6.48868 ], [ 2.22418, 6.48913 ], [ 2.22373, 6.48931 ], [ 2.22345, 6.49066 ], [ 2.22282, 6.49012 ], [ 2.22255, 6.48913 ], [ 2.2221, 6.48967 ], [ 2.22137, 6.48949 ], [ 2.22056, 6.49012 ], [ 2.22128, 6.49084 ], [ 2.22065, 6.49129 ], [ 2.22074, 6.49283 ], [ 2.22155, 6.49347 ], [ 2.22137, 6.49455 ], [ 2.22191, 6.49419 ], [ 2.22182, 6.495 ], [ 2.22146, 6.49509 ], [ 2.22055, 6.49428 ], [ 2.22082, 6.49365 ], [ 2.22046, 6.49319 ], [ 2.21974, 6.49346 ], [ 2.21929, 6.49437 ], [ 2.21902, 6.49382 ], [ 2.21929, 6.49319 ], [ 2.21938, 6.49346 ], [ 2.21983, 6.49337 ], [ 2.22037, 6.49247 ], [ 2.21992, 6.49184 ], [ 2.22002, 6.49084 ], [ 2.21965, 6.49084 ], [ 2.21956, 6.49156 ], [ 2.21884, 6.49192 ], [ 2.21875, 6.49247 ], [ 2.21811, 6.49238 ], [ 2.21829, 6.49292 ], [ 2.21947, 6.49238 ], [ 2.21965, 6.49292 ], [ 2.2182, 6.49319 ], [ 2.21829, 6.49373 ], [ 2.21775, 6.49409 ], [ 2.21757, 6.49373 ], [ 2.21793, 6.49319 ], [ 2.21757, 6.4931 ], [ 2.21684, 6.49418 ], [ 2.21666, 6.49536 ], [ 2.21702, 6.49536 ], [ 2.21693, 6.49563 ], [ 2.21901, 6.49735 ], [ 2.21973, 6.49781 ], [ 2.22019, 6.49763 ], [ 2.22018, 6.49817 ], [ 2.22353, 6.50007 ], [ 2.22732, 6.50316 ], [ 2.2275, 6.50288 ], [ 2.22787, 6.50307 ], [ 2.22796, 6.50361 ], [ 2.23103, 6.50542 ], [ 2.23085, 6.50569 ], [ 2.23157, 6.50588 ], [ 2.23311, 6.50733 ], [ 2.23347, 6.50724 ], [ 2.23383, 6.50778 ], [ 2.23455, 6.50769 ], [ 2.2341, 6.50805 ], [ 2.23455, 6.50796 ], [ 2.23464, 6.50841 ], [ 2.23482, 6.50823 ], [ 2.235, 6.50869 ], [ 2.23573, 6.50887 ], [ 2.23663, 6.50986 ], [ 2.23681, 6.50932 ], [ 2.23699, 6.51014 ], [ 2.23771, 6.51032 ], [ 2.23771, 6.51068 ], [ 2.23844, 6.51086 ], [ 2.23997, 6.51231 ], [ 2.24033, 6.51195 ], [ 2.24088, 6.51295 ], [ 2.24151, 6.51313 ], [ 2.24223, 6.51394 ], [ 2.2425, 6.51358 ], [ 2.24268, 6.51422 ], [ 2.24304, 6.51413 ], [ 2.24313, 6.51458 ], [ 2.24467, 6.51567 ], [ 2.24503, 6.51549 ], [ 2.24485, 6.51485 ], [ 2.24639, 6.51449 ], [ 2.24702, 6.5154 ], [ 2.24639, 6.51757 ], [ 2.2472, 6.51911 ], [ 2.24747, 6.52218 ], [ 2.24792, 6.52282 ], [ 2.24773, 6.52327 ], [ 2.24801, 6.52327 ], [ 2.24773, 6.52372 ], [ 2.24828, 6.52372 ], [ 2.24773, 6.5239 ], [ 2.24828, 6.52445 ], [ 2.248, 6.52472 ], [ 2.24846, 6.5249 ], [ 2.24827, 6.52526 ], [ 2.24873, 6.52508 ], [ 2.24855, 6.52571 ], [ 2.24936, 6.52725 ], [ 2.24972, 6.52734 ], [ 2.25017, 6.5287 ], [ 2.25089, 6.52925 ], [ 2.25098, 6.52997 ], [ 2.25134, 6.52997 ], [ 2.25107, 6.53033 ], [ 2.2517, 6.53133 ], [ 2.25215, 6.5335 ], [ 2.2526, 6.53377 ], [ 2.25269, 6.53341 ], [ 2.25269, 6.53386 ], [ 2.25242, 6.53422 ], [ 2.25287, 6.53422 ], [ 2.25251, 6.53449 ], [ 2.25287, 6.53468 ], [ 2.25278, 6.53531 ], [ 2.25314, 6.53531 ], [ 2.25323, 6.53667 ], [ 2.25396, 6.53667 ], [ 2.25332, 6.53676 ], [ 2.25332, 6.53703 ], [ 2.25396, 6.53748 ], [ 2.25359, 6.53775 ], [ 2.25414, 6.53775 ], [ 2.25377, 6.53784 ], [ 2.25386, 6.53857 ], [ 2.25413, 6.53911 ], [ 2.2545, 6.53911 ], [ 2.25413, 6.53929 ], [ 2.25522, 6.54183 ], [ 2.25521, 6.54273 ], [ 2.25467, 6.54373 ], [ 2.25702, 6.54391 ], [ 2.25711, 6.54418 ], [ 2.25747, 6.54391 ], [ 2.25747, 6.54427 ], [ 2.25793, 6.544 ], [ 2.25793, 6.54427 ], [ 2.25883, 6.54455 ], [ 2.26046, 6.54473 ], [ 2.26407, 6.54926 ], [ 2.26461, 6.54944 ], [ 2.2647, 6.54998 ], [ 2.26506, 6.54998 ], [ 2.26497, 6.55035 ], [ 2.26615, 6.55125 ], [ 2.26633, 6.55189 ], [ 2.26831, 6.55406 ], [ 2.26922, 6.55451 ], [ 2.26913, 6.55487 ], [ 2.26967, 6.55515 ], [ 2.26976, 6.5556 ], [ 2.27012, 6.55551 ], [ 2.26994, 6.55578 ], [ 2.27274, 6.55841 ], [ 2.27274, 6.55886 ], [ 2.27355, 6.55977 ], [ 2.27455, 6.56022 ], [ 2.27527, 6.56104 ], [ 2.27572, 6.56104 ], [ 2.27635, 6.56194 ], [ 2.27789, 6.56276 ], [ 2.27852, 6.56357 ], [ 2.28006, 6.56412 ], [ 2.27997, 6.56439 ], [ 2.28078, 6.5643 ], [ 2.28042, 6.56457 ], [ 2.2806, 6.56475 ], [ 2.2825, 6.56512 ], [ 2.28268, 6.56557 ], [ 2.28295, 6.5653 ], [ 2.28331, 6.56584 ], [ 2.28368, 6.56548 ], [ 2.28458, 6.56575 ], [ 2.28494, 6.56503 ], [ 2.28422, 6.56431 ], [ 2.28368, 6.56467 ], [ 2.28323, 6.56448 ], [ 2.28368, 6.56358 ], [ 2.28296, 6.5624 ], [ 2.28368, 6.56204 ], [ 2.28422, 6.56313 ], [ 2.28486, 6.56304 ], [ 2.2854, 6.56241 ], [ 2.2863, 6.56322 ], [ 2.28748, 6.56268 ], [ 2.28766, 6.56304 ], [ 2.28648, 6.56404 ], [ 2.28657, 6.56494 ], [ 2.28793, 6.5644 ], [ 2.28775, 6.5654 ], [ 2.28802, 6.56576 ], [ 2.28847, 6.56558 ], [ 2.28847, 6.56621 ], [ 2.28883, 6.56594 ], [ 2.28874, 6.56522 ] ], [ [ 2.28459, 6.56096 ], [ 2.28613, 6.5606 ], [ 2.28658, 6.56123 ], [ 2.28621, 6.56177 ], [ 2.28459, 6.56186 ], [ 2.28459, 6.56096 ] ], [ [ 2.27807, 6.56122 ], [ 2.27871, 6.56041 ], [ 2.2778, 6.55977 ], [ 2.27817, 6.55941 ], [ 2.27817, 6.55833 ], [ 2.27717, 6.55787 ], [ 2.27699, 6.55742 ], [ 2.27772, 6.55697 ], [ 2.27763, 6.55516 ], [ 2.2779, 6.55516 ], [ 2.27799, 6.55579 ], [ 2.2788, 6.55579 ], [ 2.27862, 6.55697 ], [ 2.27916, 6.55733 ], [ 2.27953, 6.55679 ], [ 2.27899, 6.55552 ], [ 2.28016, 6.55426 ], [ 2.28061, 6.55571 ], [ 2.28052, 6.55688 ], [ 2.27998, 6.55733 ], [ 2.27935, 6.55733 ], [ 2.27925, 6.55769 ], [ 2.28007, 6.55769 ], [ 2.28034, 6.55806 ], [ 2.27934, 6.55869 ], [ 2.27871, 6.55869 ], [ 2.27898, 6.55941 ], [ 2.27943, 6.55932 ], [ 2.2797, 6.55968 ], [ 2.27907, 6.56095 ], [ 2.27807, 6.56122 ] ], [ [ 2.28088, 6.5605 ], [ 2.28061, 6.55878 ], [ 2.2807, 6.55824 ], [ 2.28133, 6.55851 ], [ 2.28206, 6.56014 ], [ 2.28088, 6.5605 ] ], [ [ 2.27392, 6.55877 ], [ 2.27473, 6.55778 ], [ 2.27428, 6.55714 ], [ 2.27347, 6.55759 ], [ 2.27383, 6.55678 ], [ 2.27347, 6.55524 ], [ 2.27383, 6.55443 ], [ 2.27311, 6.5547 ], [ 2.27311, 6.55352 ], [ 2.27338, 6.55334 ], [ 2.27392, 6.55416 ], [ 2.27428, 6.55416 ], [ 2.27429, 6.55343 ], [ 2.27501, 6.55362 ], [ 2.27628, 6.55326 ], [ 2.27664, 6.55389 ], [ 2.27754, 6.55425 ], [ 2.27664, 6.55425 ], [ 2.27691, 6.55525 ], [ 2.27654, 6.55552 ], [ 2.27555, 6.55561 ], [ 2.27519, 6.55488 ], [ 2.27474, 6.55506 ], [ 2.27455, 6.55669 ], [ 2.27555, 6.55733 ], [ 2.27545, 6.55805 ], [ 2.27582, 6.55859 ], [ 2.27554, 6.55905 ], [ 2.27419, 6.55941 ], [ 2.27392, 6.55877 ] ], [ [ 2.28133, 6.55797 ], [ 2.28152, 6.55661 ], [ 2.28288, 6.55607 ], [ 2.28296, 6.55661 ], [ 2.2836, 6.55707 ], [ 2.2836, 6.55761 ], [ 2.28323, 6.55779 ], [ 2.28251, 6.55688 ], [ 2.28206, 6.55725 ], [ 2.28242, 6.55797 ], [ 2.28224, 6.55842 ], [ 2.28133, 6.55797 ] ], [ [ 2.28098, 6.55534 ], [ 2.28107, 6.55426 ], [ 2.2817, 6.55372 ], [ 2.28098, 6.55344 ], [ 2.28161, 6.5529 ], [ 2.28252, 6.55381 ], [ 2.28197, 6.55462 ], [ 2.28143, 6.55453 ], [ 2.28125, 6.55543 ], [ 2.28098, 6.55534 ] ], [ [ 2.27637, 6.55271 ], [ 2.27601, 6.55172 ], [ 2.27628, 6.55099 ], [ 2.27664, 6.55109 ], [ 2.27673, 6.55172 ], [ 2.27718, 6.55181 ], [ 2.27727, 6.55136 ], [ 2.27673, 6.551 ], [ 2.27709, 6.55027 ], [ 2.278, 6.54973 ], [ 2.27845, 6.55009 ], [ 2.27918, 6.55 ], [ 2.27927, 6.55028 ], [ 2.27872, 6.55027 ], [ 2.27863, 6.551 ], [ 2.27809, 6.55127 ], [ 2.27818, 6.55172 ], [ 2.27935, 6.55227 ], [ 2.27917, 6.55299 ], [ 2.27881, 6.55308 ], [ 2.27845, 6.55235 ], [ 2.277, 6.55308 ], [ 2.27637, 6.55271 ] ], [ [ 2.27483, 6.55208 ], [ 2.27293, 6.55018 ], [ 2.27257, 6.55045 ], [ 2.2723, 6.55017 ], [ 2.27311, 6.54963 ], [ 2.27393, 6.54963 ], [ 2.27402, 6.55045 ], [ 2.27456, 6.55045 ], [ 2.27447, 6.55135 ], [ 2.27492, 6.55145 ], [ 2.2751, 6.55099 ], [ 2.27537, 6.55117 ], [ 2.27483, 6.55208 ] ], [ [ 2.27944, 6.55154 ], [ 2.27954, 6.55046 ], [ 2.28062, 6.55019 ], [ 2.28035, 6.55181 ], [ 2.27944, 6.55154 ] ], [ [ 2.28523, 6.55065 ], [ 2.28397, 6.55055 ], [ 2.28424, 6.54938 ], [ 2.28379, 6.54902 ], [ 2.28388, 6.54829 ], [ 2.28451, 6.54838 ], [ 2.28488, 6.54902 ], [ 2.28605, 6.54875 ], [ 2.28623, 6.54911 ], [ 2.28587, 6.54956 ], [ 2.28614, 6.55019 ], [ 2.28533, 6.55019 ], [ 2.28497, 6.5492 ], [ 2.28442, 6.54983 ], [ 2.28515, 6.55019 ], [ 2.28523, 6.55065 ] ], [ [ 2.28633, 6.54359 ], [ 2.2866, 6.54223 ], [ 2.28688, 6.54223 ], [ 2.28696, 6.54287 ], [ 2.28724, 6.54242 ], [ 2.28805, 6.54269 ], [ 2.28742, 6.54404 ], [ 2.28678, 6.54404 ], [ 2.28633, 6.54359 ] ], [ [ 2.2743, 6.54023 ], [ 2.27539, 6.5395 ], [ 2.27566, 6.53987 ], [ 2.27675, 6.53987 ], [ 2.2762, 6.54059 ], [ 2.27521, 6.54068 ], [ 2.27566, 6.54005 ], [ 2.27503, 6.54005 ], [ 2.27467, 6.54068 ], [ 2.27412, 6.54077 ], [ 2.2743, 6.54023 ] ], [ [ 2.28787, 6.54034 ], [ 2.28833, 6.53871 ], [ 2.28959, 6.53925 ], [ 2.28995, 6.53989 ], [ 2.28787, 6.54034 ] ], [ [ 2.2962, 6.53637 ], [ 2.29647, 6.5351 ], [ 2.29448, 6.53437 ], [ 2.29458, 6.5341 ], [ 2.29539, 6.53383 ], [ 2.29611, 6.53438 ], [ 2.29702, 6.53356 ], [ 2.29774, 6.53347 ], [ 2.29811, 6.53266 ], [ 2.29847, 6.53302 ], [ 2.301, 6.53303 ], [ 2.30091, 6.53339 ], [ 2.29946, 6.53321 ], [ 2.3, 6.53375 ], [ 2.301, 6.53366 ], [ 2.30027, 6.53411 ], [ 2.30036, 6.53465 ], [ 2.29991, 6.53547 ], [ 2.29765, 6.53501 ], [ 2.29801, 6.53574 ], [ 2.29756, 6.53664 ], [ 2.2962, 6.53637 ] ], [ [ 2.29829, 6.5304 ], [ 2.29784, 6.5294 ], [ 2.29729, 6.5304 ], [ 2.29748, 6.52986 ], [ 2.29703, 6.52904 ], [ 2.29748, 6.52859 ], [ 2.29856, 6.52913 ], [ 2.29865, 6.5304 ], [ 2.29829, 6.5304 ] ], [ [ 2.27414, 6.53 ], [ 2.27504, 6.52928 ], [ 2.27541, 6.52865 ], [ 2.27604, 6.52865 ], [ 2.27613, 6.52937 ], [ 2.27549, 6.53019 ], [ 2.27459, 6.53028 ], [ 2.27414, 6.53 ] ], [ [ 2.27523, 6.5282 ], [ 2.27586, 6.52738 ], [ 2.27613, 6.52621 ], [ 2.27713, 6.52711 ], [ 2.27776, 6.52711 ], [ 2.27704, 6.52784 ], [ 2.27595, 6.52783 ], [ 2.27559, 6.52838 ], [ 2.27523, 6.5282 ] ], [ [ 2.28808, 6.52532 ], [ 2.28681, 6.52505 ], [ 2.2869, 6.52405 ], [ 2.285, 6.5236 ], [ 2.28564, 6.52224 ], [ 2.28754, 6.52269 ], [ 2.28717, 6.52333 ], [ 2.28735, 6.52459 ], [ 2.28781, 6.52423 ], [ 2.28817, 6.5246 ], [ 2.28916, 6.52423 ], [ 2.28907, 6.52514 ], [ 2.28871, 6.52523 ], [ 2.28907, 6.52577 ], [ 2.28844, 6.52604 ], [ 2.28853, 6.52641 ], [ 2.28808, 6.52532 ] ], [ [ 2.25253, 6.52373 ], [ 2.25289, 6.52373 ], [ 2.25289, 6.52328 ], [ 2.25253, 6.52301 ], [ 2.25208, 6.524 ], [ 2.25163, 6.52282 ], [ 2.25244, 6.52237 ], [ 2.25217, 6.52083 ], [ 2.2528, 6.52056 ], [ 2.25299, 6.51984 ], [ 2.25389, 6.51975 ], [ 2.25398, 6.52075 ], [ 2.25443, 6.52066 ], [ 2.25479, 6.5212 ], [ 2.25579, 6.52147 ], [ 2.25597, 6.52202 ], [ 2.25642, 6.52211 ], [ 2.25615, 6.52247 ], [ 2.25479, 6.5221 ], [ 2.25434, 6.52256 ], [ 2.25425, 6.52382 ], [ 2.25343, 6.52355 ], [ 2.25253, 6.52436 ], [ 2.25253, 6.52373 ] ], [ [ 2.26456, 6.52329 ], [ 2.26411, 6.52257 ], [ 2.26474, 6.52203 ], [ 2.26547, 6.52194 ], [ 2.26619, 6.52248 ], [ 2.26501, 6.52339 ], [ 2.26411, 6.52357 ], [ 2.26456, 6.52329 ] ], [ [ 2.27452, 6.51453 ], [ 2.27443, 6.51345 ], [ 2.27389, 6.51309 ], [ 2.27398, 6.51236 ], [ 2.27435, 6.51182 ], [ 2.27525, 6.51218 ], [ 2.27534, 6.51119 ], [ 2.2748, 6.51082 ], [ 2.27525, 6.51019 ], [ 2.27633, 6.51246 ], [ 2.27769, 6.513 ], [ 2.27688, 6.51309 ], [ 2.27651, 6.51363 ], [ 2.27543, 6.51363 ], [ 2.27515, 6.5149 ], [ 2.27452, 6.51453 ] ], [ [ 2.25988, 6.50981 ], [ 2.26024, 6.50954 ], [ 2.25997, 6.50863 ], [ 2.26187, 6.50909 ], [ 2.26141, 6.51017 ], [ 2.26006, 6.51044 ], [ 2.25988, 6.50981 ] ], [ [ 2.26323, 6.50764 ], [ 2.26205, 6.50737 ], [ 2.26196, 6.50619 ], [ 2.26332, 6.50737 ], [ 2.26377, 6.50737 ], [ 2.26287, 6.50656 ], [ 2.26287, 6.50601 ], [ 2.26495, 6.50602 ], [ 2.26594, 6.5071 ], [ 2.26612, 6.50783 ], [ 2.26558, 6.50837 ], [ 2.26512, 6.50774 ], [ 2.26395, 6.50737 ], [ 2.26377, 6.50755 ], [ 2.26431, 6.50828 ], [ 2.26331, 6.50837 ], [ 2.26323, 6.50764 ] ], [ [ 2.25391, 6.506 ], [ 2.25427, 6.50501 ], [ 2.2541, 6.50347 ], [ 2.25464, 6.50329 ], [ 2.25518, 6.50383 ], [ 2.25464, 6.50428 ], [ 2.25527, 6.50528 ], [ 2.25473, 6.50546 ], [ 2.25436, 6.50609 ], [ 2.25391, 6.506 ] ], [ [ 2.23148, 6.5047 ], [ 2.23157, 6.50398 ], [ 2.23049, 6.50416 ], [ 2.23058, 6.50361 ], [ 2.22958, 6.50343 ], [ 2.22913, 6.5028 ], [ 2.22995, 6.50307 ], [ 2.23013, 6.50253 ], [ 2.22986, 6.50216 ], [ 2.23049, 6.50198 ], [ 2.23103, 6.50235 ], [ 2.23049, 6.50289 ], [ 2.23139, 6.50379 ], [ 2.23148, 6.50334 ], [ 2.23329, 6.50316 ], [ 2.23347, 6.50262 ], [ 2.23402, 6.50271 ], [ 2.23411, 6.50362 ], [ 2.23347, 6.50389 ], [ 2.23311, 6.50353 ], [ 2.23212, 6.50352 ], [ 2.23211, 6.50488 ], [ 2.23148, 6.5047 ] ], [ [ 2.26721, 6.50385 ], [ 2.26658, 6.50222 ], [ 2.26676, 6.5015 ], [ 2.26613, 6.50158 ], [ 2.26568, 6.50104 ], [ 2.26577, 6.50059 ], [ 2.26622, 6.50068 ], [ 2.26622, 6.50131 ], [ 2.26694, 6.50104 ], [ 2.26776, 6.50123 ], [ 2.26776, 6.50195 ], [ 2.26821, 6.50159 ], [ 2.26875, 6.50177 ], [ 2.26839, 6.5024 ], [ 2.26875, 6.50276 ], [ 2.26821, 6.50294 ], [ 2.26757, 6.50385 ], [ 2.26721, 6.50385 ] ], [ [ 2.24252, 6.50345 ], [ 2.2418, 6.50272 ], [ 2.24062, 6.50318 ], [ 2.24035, 6.50218 ], [ 2.24008, 6.50227 ], [ 2.24017, 6.50336 ], [ 2.23926, 6.50326 ], [ 2.23899, 6.50245 ], [ 2.23836, 6.50263 ], [ 2.23845, 6.50218 ], [ 2.23899, 6.50191 ], [ 2.2389, 6.50073 ], [ 2.23972, 6.501 ], [ 2.24035, 6.50037 ], [ 2.24008, 6.49892 ], [ 2.24045, 6.49856 ], [ 2.24053, 6.49901 ], [ 2.24171, 6.49929 ], [ 2.24216, 6.5001 ], [ 2.24234, 6.49974 ], [ 2.24298, 6.5001 ], [ 2.24216, 6.50037 ], [ 2.24234, 6.50083 ], [ 2.24288, 6.50037 ], [ 2.24352, 6.50056 ], [ 2.24352, 6.50101 ], [ 2.24288, 6.50137 ], [ 2.24153, 6.50073 ], [ 2.24098, 6.50173 ], [ 2.24125, 6.50209 ], [ 2.24171, 6.50182 ], [ 2.24243, 6.502 ], [ 2.24306, 6.50318 ], [ 2.24351, 6.50246 ], [ 2.24397, 6.50264 ], [ 2.24369, 6.50372 ], [ 2.24315, 6.50336 ], [ 2.24252, 6.50345 ] ], [ [ 2.26079, 6.50321 ], [ 2.26052, 6.50221 ], [ 2.26242, 6.50004 ], [ 2.26242, 6.4995 ], [ 2.26324, 6.49986 ], [ 2.26296, 6.50095 ], [ 2.26333, 6.50068 ], [ 2.26405, 6.50086 ], [ 2.26468, 6.50032 ], [ 2.26532, 6.50059 ], [ 2.26513, 6.5014 ], [ 2.26577, 6.50149 ], [ 2.26568, 6.50204 ], [ 2.26432, 6.50303 ], [ 2.26305, 6.50258 ], [ 2.26169, 6.50357 ], [ 2.26079, 6.50321 ] ], [ [ 2.23257, 6.50244 ], [ 2.23085, 6.50208 ], [ 2.23067, 6.50162 ], [ 2.23121, 6.5018 ], [ 2.23185, 6.50135 ], [ 2.23122, 6.50072 ], [ 2.23185, 6.50018 ], [ 2.23113, 6.50009 ], [ 2.23104, 6.49972 ], [ 2.2314, 6.49909 ], [ 2.2323, 6.49882 ], [ 2.23203, 6.49927 ], [ 2.23257, 6.49964 ], [ 2.2323, 6.50045 ], [ 2.23321, 6.50108 ], [ 2.2323, 6.5009 ], [ 2.23194, 6.50117 ], [ 2.23257, 6.50244 ] ], [ [ 2.26884, 6.50159 ], [ 2.26911, 6.50087 ], [ 2.26803, 6.50086 ], [ 2.26794, 6.50023 ], [ 2.2674, 6.50014 ], [ 2.26731, 6.49978 ], [ 2.26857, 6.49996 ], [ 2.26903, 6.49924 ], [ 2.26993, 6.49897 ], [ 2.27011, 6.49842 ], [ 2.27084, 6.49843 ], [ 2.2702, 6.50005 ], [ 2.26966, 6.5005 ], [ 2.27011, 6.50096 ], [ 2.2693, 6.50096 ], [ 2.26966, 6.50195 ], [ 2.26884, 6.50159 ] ], [ [ 2.23637, 6.5019 ], [ 2.23465, 6.50172 ], [ 2.23474, 6.5009 ], [ 2.23438, 6.50054 ], [ 2.23357, 6.5009 ], [ 2.23384, 6.50045 ], [ 2.23366, 6.50018 ], [ 2.23303, 6.50036 ], [ 2.23303, 6.49955 ], [ 2.23366, 6.49927 ], [ 2.23384, 6.50018 ], [ 2.2342, 6.50045 ], [ 2.23465, 6.50018 ], [ 2.23492, 6.50091 ], [ 2.23556, 6.50127 ], [ 2.23664, 6.50046 ], [ 2.237, 6.50136 ], [ 2.23655, 6.50136 ], [ 2.23637, 6.5019 ] ], [ [ 2.22977, 6.50026 ], [ 2.23004, 6.49981 ], [ 2.22986, 6.49855 ], [ 2.2295, 6.49864 ], [ 2.22968, 6.49909 ], [ 2.22896, 6.49891 ], [ 2.22832, 6.49927 ], [ 2.22751, 6.49845 ], [ 2.22769, 6.49818 ], [ 2.22887, 6.49845 ], [ 2.22869, 6.49773 ], [ 2.22815, 6.49755 ], [ 2.2276, 6.498 ], [ 2.2276, 6.49746 ], [ 2.22914, 6.4971 ], [ 2.22932, 6.49565 ], [ 2.22969, 6.49556 ], [ 2.22932, 6.49529 ], [ 2.22951, 6.49447 ], [ 2.23068, 6.49411 ], [ 2.23249, 6.4943 ], [ 2.23249, 6.49493 ], [ 2.23294, 6.4952 ], [ 2.23285, 6.49602 ], [ 2.23222, 6.49692 ], [ 2.23176, 6.49683 ], [ 2.23204, 6.4962 ], [ 2.23168, 6.49611 ], [ 2.2305, 6.49755 ], [ 2.23032, 6.498 ], [ 2.23113, 6.49882 ], [ 2.23067, 6.49963 ], [ 2.23085, 6.50018 ], [ 2.23031, 6.50072 ], [ 2.22977, 6.50026 ] ], [ [ 2.22552, 6.49926 ], [ 2.2238, 6.49826 ], [ 2.22408, 6.49727 ], [ 2.22444, 6.49727 ], [ 2.22444, 6.49772 ], [ 2.22525, 6.49736 ], [ 2.2257, 6.49754 ], [ 2.2257, 6.49836 ], [ 2.22507, 6.4979 ], [ 2.2248, 6.49836 ], [ 2.22444, 6.49827 ], [ 2.22444, 6.49854 ], [ 2.22543, 6.49872 ], [ 2.22597, 6.49944 ], [ 2.22552, 6.49971 ], [ 2.22552, 6.49926 ] ], [ [ 2.24443, 6.49821 ], [ 2.24488, 6.49766 ], [ 2.24497, 6.49676 ], [ 2.24379, 6.49676 ], [ 2.2438, 6.4963 ], [ 2.24461, 6.49567 ], [ 2.24506, 6.49649 ], [ 2.24542, 6.49558 ], [ 2.24597, 6.49577 ], [ 2.24579, 6.49631 ], [ 2.24678, 6.49595 ], [ 2.24687, 6.49694 ], [ 2.24587, 6.49685 ], [ 2.24624, 6.49739 ], [ 2.24515, 6.4983 ], [ 2.24443, 6.49821 ] ], [ [ 2.26252, 6.49597 ], [ 2.2618, 6.49615 ], [ 2.2618, 6.49516 ], [ 2.26125, 6.49488 ], [ 2.26125, 6.49452 ], [ 2.2618, 6.49407 ], [ 2.26225, 6.49452 ], [ 2.26243, 6.49398 ], [ 2.26352, 6.49335 ], [ 2.26361, 6.49407 ], [ 2.26243, 6.49452 ], [ 2.26207, 6.49516 ], [ 2.26252, 6.49552 ], [ 2.26288, 6.49452 ], [ 2.26343, 6.49461 ], [ 2.26306, 6.4957 ], [ 2.26324, 6.4967 ], [ 2.26234, 6.49687 ], [ 2.26225, 6.49615 ], [ 2.26252, 6.49597 ] ], [ [ 2.23973, 6.49377 ], [ 2.23909, 6.49449 ], [ 2.23828, 6.49349 ], [ 2.23937, 6.49349 ], [ 2.24064, 6.49214 ], [ 2.24091, 6.49223 ], [ 2.24082, 6.49286 ], [ 2.24163, 6.49314 ], [ 2.24054, 6.49422 ], [ 2.24045, 6.49485 ], [ 2.23982, 6.49458 ], [ 2.23973, 6.49377 ] ], [ [ 2.23286, 6.49122 ], [ 2.23313, 6.48833 ], [ 2.23259, 6.48815 ], [ 2.23277, 6.48769 ], [ 2.23395, 6.48806 ], [ 2.2334, 6.49032 ], [ 2.23358, 6.49086 ], [ 2.23412, 6.49104 ], [ 2.23286, 6.49122 ] ], [ [ 2.2315, 6.49032 ], [ 2.23087, 6.49022 ], [ 2.23069, 6.48941 ], [ 2.23033, 6.48932 ], [ 2.2306, 6.4885 ], [ 2.23015, 6.48778 ], [ 2.23051, 6.48733 ], [ 2.23142, 6.48787 ], [ 2.2316, 6.4886 ], [ 2.23223, 6.48842 ], [ 2.2315, 6.4895 ], [ 2.23087, 6.48932 ], [ 2.23168, 6.49023 ], [ 2.2315, 6.49077 ], [ 2.23114, 6.49068 ], [ 2.2315, 6.49032 ] ] ], [ [ [ 2.29229, 6.35479 ], [ 2.29311, 6.35407 ], [ 2.29247, 6.35398 ], [ 2.29256, 6.35353 ], [ 2.29193, 6.35298 ], [ 2.29202, 6.35244 ], [ 2.29067, 6.35189 ], [ 2.2904, 6.35135 ], [ 2.28985, 6.35135 ], [ 2.2904, 6.35171 ], [ 2.29058, 6.35253 ], [ 2.2913, 6.3528 ], [ 2.29094, 6.35334 ], [ 2.29166, 6.35325 ], [ 2.29148, 6.35398 ], [ 2.29229, 6.35479 ] ] ], [ [ [ 2.28804, 6.35759 ], [ 2.28958, 6.35732 ], [ 2.28949, 6.35705 ], [ 2.28786, 6.35696 ], [ 2.28641, 6.35822 ], [ 2.28777, 6.3584 ], [ 2.28804, 6.35759 ] ] ], [ [ [ 2.27988, 6.36925 ], [ 2.27988, 6.36871 ], [ 2.2807, 6.36862 ], [ 2.2807, 6.36835 ], [ 2.28006, 6.36844 ], [ 2.28007, 6.36762 ], [ 2.27907, 6.3678 ], [ 2.27898, 6.36726 ], [ 2.27862, 6.36717 ], [ 2.2788, 6.36681 ], [ 2.27835, 6.36653 ], [ 2.27916, 6.36653 ], [ 2.27889, 6.36554 ], [ 2.27772, 6.3668 ], [ 2.27735, 6.36789 ], [ 2.2779, 6.36798 ], [ 2.27808, 6.36744 ], [ 2.27853, 6.36735 ], [ 2.27835, 6.36825 ], [ 2.27862, 6.3687 ], [ 2.27934, 6.36907 ], [ 2.27979, 6.37006 ], [ 2.28024, 6.37006 ], [ 2.28033, 6.36943 ], [ 2.27988, 6.36925 ] ] ], [ [ [ 2.2778, 6.3735 ], [ 2.27961, 6.3735 ], [ 2.27934, 6.37287 ], [ 2.27979, 6.37242 ], [ 2.27961, 6.37205 ], [ 2.27807, 6.37205 ], [ 2.27879, 6.37269 ], [ 2.2778, 6.3735 ] ] ], [ [ [ 2.27895, 6.39268 ], [ 2.27931, 6.39205 ], [ 2.27868, 6.39132 ], [ 2.27804, 6.39214 ], [ 2.27723, 6.39222 ], [ 2.27714, 6.3925 ], [ 2.27768, 6.39259 ], [ 2.27777, 6.39313 ], [ 2.27822, 6.39268 ], [ 2.27895, 6.39268 ] ] ], [ [ [ 2.28219, 6.39911 ], [ 2.28319, 6.39802 ], [ 2.28355, 6.39875 ], [ 2.28482, 6.39857 ], [ 2.28337, 6.39748 ], [ 2.28319, 6.39648 ], [ 2.28265, 6.39685 ], [ 2.28283, 6.39703 ], [ 2.28283, 6.39739 ], [ 2.28229, 6.39712 ], [ 2.2812, 6.39802 ], [ 2.28219, 6.39911 ] ] ], [ [ [ 2.27966, 6.40037 ], [ 2.28002, 6.40046 ], [ 2.28029, 6.40001 ], [ 2.28002, 6.39901 ], [ 2.28102, 6.39838 ], [ 2.28084, 6.39793 ], [ 2.2802, 6.39784 ], [ 2.27921, 6.39928 ], [ 2.2793, 6.40109 ], [ 2.27957, 6.40109 ], [ 2.27966, 6.40037 ] ] ], [ [ [ 2.28686, 6.42227 ], [ 2.28714, 6.4211 ], [ 2.28813, 6.42173 ], [ 2.28777, 6.42101 ], [ 2.28849, 6.42056 ], [ 2.28804, 6.41902 ], [ 2.28832, 6.4182 ], [ 2.28768, 6.41793 ], [ 2.28732, 6.41847 ], [ 2.28687, 6.41847 ], [ 2.28669, 6.41802 ], [ 2.28705, 6.41811 ], [ 2.28705, 6.41784 ], [ 2.28651, 6.41739 ], [ 2.28551, 6.41757 ], [ 2.28551, 6.41702 ], [ 2.28434, 6.41666 ], [ 2.28343, 6.41693 ], [ 2.28325, 6.41648 ], [ 2.28235, 6.41639 ], [ 2.28262, 6.41566 ], [ 2.28217, 6.41548 ], [ 2.28172, 6.41412 ], [ 2.28199, 6.41394 ], [ 2.28181, 6.41286 ], [ 2.28254, 6.4125 ], [ 2.28154, 6.4115 ], [ 2.28163, 6.41096 ], [ 2.28091, 6.41005 ], [ 2.28028, 6.40951 ], [ 2.27974, 6.4096 ], [ 2.27829, 6.4115 ], [ 2.27684, 6.41095 ], [ 2.27666, 6.41032 ], [ 2.27711, 6.40923 ], [ 2.27757, 6.40905 ], [ 2.27757, 6.40833 ], [ 2.27883, 6.40869 ], [ 2.27911, 6.40815 ], [ 2.27874, 6.40761 ], [ 2.27965, 6.40734 ], [ 2.27974, 6.40634 ], [ 2.27938, 6.40625 ], [ 2.27884, 6.40688 ], [ 2.2782, 6.40552 ], [ 2.27784, 6.4067 ], [ 2.27703, 6.40724 ], [ 2.27694, 6.40769 ], [ 2.27585, 6.40724 ], [ 2.27549, 6.40796 ], [ 2.27458, 6.4086 ], [ 2.27567, 6.40887 ], [ 2.27549, 6.40977 ], [ 2.27359, 6.40986 ], [ 2.27331, 6.41122 ], [ 2.27367, 6.41176 ], [ 2.27295, 6.41221 ], [ 2.27313, 6.41303 ], [ 2.27259, 6.41384 ], [ 2.27304, 6.41465 ], [ 2.2724, 6.41502 ], [ 2.27267, 6.41529 ], [ 2.2724, 6.41628 ], [ 2.27331, 6.41538 ], [ 2.27448, 6.41647 ], [ 2.27394, 6.41891 ], [ 2.27466, 6.41855 ], [ 2.27493, 6.41737 ], [ 2.27538, 6.41755 ], [ 2.27548, 6.41683 ], [ 2.27611, 6.41656 ], [ 2.27566, 6.41611 ], [ 2.27602, 6.41547 ], [ 2.27539, 6.41565 ], [ 2.27466, 6.41493 ], [ 2.27485, 6.4143 ], [ 2.27412, 6.41466 ], [ 2.27385, 6.41438 ], [ 2.27403, 6.41384 ], [ 2.27358, 6.41375 ], [ 2.2734, 6.41267 ], [ 2.27395, 6.41176 ], [ 2.27648, 6.41122 ], [ 2.27702, 6.41168 ], [ 2.2772, 6.41258 ], [ 2.27756, 6.41249 ], [ 2.27756, 6.41177 ], [ 2.27883, 6.41204 ], [ 2.28036, 6.41313 ], [ 2.28073, 6.41313 ], [ 2.28109, 6.41249 ], [ 2.28127, 6.41304 ], [ 2.28054, 6.41385 ], [ 2.28109, 6.41421 ], [ 2.28127, 6.41512 ], [ 2.28072, 6.41593 ], [ 2.28136, 6.41584 ], [ 2.2819, 6.41621 ], [ 2.2818, 6.41783 ], [ 2.2828, 6.41847 ], [ 2.28253, 6.41919 ], [ 2.28334, 6.41974 ], [ 2.28325, 6.41892 ], [ 2.28379, 6.41928 ], [ 2.28416, 6.41847 ], [ 2.2837, 6.41847 ], [ 2.28361, 6.41802 ], [ 2.28443, 6.41811 ], [ 2.28343, 6.41738 ], [ 2.28352, 6.41711 ], [ 2.28524, 6.41802 ], [ 2.28578, 6.41902 ], [ 2.2866, 6.41865 ], [ 2.28659, 6.41983 ], [ 2.28587, 6.42064 ], [ 2.28641, 6.42146 ], [ 2.28587, 6.42191 ], [ 2.28623, 6.42236 ], [ 2.28686, 6.42227 ] ] ], [ [ [ 2.27122, 6.42189 ], [ 2.27212, 6.42117 ], [ 2.27194, 6.42062 ], [ 2.27249, 6.42035 ], [ 2.27213, 6.41963 ], [ 2.27249, 6.41873 ], [ 2.27213, 6.41845 ], [ 2.27158, 6.419 ], [ 2.2705, 6.41818 ], [ 2.27005, 6.41935 ], [ 2.2705, 6.41954 ], [ 2.27041, 6.42008 ], [ 2.27095, 6.42053 ], [ 2.27077, 6.42126 ], [ 2.27122, 6.42189 ] ] ], [ [ [ 2.27755, 6.42081 ], [ 2.27863, 6.421 ], [ 2.27864, 6.41982 ], [ 2.27809, 6.41982 ], [ 2.27764, 6.41928 ], [ 2.27728, 6.41946 ], [ 2.27746, 6.42027 ], [ 2.27692, 6.42027 ], [ 2.27655, 6.42126 ], [ 2.27692, 6.42154 ], [ 2.27692, 6.42108 ], [ 2.27755, 6.42081 ] ] ], [ [ [ 2.28243, 6.42552 ], [ 2.28315, 6.42525 ], [ 2.28351, 6.42444 ], [ 2.28397, 6.42462 ], [ 2.28433, 6.42408 ], [ 2.2837, 6.42227 ], [ 2.2837, 6.42055 ], [ 2.28352, 6.42028 ], [ 2.28216, 6.42028 ], [ 2.28225, 6.41982 ], [ 2.28171, 6.41955 ], [ 2.28189, 6.41883 ], [ 2.28162, 6.41865 ], [ 2.28108, 6.41955 ], [ 2.27981, 6.41901 ], [ 2.27963, 6.42136 ], [ 2.27999, 6.42136 ], [ 2.27981, 6.42091 ], [ 2.28099, 6.42009 ], [ 2.28153, 6.42019 ], [ 2.28162, 6.42073 ], [ 2.28216, 6.42046 ], [ 2.28298, 6.42091 ], [ 2.2827, 6.42118 ], [ 2.2818, 6.42091 ], [ 2.28144, 6.42163 ], [ 2.28144, 6.42218 ], [ 2.28198, 6.42236 ], [ 2.28216, 6.42209 ], [ 2.28234, 6.42254 ], [ 2.28207, 6.42326 ], [ 2.28234, 6.42344 ], [ 2.28225, 6.42426 ], [ 2.28261, 6.42426 ], [ 2.28279, 6.42381 ], [ 2.28306, 6.42426 ], [ 2.28288, 6.42471 ], [ 2.28198, 6.42417 ], [ 2.28152, 6.42462 ], [ 2.28188, 6.42516 ], [ 2.28225, 6.42498 ], [ 2.28243, 6.42552 ] ] ], [ [ [ 2.27718, 6.42362 ], [ 2.27791, 6.42335 ], [ 2.27881, 6.42226 ], [ 2.27881, 6.42154 ], [ 2.27791, 6.42181 ], [ 2.27818, 6.42109 ], [ 2.27737, 6.42163 ], [ 2.27719, 6.42217 ], [ 2.27764, 6.42307 ], [ 2.27682, 6.42307 ], [ 2.27718, 6.42362 ] ] ], [ [ [ 2.28035, 6.42516 ], [ 2.28089, 6.42471 ], [ 2.28071, 6.4238 ], [ 2.28008, 6.4238 ], [ 2.27981, 6.42353 ], [ 2.28008, 6.42308 ], [ 2.27963, 6.42308 ], [ 2.27935, 6.42362 ], [ 2.27972, 6.42425 ], [ 2.27935, 6.42489 ], [ 2.28035, 6.42516 ] ] ], [ [ [ 2.28351, 6.42734 ], [ 2.2827, 6.42761 ], [ 2.28197, 6.42652 ], [ 2.28224, 6.42733 ], [ 2.28143, 6.42806 ], [ 2.28188, 6.42833 ], [ 2.28288, 6.42797 ], [ 2.2836, 6.42869 ], [ 2.28351, 6.42734 ] ] ], [ [ [ 2.27745, 6.42868 ], [ 2.27835, 6.42896 ], [ 2.27881, 6.42832 ], [ 2.27989, 6.42814 ], [ 2.27998, 6.42887 ], [ 2.2807, 6.42887 ], [ 2.28062, 6.4267 ], [ 2.27971, 6.42624 ], [ 2.27817, 6.42688 ], [ 2.27763, 6.42624 ], [ 2.27682, 6.42624 ], [ 2.27709, 6.42751 ], [ 2.27627, 6.42742 ], [ 2.27609, 6.4285 ], [ 2.27663, 6.42859 ], [ 2.27663, 6.42923 ], [ 2.27709, 6.42932 ], [ 2.27745, 6.42868 ] ] ], [ [ [ 2.2948, 6.43803 ], [ 2.29516, 6.43667 ], [ 2.29462, 6.43459 ], [ 2.29426, 6.43414 ], [ 2.29309, 6.43404 ], [ 2.2929, 6.43522 ], [ 2.2939, 6.43585 ], [ 2.29426, 6.43812 ], [ 2.2948, 6.43803 ] ] ], [ [ [ 2.29453, 6.4402 ], [ 2.29407, 6.43983 ], [ 2.29426, 6.43893 ], [ 2.29371, 6.43848 ], [ 2.29389, 6.43929 ], [ 2.29326, 6.43911 ], [ 2.29272, 6.43983 ], [ 2.29398, 6.44038 ], [ 2.29407, 6.44074 ], [ 2.29453, 6.4402 ] ] ], [ [ [ 2.2967, 6.44038 ], [ 2.29688, 6.43884 ], [ 2.29552, 6.43857 ], [ 2.29534, 6.43902 ], [ 2.29588, 6.43948 ], [ 2.29579, 6.44002 ], [ 2.29624, 6.44065 ], [ 2.2967, 6.44038 ] ] ], [ [ [ 2.28365, 6.45502 ], [ 2.28411, 6.45312 ], [ 2.28275, 6.45303 ], [ 2.28212, 6.4542 ], [ 2.28311, 6.45375 ], [ 2.28338, 6.45402 ], [ 2.2832, 6.45484 ], [ 2.28365, 6.45502 ] ] ], [ [ [ 2.29034, 6.4581 ], [ 2.29097, 6.45774 ], [ 2.29061, 6.45747 ], [ 2.2907, 6.45702 ], [ 2.29161, 6.45648 ], [ 2.29152, 6.45566 ], [ 2.29215, 6.45521 ], [ 2.29161, 6.4544 ], [ 2.29188, 6.45376 ], [ 2.29161, 6.45349 ], [ 2.29098, 6.45421 ], [ 2.29053, 6.45394 ], [ 2.28989, 6.45485 ], [ 2.2889, 6.45475 ], [ 2.28899, 6.45512 ], [ 2.28962, 6.4553 ], [ 2.28926, 6.45575 ], [ 2.28962, 6.45629 ], [ 2.29007, 6.45566 ], [ 2.29061, 6.45584 ], [ 2.29061, 6.45629 ], [ 2.29007, 6.45675 ], [ 2.28917, 6.45647 ], [ 2.28871, 6.45756 ], [ 2.28926, 6.45783 ], [ 2.28926, 6.45738 ], [ 2.2898, 6.45711 ], [ 2.29007, 6.45765 ], [ 2.28962, 6.45792 ], [ 2.29034, 6.4581 ] ] ], [ [ [ 2.27469, 6.46089 ], [ 2.27487, 6.4598 ], [ 2.27532, 6.45971 ], [ 2.27496, 6.45899 ], [ 2.27352, 6.45953 ], [ 2.27315, 6.46007 ], [ 2.27388, 6.46098 ], [ 2.27469, 6.46089 ] ] ], [ [ [ 2.29123, 6.46643 ], [ 2.29078, 6.46598 ], [ 2.29087, 6.46516 ], [ 2.29033, 6.46561 ], [ 2.28961, 6.46525 ], [ 2.2897, 6.46425 ], [ 2.28825, 6.46525 ], [ 2.2887, 6.46615 ], [ 2.2897, 6.46634 ], [ 2.29006, 6.46688 ], [ 2.29087, 6.46688 ], [ 2.29123, 6.46643 ] ] ], [ [ [ 2.28508, 6.46931 ], [ 2.28571, 6.4676 ], [ 2.28391, 6.46696 ], [ 2.28382, 6.46551 ], [ 2.283, 6.4656 ], [ 2.28237, 6.46623 ], [ 2.28219, 6.46578 ], [ 2.28273, 6.46551 ], [ 2.28264, 6.46524 ], [ 2.28129, 6.46533 ], [ 2.28119, 6.46569 ], [ 2.28183, 6.46605 ], [ 2.28192, 6.46669 ], [ 2.28264, 6.46669 ], [ 2.28183, 6.46741 ], [ 2.28264, 6.46823 ], [ 2.28291, 6.46814 ], [ 2.28282, 6.46759 ], [ 2.284, 6.46705 ], [ 2.28436, 6.4675 ], [ 2.28381, 6.46904 ], [ 2.28436, 6.46859 ], [ 2.28508, 6.46931 ] ] ], [ [ [ 2.29005, 6.4695 ], [ 2.28834, 6.46814 ], [ 2.28761, 6.46896 ], [ 2.28716, 6.46877 ], [ 2.28662, 6.46805 ], [ 2.28734, 6.46733 ], [ 2.28743, 6.46606 ], [ 2.28653, 6.46561 ], [ 2.28653, 6.46461 ], [ 2.28581, 6.46461 ], [ 2.28499, 6.46669 ], [ 2.28581, 6.46687 ], [ 2.28617, 6.46733 ], [ 2.2868, 6.46941 ], [ 2.28752, 6.46959 ], [ 2.28834, 6.46905 ], [ 2.28906, 6.4695 ], [ 2.28806, 6.46941 ], [ 2.28779, 6.47013 ], [ 2.28951, 6.47032 ], [ 2.29014, 6.47014 ], [ 2.29005, 6.4695 ] ] ], [ [ [ 2.28425, 6.48116 ], [ 2.28488, 6.48098 ], [ 2.28461, 6.47972 ], [ 2.28344, 6.4799 ], [ 2.28325, 6.48053 ], [ 2.28289, 6.48026 ], [ 2.28244, 6.48053 ], [ 2.28244, 6.48017 ], [ 2.28289, 6.48017 ], [ 2.28289, 6.47935 ], [ 2.28253, 6.47935 ], [ 2.28244, 6.47981 ], [ 2.28181, 6.47962 ], [ 2.28208, 6.48071 ], [ 2.28244, 6.48071 ], [ 2.28271, 6.48134 ], [ 2.28352, 6.48116 ], [ 2.28398, 6.48171 ], [ 2.28425, 6.48116 ] ] ], [ [ [ 2.29121, 6.48443 ], [ 2.29139, 6.48389 ], [ 2.29049, 6.48271 ], [ 2.29148, 6.48253 ], [ 2.29166, 6.48199 ], [ 2.29112, 6.48208 ], [ 2.29094, 6.48126 ], [ 2.29022, 6.48135 ], [ 2.2894, 6.48081 ], [ 2.2894, 6.48135 ], [ 2.28986, 6.48126 ], [ 2.28967, 6.48162 ], [ 2.28931, 6.48144 ], [ 2.28967, 6.48208 ], [ 2.28949, 6.48307 ], [ 2.28994, 6.48343 ], [ 2.29058, 6.48334 ], [ 2.29058, 6.48389 ], [ 2.29094, 6.48389 ], [ 2.29121, 6.48443 ] ] ], [ [ [ 2.28605, 6.48813 ], [ 2.28695, 6.48723 ], [ 2.2875, 6.4875 ], [ 2.28912, 6.48669 ], [ 2.28922, 6.4856 ], [ 2.28859, 6.48398 ], [ 2.28886, 6.48343 ], [ 2.28777, 6.48307 ], [ 2.2875, 6.48198 ], [ 2.28687, 6.48198 ], [ 2.28624, 6.48262 ], [ 2.28642, 6.48343 ], [ 2.28578, 6.48352 ], [ 2.28569, 6.48415 ], [ 2.28524, 6.48406 ], [ 2.2847, 6.48451 ], [ 2.28479, 6.48478 ], [ 2.28605, 6.4847 ], [ 2.28605, 6.48524 ], [ 2.28587, 6.48497 ], [ 2.28415, 6.48515 ], [ 2.2837, 6.48433 ], [ 2.28424, 6.48352 ], [ 2.28316, 6.48352 ], [ 2.28352, 6.48397 ], [ 2.28325, 6.48469 ], [ 2.28379, 6.48514 ], [ 2.2837, 6.48605 ], [ 2.28415, 6.48569 ], [ 2.28605, 6.48605 ], [ 2.28723, 6.48569 ], [ 2.2875, 6.48596 ], [ 2.28759, 6.4866 ], [ 2.2865, 6.48642 ], [ 2.28641, 6.48723 ], [ 2.28587, 6.48759 ], [ 2.28605, 6.48813 ] ] ], [ [ [ 2.28985, 6.48633 ], [ 2.29066, 6.48552 ], [ 2.29121, 6.48597 ], [ 2.29157, 6.48488 ], [ 2.29121, 6.48497 ], [ 2.29058, 6.48389 ], [ 2.29003, 6.4838 ], [ 2.28931, 6.48434 ], [ 2.28985, 6.48533 ], [ 2.28949, 6.48624 ], [ 2.28985, 6.48633 ] ] ], [ [ [ 2.29282, 6.49321 ], [ 2.29373, 6.49285 ], [ 2.29346, 6.49249 ], [ 2.29373, 6.4914 ], [ 2.29319, 6.49131 ], [ 2.29391, 6.49113 ], [ 2.29454, 6.4914 ], [ 2.29455, 6.49068 ], [ 2.29409, 6.4905 ], [ 2.294, 6.48995 ], [ 2.29473, 6.48995 ], [ 2.29446, 6.48932 ], [ 2.29509, 6.48896 ], [ 2.295, 6.48833 ], [ 2.29555, 6.48751 ], [ 2.29537, 6.48679 ], [ 2.29573, 6.48625 ], [ 2.29546, 6.48579 ], [ 2.2951, 6.48588 ], [ 2.29509, 6.48661 ], [ 2.29446, 6.48706 ], [ 2.2932, 6.48633 ], [ 2.29238, 6.48669 ], [ 2.29301, 6.48715 ], [ 2.2931, 6.48841 ], [ 2.29401, 6.48905 ], [ 2.29382, 6.4895 ], [ 2.29292, 6.48959 ], [ 2.29265, 6.4886 ], [ 2.29111, 6.48841 ], [ 2.29138, 6.48778 ], [ 2.29093, 6.48742 ], [ 2.29175, 6.48687 ], [ 2.29202, 6.48606 ], [ 2.29148, 6.48669 ], [ 2.29066, 6.48642 ], [ 2.29048, 6.48687 ], [ 2.28994, 6.48678 ], [ 2.28994, 6.48723 ], [ 2.29066, 6.48724 ], [ 2.29084, 6.48778 ], [ 2.28948, 6.4895 ], [ 2.28867, 6.48931 ], [ 2.28903, 6.48977 ], [ 2.28957, 6.48959 ], [ 2.28975, 6.49049 ], [ 2.29102, 6.49149 ], [ 2.2912, 6.4923 ], [ 2.2921, 6.49239 ], [ 2.29228, 6.49176 ], [ 2.2931, 6.49203 ], [ 2.29301, 6.49258 ], [ 2.29183, 6.49312 ], [ 2.29219, 6.49411 ], [ 2.29273, 6.4942 ], [ 2.29282, 6.49321 ] ] ], [ [ [ 2.28351, 6.49121 ], [ 2.2846, 6.49012 ], [ 2.28496, 6.49057 ], [ 2.28478, 6.49121 ], [ 2.28532, 6.4913 ], [ 2.28532, 6.48994 ], [ 2.28442, 6.48885 ], [ 2.28351, 6.48913 ], [ 2.28279, 6.48858 ], [ 2.28288, 6.48912 ], [ 2.28243, 6.48976 ], [ 2.28297, 6.49003 ], [ 2.28188, 6.49084 ], [ 2.28297, 6.49093 ], [ 2.28324, 6.4922 ], [ 2.28351, 6.49211 ], [ 2.28351, 6.49121 ] ] ], [ [ [ 2.2798, 6.49165 ], [ 2.28044, 6.49084 ], [ 2.28035, 6.49012 ], [ 2.28152, 6.48994 ], [ 2.28143, 6.48921 ], [ 2.28026, 6.48939 ], [ 2.27989, 6.49012 ], [ 2.27998, 6.4912 ], [ 2.27926, 6.49138 ], [ 2.27926, 6.49165 ], [ 2.2798, 6.49165 ] ] ], [ [ [ 2.29798, 6.49159 ], [ 2.29834, 6.49077 ], [ 2.29762, 6.48969 ], [ 2.29726, 6.49032 ], [ 2.29771, 6.49132 ], [ 2.29699, 6.4915 ], [ 2.29663, 6.49122 ], [ 2.29626, 6.49159 ], [ 2.29708, 6.49222 ], [ 2.29708, 6.49177 ], [ 2.29798, 6.49159 ] ] ], [ [ [ 2.27094, 6.49273 ], [ 2.27193, 6.49273 ], [ 2.27238, 6.49209 ], [ 2.27293, 6.49228 ], [ 2.2732, 6.49173 ], [ 2.27275, 6.49155 ], [ 2.27184, 6.49191 ], [ 2.27085, 6.49164 ], [ 2.27057, 6.49227 ], [ 2.27094, 6.49273 ] ] ], [ [ [ 2.28776, 6.49429 ], [ 2.28776, 6.49347 ], [ 2.28713, 6.4932 ], [ 2.28722, 6.49275 ], [ 2.28794, 6.49275 ], [ 2.28776, 6.49239 ], [ 2.28595, 6.49266 ], [ 2.28559, 6.49211 ], [ 2.28496, 6.49256 ], [ 2.28649, 6.49338 ], [ 2.28721, 6.49474 ], [ 2.28776, 6.49429 ] ] ], [ [ [ 2.27708, 6.49491 ], [ 2.27618, 6.49355 ], [ 2.27573, 6.49346 ], [ 2.27555, 6.49454 ], [ 2.27609, 6.49554 ], [ 2.27699, 6.49554 ], [ 2.27708, 6.49491 ] ] ], [ [ [ 2.29155, 6.49538 ], [ 2.29128, 6.49474 ], [ 2.29165, 6.4942 ], [ 2.29092, 6.49402 ], [ 2.29092, 6.49339 ], [ 2.29065, 6.49339 ], [ 2.29011, 6.49384 ], [ 2.2902, 6.49492 ], [ 2.29065, 6.49574 ], [ 2.29155, 6.49538 ] ] ], [ [ [ 2.29508, 6.49575 ], [ 2.29499, 6.4943 ], [ 2.29364, 6.49475 ], [ 2.294, 6.49565 ], [ 2.29508, 6.49575 ] ] ], [ [ [ 2.2949, 6.49611 ], [ 2.29246, 6.49665 ], [ 2.29219, 6.49701 ], [ 2.29318, 6.49728 ], [ 2.29372, 6.49692 ], [ 2.29463, 6.49746 ], [ 2.2949, 6.49611 ] ] ], [ [ [ 2.291, 6.50207 ], [ 2.29263, 6.50198 ], [ 2.29299, 6.50162 ], [ 2.29263, 6.50108 ], [ 2.29281, 6.50063 ], [ 2.29363, 6.50063 ], [ 2.29444, 6.5019 ], [ 2.29489, 6.5019 ], [ 2.29498, 6.50081 ], [ 2.2939, 6.49972 ], [ 2.29381, 6.49918 ], [ 2.29309, 6.49963 ], [ 2.29182, 6.49927 ], [ 2.29182, 6.4999 ], [ 2.29227, 6.50017 ], [ 2.29209, 6.50045 ], [ 2.29055, 6.50008 ], [ 2.29137, 6.49936 ], [ 2.29164, 6.49836 ], [ 2.292, 6.49882 ], [ 2.29236, 6.49827 ], [ 2.29137, 6.49773 ], [ 2.292, 6.49737 ], [ 2.29182, 6.49701 ], [ 2.29128, 6.49728 ], [ 2.28983, 6.49628 ], [ 2.29011, 6.49538 ], [ 2.28975, 6.49529 ], [ 2.28957, 6.49384 ], [ 2.28902, 6.49357 ], [ 2.28884, 6.49393 ], [ 2.28947, 6.49519 ], [ 2.2892, 6.49538 ], [ 2.28857, 6.49483 ], [ 2.28884, 6.49556 ], [ 2.28866, 6.49691 ], [ 2.28902, 6.49709 ], [ 2.28893, 6.49646 ], [ 2.28929, 6.49646 ], [ 2.29038, 6.4971 ], [ 2.28938, 6.49863 ], [ 2.28983, 6.49963 ], [ 2.28947, 6.50062 ], [ 2.2901, 6.50071 ], [ 2.28974, 6.50153 ], [ 2.2901, 6.5018 ], [ 2.29046, 6.50144 ], [ 2.291, 6.50207 ] ] ], [ [ [ 2.27824, 6.50495 ], [ 2.27825, 6.50414 ], [ 2.27779, 6.50368 ], [ 2.27662, 6.50449 ], [ 2.27589, 6.50413 ], [ 2.27535, 6.5044 ], [ 2.2777, 6.50549 ], [ 2.27824, 6.50495 ] ] ], [ [ [ 2.291, 6.50669 ], [ 2.29217, 6.50615 ], [ 2.29181, 6.50388 ], [ 2.29227, 6.5037 ], [ 2.29272, 6.50262 ], [ 2.292, 6.50289 ], [ 2.29145, 6.50253 ], [ 2.29091, 6.50307 ], [ 2.29073, 6.50406 ], [ 2.29154, 6.50406 ], [ 2.29154, 6.50443 ], [ 2.29046, 6.50524 ], [ 2.29127, 6.5056 ], [ 2.29082, 6.50587 ], [ 2.291, 6.50669 ] ] ], [ [ [ 2.29706, 6.50724 ], [ 2.29733, 6.50615 ], [ 2.29561, 6.50651 ], [ 2.29534, 6.50696 ], [ 2.29579, 6.50769 ], [ 2.29706, 6.50724 ] ] ], [ [ [ 2.28928, 6.50813 ], [ 2.29036, 6.50714 ], [ 2.28982, 6.50659 ], [ 2.29036, 6.50587 ], [ 2.28937, 6.50596 ], [ 2.28964, 6.50659 ], [ 2.28873, 6.50723 ], [ 2.28928, 6.50813 ] ] ], [ [ [ 2.28546, 6.51763 ], [ 2.28682, 6.51772 ], [ 2.28691, 6.51708 ], [ 2.28646, 6.51699 ], [ 2.28637, 6.51654 ], [ 2.28709, 6.51618 ], [ 2.28727, 6.51564 ], [ 2.28583, 6.51591 ], [ 2.28546, 6.51763 ] ] ], [ [ [ 2.29136, 6.56685 ], [ 2.291, 6.56658 ], [ 2.29082, 6.5654 ], [ 2.29037, 6.56576 ], [ 2.29019, 6.56694 ], [ 2.28964, 6.56666 ], [ 2.28974, 6.56594 ], [ 2.28937, 6.56594 ], [ 2.28928, 6.56694 ], [ 2.28964, 6.56721 ], [ 2.29127, 6.5673 ], [ 2.29136, 6.56685 ] ] ], [ [ [ 2.30607, 6.39842 ], [ 2.30616, 6.39706 ], [ 2.3058, 6.39688 ], [ 2.30589, 6.39634 ], [ 2.30544, 6.39615 ], [ 2.30544, 6.39733 ], [ 2.30444, 6.39742 ], [ 2.30444, 6.39832 ], [ 2.30607, 6.39842 ] ] ], [ [ [ 2.30869, 6.46528 ], [ 2.30788, 6.46473 ], [ 2.30742, 6.46509 ], [ 2.30788, 6.46645 ], [ 2.30851, 6.46645 ], [ 2.30896, 6.467 ], [ 2.30869, 6.46528 ] ] ], [ [ [ 2.31211, 6.47641 ], [ 2.31212, 6.4736 ], [ 2.3113, 6.47406 ], [ 2.31139, 6.47315 ], [ 2.31076, 6.47288 ], [ 2.31013, 6.47387 ], [ 2.31076, 6.47396 ], [ 2.31148, 6.47478 ], [ 2.31175, 6.4765 ], [ 2.31211, 6.47641 ] ] ], [ [ [ 2.30132, 6.49928 ], [ 2.30268, 6.49784 ], [ 2.30232, 6.49729 ], [ 2.30259, 6.49639 ], [ 2.30223, 6.49603 ], [ 2.30141, 6.4963 ], [ 2.30177, 6.49747 ], [ 2.30078, 6.49802 ], [ 2.30132, 6.49856 ], [ 2.30132, 6.49928 ] ] ], [ [ [ 2.31389, 6.5012 ], [ 2.3138, 6.50002 ], [ 2.31425, 6.49993 ], [ 2.31488, 6.50075 ], [ 2.31624, 6.49994 ], [ 2.31552, 6.49831 ], [ 2.31462, 6.49831 ], [ 2.31362, 6.49984 ], [ 2.31299, 6.49975 ], [ 2.31298, 6.50047 ], [ 2.31362, 6.50138 ], [ 2.31389, 6.5012 ] ] ], [ [ [ 2.30104, 6.50254 ], [ 2.30177, 6.50263 ], [ 2.30186, 6.50154 ], [ 2.30358, 6.50209 ], [ 2.30466, 6.50182 ], [ 2.30466, 6.50146 ], [ 2.30412, 6.50173 ], [ 2.30367, 6.50146 ], [ 2.30403, 6.49992 ], [ 2.30457, 6.50019 ], [ 2.30457, 6.50064 ], [ 2.30548, 6.50065 ], [ 2.30557, 6.50146 ], [ 2.3062, 6.50182 ], [ 2.30584, 6.50037 ], [ 2.30521, 6.49992 ], [ 2.3053, 6.49884 ], [ 2.30457, 6.49902 ], [ 2.30367, 6.49865 ], [ 2.30349, 6.49892 ], [ 2.30385, 6.49965 ], [ 2.30294, 6.50046 ], [ 2.30168, 6.50037 ], [ 2.30141, 6.50091 ], [ 2.29951, 6.50127 ], [ 2.29996, 6.50281 ], [ 2.30068, 6.5029 ], [ 2.30104, 6.50254 ] ] ], [ [ [ 2.31045, 6.50183 ], [ 2.30991, 6.50101 ], [ 2.31, 6.50056 ], [ 2.31054, 6.50038 ], [ 2.31036, 6.49966 ], [ 2.30964, 6.49947 ], [ 2.30882, 6.50029 ], [ 2.30873, 6.50092 ], [ 2.30982, 6.50201 ], [ 2.31009, 6.50291 ], [ 2.31045, 6.50273 ], [ 2.31045, 6.50183 ] ] ], [ [ [ 2.3109, 6.505 ], [ 2.31108, 6.50382 ], [ 2.31235, 6.50418 ], [ 2.31244, 6.50346 ], [ 2.31171, 6.50301 ], [ 2.31045, 6.504 ], [ 2.31, 6.50327 ], [ 2.30945, 6.50355 ], [ 2.31026, 6.50499 ], [ 2.3109, 6.505 ] ] ], [ [ [ 2.3051, 6.50833 ], [ 2.30492, 6.50761 ], [ 2.30556, 6.50671 ], [ 2.30466, 6.50562 ], [ 2.30429, 6.50571 ], [ 2.30447, 6.50625 ], [ 2.30402, 6.50652 ], [ 2.30375, 6.50598 ], [ 2.30294, 6.50589 ], [ 2.30267, 6.50535 ], [ 2.30122, 6.50507 ], [ 2.30077, 6.50444 ], [ 2.3005, 6.50453 ], [ 2.30095, 6.50534 ], [ 2.30167, 6.50571 ], [ 2.30167, 6.50643 ], [ 2.30212, 6.50697 ], [ 2.30176, 6.50797 ], [ 2.30266, 6.50815 ], [ 2.30257, 6.50743 ], [ 2.3033, 6.50725 ], [ 2.30375, 6.50797 ], [ 2.30456, 6.50779 ], [ 2.30465, 6.50842 ], [ 2.3051, 6.50833 ] ] ], [ [ [ 2.32301, 6.5108 ], [ 2.3231, 6.50872 ], [ 2.32229, 6.50854 ], [ 2.32256, 6.50709 ], [ 2.32338, 6.50673 ], [ 2.32338, 6.50583 ], [ 2.32302, 6.50574 ], [ 2.32265, 6.50655 ], [ 2.32211, 6.50655 ], [ 2.32175, 6.50718 ], [ 2.32066, 6.50718 ], [ 2.32048, 6.50754 ], [ 2.32175, 6.508 ], [ 2.3222, 6.50971 ], [ 2.32301, 6.5108 ] ] ], [ [ [ 2.31053, 6.51277 ], [ 2.31107, 6.51214 ], [ 2.31089, 6.5116 ], [ 2.3117, 6.51124 ], [ 2.3117, 6.51061 ], [ 2.31207, 6.5107 ], [ 2.31215, 6.51187 ], [ 2.3127, 6.5126 ], [ 2.31324, 6.51242 ], [ 2.31288, 6.51178 ], [ 2.31378, 6.51169 ], [ 2.31415, 6.51115 ], [ 2.3136, 6.5107 ], [ 2.31415, 6.51016 ], [ 2.31406, 6.5097 ], [ 2.3137, 6.50961 ], [ 2.31333, 6.51016 ], [ 2.3127, 6.50907 ], [ 2.31252, 6.50581 ], [ 2.31171, 6.5078 ], [ 2.31216, 6.50816 ], [ 2.31225, 6.50952 ], [ 2.31288, 6.50961 ], [ 2.3127, 6.51052 ], [ 2.31225, 6.51052 ], [ 2.31225, 6.50988 ], [ 2.31107, 6.51042 ], [ 2.3099, 6.51024 ], [ 2.30972, 6.50915 ], [ 2.3108, 6.50861 ], [ 2.31044, 6.50825 ], [ 2.3099, 6.5087 ], [ 2.30926, 6.50852 ], [ 2.308, 6.50906 ], [ 2.30845, 6.50961 ], [ 2.30799, 6.51178 ], [ 2.30881, 6.51268 ], [ 2.31053, 6.51277 ] ] ], [ [ [ 2.30067, 6.51041 ], [ 2.30148, 6.50942 ], [ 2.30131, 6.50797 ], [ 2.30067, 6.50815 ], [ 2.29995, 6.50751 ], [ 2.29977, 6.50787 ], [ 2.30049, 6.50842 ], [ 2.30049, 6.50887 ], [ 2.29977, 6.50923 ], [ 2.30004, 6.50987 ], [ 2.29958, 6.51086 ], [ 2.30022, 6.51122 ], [ 2.30058, 6.51104 ], [ 2.30067, 6.51041 ] ] ], [ [ [ 2.31205, 6.5211 ], [ 2.31133, 6.52019 ], [ 2.31142, 6.51974 ], [ 2.3135, 6.51884 ], [ 2.31323, 6.51775 ], [ 2.31215, 6.51667 ], [ 2.31296, 6.51631 ], [ 2.31324, 6.5154 ], [ 2.31369, 6.5154 ], [ 2.31306, 6.51404 ], [ 2.31333, 6.51278 ], [ 2.31261, 6.51305 ], [ 2.31288, 6.51359 ], [ 2.31242, 6.51395 ], [ 2.31197, 6.51341 ], [ 2.31134, 6.51332 ], [ 2.3108, 6.51368 ], [ 2.3098, 6.51341 ], [ 2.31007, 6.51395 ], [ 2.3098, 6.51431 ], [ 2.30908, 6.51431 ], [ 2.30808, 6.51313 ], [ 2.30718, 6.51322 ], [ 2.307, 6.51349 ], [ 2.3079, 6.51467 ], [ 2.3079, 6.51549 ], [ 2.30754, 6.51567 ], [ 2.30699, 6.51494 ], [ 2.306, 6.51521 ], [ 2.30546, 6.51485 ], [ 2.30473, 6.51521 ], [ 2.30509, 6.51575 ], [ 2.30555, 6.51539 ], [ 2.30636, 6.51566 ], [ 2.30591, 6.51621 ], [ 2.305, 6.51648 ], [ 2.305, 6.51675 ], [ 2.306, 6.51666 ], [ 2.30609, 6.51693 ], [ 2.30554, 6.51702 ], [ 2.30554, 6.51747 ], [ 2.30491, 6.51792 ], [ 2.30392, 6.51738 ], [ 2.30392, 6.51684 ], [ 2.30247, 6.51711 ], [ 2.3022, 6.51792 ], [ 2.30174, 6.5181 ], [ 2.30238, 6.51946 ], [ 2.30183, 6.51946 ], [ 2.30165, 6.52018 ], [ 2.30075, 6.52054 ], [ 2.30093, 6.52081 ], [ 2.30165, 6.52054 ], [ 2.30192, 6.52109 ], [ 2.3021, 6.52036 ], [ 2.30283, 6.52009 ], [ 2.30283, 6.51964 ], [ 2.30364, 6.5191 ], [ 2.30446, 6.51964 ], [ 2.30509, 6.51946 ], [ 2.30509, 6.52019 ], [ 2.30554, 6.52046 ], [ 2.30554, 6.51992 ], [ 2.30617, 6.51955 ], [ 2.30681, 6.52019 ], [ 2.30699, 6.51974 ], [ 2.30654, 6.51865 ], [ 2.30527, 6.51874 ], [ 2.30636, 6.5182 ], [ 2.30717, 6.51856 ], [ 2.30735, 6.5201 ], [ 2.30789, 6.52001 ], [ 2.30753, 6.51928 ], [ 2.30853, 6.5191 ], [ 2.30898, 6.51974 ], [ 2.30952, 6.51965 ], [ 2.30961, 6.52019 ], [ 2.3088, 6.52001 ], [ 2.30862, 6.51965 ], [ 2.30816, 6.51992 ], [ 2.30979, 6.52037 ], [ 2.31015, 6.52119 ], [ 2.31133, 6.5211 ], [ 2.31178, 6.52173 ], [ 2.31205, 6.5211 ] ], [ [ 2.30898, 6.51811 ], [ 2.30781, 6.51738 ], [ 2.30817, 6.51702 ], [ 2.30889, 6.5173 ], [ 2.30962, 6.51603 ], [ 2.31016, 6.51621 ], [ 2.31115, 6.51567 ], [ 2.31197, 6.51594 ], [ 2.31133, 6.5163 ], [ 2.31124, 6.51721 ], [ 2.3107, 6.51712 ], [ 2.31052, 6.51748 ], [ 2.31016, 6.51712 ], [ 2.30943, 6.51721 ], [ 2.30898, 6.51811 ] ] ], [ [ [ 2.30409, 6.52471 ], [ 2.30472, 6.52453 ], [ 2.3059, 6.52489 ], [ 2.30617, 6.52399 ], [ 2.30725, 6.52399 ], [ 2.3078, 6.52308 ], [ 2.30943, 6.52318 ], [ 2.30925, 6.52254 ], [ 2.30879, 6.52263 ], [ 2.30925, 6.52164 ], [ 2.30825, 6.52146 ], [ 2.30798, 6.52191 ], [ 2.30744, 6.52191 ], [ 2.30726, 6.52146 ], [ 2.30762, 6.521 ], [ 2.30654, 6.52019 ], [ 2.30626, 6.52073 ], [ 2.30672, 6.52091 ], [ 2.3068, 6.522 ], [ 2.30563, 6.52127 ], [ 2.305, 6.52181 ], [ 2.30518, 6.52064 ], [ 2.30409, 6.52091 ], [ 2.30328, 6.52064 ], [ 2.30364, 6.52109 ], [ 2.30283, 6.52118 ], [ 2.30264, 6.52208 ], [ 2.303, 6.52263 ], [ 2.30301, 6.52172 ], [ 2.30328, 6.52172 ], [ 2.30345, 6.52371 ], [ 2.30427, 6.5238 ], [ 2.30363, 6.52444 ], [ 2.30381, 6.52552 ], [ 2.30418, 6.52525 ], [ 2.30409, 6.52471 ] ] ], [ [ [ 2.31775, 6.52446 ], [ 2.31721, 6.5231 ], [ 2.31648, 6.52328 ], [ 2.31693, 6.52283 ], [ 2.31666, 6.5221 ], [ 2.31585, 6.5221 ], [ 2.31603, 6.52282 ], [ 2.31494, 6.52355 ], [ 2.31512, 6.52427 ], [ 2.31612, 6.52445 ], [ 2.31585, 6.52391 ], [ 2.31702, 6.52373 ], [ 2.31702, 6.52473 ], [ 2.31747, 6.52482 ], [ 2.31775, 6.52446 ] ] ], [ [ [ 2.31901, 6.5259 ], [ 2.31928, 6.52654 ], [ 2.31973, 6.52645 ], [ 2.31946, 6.526 ], [ 2.31992, 6.52482 ], [ 2.31974, 6.52446 ], [ 2.31784, 6.52536 ], [ 2.31783, 6.5259 ], [ 2.31774, 6.52545 ], [ 2.31729, 6.52554 ], [ 2.31801, 6.52654 ], [ 2.31847, 6.5259 ], [ 2.31901, 6.5259 ] ] ], [ [ [ 2.31548, 6.52988 ], [ 2.31593, 6.52952 ], [ 2.31494, 6.5287 ], [ 2.31575, 6.52762 ], [ 2.31485, 6.52762 ], [ 2.3143, 6.52716 ], [ 2.31367, 6.52544 ], [ 2.31322, 6.52581 ], [ 2.31241, 6.52571 ], [ 2.31241, 6.52535 ], [ 2.31286, 6.52526 ], [ 2.31268, 6.52463 ], [ 2.31322, 6.52427 ], [ 2.31295, 6.52318 ], [ 2.31341, 6.52282 ], [ 2.31277, 6.52264 ], [ 2.3125, 6.5221 ], [ 2.31124, 6.52218 ], [ 2.31069, 6.52345 ], [ 2.3116, 6.52399 ], [ 2.31169, 6.52454 ], [ 2.31132, 6.52499 ], [ 2.31051, 6.52517 ], [ 2.31114, 6.52635 ], [ 2.30951, 6.52634 ], [ 2.30924, 6.5268 ], [ 2.31023, 6.52734 ], [ 2.31087, 6.52689 ], [ 2.31304, 6.52689 ], [ 2.31286, 6.52743 ], [ 2.31222, 6.52761 ], [ 2.31141, 6.52734 ], [ 2.31141, 6.52978 ], [ 2.31195, 6.52942 ], [ 2.31267, 6.52951 ], [ 2.31295, 6.52915 ], [ 2.31331, 6.52961 ], [ 2.31403, 6.52906 ], [ 2.31448, 6.52979 ], [ 2.31548, 6.52988 ] ] ], [ [ [ 2.31982, 6.52943 ], [ 2.31982, 6.52762 ], [ 2.31919, 6.52744 ], [ 2.31883, 6.52771 ], [ 2.31847, 6.52699 ], [ 2.31837, 6.52789 ], [ 2.31774, 6.5278 ], [ 2.31647, 6.52898 ], [ 2.31656, 6.52952 ], [ 2.31756, 6.52979 ], [ 2.31783, 6.5288 ], [ 2.31883, 6.5288 ], [ 2.31892, 6.52826 ], [ 2.31937, 6.52817 ], [ 2.31901, 6.52934 ], [ 2.31837, 6.52961 ], [ 2.31919, 6.52989 ], [ 2.31982, 6.52943 ] ] ], [ [ [ 2.30625, 6.53222 ], [ 2.3058, 6.53068 ], [ 2.30616, 6.52887 ], [ 2.30508, 6.5286 ], [ 2.30562, 6.52969 ], [ 2.30553, 6.53113 ], [ 2.30489, 6.53213 ], [ 2.30625, 6.53222 ] ] ], [ [ [ 2.31683, 6.53214 ], [ 2.31728, 6.53223 ], [ 2.31737, 6.53278 ], [ 2.31773, 6.53269 ], [ 2.31747, 6.53034 ], [ 2.31711, 6.52997 ], [ 2.31656, 6.53024 ], [ 2.3171, 6.5316 ], [ 2.31647, 6.53196 ], [ 2.31629, 6.53278 ], [ 2.31683, 6.53214 ] ] ], [ [ [ 2.3066, 6.53891 ], [ 2.30796, 6.53819 ], [ 2.30886, 6.53847 ], [ 2.30913, 6.53756 ], [ 2.30986, 6.53738 ], [ 2.31058, 6.53802 ], [ 2.30959, 6.53847 ], [ 2.31031, 6.53892 ], [ 2.31094, 6.53856 ], [ 2.31103, 6.53793 ], [ 2.31185, 6.53802 ], [ 2.31203, 6.53738 ], [ 2.30968, 6.53693 ], [ 2.3076, 6.5381 ], [ 2.30651, 6.53792 ], [ 2.3066, 6.53891 ] ] ], [ [ [ 2.30596, 6.54145 ], [ 2.30579, 6.539 ], [ 2.30497, 6.53846 ], [ 2.30497, 6.53909 ], [ 2.30407, 6.53991 ], [ 2.30406, 6.54135 ], [ 2.30443, 6.54135 ], [ 2.30443, 6.54063 ], [ 2.30524, 6.54 ], [ 2.30533, 6.54136 ], [ 2.30596, 6.54145 ] ] ], [ [ [ 2.31103, 6.54163 ], [ 2.31148, 6.54109 ], [ 2.31049, 6.541 ], [ 2.30995, 6.5401 ], [ 2.30967, 6.5401 ], [ 2.30967, 6.54118 ], [ 2.30868, 6.54082 ], [ 2.30895, 6.54136 ], [ 2.31012, 6.54191 ], [ 2.31103, 6.54163 ] ] ], [ [ [ 2.32296, 6.54654 ], [ 2.32269, 6.54482 ], [ 2.32342, 6.54428 ], [ 2.32378, 6.54437 ], [ 2.32378, 6.54482 ], [ 2.32423, 6.54473 ], [ 2.32324, 6.54301 ], [ 2.32342, 6.54238 ], [ 2.32424, 6.54165 ], [ 2.32324, 6.54138 ], [ 2.32306, 6.54066 ], [ 2.32243, 6.54038 ], [ 2.32234, 6.54111 ], [ 2.32143, 6.54165 ], [ 2.32107, 6.54237 ], [ 2.32234, 6.54237 ], [ 2.32297, 6.54301 ], [ 2.32215, 6.54301 ], [ 2.32197, 6.54427 ], [ 2.32034, 6.54454 ], [ 2.32161, 6.54635 ], [ 2.32296, 6.54654 ] ] ], [ [ [ 2.30722, 6.54516 ], [ 2.30831, 6.54353 ], [ 2.30768, 6.54344 ], [ 2.30777, 6.54299 ], [ 2.30723, 6.54281 ], [ 2.30714, 6.54226 ], [ 2.30614, 6.54208 ], [ 2.30596, 6.54344 ], [ 2.30714, 6.54389 ], [ 2.30668, 6.54461 ], [ 2.30722, 6.54516 ] ] ], [ [ [ 2.31147, 6.54851 ], [ 2.3131, 6.54761 ], [ 2.3131, 6.54725 ], [ 2.31193, 6.54661 ], [ 2.31166, 6.54607 ], [ 2.31301, 6.54589 ], [ 2.3132, 6.54453 ], [ 2.31482, 6.54444 ], [ 2.31555, 6.54499 ], [ 2.31645, 6.5449 ], [ 2.31555, 6.54354 ], [ 2.31591, 6.54282 ], [ 2.31673, 6.54327 ], [ 2.31646, 6.54246 ], [ 2.31673, 6.54155 ], [ 2.31718, 6.54155 ], [ 2.31754, 6.54228 ], [ 2.31745, 6.54445 ], [ 2.31862, 6.5449 ], [ 2.31862, 6.54545 ], [ 2.31907, 6.54508 ], [ 2.31944, 6.54508 ], [ 2.31944, 6.54572 ], [ 2.3198, 6.54545 ], [ 2.31998, 6.54472 ], [ 2.31962, 6.54472 ], [ 2.3198, 6.54427 ], [ 2.31944, 6.54364 ], [ 2.3179, 6.54363 ], [ 2.31808, 6.5421 ], [ 2.31854, 6.54237 ], [ 2.31953, 6.54219 ], [ 2.31981, 6.53984 ], [ 2.3189, 6.54029 ], [ 2.3189, 6.54119 ], [ 2.31836, 6.5411 ], [ 2.31836, 6.54074 ], [ 2.31691, 6.54092 ], [ 2.31582, 6.54047 ], [ 2.31591, 6.54173 ], [ 2.31519, 6.54155 ], [ 2.31492, 6.54254 ], [ 2.31465, 6.54254 ], [ 2.31447, 6.54182 ], [ 2.31284, 6.54327 ], [ 2.31175, 6.54245 ], [ 2.31012, 6.54281 ], [ 2.30994, 6.54335 ], [ 2.30922, 6.5429 ], [ 2.3094, 6.54335 ], [ 2.30876, 6.54362 ], [ 2.30894, 6.54407 ], [ 2.30858, 6.54426 ], [ 2.30894, 6.5448 ], [ 2.30931, 6.5448 ], [ 2.30904, 6.54407 ], [ 2.31003, 6.54371 ], [ 2.31148, 6.54426 ], [ 2.31148, 6.54571 ], [ 2.31066, 6.54643 ], [ 2.31184, 6.54706 ], [ 2.31147, 6.54851 ] ] ], [ [ [ 2.30179, 6.54832 ], [ 2.30333, 6.54741 ], [ 2.30333, 6.54687 ], [ 2.30261, 6.54696 ], [ 2.30225, 6.54759 ], [ 2.30107, 6.54759 ], [ 2.30089, 6.54723 ], [ 2.30125, 6.5466 ], [ 2.30098, 6.54642 ], [ 2.30026, 6.54759 ], [ 2.30053, 6.54813 ], [ 2.30143, 6.54777 ], [ 2.30179, 6.54832 ] ] ], [ [ [ 2.30803, 6.5514 ], [ 2.30903, 6.54923 ], [ 2.30785, 6.54941 ], [ 2.30758, 6.54986 ], [ 2.30613, 6.54995 ], [ 2.30568, 6.5504 ], [ 2.30622, 6.55077 ], [ 2.30704, 6.5504 ], [ 2.30731, 6.55113 ], [ 2.30803, 6.5514 ] ] ], [ [ [ 2.29862, 6.55238 ], [ 2.29989, 6.55121 ], [ 2.2988, 6.55021 ], [ 2.29853, 6.54949 ], [ 2.29772, 6.5494 ], [ 2.29817, 6.54994 ], [ 2.29727, 6.55075 ], [ 2.29808, 6.55094 ], [ 2.29835, 6.55139 ], [ 2.29763, 6.55175 ], [ 2.29754, 6.5522 ], [ 2.29862, 6.55238 ] ] ], [ [ [ 2.32323, 6.55287 ], [ 2.32359, 6.55133 ], [ 2.32314, 6.55088 ], [ 2.32359, 6.55034 ], [ 2.32296, 6.5497 ], [ 2.32187, 6.55052 ], [ 2.32223, 6.55124 ], [ 2.32296, 6.55133 ], [ 2.32277, 6.55178 ], [ 2.32223, 6.55187 ], [ 2.3225, 6.5526 ], [ 2.32323, 6.55287 ] ] ], [ [ [ 2.32267, 6.55893 ], [ 2.32259, 6.55766 ], [ 2.32159, 6.55848 ], [ 2.32105, 6.55694 ], [ 2.3206, 6.55703 ], [ 2.32105, 6.55866 ], [ 2.32168, 6.55875 ], [ 2.32186, 6.55938 ], [ 2.32267, 6.55893 ] ] ], [ [ [ 2.31724, 6.56037 ], [ 2.31661, 6.56019 ], [ 2.31562, 6.5591 ], [ 2.31526, 6.55765 ], [ 2.31499, 6.55765 ], [ 2.3149, 6.55865 ], [ 2.31544, 6.56019 ], [ 2.31643, 6.5601 ], [ 2.31652, 6.56073 ], [ 2.31724, 6.56037 ] ] ], [ [ [ 2.31987, 6.56028 ], [ 2.31951, 6.56001 ], [ 2.3196, 6.55875 ], [ 2.32014, 6.55847 ], [ 2.31987, 6.55784 ], [ 2.31924, 6.55847 ], [ 2.31897, 6.55847 ], [ 2.31879, 6.55766 ], [ 2.31797, 6.55829 ], [ 2.31662, 6.55784 ], [ 2.31634, 6.55865 ], [ 2.31806, 6.55874 ], [ 2.31933, 6.55983 ], [ 2.31933, 6.5601 ], [ 2.31833, 6.5601 ], [ 2.31833, 6.56046 ], [ 2.31951, 6.56083 ], [ 2.31987, 6.56028 ] ] ], [ [ [ 2.31226, 6.56742 ], [ 2.3119, 6.56661 ], [ 2.31235, 6.5648 ], [ 2.31145, 6.5648 ], [ 2.31181, 6.56624 ], [ 2.31118, 6.56679 ], [ 2.31262, 6.56833 ], [ 2.31271, 6.5676 ], [ 2.31226, 6.56742 ] ] ], [ [ [ 2.30177, 6.56786 ], [ 2.30276, 6.56741 ], [ 2.30258, 6.56822 ], [ 2.30285, 6.56849 ], [ 2.30339, 6.56831 ], [ 2.30339, 6.5675 ], [ 2.30376, 6.56741 ], [ 2.30367, 6.56614 ], [ 2.30312, 6.56623 ], [ 2.30321, 6.56714 ], [ 2.30258, 6.56704 ], [ 2.30186, 6.56632 ], [ 2.30141, 6.56641 ], [ 2.30113, 6.56704 ], [ 2.29987, 6.56614 ], [ 2.2996, 6.56632 ], [ 2.2996, 6.56704 ], [ 2.30023, 6.56749 ], [ 2.30086, 6.56731 ], [ 2.30077, 6.56777 ], [ 2.30131, 6.56849 ], [ 2.30177, 6.56786 ] ] ], [ [ [ 2.32058, 6.56951 ], [ 2.32103, 6.56924 ], [ 2.32067, 6.56879 ], [ 2.32176, 6.56861 ], [ 2.32085, 6.56761 ], [ 2.32067, 6.56825 ], [ 2.31895, 6.56897 ], [ 2.31922, 6.56942 ], [ 2.31904, 6.57032 ], [ 2.32031, 6.57042 ], [ 2.32058, 6.56951 ] ] ], [ [ [ 2.31669, 6.57177 ], [ 2.31786, 6.57087 ], [ 2.31777, 6.5705 ], [ 2.31823, 6.5705 ], [ 2.31868, 6.56996 ], [ 2.31814, 6.5696 ], [ 2.31768, 6.57005 ], [ 2.31741, 6.56978 ], [ 2.31859, 6.56879 ], [ 2.31814, 6.56797 ], [ 2.31705, 6.56824 ], [ 2.31669, 6.56752 ], [ 2.31579, 6.56706 ], [ 2.31533, 6.56806 ], [ 2.31452, 6.56842 ], [ 2.31515, 6.56887 ], [ 2.31506, 6.56914 ], [ 2.31425, 6.56896 ], [ 2.31425, 6.56923 ], [ 2.3147, 6.56978 ], [ 2.31569, 6.56987 ], [ 2.31669, 6.57177 ] ] ], [ [ [ 2.3098, 6.57683 ], [ 2.31089, 6.57701 ], [ 2.30999, 6.5752 ], [ 2.31053, 6.57529 ], [ 2.31143, 6.57656 ], [ 2.31207, 6.57638 ], [ 2.31116, 6.57592 ], [ 2.31071, 6.5752 ], [ 2.31116, 6.57438 ], [ 2.31108, 6.57366 ], [ 2.31053, 6.57411 ], [ 2.31044, 6.57484 ], [ 2.30963, 6.57483 ], [ 2.3099, 6.57339 ], [ 2.30936, 6.57321 ], [ 2.30954, 6.57266 ], [ 2.30981, 6.57248 ], [ 2.31026, 6.57321 ], [ 2.31099, 6.57312 ], [ 2.31099, 6.57239 ], [ 2.31053, 6.57221 ], [ 2.31053, 6.57185 ], [ 2.31225, 6.57158 ], [ 2.31252, 6.57222 ], [ 2.31316, 6.57222 ], [ 2.31325, 6.57303 ], [ 2.31397, 6.5733 ], [ 2.31433, 6.57195 ], [ 2.31388, 6.57158 ], [ 2.31479, 6.57113 ], [ 2.3147, 6.57068 ], [ 2.31443, 6.57041 ], [ 2.31298, 6.5705 ], [ 2.3128, 6.57086 ], [ 2.31325, 6.57104 ], [ 2.31325, 6.57167 ], [ 2.31189, 6.57113 ], [ 2.31108, 6.57149 ], [ 2.3109, 6.57049 ], [ 2.31017, 6.5714 ], [ 2.30846, 6.57085 ], [ 2.30791, 6.57149 ], [ 2.30773, 6.57022 ], [ 2.30846, 6.56986 ], [ 2.30909, 6.57004 ], [ 2.31018, 6.56941 ], [ 2.3109, 6.5704 ], [ 2.31172, 6.56878 ], [ 2.31126, 6.5685 ], [ 2.31108, 6.56905 ], [ 2.31036, 6.56923 ], [ 2.309, 6.56778 ], [ 2.30837, 6.56805 ], [ 2.3081, 6.56769 ], [ 2.30683, 6.5685 ], [ 2.3062, 6.56841 ], [ 2.30602, 6.56804 ], [ 2.30665, 6.56705 ], [ 2.30511, 6.56777 ], [ 2.30493, 6.56641 ], [ 2.3043, 6.56614 ], [ 2.30448, 6.56732 ], [ 2.30421, 6.56813 ], [ 2.30366, 6.5684 ], [ 2.30384, 6.56877 ], [ 2.30122, 6.57084 ], [ 2.30095, 6.57166 ], [ 2.30239, 6.57274 ], [ 2.30275, 6.57274 ], [ 2.30285, 6.57202 ], [ 2.30302, 6.57311 ], [ 2.30366, 6.57293 ], [ 2.30357, 6.57338 ], [ 2.30483, 6.57401 ], [ 2.30556, 6.57365 ], [ 2.30574, 6.57311 ], [ 2.30764, 6.57348 ], [ 2.30809, 6.57275 ], [ 2.30845, 6.57284 ], [ 2.3089, 6.57393 ], [ 2.30854, 6.5742 ], [ 2.30737, 6.57402 ], [ 2.30727, 6.57483 ], [ 2.30691, 6.57465 ], [ 2.30655, 6.57483 ], [ 2.30745, 6.57565 ], [ 2.30745, 6.57619 ], [ 2.30854, 6.57673 ], [ 2.30908, 6.57655 ], [ 2.30854, 6.57682 ], [ 2.3089, 6.57728 ], [ 2.30944, 6.57737 ], [ 2.3098, 6.57683 ] ], [ [ 2.30239, 6.57057 ], [ 2.30267, 6.57012 ], [ 2.30393, 6.56976 ], [ 2.30421, 6.56877 ], [ 2.30493, 6.56958 ], [ 2.30484, 6.5685 ], [ 2.30538, 6.56813 ], [ 2.30547, 6.56868 ], [ 2.30511, 6.56913 ], [ 2.30547, 6.56958 ], [ 2.3052, 6.56985 ], [ 2.30448, 6.56994 ], [ 2.3042, 6.57048 ], [ 2.30312, 6.57094 ], [ 2.30239, 6.57057 ] ] ], [ [ [ 2.31848, 6.58172 ], [ 2.31821, 6.58127 ], [ 2.31875, 6.581 ], [ 2.31876, 6.58028 ], [ 2.31803, 6.57982 ], [ 2.31812, 6.57919 ], [ 2.31776, 6.57874 ], [ 2.31731, 6.57865 ], [ 2.31722, 6.57892 ], [ 2.31776, 6.57919 ], [ 2.31767, 6.58046 ], [ 2.31812, 6.58091 ], [ 2.31676, 6.58118 ], [ 2.31676, 6.58226 ], [ 2.31812, 6.58236 ], [ 2.31848, 6.58172 ] ] ], [ [ [ 2.31331, 6.59393 ], [ 2.31367, 6.59212 ], [ 2.31277, 6.59239 ], [ 2.31232, 6.59203 ], [ 2.31268, 6.59167 ], [ 2.31241, 6.59094 ], [ 2.31313, 6.59058 ], [ 2.31386, 6.59103 ], [ 2.31386, 6.58904 ], [ 2.31503, 6.58968 ], [ 2.31494, 6.59058 ], [ 2.31549, 6.58977 ], [ 2.31449, 6.58832 ], [ 2.31368, 6.5885 ], [ 2.31413, 6.58751 ], [ 2.31305, 6.58751 ], [ 2.31278, 6.58705 ], [ 2.31305, 6.58542 ], [ 2.31215, 6.58488 ], [ 2.31323, 6.58398 ], [ 2.31296, 6.58371 ], [ 2.3126, 6.58398 ], [ 2.31206, 6.58343 ], [ 2.31251, 6.58298 ], [ 2.31215, 6.58027 ], [ 2.31387, 6.58009 ], [ 2.31405, 6.57873 ], [ 2.3136, 6.57801 ], [ 2.31306, 6.57837 ], [ 2.31243, 6.57737 ], [ 2.31188, 6.57746 ], [ 2.31125, 6.57828 ], [ 2.30989, 6.57818 ], [ 2.3098, 6.57773 ], [ 2.30926, 6.57791 ], [ 2.30881, 6.57755 ], [ 2.30844, 6.57945 ], [ 2.30926, 6.57954 ], [ 2.3088, 6.58017 ], [ 2.3088, 6.58171 ], [ 2.30916, 6.58198 ], [ 2.30961, 6.58488 ], [ 2.31061, 6.58506 ], [ 2.30997, 6.58515 ], [ 2.30997, 6.58578 ], [ 2.31061, 6.58605 ], [ 2.31106, 6.58533 ], [ 2.3116, 6.58597 ], [ 2.31151, 6.58723 ], [ 2.3106, 6.58832 ], [ 2.31123, 6.58967 ], [ 2.31105, 6.58995 ], [ 2.31169, 6.59013 ], [ 2.31141, 6.59085 ], [ 2.31168, 6.59085 ], [ 2.31186, 6.59221 ], [ 2.31223, 6.5923 ], [ 2.3125, 6.59348 ], [ 2.31286, 6.59348 ], [ 2.31249, 6.59393 ], [ 2.31331, 6.59393 ] ] ], [ [ [ 2.31703, 6.58787 ], [ 2.31893, 6.58724 ], [ 2.31902, 6.58688 ], [ 2.31893, 6.58634 ], [ 2.31766, 6.58588 ], [ 2.31766, 6.58733 ], [ 2.31703, 6.58751 ], [ 2.31703, 6.58787 ] ] ], [ [ [ 2.32, 6.59493 ], [ 2.32046, 6.59358 ], [ 2.31991, 6.59358 ], [ 2.31919, 6.59267 ], [ 2.31974, 6.59068 ], [ 2.32028, 6.59068 ], [ 2.32028, 6.59041 ], [ 2.31965, 6.59023 ], [ 2.31992, 6.5905 ], [ 2.31938, 6.5905 ], [ 2.3191, 6.59095 ], [ 2.31865, 6.59005 ], [ 2.31784, 6.58977 ], [ 2.31829, 6.58932 ], [ 2.31974, 6.5895 ], [ 2.32001, 6.58896 ], [ 2.31938, 6.58914 ], [ 2.31893, 6.58878 ], [ 2.31802, 6.58923 ], [ 2.31721, 6.58887 ], [ 2.31739, 6.5895 ], [ 2.31675, 6.58977 ], [ 2.31684, 6.59041 ], [ 2.31793, 6.59059 ], [ 2.31901, 6.59131 ], [ 2.31892, 6.59258 ], [ 2.31838, 6.59267 ], [ 2.31838, 6.59312 ], [ 2.31955, 6.59412 ], [ 2.31964, 6.59502 ], [ 2.32, 6.59493 ] ] ], [ [ [ 2.32162, 6.59964 ], [ 2.32172, 6.59837 ], [ 2.32108, 6.59837 ], [ 2.32099, 6.59729 ], [ 2.32063, 6.5972 ], [ 2.32072, 6.59919 ], [ 2.32162, 6.59964 ] ] ], [ [ [ 2.32207, 6.60272 ], [ 2.32198, 6.6019 ], [ 2.32253, 6.60217 ], [ 2.32334, 6.60199 ], [ 2.32244, 6.60127 ], [ 2.32253, 6.59982 ], [ 2.32226, 6.59955 ], [ 2.32117, 6.60054 ], [ 2.3209, 6.60018 ], [ 2.32027, 6.60036 ], [ 2.32054, 6.60127 ], [ 2.32153, 6.60136 ], [ 2.32162, 6.60263 ], [ 2.32207, 6.60272 ] ] ], [ [ [ 2.31754, 6.61176 ], [ 2.31745, 6.61031 ], [ 2.31781, 6.60986 ], [ 2.31826, 6.60986 ], [ 2.31844, 6.61031 ], [ 2.31899, 6.61022 ], [ 2.31817, 6.60913 ], [ 2.31854, 6.60859 ], [ 2.31818, 6.60778 ], [ 2.31854, 6.60742 ], [ 2.31781, 6.60751 ], [ 2.31781, 6.60705 ], [ 2.31872, 6.60678 ], [ 2.3189, 6.60751 ], [ 2.31998, 6.60832 ], [ 2.32007, 6.60887 ], [ 2.32053, 6.60869 ], [ 2.32062, 6.60742 ], [ 2.32107, 6.60742 ], [ 2.32116, 6.60905 ], [ 2.32188, 6.6095 ], [ 2.32243, 6.60941 ], [ 2.32279, 6.60995 ], [ 2.32315, 6.60977 ], [ 2.32225, 6.6086 ], [ 2.32369, 6.60833 ], [ 2.32225, 6.60778 ], [ 2.32306, 6.60742 ], [ 2.32225, 6.60624 ], [ 2.32134, 6.6067 ], [ 2.3208, 6.60642 ], [ 2.32026, 6.60724 ], [ 2.31872, 6.60642 ], [ 2.31917, 6.6057 ], [ 2.31908, 6.60534 ], [ 2.31854, 6.60534 ], [ 2.3189, 6.6047 ], [ 2.32044, 6.60543 ], [ 2.32044, 6.60398 ], [ 2.31972, 6.60389 ], [ 2.31954, 6.60443 ], [ 2.31909, 6.60407 ], [ 2.31918, 6.60353 ], [ 2.31963, 6.60371 ], [ 2.31963, 6.6028 ], [ 2.319, 6.60181 ], [ 2.31963, 6.60154 ], [ 2.31954, 6.60117 ], [ 2.32054, 6.59955 ], [ 2.31955, 6.59792 ], [ 2.32, 6.59701 ], [ 2.319, 6.59719 ], [ 2.31792, 6.59665 ], [ 2.31855, 6.59602 ], [ 2.31982, 6.59575 ], [ 2.31855, 6.59493 ], [ 2.31837, 6.59439 ], [ 2.31756, 6.59511 ], [ 2.31756, 6.59547 ], [ 2.3181, 6.59538 ], [ 2.31828, 6.59584 ], [ 2.31747, 6.59602 ], [ 2.31729, 6.59647 ], [ 2.31747, 6.5971 ], [ 2.3181, 6.59719 ], [ 2.3181, 6.59746 ], [ 2.31719, 6.59891 ], [ 2.31638, 6.59918 ], [ 2.31701, 6.59846 ], [ 2.31701, 6.59764 ], [ 2.31566, 6.59692 ], [ 2.31702, 6.59484 ], [ 2.31756, 6.59466 ], [ 2.31702, 6.59439 ], [ 2.31602, 6.59556 ], [ 2.31521, 6.59556 ], [ 2.31466, 6.59502 ], [ 2.31349, 6.59601 ], [ 2.3134, 6.59646 ], [ 2.31358, 6.59701 ], [ 2.31385, 6.5971 ], [ 2.31394, 6.59673 ], [ 2.31385, 6.59782 ], [ 2.31412, 6.59791 ], [ 2.31421, 6.599 ], [ 2.31448, 6.599 ], [ 2.31421, 6.59909 ], [ 2.31429, 6.60117 ], [ 2.31466, 6.60108 ], [ 2.31574, 6.60207 ], [ 2.31619, 6.60208 ], [ 2.31655, 6.60199 ], [ 2.31619, 6.60153 ], [ 2.31647, 6.60099 ], [ 2.31827, 6.60135 ], [ 2.3181, 6.59982 ], [ 2.31936, 6.60027 ], [ 2.31864, 6.60199 ], [ 2.31737, 6.60226 ], [ 2.3171, 6.60171 ], [ 2.31683, 6.60208 ], [ 2.31664, 6.60307 ], [ 2.31691, 6.60343 ], [ 2.31737, 6.60289 ], [ 2.31773, 6.60307 ], [ 2.31782, 6.60389 ], [ 2.31728, 6.6038 ], [ 2.31782, 6.6047 ], [ 2.31764, 6.60506 ], [ 2.31637, 6.60551 ], [ 2.31601, 6.60461 ], [ 2.31637, 6.6028 ], [ 2.31492, 6.60361 ], [ 2.31501, 6.60424 ], [ 2.31556, 6.60443 ], [ 2.31528, 6.60452 ], [ 2.31556, 6.6047 ], [ 2.31528, 6.60524 ], [ 2.31556, 6.60533 ], [ 2.31573, 6.60687 ], [ 2.3161, 6.60705 ], [ 2.31636, 6.60886 ], [ 2.31682, 6.60931 ], [ 2.31654, 6.60967 ], [ 2.31709, 6.60977 ], [ 2.31663, 6.61004 ], [ 2.31736, 6.61022 ], [ 2.31691, 6.61031 ], [ 2.31717, 6.61185 ], [ 2.31754, 6.61176 ] ] ], [ [ [ 2.32853, 6.51325 ], [ 2.32961, 6.51262 ], [ 2.32997, 6.51307 ], [ 2.33052, 6.51298 ], [ 2.32961, 6.51153 ], [ 2.32916, 6.51199 ], [ 2.32817, 6.51171 ], [ 2.32862, 6.51244 ], [ 2.32853, 6.51325 ] ] ], [ [ [ 2.35932, 6.55129 ], [ 2.35914, 6.55066 ], [ 2.36059, 6.54993 ], [ 2.35987, 6.54975 ], [ 2.35978, 6.5502 ], [ 2.35932, 6.55029 ], [ 2.35878, 6.54948 ], [ 2.35806, 6.55093 ], [ 2.35887, 6.5521 ], [ 2.35932, 6.55129 ] ] ], [ [ [ 2.3244, 6.55332 ], [ 2.32467, 6.55305 ], [ 2.32449, 6.55224 ], [ 2.32585, 6.55197 ], [ 2.32612, 6.55115 ], [ 2.32667, 6.55097 ], [ 2.32612, 6.54998 ], [ 2.32712, 6.55016 ], [ 2.32766, 6.54989 ], [ 2.3282, 6.55043 ], [ 2.32839, 6.54926 ], [ 2.32785, 6.54844 ], [ 2.32685, 6.54862 ], [ 2.32613, 6.54817 ], [ 2.32595, 6.54871 ], [ 2.32558, 6.54871 ], [ 2.32423, 6.54771 ], [ 2.32305, 6.54826 ], [ 2.32287, 6.54789 ], [ 2.32323, 6.54735 ], [ 2.32233, 6.54735 ], [ 2.32197, 6.5478 ], [ 2.32215, 6.54844 ], [ 2.3235, 6.54889 ], [ 2.32377, 6.54979 ], [ 2.32477, 6.55025 ], [ 2.32395, 6.5507 ], [ 2.32422, 6.55197 ], [ 2.32368, 6.55233 ], [ 2.32413, 6.55278 ], [ 2.32404, 6.55314 ], [ 2.32359, 6.55314 ], [ 2.32359, 6.55305 ], [ 2.32341, 6.55305 ], [ 2.32341, 6.55296 ], [ 2.32332, 6.55296 ], [ 2.32332, 6.55287 ], [ 2.32323, 6.55287 ], [ 2.32304, 6.5535 ], [ 2.32259, 6.55368 ], [ 2.3225, 6.55296 ], [ 2.3216, 6.55269 ], [ 2.32114, 6.55359 ], [ 2.32205, 6.55332 ], [ 2.3225, 6.55414 ], [ 2.32322, 6.55423 ], [ 2.32359, 6.55387 ], [ 2.32386, 6.55441 ], [ 2.32449, 6.55441 ], [ 2.3244, 6.55332 ] ] ], [ [ [ 2.35669, 6.55481 ], [ 2.3567, 6.55264 ], [ 2.3557, 6.55246 ], [ 2.35561, 6.55318 ], [ 2.35624, 6.5549 ], [ 2.35669, 6.55481 ] ] ], [ [ [ 2.32673, 6.5716 ], [ 2.32564, 6.57015 ], [ 2.32547, 6.56916 ], [ 2.32402, 6.56952 ], [ 2.32456, 6.57069 ], [ 2.32546, 6.57015 ], [ 2.32628, 6.57178 ], [ 2.32673, 6.5716 ] ] ], [ [ [ 2.33071, 6.57269 ], [ 2.33053, 6.57134 ], [ 2.32944, 6.57106 ], [ 2.32899, 6.56998 ], [ 2.32754, 6.57025 ], [ 2.32836, 6.57178 ], [ 2.32971, 6.57197 ], [ 2.3298, 6.57251 ], [ 2.33035, 6.57269 ], [ 2.33071, 6.57269 ] ] ], [ [ [ 2.33559, 6.57505 ], [ 2.33604, 6.57496 ], [ 2.33604, 6.5746 ], [ 2.33532, 6.57415 ], [ 2.3355, 6.57369 ], [ 2.33469, 6.57288 ], [ 2.33496, 6.57424 ], [ 2.3345, 6.57487 ], [ 2.33577, 6.57559 ], [ 2.33559, 6.57505 ] ] ], [ [ [ 2.32808, 6.57739 ], [ 2.32844, 6.57586 ], [ 2.32826, 6.57522 ], [ 2.32727, 6.57576 ], [ 2.32672, 6.57694 ], [ 2.32781, 6.57694 ], [ 2.32808, 6.57739 ] ] ], [ [ [ 2.34409, 6.5804 ], [ 2.34517, 6.5804 ], [ 2.34536, 6.57859 ], [ 2.34626, 6.57877 ], [ 2.34545, 6.57805 ], [ 2.34581, 6.5776 ], [ 2.34572, 6.57696 ], [ 2.34463, 6.57714 ], [ 2.34508, 6.57832 ], [ 2.34463, 6.57895 ], [ 2.344, 6.57877 ], [ 2.34336, 6.57931 ], [ 2.34409, 6.5804 ] ] ], [ [ [ 2.34725, 6.57887 ], [ 2.34798, 6.57896 ], [ 2.34798, 6.57778 ], [ 2.34735, 6.57805 ], [ 2.34662, 6.57778 ], [ 2.34644, 6.57823 ], [ 2.34689, 6.57959 ], [ 2.34725, 6.5795 ], [ 2.34725, 6.57887 ] ] ], [ [ [ 2.33521, 6.58763 ], [ 2.33449, 6.58645 ], [ 2.33503, 6.58645 ], [ 2.33503, 6.58582 ], [ 2.33549, 6.58545 ], [ 2.33612, 6.58564 ], [ 2.33621, 6.58609 ], [ 2.33576, 6.586 ], [ 2.33594, 6.58636 ], [ 2.33657, 6.58609 ], [ 2.33675, 6.58528 ], [ 2.33702, 6.5851 ], [ 2.33693, 6.58672 ], [ 2.33856, 6.58582 ], [ 2.33874, 6.58528 ], [ 2.33847, 6.58519 ], [ 2.33811, 6.58564 ], [ 2.33738, 6.58573 ], [ 2.33739, 6.58528 ], [ 2.33793, 6.58492 ], [ 2.33748, 6.58419 ], [ 2.33757, 6.58311 ], [ 2.33811, 6.58302 ], [ 2.3382, 6.58374 ], [ 2.33865, 6.58383 ], [ 2.33902, 6.58284 ], [ 2.34001, 6.58338 ], [ 2.34119, 6.58302 ], [ 2.34092, 6.5823 ], [ 2.34046, 6.58257 ], [ 2.33947, 6.58238 ], [ 2.33884, 6.58094 ], [ 2.33821, 6.58048 ], [ 2.33839, 6.57967 ], [ 2.33803, 6.57913 ], [ 2.33766, 6.57931 ], [ 2.33794, 6.57985 ], [ 2.33658, 6.58075 ], [ 2.33648, 6.58301 ], [ 2.33703, 6.58383 ], [ 2.33621, 6.58365 ], [ 2.33503, 6.58473 ], [ 2.33467, 6.58473 ], [ 2.33449, 6.58428 ], [ 2.3335, 6.58527 ], [ 2.33386, 6.58609 ], [ 2.33358, 6.58699 ], [ 2.33422, 6.58699 ], [ 2.33521, 6.58763 ] ] ], [ [ [ 2.35222, 6.58864 ], [ 2.35249, 6.58702 ], [ 2.35177, 6.58647 ], [ 2.35258, 6.58593 ], [ 2.35376, 6.58738 ], [ 2.35367, 6.58846 ], [ 2.35412, 6.58837 ], [ 2.35448, 6.58702 ], [ 2.35539, 6.5872 ], [ 2.35503, 6.58648 ], [ 2.35466, 6.58657 ], [ 2.35521, 6.58476 ], [ 2.35394, 6.5853 ], [ 2.35331, 6.5843 ], [ 2.35286, 6.58466 ], [ 2.35195, 6.58466 ], [ 2.3515, 6.58421 ], [ 2.35068, 6.58493 ], [ 2.35041, 6.58357 ], [ 2.34924, 6.58231 ], [ 2.35015, 6.58068 ], [ 2.34924, 6.58059 ], [ 2.34924, 6.5814 ], [ 2.34861, 6.58194 ], [ 2.34825, 6.58167 ], [ 2.34834, 6.58104 ], [ 2.34789, 6.58104 ], [ 2.34734, 6.58167 ], [ 2.34752, 6.58077 ], [ 2.34825, 6.58077 ], [ 2.34789, 6.58013 ], [ 2.34725, 6.58031 ], [ 2.34689, 6.57995 ], [ 2.34644, 6.58113 ], [ 2.34526, 6.58085 ], [ 2.34553, 6.58194 ], [ 2.34671, 6.58167 ], [ 2.34743, 6.58294 ], [ 2.34861, 6.5833 ], [ 2.34851, 6.58375 ], [ 2.34743, 6.58429 ], [ 2.34743, 6.58601 ], [ 2.34797, 6.58638 ], [ 2.34869, 6.5862 ], [ 2.34842, 6.58701 ], [ 2.34806, 6.5871 ], [ 2.3486, 6.58791 ], [ 2.34896, 6.58755 ], [ 2.3486, 6.58701 ], [ 2.34951, 6.58674 ], [ 2.34942, 6.58611 ], [ 2.35059, 6.58584 ], [ 2.3515, 6.58593 ], [ 2.35123, 6.58656 ], [ 2.35068, 6.58647 ], [ 2.35005, 6.58701 ], [ 2.35059, 6.58728 ], [ 2.35113, 6.58692 ], [ 2.35122, 6.58747 ], [ 2.35068, 6.58792 ], [ 2.35077, 6.58828 ], [ 2.35222, 6.58864 ] ] ], [ [ [ 2.34462, 6.59071 ], [ 2.3448, 6.58927 ], [ 2.34416, 6.58954 ], [ 2.34317, 6.58881 ], [ 2.34299, 6.58818 ], [ 2.34381, 6.588 ], [ 2.34435, 6.5871 ], [ 2.34507, 6.58701 ], [ 2.34507, 6.58664 ], [ 2.34453, 6.58655 ], [ 2.34417, 6.58565 ], [ 2.34281, 6.58546 ], [ 2.34272, 6.58465 ], [ 2.34191, 6.58411 ], [ 2.34236, 6.58311 ], [ 2.34182, 6.58311 ], [ 2.34128, 6.58374 ], [ 2.34173, 6.58474 ], [ 2.34137, 6.58528 ], [ 2.34218, 6.58619 ], [ 2.34173, 6.58646 ], [ 2.34154, 6.58718 ], [ 2.34055, 6.58736 ], [ 2.34127, 6.58827 ], [ 2.34136, 6.58944 ], [ 2.34181, 6.58962 ], [ 2.34208, 6.59044 ], [ 2.34281, 6.59017 ], [ 2.34299, 6.59062 ], [ 2.34416, 6.58981 ], [ 2.34462, 6.59071 ] ] ], [ [ [ 2.35357, 6.59407 ], [ 2.35493, 6.59317 ], [ 2.35538, 6.59218 ], [ 2.3561, 6.59263 ], [ 2.35683, 6.59145 ], [ 2.35629, 6.59127 ], [ 2.35583, 6.59181 ], [ 2.35547, 6.59136 ], [ 2.35601, 6.59073 ], [ 2.35556, 6.5901 ], [ 2.35665, 6.58928 ], [ 2.35683, 6.58874 ], [ 2.35728, 6.58874 ], [ 2.35846, 6.58974 ], [ 2.35936, 6.58901 ], [ 2.359, 6.58847 ], [ 2.3581, 6.58838 ], [ 2.35801, 6.58757 ], [ 2.35891, 6.58739 ], [ 2.35937, 6.58766 ], [ 2.36045, 6.58712 ], [ 2.36054, 6.58666 ], [ 2.36009, 6.58657 ], [ 2.35955, 6.58567 ], [ 2.36, 6.58449 ], [ 2.36046, 6.58467 ], [ 2.36127, 6.5863 ], [ 2.36172, 6.5863 ], [ 2.36136, 6.58531 ], [ 2.36199, 6.58504 ], [ 2.36227, 6.58323 ], [ 2.36272, 6.58269 ], [ 2.36218, 6.58124 ], [ 2.36191, 6.58115 ], [ 2.36191, 6.58169 ], [ 2.36145, 6.58187 ], [ 2.36127, 6.58305 ], [ 2.36091, 6.58295 ], [ 2.36073, 6.58223 ], [ 2.35928, 6.58322 ], [ 2.35874, 6.58277 ], [ 2.35856, 6.58196 ], [ 2.35802, 6.58277 ], [ 2.35738, 6.58295 ], [ 2.35747, 6.58186 ], [ 2.35639, 6.58195 ], [ 2.35684, 6.5834 ], [ 2.35611, 6.58431 ], [ 2.35656, 6.58584 ], [ 2.35548, 6.58566 ], [ 2.35539, 6.58593 ], [ 2.35593, 6.58611 ], [ 2.35647, 6.58802 ], [ 2.3571, 6.58774 ], [ 2.35728, 6.5882 ], [ 2.35665, 6.5882 ], [ 2.35602, 6.5891 ], [ 2.35502, 6.58792 ], [ 2.3543, 6.58892 ], [ 2.35457, 6.59009 ], [ 2.35529, 6.59055 ], [ 2.35502, 6.59136 ], [ 2.35529, 6.59199 ], [ 2.35393, 6.59181 ], [ 2.35366, 6.59226 ], [ 2.35321, 6.59163 ], [ 2.35294, 6.59181 ], [ 2.35321, 6.59299 ], [ 2.35248, 6.59335 ], [ 2.35321, 6.59353 ], [ 2.35357, 6.59407 ] ] ], [ [ [ 2.33874, 6.58935 ], [ 2.33865, 6.58863 ], [ 2.33937, 6.58799 ], [ 2.34019, 6.58827 ], [ 2.33937, 6.58673 ], [ 2.33838, 6.587 ], [ 2.33811, 6.58763 ], [ 2.3382, 6.58844 ], [ 2.33856, 6.58872 ], [ 2.33819, 6.58917 ], [ 2.33874, 6.58935 ] ] ], [ [ [ 2.33756, 6.58962 ], [ 2.33765, 6.58808 ], [ 2.3362, 6.58862 ], [ 2.33693, 6.58926 ], [ 2.33711, 6.59007 ], [ 2.33756, 6.58962 ] ] ], [ [ [ 2.33448, 6.59351 ], [ 2.33548, 6.59224 ], [ 2.3353, 6.59143 ], [ 2.33484, 6.59161 ], [ 2.33475, 6.59224 ], [ 2.3343, 6.59206 ], [ 2.33457, 6.59152 ], [ 2.3343, 6.59097 ], [ 2.3353, 6.58998 ], [ 2.33485, 6.58781 ], [ 2.33422, 6.58781 ], [ 2.33431, 6.58744 ], [ 2.33394, 6.58735 ], [ 2.33322, 6.58789 ], [ 2.3325, 6.58726 ], [ 2.33195, 6.58798 ], [ 2.3325, 6.58789 ], [ 2.33295, 6.58862 ], [ 2.3334, 6.58826 ], [ 2.33367, 6.58844 ], [ 2.33286, 6.58979 ], [ 2.33304, 6.5907 ], [ 2.33385, 6.5916 ], [ 2.33349, 6.59224 ], [ 2.33303, 6.59224 ], [ 2.33267, 6.5916 ], [ 2.33213, 6.59169 ], [ 2.33195, 6.59224 ], [ 2.33303, 6.59305 ], [ 2.33358, 6.59305 ], [ 2.3334, 6.59251 ], [ 2.33403, 6.59242 ], [ 2.33448, 6.59351 ] ] ], [ [ [ 2.33701, 6.59315 ], [ 2.33665, 6.59278 ], [ 2.33729, 6.59206 ], [ 2.33738, 6.59061 ], [ 2.33647, 6.59025 ], [ 2.33647, 6.59161 ], [ 2.33557, 6.59197 ], [ 2.33602, 6.59305 ], [ 2.33566, 6.59369 ], [ 2.33683, 6.5936 ], [ 2.33701, 6.59315 ] ] ], [ [ [ 2.36072, 6.59372 ], [ 2.36054, 6.59218 ], [ 2.36008, 6.59227 ], [ 2.35954, 6.59173 ], [ 2.36036, 6.5911 ], [ 2.35927, 6.59055 ], [ 2.35909, 6.59137 ], [ 2.35936, 6.59209 ], [ 2.35864, 6.59236 ], [ 2.35854, 6.59299 ], [ 2.35936, 6.59309 ], [ 2.35954, 6.59245 ], [ 2.35963, 6.59345 ], [ 2.35999, 6.59372 ], [ 2.36072, 6.59372 ] ] ], [ [ [ 2.34994, 6.59886 ], [ 2.35139, 6.59832 ], [ 2.3513, 6.59751 ], [ 2.35184, 6.59733 ], [ 2.35203, 6.59642 ], [ 2.35121, 6.59579 ], [ 2.3504, 6.59633 ], [ 2.34986, 6.59561 ], [ 2.3494, 6.5957 ], [ 2.34913, 6.59642 ], [ 2.34841, 6.59597 ], [ 2.34859, 6.59488 ], [ 2.3495, 6.59461 ], [ 2.34923, 6.59407 ], [ 2.34859, 6.59398 ], [ 2.3485, 6.59352 ], [ 2.3495, 6.59362 ], [ 2.34959, 6.59217 ], [ 2.34923, 6.59208 ], [ 2.34859, 6.59316 ], [ 2.34805, 6.59199 ], [ 2.3486, 6.5909 ], [ 2.34724, 6.59081 ], [ 2.34706, 6.59045 ], [ 2.34796, 6.58999 ], [ 2.34806, 6.58927 ], [ 2.34878, 6.58918 ], [ 2.34905, 6.58982 ], [ 2.34959, 6.58927 ], [ 2.34905, 6.58801 ], [ 2.34806, 6.58846 ], [ 2.34715, 6.58755 ], [ 2.34652, 6.58827 ], [ 2.34598, 6.58827 ], [ 2.34625, 6.58918 ], [ 2.34661, 6.58909 ], [ 2.3467, 6.58846 ], [ 2.34706, 6.58864 ], [ 2.34652, 6.58963 ], [ 2.34679, 6.59026 ], [ 2.34652, 6.59099 ], [ 2.34697, 6.59126 ], [ 2.34688, 6.59162 ], [ 2.34633, 6.59153 ], [ 2.34561, 6.59026 ], [ 2.34489, 6.5908 ], [ 2.34534, 6.59153 ], [ 2.34597, 6.59171 ], [ 2.34606, 6.59225 ], [ 2.34678, 6.59244 ], [ 2.34678, 6.5928 ], [ 2.34606, 6.59298 ], [ 2.34579, 6.59253 ], [ 2.34579, 6.59289 ], [ 2.34507, 6.5928 ], [ 2.34488, 6.59316 ], [ 2.34515, 6.59388 ], [ 2.34579, 6.59406 ], [ 2.34642, 6.59515 ], [ 2.34705, 6.59479 ], [ 2.34732, 6.59497 ], [ 2.34732, 6.59624 ], [ 2.34796, 6.59597 ], [ 2.34841, 6.59624 ], [ 2.34823, 6.5975 ], [ 2.34877, 6.5975 ], [ 2.34877, 6.59805 ], [ 2.34994, 6.59886 ] ] ], [ [ [ 2.33231, 6.59459 ], [ 2.3333, 6.59405 ], [ 2.33258, 6.5935 ], [ 2.33213, 6.59386 ], [ 2.3314, 6.59296 ], [ 2.33131, 6.59377 ], [ 2.33194, 6.59486 ], [ 2.33222, 6.59504 ], [ 2.33231, 6.59459 ] ] ], [ [ [ 2.32489, 6.59594 ], [ 2.32489, 6.59458 ], [ 2.32398, 6.59449 ], [ 2.32398, 6.59421 ], [ 2.32471, 6.59422 ], [ 2.32507, 6.59376 ], [ 2.32426, 6.59358 ], [ 2.32426, 6.59304 ], [ 2.32372, 6.59241 ], [ 2.32371, 6.5943 ], [ 2.3229, 6.59467 ], [ 2.32416, 6.59566 ], [ 2.32434, 6.59621 ], [ 2.32489, 6.59594 ] ] ], [ [ [ 2.33511, 6.59767 ], [ 2.33592, 6.59785 ], [ 2.33547, 6.59758 ], [ 2.33529, 6.59676 ], [ 2.33619, 6.59713 ], [ 2.3361, 6.59776 ], [ 2.33746, 6.59767 ], [ 2.338, 6.59686 ], [ 2.33873, 6.59677 ], [ 2.33909, 6.59577 ], [ 2.33972, 6.59577 ], [ 2.34018, 6.59632 ], [ 2.34054, 6.59568 ], [ 2.33963, 6.59496 ], [ 2.33773, 6.5955 ], [ 2.33755, 6.59496 ], [ 2.33819, 6.59451 ], [ 2.33792, 6.59405 ], [ 2.33755, 6.59432 ], [ 2.33656, 6.59414 ], [ 2.33728, 6.59478 ], [ 2.33701, 6.59541 ], [ 2.33592, 6.59514 ], [ 2.3362, 6.59432 ], [ 2.33584, 6.59414 ], [ 2.33556, 6.59559 ], [ 2.33493, 6.59559 ], [ 2.33457, 6.59486 ], [ 2.33412, 6.59495 ], [ 2.33394, 6.59423 ], [ 2.33348, 6.59423 ], [ 2.3333, 6.59486 ], [ 2.3324, 6.59549 ], [ 2.33258, 6.59576 ], [ 2.33321, 6.59558 ], [ 2.33366, 6.59676 ], [ 2.33438, 6.59712 ], [ 2.33375, 6.59748 ], [ 2.33384, 6.59776 ], [ 2.33456, 6.59767 ], [ 2.33502, 6.59803 ], [ 2.33511, 6.59767 ] ] ], [ [ [ 2.34496, 6.60139 ], [ 2.34488, 6.59958 ], [ 2.3446, 6.5994 ], [ 2.34442, 6.60021 ], [ 2.34406, 6.6003 ], [ 2.34343, 6.59994 ], [ 2.34343, 6.59895 ], [ 2.34542, 6.59868 ], [ 2.34533, 6.5975 ], [ 2.34569, 6.59705 ], [ 2.34624, 6.59705 ], [ 2.34669, 6.59624 ], [ 2.34587, 6.59678 ], [ 2.34542, 6.59641 ], [ 2.34452, 6.59687 ], [ 2.34424, 6.5975 ], [ 2.34397, 6.59741 ], [ 2.34325, 6.59623 ], [ 2.34352, 6.5956 ], [ 2.34316, 6.59442 ], [ 2.34144, 6.59496 ], [ 2.34199, 6.59433 ], [ 2.34208, 6.59297 ], [ 2.34154, 6.59207 ], [ 2.34154, 6.5927 ], [ 2.34099, 6.59315 ], [ 2.34099, 6.59433 ], [ 2.34126, 6.5956 ], [ 2.34208, 6.59551 ], [ 2.34153, 6.59632 ], [ 2.34171, 6.59704 ], [ 2.34216, 6.59695 ], [ 2.34234, 6.5975 ], [ 2.34126, 6.59777 ], [ 2.34026, 6.59713 ], [ 2.34072, 6.59786 ], [ 2.33981, 6.59822 ], [ 2.33972, 6.5993 ], [ 2.34026, 6.59876 ], [ 2.34089, 6.59958 ], [ 2.34171, 6.59921 ], [ 2.3418, 6.60003 ], [ 2.34279, 6.6003 ], [ 2.34261, 6.60148 ], [ 2.34334, 6.60075 ], [ 2.34424, 6.60184 ], [ 2.34496, 6.60139 ] ] ], [ [ [ 2.3314, 6.59839 ], [ 2.33266, 6.59757 ], [ 2.33276, 6.59658 ], [ 2.33321, 6.59622 ], [ 2.33276, 6.59622 ], [ 2.33185, 6.59748 ], [ 2.33113, 6.5964 ], [ 2.33059, 6.59621 ], [ 2.33004, 6.59658 ], [ 2.3304, 6.59748 ], [ 2.3314, 6.59839 ] ] ], [ [ [ 2.35609, 6.59969 ], [ 2.35628, 6.59905 ], [ 2.35564, 6.59905 ], [ 2.35555, 6.5986 ], [ 2.357, 6.59896 ], [ 2.35754, 6.59869 ], [ 2.35727, 6.59815 ], [ 2.35655, 6.59833 ], [ 2.35555, 6.59797 ], [ 2.35601, 6.5976 ], [ 2.35592, 6.59679 ], [ 2.35519, 6.59733 ], [ 2.35483, 6.59914 ], [ 2.35447, 6.59869 ], [ 2.3541, 6.59896 ], [ 2.3551, 6.59987 ], [ 2.35609, 6.59969 ] ] ], [ [ [ 2.34171, 6.60211 ], [ 2.34207, 6.60157 ], [ 2.34153, 6.60129 ], [ 2.34153, 6.59994 ], [ 2.34117, 6.59985 ], [ 2.34062, 6.60048 ], [ 2.34098, 6.6012 ], [ 2.34071, 6.60238 ], [ 2.34171, 6.60211 ] ] ], [ [ [ 2.32515, 6.60435 ], [ 2.32605, 6.60272 ], [ 2.32542, 6.60245 ], [ 2.32551, 6.60173 ], [ 2.32443, 6.60181 ], [ 2.32425, 6.60046 ], [ 2.32334, 6.60073 ], [ 2.32325, 6.60118 ], [ 2.32406, 6.60236 ], [ 2.32524, 6.60281 ], [ 2.32524, 6.60317 ], [ 2.3246, 6.60344 ], [ 2.32515, 6.60435 ] ] ], [ [ [ 2.34614, 6.60374 ], [ 2.34713, 6.60347 ], [ 2.3474, 6.60284 ], [ 2.34858, 6.60284 ], [ 2.34849, 6.60248 ], [ 2.3475, 6.60221 ], [ 2.34759, 6.60166 ], [ 2.34723, 6.60121 ], [ 2.34686, 6.6013 ], [ 2.34659, 6.60212 ], [ 2.34578, 6.60211 ], [ 2.34623, 6.60248 ], [ 2.34587, 6.60302 ], [ 2.34586, 6.6042 ], [ 2.34614, 6.60374 ] ] ], [ [ [ 2.35545, 6.60493 ], [ 2.356, 6.60376 ], [ 2.35636, 6.60466 ], [ 2.35663, 6.60466 ], [ 2.35627, 6.60294 ], [ 2.35663, 6.60285 ], [ 2.35663, 6.6033 ], [ 2.35708, 6.60358 ], [ 2.35799, 6.60304 ], [ 2.35654, 6.60249 ], [ 2.35654, 6.60186 ], [ 2.35591, 6.60195 ], [ 2.35555, 6.60276 ], [ 2.35528, 6.60267 ], [ 2.35555, 6.60204 ], [ 2.35519, 6.60195 ], [ 2.35482, 6.6024 ], [ 2.355, 6.60294 ], [ 2.35437, 6.60321 ], [ 2.35347, 6.60276 ], [ 2.35374, 6.60348 ], [ 2.35328, 6.60384 ], [ 2.35455, 6.60439 ], [ 2.355, 6.60511 ], [ 2.35545, 6.60493 ] ] ], [ [ [ 2.32704, 6.60535 ], [ 2.32813, 6.60263 ], [ 2.32994, 6.60327 ], [ 2.32985, 6.6039 ], [ 2.33094, 6.60436 ], [ 2.33112, 6.60481 ], [ 2.33184, 6.60372 ], [ 2.33284, 6.60355 ], [ 2.33302, 6.603 ], [ 2.33266, 6.60336 ], [ 2.33166, 6.60336 ], [ 2.33157, 6.60381 ], [ 2.33103, 6.6039 ], [ 2.33067, 6.60255 ], [ 2.32931, 6.60291 ], [ 2.32913, 6.60245 ], [ 2.32786, 6.60218 ], [ 2.32732, 6.60318 ], [ 2.32623, 6.60372 ], [ 2.32659, 6.60408 ], [ 2.32641, 6.60489 ], [ 2.32704, 6.60535 ] ] ], [ [ [ 2.34423, 6.60808 ], [ 2.34342, 6.60763 ], [ 2.34342, 6.60664 ], [ 2.34378, 6.60627 ], [ 2.34342, 6.60618 ], [ 2.34279, 6.60446 ], [ 2.34351, 6.60383 ], [ 2.34369, 6.60455 ], [ 2.34333, 6.60528 ], [ 2.34405, 6.60465 ], [ 2.34469, 6.60492 ], [ 2.34442, 6.60383 ], [ 2.34523, 6.60392 ], [ 2.34541, 6.60311 ], [ 2.34433, 6.60338 ], [ 2.34261, 6.60274 ], [ 2.34315, 6.60383 ], [ 2.3427, 6.60374 ], [ 2.3417, 6.60491 ], [ 2.34188, 6.60555 ], [ 2.3427, 6.60537 ], [ 2.34297, 6.60564 ], [ 2.34288, 6.60709 ], [ 2.34242, 6.60736 ], [ 2.34224, 6.60808 ], [ 2.34315, 6.60808 ], [ 2.34333, 6.60863 ], [ 2.34423, 6.60808 ] ] ], [ [ [ 2.32804, 6.60661 ], [ 2.32786, 6.60616 ], [ 2.32795, 6.6058 ], [ 2.32849, 6.6058 ], [ 2.3284, 6.60517 ], [ 2.32723, 6.60544 ], [ 2.32686, 6.60589 ], [ 2.32713, 6.60679 ], [ 2.32768, 6.60716 ], [ 2.32804, 6.60661 ] ] ], [ [ [ 2.34658, 6.60754 ], [ 2.34668, 6.60619 ], [ 2.3474, 6.60592 ], [ 2.34758, 6.60483 ], [ 2.34604, 6.60492 ], [ 2.34631, 6.60691 ], [ 2.34604, 6.60718 ], [ 2.34523, 6.60691 ], [ 2.34541, 6.60781 ], [ 2.34658, 6.60754 ] ] ], [ [ [ 2.36097, 6.60865 ], [ 2.3607, 6.60783 ], [ 2.36142, 6.60774 ], [ 2.36133, 6.6072 ], [ 2.35979, 6.60693 ], [ 2.3597, 6.60738 ], [ 2.36015, 6.60774 ], [ 2.35988, 6.60847 ], [ 2.36061, 6.60901 ], [ 2.36097, 6.60865 ] ] ], [ [ [ 2.32649, 6.61141 ], [ 2.32839, 6.61069 ], [ 2.32776, 6.61023 ], [ 2.32776, 6.60978 ], [ 2.32731, 6.60969 ], [ 2.3274, 6.60942 ], [ 2.32822, 6.60915 ], [ 2.32812, 6.6096 ], [ 2.32849, 6.60978 ], [ 2.32849, 6.6087 ], [ 2.32984, 6.60906 ], [ 2.32966, 6.60843 ], [ 2.33039, 6.60761 ], [ 2.33166, 6.60816 ], [ 2.33184, 6.60734 ], [ 2.33265, 6.60716 ], [ 2.33265, 6.60662 ], [ 2.33148, 6.60662 ], [ 2.33139, 6.60626 ], [ 2.33084, 6.60644 ], [ 2.33057, 6.60617 ], [ 2.33048, 6.6058 ], [ 2.33121, 6.6058 ], [ 2.33121, 6.60508 ], [ 2.33066, 6.60535 ], [ 2.33021, 6.60499 ], [ 2.33021, 6.60707 ], [ 2.32958, 6.60671 ], [ 2.32885, 6.60725 ], [ 2.3293, 6.60834 ], [ 2.32831, 6.60788 ], [ 2.32813, 6.60833 ], [ 2.32677, 6.60833 ], [ 2.32632, 6.60933 ], [ 2.32595, 6.60878 ], [ 2.32532, 6.60905 ], [ 2.32541, 6.6105 ], [ 2.32595, 6.61005 ], [ 2.32649, 6.61141 ] ] ], [ [ [ 2.35988, 6.61281 ], [ 2.3606, 6.61172 ], [ 2.36042, 6.61109 ], [ 2.36097, 6.61046 ], [ 2.3616, 6.61055 ], [ 2.3616, 6.60983 ], [ 2.36205, 6.60937 ], [ 2.36241, 6.60937 ], [ 2.36268, 6.61028 ], [ 2.36323, 6.61019 ], [ 2.36232, 6.60874 ], [ 2.36133, 6.60901 ], [ 2.36106, 6.60982 ], [ 2.36006, 6.60901 ], [ 2.35988, 6.60955 ], [ 2.36024, 6.61055 ], [ 2.35852, 6.61127 ], [ 2.35852, 6.61199 ], [ 2.35906, 6.61254 ], [ 2.35988, 6.61281 ] ] ], [ [ [ 2.34947, 6.61207 ], [ 2.35092, 6.61153 ], [ 2.3511, 6.61008 ], [ 2.35065, 6.61008 ], [ 2.35029, 6.61117 ], [ 2.34938, 6.61089 ], [ 2.34948, 6.61017 ], [ 2.34821, 6.61107 ], [ 2.34848, 6.6118 ], [ 2.34884, 6.61162 ], [ 2.34884, 6.61089 ], [ 2.34938, 6.61135 ], [ 2.34947, 6.61207 ] ] ], [ [ [ 2.34739, 6.61469 ], [ 2.34848, 6.61352 ], [ 2.34947, 6.61343 ], [ 2.34893, 6.61298 ], [ 2.34902, 6.61279 ], [ 2.34893, 6.61207 ], [ 2.34811, 6.61352 ], [ 2.34721, 6.61361 ], [ 2.34793, 6.61261 ], [ 2.34839, 6.61252 ], [ 2.34839, 6.61198 ], [ 2.3473, 6.6118 ], [ 2.34712, 6.61125 ], [ 2.34794, 6.61135 ], [ 2.34794, 6.61098 ], [ 2.34703, 6.61044 ], [ 2.3464, 6.61134 ], [ 2.34676, 6.61198 ], [ 2.34594, 6.61216 ], [ 2.34567, 6.6127 ], [ 2.34631, 6.61306 ], [ 2.34585, 6.61379 ], [ 2.34667, 6.61415 ], [ 2.34657, 6.61487 ], [ 2.34739, 6.61469 ] ] ], [ [ [ 2.34585, 6.61505 ], [ 2.34549, 6.61469 ], [ 2.34558, 6.61388 ], [ 2.34477, 6.61387 ], [ 2.3444, 6.61342 ], [ 2.34486, 6.61252 ], [ 2.34423, 6.61225 ], [ 2.34386, 6.61378 ], [ 2.34449, 6.61378 ], [ 2.34522, 6.6146 ], [ 2.34504, 6.61541 ], [ 2.34585, 6.61505 ] ] ], [ [ [ 2.33201, 6.61612 ], [ 2.33318, 6.61603 ], [ 2.33336, 6.61567 ], [ 2.333, 6.61531 ], [ 2.33237, 6.6154 ], [ 2.33228, 6.61494 ], [ 2.33355, 6.61495 ], [ 2.33364, 6.61386 ], [ 2.33328, 6.61431 ], [ 2.33255, 6.61404 ], [ 2.33156, 6.61467 ], [ 2.33156, 6.61503 ], [ 2.3321, 6.61521 ], [ 2.33201, 6.61612 ] ] ], [ [ [ 2.32621, 6.61937 ], [ 2.3264, 6.61747 ], [ 2.32531, 6.61584 ], [ 2.32468, 6.61629 ], [ 2.32567, 6.61738 ], [ 2.32558, 6.61783 ], [ 2.32612, 6.61801 ], [ 2.32567, 6.61901 ], [ 2.32621, 6.61937 ] ] ], [ [ [ 2.33037, 6.61838 ], [ 2.33065, 6.61766 ], [ 2.32902, 6.61684 ], [ 2.3292, 6.61756 ], [ 2.32875, 6.61756 ], [ 2.32866, 6.61801 ], [ 2.3292, 6.61892 ], [ 2.33046, 6.6191 ], [ 2.33065, 6.61865 ], [ 2.33037, 6.61838 ] ] ], [ [ [ 2.34295, 6.61921 ], [ 2.34476, 6.6184 ], [ 2.34485, 6.61786 ], [ 2.34286, 6.61767 ], [ 2.34205, 6.61695 ], [ 2.34169, 6.61758 ], [ 2.34186, 6.61857 ], [ 2.34268, 6.61885 ], [ 2.34295, 6.61849 ], [ 2.34295, 6.61921 ] ] ], [ [ [ 2.3313, 6.66805 ], [ 2.33139, 6.66832 ], [ 2.33139, 6.66805 ], [ 2.3313, 6.66805 ] ] ], [ [ [ 2.38013, 6.47487 ], [ 2.38067, 6.47505 ], [ 2.38067, 6.47469 ], [ 2.38004, 6.47432 ], [ 2.38022, 6.47369 ], [ 2.37968, 6.4736 ], [ 2.37914, 6.47396 ], [ 2.37914, 6.4745 ], [ 2.37841, 6.47468 ], [ 2.37841, 6.47505 ], [ 2.37932, 6.47559 ], [ 2.3804, 6.4755 ], [ 2.38013, 6.47487 ] ] ], [ [ [ 2.39703, 6.49126 ], [ 2.39639, 6.49018 ], [ 2.3964, 6.48927 ], [ 2.39594, 6.48855 ], [ 2.39594, 6.4909 ], [ 2.39648, 6.49162 ], [ 2.39703, 6.49126 ] ] ], [ [ [ 2.39684, 6.4947 ], [ 2.39775, 6.49271 ], [ 2.39621, 6.49199 ], [ 2.39603, 6.49235 ], [ 2.39639, 6.49307 ], [ 2.39594, 6.49343 ], [ 2.39648, 6.49361 ], [ 2.39621, 6.49416 ], [ 2.39684, 6.4947 ] ] ], [ [ [ 2.38038, 6.49577 ], [ 2.38083, 6.49559 ], [ 2.38074, 6.49504 ], [ 2.3811, 6.49459 ], [ 2.38219, 6.49514 ], [ 2.38282, 6.49441 ], [ 2.38183, 6.49468 ], [ 2.38174, 6.49432 ], [ 2.38119, 6.49441 ], [ 2.38065, 6.49396 ], [ 2.37966, 6.49477 ], [ 2.37911, 6.49387 ], [ 2.37848, 6.49377 ], [ 2.3783, 6.4945 ], [ 2.37956, 6.49477 ], [ 2.37938, 6.49558 ], [ 2.37993, 6.49559 ], [ 2.38047, 6.49613 ], [ 2.38038, 6.49577 ] ] ], [ [ [ 2.3924, 6.49886 ], [ 2.39132, 6.4984 ], [ 2.39168, 6.49777 ], [ 2.39105, 6.49732 ], [ 2.3905, 6.49858 ], [ 2.39123, 6.49849 ], [ 2.39159, 6.49949 ], [ 2.39222, 6.4994 ], [ 2.3924, 6.49886 ] ] ], [ [ [ 2.37539, 6.50372 ], [ 2.37485, 6.50236 ], [ 2.3763, 6.50191 ], [ 2.37657, 6.5011 ], [ 2.37811, 6.50155 ], [ 2.3782, 6.50083 ], [ 2.38227, 6.49939 ], [ 2.38245, 6.49894 ], [ 2.38336, 6.49876 ], [ 2.38363, 6.49821 ], [ 2.38607, 6.49686 ], [ 2.38626, 6.49704 ], [ 2.38562, 6.49803 ], [ 2.38653, 6.49858 ], [ 2.38671, 6.49912 ], [ 2.38815, 6.49867 ], [ 2.38852, 6.49822 ], [ 2.38915, 6.49876 ], [ 2.38987, 6.49867 ], [ 2.38987, 6.49714 ], [ 2.38779, 6.49614 ], [ 2.38798, 6.49578 ], [ 2.38879, 6.49569 ], [ 2.38888, 6.49605 ], [ 2.3896, 6.49578 ], [ 2.39015, 6.49686 ], [ 2.39078, 6.49677 ], [ 2.39087, 6.49596 ], [ 2.39168, 6.49659 ], [ 2.39223, 6.49605 ], [ 2.39295, 6.49605 ], [ 2.39268, 6.49714 ], [ 2.39322, 6.49741 ], [ 2.39295, 6.49877 ], [ 2.3934, 6.49895 ], [ 2.3943, 6.49868 ], [ 2.3943, 6.49832 ], [ 2.39358, 6.49823 ], [ 2.39431, 6.4975 ], [ 2.39349, 6.49723 ], [ 2.39322, 6.49623 ], [ 2.39485, 6.49569 ], [ 2.39485, 6.49633 ], [ 2.39422, 6.49678 ], [ 2.39458, 6.49714 ], [ 2.39576, 6.49542 ], [ 2.39223, 6.49569 ], [ 2.39232, 6.49506 ], [ 2.39286, 6.49533 ], [ 2.39313, 6.49506 ], [ 2.39223, 6.4946 ], [ 2.39241, 6.49307 ], [ 2.39196, 6.49289 ], [ 2.3915, 6.49488 ], [ 2.39087, 6.4956 ], [ 2.3896, 6.49551 ], [ 2.38906, 6.49505 ], [ 2.38861, 6.49551 ], [ 2.38707, 6.4955 ], [ 2.38635, 6.49605 ], [ 2.38553, 6.49568 ], [ 2.38535, 6.49677 ], [ 2.38101, 6.49957 ], [ 2.38083, 6.49893 ], [ 2.37911, 6.49812 ], [ 2.37884, 6.49848 ], [ 2.37965, 6.49866 ], [ 2.37965, 6.49902 ], [ 2.37829, 6.50038 ], [ 2.37784, 6.49911 ], [ 2.37621, 6.49839 ], [ 2.37657, 6.49983 ], [ 2.37522, 6.50101 ], [ 2.37458, 6.50236 ], [ 2.37377, 6.503 ], [ 2.37422, 6.5039 ], [ 2.37539, 6.50372 ] ] ], [ [ [ 2.38489, 6.50129 ], [ 2.38652, 6.50093 ], [ 2.38652, 6.50066 ], [ 2.38616, 6.50012 ], [ 2.38535, 6.49984 ], [ 2.38562, 6.49903 ], [ 2.38625, 6.4993 ], [ 2.38544, 6.49831 ], [ 2.38544, 6.49885 ], [ 2.38435, 6.49957 ], [ 2.38426, 6.50002 ], [ 2.38489, 6.50129 ] ] ], [ [ [ 2.40018, 6.50502 ], [ 2.39945, 6.50375 ], [ 2.39846, 6.50366 ], [ 2.39927, 6.50294 ], [ 2.39918, 6.50221 ], [ 2.39864, 6.50176 ], [ 2.39882, 6.50122 ], [ 2.39846, 6.50095 ], [ 2.39873, 6.5004 ], [ 2.39837, 6.50013 ], [ 2.39837, 6.50212 ], [ 2.39882, 6.50257 ], [ 2.3981, 6.50284 ], [ 2.39774, 6.50375 ], [ 2.39719, 6.50348 ], [ 2.39593, 6.50429 ], [ 2.39601, 6.50501 ], [ 2.39936, 6.50692 ], [ 2.40017, 6.50665 ], [ 2.40018, 6.50502 ] ] ], [ [ [ 2.38669, 6.50781 ], [ 2.38805, 6.50663 ], [ 2.38896, 6.50446 ], [ 2.3886, 6.50428 ], [ 2.38751, 6.50509 ], [ 2.3848, 6.50382 ], [ 2.38588, 6.50572 ], [ 2.38624, 6.50763 ], [ 2.38669, 6.50781 ] ] ], [ [ [ 2.3857, 6.50717 ], [ 2.38516, 6.50545 ], [ 2.38426, 6.50563 ], [ 2.38417, 6.50527 ], [ 2.38353, 6.50536 ], [ 2.3829, 6.50455 ], [ 2.38263, 6.50473 ], [ 2.38317, 6.50563 ], [ 2.38507, 6.50654 ], [ 2.38543, 6.50735 ], [ 2.3857, 6.50717 ] ] ], [ [ [ 2.40116, 6.51072 ], [ 2.40071, 6.50981 ], [ 2.39809, 6.50782 ], [ 2.39755, 6.50782 ], [ 2.39854, 6.50918 ], [ 2.39845, 6.5099 ], [ 2.39972, 6.5099 ], [ 2.39972, 6.51054 ], [ 2.40062, 6.51108 ], [ 2.40116, 6.51072 ] ] ], [ [ [ 2.37158, 6.51159 ], [ 2.37285, 6.50996 ], [ 2.3724, 6.50878 ], [ 2.37313, 6.5086 ], [ 2.37313, 6.50734 ], [ 2.37258, 6.50734 ], [ 2.37177, 6.5086 ], [ 2.37222, 6.50969 ], [ 2.37113, 6.50969 ], [ 2.37122, 6.5105 ], [ 2.37086, 6.51113 ], [ 2.37158, 6.51159 ] ] ], [ [ [ 2.37439, 6.51232 ], [ 2.37493, 6.51069 ], [ 2.37538, 6.51051 ], [ 2.37538, 6.51087 ], [ 2.37629, 6.51087 ], [ 2.37674, 6.51141 ], [ 2.37656, 6.51024 ], [ 2.37566, 6.51051 ], [ 2.37575, 6.50933 ], [ 2.37466, 6.51069 ], [ 2.37439, 6.51232 ] ] ], [ [ [ 2.39473, 6.51713 ], [ 2.39338, 6.51668 ], [ 2.39293, 6.51596 ], [ 2.39293, 6.51523 ], [ 2.39383, 6.5146 ], [ 2.39356, 6.51415 ], [ 2.39402, 6.51315 ], [ 2.39383, 6.5127 ], [ 2.39293, 6.51315 ], [ 2.39311, 6.51379 ], [ 2.39284, 6.51424 ], [ 2.39202, 6.51415 ], [ 2.39148, 6.51505 ], [ 2.39103, 6.51505 ], [ 2.39094, 6.51469 ], [ 2.38994, 6.51478 ], [ 2.38922, 6.51315 ], [ 2.38895, 6.51378 ], [ 2.38759, 6.51387 ], [ 2.38841, 6.51278 ], [ 2.38805, 6.51116 ], [ 2.38895, 6.51007 ], [ 2.38878, 6.507 ], [ 2.38905, 6.50627 ], [ 2.39059, 6.50501 ], [ 2.39068, 6.50446 ], [ 2.39032, 6.5041 ], [ 2.38751, 6.50835 ], [ 2.38697, 6.50853 ], [ 2.3866, 6.50916 ], [ 2.38624, 6.51088 ], [ 2.3857, 6.51133 ], [ 2.38578, 6.51215 ], [ 2.38515, 6.51233 ], [ 2.38398, 6.51043 ], [ 2.38371, 6.51052 ], [ 2.3838, 6.51106 ], [ 2.38461, 6.51178 ], [ 2.38443, 6.51242 ], [ 2.38506, 6.51296 ], [ 2.38587, 6.5126 ], [ 2.38633, 6.51332 ], [ 2.38714, 6.51333 ], [ 2.38723, 6.51423 ], [ 2.3866, 6.51459 ], [ 2.38687, 6.51514 ], [ 2.38732, 6.51432 ], [ 2.38786, 6.51459 ], [ 2.38741, 6.5155 ], [ 2.38795, 6.51586 ], [ 2.38768, 6.5164 ], [ 2.38822, 6.51704 ], [ 2.38913, 6.51713 ], [ 2.38967, 6.51758 ], [ 2.39274, 6.51804 ], [ 2.39374, 6.51777 ], [ 2.39428, 6.51813 ], [ 2.39491, 6.51804 ], [ 2.39473, 6.51713 ] ] ], [ [ [ 2.37927, 6.51314 ], [ 2.38072, 6.51196 ], [ 2.38244, 6.51269 ], [ 2.38343, 6.51269 ], [ 2.38352, 6.51233 ], [ 2.38244, 6.51242 ], [ 2.38054, 6.51169 ], [ 2.38027, 6.51124 ], [ 2.38009, 6.51205 ], [ 2.37936, 6.5125 ], [ 2.379, 6.51332 ], [ 2.37809, 6.5135 ], [ 2.379, 6.51377 ], [ 2.37927, 6.51314 ] ] ], [ [ [ 2.38062, 6.51594 ], [ 2.38053, 6.51531 ], [ 2.38099, 6.51459 ], [ 2.38017, 6.51422 ], [ 2.37963, 6.51513 ], [ 2.37972, 6.5163 ], [ 2.38026, 6.51639 ], [ 2.38062, 6.51594 ] ] ], [ [ [ 2.38541, 6.52011 ], [ 2.38623, 6.51921 ], [ 2.38605, 6.51821 ], [ 2.38478, 6.51649 ], [ 2.38388, 6.51613 ], [ 2.38379, 6.51667 ], [ 2.38424, 6.51703 ], [ 2.38397, 6.51821 ], [ 2.3846, 6.5183 ], [ 2.38406, 6.51929 ], [ 2.3846, 6.52038 ], [ 2.38541, 6.52011 ] ] ], [ [ [ 2.37745, 6.52408 ], [ 2.37564, 6.5239 ], [ 2.37546, 6.52317 ], [ 2.37528, 6.52353 ], [ 2.37446, 6.52335 ], [ 2.37401, 6.52236 ], [ 2.37483, 6.52245 ], [ 2.37474, 6.52209 ], [ 2.37374, 6.52227 ], [ 2.37211, 6.52136 ], [ 2.37492, 6.52408 ], [ 2.37754, 6.52471 ], [ 2.37745, 6.52408 ] ] ], [ [ [ 2.38441, 6.52653 ], [ 2.38496, 6.5249 ], [ 2.3845, 6.52436 ], [ 2.38423, 6.52445 ], [ 2.38423, 6.52572 ], [ 2.38387, 6.5259 ], [ 2.3836, 6.52535 ], [ 2.38342, 6.52617 ], [ 2.38369, 6.52689 ], [ 2.38441, 6.52653 ] ] ], [ [ [ 2.39644, 6.52944 ], [ 2.39743, 6.52836 ], [ 2.3968, 6.52827 ], [ 2.3959, 6.52718 ], [ 2.39554, 6.52754 ], [ 2.39436, 6.52754 ], [ 2.39382, 6.52817 ], [ 2.39517, 6.52935 ], [ 2.39644, 6.52944 ] ] ], [ [ [ 2.38043, 6.52888 ], [ 2.38115, 6.52897 ], [ 2.38106, 6.52852 ], [ 2.38179, 6.52825 ], [ 2.38206, 6.5277 ], [ 2.38097, 6.52752 ], [ 2.38097, 6.52843 ], [ 2.38016, 6.52824 ], [ 2.3797, 6.5287 ], [ 2.3797, 6.5296 ], [ 2.38025, 6.5296 ], [ 2.38043, 6.52888 ] ] ], [ [ [ 2.37427, 6.53131 ], [ 2.37744, 6.53068 ], [ 2.37744, 6.53023 ], [ 2.3788, 6.5296 ], [ 2.3788, 6.52924 ], [ 2.37798, 6.52942 ], [ 2.37672, 6.53041 ], [ 2.37219, 6.53113 ], [ 2.37183, 6.53176 ], [ 2.37409, 6.53186 ], [ 2.37427, 6.53131 ] ] ], [ [ [ 2.38205, 6.53458 ], [ 2.38259, 6.53467 ], [ 2.38295, 6.53404 ], [ 2.38286, 6.53331 ], [ 2.38332, 6.53277 ], [ 2.38314, 6.53205 ], [ 2.38368, 6.53178 ], [ 2.38395, 6.53069 ], [ 2.38359, 6.53069 ], [ 2.38305, 6.53205 ], [ 2.38259, 6.53232 ], [ 2.3825, 6.5334 ], [ 2.38178, 6.53422 ], [ 2.38169, 6.53503 ], [ 2.38205, 6.53458 ] ] ], [ [ [ 2.37116, 6.55981 ], [ 2.37152, 6.55908 ], [ 2.37135, 6.557 ], [ 2.37171, 6.55691 ], [ 2.37117, 6.55619 ], [ 2.37171, 6.55574 ], [ 2.37171, 6.55528 ], [ 2.37117, 6.55402 ], [ 2.36981, 6.55302 ], [ 2.36963, 6.55329 ], [ 2.36999, 6.55402 ], [ 2.37054, 6.55393 ], [ 2.37044, 6.55465 ], [ 2.37099, 6.55465 ], [ 2.37108, 6.55501 ], [ 2.37044, 6.5551 ], [ 2.37017, 6.55492 ], [ 2.37035, 6.55447 ], [ 2.36981, 6.55456 ], [ 2.36936, 6.55528 ], [ 2.36981, 6.5561 ], [ 2.3689, 6.55664 ], [ 2.37071, 6.55727 ], [ 2.37008, 6.55809 ], [ 2.37071, 6.55836 ], [ 2.37044, 6.55999 ], [ 2.37116, 6.55981 ] ] ], [ [ [ 2.37694, 6.57031 ], [ 2.37802, 6.56995 ], [ 2.37803, 6.56823 ], [ 2.3783, 6.56733 ], [ 2.37948, 6.56579 ], [ 2.37957, 6.56452 ], [ 2.3793, 6.56416 ], [ 2.37975, 6.56389 ], [ 2.37975, 6.56335 ], [ 2.38011, 6.56362 ], [ 2.38002, 6.56434 ], [ 2.38038, 6.56434 ], [ 2.38129, 6.56253 ], [ 2.38201, 6.56226 ], [ 2.38193, 6.56163 ], [ 2.38274, 6.56163 ], [ 2.38364, 6.56091 ], [ 2.38365, 6.56019 ], [ 2.38328, 6.55991 ], [ 2.38247, 6.55991 ], [ 2.38175, 6.56073 ], [ 2.38175, 6.55892 ], [ 2.38148, 6.55855 ], [ 2.38075, 6.55873 ], [ 2.3813, 6.55774 ], [ 2.38193, 6.55774 ], [ 2.38166, 6.55747 ], [ 2.38193, 6.5572 ], [ 2.38311, 6.55838 ], [ 2.38311, 6.55783 ], [ 2.38184, 6.55684 ], [ 2.38184, 6.55439 ], [ 2.38348, 6.54906 ], [ 2.38429, 6.54906 ], [ 2.38519, 6.5525 ], [ 2.38492, 6.55286 ], [ 2.38619, 6.55322 ], [ 2.38628, 6.55404 ], [ 2.38528, 6.55431 ], [ 2.38519, 6.55467 ], [ 2.38619, 6.55485 ], [ 2.38673, 6.55639 ], [ 2.38718, 6.55675 ], [ 2.38691, 6.55747 ], [ 2.38736, 6.55784 ], [ 2.38763, 6.55892 ], [ 2.3888, 6.55947 ], [ 2.39034, 6.55875 ], [ 2.38998, 6.55739 ], [ 2.38917, 6.55739 ], [ 2.3889, 6.55576 ], [ 2.38827, 6.55512 ], [ 2.38854, 6.55404 ], [ 2.38917, 6.55359 ], [ 2.38917, 6.55268 ], [ 2.38872, 6.55223 ], [ 2.38926, 6.55187 ], [ 2.38764, 6.5516 ], [ 2.38727, 6.55214 ], [ 2.38637, 6.55232 ], [ 2.38682, 6.55159 ], [ 2.38682, 6.54988 ], [ 2.38583, 6.54924 ], [ 2.38538, 6.54716 ], [ 2.3843, 6.54616 ], [ 2.38457, 6.54526 ], [ 2.38394, 6.5449 ], [ 2.38321, 6.54254 ], [ 2.38294, 6.54263 ], [ 2.38303, 6.54318 ], [ 2.38249, 6.54318 ], [ 2.38258, 6.54381 ], [ 2.38321, 6.54426 ], [ 2.3833, 6.54526 ], [ 2.38285, 6.54634 ], [ 2.38312, 6.54707 ], [ 2.38203, 6.54734 ], [ 2.38203, 6.54779 ], [ 2.38267, 6.5477 ], [ 2.38294, 6.54851 ], [ 2.38194, 6.55023 ], [ 2.38067, 6.55086 ], [ 2.3804, 6.55222 ], [ 2.38076, 6.55385 ], [ 2.38012, 6.55466 ], [ 2.38039, 6.55539 ], [ 2.37976, 6.55584 ], [ 2.37949, 6.55701 ], [ 2.37894, 6.55747 ], [ 2.3794, 6.55855 ], [ 2.37885, 6.55927 ], [ 2.37949, 6.55946 ], [ 2.37967, 6.56027 ], [ 2.37885, 6.56081 ], [ 2.3784, 6.56036 ], [ 2.37776, 6.56063 ], [ 2.37831, 6.56172 ], [ 2.3793, 6.56136 ], [ 2.37921, 6.56217 ], [ 2.37849, 6.5628 ], [ 2.37876, 6.56344 ], [ 2.37794, 6.56343 ], [ 2.37731, 6.56244 ], [ 2.37668, 6.56235 ], [ 2.37677, 6.56343 ], [ 2.37749, 6.56407 ], [ 2.37586, 6.56407 ], [ 2.37423, 6.5675 ], [ 2.37287, 6.56759 ], [ 2.37332, 6.56931 ], [ 2.37522, 6.57112 ], [ 2.37658, 6.57139 ], [ 2.37694, 6.57031 ] ] ], [ [ [ 2.36817, 6.56207 ], [ 2.36935, 6.56035 ], [ 2.36899, 6.5598 ], [ 2.36827, 6.56017 ], [ 2.36637, 6.56025 ], [ 2.36637, 6.56062 ], [ 2.36709, 6.56071 ], [ 2.36736, 6.56197 ], [ 2.36817, 6.56207 ] ] ], [ [ [ 2.37342, 6.56461 ], [ 2.37496, 6.56334 ], [ 2.37478, 6.56271 ], [ 2.37369, 6.56352 ], [ 2.3727, 6.56334 ], [ 2.37333, 6.56298 ], [ 2.37297, 6.56108 ], [ 2.37369, 6.56044 ], [ 2.37442, 6.56035 ], [ 2.37451, 6.55999 ], [ 2.37397, 6.5599 ], [ 2.37342, 6.56053 ], [ 2.37225, 6.5608 ], [ 2.37107, 6.56243 ], [ 2.36998, 6.56243 ], [ 2.37016, 6.56288 ], [ 2.37143, 6.5627 ], [ 2.37197, 6.5637 ], [ 2.37224, 6.56289 ], [ 2.37342, 6.56461 ] ] ], [ [ [ 2.39386, 6.56897 ], [ 2.39259, 6.56716 ], [ 2.39214, 6.56635 ], [ 2.39214, 6.56508 ], [ 2.39115, 6.56399 ], [ 2.39124, 6.56363 ], [ 2.39215, 6.56336 ], [ 2.39197, 6.5621 ], [ 2.39142, 6.56182 ], [ 2.39142, 6.5611 ], [ 2.39034, 6.56028 ], [ 2.38889, 6.56137 ], [ 2.38961, 6.56291 ], [ 2.38853, 6.56408 ], [ 2.38862, 6.56444 ], [ 2.3878, 6.56444 ], [ 2.3878, 6.56399 ], [ 2.38825, 6.56372 ], [ 2.38744, 6.56318 ], [ 2.38726, 6.56345 ], [ 2.3878, 6.56381 ], [ 2.38681, 6.56453 ], [ 2.3869, 6.56516 ], [ 2.38735, 6.56589 ], [ 2.38898, 6.56607 ], [ 2.39006, 6.56535 ], [ 2.38979, 6.56426 ], [ 2.39015, 6.5639 ], [ 2.39042, 6.5649 ], [ 2.39097, 6.56472 ], [ 2.39124, 6.56662 ], [ 2.39196, 6.56689 ], [ 2.3925, 6.56834 ], [ 2.39331, 6.56924 ], [ 2.39386, 6.56897 ] ] ], [ [ [ 2.36654, 6.56731 ], [ 2.36591, 6.56731 ], [ 2.36591, 6.56641 ], [ 2.36618, 6.56595 ], [ 2.3669, 6.56595 ], [ 2.36681, 6.56487 ], [ 2.36627, 6.56514 ], [ 2.36609, 6.56432 ], [ 2.36546, 6.56414 ], [ 2.36582, 6.56604 ], [ 2.36545, 6.5665 ], [ 2.36563, 6.56749 ], [ 2.36645, 6.56803 ], [ 2.36654, 6.56731 ] ] ], [ [ [ 2.36925, 6.57075 ], [ 2.37043, 6.56858 ], [ 2.37088, 6.5684 ], [ 2.37079, 6.56777 ], [ 2.36998, 6.56695 ], [ 2.36952, 6.56759 ], [ 2.37016, 6.56795 ], [ 2.37025, 6.56867 ], [ 2.3697, 6.56858 ], [ 2.36979, 6.56903 ], [ 2.36943, 6.56912 ], [ 2.36898, 6.56804 ], [ 2.36826, 6.56795 ], [ 2.36862, 6.5684 ], [ 2.36807, 6.56912 ], [ 2.36907, 6.56976 ], [ 2.36925, 6.57075 ] ] ], [ [ [ 2.36769, 6.58459 ], [ 2.36769, 6.58423 ], [ 2.36697, 6.58423 ], [ 2.36724, 6.5836 ], [ 2.36634, 6.58341 ], [ 2.36607, 6.58296 ], [ 2.36471, 6.58359 ], [ 2.36543, 6.58423 ], [ 2.36652, 6.5845 ], [ 2.36688, 6.58513 ], [ 2.36769, 6.58459 ] ] ], [ [ [ 2.36335, 6.58839 ], [ 2.36407, 6.58739 ], [ 2.36371, 6.58631 ], [ 2.36217, 6.58685 ], [ 2.36217, 6.5873 ], [ 2.36298, 6.58757 ], [ 2.36335, 6.58839 ] ] ], [ [ [ 2.36469, 6.59572 ], [ 2.36587, 6.59536 ], [ 2.36578, 6.59499 ], [ 2.36515, 6.59481 ], [ 2.36551, 6.59445 ], [ 2.36678, 6.59481 ], [ 2.36596, 6.59373 ], [ 2.36596, 6.59291 ], [ 2.36515, 6.59201 ], [ 2.36569, 6.59156 ], [ 2.36542, 6.59092 ], [ 2.36642, 6.58975 ], [ 2.36741, 6.59101 ], [ 2.36805, 6.59129 ], [ 2.36913, 6.59147 ], [ 2.3694, 6.59129 ], [ 2.36922, 6.59075 ], [ 2.36995, 6.59102 ], [ 2.37004, 6.59011 ], [ 2.36895, 6.58975 ], [ 2.36904, 6.58939 ], [ 2.3695, 6.58939 ], [ 2.36932, 6.58885 ], [ 2.36959, 6.58839 ], [ 2.36769, 6.58803 ], [ 2.36769, 6.58884 ], [ 2.36814, 6.58848 ], [ 2.36841, 6.58866 ], [ 2.36823, 6.58948 ], [ 2.36859, 6.58993 ], [ 2.36823, 6.59038 ], [ 2.36705, 6.58939 ], [ 2.36497, 6.58975 ], [ 2.36533, 6.5902 ], [ 2.36524, 6.59074 ], [ 2.36425, 6.59183 ], [ 2.36388, 6.59137 ], [ 2.36352, 6.59164 ], [ 2.36325, 6.59264 ], [ 2.36415, 6.59264 ], [ 2.36406, 6.594 ], [ 2.36361, 6.59436 ], [ 2.36406, 6.59581 ], [ 2.3646, 6.59617 ], [ 2.36469, 6.59572 ] ] ], [ [ [ 2.3797, 6.60162 ], [ 2.37925, 6.60008 ], [ 2.37953, 6.59981 ], [ 2.38016, 6.5999 ], [ 2.38025, 6.60062 ], [ 2.38061, 6.60026 ], [ 2.38034, 6.59944 ], [ 2.37962, 6.59881 ], [ 2.37889, 6.60017 ], [ 2.37916, 6.60116 ], [ 2.3797, 6.60162 ] ] ], [ [ [ 2.37952, 6.60288 ], [ 2.38097, 6.60243 ], [ 2.38115, 6.60189 ], [ 2.38242, 6.6018 ], [ 2.38233, 6.60053 ], [ 2.38269, 6.5999 ], [ 2.38206, 6.59972 ], [ 2.3817, 6.59999 ], [ 2.38161, 6.60053 ], [ 2.38206, 6.60089 ], [ 2.38188, 6.60153 ], [ 2.38133, 6.60162 ], [ 2.38043, 6.60071 ], [ 2.38079, 6.60153 ], [ 2.38034, 6.60171 ], [ 2.38034, 6.60225 ], [ 2.37952, 6.60207 ], [ 2.37925, 6.60243 ], [ 2.37952, 6.60288 ] ] ], [ [ [ 2.36179, 6.60422 ], [ 2.36251, 6.60367 ], [ 2.3626, 6.60304 ], [ 2.36396, 6.60241 ], [ 2.36369, 6.60169 ], [ 2.36306, 6.60214 ], [ 2.3627, 6.60196 ], [ 2.36306, 6.60141 ], [ 2.36288, 6.60105 ], [ 2.36251, 6.60168 ], [ 2.36224, 6.60168 ], [ 2.36224, 6.60096 ], [ 2.36161, 6.60114 ], [ 2.36143, 6.60159 ], [ 2.36188, 6.60214 ], [ 2.36107, 6.60223 ], [ 2.36125, 6.60268 ], [ 2.36179, 6.60277 ], [ 2.36097, 6.60385 ], [ 2.36179, 6.60422 ] ] ], [ [ [ 2.36422, 6.60929 ], [ 2.36423, 6.60802 ], [ 2.3635, 6.60802 ], [ 2.36341, 6.6072 ], [ 2.36287, 6.60729 ], [ 2.36296, 6.60775 ], [ 2.36269, 6.60775 ], [ 2.36278, 6.60657 ], [ 2.36224, 6.60594 ], [ 2.36169, 6.60612 ], [ 2.36142, 6.60575 ], [ 2.36133, 6.60512 ], [ 2.36179, 6.60467 ], [ 2.36215, 6.60548 ], [ 2.36332, 6.60539 ], [ 2.36323, 6.60494 ], [ 2.3626, 6.60503 ], [ 2.36305, 6.60386 ], [ 2.36251, 6.60386 ], [ 2.36224, 6.60449 ], [ 2.3617, 6.6044 ], [ 2.36133, 6.60476 ], [ 2.36061, 6.60431 ], [ 2.36025, 6.60611 ], [ 2.36097, 6.60602 ], [ 2.36206, 6.60711 ], [ 2.36223, 6.60811 ], [ 2.36269, 6.60793 ], [ 2.36341, 6.60847 ], [ 2.36359, 6.60938 ], [ 2.36422, 6.60929 ] ] ], [ [ [ 2.34836, 6.70353 ], [ 2.34836, 6.70163 ], [ 2.34872, 6.70055 ], [ 2.34773, 6.69991 ], [ 2.34854, 6.69928 ], [ 2.34836, 6.69847 ], [ 2.34692, 6.69801 ], [ 2.34619, 6.69711 ], [ 2.34438, 6.69701 ], [ 2.34194, 6.69574 ], [ 2.34122, 6.69574 ], [ 2.33959, 6.69457 ], [ 2.33869, 6.69484 ], [ 2.33824, 6.69402 ], [ 2.33679, 6.69384 ], [ 2.33652, 6.69339 ], [ 2.33968, 6.69402 ], [ 2.3405, 6.69466 ], [ 2.34095, 6.6943 ], [ 2.3414, 6.69457 ], [ 2.3424, 6.69439 ], [ 2.34375, 6.69466 ], [ 2.34412, 6.6952 ], [ 2.34583, 6.69521 ], [ 2.3462, 6.69566 ], [ 2.3471, 6.69566 ], [ 2.34755, 6.69648 ], [ 2.34936, 6.69675 ], [ 2.35126, 6.69648 ], [ 2.35217, 6.69531 ], [ 2.3528, 6.69522 ], [ 2.35271, 6.69476 ], [ 2.35452, 6.69468 ], [ 2.35461, 6.69386 ], [ 2.35597, 6.69468 ], [ 2.35678, 6.69441 ], [ 2.35697, 6.69359 ], [ 2.3576, 6.69323 ], [ 2.35715, 6.69269 ], [ 2.35824, 6.69215 ], [ 2.3605, 6.69197 ], [ 2.36068, 6.69125 ], [ 2.36104, 6.69134 ], [ 2.36095, 6.69206 ], [ 2.36149, 6.69215 ], [ 2.36177, 6.69107 ], [ 2.36222, 6.69125 ], [ 2.36213, 6.6917 ], [ 2.36249, 6.69206 ], [ 2.36267, 6.69134 ], [ 2.36321, 6.69116 ], [ 2.36285, 6.69043 ], [ 2.36331, 6.68863 ], [ 2.36412, 6.68817 ], [ 2.36449, 6.68736 ], [ 2.36476, 6.68763 ], [ 2.36448, 6.68863 ], [ 2.36494, 6.68881 ], [ 2.36521, 6.68836 ], [ 2.36494, 6.68772 ], [ 2.36539, 6.68736 ], [ 2.36521, 6.68682 ], [ 2.36612, 6.68646 ], [ 2.36575, 6.68564 ], [ 2.3663, 6.68546 ], [ 2.36693, 6.68456 ], [ 2.36811, 6.68438 ], [ 2.36856, 6.68384 ], [ 2.36901, 6.68411 ], [ 2.3691, 6.68682 ], [ 2.36856, 6.68773 ], [ 2.36865, 6.68872 ], [ 2.3681, 6.68981 ], [ 2.36729, 6.69035 ], [ 2.36674, 6.69017 ], [ 2.36774, 6.68881 ], [ 2.36756, 6.68827 ], [ 2.36684, 6.68836 ], [ 2.36666, 6.68872 ], [ 2.36539, 6.68854 ], [ 2.36521, 6.6889 ], [ 2.36557, 6.68917 ], [ 2.36439, 6.69071 ], [ 2.36412, 6.69197 ], [ 2.3633, 6.69279 ], [ 2.36258, 6.69242 ], [ 2.36222, 6.69324 ], [ 2.36176, 6.69279 ], [ 2.36059, 6.69324 ], [ 2.35941, 6.69278 ], [ 2.35941, 6.69323 ], [ 2.35832, 6.69432 ], [ 2.35832, 6.69486 ], [ 2.3576, 6.69586 ], [ 2.35687, 6.69604 ], [ 2.35642, 6.69576 ], [ 2.35588, 6.69658 ], [ 2.35443, 6.69721 ], [ 2.35298, 6.6973 ], [ 2.35126, 6.69811 ], [ 2.35071, 6.70019 ], [ 2.34972, 6.70173 ], [ 2.34963, 6.70281 ], [ 2.3489, 6.70353 ], [ 2.35641, 6.70336 ], [ 2.3565, 6.703 ], [ 2.35786, 6.70255 ], [ 2.35922, 6.70138 ], [ 2.36121, 6.70057 ], [ 2.36148, 6.70002 ], [ 2.36393, 6.69894 ], [ 2.36384, 6.69858 ], [ 2.36447, 6.69867 ], [ 2.36483, 6.69795 ], [ 2.36583, 6.69786 ], [ 2.36628, 6.69722 ], [ 2.36737, 6.69668 ], [ 2.36864, 6.69668 ], [ 2.36873, 6.69569 ], [ 2.36818, 6.69578 ], [ 2.36764, 6.6965 ], [ 2.36683, 6.69587 ], [ 2.3671, 6.69533 ], [ 2.36764, 6.69569 ], [ 2.368, 6.69515 ], [ 2.36746, 6.69478 ], [ 2.36683, 6.69505 ], [ 2.36665, 6.69415 ], [ 2.36791, 6.69451 ], [ 2.36801, 6.69406 ], [ 2.36873, 6.69361 ], [ 2.36918, 6.69379 ], [ 2.36946, 6.69298 ], [ 2.37, 6.69415 ], [ 2.37054, 6.6937 ], [ 2.37, 6.69298 ], [ 2.37081, 6.69352 ], [ 2.37126, 6.69316 ], [ 2.37172, 6.69334 ], [ 2.37172, 6.69388 ], [ 2.37126, 6.69397 ], [ 2.3709, 6.69461 ], [ 2.36954, 6.69433 ], [ 2.36954, 6.6956 ], [ 2.36909, 6.69578 ], [ 2.36954, 6.69605 ], [ 2.37009, 6.69551 ], [ 2.37036, 6.69605 ], [ 2.36999, 6.69641 ], [ 2.3709, 6.69642 ], [ 2.37144, 6.69596 ], [ 2.37253, 6.69615 ], [ 2.37262, 6.69588 ], [ 2.37334, 6.69588 ], [ 2.37334, 6.69551 ], [ 2.37343, 6.69588 ], [ 2.37452, 6.69588 ], [ 2.37443, 6.69561 ], [ 2.37506, 6.69561 ], [ 2.37669, 6.69389 ], [ 2.37669, 6.69344 ], [ 2.3776, 6.6929 ], [ 2.3786, 6.69172 ], [ 2.3786, 6.69118 ], [ 2.38032, 6.68982 ], [ 2.38041, 6.68919 ], [ 2.3815, 6.68892 ], [ 2.38349, 6.68757 ], [ 2.38457, 6.68775 ], [ 2.38629, 6.6892 ], [ 2.38683, 6.6892 ], [ 2.3871, 6.68974 ], [ 2.38982, 6.6911 ], [ 2.38991, 6.69146 ], [ 2.39235, 6.69273 ], [ 2.39407, 6.69418 ], [ 2.39461, 6.69418 ], [ 2.39488, 6.69473 ], [ 2.39877, 6.69527 ], [ 2.39886, 6.69564 ], [ 2.39931, 6.69564 ], [ 2.39904, 6.69509 ], [ 2.40013, 6.69491 ], [ 2.39941, 6.69419 ], [ 2.40085, 6.69383 ], [ 2.40113, 6.69311 ], [ 2.40158, 6.6932 ], [ 2.40149, 6.69229 ], [ 2.40285, 6.69148 ], [ 2.40231, 6.69076 ], [ 2.40185, 6.69112 ], [ 2.40194, 6.69184 ], [ 2.40104, 6.6913 ], [ 2.40086, 6.69184 ], [ 2.40031, 6.69184 ], [ 2.40004, 6.69157 ], [ 2.40031, 6.69093 ], [ 2.39995, 6.69084 ], [ 2.39905, 6.69193 ], [ 2.39823, 6.69166 ], [ 2.39832, 6.69211 ], [ 2.39805, 6.6922 ], [ 2.3976, 6.69175 ], [ 2.39778, 6.69093 ], [ 2.39896, 6.68985 ], [ 2.39814, 6.68957 ], [ 2.3986, 6.68903 ], [ 2.39796, 6.68867 ], [ 2.39796, 6.68822 ], [ 2.39833, 6.68813 ], [ 2.39896, 6.68912 ], [ 2.39986, 6.68831 ], [ 2.39968, 6.68795 ], [ 2.39896, 6.68813 ], [ 2.39896, 6.68786 ], [ 2.39996, 6.68768 ], [ 2.40032, 6.68804 ], [ 2.4005, 6.68686 ], [ 2.40222, 6.6865 ], [ 2.40231, 6.6856 ], [ 2.40086, 6.68587 ], [ 2.4015, 6.68533 ], [ 2.40096, 6.68433 ], [ 2.4024, 6.6846 ], [ 2.40285, 6.68542 ], [ 2.40285, 6.6865 ], [ 2.40439, 6.68651 ], [ 2.40457, 6.68813 ], [ 2.40584, 6.6875 ], [ 2.40647, 6.6875 ], [ 2.40674, 6.68787 ], [ 2.40493, 6.68859 ], [ 2.40339, 6.68877 ], [ 2.40321, 6.6884 ], [ 2.40394, 6.68804 ], [ 2.40367, 6.68669 ], [ 2.40321, 6.68759 ], [ 2.40231, 6.6875 ], [ 2.40213, 6.6884 ], [ 2.40032, 6.6884 ], [ 2.39932, 6.69021 ], [ 2.40068, 6.6894 ], [ 2.40104, 6.6894 ], [ 2.40131, 6.68994 ], [ 2.40185, 6.68967 ], [ 2.40222, 6.68994 ], [ 2.40222, 6.68931 ], [ 2.40276, 6.68958 ], [ 2.40267, 6.69039 ], [ 2.40412, 6.68949 ], [ 2.40484, 6.68958 ], [ 2.40511, 6.69022 ], [ 2.40448, 6.69049 ], [ 2.40393, 6.69157 ], [ 2.40321, 6.69175 ], [ 2.40366, 6.69239 ], [ 2.40203, 6.69347 ], [ 2.40203, 6.69383 ], [ 2.40266, 6.69383 ], [ 2.4023, 6.69537 ], [ 2.40167, 6.69455 ], [ 2.40149, 6.69483 ], [ 2.40076, 6.69464 ], [ 2.40049, 6.69528 ], [ 2.39968, 6.69528 ], [ 2.3994, 6.69564 ], [ 2.40239, 6.69609 ], [ 2.40248, 6.69646 ], [ 2.4032, 6.69646 ], [ 2.40329, 6.69673 ], [ 2.40592, 6.69727 ], [ 2.4071, 6.69501 ], [ 2.40683, 6.69447 ], [ 2.40719, 6.69438 ], [ 2.40764, 6.69483 ], [ 2.40782, 6.69411 ], [ 2.40836, 6.69393 ], [ 2.40818, 6.69483 ], [ 2.40854, 6.69565 ], [ 2.40809, 6.69565 ], [ 2.40818, 6.6961 ], [ 2.40755, 6.69664 ], [ 2.40782, 6.69728 ], [ 2.40664, 6.69682 ], [ 2.40628, 6.69746 ], [ 2.40827, 6.69863 ], [ 2.40899, 6.69836 ], [ 2.40917, 6.69764 ], [ 2.41017, 6.69646 ], [ 2.41171, 6.69565 ], [ 2.4118, 6.69502 ], [ 2.41108, 6.6952 ], [ 2.41072, 6.69429 ], [ 2.41117, 6.69294 ], [ 2.41008, 6.69294 ], [ 2.40991, 6.69131 ], [ 2.41045, 6.69086 ], [ 2.41036, 6.69004 ], [ 2.4109, 6.69095 ], [ 2.41063, 6.6895 ], [ 2.41, 6.68995 ], [ 2.40982, 6.69076 ], [ 2.40946, 6.68959 ], [ 2.40837, 6.69067 ], [ 2.40846, 6.69149 ], [ 2.409, 6.69158 ], [ 2.40963, 6.6923 ], [ 2.40963, 6.69303 ], [ 2.41035, 6.69375 ], [ 2.41026, 6.69411 ], [ 2.40836, 6.69366 ], [ 2.40809, 6.69302 ], [ 2.40764, 6.69357 ], [ 2.40728, 6.69348 ], [ 2.40719, 6.69239 ], [ 2.40683, 6.69257 ], [ 2.40701, 6.69375 ], [ 2.40619, 6.69311 ], [ 2.40556, 6.69338 ], [ 2.40465, 6.69311 ], [ 2.40357, 6.69374 ], [ 2.40312, 6.6932 ], [ 2.40429, 6.69266 ], [ 2.40502, 6.69094 ], [ 2.40656, 6.69094 ], [ 2.40701, 6.68949 ], [ 2.40792, 6.68904 ], [ 2.40801, 6.68841 ], [ 2.40864, 6.68796 ], [ 2.40991, 6.68778 ], [ 2.41063, 6.68941 ], [ 2.41063, 6.68679 ], [ 2.41227, 6.68425 ], [ 2.41227, 6.68335 ], [ 2.41173, 6.68226 ], [ 2.41109, 6.68136 ], [ 2.40947, 6.68018 ], [ 2.40929, 6.67955 ], [ 2.40811, 6.68063 ], [ 2.40793, 6.68172 ], [ 2.40928, 6.6819 ], [ 2.40983, 6.68244 ], [ 2.40973, 6.68289 ], [ 2.40928, 6.68307 ], [ 2.4082, 6.68271 ], [ 2.4082, 6.68325 ], [ 2.40774, 6.68343 ], [ 2.4072, 6.68443 ], [ 2.40639, 6.68398 ], [ 2.40675, 6.68271 ], [ 2.40729, 6.68262 ], [ 2.40747, 6.68316 ], [ 2.40774, 6.68316 ], [ 2.40774, 6.68271 ], [ 2.4072, 6.68217 ], [ 2.40738, 6.68144 ], [ 2.40675, 6.68171 ], [ 2.4063, 6.68099 ], [ 2.40811, 6.68045 ], [ 2.40847, 6.67982 ], [ 2.40838, 6.67936 ], [ 2.40793, 6.67954 ], [ 2.40766, 6.67927 ], [ 2.40793, 6.67864 ], [ 2.40856, 6.67873 ], [ 2.4082, 6.67828 ], [ 2.40838, 6.67728 ], [ 2.40802, 6.6771 ], [ 2.40803, 6.67339 ], [ 2.40975, 6.67312 ], [ 2.41056, 6.67249 ], [ 2.41029, 6.67113 ], [ 2.40975, 6.67095 ], [ 2.40966, 6.66987 ], [ 2.41002, 6.66887 ], [ 2.40948, 6.6676 ], [ 2.40948, 6.66534 ], [ 2.41093, 6.66353 ], [ 2.41121, 6.66182 ], [ 2.41067, 6.661 ], [ 2.41076, 6.6601 ], [ 2.41049, 6.65982 ], [ 2.40949, 6.65982 ], [ 2.40868, 6.66037 ], [ 2.40858, 6.66082 ], [ 2.40813, 6.66036 ], [ 2.40777, 6.66064 ], [ 2.40741, 6.66036 ], [ 2.40994, 6.65856 ], [ 2.40958, 6.65801 ], [ 2.41004, 6.65792 ], [ 2.41013, 6.65829 ], [ 2.41121, 6.65811 ], [ 2.41248, 6.65729 ], [ 2.4123, 6.6544 ], [ 2.41194, 6.65386 ], [ 2.41267, 6.65241 ], [ 2.41176, 6.65214 ], [ 2.41185, 6.65168 ], [ 2.41231, 6.65159 ], [ 2.41222, 6.65024 ], [ 2.41258, 6.64997 ], [ 2.41303, 6.65078 ], [ 2.41394, 6.65024 ], [ 2.41475, 6.64707 ], [ 2.41557, 6.64608 ], [ 2.41584, 6.64346 ], [ 2.4172, 6.64192 ], [ 2.41702, 6.64038 ], [ 2.41594, 6.64128 ], [ 2.41612, 6.64156 ], [ 2.41666, 6.64138 ], [ 2.41648, 6.64183 ], [ 2.41576, 6.64174 ], [ 2.41512, 6.6421 ], [ 2.41386, 6.64155 ], [ 2.41367, 6.64183 ], [ 2.41413, 6.64255 ], [ 2.41349, 6.64291 ], [ 2.41322, 6.64372 ], [ 2.41268, 6.64345 ], [ 2.41295, 6.64128 ], [ 2.41367, 6.64137 ], [ 2.41377, 6.64074 ], [ 2.41467, 6.6411 ], [ 2.41404, 6.64038 ], [ 2.41386, 6.63947 ], [ 2.41422, 6.63938 ], [ 2.41431, 6.63993 ], [ 2.41512, 6.63947 ], [ 2.41603, 6.64029 ], [ 2.41666, 6.63921 ], [ 2.41648, 6.63884 ], [ 2.41594, 6.63884 ], [ 2.41594, 6.63948 ], [ 2.41513, 6.63884 ], [ 2.41458, 6.63911 ], [ 2.41449, 6.63794 ], [ 2.41323, 6.63748 ], [ 2.41323, 6.63703 ], [ 2.41449, 6.63649 ], [ 2.41567, 6.63739 ], [ 2.41576, 6.63812 ], [ 2.41676, 6.6374 ], [ 2.41657, 6.63803 ], [ 2.41712, 6.6383 ], [ 2.41721, 6.63685 ], [ 2.41404, 6.63468 ], [ 2.41332, 6.63377 ], [ 2.4126, 6.63359 ], [ 2.41115, 6.63178 ], [ 2.41116, 6.62988 ], [ 2.4107, 6.62961 ], [ 2.4107, 6.62816 ], [ 2.41152, 6.62789 ], [ 2.41143, 6.62744 ], [ 2.41252, 6.62554 ], [ 2.41252, 6.62409 ], [ 2.41198, 6.62273 ], [ 2.40981, 6.62011 ], [ 2.40927, 6.62011 ], [ 2.40872, 6.61956 ], [ 2.40809, 6.61974 ], [ 2.40764, 6.61893 ], [ 2.40692, 6.61911 ], [ 2.40646, 6.61875 ], [ 2.40619, 6.6192 ], [ 2.40547, 6.61902 ], [ 2.40547, 6.61766 ], [ 2.40484, 6.61775 ], [ 2.40466, 6.61694 ], [ 2.40348, 6.6163 ], [ 2.40394, 6.61467 ], [ 2.40303, 6.61458 ], [ 2.40294, 6.61413 ], [ 2.40348, 6.61322 ], [ 2.40421, 6.61368 ], [ 2.40457, 6.61286 ], [ 2.40403, 6.61277 ], [ 2.40349, 6.61205 ], [ 2.40276, 6.61241 ], [ 2.40132, 6.61105 ], [ 2.40132, 6.61069 ], [ 2.40177, 6.6106 ], [ 2.40312, 6.61132 ], [ 2.40313, 6.61024 ], [ 2.40457, 6.61024 ], [ 2.40593, 6.60925 ], [ 2.40611, 6.60816 ], [ 2.40648, 6.60807 ], [ 2.40648, 6.60644 ], [ 2.40485, 6.60536 ], [ 2.40449, 6.60418 ], [ 2.40386, 6.60418 ], [ 2.40304, 6.60354 ], [ 2.40187, 6.60363 ], [ 2.40124, 6.60282 ], [ 2.40386, 6.60264 ], [ 2.40096, 6.60264 ], [ 2.3997, 6.60173 ], [ 2.39952, 6.60092 ], [ 2.3997, 6.59929 ], [ 2.39925, 6.59902 ], [ 2.39997, 6.59811 ], [ 2.3997, 6.59757 ], [ 2.40016, 6.59748 ], [ 2.40007, 6.59703 ], [ 2.40052, 6.59666 ], [ 2.40043, 6.5954 ], [ 2.40097, 6.5954 ], [ 2.40287, 6.59413 ], [ 2.40477, 6.59441 ], [ 2.40514, 6.59396 ], [ 2.40595, 6.59459 ], [ 2.40577, 6.59477 ], [ 2.40658, 6.59495 ], [ 2.40893, 6.59478 ], [ 2.40975, 6.59387 ], [ 2.40975, 6.59324 ], [ 2.40875, 6.59414 ], [ 2.40803, 6.59387 ], [ 2.40713, 6.59251 ], [ 2.40858, 6.59242 ], [ 2.4093, 6.59315 ], [ 2.40948, 6.59279 ], [ 2.4084, 6.59179 ], [ 2.40767, 6.59034 ], [ 2.40614, 6.58889 ], [ 2.4046, 6.58925 ], [ 2.40424, 6.58835 ], [ 2.40342, 6.58807 ], [ 2.40397, 6.58762 ], [ 2.40442, 6.58826 ], [ 2.40523, 6.58789 ], [ 2.40388, 6.5859 ], [ 2.4037, 6.58473 ], [ 2.40307, 6.584 ], [ 2.4028, 6.58292 ], [ 2.40198, 6.58219 ], [ 2.39999, 6.58165 ], [ 2.39764, 6.58182 ], [ 2.39746, 6.58237 ], [ 2.39773, 6.58273 ], [ 2.39655, 6.58345 ], [ 2.39628, 6.58427 ], [ 2.39547, 6.58481 ], [ 2.39547, 6.58544 ], [ 2.39447, 6.58562 ], [ 2.39438, 6.58517 ], [ 2.39664, 6.58318 ], [ 2.39701, 6.58191 ], [ 2.39692, 6.58155 ], [ 2.39565, 6.58119 ], [ 2.39574, 6.58074 ], [ 2.39538, 6.58037 ], [ 2.39557, 6.57757 ], [ 2.39729, 6.57504 ], [ 2.39729, 6.5745 ], [ 2.39783, 6.57423 ], [ 2.39838, 6.5726 ], [ 2.39874, 6.57251 ], [ 2.40001, 6.56817 ], [ 2.4011, 6.56672 ], [ 2.4011, 6.56618 ], [ 2.40146, 6.56609 ], [ 2.40146, 6.56383 ], [ 2.4011, 6.56364 ], [ 2.40092, 6.56165 ], [ 2.40029, 6.56011 ], [ 2.40029, 6.55894 ], [ 2.40056, 6.55885 ], [ 2.40029, 6.55785 ], [ 2.40066, 6.55758 ], [ 2.40057, 6.55641 ], [ 2.40093, 6.55632 ], [ 2.4022, 6.55152 ], [ 2.40284, 6.55089 ], [ 2.40284, 6.55026 ], [ 2.40238, 6.55008 ], [ 2.4022, 6.54944 ], [ 2.40302, 6.54818 ], [ 2.40266, 6.54799 ], [ 2.40284, 6.54745 ], [ 2.40203, 6.54727 ], [ 2.40058, 6.54537 ], [ 2.39995, 6.54528 ], [ 2.40094, 6.5451 ], [ 2.40185, 6.546 ], [ 2.40212, 6.54573 ], [ 2.40293, 6.54591 ], [ 2.40284, 6.54655 ], [ 2.4023, 6.54682 ], [ 2.40302, 6.54682 ], [ 2.40311, 6.54745 ], [ 2.40411, 6.54709 ], [ 2.40338, 6.54827 ], [ 2.40338, 6.54908 ], [ 2.40365, 6.54917 ], [ 2.40429, 6.548 ], [ 2.40392, 6.54782 ], [ 2.40483, 6.54628 ], [ 2.40465, 6.54564 ], [ 2.40528, 6.54492 ], [ 2.40519, 6.54447 ], [ 2.40465, 6.54492 ], [ 2.40329, 6.54519 ], [ 2.40348, 6.54401 ], [ 2.40321, 6.54356 ], [ 2.40375, 6.54356 ], [ 2.40384, 6.5432 ], [ 2.40492, 6.54347 ], [ 2.40547, 6.54329 ], [ 2.40547, 6.54293 ], [ 2.40411, 6.54022 ], [ 2.40448, 6.53976 ], [ 2.40366, 6.53931 ], [ 2.4033, 6.5385 ], [ 2.40303, 6.53859 ], [ 2.40303, 6.53967 ], [ 2.40213, 6.53877 ], [ 2.4024, 6.53705 ], [ 2.40285, 6.53651 ], [ 2.40304, 6.53325 ], [ 2.4034, 6.53316 ], [ 2.40558, 6.52864 ], [ 2.40558, 6.52809 ], [ 2.40521, 6.52809 ], [ 2.40549, 6.52737 ], [ 2.40458, 6.52547 ], [ 2.40413, 6.52529 ], [ 2.40404, 6.52574 ], [ 2.40341, 6.52556 ], [ 2.4035, 6.52493 ], [ 2.40413, 6.52475 ], [ 2.40377, 6.52384 ], [ 2.40386, 6.52167 ], [ 2.40368, 6.52095 ], [ 2.40287, 6.52103 ], [ 2.40278, 6.52031 ], [ 2.40224, 6.51995 ], [ 2.40242, 6.51959 ], [ 2.40305, 6.51986 ], [ 2.40314, 6.51914 ], [ 2.40242, 6.51922 ], [ 2.40161, 6.51859 ], [ 2.40251, 6.51778 ], [ 2.40233, 6.51751 ], [ 2.40179, 6.51769 ], [ 2.4017, 6.51732 ], [ 2.40269, 6.51678 ], [ 2.40315, 6.51805 ], [ 2.40405, 6.51805 ], [ 2.40387, 6.51914 ], [ 2.40423, 6.51914 ], [ 2.40423, 6.51742 ], [ 2.4045, 6.51733 ], [ 2.4045, 6.51579 ], [ 2.40478, 6.5157 ], [ 2.40478, 6.51362 ], [ 2.40424, 6.51326 ], [ 2.4046, 6.51217 ], [ 2.40433, 6.51181 ], [ 2.40379, 6.5119 ], [ 2.4036, 6.51262 ], [ 2.4036, 6.51389 ], [ 2.40414, 6.51488 ], [ 2.40378, 6.51506 ], [ 2.40378, 6.51624 ], [ 2.40288, 6.51615 ], [ 2.40252, 6.5157 ], [ 2.40288, 6.51325 ], [ 2.40243, 6.51181 ], [ 2.40171, 6.51126 ], [ 2.40134, 6.51171 ], [ 2.4017, 6.51298 ], [ 2.40143, 6.51497 ], [ 2.40007, 6.51615 ], [ 2.39881, 6.51633 ], [ 2.39962, 6.51687 ], [ 2.40116, 6.51642 ], [ 2.40134, 6.51678 ], [ 2.40079, 6.51732 ], [ 2.3988, 6.51741 ], [ 2.39817, 6.51795 ], [ 2.39754, 6.51786 ], [ 2.39763, 6.51868 ], [ 2.39726, 6.51886 ], [ 2.39735, 6.51967 ], [ 2.39844, 6.52003 ], [ 2.39853, 6.52076 ], [ 2.39961, 6.52185 ], [ 2.40042, 6.52375 ], [ 2.40169, 6.52501 ], [ 2.40151, 6.52556 ], [ 2.40087, 6.52574 ], [ 2.40169, 6.52746 ], [ 2.40132, 6.52809 ], [ 2.40196, 6.52818 ], [ 2.40132, 6.52863 ], [ 2.39997, 6.52791 ], [ 2.40042, 6.52718 ], [ 2.40015, 6.52501 ], [ 2.40051, 6.52465 ], [ 2.3997, 6.52338 ], [ 2.39889, 6.52284 ], [ 2.39853, 6.52212 ], [ 2.39826, 6.52211 ], [ 2.39844, 6.52275 ], [ 2.39789, 6.52311 ], [ 2.39672, 6.52266 ], [ 2.3969, 6.52374 ], [ 2.39862, 6.5232 ], [ 2.39925, 6.52393 ], [ 2.39961, 6.52601 ], [ 2.39897, 6.527 ], [ 2.39915, 6.52782 ], [ 2.40096, 6.52881 ], [ 2.40069, 6.53008 ], [ 2.40123, 6.5308 ], [ 2.40042, 6.5308 ], [ 2.39987, 6.53144 ], [ 2.3987, 6.53125 ], [ 2.39797, 6.53189 ], [ 2.39743, 6.53188 ], [ 2.39743, 6.53225 ], [ 2.39806, 6.53252 ], [ 2.39806, 6.53315 ], [ 2.39743, 6.53333 ], [ 2.3968, 6.53288 ], [ 2.39508, 6.53342 ], [ 2.39471, 6.53306 ], [ 2.39445, 6.52971 ], [ 2.394, 6.5288 ], [ 2.39345, 6.52862 ], [ 2.39345, 6.53423 ], [ 2.39254, 6.53857 ], [ 2.39525, 6.54138 ], [ 2.39525, 6.54174 ], [ 2.39452, 6.54192 ], [ 2.39326, 6.54029 ], [ 2.39226, 6.54029 ], [ 2.39199, 6.54065 ], [ 2.39253, 6.54183 ], [ 2.39217, 6.54228 ], [ 2.39316, 6.54364 ], [ 2.39407, 6.54382 ], [ 2.39371, 6.54446 ], [ 2.3928, 6.54409 ], [ 2.39298, 6.54482 ], [ 2.39407, 6.54563 ], [ 2.39425, 6.54455 ], [ 2.39488, 6.54455 ], [ 2.3947, 6.54527 ], [ 2.39497, 6.54545 ], [ 2.39551, 6.545 ], [ 2.39615, 6.54554 ], [ 2.39615, 6.54609 ], [ 2.3956, 6.5469 ], [ 2.39515, 6.54699 ], [ 2.39524, 6.5478 ], [ 2.39497, 6.54744 ], [ 2.39461, 6.54762 ], [ 2.39452, 6.54844 ], [ 2.39234, 6.55124 ], [ 2.3918, 6.55115 ], [ 2.39135, 6.55151 ], [ 2.39234, 6.55242 ], [ 2.39152, 6.55386 ], [ 2.39261, 6.5545 ], [ 2.39288, 6.55377 ], [ 2.39234, 6.55359 ], [ 2.39243, 6.55296 ], [ 2.39279, 6.55296 ], [ 2.39306, 6.5535 ], [ 2.39351, 6.55341 ], [ 2.39605, 6.55179 ], [ 2.39614, 6.55097 ], [ 2.39696, 6.55043 ], [ 2.39786, 6.54826 ], [ 2.39723, 6.54735 ], [ 2.39823, 6.54708 ], [ 2.39868, 6.54618 ], [ 2.39922, 6.54654 ], [ 2.39913, 6.54718 ], [ 2.39976, 6.54799 ], [ 2.39877, 6.54799 ], [ 2.39786, 6.5488 ], [ 2.39786, 6.54962 ], [ 2.39904, 6.55034 ], [ 2.39931, 6.55143 ], [ 2.39985, 6.55125 ], [ 2.39903, 6.55215 ], [ 2.39976, 6.55224 ], [ 2.39994, 6.5536 ], [ 2.40093, 6.55369 ], [ 2.40048, 6.55423 ], [ 2.40039, 6.55378 ], [ 2.39867, 6.55351 ], [ 2.39849, 6.5545 ], [ 2.39903, 6.55487 ], [ 2.39867, 6.55532 ], [ 2.39885, 6.55613 ], [ 2.3984, 6.55604 ], [ 2.39831, 6.55658 ], [ 2.39722, 6.55667 ], [ 2.39659, 6.55667 ], [ 2.39577, 6.55604 ], [ 2.39478, 6.55414 ], [ 2.39324, 6.55386 ], [ 2.39324, 6.55468 ], [ 2.39415, 6.55486 ], [ 2.39424, 6.55576 ], [ 2.39487, 6.55522 ], [ 2.39496, 6.55577 ], [ 2.39577, 6.55622 ], [ 2.39586, 6.55721 ], [ 2.39785, 6.55685 ], [ 2.39803, 6.5574 ], [ 2.39776, 6.55776 ], [ 2.39839, 6.55812 ], [ 2.39894, 6.55794 ], [ 2.39894, 6.55848 ], [ 2.39812, 6.55894 ], [ 2.39821, 6.55966 ], [ 2.39758, 6.5602 ], [ 2.39713, 6.55975 ], [ 2.39676, 6.56011 ], [ 2.39694, 6.56056 ], [ 2.3974, 6.56029 ], [ 2.39794, 6.56056 ], [ 2.39785, 6.56138 ], [ 2.39739, 6.56174 ], [ 2.39776, 6.56264 ], [ 2.39712, 6.56337 ], [ 2.39757, 6.56418 ], [ 2.39712, 6.56472 ], [ 2.39739, 6.56518 ], [ 2.39712, 6.56563 ], [ 2.39784, 6.56608 ], [ 2.39829, 6.56572 ], [ 2.39884, 6.56599 ], [ 2.39847, 6.56789 ], [ 2.39793, 6.56825 ], [ 2.39756, 6.57079 ], [ 2.39684, 6.57088 ], [ 2.39666, 6.57024 ], [ 2.39612, 6.56997 ], [ 2.39585, 6.57069 ], [ 2.39666, 6.57106 ], [ 2.39575, 6.57142 ], [ 2.39512, 6.57015 ], [ 2.3944, 6.5697 ], [ 2.39368, 6.57006 ], [ 2.39413, 6.57096 ], [ 2.39385, 6.57169 ], [ 2.39449, 6.57178 ], [ 2.39458, 6.57214 ], [ 2.39449, 6.57277 ], [ 2.39376, 6.57304 ], [ 2.39367, 6.57494 ], [ 2.39331, 6.57503 ], [ 2.39232, 6.57241 ], [ 2.39195, 6.57223 ], [ 2.3906, 6.57277 ], [ 2.39105, 6.57223 ], [ 2.39096, 6.5715 ], [ 2.3906, 6.57105 ], [ 2.3896, 6.57096 ], [ 2.38942, 6.57023 ], [ 2.38897, 6.57023 ], [ 2.38852, 6.57123 ], [ 2.3887, 6.57259 ], [ 2.38924, 6.57313 ], [ 2.38924, 6.57421 ], [ 2.38887, 6.57458 ], [ 2.38906, 6.5753 ], [ 2.38842, 6.57557 ], [ 2.38878, 6.57458 ], [ 2.38842, 6.57449 ], [ 2.38842, 6.57358 ], [ 2.38815, 6.57349 ], [ 2.38788, 6.5753 ], [ 2.38761, 6.5753 ], [ 2.38752, 6.57466 ], [ 2.38697, 6.57539 ], [ 2.38661, 6.5753 ], [ 2.38643, 6.57358 ], [ 2.38616, 6.57403 ], [ 2.38643, 6.57539 ], [ 2.38598, 6.57539 ], [ 2.38589, 6.57367 ], [ 2.38535, 6.57331 ], [ 2.3849, 6.57367 ], [ 2.38489, 6.57502 ], [ 2.38544, 6.57502 ], [ 2.3848, 6.57575 ], [ 2.38498, 6.57765 ], [ 2.38453, 6.57792 ], [ 2.38408, 6.57719 ], [ 2.38362, 6.5771 ], [ 2.38344, 6.57855 ], [ 2.3829, 6.57855 ], [ 2.38236, 6.57737 ], [ 2.38236, 6.57502 ], [ 2.38182, 6.57502 ], [ 2.382, 6.57439 ], [ 2.38155, 6.5743 ], [ 2.38128, 6.57493 ], [ 2.38155, 6.5762 ], [ 2.38091, 6.57638 ], [ 2.38082, 6.57701 ], [ 2.38163, 6.57737 ], [ 2.38181, 6.57963 ], [ 2.38244, 6.58099 ], [ 2.38217, 6.58108 ], [ 2.3819, 6.58054 ], [ 2.38136, 6.58081 ], [ 2.38091, 6.58036 ], [ 2.38073, 6.5809 ], [ 2.38118, 6.58099 ], [ 2.38109, 6.58144 ], [ 2.37955, 6.58063 ], [ 2.37973, 6.57963 ], [ 2.38009, 6.57936 ], [ 2.38064, 6.57954 ], [ 2.38073, 6.57882 ], [ 2.37982, 6.579 ], [ 2.37892, 6.57809 ], [ 2.37856, 6.57646 ], [ 2.37648, 6.57366 ], [ 2.37657, 6.57284 ], [ 2.37612, 6.57212 ], [ 2.37449, 6.57148 ], [ 2.37404, 6.57184 ], [ 2.37386, 6.57275 ], [ 2.37386, 6.57546 ], [ 2.37349, 6.57573 ], [ 2.37295, 6.57519 ], [ 2.37286, 6.57628 ], [ 2.37123, 6.57763 ], [ 2.3706, 6.57763 ], [ 2.37105, 6.57808 ], [ 2.3725, 6.57808 ], [ 2.37249, 6.57935 ], [ 2.37186, 6.57953 ], [ 2.37313, 6.57971 ], [ 2.37349, 6.58062 ], [ 2.37421, 6.58116 ], [ 2.37421, 6.58189 ], [ 2.37331, 6.58125 ], [ 2.37322, 6.58053 ], [ 2.37249, 6.58044 ], [ 2.37204, 6.57971 ], [ 2.3715, 6.5798 ], [ 2.37096, 6.57872 ], [ 2.37023, 6.57853 ], [ 2.37005, 6.5779 ], [ 2.36942, 6.57745 ], [ 2.36915, 6.57772 ], [ 2.36933, 6.57889 ], [ 2.37014, 6.57944 ], [ 2.37014, 6.58043 ], [ 2.36951, 6.58007 ], [ 2.36951, 6.57962 ], [ 2.36897, 6.57971 ], [ 2.3686, 6.57889 ], [ 2.36815, 6.57889 ], [ 2.36879, 6.57781 ], [ 2.36806, 6.57799 ], [ 2.36806, 6.57772 ], [ 2.36915, 6.57699 ], [ 2.36843, 6.57627 ], [ 2.36834, 6.57555 ], [ 2.36725, 6.57563 ], [ 2.36716, 6.57527 ], [ 2.36761, 6.57509 ], [ 2.36762, 6.57392 ], [ 2.36689, 6.57373 ], [ 2.36689, 6.57455 ], [ 2.36644, 6.57455 ], [ 2.36608, 6.57355 ], [ 2.36626, 6.57238 ], [ 2.36689, 6.57238 ], [ 2.36716, 6.57319 ], [ 2.36771, 6.57274 ], [ 2.36699, 6.57174 ], [ 2.36726, 6.57048 ], [ 2.36608, 6.57192 ], [ 2.36527, 6.57156 ], [ 2.36581, 6.57201 ], [ 2.36581, 6.57274 ], [ 2.36554, 6.57346 ], [ 2.36508, 6.57328 ], [ 2.36499, 6.57364 ], [ 2.36599, 6.5741 ], [ 2.36572, 6.57455 ], [ 2.36599, 6.57509 ], [ 2.36553, 6.57527 ], [ 2.36544, 6.57608 ], [ 2.36571, 6.57627 ], [ 2.36662, 6.57545 ], [ 2.36752, 6.57654 ], [ 2.36598, 6.57771 ], [ 2.36598, 6.57844 ], [ 2.36517, 6.57925 ], [ 2.36508, 6.57988 ], [ 2.3658, 6.58025 ], [ 2.36607, 6.58007 ], [ 2.36634, 6.5807 ], [ 2.36725, 6.58025 ], [ 2.36625, 6.58133 ], [ 2.36679, 6.58161 ], [ 2.36734, 6.58124 ], [ 2.36815, 6.58188 ], [ 2.36896, 6.5817 ], [ 2.36869, 6.58134 ], [ 2.36915, 6.58043 ], [ 2.37014, 6.5817 ], [ 2.36951, 6.58242 ], [ 2.36978, 6.58279 ], [ 2.37095, 6.58233 ], [ 2.37149, 6.58297 ], [ 2.37131, 6.58369 ], [ 2.37222, 6.58333 ], [ 2.37376, 6.5836 ], [ 2.37366, 6.58397 ], [ 2.37303, 6.58387 ], [ 2.3724, 6.58469 ], [ 2.3724, 6.58505 ], [ 2.37312, 6.58532 ], [ 2.37285, 6.58559 ], [ 2.37357, 6.58596 ], [ 2.37339, 6.58659 ], [ 2.37267, 6.5865 ], [ 2.37249, 6.58559 ], [ 2.37032, 6.58532 ], [ 2.36986, 6.5864 ], [ 2.37059, 6.58704 ], [ 2.3704, 6.58803 ], [ 2.37076, 6.58794 ], [ 2.37086, 6.58677 ], [ 2.3714, 6.58677 ], [ 2.37203, 6.58586 ], [ 2.37203, 6.58695 ], [ 2.37294, 6.58686 ], [ 2.37348, 6.5874 ], [ 2.37348, 6.5865 ], [ 2.37402, 6.58623 ], [ 2.37448, 6.58659 ], [ 2.37411, 6.58704 ], [ 2.37429, 6.58731 ], [ 2.37484, 6.58695 ], [ 2.37457, 6.58668 ], [ 2.37484, 6.58623 ], [ 2.3752, 6.58614 ], [ 2.37592, 6.58695 ], [ 2.37583, 6.5875 ], [ 2.37646, 6.58768 ], [ 2.37674, 6.58687 ], [ 2.37574, 6.58623 ], [ 2.37556, 6.58487 ], [ 2.3752, 6.58442 ], [ 2.37493, 6.58478 ], [ 2.37457, 6.5846 ], [ 2.37511, 6.58379 ], [ 2.37457, 6.58333 ], [ 2.37448, 6.58234 ], [ 2.37647, 6.58135 ], [ 2.37638, 6.58189 ], [ 2.37711, 6.58162 ], [ 2.3771, 6.58388 ], [ 2.37765, 6.58397 ], [ 2.37864, 6.58325 ], [ 2.37909, 6.58325 ], [ 2.37945, 6.58388 ], [ 2.38, 6.58361 ], [ 2.37982, 6.58289 ], [ 2.38027, 6.58217 ], [ 2.37991, 6.58162 ], [ 2.38027, 6.58144 ], [ 2.38109, 6.58244 ], [ 2.38108, 6.58289 ], [ 2.38063, 6.58307 ], [ 2.38081, 6.58452 ], [ 2.38036, 6.58434 ], [ 2.37973, 6.5847 ], [ 2.37954, 6.58624 ], [ 2.37918, 6.58669 ], [ 2.37864, 6.58614 ], [ 2.37837, 6.58632 ], [ 2.37882, 6.58832 ], [ 2.37909, 6.58859 ], [ 2.37945, 6.58823 ], [ 2.38008, 6.58841 ], [ 2.38144, 6.58678 ], [ 2.38207, 6.58687 ], [ 2.38244, 6.58787 ], [ 2.38379, 6.58796 ], [ 2.38424, 6.58778 ], [ 2.38388, 6.58724 ], [ 2.38452, 6.58687 ], [ 2.38442, 6.58977 ], [ 2.38497, 6.58977 ], [ 2.38515, 6.58932 ], [ 2.38596, 6.58896 ], [ 2.38596, 6.5886 ], [ 2.38705, 6.58878 ], [ 2.38705, 6.58977 ], [ 2.38641, 6.58968 ], [ 2.38668, 6.59041 ], [ 2.38614, 6.59068 ], [ 2.38551, 6.5904 ], [ 2.38388, 6.59058 ], [ 2.38361, 6.59131 ], [ 2.38306, 6.59094 ], [ 2.38225, 6.59103 ], [ 2.38126, 6.58986 ], [ 2.38198, 6.59176 ], [ 2.38089, 6.59275 ], [ 2.38152, 6.59293 ], [ 2.3817, 6.59447 ], [ 2.38234, 6.59474 ], [ 2.38143, 6.59547 ], [ 2.38053, 6.59555 ], [ 2.38034, 6.59601 ], [ 2.38116, 6.59592 ], [ 2.38125, 6.59664 ], [ 2.38206, 6.597 ], [ 2.38188, 6.598 ], [ 2.38215, 6.59818 ], [ 2.38251, 6.59782 ], [ 2.38287, 6.59909 ], [ 2.38396, 6.59945 ], [ 2.38396, 6.59999 ], [ 2.38305, 6.60044 ], [ 2.38323, 6.60153 ], [ 2.38269, 6.60189 ], [ 2.38341, 6.60243 ], [ 2.38287, 6.60243 ], [ 2.38242, 6.60361 ], [ 2.3816, 6.60415 ], [ 2.38196, 6.60451 ], [ 2.38223, 6.60623 ], [ 2.38169, 6.60533 ], [ 2.38069, 6.6056 ], [ 2.38106, 6.60515 ], [ 2.3807, 6.60415 ], [ 2.38006, 6.60469 ], [ 2.37916, 6.60379 ], [ 2.37907, 6.60297 ], [ 2.3778, 6.6027 ], [ 2.37817, 6.60008 ], [ 2.3779, 6.59989 ], [ 2.37808, 6.59935 ], [ 2.37736, 6.59908 ], [ 2.3779, 6.59863 ], [ 2.37772, 6.59772 ], [ 2.37844, 6.59718 ], [ 2.37899, 6.59781 ], [ 2.38016, 6.59791 ], [ 2.37998, 6.59727 ], [ 2.37926, 6.59727 ], [ 2.3798, 6.59664 ], [ 2.3798, 6.59573 ], [ 2.37944, 6.59528 ], [ 2.38044, 6.59537 ], [ 2.38134, 6.59501 ], [ 2.38143, 6.59375 ], [ 2.38125, 6.59347 ], [ 2.38017, 6.59356 ], [ 2.38035, 6.59194 ], [ 2.3799, 6.59166 ], [ 2.3789, 6.59248 ], [ 2.3789, 6.59347 ], [ 2.37781, 6.59347 ], [ 2.37782, 6.5922 ], [ 2.37763, 6.59238 ], [ 2.37709, 6.59148 ], [ 2.37728, 6.59039 ], [ 2.37682, 6.59012 ], [ 2.37619, 6.59039 ], [ 2.37565, 6.58922 ], [ 2.37565, 6.58813 ], [ 2.3752, 6.58795 ], [ 2.37502, 6.58858 ], [ 2.37384, 6.58849 ], [ 2.37393, 6.58921 ], [ 2.3733, 6.58903 ], [ 2.37266, 6.58957 ], [ 2.37339, 6.59003 ], [ 2.37329, 6.59039 ], [ 2.37266, 6.59003 ], [ 2.37266, 6.59057 ], [ 2.3723, 6.59057 ], [ 2.37239, 6.58912 ], [ 2.37176, 6.58885 ], [ 2.3714, 6.59021 ], [ 2.37049, 6.59002 ], [ 2.37076, 6.59048 ], [ 2.37176, 6.59048 ], [ 2.37158, 6.59093 ], [ 2.37094, 6.59093 ], [ 2.37112, 6.59165 ], [ 2.37076, 6.59238 ], [ 2.37103, 6.5931 ], [ 2.36994, 6.59373 ], [ 2.36967, 6.59373 ], [ 2.36931, 6.59274 ], [ 2.36877, 6.59328 ], [ 2.36922, 6.59346 ], [ 2.36895, 6.59427 ], [ 2.36958, 6.59455 ], [ 2.36922, 6.59563 ], [ 2.36967, 6.59563 ], [ 2.36976, 6.59599 ], [ 2.37048, 6.59572 ], [ 2.37057, 6.59609 ], [ 2.37175, 6.59627 ], [ 2.37247, 6.59554 ], [ 2.37247, 6.59636 ], [ 2.3732, 6.59618 ], [ 2.37347, 6.59663 ], [ 2.37419, 6.59681 ], [ 2.37437, 6.59591 ], [ 2.3751, 6.59636 ], [ 2.37591, 6.59618 ], [ 2.37591, 6.59663 ], [ 2.37618, 6.59664 ], [ 2.377, 6.59582 ], [ 2.377, 6.59664 ], [ 2.37618, 6.59727 ], [ 2.37654, 6.59799 ], [ 2.37699, 6.5979 ], [ 2.3769, 6.59826 ], [ 2.375, 6.59862 ], [ 2.37555, 6.59944 ], [ 2.37509, 6.59971 ], [ 2.37455, 6.59935 ], [ 2.3741, 6.5998 ], [ 2.37419, 6.60052 ], [ 2.37527, 6.60134 ], [ 2.37527, 6.60179 ], [ 2.37482, 6.60206 ], [ 2.37428, 6.60188 ], [ 2.37455, 6.60269 ], [ 2.37418, 6.60278 ], [ 2.37328, 6.60233 ], [ 2.37328, 6.6017 ], [ 2.37274, 6.60124 ], [ 2.37337, 6.59971 ], [ 2.37428, 6.59935 ], [ 2.37446, 6.59889 ], [ 2.37392, 6.59799 ], [ 2.37428, 6.59736 ], [ 2.37383, 6.59745 ], [ 2.37347, 6.59708 ], [ 2.37301, 6.59745 ], [ 2.37247, 6.59735 ], [ 2.37265, 6.59672 ], [ 2.37148, 6.59681 ], [ 2.37121, 6.59645 ], [ 2.37066, 6.59663 ], [ 2.37166, 6.59762 ], [ 2.37111, 6.59826 ], [ 2.37021, 6.5978 ], [ 2.37003, 6.59717 ], [ 2.36931, 6.59735 ], [ 2.3694, 6.59798 ], [ 2.36867, 6.5978 ], [ 2.36849, 6.59816 ], [ 2.36804, 6.59789 ], [ 2.36813, 6.59726 ], [ 2.36768, 6.59744 ], [ 2.36795, 6.59753 ], [ 2.36795, 6.59771 ], [ 2.36722, 6.5978 ], [ 2.36614, 6.59735 ], [ 2.36551, 6.59762 ], [ 2.36542, 6.59735 ], [ 2.36541, 6.59771 ], [ 2.36596, 6.59816 ], [ 2.36514, 6.59888 ], [ 2.36541, 6.59952 ], [ 2.36469, 6.59997 ], [ 2.3636, 6.5997 ], [ 2.36333, 6.60024 ], [ 2.36396, 6.60051 ], [ 2.36378, 6.60123 ], [ 2.36505, 6.60142 ], [ 2.36523, 6.6006 ], [ 2.3655, 6.6006 ], [ 2.36604, 6.60133 ], [ 2.36586, 6.60006 ], [ 2.36722, 6.59925 ], [ 2.36776, 6.59961 ], [ 2.36731, 6.60088 ], [ 2.36803, 6.60214 ], [ 2.36876, 6.60178 ], [ 2.36822, 6.60079 ], [ 2.36885, 6.60097 ], [ 2.36876, 6.60151 ], [ 2.36948, 6.60169 ], [ 2.36966, 6.60287 ], [ 2.36921, 6.60432 ], [ 2.36875, 6.6045 ], [ 2.36857, 6.60404 ], [ 2.3674, 6.60404 ], [ 2.36848, 6.6045 ], [ 2.36812, 6.60486 ], [ 2.36839, 6.6054 ], [ 2.36794, 6.60558 ], [ 2.36812, 6.60603 ], [ 2.36767, 6.60621 ], [ 2.36767, 6.60658 ], [ 2.36857, 6.60649 ], [ 2.36875, 6.60703 ], [ 2.36866, 6.6073 ], [ 2.36821, 6.60703 ], [ 2.36748, 6.60721 ], [ 2.36775, 6.6083 ], [ 2.36748, 6.60848 ], [ 2.36721, 6.6082 ], [ 2.3673, 6.60712 ], [ 2.36649, 6.60712 ], [ 2.3664, 6.60676 ], [ 2.36685, 6.60657 ], [ 2.36694, 6.60585 ], [ 2.36776, 6.60558 ], [ 2.36731, 6.60486 ], [ 2.36685, 6.60531 ], [ 2.36613, 6.60486 ], [ 2.36604, 6.60522 ], [ 2.36658, 6.6054 ], [ 2.36658, 6.60576 ], [ 2.36631, 6.6063 ], [ 2.36622, 6.60576 ], [ 2.36577, 6.60576 ], [ 2.36585, 6.60829 ], [ 2.36531, 6.60766 ], [ 2.36486, 6.60793 ], [ 2.3654, 6.60893 ], [ 2.36477, 6.60892 ], [ 2.36449, 6.61001 ], [ 2.36377, 6.61046 ], [ 2.36431, 6.61119 ], [ 2.3644, 6.61209 ], [ 2.3635, 6.61236 ], [ 2.36304, 6.612 ], [ 2.36268, 6.61245 ], [ 2.36232, 6.61127 ], [ 2.36142, 6.61109 ], [ 2.36096, 6.61299 ], [ 2.3606, 6.61326 ], [ 2.36105, 6.61444 ], [ 2.36024, 6.61462 ], [ 2.36042, 6.61543 ], [ 2.35978, 6.61498 ], [ 2.35879, 6.61606 ], [ 2.35942, 6.61643 ], [ 2.35987, 6.61787 ], [ 2.36059, 6.61769 ], [ 2.36032, 6.6186 ], [ 2.35978, 6.6186 ], [ 2.35933, 6.61742 ], [ 2.35888, 6.61742 ], [ 2.35851, 6.61796 ], [ 2.35797, 6.61805 ], [ 2.35752, 6.61968 ], [ 2.35715, 6.61986 ], [ 2.35688, 6.61805 ], [ 2.35616, 6.61832 ], [ 2.35661, 6.6185 ], [ 2.3567, 6.61932 ], [ 2.35498, 6.61877 ], [ 2.35507, 6.61814 ], [ 2.3548, 6.61805 ], [ 2.35471, 6.61859 ], [ 2.35363, 6.61895 ], [ 2.35408, 6.6195 ], [ 2.35335, 6.61977 ], [ 2.35326, 6.62049 ], [ 2.35281, 6.61995 ], [ 2.352, 6.6204 ], [ 2.35191, 6.61967 ], [ 2.35109, 6.62013 ], [ 2.351, 6.61958 ], [ 2.35064, 6.61949 ], [ 2.35091, 6.61868 ], [ 2.35164, 6.61886 ], [ 2.35164, 6.61832 ], [ 2.35064, 6.6185 ], [ 2.35055, 6.61777 ], [ 2.35082, 6.61696 ], [ 2.35118, 6.61759 ], [ 2.35119, 6.61723 ], [ 2.35209, 6.61696 ], [ 2.352, 6.61669 ], [ 2.35055, 6.61632 ], [ 2.35001, 6.61678 ], [ 2.35019, 6.61741 ], [ 2.34947, 6.61795 ], [ 2.34956, 6.61714 ], [ 2.34892, 6.6175 ], [ 2.34856, 6.61696 ], [ 2.34874, 6.61659 ], [ 2.34956, 6.61659 ], [ 2.34947, 6.61632 ], [ 2.34838, 6.61614 ], [ 2.34775, 6.61668 ], [ 2.34693, 6.61677 ], [ 2.34666, 6.61605 ], [ 2.34612, 6.61587 ], [ 2.34522, 6.61641 ], [ 2.34693, 6.61713 ], [ 2.34648, 6.61804 ], [ 2.34548, 6.61849 ], [ 2.34539, 6.61967 ], [ 2.34485, 6.61975 ], [ 2.34548, 6.62075 ], [ 2.34512, 6.62166 ], [ 2.34412, 6.62138 ], [ 2.34476, 6.62075 ], [ 2.34449, 6.62003 ], [ 2.34268, 6.61957 ], [ 2.34241, 6.61912 ], [ 2.34186, 6.6193 ], [ 2.34123, 6.61857 ], [ 2.34042, 6.61948 ], [ 2.34042, 6.62002 ], [ 2.3415, 6.62102 ], [ 2.34186, 6.62093 ], [ 2.34195, 6.62038 ], [ 2.34231, 6.6212 ], [ 2.34222, 6.62174 ], [ 2.34159, 6.6221 ], [ 2.3415, 6.62292 ], [ 2.34095, 6.62264 ], [ 2.34123, 6.62129 ], [ 2.34069, 6.62084 ], [ 2.33942, 6.62074 ], [ 2.33888, 6.62011 ], [ 2.33824, 6.62074 ], [ 2.33761, 6.62074 ], [ 2.33788, 6.61848 ], [ 2.33843, 6.61803 ], [ 2.33816, 6.61721 ], [ 2.33933, 6.61812 ], [ 2.33924, 6.61712 ], [ 2.33951, 6.61685 ], [ 2.34006, 6.61713 ], [ 2.34051, 6.61658 ], [ 2.34096, 6.61722 ], [ 2.34241, 6.61622 ], [ 2.34295, 6.61695 ], [ 2.34332, 6.61613 ], [ 2.34259, 6.61541 ], [ 2.34178, 6.61523 ], [ 2.3426, 6.61333 ], [ 2.34178, 6.61215 ], [ 2.34115, 6.61215 ], [ 2.34196, 6.61333 ], [ 2.34142, 6.61496 ], [ 2.34106, 6.61505 ], [ 2.34069, 6.6145 ], [ 2.34079, 6.61405 ], [ 2.34124, 6.61396 ], [ 2.3407, 6.61242 ], [ 2.34169, 6.61134 ], [ 2.3416, 6.61098 ], [ 2.34124, 6.61088 ], [ 2.34015, 6.61197 ], [ 2.33934, 6.61133 ], [ 2.34016, 6.61061 ], [ 2.3398, 6.60925 ], [ 2.34079, 6.60844 ], [ 2.34134, 6.60835 ], [ 2.34151, 6.60962 ], [ 2.34269, 6.6098 ], [ 2.34323, 6.60917 ], [ 2.34242, 6.60844 ], [ 2.34161, 6.60835 ], [ 2.34206, 6.6079 ], [ 2.34179, 6.60754 ], [ 2.34197, 6.60681 ], [ 2.34161, 6.60672 ], [ 2.34161, 6.60736 ], [ 2.34098, 6.60717 ], [ 2.34052, 6.60582 ], [ 2.33944, 6.60509 ], [ 2.33935, 6.60392 ], [ 2.33836, 6.60437 ], [ 2.33772, 6.604 ], [ 2.33835, 6.60563 ], [ 2.33727, 6.60572 ], [ 2.33609, 6.60644 ], [ 2.33573, 6.60635 ], [ 2.33573, 6.60572 ], [ 2.33482, 6.60581 ], [ 2.33537, 6.60653 ], [ 2.33473, 6.60735 ], [ 2.33401, 6.60762 ], [ 2.33328, 6.60725 ], [ 2.33247, 6.60771 ], [ 2.33274, 6.60816 ], [ 2.33247, 6.60915 ], [ 2.33364, 6.60943 ], [ 2.33337, 6.60979 ], [ 2.33355, 6.61105 ], [ 2.33409, 6.6116 ], [ 2.334, 6.61232 ], [ 2.33337, 6.61277 ], [ 2.33264, 6.61268 ], [ 2.33219, 6.61304 ], [ 2.33138, 6.6125 ], [ 2.33074, 6.61349 ], [ 2.33047, 6.61322 ], [ 2.32975, 6.61349 ], [ 2.32902, 6.6134 ], [ 2.32912, 6.61259 ], [ 2.32857, 6.6125 ], [ 2.32875, 6.61295 ], [ 2.32848, 6.61322 ], [ 2.32776, 6.61331 ], [ 2.32749, 6.61222 ], [ 2.32839, 6.61168 ], [ 2.33002, 6.6115 ], [ 2.32921, 6.61051 ], [ 2.32885, 6.61051 ], [ 2.32867, 6.61132 ], [ 2.32713, 6.61159 ], [ 2.32695, 6.61231 ], [ 2.32541, 6.61141 ], [ 2.32505, 6.61068 ], [ 2.32477, 6.6115 ], [ 2.32486, 6.61177 ], [ 2.32559, 6.61177 ], [ 2.3255, 6.61204 ], [ 2.32505, 6.61195 ], [ 2.32486, 6.61249 ], [ 2.32314, 6.61258 ], [ 2.32378, 6.61394 ], [ 2.32468, 6.61403 ], [ 2.32532, 6.6124 ], [ 2.32595, 6.61231 ], [ 2.32595, 6.61304 ], [ 2.32676, 6.61258 ], [ 2.32703, 6.61322 ], [ 2.32758, 6.61331 ], [ 2.32767, 6.61439 ], [ 2.3283, 6.61485 ], [ 2.32893, 6.61467 ], [ 2.32938, 6.61593 ], [ 2.32993, 6.61612 ], [ 2.33011, 6.61557 ], [ 2.32966, 6.61494 ], [ 2.32975, 6.6144 ], [ 2.32893, 6.61376 ], [ 2.32975, 6.61367 ], [ 2.3302, 6.61485 ], [ 2.33056, 6.6153 ], [ 2.33083, 6.6153 ], [ 2.33065, 6.61503 ], [ 2.3312, 6.61395 ], [ 2.33192, 6.61395 ], [ 2.3321, 6.61341 ], [ 2.33355, 6.61386 ], [ 2.33382, 6.61296 ], [ 2.33418, 6.61323 ], [ 2.33463, 6.61296 ], [ 2.33436, 6.61169 ], [ 2.33482, 6.61133 ], [ 2.33608, 6.61124 ], [ 2.33636, 6.61088 ], [ 2.33708, 6.61097 ], [ 2.33708, 6.61142 ], [ 2.33545, 6.61151 ], [ 2.33536, 6.61214 ], [ 2.33644, 6.61269 ], [ 2.33762, 6.6145 ], [ 2.33861, 6.61441 ], [ 2.33816, 6.61477 ], [ 2.33825, 6.6154 ], [ 2.33744, 6.61585 ], [ 2.33752, 6.6164 ], [ 2.33698, 6.61649 ], [ 2.33653, 6.61721 ], [ 2.33562, 6.61685 ], [ 2.33563, 6.6163 ], [ 2.33581, 6.6154 ], [ 2.33653, 6.61594 ], [ 2.33744, 6.61495 ], [ 2.3368, 6.61414 ], [ 2.33653, 6.61504 ], [ 2.33536, 6.61522 ], [ 2.33517, 6.61585 ], [ 2.33445, 6.61558 ], [ 2.33472, 6.61676 ], [ 2.334, 6.61648 ], [ 2.33436, 6.6182 ], [ 2.33318, 6.61811 ], [ 2.33381, 6.61775 ], [ 2.33363, 6.61739 ], [ 2.33273, 6.61793 ], [ 2.33173, 6.61711 ], [ 2.33146, 6.61748 ], [ 2.33173, 6.61811 ], [ 2.33083, 6.61856 ], [ 2.33128, 6.61956 ], [ 2.33236, 6.61947 ], [ 2.332, 6.62001 ], [ 2.32992, 6.61983 ], [ 2.32965, 6.61928 ], [ 2.32874, 6.61973 ], [ 2.32829, 6.61874 ], [ 2.32775, 6.61883 ], [ 2.32829, 6.61829 ], [ 2.32811, 6.61756 ], [ 2.32739, 6.61738 ], [ 2.32784, 6.6181 ], [ 2.32748, 6.61801 ], [ 2.32666, 6.61901 ], [ 2.32675, 6.61937 ], [ 2.3273, 6.61901 ], [ 2.32793, 6.61964 ], [ 2.32793, 6.62037 ], [ 2.32684, 6.62027 ], [ 2.32693, 6.62091 ], [ 2.32639, 6.62145 ], [ 2.32657, 6.62199 ], [ 2.3263, 6.62235 ], [ 2.32756, 6.62344 ], [ 2.32829, 6.62317 ], [ 2.32883, 6.62399 ], [ 2.32792, 6.62417 ], [ 2.32792, 6.62516 ], [ 2.32756, 6.62471 ], [ 2.32711, 6.62498 ], [ 2.32729, 6.62552 ], [ 2.32783, 6.62543 ], [ 2.32783, 6.62588 ], [ 2.32837, 6.62607 ], [ 2.32828, 6.62661 ], [ 2.32729, 6.62679 ], [ 2.32647, 6.62643 ], [ 2.32693, 6.62615 ], [ 2.32684, 6.62579 ], [ 2.3262, 6.62561 ], [ 2.32666, 6.62534 ], [ 2.32648, 6.62462 ], [ 2.32539, 6.62516 ], [ 2.32521, 6.62443 ], [ 2.32602, 6.62434 ], [ 2.32539, 6.6238 ], [ 2.32612, 6.62371 ], [ 2.32603, 6.62317 ], [ 2.32503, 6.62371 ], [ 2.32503, 6.62434 ], [ 2.32458, 6.62434 ], [ 2.3243, 6.62488 ], [ 2.32485, 6.62552 ], [ 2.32476, 6.62597 ], [ 2.32421, 6.62525 ], [ 2.32367, 6.62515 ], [ 2.32376, 6.62461 ], [ 2.3244, 6.62416 ], [ 2.32422, 6.62317 ], [ 2.32458, 6.62298 ], [ 2.32385, 6.62289 ], [ 2.32385, 6.62335 ], [ 2.32313, 6.6238 ], [ 2.32358, 6.62407 ], [ 2.32349, 6.62597 ], [ 2.32277, 6.62524 ], [ 2.32259, 6.62443 ], [ 2.32304, 6.62434 ], [ 2.32268, 6.62434 ], [ 2.32268, 6.62398 ], [ 2.32204, 6.62416 ], [ 2.32069, 6.62379 ], [ 2.32141, 6.62316 ], [ 2.3215, 6.62199 ], [ 2.32051, 6.62135 ], [ 2.32042, 6.62081 ], [ 2.3197, 6.62044 ], [ 2.31915, 6.62072 ], [ 2.31933, 6.62044 ], [ 2.31897, 6.61999 ], [ 2.31988, 6.61999 ], [ 2.31988, 6.61827 ], [ 2.31907, 6.61827 ], [ 2.31979, 6.61791 ], [ 2.31889, 6.61637 ], [ 2.31889, 6.61547 ], [ 2.31862, 6.61547 ], [ 2.31852, 6.61701 ], [ 2.31744, 6.61728 ], [ 2.31744, 6.61764 ], [ 2.31789, 6.61764 ], [ 2.31789, 6.618 ], [ 2.31744, 6.61782 ], [ 2.31744, 6.61881 ], [ 2.31807, 6.61909 ], [ 2.31771, 6.61918 ], [ 2.31771, 6.61972 ], [ 2.31807, 6.61981 ], [ 2.31852, 6.62234 ], [ 2.31888, 6.62262 ], [ 2.31996, 6.62614 ], [ 2.32032, 6.62669 ], [ 2.32186, 6.62723 ], [ 2.3224, 6.62778 ], [ 2.32484, 6.62751 ], [ 2.32593, 6.62841 ], [ 2.32846, 6.62887 ], [ 2.32855, 6.62923 ], [ 2.32955, 6.62951 ], [ 2.33, 6.63005 ], [ 2.33063, 6.63005 ], [ 2.3319, 6.63114 ], [ 2.33705, 6.63087 ], [ 2.33751, 6.6297 ], [ 2.33687, 6.62906 ], [ 2.33869, 6.62807 ], [ 2.33887, 6.62753 ], [ 2.33905, 6.62789 ], [ 2.33868, 6.62852 ], [ 2.3395, 6.62916 ], [ 2.34022, 6.62889 ], [ 2.33968, 6.62753 ], [ 2.34059, 6.62717 ], [ 2.34095, 6.62798 ], [ 2.3424, 6.62762 ], [ 2.3433, 6.62817 ], [ 2.3443, 6.62808 ], [ 2.3442, 6.6288 ], [ 2.34312, 6.62943 ], [ 2.3423, 6.62925 ], [ 2.34004, 6.63015 ], [ 2.33968, 6.63106 ], [ 2.33832, 6.63096 ], [ 2.33796, 6.63142 ], [ 2.33751, 6.63096 ], [ 2.33669, 6.63123 ], [ 2.33714, 6.63594 ], [ 2.33722, 6.64309 ], [ 2.33758, 6.64309 ], [ 2.33694, 6.64435 ], [ 2.33703, 6.64779 ], [ 2.33639, 6.65032 ], [ 2.33576, 6.65105 ], [ 2.33585, 6.65168 ], [ 2.33558, 6.65159 ], [ 2.33567, 6.65222 ], [ 2.33467, 6.65367 ], [ 2.33458, 6.6543 ], [ 2.33494, 6.65439 ], [ 2.3344, 6.65457 ], [ 2.33449, 6.65502 ], [ 2.33413, 6.65502 ], [ 2.33385, 6.65557 ], [ 2.33358, 6.65828 ], [ 2.33385, 6.6581 ], [ 2.33385, 6.65855 ], [ 2.33421, 6.65864 ], [ 2.33358, 6.65882 ], [ 2.3334, 6.65846 ], [ 2.33339, 6.66054 ], [ 2.33303, 6.66027 ], [ 2.33303, 6.66081 ], [ 2.33339, 6.6609 ], [ 2.33303, 6.6609 ], [ 2.33285, 6.66325 ], [ 2.33194, 6.66579 ], [ 2.33221, 6.66642 ], [ 2.33158, 6.66678 ], [ 2.33158, 6.66732 ], [ 2.33221, 6.6676 ], [ 2.33139, 6.66741 ], [ 2.33148, 6.66769 ], [ 2.33139, 6.6685 ], [ 2.33193, 6.66959 ], [ 2.33211, 6.67121 ], [ 2.33256, 6.67158 ], [ 2.33274, 6.67302 ], [ 2.33311, 6.67303 ], [ 2.33274, 6.6733 ], [ 2.33401, 6.67339 ], [ 2.33428, 6.67393 ], [ 2.3351, 6.67384 ], [ 2.33518, 6.67493 ], [ 2.33482, 6.6742 ], [ 2.33437, 6.67429 ], [ 2.33428, 6.67402 ], [ 2.3341, 6.67429 ], [ 2.33419, 6.67466 ], [ 2.33455, 6.67457 ], [ 2.33464, 6.6752 ], [ 2.33582, 6.67484 ], [ 2.33555, 6.67366 ], [ 2.33591, 6.67375 ], [ 2.33618, 6.67565 ], [ 2.33573, 6.67629 ], [ 2.33609, 6.67647 ], [ 2.33618, 6.67737 ], [ 2.33536, 6.67746 ], [ 2.33527, 6.67647 ], [ 2.33473, 6.67619 ], [ 2.33482, 6.6771 ], [ 2.33418, 6.67818 ], [ 2.33454, 6.67945 ], [ 2.33554, 6.67855 ], [ 2.33545, 6.67782 ], [ 2.33627, 6.6781 ], [ 2.33654, 6.679 ], [ 2.33554, 6.67918 ], [ 2.33509, 6.67963 ], [ 2.33527, 6.6799 ], [ 2.33482, 6.68008 ], [ 2.33581, 6.68171 ], [ 2.33581, 6.68226 ], [ 2.33608, 6.68217 ], [ 2.33635, 6.68343 ], [ 2.33707, 6.68416 ], [ 2.33689, 6.68443 ], [ 2.33752, 6.68443 ], [ 2.33607, 6.6866 ], [ 2.33553, 6.68814 ], [ 2.33499, 6.68859 ], [ 2.33498, 6.69022 ], [ 2.33534, 6.69022 ], [ 2.33498, 6.69049 ], [ 2.33497, 6.69836 ], [ 2.33542, 6.69836 ], [ 2.3366, 6.69945 ], [ 2.33714, 6.69945 ], [ 2.33741, 6.69999 ], [ 2.33796, 6.69999 ], [ 2.33841, 6.70063 ], [ 2.33958, 6.70108 ], [ 2.34049, 6.70199 ], [ 2.34103, 6.70199 ], [ 2.34302, 6.70353 ], [ 2.34836, 6.70353 ] ], [ [ 2.36348, 6.69776 ], [ 2.36384, 6.69713 ], [ 2.36348, 6.69595 ], [ 2.36438, 6.69541 ], [ 2.36393, 6.69677 ], [ 2.36438, 6.69813 ], [ 2.36402, 6.69831 ], [ 2.36357, 6.69794 ], [ 2.36329, 6.69849 ], [ 2.36293, 6.6984 ], [ 2.36293, 6.69794 ], [ 2.36348, 6.69776 ] ], [ [ 2.39832, 6.69446 ], [ 2.39651, 6.69319 ], [ 2.39651, 6.69274 ], [ 2.39832, 6.69319 ], [ 2.39832, 6.69446 ] ], [ [ 2.39226, 6.69165 ], [ 2.39208, 6.6893 ], [ 2.39226, 6.68921 ], [ 2.39326, 6.68984 ], [ 2.39335, 6.6912 ], [ 2.39226, 6.69165 ] ], [ [ 2.37263, 6.68746 ], [ 2.37263, 6.68665 ], [ 2.37299, 6.68692 ], [ 2.37281, 6.68647 ], [ 2.37335, 6.68611 ], [ 2.37272, 6.68547 ], [ 2.37227, 6.68538 ], [ 2.37227, 6.68619 ], [ 2.37155, 6.6861 ], [ 2.371, 6.68683 ], [ 2.36955, 6.68637 ], [ 2.3701, 6.68565 ], [ 2.36937, 6.6852 ], [ 2.36938, 6.68375 ], [ 2.37046, 6.68384 ], [ 2.372, 6.6833 ], [ 2.37363, 6.68203 ], [ 2.37399, 6.68122 ], [ 2.37454, 6.68149 ], [ 2.37608, 6.68131 ], [ 2.37879, 6.67869 ], [ 2.37906, 6.67878 ], [ 2.37915, 6.67996 ], [ 2.38024, 6.6796 ], [ 2.37961, 6.67888 ], [ 2.37979, 6.67806 ], [ 2.38106, 6.67788 ], [ 2.38151, 6.67716 ], [ 2.38359, 6.67653 ], [ 2.3845, 6.67563 ], [ 2.38441, 6.6749 ], [ 2.38504, 6.67418 ], [ 2.3864, 6.67463 ], [ 2.38821, 6.67228 ], [ 2.38794, 6.67138 ], [ 2.3893, 6.67111 ], [ 2.38966, 6.67038 ], [ 2.3903, 6.67066 ], [ 2.3912, 6.67048 ], [ 2.39075, 6.66966 ], [ 2.39093, 6.66812 ], [ 2.39048, 6.66659 ], [ 2.39012, 6.66613 ], [ 2.38931, 6.66595 ], [ 2.39021, 6.66487 ], [ 2.38876, 6.66477 ], [ 2.38822, 6.66378 ], [ 2.38696, 6.66351 ], [ 2.3865, 6.6626 ], [ 2.38533, 6.66187 ], [ 2.38506, 6.66034 ], [ 2.38551, 6.66124 ], [ 2.38705, 6.66251 ], [ 2.38813, 6.66305 ], [ 2.38877, 6.66287 ], [ 2.38922, 6.66414 ], [ 2.39039, 6.6636 ], [ 2.39148, 6.66433 ], [ 2.39184, 6.66369 ], [ 2.39257, 6.66342 ], [ 2.39266, 6.6627 ], [ 2.39221, 6.66215 ], [ 2.39338, 6.66225 ], [ 2.39365, 6.66261 ], [ 2.39284, 6.66306 ], [ 2.39311, 6.6636 ], [ 2.39284, 6.66424 ], [ 2.39247, 6.66442 ], [ 2.39211, 6.66396 ], [ 2.39148, 6.66514 ], [ 2.39229, 6.66659 ], [ 2.39319, 6.66704 ], [ 2.39365, 6.66786 ], [ 2.39518, 6.66768 ], [ 2.39582, 6.66587 ], [ 2.39546, 6.66514 ], [ 2.39483, 6.66487 ], [ 2.39492, 6.66397 ], [ 2.39429, 6.66324 ], [ 2.39374, 6.66324 ], [ 2.39374, 6.66288 ], [ 2.39492, 6.66288 ], [ 2.39573, 6.66397 ], [ 2.397, 6.66442 ], [ 2.39754, 6.66587 ], [ 2.39826, 6.66578 ], [ 2.39808, 6.66524 ], [ 2.39845, 6.66488 ], [ 2.3989, 6.66506 ], [ 2.39899, 6.66551 ], [ 2.39835, 6.66605 ], [ 2.39917, 6.66687 ], [ 2.39962, 6.66669 ], [ 2.39926, 6.66587 ], [ 2.40025, 6.6656 ], [ 2.40043, 6.66624 ], [ 2.40116, 6.66678 ], [ 2.40252, 6.66579 ], [ 2.40279, 6.66606 ], [ 2.40242, 6.66705 ], [ 2.4026, 6.66778 ], [ 2.40523, 6.66715 ], [ 2.4074, 6.66842 ], [ 2.40776, 6.66733 ], [ 2.40867, 6.66751 ], [ 2.40848, 6.66869 ], [ 2.40921, 6.6705 ], [ 2.40803, 6.67176 ], [ 2.40694, 6.67176 ], [ 2.40712, 6.67258 ], [ 2.40667, 6.6742 ], [ 2.40567, 6.67375 ], [ 2.40513, 6.67393 ], [ 2.40377, 6.67357 ], [ 2.40332, 6.67429 ], [ 2.40151, 6.67429 ], [ 2.40088, 6.67474 ], [ 2.40088, 6.67528 ], [ 2.40151, 6.67601 ], [ 2.39897, 6.67691 ], [ 2.3987, 6.67809 ], [ 2.39825, 6.67799 ], [ 2.3978, 6.67718 ], [ 2.39734, 6.67727 ], [ 2.39653, 6.67944 ], [ 2.39662, 6.68044 ], [ 2.39707, 6.68098 ], [ 2.39689, 6.68152 ], [ 2.39743, 6.68225 ], [ 2.39707, 6.68297 ], [ 2.39716, 6.68442 ], [ 2.39679, 6.68442 ], [ 2.39634, 6.68351 ], [ 2.39607, 6.6836 ], [ 2.39715, 6.68577 ], [ 2.3958, 6.68595 ], [ 2.39607, 6.68487 ], [ 2.39562, 6.68487 ], [ 2.39553, 6.6845 ], [ 2.39589, 6.68342 ], [ 2.39634, 6.68342 ], [ 2.39589, 6.68288 ], [ 2.39616, 6.68188 ], [ 2.3958, 6.68125 ], [ 2.3939, 6.68097 ], [ 2.39245, 6.68152 ], [ 2.39218, 6.68088 ], [ 2.393, 6.68079 ], [ 2.39381, 6.68007 ], [ 2.39535, 6.68034 ], [ 2.39526, 6.6779 ], [ 2.39463, 6.6779 ], [ 2.39499, 6.67871 ], [ 2.39472, 6.67908 ], [ 2.39345, 6.67736 ], [ 2.39345, 6.6769 ], [ 2.394, 6.6769 ], [ 2.3949, 6.67591 ], [ 2.39499, 6.67645 ], [ 2.39454, 6.67699 ], [ 2.39499, 6.67718 ], [ 2.39527, 6.67573 ], [ 2.39617, 6.67519 ], [ 2.39907, 6.67501 ], [ 2.39952, 6.67528 ], [ 2.39916, 6.67483 ], [ 2.39943, 6.67275 ], [ 2.40088, 6.67266 ], [ 2.40088, 6.67185 ], [ 2.40043, 6.67139 ], [ 2.39979, 6.67157 ], [ 2.39979, 6.67203 ], [ 2.39952, 6.67221 ], [ 2.39925, 6.67212 ], [ 2.3997, 6.67184 ], [ 2.39943, 6.67148 ], [ 2.3978, 6.67184 ], [ 2.39653, 6.67374 ], [ 2.39536, 6.67356 ], [ 2.39482, 6.67392 ], [ 2.39292, 6.67392 ], [ 2.39273, 6.67455 ], [ 2.39309, 6.67555 ], [ 2.39282, 6.67591 ], [ 2.39183, 6.67545 ], [ 2.39137, 6.676 ], [ 2.39092, 6.67554 ], [ 2.38938, 6.67581 ], [ 2.38893, 6.67617 ], [ 2.38911, 6.67726 ], [ 2.38875, 6.67771 ], [ 2.38839, 6.67762 ], [ 2.38812, 6.6769 ], [ 2.38784, 6.67699 ], [ 2.38793, 6.6778 ], [ 2.38685, 6.67735 ], [ 2.38667, 6.67825 ], [ 2.38612, 6.67807 ], [ 2.38486, 6.67861 ], [ 2.38495, 6.67943 ], [ 2.38377, 6.67843 ], [ 2.38323, 6.6787 ], [ 2.38259, 6.67843 ], [ 2.38287, 6.67779 ], [ 2.38178, 6.67779 ], [ 2.38196, 6.67942 ], [ 2.38232, 6.6796 ], [ 2.38296, 6.67924 ], [ 2.3835, 6.67997 ], [ 2.38404, 6.67988 ], [ 2.38422, 6.68033 ], [ 2.38494, 6.68051 ], [ 2.38494, 6.68105 ], [ 2.38594, 6.68214 ], [ 2.38612, 6.68323 ], [ 2.38503, 6.68277 ], [ 2.38449, 6.68377 ], [ 2.38675, 6.68657 ], [ 2.38602, 6.6863 ], [ 2.38485, 6.68485 ], [ 2.38412, 6.68449 ], [ 2.3834, 6.68277 ], [ 2.38286, 6.68322 ], [ 2.3825, 6.68304 ], [ 2.38223, 6.68105 ], [ 2.38141, 6.68078 ], [ 2.38114, 6.68213 ], [ 2.37987, 6.68295 ], [ 2.37996, 6.68421 ], [ 2.37942, 6.68458 ], [ 2.37906, 6.68548 ], [ 2.37688, 6.68566 ], [ 2.37607, 6.68683 ], [ 2.37507, 6.68674 ], [ 2.3739, 6.68764 ], [ 2.37263, 6.68746 ] ], [ [ 2.35191, 6.68572 ], [ 2.35155, 6.68409 ], [ 2.35173, 6.68246 ], [ 2.35245, 6.68427 ], [ 2.353, 6.68445 ], [ 2.35236, 6.68445 ], [ 2.35227, 6.68572 ], [ 2.35191, 6.68572 ] ], [ [ 2.40331, 6.68551 ], [ 2.40277, 6.68352 ], [ 2.40195, 6.68316 ], [ 2.40177, 6.68261 ], [ 2.40069, 6.68189 ], [ 2.40078, 6.68153 ], [ 2.40168, 6.68171 ], [ 2.40213, 6.68261 ], [ 2.40304, 6.68316 ], [ 2.40331, 6.68551 ] ], [ [ 2.40503, 6.68452 ], [ 2.40485, 6.68406 ], [ 2.40358, 6.6837 ], [ 2.40349, 6.68334 ], [ 2.40503, 6.68298 ], [ 2.40548, 6.68361 ], [ 2.40602, 6.6837 ], [ 2.40593, 6.68488 ], [ 2.40503, 6.68452 ] ], [ [ 2.36395, 6.6832 ], [ 2.36413, 6.68184 ], [ 2.36295, 6.68184 ], [ 2.36241, 6.68229 ], [ 2.36268, 6.68121 ], [ 2.3635, 6.68066 ], [ 2.36422, 6.6813 ], [ 2.36431, 6.68248 ], [ 2.36558, 6.68293 ], [ 2.36476, 6.68374 ], [ 2.36395, 6.6832 ] ], [ [ 2.36811, 6.68293 ], [ 2.36802, 6.68248 ], [ 2.36721, 6.6823 ], [ 2.3673, 6.68166 ], [ 2.36648, 6.68203 ], [ 2.36721, 6.68112 ], [ 2.36721, 6.67976 ], [ 2.36784, 6.67968 ], [ 2.3682, 6.68022 ], [ 2.36866, 6.68013 ], [ 2.36812, 6.67895 ], [ 2.36848, 6.67877 ], [ 2.36929, 6.67932 ], [ 2.36929, 6.67886 ], [ 2.36974, 6.67877 ], [ 2.36993, 6.67914 ], [ 2.36956, 6.67968 ], [ 2.37065, 6.67941 ], [ 2.37146, 6.68022 ], [ 2.37119, 6.68067 ], [ 2.37146, 6.68131 ], [ 2.37037, 6.68203 ], [ 2.37037, 6.6814 ], [ 2.36956, 6.68167 ], [ 2.36902, 6.68121 ], [ 2.36865, 6.68221 ], [ 2.36929, 6.6823 ], [ 2.3692, 6.68293 ], [ 2.36883, 6.6833 ], [ 2.36811, 6.68293 ] ], [ [ 2.35662, 6.68219 ], [ 2.35581, 6.68084 ], [ 2.35617, 6.68038 ], [ 2.35599, 6.67948 ], [ 2.35699, 6.67939 ], [ 2.35644, 6.67785 ], [ 2.35762, 6.67767 ], [ 2.3578, 6.67794 ], [ 2.35726, 6.67812 ], [ 2.35699, 6.67921 ], [ 2.35789, 6.68039 ], [ 2.35789, 6.68102 ], [ 2.35762, 6.68138 ], [ 2.35698, 6.68111 ], [ 2.35662, 6.68219 ] ], [ [ 2.4025, 6.68099 ], [ 2.4006, 6.68053 ], [ 2.39978, 6.6808 ], [ 2.39969, 6.67981 ], [ 2.40042, 6.6799 ], [ 2.40096, 6.67935 ], [ 2.40087, 6.67872 ], [ 2.40133, 6.67809 ], [ 2.39997, 6.67773 ], [ 2.39979, 6.67736 ], [ 2.40006, 6.67709 ], [ 2.40087, 6.67736 ], [ 2.4016, 6.67646 ], [ 2.4025, 6.67637 ], [ 2.40323, 6.67728 ], [ 2.40304, 6.67782 ], [ 2.40277, 6.67719 ], [ 2.40214, 6.67782 ], [ 2.40196, 6.67691 ], [ 2.4016, 6.67691 ], [ 2.40133, 6.67746 ], [ 2.4016, 6.67791 ], [ 2.40304, 6.67827 ], [ 2.40232, 6.67981 ], [ 2.4025, 6.68099 ] ], [ [ 2.40304, 6.68017 ], [ 2.4035, 6.67954 ], [ 2.40413, 6.6799 ], [ 2.40431, 6.67918 ], [ 2.40422, 6.67854 ], [ 2.40341, 6.678 ], [ 2.40395, 6.67755 ], [ 2.40495, 6.67755 ], [ 2.4054, 6.67909 ], [ 2.40485, 6.68008 ], [ 2.40395, 6.68053 ], [ 2.40304, 6.68017 ] ], [ [ 2.36558, 6.68012 ], [ 2.36558, 6.67877 ], [ 2.36613, 6.67895 ], [ 2.36622, 6.67868 ], [ 2.36495, 6.67696 ], [ 2.36495, 6.67605 ], [ 2.36432, 6.67605 ], [ 2.36342, 6.67497 ], [ 2.36224, 6.6746 ], [ 2.36233, 6.67424 ], [ 2.36333, 6.67397 ], [ 2.36351, 6.67361 ], [ 2.36279, 6.67279 ], [ 2.36306, 6.67189 ], [ 2.36252, 6.67125 ], [ 2.36197, 6.67098 ], [ 2.36116, 6.67134 ], [ 2.36125, 6.67098 ], [ 2.36215, 6.67062 ], [ 2.36216, 6.67017 ], [ 2.36279, 6.67053 ], [ 2.36288, 6.67116 ], [ 2.3636, 6.67153 ], [ 2.36342, 6.67243 ], [ 2.36423, 6.67334 ], [ 2.36414, 6.67388 ], [ 2.36468, 6.67442 ], [ 2.36495, 6.67551 ], [ 2.36541, 6.67533 ], [ 2.3655, 6.67587 ], [ 2.36604, 6.67605 ], [ 2.36604, 6.67723 ], [ 2.36703, 6.67687 ], [ 2.36757, 6.67732 ], [ 2.36812, 6.67615 ], [ 2.36866, 6.67642 ], [ 2.3683, 6.67705 ], [ 2.36848, 6.6776 ], [ 2.36803, 6.67805 ], [ 2.3683, 6.67877 ], [ 2.36757, 6.67868 ], [ 2.36784, 6.67922 ], [ 2.36739, 6.67895 ], [ 2.36667, 6.67922 ], [ 2.3664, 6.68004 ], [ 2.36594, 6.68022 ], [ 2.36558, 6.68012 ] ], [ [ 2.35237, 6.67694 ], [ 2.35229, 6.67468 ], [ 2.35292, 6.6745 ], [ 2.3531, 6.67477 ], [ 2.35274, 6.6754 ], [ 2.35319, 6.67721 ], [ 2.35283, 6.67776 ], [ 2.35237, 6.67694 ] ], [ [ 2.33744, 6.67674 ], [ 2.33681, 6.67565 ], [ 2.33681, 6.67466 ], [ 2.33754, 6.67493 ], [ 2.33772, 6.67575 ], [ 2.33835, 6.67602 ], [ 2.33862, 6.67692 ], [ 2.33808, 6.6771 ], [ 2.33744, 6.67674 ] ], [ [ 2.36957, 6.67543 ], [ 2.36975, 6.67407 ], [ 2.3693, 6.67325 ], [ 2.36975, 6.67289 ], [ 2.37029, 6.67307 ], [ 2.37084, 6.67434 ], [ 2.3712, 6.67443 ], [ 2.37147, 6.67371 ], [ 2.3721, 6.67425 ], [ 2.37201, 6.67452 ], [ 2.3712, 6.67452 ], [ 2.37138, 6.67516 ], [ 2.37111, 6.67561 ], [ 2.3702, 6.67552 ], [ 2.36993, 6.67579 ], [ 2.36957, 6.67543 ] ], [ [ 2.38224, 6.67499 ], [ 2.3807, 6.67481 ], [ 2.38106, 6.67345 ], [ 2.38287, 6.67336 ], [ 2.38305, 6.67264 ], [ 2.38242, 6.67218 ], [ 2.38269, 6.67155 ], [ 2.38396, 6.6721 ], [ 2.38387, 6.67363 ], [ 2.38269, 6.67372 ], [ 2.38296, 6.67454 ], [ 2.38197, 6.67436 ], [ 2.38224, 6.67499 ] ], [ [ 2.33998, 6.67394 ], [ 2.33971, 6.67285 ], [ 2.33863, 6.67195 ], [ 2.33899, 6.67159 ], [ 2.33971, 6.67195 ], [ 2.34007, 6.67276 ], [ 2.34089, 6.67285 ], [ 2.34107, 6.6734 ], [ 2.33998, 6.67394 ] ], [ [ 2.35129, 6.67386 ], [ 2.35012, 6.67178 ], [ 2.35012, 6.67115 ], [ 2.35057, 6.67088 ], [ 2.35111, 6.67124 ], [ 2.35147, 6.67269 ], [ 2.35129, 6.67386 ] ], [ [ 2.38531, 6.67382 ], [ 2.38604, 6.67264 ], [ 2.38622, 6.67147 ], [ 2.38767, 6.67165 ], [ 2.38685, 6.67201 ], [ 2.38613, 6.67364 ], [ 2.38531, 6.67382 ] ], [ [ 2.34894, 6.67214 ], [ 2.34768, 6.6706 ], [ 2.34704, 6.67078 ], [ 2.34686, 6.67033 ], [ 2.34704, 6.66997 ], [ 2.34786, 6.66979 ], [ 2.34813, 6.66906 ], [ 2.3484, 6.66907 ], [ 2.34849, 6.6697 ], [ 2.34904, 6.66961 ], [ 2.34922, 6.66997 ], [ 2.34922, 6.67051 ], [ 2.34813, 6.67024 ], [ 2.34813, 6.6706 ], [ 2.34912, 6.67142 ], [ 2.34894, 6.67214 ] ], [ [ 2.3655, 6.67008 ], [ 2.36568, 6.66963 ], [ 2.36505, 6.66936 ], [ 2.36288, 6.66945 ], [ 2.3627, 6.66917 ], [ 2.36324, 6.66872 ], [ 2.36252, 6.66863 ], [ 2.36279, 6.66818 ], [ 2.36234, 6.66755 ], [ 2.36189, 6.66791 ], [ 2.36162, 6.66773 ], [ 2.36171, 6.66736 ], [ 2.36388, 6.66691 ], [ 2.36388, 6.66737 ], [ 2.36279, 6.66737 ], [ 2.36324, 6.668 ], [ 2.36406, 6.66818 ], [ 2.36351, 6.66854 ], [ 2.3636, 6.66881 ], [ 2.36487, 6.66827 ], [ 2.36533, 6.66764 ], [ 2.36424, 6.66773 ], [ 2.36469, 6.66728 ], [ 2.36469, 6.66655 ], [ 2.36397, 6.66664 ], [ 2.36379, 6.66628 ], [ 2.36415, 6.6661 ], [ 2.36487, 6.66646 ], [ 2.36478, 6.6661 ], [ 2.36533, 6.66592 ], [ 2.36479, 6.66556 ], [ 2.36497, 6.66529 ], [ 2.36533, 6.66529 ], [ 2.36551, 6.6661 ], [ 2.36587, 6.66619 ], [ 2.36524, 6.66673 ], [ 2.36696, 6.66638 ], [ 2.36705, 6.66692 ], [ 2.3665, 6.66701 ], [ 2.36668, 6.66746 ], [ 2.36614, 6.66809 ], [ 2.36632, 6.669 ], [ 2.36668, 6.66918 ], [ 2.36731, 6.66837 ], [ 2.36777, 6.66837 ], [ 2.36668, 6.66945 ], [ 2.36623, 6.67054 ], [ 2.3655, 6.67008 ] ], [ [ 2.38975, 6.66984 ], [ 2.39012, 6.66894 ], [ 2.38966, 6.66912 ], [ 2.38939, 6.66876 ], [ 2.38921, 6.6674 ], [ 2.39021, 6.66758 ], [ 2.39003, 6.66794 ], [ 2.38939, 6.66794 ], [ 2.38966, 6.66858 ], [ 2.39021, 6.66812 ], [ 2.39084, 6.66831 ], [ 2.39048, 6.67011 ], [ 2.38975, 6.66984 ] ], [ [ 2.37157, 6.66982 ], [ 2.3712, 6.669 ], [ 2.37048, 6.669 ], [ 2.37057, 6.66873 ], [ 2.36976, 6.66846 ], [ 2.37066, 6.66719 ], [ 2.37039, 6.6662 ], [ 2.3713, 6.66656 ], [ 2.37121, 6.66692 ], [ 2.37094, 6.66683 ], [ 2.37093, 6.66801 ], [ 2.37057, 6.66819 ], [ 2.37066, 6.66855 ], [ 2.37175, 6.66882 ], [ 2.37157, 6.66982 ] ], [ [ 2.33954, 6.66824 ], [ 2.33981, 6.66788 ], [ 2.33872, 6.6676 ], [ 2.33981, 6.66733 ], [ 2.3399, 6.66679 ], [ 2.33936, 6.66652 ], [ 2.34026, 6.66598 ], [ 2.34081, 6.66634 ], [ 2.34081, 6.66688 ], [ 2.34162, 6.66734 ], [ 2.34098, 6.66824 ], [ 2.34035, 6.66815 ], [ 2.34053, 6.66869 ], [ 2.3399, 6.66933 ], [ 2.33954, 6.66914 ], [ 2.33954, 6.66824 ] ], [ [ 2.35302, 6.66799 ], [ 2.35112, 6.66672 ], [ 2.35058, 6.66717 ], [ 2.35058, 6.66644 ], [ 2.34958, 6.66554 ], [ 2.34977, 6.66527 ], [ 2.35013, 6.66572 ], [ 2.35013, 6.66527 ], [ 2.3504, 6.66527 ], [ 2.35103, 6.66654 ], [ 2.35121, 6.664 ], [ 2.35094, 6.6631 ], [ 2.35203, 6.66409 ], [ 2.35167, 6.66464 ], [ 2.35185, 6.66608 ], [ 2.35302, 6.66799 ] ], [ [ 2.35528, 6.66772 ], [ 2.35402, 6.66717 ], [ 2.35375, 6.66636 ], [ 2.3542, 6.6641 ], [ 2.35465, 6.66428 ], [ 2.35474, 6.66636 ], [ 2.35528, 6.66772 ] ], [ [ 2.37574, 6.66394 ], [ 2.37528, 6.66295 ], [ 2.37501, 6.66313 ], [ 2.37465, 6.66295 ], [ 2.37628, 6.66159 ], [ 2.37682, 6.66232 ], [ 2.37637, 6.66268 ], [ 2.37664, 6.66385 ], [ 2.37637, 6.66413 ], [ 2.37574, 6.66394 ] ], [ [ 2.39727, 6.66298 ], [ 2.39736, 6.66252 ], [ 2.39655, 6.66216 ], [ 2.397, 6.66135 ], [ 2.39673, 6.6608 ], [ 2.39755, 6.66017 ], [ 2.39718, 6.6599 ], [ 2.39728, 6.65909 ], [ 2.39637, 6.65945 ], [ 2.39601, 6.66026 ], [ 2.39529, 6.65963 ], [ 2.39556, 6.65908 ], [ 2.39664, 6.65845 ], [ 2.3971, 6.65899 ], [ 2.39791, 6.65881 ], [ 2.39818, 6.65927 ], [ 2.39909, 6.65918 ], [ 2.39909, 6.65972 ], [ 2.39863, 6.65999 ], [ 2.3989, 6.66063 ], [ 2.39854, 6.66081 ], [ 2.39836, 6.66307 ], [ 2.39772, 6.66343 ], [ 2.39727, 6.66298 ] ], [ [ 2.40623, 6.6629 ], [ 2.40768, 6.66154 ], [ 2.40759, 6.66073 ], [ 2.40786, 6.66073 ], [ 2.40831, 6.66208 ], [ 2.40795, 6.6619 ], [ 2.40795, 6.66245 ], [ 2.40741, 6.66263 ], [ 2.40695, 6.66344 ], [ 2.40578, 6.66317 ], [ 2.40578, 6.6629 ], [ 2.40623, 6.6629 ] ], [ [ 2.40243, 6.66271 ], [ 2.40279, 6.66162 ], [ 2.4037, 6.66172 ], [ 2.40469, 6.66081 ], [ 2.40551, 6.66063 ], [ 2.40632, 6.66109 ], [ 2.4056, 6.66217 ], [ 2.40496, 6.66136 ], [ 2.40469, 6.66154 ], [ 2.40478, 6.66271 ], [ 2.40388, 6.66307 ], [ 2.40333, 6.66289 ], [ 2.40324, 6.66334 ], [ 2.40297, 6.66334 ], [ 2.40297, 6.66262 ], [ 2.40243, 6.66271 ] ], [ [ 2.34488, 6.66291 ], [ 2.34507, 6.66146 ], [ 2.34452, 6.66092 ], [ 2.3448, 6.66047 ], [ 2.34597, 6.66146 ], [ 2.3457, 6.663 ], [ 2.34488, 6.66291 ] ], [ [ 2.3362, 6.6629 ], [ 2.33556, 6.66145 ], [ 2.33593, 6.661 ], [ 2.33774, 6.66118 ], [ 2.3381, 6.66172 ], [ 2.33792, 6.66245 ], [ 2.3362, 6.6629 ] ], [ [ 2.40098, 6.66018 ], [ 2.4008, 6.65972 ], [ 2.40044, 6.66017 ], [ 2.39963, 6.6599 ], [ 2.40044, 6.65963 ], [ 2.40026, 6.65846 ], [ 2.40135, 6.65746 ], [ 2.40162, 6.65819 ], [ 2.40126, 6.65909 ], [ 2.40198, 6.65927 ], [ 2.40216, 6.66018 ], [ 2.40189, 6.66054 ], [ 2.40098, 6.66018 ] ], [ [ 2.39004, 6.65727 ], [ 2.38968, 6.65681 ], [ 2.38995, 6.65491 ], [ 2.39104, 6.65419 ], [ 2.39167, 6.65419 ], [ 2.39276, 6.656 ], [ 2.39276, 6.65637 ], [ 2.3923, 6.65655 ], [ 2.39248, 6.657 ], [ 2.39104, 6.65754 ], [ 2.39131, 6.65844 ], [ 2.39076, 6.65872 ], [ 2.39004, 6.65853 ], [ 2.39004, 6.65727 ] ], [ [ 2.40904, 6.65865 ], [ 2.40741, 6.65765 ], [ 2.40578, 6.65837 ], [ 2.40551, 6.65828 ], [ 2.4056, 6.65783 ], [ 2.40452, 6.65765 ], [ 2.40415, 6.6581 ], [ 2.40289, 6.65783 ], [ 2.40216, 6.65846 ], [ 2.40117, 6.65647 ], [ 2.39999, 6.65674 ], [ 2.39818, 6.65655 ], [ 2.39746, 6.6561 ], [ 2.40045, 6.65601 ], [ 2.4018, 6.65629 ], [ 2.40244, 6.65692 ], [ 2.40406, 6.65719 ], [ 2.40569, 6.6562 ], [ 2.40696, 6.65611 ], [ 2.40732, 6.6553 ], [ 2.40895, 6.6562 ], [ 2.40977, 6.65566 ], [ 2.40986, 6.65621 ], [ 2.40931, 6.65675 ], [ 2.40796, 6.65638 ], [ 2.40732, 6.65684 ], [ 2.40723, 6.6572 ], [ 2.40886, 6.6581 ], [ 2.40904, 6.65865 ] ], [ [ 2.37231, 6.6567 ], [ 2.37267, 6.65525 ], [ 2.37204, 6.65516 ], [ 2.37195, 6.65444 ], [ 2.37104, 6.65453 ], [ 2.37068, 6.65507 ], [ 2.37014, 6.65489 ], [ 2.37014, 6.65453 ], [ 2.37095, 6.65426 ], [ 2.37131, 6.65372 ], [ 2.37213, 6.6539 ], [ 2.37222, 6.65317 ], [ 2.37258, 6.65317 ], [ 2.3734, 6.65372 ], [ 2.37349, 6.65417 ], [ 2.37403, 6.65417 ], [ 2.37376, 6.6548 ], [ 2.37412, 6.65508 ], [ 2.37412, 6.65598 ], [ 2.37285, 6.65734 ], [ 2.37231, 6.6567 ] ], [ [ 2.36643, 6.65552 ], [ 2.36598, 6.65425 ], [ 2.36498, 6.65389 ], [ 2.36435, 6.65461 ], [ 2.36408, 6.65461 ], [ 2.36417, 6.65398 ], [ 2.3629, 6.65452 ], [ 2.36163, 6.6537 ], [ 2.36118, 6.65379 ], [ 2.36109, 6.65343 ], [ 2.36082, 6.65397 ], [ 2.36, 6.65397 ], [ 2.3591, 6.65252 ], [ 2.35983, 6.65216 ], [ 2.36019, 6.65117 ], [ 2.35947, 6.65099 ], [ 2.3591, 6.65126 ], [ 2.35883, 6.65035 ], [ 2.35838, 6.65044 ], [ 2.35838, 6.65126 ], [ 2.35675, 6.65207 ], [ 2.35657, 6.65261 ], [ 2.35684, 6.65306 ], [ 2.35639, 6.65351 ], [ 2.35575, 6.65333 ], [ 2.35575, 6.65288 ], [ 2.35539, 6.65297 ], [ 2.35557, 6.65234 ], [ 2.35494, 6.6517 ], [ 2.35521, 6.65116 ], [ 2.35557, 6.65116 ], [ 2.35585, 6.65189 ], [ 2.35657, 6.65189 ], [ 2.35657, 6.65152 ], [ 2.35757, 6.6508 ], [ 2.35666, 6.65053 ], [ 2.35648, 6.6499 ], [ 2.35594, 6.64971 ], [ 2.35648, 6.64935 ], [ 2.3563, 6.64899 ], [ 2.35666, 6.64854 ], [ 2.35621, 6.64745 ], [ 2.35567, 6.64727 ], [ 2.35513, 6.64772 ], [ 2.35504, 6.64809 ], [ 2.35558, 6.64781 ], [ 2.35603, 6.64809 ], [ 2.35503, 6.64863 ], [ 2.35485, 6.64908 ], [ 2.35404, 6.64826 ], [ 2.35395, 6.64736 ], [ 2.35459, 6.64673 ], [ 2.35422, 6.64627 ], [ 2.3545, 6.64555 ], [ 2.35513, 6.64582 ], [ 2.35468, 6.64637 ], [ 2.35522, 6.64682 ], [ 2.35685, 6.64664 ], [ 2.3573, 6.64745 ], [ 2.35811, 6.64773 ], [ 2.35793, 6.64908 ], [ 2.35865, 6.64881 ], [ 2.35856, 6.64818 ], [ 2.35929, 6.64854 ], [ 2.35974, 6.64809 ], [ 2.35929, 6.64737 ], [ 2.35965, 6.64728 ], [ 2.35983, 6.64773 ], [ 2.36028, 6.64737 ], [ 2.35992, 6.64637 ], [ 2.35857, 6.64628 ], [ 2.35866, 6.64574 ], [ 2.3592, 6.64547 ], [ 2.35875, 6.64456 ], [ 2.35812, 6.64483 ], [ 2.35839, 6.64384 ], [ 2.35875, 6.64384 ], [ 2.35848, 6.64339 ], [ 2.35875, 6.64284 ], [ 2.35785, 6.64338 ], [ 2.3574, 6.64275 ], [ 2.3574, 6.64157 ], [ 2.35667, 6.64094 ], [ 2.35749, 6.64004 ], [ 2.35876, 6.63968 ], [ 2.35884, 6.64112 ], [ 2.35939, 6.6414 ], [ 2.35993, 6.64113 ], [ 2.35993, 6.64076 ], [ 2.35912, 6.64031 ], [ 2.35921, 6.6395 ], [ 2.36011, 6.63995 ], [ 2.36038, 6.64067 ], [ 2.36102, 6.64049 ], [ 2.36111, 6.63968 ], [ 2.36219, 6.64031 ], [ 2.36174, 6.64248 ], [ 2.36201, 6.64276 ], [ 2.36337, 6.64249 ], [ 2.36445, 6.64095 ], [ 2.36455, 6.63968 ], [ 2.36382, 6.6395 ], [ 2.36274, 6.64013 ], [ 2.36228, 6.64013 ], [ 2.36219, 6.63977 ], [ 2.36419, 6.63842 ], [ 2.36446, 6.63715 ], [ 2.36383, 6.63706 ], [ 2.36401, 6.6367 ], [ 2.36564, 6.6367 ], [ 2.36636, 6.63616 ], [ 2.36708, 6.63679 ], [ 2.36699, 6.63607 ], [ 2.36745, 6.63589 ], [ 2.36754, 6.6348 ], [ 2.36781, 6.63471 ], [ 2.36736, 6.63462 ], [ 2.36727, 6.6339 ], [ 2.36618, 6.63353 ], [ 2.36582, 6.63417 ], [ 2.36627, 6.6348 ], [ 2.36528, 6.63489 ], [ 2.365, 6.6357 ], [ 2.36455, 6.63579 ], [ 2.36455, 6.63426 ], [ 2.36338, 6.63362 ], [ 2.36374, 6.6329 ], [ 2.36474, 6.63344 ], [ 2.36555, 6.63344 ], [ 2.36618, 6.63299 ], [ 2.36736, 6.63317 ], [ 2.36745, 6.62974 ], [ 2.36646, 6.62919 ], [ 2.36619, 6.62982 ], [ 2.36546, 6.63019 ], [ 2.36411, 6.62892 ], [ 2.36447, 6.62865 ], [ 2.36528, 6.62928 ], [ 2.36519, 6.62865 ], [ 2.36601, 6.62847 ], [ 2.36619, 6.62729 ], [ 2.36583, 6.62675 ], [ 2.36357, 6.62665 ], [ 2.36176, 6.62783 ], [ 2.35959, 6.62819 ], [ 2.35949, 6.62873 ], [ 2.35841, 6.62837 ], [ 2.35669, 6.62873 ], [ 2.35624, 6.62592 ], [ 2.3576, 6.62484 ], [ 2.35887, 6.62457 ], [ 2.35905, 6.62403 ], [ 2.3586, 6.62366 ], [ 2.35923, 6.62294 ], [ 2.36004, 6.62357 ], [ 2.36068, 6.62267 ], [ 2.36077, 6.62177 ], [ 2.36158, 6.62258 ], [ 2.36231, 6.62249 ], [ 2.36185, 6.62367 ], [ 2.36294, 6.62313 ], [ 2.36303, 6.62222 ], [ 2.36412, 6.62177 ], [ 2.36511, 6.62186 ], [ 2.36502, 6.6224 ], [ 2.3643, 6.62222 ], [ 2.36475, 6.62295 ], [ 2.36575, 6.6225 ], [ 2.36701, 6.62349 ], [ 2.36746, 6.62322 ], [ 2.36819, 6.62413 ], [ 2.36927, 6.62359 ], [ 2.36955, 6.62214 ], [ 2.36927, 6.62232 ], [ 2.36918, 6.62205 ], [ 2.36991, 6.62142 ], [ 2.37009, 6.62051 ], [ 2.36982, 6.62006 ], [ 2.36683, 6.61987 ], [ 2.36702, 6.61951 ], [ 2.36873, 6.61951 ], [ 2.36901, 6.61897 ], [ 2.36855, 6.61843 ], [ 2.36874, 6.6178 ], [ 2.36819, 6.61779 ], [ 2.36756, 6.61716 ], [ 2.36738, 6.61617 ], [ 2.36702, 6.61598 ], [ 2.36738, 6.61517 ], [ 2.36666, 6.61454 ], [ 2.36784, 6.61472 ], [ 2.3682, 6.614 ], [ 2.36775, 6.61309 ], [ 2.3691, 6.61345 ], [ 2.3691, 6.61282 ], [ 2.36992, 6.61237 ], [ 2.36965, 6.61101 ], [ 2.37046, 6.61074 ], [ 2.37019, 6.60975 ], [ 2.37146, 6.6092 ], [ 2.37192, 6.6074 ], [ 2.37264, 6.60667 ], [ 2.37237, 6.60604 ], [ 2.37328, 6.60559 ], [ 2.37373, 6.60396 ], [ 2.37473, 6.6036 ], [ 2.37527, 6.60251 ], [ 2.37536, 6.60071 ], [ 2.37563, 6.60062 ], [ 2.37572, 6.60125 ], [ 2.37618, 6.60134 ], [ 2.37608, 6.60279 ], [ 2.37536, 6.60333 ], [ 2.37563, 6.60378 ], [ 2.375, 6.60478 ], [ 2.37499, 6.60559 ], [ 2.37617, 6.60523 ], [ 2.37689, 6.60586 ], [ 2.37762, 6.60478 ], [ 2.37871, 6.60442 ], [ 2.38051, 6.60596 ], [ 2.38178, 6.60614 ], [ 2.38241, 6.60741 ], [ 2.38241, 6.60786 ], [ 2.38187, 6.60777 ], [ 2.38223, 6.60822 ], [ 2.38196, 6.60904 ], [ 2.38367, 6.61202 ], [ 2.38385, 6.61347 ], [ 2.38521, 6.61338 ], [ 2.38521, 6.61375 ], [ 2.38575, 6.61384 ], [ 2.38575, 6.61528 ], [ 2.38521, 6.61546 ], [ 2.38539, 6.61492 ], [ 2.38484, 6.61492 ], [ 2.38394, 6.617 ], [ 2.38375, 6.61845 ], [ 2.38285, 6.62007 ], [ 2.38203, 6.62071 ], [ 2.38077, 6.62052 ], [ 2.37959, 6.62161 ], [ 2.37977, 6.62242 ], [ 2.3795, 6.62315 ], [ 2.37778, 6.62441 ], [ 2.37687, 6.62459 ], [ 2.37696, 6.62531 ], [ 2.37759, 6.62559 ], [ 2.37687, 6.62631 ], [ 2.37741, 6.62703 ], [ 2.3766, 6.62685 ], [ 2.37578, 6.6254 ], [ 2.37542, 6.62631 ], [ 2.37298, 6.62739 ], [ 2.37316, 6.62884 ], [ 2.3727, 6.62902 ], [ 2.37288, 6.62956 ], [ 2.37252, 6.63038 ], [ 2.3737, 6.63119 ], [ 2.3746, 6.63137 ], [ 2.37469, 6.63183 ], [ 2.37424, 6.63219 ], [ 2.3727, 6.63182 ], [ 2.37225, 6.63228 ], [ 2.37243, 6.63282 ], [ 2.37197, 6.63345 ], [ 2.37116, 6.63291 ], [ 2.3708, 6.63318 ], [ 2.36917, 6.6329 ], [ 2.36926, 6.63345 ], [ 2.36998, 6.63318 ], [ 2.37007, 6.63372 ], [ 2.3689, 6.63372 ], [ 2.36781, 6.63697 ], [ 2.36708, 6.63779 ], [ 2.36636, 6.63788 ], [ 2.36636, 6.6396 ], [ 2.36572, 6.63978 ], [ 2.36563, 6.64014 ], [ 2.36798, 6.64186 ], [ 2.36744, 6.64303 ], [ 2.36789, 6.64475 ], [ 2.36861, 6.64512 ], [ 2.36933, 6.64629 ], [ 2.36934, 6.64521 ], [ 2.36997, 6.64485 ], [ 2.37096, 6.64503 ], [ 2.37087, 6.64566 ], [ 2.36988, 6.64611 ], [ 2.36979, 6.64684 ], [ 2.36933, 6.64648 ], [ 2.36888, 6.64774 ], [ 2.3677, 6.64783 ], [ 2.36752, 6.64702 ], [ 2.36716, 6.64702 ], [ 2.36616, 6.64783 ], [ 2.36625, 6.64882 ], [ 2.36653, 6.64819 ], [ 2.36743, 6.64901 ], [ 2.36671, 6.64937 ], [ 2.36725, 6.65036 ], [ 2.36806, 6.65064 ], [ 2.36779, 6.65154 ], [ 2.36824, 6.65281 ], [ 2.36914, 6.65326 ], [ 2.36869, 6.65371 ], [ 2.36878, 6.65435 ], [ 2.36968, 6.6548 ], [ 2.36896, 6.65561 ], [ 2.36643, 6.65552 ] ], [ [ 2.40416, 6.65439 ], [ 2.40434, 6.65303 ], [ 2.40525, 6.65267 ], [ 2.40543, 6.65213 ], [ 2.40633, 6.65294 ], [ 2.40706, 6.65304 ], [ 2.40687, 6.65367 ], [ 2.40724, 6.65403 ], [ 2.40905, 6.65358 ], [ 2.40841, 6.65448 ], [ 2.40723, 6.65466 ], [ 2.4066, 6.65403 ], [ 2.40678, 6.65358 ], [ 2.40642, 6.65349 ], [ 2.40633, 6.65466 ], [ 2.40506, 6.65475 ], [ 2.40443, 6.65529 ], [ 2.40416, 6.65439 ] ], [ [ 2.39556, 6.65284 ], [ 2.39493, 6.65166 ], [ 2.39403, 6.65184 ], [ 2.39358, 6.65103 ], [ 2.39439, 6.65112 ], [ 2.39493, 6.65076 ], [ 2.39539, 6.65121 ], [ 2.39539, 6.65185 ], [ 2.39602, 6.65148 ], [ 2.3962, 6.65203 ], [ 2.39584, 6.65248 ], [ 2.39665, 6.65284 ], [ 2.39556, 6.65284 ] ], [ [ 2.40235, 6.65267 ], [ 2.40145, 6.65104 ], [ 2.4019, 6.65104 ], [ 2.40199, 6.65059 ], [ 2.40308, 6.65068 ], [ 2.40498, 6.65005 ], [ 2.40507, 6.65122 ], [ 2.40389, 6.65158 ], [ 2.40317, 6.65131 ], [ 2.40289, 6.65222 ], [ 2.40235, 6.65267 ] ], [ [ 2.39584, 6.65058 ], [ 2.39575, 6.65004 ], [ 2.39711, 6.64913 ], [ 2.39729, 6.64959 ], [ 2.39692, 6.65076 ], [ 2.39548, 6.65085 ], [ 2.39584, 6.65058 ] ], [ [ 2.3763, 6.6501 ], [ 2.37612, 6.64983 ], [ 2.37666, 6.64956 ], [ 2.37684, 6.64866 ], [ 2.37747, 6.64893 ], [ 2.37793, 6.64784 ], [ 2.37938, 6.64757 ], [ 2.37983, 6.64694 ], [ 2.38028, 6.64785 ], [ 2.381, 6.64803 ], [ 2.38254, 6.64939 ], [ 2.38082, 6.64929 ], [ 2.38028, 6.64993 ], [ 2.37901, 6.65047 ], [ 2.37865, 6.65038 ], [ 2.37856, 6.64983 ], [ 2.37792, 6.6502 ], [ 2.37811, 6.64974 ], [ 2.37774, 6.64947 ], [ 2.37693, 6.65047 ], [ 2.37666, 6.64992 ], [ 2.3763, 6.6501 ] ], [ [ 2.38661, 6.64867 ], [ 2.38634, 6.64876 ], [ 2.38643, 6.64803 ], [ 2.38616, 6.64785 ], [ 2.38625, 6.64613 ], [ 2.38662, 6.64559 ], [ 2.38752, 6.64568 ], [ 2.38842, 6.64939 ], [ 2.38743, 6.64994 ], [ 2.38733, 6.65048 ], [ 2.38643, 6.65048 ], [ 2.3867, 6.65012 ], [ 2.38661, 6.64867 ] ], [ [ 2.41186, 6.64942 ], [ 2.41186, 6.64897 ], [ 2.41014, 6.64752 ], [ 2.40987, 6.64689 ], [ 2.41231, 6.64861 ], [ 2.4124, 6.64988 ], [ 2.41186, 6.64942 ] ], [ [ 2.37213, 6.64919 ], [ 2.37187, 6.64793 ], [ 2.37286, 6.64702 ], [ 2.37358, 6.64829 ], [ 2.37277, 6.64874 ], [ 2.37277, 6.64965 ], [ 2.37213, 6.64919 ] ], [ [ 2.38354, 6.64939 ], [ 2.38408, 6.64785 ], [ 2.3839, 6.64613 ], [ 2.38417, 6.64604 ], [ 2.38435, 6.64704 ], [ 2.38462, 6.64649 ], [ 2.38535, 6.64631 ], [ 2.38553, 6.64668 ], [ 2.38499, 6.64686 ], [ 2.3848, 6.6474 ], [ 2.38435, 6.64731 ], [ 2.38408, 6.64948 ], [ 2.38354, 6.64939 ] ], [ [ 2.39412, 6.64678 ], [ 2.39395, 6.64506 ], [ 2.39657, 6.64434 ], [ 2.39711, 6.6456 ], [ 2.39693, 6.64669 ], [ 2.3963, 6.64678 ], [ 2.39621, 6.64723 ], [ 2.39485, 6.64795 ], [ 2.39449, 6.64786 ], [ 2.3944, 6.64687 ], [ 2.39412, 6.64678 ] ], [ [ 2.4, 6.64751 ], [ 2.39892, 6.64588 ], [ 2.3982, 6.64552 ], [ 2.39811, 6.64452 ], [ 2.3972, 6.64389 ], [ 2.39748, 6.64334 ], [ 2.39811, 6.64343 ], [ 2.39874, 6.64271 ], [ 2.3992, 6.6428 ], [ 2.39974, 6.64362 ], [ 2.39965, 6.64461 ], [ 2.40046, 6.64507 ], [ 2.39983, 6.6457 ], [ 2.4001, 6.64624 ], [ 2.40064, 6.64606 ], [ 2.40145, 6.64661 ], [ 2.40145, 6.64561 ], [ 2.4029, 6.64543 ], [ 2.40326, 6.6457 ], [ 2.40272, 6.64615 ], [ 2.40326, 6.6467 ], [ 2.40299, 6.64742 ], [ 2.40245, 6.64697 ], [ 2.40127, 6.64733 ], [ 2.40082, 6.6467 ], [ 2.4, 6.64751 ] ], [ [ 2.41113, 6.64698 ], [ 2.41132, 6.64644 ], [ 2.41195, 6.64617 ], [ 2.41195, 6.64544 ], [ 2.41105, 6.6449 ], [ 2.41141, 6.64445 ], [ 2.41222, 6.64508 ], [ 2.41258, 6.64599 ], [ 2.41322, 6.64581 ], [ 2.41349, 6.6468 ], [ 2.41331, 6.64707 ], [ 2.41267, 6.64689 ], [ 2.41231, 6.64743 ], [ 2.41113, 6.64698 ] ], [ [ 2.37684, 6.64576 ], [ 2.37567, 6.64485 ], [ 2.37558, 6.64422 ], [ 2.37639, 6.64377 ], [ 2.37621, 6.64323 ], [ 2.37676, 6.64268 ], [ 2.37648, 6.64377 ], [ 2.37739, 6.64386 ], [ 2.37757, 6.64603 ], [ 2.37675, 6.64639 ], [ 2.37684, 6.64576 ] ], [ [ 2.37295, 6.64567 ], [ 2.37341, 6.64503 ], [ 2.37341, 6.64422 ], [ 2.37458, 6.64413 ], [ 2.37458, 6.64485 ], [ 2.37395, 6.64503 ], [ 2.37395, 6.6453 ], [ 2.37449, 6.64522 ], [ 2.37431, 6.64585 ], [ 2.37341, 6.64612 ], [ 2.37295, 6.64567 ] ], [ [ 2.40327, 6.64498 ], [ 2.40399, 6.64435 ], [ 2.40354, 6.64353 ], [ 2.40399, 6.64335 ], [ 2.40526, 6.64064 ], [ 2.40517, 6.64172 ], [ 2.40435, 6.64344 ], [ 2.40462, 6.64417 ], [ 2.40417, 6.64462 ], [ 2.40426, 6.64507 ], [ 2.40399, 6.64534 ], [ 2.40327, 6.64498 ] ], [ [ 2.40634, 6.64426 ], [ 2.40671, 6.6429 ], [ 2.40625, 6.64299 ], [ 2.40625, 6.64399 ], [ 2.40598, 6.64408 ], [ 2.40571, 6.64281 ], [ 2.40616, 6.64254 ], [ 2.40625, 6.64182 ], [ 2.40689, 6.64146 ], [ 2.40716, 6.64182 ], [ 2.40653, 6.64227 ], [ 2.40743, 6.6429 ], [ 2.40716, 6.64317 ], [ 2.40734, 6.64435 ], [ 2.40634, 6.64426 ] ], [ [ 2.39277, 6.64289 ], [ 2.39286, 6.64135 ], [ 2.39314, 6.64135 ], [ 2.39304, 6.64189 ], [ 2.39359, 6.64189 ], [ 2.39404, 6.64099 ], [ 2.39413, 6.64171 ], [ 2.39522, 6.64171 ], [ 2.39485, 6.64235 ], [ 2.39431, 6.64216 ], [ 2.39395, 6.64262 ], [ 2.39332, 6.64252 ], [ 2.39322, 6.64298 ], [ 2.39277, 6.64289 ] ], [ [ 2.39721, 6.64126 ], [ 2.39694, 6.64045 ], [ 2.39793, 6.64018 ], [ 2.39811, 6.63973 ], [ 2.39938, 6.64 ], [ 2.39938, 6.64054 ], [ 2.39866, 6.64072 ], [ 2.39866, 6.64108 ], [ 2.3982, 6.64099 ], [ 2.39802, 6.64163 ], [ 2.39721, 6.64126 ] ], [ [ 2.40734, 6.641 ], [ 2.40915, 6.63811 ], [ 2.40897, 6.63712 ], [ 2.40952, 6.63703 ], [ 2.40997, 6.63847 ], [ 2.40897, 6.63883 ], [ 2.40734, 6.641 ] ], [ [ 2.41132, 6.64047 ], [ 2.41069, 6.64065 ], [ 2.41187, 6.63956 ], [ 2.41232, 6.63965 ], [ 2.41214, 6.63848 ], [ 2.41169, 6.63893 ], [ 2.41133, 6.63884 ], [ 2.41142, 6.6382 ], [ 2.41214, 6.63793 ], [ 2.41313, 6.64002 ], [ 2.41259, 6.6401 ], [ 2.41205, 6.64092 ], [ 2.41132, 6.64047 ] ], [ [ 2.38825, 6.64071 ], [ 2.38699, 6.63998 ], [ 2.38708, 6.63917 ], [ 2.38617, 6.63835 ], [ 2.38681, 6.63763 ], [ 2.38735, 6.63781 ], [ 2.38762, 6.63727 ], [ 2.38654, 6.63727 ], [ 2.3859, 6.63654 ], [ 2.38654, 6.63645 ], [ 2.38654, 6.63582 ], [ 2.38717, 6.63573 ], [ 2.38844, 6.63673 ], [ 2.38916, 6.63682 ], [ 2.38943, 6.63763 ], [ 2.38925, 6.6389 ], [ 2.3897, 6.63917 ], [ 2.38952, 6.63953 ], [ 2.3888, 6.63944 ], [ 2.38898, 6.6398 ], [ 2.38825, 6.64071 ] ], [ [ 2.38454, 6.64052 ], [ 2.38364, 6.64007 ], [ 2.38382, 6.63862 ], [ 2.38481, 6.63926 ], [ 2.38509, 6.63899 ], [ 2.38554, 6.63917 ], [ 2.38454, 6.63971 ], [ 2.38499, 6.64043 ], [ 2.38454, 6.64052 ] ], [ [ 2.3954, 6.63746 ], [ 2.39495, 6.63646 ], [ 2.39504, 6.63547 ], [ 2.3945, 6.63502 ], [ 2.39532, 6.63448 ], [ 2.39486, 6.63339 ], [ 2.39577, 6.63249 ], [ 2.39586, 6.63303 ], [ 2.39649, 6.63348 ], [ 2.39622, 6.6352 ], [ 2.39694, 6.63665 ], [ 2.39649, 6.63782 ], [ 2.3954, 6.63746 ] ], [ [ 2.35994, 6.6376 ], [ 2.35994, 6.63579 ], [ 2.36057, 6.63597 ], [ 2.36057, 6.63534 ], [ 2.36129, 6.63561 ], [ 2.36084, 6.63642 ], [ 2.36156, 6.6366 ], [ 2.36147, 6.63733 ], [ 2.36102, 6.63751 ], [ 2.36039, 6.63715 ], [ 2.36039, 6.6376 ], [ 2.35994, 6.6376 ] ], [ [ 2.39803, 6.63484 ], [ 2.39758, 6.63357 ], [ 2.39821, 6.63357 ], [ 2.39794, 6.63348 ], [ 2.39821, 6.6324 ], [ 2.39912, 6.63222 ], [ 2.39966, 6.63421 ], [ 2.39893, 6.63529 ], [ 2.39803, 6.63484 ] ], [ [ 2.36003, 6.63398 ], [ 2.35913, 6.63407 ], [ 2.35895, 6.63362 ], [ 2.35931, 6.63334 ], [ 2.35895, 6.63307 ], [ 2.35985, 6.6319 ], [ 2.36058, 6.63154 ], [ 2.36058, 6.63072 ], [ 2.36166, 6.63009 ], [ 2.36175, 6.63072 ], [ 2.36239, 6.63063 ], [ 2.36239, 6.63091 ], [ 2.36193, 6.63208 ], [ 2.36139, 6.63253 ], [ 2.36157, 6.63344 ], [ 2.36112, 6.63407 ], [ 2.36057, 6.63416 ], [ 2.36057, 6.63497 ], [ 2.36003, 6.63479 ], [ 2.36003, 6.63398 ] ], [ [ 2.38708, 6.63392 ], [ 2.38799, 6.63284 ], [ 2.3869, 6.63211 ], [ 2.3869, 6.63175 ], [ 2.38772, 6.63148 ], [ 2.38817, 6.63202 ], [ 2.38808, 6.63266 ], [ 2.38853, 6.63284 ], [ 2.39089, 6.63176 ], [ 2.39116, 6.63266 ], [ 2.39097, 6.63393 ], [ 2.39043, 6.63311 ], [ 2.38971, 6.63338 ], [ 2.38998, 6.63365 ], [ 2.38898, 6.63383 ], [ 2.38862, 6.63356 ], [ 2.38763, 6.63419 ], [ 2.38708, 6.63392 ] ], [ [ 2.35596, 6.63388 ], [ 2.35614, 6.63207 ], [ 2.3565, 6.63171 ], [ 2.35587, 6.63171 ], [ 2.35569, 6.63126 ], [ 2.35632, 6.63117 ], [ 2.35678, 6.63054 ], [ 2.35741, 6.6309 ], [ 2.35678, 6.63171 ], [ 2.35759, 6.63262 ], [ 2.35668, 6.63289 ], [ 2.35596, 6.63388 ] ], [ [ 2.40364, 6.63304 ], [ 2.4031, 6.63159 ], [ 2.40355, 6.6315 ], [ 2.40473, 6.63222 ], [ 2.40509, 6.63286 ], [ 2.40364, 6.63304 ] ], [ [ 2.39975, 6.63249 ], [ 2.39921, 6.63095 ], [ 2.40021, 6.6305 ], [ 2.40021, 6.62887 ], [ 2.40111, 6.62896 ], [ 2.40093, 6.62996 ], [ 2.40129, 6.63005 ], [ 2.40193, 6.62978 ], [ 2.40256, 6.63032 ], [ 2.40292, 6.62969 ], [ 2.40346, 6.62969 ], [ 2.40292, 6.63068 ], [ 2.40211, 6.63077 ], [ 2.40229, 6.6315 ], [ 2.40147, 6.63086 ], [ 2.40129, 6.63014 ], [ 2.40002, 6.63231 ], [ 2.39975, 6.63249 ] ], [ [ 2.39586, 6.6304 ], [ 2.39569, 6.62787 ], [ 2.39596, 6.62778 ], [ 2.3965, 6.62823 ], [ 2.39659, 6.62995 ], [ 2.39586, 6.6304 ] ], [ [ 2.34592, 6.62935 ], [ 2.34457, 6.62772 ], [ 2.34601, 6.62772 ], [ 2.34774, 6.62618 ], [ 2.34918, 6.62618 ], [ 2.35072, 6.62682 ], [ 2.35163, 6.62583 ], [ 2.35235, 6.62628 ], [ 2.35253, 6.62574 ], [ 2.35353, 6.62601 ], [ 2.35425, 6.62556 ], [ 2.35588, 6.62592 ], [ 2.35624, 6.628 ], [ 2.35615, 6.62864 ], [ 2.35569, 6.62864 ], [ 2.35506, 6.62809 ], [ 2.35379, 6.62836 ], [ 2.35253, 6.62809 ], [ 2.35162, 6.62845 ], [ 2.35153, 6.62791 ], [ 2.3509, 6.62791 ], [ 2.35081, 6.62854 ], [ 2.34999, 6.62818 ], [ 2.34846, 6.62899 ], [ 2.34782, 6.62844 ], [ 2.3481, 6.62781 ], [ 2.34746, 6.62754 ], [ 2.34701, 6.62817 ], [ 2.34638, 6.62808 ], [ 2.34637, 6.62926 ], [ 2.34592, 6.62935 ] ], [ [ 2.39804, 6.62805 ], [ 2.39813, 6.62697 ], [ 2.3984, 6.62724 ], [ 2.39867, 6.62697 ], [ 2.39786, 6.62588 ], [ 2.39831, 6.62579 ], [ 2.39885, 6.62625 ], [ 2.39876, 6.62552 ], [ 2.39922, 6.62561 ], [ 2.3994, 6.62525 ], [ 2.3994, 6.62634 ], [ 2.39894, 6.6267 ], [ 2.3994, 6.62715 ], [ 2.3984, 6.62824 ], [ 2.39804, 6.62805 ] ], [ [ 2.33045, 6.62715 ], [ 2.32991, 6.62571 ], [ 2.32928, 6.6258 ], [ 2.32955, 6.62498 ], [ 2.33082, 6.62562 ], [ 2.33055, 6.62489 ], [ 2.32991, 6.62462 ], [ 2.33028, 6.6239 ], [ 2.33001, 6.62353 ], [ 2.33019, 6.62308 ], [ 2.33127, 6.62336 ], [ 2.33136, 6.62399 ], [ 2.33218, 6.62444 ], [ 2.33172, 6.62517 ], [ 2.33118, 6.62507 ], [ 2.33082, 6.6258 ], [ 2.33073, 6.62661 ], [ 2.33136, 6.62706 ], [ 2.33045, 6.62715 ] ], [ [ 2.39125, 6.62687 ], [ 2.3908, 6.62479 ], [ 2.38999, 6.62361 ], [ 2.38945, 6.6237 ], [ 2.39044, 6.62515 ], [ 2.39035, 6.62669 ], [ 2.389, 6.62424 ], [ 2.38845, 6.62424 ], [ 2.38845, 6.62325 ], [ 2.38764, 6.62252 ], [ 2.38665, 6.61999 ], [ 2.38701, 6.61719 ], [ 2.38828, 6.6161 ], [ 2.38874, 6.61465 ], [ 2.38928, 6.61447 ], [ 2.38919, 6.6142 ], [ 2.38846, 6.61456 ], [ 2.38801, 6.61411 ], [ 2.38738, 6.6142 ], [ 2.38756, 6.61239 ], [ 2.3882, 6.61212 ], [ 2.38847, 6.61275 ], [ 2.39019, 6.61248 ], [ 2.39055, 6.61321 ], [ 2.39136, 6.61348 ], [ 2.39353, 6.61213 ], [ 2.3939, 6.61222 ], [ 2.39299, 6.61375 ], [ 2.39154, 6.61448 ], [ 2.39018, 6.61619 ], [ 2.39045, 6.61728 ], [ 2.38955, 6.61674 ], [ 2.38927, 6.61737 ], [ 2.38846, 6.61755 ], [ 2.3881, 6.61954 ], [ 2.38918, 6.62234 ], [ 2.38981, 6.62235 ], [ 2.39045, 6.62162 ], [ 2.39135, 6.62217 ], [ 2.39135, 6.62027 ], [ 2.39063, 6.62045 ], [ 2.38999, 6.62153 ], [ 2.38927, 6.62171 ], [ 2.38927, 6.62144 ], [ 2.38981, 6.62108 ], [ 2.38982, 6.61963 ], [ 2.39081, 6.61963 ], [ 2.39072, 6.61927 ], [ 2.39027, 6.61927 ], [ 2.39018, 6.61873 ], [ 2.39045, 6.61746 ], [ 2.39154, 6.61692 ], [ 2.39145, 6.61629 ], [ 2.3928, 6.61638 ], [ 2.39308, 6.61575 ], [ 2.3938, 6.61566 ], [ 2.39416, 6.61502 ], [ 2.39507, 6.6152 ], [ 2.39525, 6.61557 ], [ 2.3957, 6.61539 ], [ 2.39615, 6.61584 ], [ 2.39706, 6.61575 ], [ 2.39796, 6.61494 ], [ 2.40023, 6.61512 ], [ 2.4004, 6.61675 ], [ 2.40004, 6.61765 ], [ 2.40085, 6.6182 ], [ 2.40067, 6.61964 ], [ 2.40112, 6.62001 ], [ 2.40076, 6.62191 ], [ 2.40013, 6.62227 ], [ 2.40022, 6.62163 ], [ 2.39958, 6.62154 ], [ 2.3995, 6.61946 ], [ 2.39895, 6.61847 ], [ 2.39841, 6.61838 ], [ 2.39751, 6.61901 ], [ 2.39723, 6.61973 ], [ 2.39669, 6.61964 ], [ 2.39642, 6.61883 ], [ 2.39751, 6.61792 ], [ 2.3976, 6.61738 ], [ 2.39697, 6.61747 ], [ 2.39579, 6.61647 ], [ 2.39488, 6.61765 ], [ 2.39434, 6.61728 ], [ 2.39307, 6.61737 ], [ 2.39298, 6.61819 ], [ 2.39334, 6.61864 ], [ 2.39316, 6.62 ], [ 2.39407, 6.62136 ], [ 2.39325, 6.62289 ], [ 2.39325, 6.6238 ], [ 2.39361, 6.62398 ], [ 2.39352, 6.62298 ], [ 2.39379, 6.62271 ], [ 2.39424, 6.6228 ], [ 2.39451, 6.62389 ], [ 2.3956, 6.62344 ], [ 2.39551, 6.6228 ], [ 2.39587, 6.62271 ], [ 2.39632, 6.62335 ], [ 2.39696, 6.62344 ], [ 2.39723, 6.62471 ], [ 2.39687, 6.62516 ], [ 2.39578, 6.62543 ], [ 2.39479, 6.62407 ], [ 2.39496, 6.62552 ], [ 2.39569, 6.62552 ], [ 2.39578, 6.62579 ], [ 2.3956, 6.62669 ], [ 2.39505, 6.62651 ], [ 2.39515, 6.62606 ], [ 2.3946, 6.62543 ], [ 2.39433, 6.62543 ], [ 2.39469, 6.62606 ], [ 2.39451, 6.62642 ], [ 2.39406, 6.62633 ], [ 2.39379, 6.62561 ], [ 2.3918, 6.62606 ], [ 2.39171, 6.62542 ], [ 2.39298, 6.62479 ], [ 2.39307, 6.62434 ], [ 2.39252, 6.62389 ], [ 2.39162, 6.62416 ], [ 2.39126, 6.62316 ], [ 2.39054, 6.62262 ], [ 2.39153, 6.62443 ], [ 2.39125, 6.62687 ] ], [ [ 2.38564, 6.6265 ], [ 2.38483, 6.62505 ], [ 2.38556, 6.62451 ], [ 2.38583, 6.62252 ], [ 2.38547, 6.62207 ], [ 2.38592, 6.62189 ], [ 2.38592, 6.62135 ], [ 2.38502, 6.62162 ], [ 2.38493, 6.62116 ], [ 2.38574, 6.62062 ], [ 2.38547, 6.6199 ], [ 2.38574, 6.61935 ], [ 2.38557, 6.61709 ], [ 2.38602, 6.61691 ], [ 2.38575, 6.61537 ], [ 2.38584, 6.61474 ], [ 2.3862, 6.61474 ], [ 2.38656, 6.61547 ], [ 2.38656, 6.61673 ], [ 2.3862, 6.61764 ], [ 2.38647, 6.61872 ], [ 2.38601, 6.61972 ], [ 2.38638, 6.62044 ], [ 2.38601, 6.62306 ], [ 2.38646, 6.62343 ], [ 2.3861, 6.62433 ], [ 2.38709, 6.62442 ], [ 2.38764, 6.62497 ], [ 2.38746, 6.62551 ], [ 2.38773, 6.62596 ], [ 2.38745, 6.62614 ], [ 2.38718, 6.62542 ], [ 2.38664, 6.62542 ], [ 2.38564, 6.6265 ] ], [ [ 2.34448, 6.62627 ], [ 2.34357, 6.62527 ], [ 2.34321, 6.6259 ], [ 2.34267, 6.6259 ], [ 2.3424, 6.62473 ], [ 2.34321, 6.62446 ], [ 2.3434, 6.62382 ], [ 2.34394, 6.62401 ], [ 2.34403, 6.62328 ], [ 2.3443, 6.62355 ], [ 2.34493, 6.62337 ], [ 2.34539, 6.62283 ], [ 2.34548, 6.62175 ], [ 2.34584, 6.62157 ], [ 2.34593, 6.62202 ], [ 2.34629, 6.62202 ], [ 2.34666, 6.62139 ], [ 2.3463, 6.62039 ], [ 2.34684, 6.62021 ], [ 2.34648, 6.61958 ], [ 2.34711, 6.61949 ], [ 2.34711, 6.62039 ], [ 2.34792, 6.61994 ], [ 2.3481, 6.62048 ], [ 2.34756, 6.62084 ], [ 2.34765, 6.62166 ], [ 2.34693, 6.62148 ], [ 2.34666, 6.62193 ], [ 2.34693, 6.6222 ], [ 2.3481, 6.62211 ], [ 2.34801, 6.62238 ], [ 2.34747, 6.62274 ], [ 2.34693, 6.62238 ], [ 2.34693, 6.62292 ], [ 2.34611, 6.62319 ], [ 2.34602, 6.62437 ], [ 2.3453, 6.62401 ], [ 2.34502, 6.62446 ], [ 2.34448, 6.62446 ], [ 2.34484, 6.62491 ], [ 2.34484, 6.62582 ], [ 2.34448, 6.62627 ] ], [ [ 2.34946, 6.62546 ], [ 2.34891, 6.6241 ], [ 2.3491, 6.62338 ], [ 2.34819, 6.62338 ], [ 2.34783, 6.62293 ], [ 2.34874, 6.62275 ], [ 2.34856, 6.62193 ], [ 2.34819, 6.62202 ], [ 2.34837, 6.62157 ], [ 2.34892, 6.62166 ], [ 2.3491, 6.62302 ], [ 2.35, 6.62266 ], [ 2.34928, 6.62193 ], [ 2.34919, 6.6213 ], [ 2.34982, 6.62094 ], [ 2.35001, 6.62021 ], [ 2.35073, 6.62003 ], [ 2.35163, 6.62058 ], [ 2.35163, 6.62121 ], [ 2.351, 6.62112 ], [ 2.35136, 6.62175 ], [ 2.35109, 6.62257 ], [ 2.3519, 6.62284 ], [ 2.35199, 6.62384 ], [ 2.35072, 6.62365 ], [ 2.35091, 6.62311 ], [ 2.35054, 6.62284 ], [ 2.35027, 6.62374 ], [ 2.34928, 6.62374 ], [ 2.34937, 6.62437 ], [ 2.35036, 6.62383 ], [ 2.35063, 6.62438 ], [ 2.35163, 6.62438 ], [ 2.35217, 6.62492 ], [ 2.35109, 6.62474 ], [ 2.35108, 6.62501 ], [ 2.35027, 6.6251 ], [ 2.35036, 6.62456 ], [ 2.34982, 6.62456 ], [ 2.34964, 6.62483 ], [ 2.35018, 6.62519 ], [ 2.35027, 6.62573 ], [ 2.35, 6.62591 ], [ 2.34946, 6.62546 ] ], [ [ 2.33281, 6.62508 ], [ 2.33245, 6.62318 ], [ 2.33272, 6.62309 ], [ 2.33371, 6.62463 ], [ 2.33426, 6.62426 ], [ 2.33399, 6.62345 ], [ 2.33435, 6.62336 ], [ 2.33489, 6.62526 ], [ 2.33435, 6.62535 ], [ 2.33435, 6.62481 ], [ 2.33371, 6.6249 ], [ 2.33371, 6.62553 ], [ 2.33281, 6.62508 ] ], [ [ 2.3291, 6.62408 ], [ 2.32883, 6.62127 ], [ 2.32929, 6.62109 ], [ 2.32947, 6.62145 ], [ 2.32965, 6.62109 ], [ 2.33037, 6.62109 ], [ 2.3301, 6.62191 ], [ 2.3291, 6.62218 ], [ 2.32964, 6.62399 ], [ 2.3291, 6.62408 ] ], [ [ 2.40754, 6.624 ], [ 2.40591, 6.62354 ], [ 2.40637, 6.622 ], [ 2.40718, 6.62255 ], [ 2.40818, 6.62173 ], [ 2.40809, 6.62345 ], [ 2.40754, 6.624 ] ], [ [ 2.33706, 6.62309 ], [ 2.33643, 6.6221 ], [ 2.33571, 6.62219 ], [ 2.33553, 6.62173 ], [ 2.33462, 6.62191 ], [ 2.33426, 6.62092 ], [ 2.33444, 6.61992 ], [ 2.33562, 6.62029 ], [ 2.33707, 6.6202 ], [ 2.3368, 6.62092 ], [ 2.33734, 6.6211 ], [ 2.33734, 6.62183 ], [ 2.33707, 6.62192 ], [ 2.33679, 6.62128 ], [ 2.33634, 6.62146 ], [ 2.33634, 6.62182 ], [ 2.33688, 6.62219 ], [ 2.33779, 6.62201 ], [ 2.33815, 6.62355 ], [ 2.33788, 6.62318 ], [ 2.33706, 6.62309 ] ], [ [ 2.38284, 6.62324 ], [ 2.38149, 6.62234 ], [ 2.38167, 6.62197 ], [ 2.38321, 6.62188 ], [ 2.3833, 6.62261 ], [ 2.38284, 6.62324 ] ], [ [ 2.33272, 6.62227 ], [ 2.33182, 6.62227 ], [ 2.33191, 6.62146 ], [ 2.33109, 6.62137 ], [ 2.33191, 6.62046 ], [ 2.33227, 6.62055 ], [ 2.33236, 6.62119 ], [ 2.33327, 6.62101 ], [ 2.33318, 6.62064 ], [ 2.33245, 6.62037 ], [ 2.33327, 6.61893 ], [ 2.33327, 6.62028 ], [ 2.33408, 6.6211 ], [ 2.33417, 6.622 ], [ 2.33345, 6.62119 ], [ 2.33299, 6.62263 ], [ 2.33272, 6.62227 ] ], [ [ 2.40302, 6.61929 ], [ 2.40149, 6.61883 ], [ 2.40131, 6.61838 ], [ 2.40185, 6.61802 ], [ 2.40294, 6.61811 ], [ 2.40303, 6.61856 ], [ 2.40366, 6.61865 ], [ 2.40393, 6.61938 ], [ 2.4032, 6.62001 ], [ 2.40302, 6.61929 ] ], [ [ 2.38593, 6.61329 ], [ 2.38494, 6.61257 ], [ 2.38458, 6.61076 ], [ 2.38367, 6.61076 ], [ 2.38322, 6.6103 ], [ 2.38358, 6.61003 ], [ 2.3834, 6.60967 ], [ 2.3825, 6.60958 ], [ 2.38277, 6.60922 ], [ 2.38259, 6.60813 ], [ 2.38286, 6.60804 ], [ 2.38404, 6.60913 ], [ 2.38422, 6.61049 ], [ 2.38512, 6.61031 ], [ 2.38503, 6.6113 ], [ 2.38629, 6.61329 ], [ 2.3862, 6.61402 ], [ 2.38584, 6.61402 ], [ 2.38593, 6.61329 ] ], [ [ 2.40023, 6.61096 ], [ 2.39869, 6.61069 ], [ 2.39924, 6.61032 ], [ 2.39924, 6.60969 ], [ 2.39987, 6.6096 ], [ 2.39987, 6.61042 ], [ 2.40059, 6.61024 ], [ 2.40122, 6.6115 ], [ 2.40032, 6.6115 ], [ 2.40023, 6.61096 ] ], [ [ 2.38775, 6.61058 ], [ 2.3872, 6.60968 ], [ 2.38639, 6.60986 ], [ 2.38467, 6.60913 ], [ 2.38286, 6.60768 ], [ 2.38277, 6.60687 ], [ 2.38241, 6.60668 ], [ 2.38287, 6.60551 ], [ 2.38377, 6.60488 ], [ 2.38368, 6.60433 ], [ 2.38414, 6.60352 ], [ 2.38477, 6.6037 ], [ 2.38459, 6.60461 ], [ 2.38558, 6.60425 ], [ 2.38567, 6.60307 ], [ 2.38676, 6.60425 ], [ 2.3873, 6.60407 ], [ 2.38568, 6.59656 ], [ 2.38631, 6.59773 ], [ 2.38658, 6.59773 ], [ 2.38659, 6.5971 ], [ 2.38577, 6.59466 ], [ 2.3855, 6.59484 ], [ 2.38559, 6.59628 ], [ 2.38532, 6.5961 ], [ 2.38505, 6.59366 ], [ 2.38632, 6.59194 ], [ 2.39003, 6.59059 ], [ 2.39076, 6.58969 ], [ 2.39139, 6.58797 ], [ 2.3932, 6.58643 ], [ 2.39375, 6.58634 ], [ 2.39275, 6.58815 ], [ 2.39311, 6.58915 ], [ 2.39239, 6.58887 ], [ 2.39239, 6.58824 ], [ 2.39157, 6.58851 ], [ 2.39076, 6.59077 ], [ 2.38623, 6.5924 ], [ 2.38568, 6.59393 ], [ 2.38686, 6.59375 ], [ 2.38677, 6.59339 ], [ 2.38713, 6.5933 ], [ 2.38713, 6.59475 ], [ 2.38758, 6.59484 ], [ 2.38822, 6.5943 ], [ 2.38804, 6.59511 ], [ 2.38713, 6.59556 ], [ 2.38749, 6.59737 ], [ 2.38677, 6.59746 ], [ 2.38695, 6.59882 ], [ 2.38667, 6.6 ], [ 2.38731, 6.59982 ], [ 2.38739, 6.60271 ], [ 2.38848, 6.60434 ], [ 2.3882, 6.60534 ], [ 2.38757, 6.60461 ], [ 2.38667, 6.60443 ], [ 2.38504, 6.60506 ], [ 2.38404, 6.60497 ], [ 2.38341, 6.60632 ], [ 2.38413, 6.60651 ], [ 2.3844, 6.60714 ], [ 2.3854, 6.60777 ], [ 2.38621, 6.60768 ], [ 2.38766, 6.60678 ], [ 2.38884, 6.60724 ], [ 2.38929, 6.60696 ], [ 2.39037, 6.60778 ], [ 2.39028, 6.60841 ], [ 2.391, 6.60869 ], [ 2.3901, 6.60905 ], [ 2.39028, 6.60995 ], [ 2.38956, 6.60986 ], [ 2.38856, 6.61058 ], [ 2.38775, 6.61058 ] ], [ [ 2.33835, 6.60916 ], [ 2.33817, 6.60808 ], [ 2.33763, 6.6078 ], [ 2.33754, 6.60735 ], [ 2.33835, 6.60744 ], [ 2.33853, 6.6079 ], [ 2.33944, 6.60817 ], [ 2.34025, 6.60799 ], [ 2.34016, 6.60708 ], [ 2.34061, 6.60736 ], [ 2.34052, 6.60862 ], [ 2.33943, 6.6088 ], [ 2.33925, 6.60934 ], [ 2.33835, 6.60916 ] ], [ [ 2.33355, 6.60852 ], [ 2.33401, 6.6078 ], [ 2.33537, 6.6078 ], [ 2.33555, 6.60735 ], [ 2.33609, 6.60762 ], [ 2.336, 6.60807 ], [ 2.33536, 6.60798 ], [ 2.33509, 6.60843 ], [ 2.33473, 6.60825 ], [ 2.33437, 6.60898 ], [ 2.33373, 6.60906 ], [ 2.33355, 6.60852 ] ], [ [ 2.3948, 6.60896 ], [ 2.393, 6.60715 ], [ 2.39327, 6.60643 ], [ 2.39282, 6.60543 ], [ 2.39282, 6.60426 ], [ 2.3959, 6.60209 ], [ 2.3968, 6.6029 ], [ 2.39617, 6.60326 ], [ 2.39626, 6.6039 ], [ 2.39807, 6.60426 ], [ 2.3987, 6.60553 ], [ 2.39788, 6.60643 ], [ 2.39707, 6.60526 ], [ 2.39725, 6.60426 ], [ 2.39553, 6.6048 ], [ 2.39508, 6.60598 ], [ 2.39571, 6.60643 ], [ 2.3958, 6.60752 ], [ 2.39499, 6.60806 ], [ 2.3948, 6.60896 ] ], [ [ 2.3987, 6.60779 ], [ 2.39852, 6.60716 ], [ 2.39879, 6.6068 ], [ 2.39951, 6.60716 ], [ 2.39942, 6.6068 ], [ 2.40006, 6.60607 ], [ 2.40105, 6.60644 ], [ 2.40096, 6.60698 ], [ 2.40014, 6.60698 ], [ 2.39969, 6.60815 ], [ 2.3987, 6.60779 ] ], [ [ 2.39834, 6.60426 ], [ 2.39771, 6.6029 ], [ 2.39798, 6.60227 ], [ 2.39762, 6.60191 ], [ 2.39798, 6.60128 ], [ 2.39843, 6.60164 ], [ 2.39825, 6.60281 ], [ 2.40015, 6.60255 ], [ 2.40006, 6.60291 ], [ 2.39915, 6.60318 ], [ 2.39942, 6.60399 ], [ 2.39888, 6.60435 ], [ 2.39834, 6.60426 ] ], [ [ 2.36957, 6.60386 ], [ 2.37011, 6.6026 ], [ 2.37111, 6.60251 ], [ 2.37165, 6.6017 ], [ 2.37247, 6.60152 ], [ 2.37238, 6.60233 ], [ 2.37274, 6.60296 ], [ 2.37228, 6.60296 ], [ 2.37183, 6.60387 ], [ 2.37111, 6.60396 ], [ 2.37129, 6.60314 ], [ 2.37102, 6.60296 ], [ 2.37047, 6.60414 ], [ 2.36957, 6.60386 ] ], [ [ 2.37175, 6.59934 ], [ 2.37274, 6.59889 ], [ 2.37274, 6.59853 ], [ 2.37229, 6.59835 ], [ 2.37256, 6.5979 ], [ 2.3741, 6.59871 ], [ 2.37346, 6.59935 ], [ 2.37274, 6.59916 ], [ 2.37229, 6.60007 ], [ 2.37174, 6.59989 ], [ 2.37175, 6.59934 ] ], [ [ 2.39057, 6.59747 ], [ 2.3893, 6.59683 ], [ 2.38876, 6.59719 ], [ 2.38821, 6.59656 ], [ 2.38876, 6.5962 ], [ 2.39102, 6.59629 ], [ 2.39057, 6.59747 ] ], [ [ 2.39473, 6.59621 ], [ 2.39247, 6.59457 ], [ 2.39165, 6.59484 ], [ 2.39301, 6.59358 ], [ 2.39265, 6.59331 ], [ 2.39265, 6.59123 ], [ 2.39329, 6.59069 ], [ 2.39356, 6.59159 ], [ 2.3931, 6.59358 ], [ 2.39473, 6.59621 ] ], [ [ 2.39519, 6.59304 ], [ 2.39419, 6.59295 ], [ 2.39419, 6.59241 ], [ 2.39582, 6.59223 ], [ 2.39609, 6.59367 ], [ 2.39518, 6.59422 ], [ 2.39519, 6.59304 ] ], [ [ 2.40134, 6.59124 ], [ 2.40062, 6.58888 ], [ 2.40161, 6.58852 ], [ 2.4017, 6.58898 ], [ 2.40116, 6.58988 ], [ 2.40179, 6.59097 ], [ 2.40134, 6.59124 ] ], [ [ 2.39736, 6.58888 ], [ 2.39745, 6.58834 ], [ 2.397, 6.58789 ], [ 2.39709, 6.58653 ], [ 2.39791, 6.58716 ], [ 2.39763, 6.58825 ], [ 2.39854, 6.58852 ], [ 2.39845, 6.58906 ], [ 2.39736, 6.58888 ] ], [ [ 2.37294, 6.58279 ], [ 2.37258, 6.58188 ], [ 2.37141, 6.58197 ], [ 2.37132, 6.58152 ], [ 2.37086, 6.58152 ], [ 2.37095, 6.58116 ], [ 2.37213, 6.5808 ], [ 2.37249, 6.58143 ], [ 2.37412, 6.58243 ], [ 2.37358, 6.58315 ], [ 2.37294, 6.58279 ] ], [ [ 2.38859, 6.58263 ], [ 2.38878, 6.58227 ], [ 2.38959, 6.58245 ], [ 2.38968, 6.58209 ], [ 2.38869, 6.58181 ], [ 2.38878, 6.58055 ], [ 2.38833, 6.58028 ], [ 2.38842, 6.57964 ], [ 2.3876, 6.57946 ], [ 2.3876, 6.5791 ], [ 2.39014, 6.57847 ], [ 2.38977, 6.57973 ], [ 2.39077, 6.58019 ], [ 2.39104, 6.58118 ], [ 2.39013, 6.58154 ], [ 2.39013, 6.58299 ], [ 2.38859, 6.58263 ] ], [ [ 2.38597, 6.5829 ], [ 2.3847, 6.58217 ], [ 2.38471, 6.58127 ], [ 2.38498, 6.58109 ], [ 2.38525, 6.58163 ], [ 2.38588, 6.58136 ], [ 2.38606, 6.58027 ], [ 2.38561, 6.57991 ], [ 2.38579, 6.57928 ], [ 2.38634, 6.57973 ], [ 2.38624, 6.58109 ], [ 2.38661, 6.58136 ], [ 2.38706, 6.58109 ], [ 2.3867, 6.58045 ], [ 2.38688, 6.58009 ], [ 2.3876, 6.57991 ], [ 2.38742, 6.58127 ], [ 2.38805, 6.58163 ], [ 2.38814, 6.58245 ], [ 2.38688, 6.58199 ], [ 2.38615, 6.58235 ], [ 2.38597, 6.5829 ] ], [ [ 2.37665, 6.58044 ], [ 2.37611, 6.57963 ], [ 2.37494, 6.57999 ], [ 2.37439, 6.57953 ], [ 2.3743, 6.57854 ], [ 2.37648, 6.57936 ], [ 2.37711, 6.58044 ], [ 2.37665, 6.58044 ] ], [ [ 2.39968, 6.54428 ], [ 2.39977, 6.54256 ], [ 2.40067, 6.54392 ], [ 2.40122, 6.54356 ], [ 2.40158, 6.54437 ], [ 2.4013, 6.54474 ], [ 2.40049, 6.54474 ], [ 2.39968, 6.54428 ] ], [ [ 2.39824, 6.53894 ], [ 2.3986, 6.53894 ], [ 2.3986, 6.53858 ], [ 2.39815, 6.53858 ], [ 2.39806, 6.53804 ], [ 2.39543, 6.53812 ], [ 2.39507, 6.53849 ], [ 2.3948, 6.53722 ], [ 2.39806, 6.53731 ], [ 2.39887, 6.53795 ], [ 2.39851, 6.53949 ], [ 2.39824, 6.53894 ] ], [ [ 2.39706, 6.53713 ], [ 2.39661, 6.53559 ], [ 2.39562, 6.53523 ], [ 2.3958, 6.53487 ], [ 2.39716, 6.53442 ], [ 2.39761, 6.53496 ], [ 2.39751, 6.53686 ], [ 2.39706, 6.53713 ] ], [ [ 2.40077, 6.53677 ], [ 2.39987, 6.53578 ], [ 2.39888, 6.53189 ], [ 2.39933, 6.53171 ], [ 2.39951, 6.53207 ], [ 2.39924, 6.53234 ], [ 2.39996, 6.53243 ], [ 2.40042, 6.53162 ], [ 2.40186, 6.53126 ], [ 2.4034, 6.53253 ], [ 2.40304, 6.53298 ], [ 2.40286, 6.53252 ], [ 2.40177, 6.53352 ], [ 2.4024, 6.53451 ], [ 2.40195, 6.53506 ], [ 2.40086, 6.53542 ], [ 2.40077, 6.53677 ] ], [ [ 2.39952, 6.52103 ], [ 2.39862, 6.51994 ], [ 2.39871, 6.51922 ], [ 2.39962, 6.51922 ], [ 2.40016, 6.51877 ], [ 2.40007, 6.51931 ], [ 2.40097, 6.52022 ], [ 2.40097, 6.52076 ], [ 2.39952, 6.52103 ] ] ], [ [ [ 2.37309, 6.61255 ], [ 2.37272, 6.61201 ], [ 2.37218, 6.61255 ], [ 2.37137, 6.61255 ], [ 2.371, 6.61309 ], [ 2.37227, 6.61337 ], [ 2.37281, 6.614 ], [ 2.37309, 6.61255 ] ] ], [ [ [ 2.37462, 6.61934 ], [ 2.37498, 6.61826 ], [ 2.37453, 6.61744 ], [ 2.37353, 6.61771 ], [ 2.37398, 6.61916 ], [ 2.37462, 6.61934 ] ] ], [ [ [ 2.36755, 6.62901 ], [ 2.36891, 6.62766 ], [ 2.36891, 6.62675 ], [ 2.368, 6.62648 ], [ 2.36746, 6.62684 ], [ 2.36709, 6.62865 ], [ 2.36755, 6.62901 ] ] ], [ [ [ 2.36418, 6.64593 ], [ 2.36535, 6.64674 ], [ 2.36644, 6.64674 ], [ 2.36698, 6.64638 ], [ 2.36608, 6.64511 ], [ 2.36499, 6.64566 ], [ 2.36499, 6.64484 ], [ 2.36635, 6.64421 ], [ 2.36599, 6.64204 ], [ 2.36554, 6.64131 ], [ 2.36463, 6.64204 ], [ 2.36409, 6.64357 ], [ 2.36337, 6.64294 ], [ 2.36291, 6.64321 ], [ 2.36183, 6.6452 ], [ 2.36192, 6.64574 ], [ 2.36255, 6.64556 ], [ 2.363, 6.64583 ], [ 2.36282, 6.64755 ], [ 2.36318, 6.64755 ], [ 2.36327, 6.64692 ], [ 2.36363, 6.6471 ], [ 2.3639, 6.64683 ], [ 2.36418, 6.64593 ] ], [ [ 2.364, 6.64593 ], [ 2.36291, 6.64547 ], [ 2.36264, 6.64475 ], [ 2.36391, 6.64484 ], [ 2.36517, 6.64385 ], [ 2.36526, 6.64421 ], [ 2.36472, 6.64439 ], [ 2.36463, 6.64511 ], [ 2.364, 6.64593 ] ] ], [ [ [ 2.36444, 6.65099 ], [ 2.36598, 6.65054 ], [ 2.36562, 6.64955 ], [ 2.36517, 6.64909 ], [ 2.36453, 6.64909 ], [ 2.36417, 6.64973 ], [ 2.36444, 6.65099 ] ] ], [ [ [ 2.36381, 6.65181 ], [ 2.36417, 6.65144 ], [ 2.36363, 6.65063 ], [ 2.36272, 6.65063 ], [ 2.36245, 6.64981 ], [ 2.36155, 6.65026 ], [ 2.36101, 6.64945 ], [ 2.36073, 6.64954 ], [ 2.36082, 6.65044 ], [ 2.36128, 6.65045 ], [ 2.36173, 6.65135 ], [ 2.36073, 6.65117 ], [ 2.36064, 6.65171 ], [ 2.36381, 6.65181 ] ] ], [ [ [ 2.37688, 6.68521 ], [ 2.37643, 6.68358 ], [ 2.37598, 6.68376 ], [ 2.37571, 6.68511 ], [ 2.37625, 6.68557 ], [ 2.37688, 6.68521 ] ] ] ] } },
{ "type": "Feature", "properties": { "classe": 4, "nom": "Zones humides", "superficie_ha": 5423.5, "pourcentage": 10.98 }, "geometry": { "type": "MultiPolygon", "coordinates": [ [ [ [ 2.28856, 6.3689 ], [ 2.2901, 6.36872 ], [ 2.28947, 6.36745 ], [ 2.29074, 6.36646 ], [ 2.28857, 6.36655 ], [ 2.28559, 6.36464 ], [ 2.28595, 6.36428 ], [ 2.28604, 6.36329 ], [ 2.28559, 6.36311 ], [ 2.28586, 6.36256 ], [ 2.28704, 6.36238 ], [ 2.2874, 6.36275 ], [ 2.28713, 6.36356 ], [ 2.2864, 6.36356 ], [ 2.28649, 6.36401 ], [ 2.28776, 6.36383 ], [ 2.28785, 6.36266 ], [ 2.28713, 6.36193 ], [ 2.28776, 6.36139 ], [ 2.28776, 6.36094 ], [ 2.28713, 6.36103 ], [ 2.28677, 6.36184 ], [ 2.28586, 6.36157 ], [ 2.28505, 6.36193 ], [ 2.28505, 6.36157 ], [ 2.28722, 6.36057 ], [ 2.28858, 6.36067 ], [ 2.28984, 6.36121 ], [ 2.29029, 6.36076 ], [ 2.28858, 6.3604 ], [ 2.28758, 6.3594 ], [ 2.28596, 6.3594 ], [ 2.28623, 6.35985 ], [ 2.28604, 6.36039 ], [ 2.28532, 6.36075 ], [ 2.28487, 6.36166 ], [ 2.28414, 6.36184 ], [ 2.2846, 6.36211 ], [ 2.28487, 6.36301 ], [ 2.2855, 6.36311 ], [ 2.28513, 6.3641 ], [ 2.2836, 6.36392 ], [ 2.28351, 6.36247 ], [ 2.28306, 6.36247 ], [ 2.28052, 6.36418 ], [ 2.28106, 6.36464 ], [ 2.28215, 6.36446 ], [ 2.28296, 6.36518 ], [ 2.28432, 6.36518 ], [ 2.28495, 6.36618 ], [ 2.2854, 6.36573 ], [ 2.28577, 6.36582 ], [ 2.28613, 6.36682 ], [ 2.28766, 6.36664 ], [ 2.28811, 6.36854 ], [ 2.28856, 6.3689 ] ] ], [ [ [ 2.274, 6.37431 ], [ 2.27445, 6.37358 ], [ 2.27337, 6.37331 ], [ 2.27174, 6.37358 ], [ 2.27318, 6.3744 ], [ 2.274, 6.37431 ] ] ], [ [ [ 2.28006, 6.37486 ], [ 2.28205, 6.37504 ], [ 2.2825, 6.3745 ], [ 2.27906, 6.37395 ], [ 2.27852, 6.37341 ], [ 2.27743, 6.37422 ], [ 2.27933, 6.37477 ], [ 2.2796, 6.37522 ], [ 2.28006, 6.37486 ] ] ], [ [ [ 2.26558, 6.37837 ], [ 2.26586, 6.37692 ], [ 2.26631, 6.37755 ], [ 2.26739, 6.37755 ], [ 2.26748, 6.37683 ], [ 2.26703, 6.37574 ], [ 2.26758, 6.37448 ], [ 2.26821, 6.37439 ], [ 2.26875, 6.37484 ], [ 2.2693, 6.3743 ], [ 2.27119, 6.37439 ], [ 2.27165, 6.3743 ], [ 2.27165, 6.37367 ], [ 2.27138, 6.37412 ], [ 2.27092, 6.37349 ], [ 2.27038, 6.37367 ], [ 2.26885, 6.37294 ], [ 2.26821, 6.37358 ], [ 2.26749, 6.37357 ], [ 2.26631, 6.37439 ], [ 2.26495, 6.37475 ], [ 2.26477, 6.37511 ], [ 2.2654, 6.37665 ], [ 2.26477, 6.37701 ], [ 2.26414, 6.37637 ], [ 2.26396, 6.37683 ], [ 2.26477, 6.37782 ], [ 2.26495, 6.37873 ], [ 2.26558, 6.37837 ] ] ], [ [ [ 2.29208, 6.37877 ], [ 2.29172, 6.3775 ], [ 2.29063, 6.37614 ], [ 2.28964, 6.37605 ], [ 2.2891, 6.37559 ], [ 2.28666, 6.37541 ], [ 2.28702, 6.37586 ], [ 2.28666, 6.3765 ], [ 2.28765, 6.3774 ], [ 2.28828, 6.37731 ], [ 2.29099, 6.37867 ], [ 2.29208, 6.37877 ] ] ], [ [ [ 2.2784, 6.3915 ], [ 2.27895, 6.3915 ], [ 2.27886, 6.39105 ], [ 2.27813, 6.39096 ], [ 2.27777, 6.38978 ], [ 2.27714, 6.38942 ], [ 2.27669, 6.3906 ], [ 2.2775, 6.39078 ], [ 2.27759, 6.39159 ], [ 2.27831, 6.39186 ], [ 2.2784, 6.3915 ] ] ], [ [ [ 2.2765, 6.39394 ], [ 2.27723, 6.39421 ], [ 2.27777, 6.39358 ], [ 2.27686, 6.39349 ], [ 2.27678, 6.39295 ], [ 2.27641, 6.39295 ], [ 2.27632, 6.39385 ], [ 2.27542, 6.39367 ], [ 2.27506, 6.39412 ], [ 2.27605, 6.39458 ], [ 2.2765, 6.39394 ] ] ], [ [ [ 2.26863, 6.3961 ], [ 2.268, 6.3952 ], [ 2.2671, 6.39501 ], [ 2.26701, 6.39465 ], [ 2.26619, 6.39519 ], [ 2.2642, 6.39519 ], [ 2.26366, 6.39555 ], [ 2.26474, 6.39574 ], [ 2.26538, 6.39528 ], [ 2.26646, 6.39538 ], [ 2.26664, 6.3951 ], [ 2.26682, 6.39547 ], [ 2.26646, 6.39556 ], [ 2.26863, 6.3961 ] ] ], [ [ [ 2.25814, 6.39636 ], [ 2.26149, 6.39555 ], [ 2.26275, 6.39582 ], [ 2.26294, 6.39555 ], [ 2.26158, 6.3951 ], [ 2.26104, 6.39546 ], [ 2.26095, 6.39519 ], [ 2.25941, 6.39518 ], [ 2.25932, 6.39555 ], [ 2.25733, 6.396 ], [ 2.25814, 6.39636 ] ] ], [ [ [ 2.2812, 6.39811 ], [ 2.28229, 6.39712 ], [ 2.28283, 6.39739 ], [ 2.28274, 6.39676 ], [ 2.28211, 6.39648 ], [ 2.28229, 6.39594 ], [ 2.28184, 6.39585 ], [ 2.28129, 6.39476 ], [ 2.28093, 6.39476 ], [ 2.28084, 6.39522 ], [ 2.28057, 6.39476 ], [ 2.27976, 6.39476 ], [ 2.27894, 6.39404 ], [ 2.27867, 6.39494 ], [ 2.27912, 6.39512 ], [ 2.27949, 6.39476 ], [ 2.28012, 6.39521 ], [ 2.28039, 6.39594 ], [ 2.27975, 6.39648 ], [ 2.27894, 6.39603 ], [ 2.27876, 6.39648 ], [ 2.27957, 6.39666 ], [ 2.2803, 6.39784 ], [ 2.2812, 6.39811 ] ] ], [ [ [ 2.25326, 6.39626 ], [ 2.25561, 6.39654 ], [ 2.25498, 6.39581 ], [ 2.25136, 6.39581 ], [ 2.25073, 6.39644 ], [ 2.25226, 6.39617 ], [ 2.25299, 6.39653 ], [ 2.25326, 6.39626 ] ] ], [ [ [ 2.23327, 6.39813 ], [ 2.2349, 6.39768 ], [ 2.23544, 6.39669 ], [ 2.23662, 6.39633 ], [ 2.2377, 6.39669 ], [ 2.2387, 6.39615 ], [ 2.23996, 6.39615 ], [ 2.24132, 6.39624 ], [ 2.24231, 6.39679 ], [ 2.24349, 6.3967 ], [ 2.24069, 6.39543 ], [ 2.23888, 6.39552 ], [ 2.23852, 6.39515 ], [ 2.23689, 6.39497 ], [ 2.2359, 6.39551 ], [ 2.23472, 6.39551 ], [ 2.23436, 6.39623 ], [ 2.23391, 6.39623 ], [ 2.23327, 6.39813 ] ] ], [ [ [ 2.27296, 6.40298 ], [ 2.27459, 6.40199 ], [ 2.27423, 6.401 ], [ 2.27468, 6.40073 ], [ 2.27432, 6.40009 ], [ 2.27478, 6.39873 ], [ 2.27424, 6.39783 ], [ 2.27469, 6.39774 ], [ 2.27505, 6.39702 ], [ 2.27596, 6.39729 ], [ 2.27596, 6.39657 ], [ 2.27523, 6.39638 ], [ 2.27587, 6.39512 ], [ 2.27424, 6.39484 ], [ 2.27415, 6.39521 ], [ 2.27252, 6.3962 ], [ 2.27198, 6.39547 ], [ 2.27125, 6.39565 ], [ 2.27062, 6.39493 ], [ 2.26999, 6.3952 ], [ 2.27008, 6.3962 ], [ 2.26936, 6.3961 ], [ 2.26926, 6.39647 ], [ 2.27035, 6.39692 ], [ 2.27026, 6.39755 ], [ 2.27098, 6.39846 ], [ 2.27224, 6.39936 ], [ 2.27279, 6.39918 ], [ 2.27297, 6.40072 ], [ 2.27242, 6.40262 ], [ 2.27296, 6.40298 ] ] ], [ [ [ 2.2225, 6.40219 ], [ 2.22268, 6.40092 ], [ 2.22486, 6.39939 ], [ 2.22748, 6.39966 ], [ 2.2282, 6.39957 ], [ 2.22838, 6.39903 ], [ 2.22811, 6.39876 ], [ 2.22603, 6.39884 ], [ 2.22531, 6.39839 ], [ 2.22377, 6.39893 ], [ 2.22368, 6.39857 ], [ 2.22233, 6.3983 ], [ 2.22106, 6.39685 ], [ 2.22043, 6.39667 ], [ 2.22061, 6.39721 ], [ 2.22007, 6.39748 ], [ 2.22106, 6.39793 ], [ 2.22115, 6.39902 ], [ 2.22006, 6.39929 ], [ 2.21925, 6.39856 ], [ 2.21889, 6.39947 ], [ 2.21961, 6.39956 ], [ 2.21961, 6.40028 ], [ 2.21997, 6.39974 ], [ 2.22024, 6.40028 ], [ 2.22124, 6.40047 ], [ 2.22124, 6.40083 ], [ 2.22051, 6.40074 ], [ 2.22051, 6.40128 ], [ 2.22151, 6.40137 ], [ 2.22205, 6.40219 ], [ 2.2225, 6.40219 ] ] ], [ [ [ 2.27767, 6.40109 ], [ 2.27758, 6.39991 ], [ 2.27568, 6.39955 ], [ 2.27595, 6.401 ], [ 2.2764, 6.401 ], [ 2.27595, 6.40027 ], [ 2.27677, 6.4 ], [ 2.27731, 6.40064 ], [ 2.27694, 6.40136 ], [ 2.27767, 6.40109 ] ] ], [ [ [ 2.27875, 6.40182 ], [ 2.27939, 6.40064 ], [ 2.27921, 6.39937 ], [ 2.27785, 6.39992 ], [ 2.27866, 6.40118 ], [ 2.27839, 6.40163 ], [ 2.27875, 6.40182 ] ] ], [ [ [ 2.22114, 6.40526 ], [ 2.22196, 6.40463 ], [ 2.22178, 6.40336 ], [ 2.22151, 6.40309 ], [ 2.21997, 6.40336 ], [ 2.22024, 6.40273 ], [ 2.22087, 6.40255 ], [ 2.22106, 6.40191 ], [ 2.2197, 6.40218 ], [ 2.21978, 6.40481 ], [ 2.22042, 6.40526 ], [ 2.22114, 6.40526 ] ] ], [ [ [ 2.28037, 6.40878 ], [ 2.28137, 6.40752 ], [ 2.28182, 6.40752 ], [ 2.28299, 6.40861 ], [ 2.28299, 6.40743 ], [ 2.28218, 6.40698 ], [ 2.28164, 6.40517 ], [ 2.28083, 6.40435 ], [ 2.27965, 6.40417 ], [ 2.27956, 6.40589 ], [ 2.28001, 6.40607 ], [ 2.28001, 6.40562 ], [ 2.28074, 6.40526 ], [ 2.28083, 6.40589 ], [ 2.28019, 6.40607 ], [ 2.28037, 6.40661 ], [ 2.28092, 6.4067 ], [ 2.28119, 6.40589 ], [ 2.28146, 6.40625 ], [ 2.28128, 6.40752 ], [ 2.28046, 6.40779 ], [ 2.28037, 6.40878 ] ] ], [ [ [ 2.2685, 6.42225 ], [ 2.2695, 6.42134 ], [ 2.2695, 6.4208 ], [ 2.2705, 6.41981 ], [ 2.27005, 6.41935 ], [ 2.27023, 6.41863 ], [ 2.26923, 6.41935 ], [ 2.26932, 6.42026 ], [ 2.26914, 6.42008 ], [ 2.26832, 6.4218 ], [ 2.2685, 6.42225 ] ] ], [ [ [ 2.26615, 6.42333 ], [ 2.26579, 6.42224 ], [ 2.26597, 6.42161 ], [ 2.26706, 6.42152 ], [ 2.26652, 6.4208 ], [ 2.26606, 6.42116 ], [ 2.26543, 6.4208 ], [ 2.26498, 6.42116 ], [ 2.26534, 6.42179 ], [ 2.26471, 6.42206 ], [ 2.26471, 6.4226 ], [ 2.26525, 6.42197 ], [ 2.26615, 6.42333 ] ] ], [ [ [ 2.28541, 6.42589 ], [ 2.28559, 6.42517 ], [ 2.28496, 6.42508 ], [ 2.28523, 6.42426 ], [ 2.28496, 6.4239 ], [ 2.28442, 6.42408 ], [ 2.28442, 6.42327 ], [ 2.28478, 6.42299 ], [ 2.28469, 6.42363 ], [ 2.28532, 6.42354 ], [ 2.28605, 6.42426 ], [ 2.28569, 6.42309 ], [ 2.28632, 6.42236 ], [ 2.28515, 6.42091 ], [ 2.28533, 6.4201 ], [ 2.28506, 6.41992 ], [ 2.28451, 6.42019 ], [ 2.28406, 6.42118 ], [ 2.28361, 6.42118 ], [ 2.28361, 6.42164 ], [ 2.28505, 6.42652 ], [ 2.28505, 6.42598 ], [ 2.28541, 6.42589 ] ] ], [ [ [ 2.2884, 6.42454 ], [ 2.28858, 6.42354 ], [ 2.28876, 6.42228 ], [ 2.2884, 6.42228 ], [ 2.28831, 6.42291 ], [ 2.28713, 6.42282 ], [ 2.28704, 6.42363 ], [ 2.28749, 6.4239 ], [ 2.28804, 6.42318 ], [ 2.28767, 6.42408 ], [ 2.2884, 6.42454 ] ] ], [ [ [ 2.29111, 6.42599 ], [ 2.28985, 6.42382 ], [ 2.28985, 6.42228 ], [ 2.28958, 6.4211 ], [ 2.28931, 6.4211 ], [ 2.28903, 6.42155 ], [ 2.2894, 6.42182 ], [ 2.28958, 6.42291 ], [ 2.28912, 6.42309 ], [ 2.28921, 6.42391 ], [ 2.28876, 6.42463 ], [ 2.28921, 6.42472 ], [ 2.28975, 6.42409 ], [ 2.28948, 6.42481 ], [ 2.29111, 6.42599 ] ] ], [ [ [ 2.28622, 6.42833 ], [ 2.28758, 6.42725 ], [ 2.28677, 6.42707 ], [ 2.28613, 6.42607 ], [ 2.28559, 6.42616 ], [ 2.28523, 6.42734 ], [ 2.28559, 6.42788 ], [ 2.28613, 6.42788 ], [ 2.28577, 6.42879 ], [ 2.28631, 6.42897 ], [ 2.28622, 6.42833 ] ] ], [ [ [ 2.26497, 6.4302 ], [ 2.26551, 6.42921 ], [ 2.26325, 6.42803 ], [ 2.26379, 6.4274 ], [ 2.26334, 6.4274 ], [ 2.26361, 6.42658 ], [ 2.26325, 6.42631 ], [ 2.26235, 6.42866 ], [ 2.26343, 6.42857 ], [ 2.26515, 6.42948 ], [ 2.26497, 6.4302 ] ] ], [ [ [ 2.28784, 6.4315 ], [ 2.28956, 6.43087 ], [ 2.28929, 6.43051 ], [ 2.28966, 6.42997 ], [ 2.28948, 6.42961 ], [ 2.28776, 6.4296 ], [ 2.28776, 6.43015 ], [ 2.2873, 6.43024 ], [ 2.28712, 6.43087 ], [ 2.28784, 6.4315 ] ] ], [ [ [ 2.2911, 6.43513 ], [ 2.29128, 6.4335 ], [ 2.2901, 6.43295 ], [ 2.2901, 6.43241 ], [ 2.28956, 6.43259 ], [ 2.28938, 6.43286 ], [ 2.2901, 6.43341 ], [ 2.29055, 6.43494 ], [ 2.2911, 6.43513 ] ] ], [ [ [ 2.2247, 6.44127 ], [ 2.22489, 6.43892 ], [ 2.22462, 6.43838 ], [ 2.22453, 6.4391 ], [ 2.22389, 6.4391 ], [ 2.2238, 6.43946 ], [ 2.22416, 6.44 ], [ 2.22407, 6.44082 ], [ 2.2247, 6.44127 ] ] ], [ [ [ 2.2246, 6.44715 ], [ 2.22551, 6.44679 ], [ 2.22515, 6.44598 ], [ 2.22605, 6.44525 ], [ 2.22551, 6.44435 ], [ 2.22597, 6.44417 ], [ 2.22597, 6.44381 ], [ 2.22524, 6.44263 ], [ 2.22515, 6.44408 ], [ 2.22479, 6.44462 ], [ 2.22515, 6.44552 ], [ 2.22461, 6.4457 ], [ 2.2246, 6.44715 ] ] ], [ [ [ 2.22212, 6.47203 ], [ 2.22213, 6.47076 ], [ 2.22285, 6.46995 ], [ 2.22267, 6.46913 ], [ 2.22321, 6.46877 ], [ 2.22349, 6.46787 ], [ 2.2234, 6.46696 ], [ 2.22295, 6.46705 ], [ 2.22285, 6.46832 ], [ 2.22213, 6.46859 ], [ 2.22222, 6.46922 ], [ 2.22104, 6.47022 ], [ 2.22131, 6.47085 ], [ 2.22185, 6.47085 ], [ 2.22131, 6.47166 ], [ 2.2214, 6.4723 ], [ 2.22212, 6.47203 ] ] ], [ [ [ 2.21197, 6.49101 ], [ 2.21296, 6.48983 ], [ 2.2135, 6.48974 ], [ 2.2136, 6.48875 ], [ 2.21468, 6.4883 ], [ 2.21668, 6.48496 ], [ 2.21686, 6.48306 ], [ 2.21605, 6.48251 ], [ 2.21686, 6.48251 ], [ 2.21714, 6.48134 ], [ 2.21632, 6.48188 ], [ 2.21587, 6.48152 ], [ 2.21659, 6.48088 ], [ 2.21759, 6.48089 ], [ 2.21831, 6.47926 ], [ 2.21822, 6.47872 ], [ 2.21895, 6.47799 ], [ 2.21886, 6.47736 ], [ 2.21958, 6.47664 ], [ 2.22004, 6.47492 ], [ 2.22076, 6.47429 ], [ 2.2214, 6.4723 ], [ 2.22059, 6.47239 ], [ 2.22077, 6.47284 ], [ 2.21923, 6.47446 ], [ 2.21913, 6.47546 ], [ 2.21832, 6.47627 ], [ 2.21742, 6.47591 ], [ 2.2176, 6.47528 ], [ 2.21687, 6.47546 ], [ 2.21633, 6.47745 ], [ 2.21469, 6.48052 ], [ 2.21442, 6.48215 ], [ 2.21415, 6.48224 ], [ 2.21415, 6.4835 ], [ 2.21379, 6.48359 ], [ 2.2136, 6.48486 ], [ 2.21297, 6.48567 ], [ 2.21324, 6.4864 ], [ 2.21369, 6.48658 ], [ 2.21333, 6.48676 ], [ 2.21351, 6.48712 ], [ 2.21396, 6.48712 ], [ 2.21396, 6.48586 ], [ 2.2146, 6.48568 ], [ 2.2145, 6.48712 ], [ 2.21324, 6.4883 ], [ 2.21333, 6.48721 ], [ 2.21251, 6.48676 ], [ 2.2117, 6.48829 ], [ 2.21106, 6.48857 ], [ 2.21106, 6.48911 ], [ 2.20998, 6.49001 ], [ 2.21133, 6.49119 ], [ 2.21197, 6.49101 ] ] ], [ [ [ 2.32304, 6.35384 ], [ 2.32458, 6.35339 ], [ 2.32458, 6.35312 ], [ 2.3225, 6.35221 ], [ 2.32186, 6.35266 ], [ 2.32313, 6.35339 ], [ 2.32304, 6.35384 ] ] ], [ [ [ 2.31091, 6.35979 ], [ 2.31155, 6.35826 ], [ 2.31101, 6.35816 ], [ 2.31173, 6.3578 ], [ 2.31182, 6.35717 ], [ 2.31327, 6.35699 ], [ 2.3148, 6.35745 ], [ 2.3158, 6.35681 ], [ 2.31589, 6.35636 ], [ 2.31508, 6.35645 ], [ 2.3149, 6.356 ], [ 2.31553, 6.35537 ], [ 2.31662, 6.35546 ], [ 2.31625, 6.35464 ], [ 2.3168, 6.3541 ], [ 2.31761, 6.3541 ], [ 2.31816, 6.35347 ], [ 2.31897, 6.35374 ], [ 2.31924, 6.3532 ], [ 2.32042, 6.35356 ], [ 2.31978, 6.35374 ], [ 2.31996, 6.35401 ], [ 2.32141, 6.35393 ], [ 2.3215, 6.35338 ], [ 2.32051, 6.35329 ], [ 2.32033, 6.35257 ], [ 2.31734, 6.35256 ], [ 2.3168, 6.3532 ], [ 2.31571, 6.35292 ], [ 2.31363, 6.35337 ], [ 2.31309, 6.35292 ], [ 2.31201, 6.3531 ], [ 2.31011, 6.35264 ], [ 2.30975, 6.35201 ], [ 2.30902, 6.35246 ], [ 2.30839, 6.3521 ], [ 2.30984, 6.35147 ], [ 2.30975, 6.3512 ], [ 2.30857, 6.35119 ], [ 2.3083, 6.35165 ], [ 2.30785, 6.35165 ], [ 2.30776, 6.35101 ], [ 2.30722, 6.35074 ], [ 2.30469, 6.35092 ], [ 2.30369, 6.35046 ], [ 2.29989, 6.35046 ], [ 2.29872, 6.35028 ], [ 2.298, 6.34964 ], [ 2.29555, 6.34946 ], [ 2.29329, 6.34955 ], [ 2.29311, 6.35036 ], [ 2.28859, 6.35081 ], [ 2.28796, 6.35126 ], [ 2.28669, 6.35107 ], [ 2.28615, 6.35189 ], [ 2.28614, 6.35297 ], [ 2.28578, 6.35306 ], [ 2.28578, 6.35352 ], [ 2.28777, 6.35334 ], [ 2.28886, 6.35388 ], [ 2.28895, 6.35352 ], [ 2.2885, 6.35334 ], [ 2.28886, 6.35289 ], [ 2.2894, 6.35343 ], [ 2.2894, 6.35406 ], [ 2.29139, 6.35398 ], [ 2.29166, 6.35325 ], [ 2.29094, 6.35334 ], [ 2.2913, 6.3528 ], [ 2.29058, 6.35253 ], [ 2.2904, 6.35171 ], [ 2.28985, 6.35153 ], [ 2.2904, 6.35135 ], [ 2.29067, 6.35189 ], [ 2.29193, 6.35235 ], [ 2.29202, 6.35316 ], [ 2.29256, 6.35353 ], [ 2.29247, 6.35398 ], [ 2.29311, 6.35407 ], [ 2.29265, 6.35443 ], [ 2.29347, 6.35497 ], [ 2.29301, 6.35579 ], [ 2.29509, 6.35561 ], [ 2.29609, 6.35624 ], [ 2.29699, 6.35606 ], [ 2.29654, 6.35525 ], [ 2.29546, 6.35525 ], [ 2.29564, 6.35452 ], [ 2.29645, 6.35335 ], [ 2.29754, 6.35263 ], [ 2.29926, 6.35317 ], [ 2.30884, 6.35355 ], [ 2.31011, 6.35436 ], [ 2.30992, 6.35554 ], [ 2.30766, 6.35545 ], [ 2.30712, 6.3559 ], [ 2.3082, 6.35653 ], [ 2.30902, 6.35644 ], [ 2.30956, 6.35708 ], [ 2.30911, 6.35843 ], [ 2.30929, 6.35934 ], [ 2.30892, 6.35988 ], [ 2.30919, 6.35952 ], [ 2.30974, 6.36006 ], [ 2.31091, 6.35979 ] ], [ [ 2.31291, 6.3559 ], [ 2.31228, 6.35518 ], [ 2.31282, 6.35391 ], [ 2.31327, 6.35382 ], [ 2.31481, 6.35473 ], [ 2.31472, 6.35536 ], [ 2.31399, 6.35618 ], [ 2.31291, 6.3559 ] ], [ [ 2.31029, 6.35427 ], [ 2.30938, 6.35355 ], [ 2.30966, 6.3531 ], [ 2.31155, 6.35319 ], [ 2.3121, 6.35355 ], [ 2.31164, 6.35464 ], [ 2.31029, 6.35427 ] ], [ [ 2.29971, 6.35191 ], [ 2.29899, 6.35109 ], [ 2.30206, 6.35101 ], [ 2.30161, 6.35227 ], [ 2.29971, 6.35191 ] ] ], [ [ [ 2.29898, 6.35625 ], [ 2.30115, 6.35589 ], [ 2.30115, 6.35634 ], [ 2.30305, 6.35616 ], [ 2.30396, 6.35571 ], [ 2.30233, 6.35544 ], [ 2.30106, 6.35571 ], [ 2.30061, 6.35544 ], [ 2.29916, 6.35589 ], [ 2.29898, 6.35625 ] ] ], [ [ [ 2.29039, 6.35777 ], [ 2.28976, 6.35678 ], [ 2.29039, 6.35606 ], [ 2.29139, 6.35615 ], [ 2.29256, 6.35561 ], [ 2.29274, 6.35461 ], [ 2.29139, 6.3556 ], [ 2.28903, 6.35578 ], [ 2.2884, 6.35542 ], [ 2.28876, 6.35596 ], [ 2.2884, 6.3566 ], [ 2.28949, 6.35705 ], [ 2.28985, 6.35777 ], [ 2.29039, 6.35777 ] ] ], [ [ [ 2.30648, 6.35843 ], [ 2.30757, 6.3587 ], [ 2.30829, 6.35843 ], [ 2.30838, 6.35807 ], [ 2.30775, 6.35735 ], [ 2.30685, 6.35762 ], [ 2.30612, 6.35834 ], [ 2.30567, 6.35834 ], [ 2.30522, 6.35761 ], [ 2.30468, 6.35807 ], [ 2.30558, 6.3587 ], [ 2.30648, 6.35843 ] ] ], [ [ [ 2.29346, 6.35841 ], [ 2.2931, 6.35769 ], [ 2.29229, 6.35787 ], [ 2.29093, 6.3575 ], [ 2.29048, 6.35777 ], [ 2.29183, 6.35823 ], [ 2.29211, 6.35868 ], [ 2.29346, 6.35841 ] ] ], [ [ [ 2.29445, 6.36095 ], [ 2.29373, 6.36049 ], [ 2.29346, 6.35968 ], [ 2.29256, 6.35959 ], [ 2.2922, 6.35913 ], [ 2.29138, 6.35959 ], [ 2.29237, 6.36022 ], [ 2.29346, 6.36022 ], [ 2.29355, 6.36058 ], [ 2.29292, 6.36122 ], [ 2.29445, 6.36095 ] ] ], [ [ [ 2.30431, 6.36214 ], [ 2.30431, 6.36105 ], [ 2.30332, 6.36005 ], [ 2.3025, 6.36014 ], [ 2.30232, 6.36078 ], [ 2.30341, 6.36114 ], [ 2.30322, 6.36204 ], [ 2.30431, 6.36214 ] ] ], [ [ [ 2.30548, 6.36232 ], [ 2.30648, 6.36214 ], [ 2.30648, 6.3616 ], [ 2.30738, 6.36087 ], [ 2.30865, 6.36069 ], [ 2.30901, 6.36015 ], [ 2.30711, 6.36033 ], [ 2.30657, 6.36105 ], [ 2.30594, 6.36123 ], [ 2.30548, 6.36232 ] ] ], [ [ [ 2.31407, 6.36233 ], [ 2.31317, 6.36133 ], [ 2.31272, 6.36169 ], [ 2.31209, 6.36133 ], [ 2.31181, 6.36178 ], [ 2.31073, 6.36196 ], [ 2.31109, 6.36224 ], [ 2.31209, 6.36206 ], [ 2.31281, 6.3626 ], [ 2.31407, 6.36233 ] ] ], [ [ [ 2.3204, 6.36614 ], [ 2.32022, 6.36587 ], [ 2.32076, 6.36505 ], [ 2.32058, 6.36424 ], [ 2.31959, 6.36433 ], [ 2.31923, 6.36351 ], [ 2.31778, 6.36342 ], [ 2.31742, 6.36306 ], [ 2.31778, 6.36243 ], [ 2.31914, 6.36252 ], [ 2.3186, 6.36179 ], [ 2.31778, 6.36161 ], [ 2.31715, 6.36251 ], [ 2.31643, 6.36179 ], [ 2.31498, 6.36206 ], [ 2.31525, 6.3626 ], [ 2.31633, 6.36233 ], [ 2.31697, 6.36324 ], [ 2.31688, 6.36396 ], [ 2.31814, 6.36369 ], [ 2.31886, 6.36478 ], [ 2.3195, 6.36496 ], [ 2.31986, 6.36469 ], [ 2.31959, 6.36587 ], [ 2.32004, 6.36641 ], [ 2.3204, 6.36614 ] ] ], [ [ [ 2.34382, 6.36798 ], [ 2.34463, 6.36644 ], [ 2.34536, 6.36653 ], [ 2.34599, 6.36608 ], [ 2.34708, 6.36626 ], [ 2.34717, 6.3659 ], [ 2.34346, 6.36553 ], [ 2.34328, 6.36517 ], [ 2.33731, 6.36471 ], [ 2.33623, 6.36363 ], [ 2.3355, 6.36399 ], [ 2.33532, 6.36589 ], [ 2.33577, 6.36697 ], [ 2.33677, 6.36706 ], [ 2.33641, 6.36571 ], [ 2.33704, 6.36507 ], [ 2.33713, 6.36562 ], [ 2.33803, 6.36571 ], [ 2.33839, 6.36625 ], [ 2.34038, 6.36644 ], [ 2.3412, 6.36698 ], [ 2.34111, 6.36743 ], [ 2.34183, 6.36671 ], [ 2.34382, 6.36798 ] ] ], [ [ [ 2.33586, 6.36951 ], [ 2.33658, 6.36797 ], [ 2.33722, 6.36761 ], [ 2.33686, 6.36706 ], [ 2.3364, 6.3677 ], [ 2.3336, 6.36796 ], [ 2.33432, 6.36815 ], [ 2.3345, 6.36869 ], [ 2.3355, 6.36842 ], [ 2.33586, 6.36951 ] ] ], [ [ [ 2.29471, 6.37162 ], [ 2.2948, 6.37099 ], [ 2.29607, 6.36963 ], [ 2.29571, 6.369 ], [ 2.2958, 6.368 ], [ 2.29508, 6.36855 ], [ 2.29571, 6.36728 ], [ 2.29499, 6.36737 ], [ 2.29463, 6.36692 ], [ 2.29182, 6.36574 ], [ 2.29155, 6.36628 ], [ 2.29191, 6.36682 ], [ 2.29246, 6.36719 ], [ 2.29345, 6.36692 ], [ 2.29372, 6.368 ], [ 2.29444, 6.368 ], [ 2.29453, 6.36918 ], [ 2.2939, 6.36945 ], [ 2.29435, 6.37045 ], [ 2.2939, 6.3718 ], [ 2.29471, 6.37162 ] ] ], [ [ [ 2.31551, 6.37147 ], [ 2.31668, 6.37111 ], [ 2.31696, 6.3702 ], [ 2.31759, 6.37057 ], [ 2.31831, 6.36948 ], [ 2.31886, 6.36939 ], [ 2.31913, 6.36722 ], [ 2.31859, 6.36668 ], [ 2.31805, 6.36677 ], [ 2.31759, 6.36749 ], [ 2.31687, 6.36731 ], [ 2.31588, 6.36794 ], [ 2.31497, 6.36767 ], [ 2.31569, 6.36921 ], [ 2.3166, 6.36894 ], [ 2.31687, 6.36966 ], [ 2.31632, 6.36984 ], [ 2.31569, 6.36939 ], [ 2.31497, 6.37065 ], [ 2.31442, 6.37092 ], [ 2.31551, 6.37147 ] ] ], [ [ [ 2.32455, 6.37085 ], [ 2.32537, 6.37013 ], [ 2.32654, 6.37049 ], [ 2.32817, 6.36904 ], [ 2.3288, 6.36959 ], [ 2.32989, 6.36968 ], [ 2.33043, 6.36914 ], [ 2.33152, 6.36914 ], [ 2.33197, 6.36841 ], [ 2.32673, 6.36895 ], [ 2.32437, 6.36967 ], [ 2.32311, 6.36958 ], [ 2.32302, 6.36858 ], [ 2.32257, 6.36804 ], [ 2.32175, 6.3684 ], [ 2.32211, 6.36904 ], [ 2.32184, 6.36994 ], [ 2.32275, 6.36994 ], [ 2.32347, 6.37067 ], [ 2.32455, 6.37085 ] ] ], [ [ [ 2.30772, 6.37987 ], [ 2.30799, 6.37924 ], [ 2.30935, 6.37924 ], [ 2.30917, 6.37788 ], [ 2.30818, 6.37797 ], [ 2.30718, 6.37707 ], [ 2.30718, 6.37661 ], [ 2.30791, 6.37616 ], [ 2.30791, 6.37562 ], [ 2.30682, 6.37562 ], [ 2.30628, 6.37453 ], [ 2.30447, 6.3748 ], [ 2.30411, 6.37426 ], [ 2.30438, 6.37308 ], [ 2.30601, 6.37308 ], [ 2.30556, 6.37137 ], [ 2.30457, 6.371 ], [ 2.30375, 6.37145 ], [ 2.30294, 6.37028 ], [ 2.30195, 6.37073 ], [ 2.30158, 6.37018 ], [ 2.30204, 6.36946 ], [ 2.30249, 6.36991 ], [ 2.30357, 6.36946 ], [ 2.30403, 6.37001 ], [ 2.30448, 6.37001 ], [ 2.30475, 6.36974 ], [ 2.30457, 6.36829 ], [ 2.30511, 6.36775 ], [ 2.30638, 6.36874 ], [ 2.30629, 6.3701 ], [ 2.30574, 6.37046 ], [ 2.30583, 6.37137 ], [ 2.30619, 6.37137 ], [ 2.30629, 6.37055 ], [ 2.30674, 6.37064 ], [ 2.30683, 6.37128 ], [ 2.30782, 6.37128 ], [ 2.3071, 6.37236 ], [ 2.30873, 6.37182 ], [ 2.30999, 6.37191 ], [ 2.31081, 6.37237 ], [ 2.31099, 6.37219 ], [ 2.31017, 6.37146 ], [ 2.30846, 6.37137 ], [ 2.30773, 6.37055 ], [ 2.30819, 6.36929 ], [ 2.30674, 6.36721 ], [ 2.30539, 6.36702 ], [ 2.30484, 6.36747 ], [ 2.30421, 6.36657 ], [ 2.30358, 6.3663 ], [ 2.30295, 6.36693 ], [ 2.30213, 6.36702 ], [ 2.30249, 6.36783 ], [ 2.30213, 6.36828 ], [ 2.30123, 6.36765 ], [ 2.30168, 6.3672 ], [ 2.30159, 6.36611 ], [ 2.30213, 6.36566 ], [ 2.30132, 6.36575 ], [ 2.30105, 6.36638 ], [ 2.30078, 6.3662 ], [ 2.30096, 6.36548 ], [ 2.30014, 6.3653 ], [ 2.30014, 6.36665 ], [ 2.29842, 6.36728 ], [ 2.29905, 6.36846 ], [ 2.29887, 6.36919 ], [ 2.29941, 6.36964 ], [ 2.29914, 6.37045 ], [ 2.29959, 6.37136 ], [ 2.29842, 6.37217 ], [ 2.29833, 6.37262 ], [ 2.30013, 6.37308 ], [ 2.30013, 6.37253 ], [ 2.30059, 6.37226 ], [ 2.3005, 6.37172 ], [ 2.30086, 6.37136 ], [ 2.30158, 6.37154 ], [ 2.30176, 6.37217 ], [ 2.30113, 6.37281 ], [ 2.30086, 6.3738 ], [ 2.3023, 6.37435 ], [ 2.30212, 6.37489 ], [ 2.30284, 6.37534 ], [ 2.30302, 6.37589 ], [ 2.30275, 6.37625 ], [ 2.30203, 6.37597 ], [ 2.30004, 6.37624 ], [ 2.30031, 6.37805 ], [ 2.29895, 6.3785 ], [ 2.29823, 6.37778 ], [ 2.29841, 6.37896 ], [ 2.29922, 6.37868 ], [ 2.29895, 6.37914 ], [ 2.29958, 6.37968 ], [ 2.29985, 6.37869 ], [ 2.30058, 6.37878 ], [ 2.30076, 6.37832 ], [ 2.30148, 6.37842 ], [ 2.30194, 6.37796 ], [ 2.30365, 6.3786 ], [ 2.30365, 6.37824 ], [ 2.30302, 6.37806 ], [ 2.30293, 6.37697 ], [ 2.30393, 6.37652 ], [ 2.30456, 6.37697 ], [ 2.30447, 6.37933 ], [ 2.30555, 6.37942 ], [ 2.30627, 6.37906 ], [ 2.30772, 6.37987 ] ], [ [ 2.30203, 6.37417 ], [ 2.30167, 6.37317 ], [ 2.30221, 6.37299 ], [ 2.30248, 6.37326 ], [ 2.30258, 6.37272 ], [ 2.30357, 6.37236 ], [ 2.30429, 6.37272 ], [ 2.30375, 6.37326 ], [ 2.30366, 6.37417 ], [ 2.30266, 6.37389 ], [ 2.30203, 6.37417 ] ] ], [ [ [ 2.29317, 6.37551 ], [ 2.29398, 6.3737 ], [ 2.29399, 6.37216 ], [ 2.29281, 6.37216 ], [ 2.29218, 6.37171 ], [ 2.29281, 6.37388 ], [ 2.29245, 6.37442 ], [ 2.29253, 6.37515 ], [ 2.29317, 6.37551 ] ] ], [ [ [ 2.29416, 6.37904 ], [ 2.29633, 6.3785 ], [ 2.29615, 6.37778 ], [ 2.29407, 6.3785 ], [ 2.29298, 6.3784 ], [ 2.2928, 6.37759 ], [ 2.29235, 6.37804 ], [ 2.2928, 6.37868 ], [ 2.29416, 6.37904 ] ] ], [ [ [ 2.31957, 6.37916 ], [ 2.32056, 6.37862 ], [ 2.32038, 6.3779 ], [ 2.31966, 6.37817 ], [ 2.31794, 6.3779 ], [ 2.31758, 6.37844 ], [ 2.31758, 6.37871 ], [ 2.31912, 6.37862 ], [ 2.31957, 6.37916 ] ] ], [ [ [ 2.34434, 6.3839 ], [ 2.34326, 6.38263 ], [ 2.34271, 6.38263 ], [ 2.34325, 6.38417 ], [ 2.34443, 6.38453 ], [ 2.34434, 6.3839 ] ] ], [ [ [ 2.3284, 6.39872 ], [ 2.32823, 6.39718 ], [ 2.32687, 6.39663 ], [ 2.32651, 6.39672 ], [ 2.32633, 6.39736 ], [ 2.32696, 6.39772 ], [ 2.32633, 6.39835 ], [ 2.32624, 6.39772 ], [ 2.32551, 6.39763 ], [ 2.32615, 6.3969 ], [ 2.32606, 6.39645 ], [ 2.32542, 6.39618 ], [ 2.32479, 6.39636 ], [ 2.32488, 6.39708 ], [ 2.32407, 6.39708 ], [ 2.32388, 6.39763 ], [ 2.3228, 6.39744 ], [ 2.32289, 6.39781 ], [ 2.32488, 6.39826 ], [ 2.32488, 6.39862 ], [ 2.32714, 6.39835 ], [ 2.32813, 6.39881 ], [ 2.3284, 6.39872 ] ] ], [ [ [ 2.3162, 6.39952 ], [ 2.31864, 6.39952 ], [ 2.31945, 6.39825 ], [ 2.32009, 6.39798 ], [ 2.32063, 6.39844 ], [ 2.32099, 6.39807 ], [ 2.32063, 6.39735 ], [ 2.32108, 6.39708 ], [ 2.32108, 6.3969 ], [ 2.31855, 6.39771 ], [ 2.31746, 6.39771 ], [ 2.31728, 6.39834 ], [ 2.31674, 6.39825 ], [ 2.31656, 6.39915 ], [ 2.31583, 6.39906 ], [ 2.3162, 6.39952 ] ] ], [ [ [ 2.29774, 6.40239 ], [ 2.30118, 6.40158 ], [ 2.30046, 6.40148 ], [ 2.3001, 6.40076 ], [ 2.30064, 6.40067 ], [ 2.30073, 6.40103 ], [ 2.30127, 6.40103 ], [ 2.30127, 6.40067 ], [ 2.30326, 6.40113 ], [ 2.3048, 6.40095 ], [ 2.30579, 6.40032 ], [ 2.30706, 6.40014 ], [ 2.30797, 6.3995 ], [ 2.30788, 6.39896 ], [ 2.30932, 6.40023 ], [ 2.31095, 6.40023 ], [ 2.31194, 6.39978 ], [ 2.31339, 6.39996 ], [ 2.31375, 6.3996 ], [ 2.31502, 6.39951 ], [ 2.31529, 6.39924 ], [ 2.3143, 6.3987 ], [ 2.31538, 6.3977 ], [ 2.31385, 6.39743 ], [ 2.31321, 6.39843 ], [ 2.31303, 6.39815 ], [ 2.31195, 6.39833 ], [ 2.3115, 6.39752 ], [ 2.31086, 6.39734 ], [ 2.3077, 6.39715 ], [ 2.30797, 6.39797 ], [ 2.3077, 6.3986 ], [ 2.30688, 6.39796 ], [ 2.30688, 6.39715 ], [ 2.30616, 6.39715 ], [ 2.30625, 6.39842 ], [ 2.30372, 6.39841 ], [ 2.30345, 6.39796 ], [ 2.30236, 6.39895 ], [ 2.30173, 6.39904 ], [ 2.30254, 6.3995 ], [ 2.30236, 6.39995 ], [ 2.30145, 6.40004 ], [ 2.30109, 6.40049 ], [ 2.30082, 6.40004 ], [ 2.30001, 6.40022 ], [ 2.29974, 6.39986 ], [ 2.29937, 6.39985 ], [ 2.29919, 6.40031 ], [ 2.29856, 6.40031 ], [ 2.29829, 6.40003 ], [ 2.29847, 6.3994 ], [ 2.29811, 6.3994 ], [ 2.29793, 6.39877 ], [ 2.29675, 6.39831 ], [ 2.29377, 6.39894 ], [ 2.29079, 6.39668 ], [ 2.29043, 6.39604 ], [ 2.28554, 6.39567 ], [ 2.28437, 6.39631 ], [ 2.28392, 6.39576 ], [ 2.28292, 6.39567 ], [ 2.284, 6.39712 ], [ 2.28464, 6.3973 ], [ 2.28473, 6.39775 ], [ 2.28409, 6.39775 ], [ 2.28454, 6.3983 ], [ 2.28807, 6.39866 ], [ 2.28898, 6.39821 ], [ 2.29051, 6.39957 ], [ 2.29151, 6.39957 ], [ 2.29268, 6.40084 ], [ 2.29431, 6.40111 ], [ 2.29675, 6.40076 ], [ 2.29684, 6.40166 ], [ 2.29774, 6.40239 ] ] ], [ [ [ 2.35125, 6.42444 ], [ 2.35098, 6.42254 ], [ 2.3508, 6.42236 ], [ 2.35044, 6.4229 ], [ 2.35008, 6.42272 ], [ 2.34981, 6.42127 ], [ 2.34981, 6.41955 ], [ 2.35054, 6.41946 ], [ 2.34982, 6.41621 ], [ 2.35, 6.41467 ], [ 2.34928, 6.41394 ], [ 2.34928, 6.41286 ], [ 2.34855, 6.41295 ], [ 2.34874, 6.4124 ], [ 2.34919, 6.4124 ], [ 2.34892, 6.40978 ], [ 2.34946, 6.40915 ], [ 2.34965, 6.40797 ], [ 2.34874, 6.40761 ], [ 2.34874, 6.40716 ], [ 2.34928, 6.40725 ], [ 2.34947, 6.40689 ], [ 2.34865, 6.40607 ], [ 2.34883, 6.40553 ], [ 2.34838, 6.40553 ], [ 2.34884, 6.40508 ], [ 2.34848, 6.40327 ], [ 2.34911, 6.40309 ], [ 2.34848, 6.40263 ], [ 2.34893, 6.40218 ], [ 2.35056, 6.40273 ], [ 2.35282, 6.40246 ], [ 2.35318, 6.40155 ], [ 2.35228, 6.40191 ], [ 2.35182, 6.40173 ], [ 2.35345, 6.40065 ], [ 2.35337, 6.39748 ], [ 2.35255, 6.39775 ], [ 2.35192, 6.39703 ], [ 2.35237, 6.3964 ], [ 2.35138, 6.39639 ], [ 2.35093, 6.39712 ], [ 2.35102, 6.39748 ], [ 2.35174, 6.39721 ], [ 2.35129, 6.39811 ], [ 2.35038, 6.39757 ], [ 2.34966, 6.39775 ], [ 2.34957, 6.39811 ], [ 2.35047, 6.39847 ], [ 2.35029, 6.3992 ], [ 2.34966, 6.3992 ], [ 2.34884, 6.39838 ], [ 2.34749, 6.39874 ], [ 2.34721, 6.39965 ], [ 2.34631, 6.39856 ], [ 2.34604, 6.39765 ], [ 2.34496, 6.39774 ], [ 2.34432, 6.39693 ], [ 2.34324, 6.39702 ], [ 2.34224, 6.39611 ], [ 2.33989, 6.39683 ], [ 2.3389, 6.39674 ], [ 2.33863, 6.39638 ], [ 2.33673, 6.39674 ], [ 2.33492, 6.39674 ], [ 2.33311, 6.39619 ], [ 2.33121, 6.39637 ], [ 2.33085, 6.397 ], [ 2.3313, 6.39773 ], [ 2.33112, 6.39872 ], [ 2.33238, 6.39881 ], [ 2.33266, 6.39827 ], [ 2.33302, 6.39827 ], [ 2.33311, 6.39918 ], [ 2.33347, 6.39918 ], [ 2.33365, 6.39863 ], [ 2.33428, 6.39854 ], [ 2.33483, 6.39791 ], [ 2.33492, 6.39854 ], [ 2.33546, 6.39855 ], [ 2.33555, 6.39918 ], [ 2.33609, 6.39927 ], [ 2.33627, 6.39981 ], [ 2.3369, 6.39954 ], [ 2.33709, 6.39891 ], [ 2.33754, 6.39918 ], [ 2.33826, 6.39891 ], [ 2.33853, 6.39936 ], [ 2.33935, 6.39946 ], [ 2.34116, 6.3991 ], [ 2.34251, 6.39729 ], [ 2.34315, 6.39729 ], [ 2.34324, 6.39774 ], [ 2.34269, 6.39846 ], [ 2.34305, 6.3991 ], [ 2.3426, 6.39937 ], [ 2.3426, 6.40018 ], [ 2.34206, 6.40063 ], [ 2.34224, 6.40127 ], [ 2.34359, 6.40154 ], [ 2.34405, 6.40118 ], [ 2.34513, 6.40181 ], [ 2.34504, 6.40227 ], [ 2.34414, 6.40218 ], [ 2.34477, 6.40335 ], [ 2.34621, 6.40326 ], [ 2.34621, 6.40381 ], [ 2.34504, 6.40417 ], [ 2.34486, 6.40489 ], [ 2.34522, 6.40444 ], [ 2.34603, 6.40444 ], [ 2.34621, 6.40553 ], [ 2.34684, 6.40553 ], [ 2.3473, 6.40471 ], [ 2.34766, 6.40471 ], [ 2.34739, 6.40598 ], [ 2.3463, 6.4067 ], [ 2.34657, 6.4077 ], [ 2.34766, 6.40697 ], [ 2.34802, 6.40725 ], [ 2.3482, 6.40797 ], [ 2.34711, 6.4086 ], [ 2.34702, 6.40915 ], [ 2.34865, 6.40978 ], [ 2.3481, 6.41041 ], [ 2.34747, 6.41032 ], [ 2.34693, 6.41105 ], [ 2.34684, 6.41186 ], [ 2.34729, 6.41222 ], [ 2.34702, 6.41376 ], [ 2.34719, 6.41638 ], [ 2.34773, 6.41711 ], [ 2.34746, 6.41801 ], [ 2.34791, 6.41837 ], [ 2.34791, 6.41892 ], [ 2.34855, 6.41901 ], [ 2.34809, 6.41964 ], [ 2.34882, 6.42055 ], [ 2.34836, 6.42145 ], [ 2.34972, 6.42209 ], [ 2.3489, 6.42353 ], [ 2.34926, 6.42444 ], [ 2.34953, 6.42471 ], [ 2.35125, 6.42444 ] ], [ [ 2.34927, 6.41892 ], [ 2.34891, 6.41856 ], [ 2.34918, 6.4181 ], [ 2.34864, 6.41783 ], [ 2.34891, 6.41693 ], [ 2.34855, 6.41593 ], [ 2.3481, 6.41584 ], [ 2.34792, 6.41521 ], [ 2.34801, 6.41367 ], [ 2.34837, 6.41385 ], [ 2.34828, 6.41485 ], [ 2.34909, 6.41566 ], [ 2.34945, 6.4172 ], [ 2.34972, 6.41946 ], [ 2.349, 6.41973 ], [ 2.34927, 6.41892 ] ] ], [ [ [ 2.35305, 6.43114 ], [ 2.3526, 6.43105 ], [ 2.35278, 6.43014 ], [ 2.35206, 6.42969 ], [ 2.35251, 6.42887 ], [ 2.35251, 6.42725 ], [ 2.35125, 6.42553 ], [ 2.3508, 6.42562 ], [ 2.35053, 6.42616 ], [ 2.35152, 6.42634 ], [ 2.35161, 6.42806 ], [ 2.35206, 6.42869 ], [ 2.35206, 6.42906 ], [ 2.35152, 6.42933 ], [ 2.35161, 6.43005 ], [ 2.3526, 6.43141 ], [ 2.35305, 6.43114 ] ] ], [ [ [ 2.31175, 6.47378 ], [ 2.31148, 6.47324 ], [ 2.31167, 6.47197 ], [ 2.31103, 6.4708 ], [ 2.31058, 6.47243 ], [ 2.31139, 6.47315 ], [ 2.31121, 6.47396 ], [ 2.31175, 6.47378 ] ] ], [ [ [ 2.31175, 6.47704 ], [ 2.31148, 6.47478 ], [ 2.31094, 6.47451 ], [ 2.31112, 6.47731 ], [ 2.31148, 6.47749 ], [ 2.31175, 6.47704 ] ] ], [ [ [ 2.34656, 6.62899 ], [ 2.34638, 6.62808 ], [ 2.34701, 6.62817 ], [ 2.34746, 6.62754 ], [ 2.3481, 6.62781 ], [ 2.34782, 6.62844 ], [ 2.34846, 6.62899 ], [ 2.34999, 6.62818 ], [ 2.35081, 6.62854 ], [ 2.3509, 6.62791 ], [ 2.35153, 6.62791 ], [ 2.35162, 6.62845 ], [ 2.35253, 6.62809 ], [ 2.35361, 6.62836 ], [ 2.35506, 6.62809 ], [ 2.35615, 6.62864 ], [ 2.35588, 6.62592 ], [ 2.35425, 6.62556 ], [ 2.35353, 6.62601 ], [ 2.35253, 6.62574 ], [ 2.35235, 6.62628 ], [ 2.35199, 6.62628 ], [ 2.35163, 6.62583 ], [ 2.35072, 6.62682 ], [ 2.34918, 6.62618 ], [ 2.34774, 6.62618 ], [ 2.34601, 6.62772 ], [ 2.34457, 6.62772 ], [ 2.34574, 6.62926 ], [ 2.34619, 6.62935 ], [ 2.34656, 6.62899 ] ] ], [ [ [ 2.33796, 6.63142 ], [ 2.33986, 6.63097 ], [ 2.34004, 6.63015 ], [ 2.34149, 6.62952 ], [ 2.3433, 6.62934 ], [ 2.3442, 6.6288 ], [ 2.3443, 6.62808 ], [ 2.3433, 6.62817 ], [ 2.3424, 6.62762 ], [ 2.34095, 6.62798 ], [ 2.34059, 6.62717 ], [ 2.33968, 6.62753 ], [ 2.34022, 6.62889 ], [ 2.3395, 6.62916 ], [ 2.33868, 6.62852 ], [ 2.33905, 6.62789 ], [ 2.33887, 6.62753 ], [ 2.33869, 6.62807 ], [ 2.33687, 6.62906 ], [ 2.33751, 6.62988 ], [ 2.33669, 6.63123 ], [ 2.33751, 6.63096 ], [ 2.33796, 6.63142 ] ] ], [ [ [ 2.34836, 6.70353 ], [ 2.34963, 6.70281 ], [ 2.34972, 6.70173 ], [ 2.35071, 6.70019 ], [ 2.35126, 6.69811 ], [ 2.35298, 6.6973 ], [ 2.35443, 6.69721 ], [ 2.35588, 6.69658 ], [ 2.35642, 6.69576 ], [ 2.35687, 6.69604 ], [ 2.3576, 6.69586 ], [ 2.35832, 6.69486 ], [ 2.35832, 6.69432 ], [ 2.35941, 6.69323 ], [ 2.35941, 6.69278 ], [ 2.36041, 6.69324 ], [ 2.36122, 6.69278 ], [ 2.36222, 6.69324 ], [ 2.36258, 6.69242 ], [ 2.3633, 6.69279 ], [ 2.36412, 6.69197 ], [ 2.36439, 6.69071 ], [ 2.36557, 6.68917 ], [ 2.36521, 6.6889 ], [ 2.36539, 6.68854 ], [ 2.36666, 6.68872 ], [ 2.36684, 6.68836 ], [ 2.36756, 6.68827 ], [ 2.36774, 6.68881 ], [ 2.36674, 6.69017 ], [ 2.36783, 6.69008 ], [ 2.36837, 6.68945 ], [ 2.36856, 6.68773 ], [ 2.3691, 6.68682 ], [ 2.36901, 6.68411 ], [ 2.36856, 6.68384 ], [ 2.36811, 6.68438 ], [ 2.36693, 6.68456 ], [ 2.3663, 6.68546 ], [ 2.36575, 6.68564 ], [ 2.36612, 6.68646 ], [ 2.36521, 6.68682 ], [ 2.36539, 6.68736 ], [ 2.36494, 6.68772 ], [ 2.36521, 6.68809 ], [ 2.36494, 6.68881 ], [ 2.36448, 6.68863 ], [ 2.36467, 6.68745 ], [ 2.36412, 6.68763 ], [ 2.36412, 6.68817 ], [ 2.36331, 6.68863 ], [ 2.36285, 6.69043 ], [ 2.36321, 6.69116 ], [ 2.36267, 6.69134 ], [ 2.36249, 6.69206 ], [ 2.36213, 6.6917 ], [ 2.36222, 6.69125 ], [ 2.36177, 6.69107 ], [ 2.36149, 6.69215 ], [ 2.36095, 6.69206 ], [ 2.36095, 6.69125 ], [ 2.36059, 6.69134 ], [ 2.3605, 6.69197 ], [ 2.35824, 6.69215 ], [ 2.35715, 6.69269 ], [ 2.3576, 6.69323 ], [ 2.35697, 6.69359 ], [ 2.35678, 6.69441 ], [ 2.35597, 6.69468 ], [ 2.35461, 6.69386 ], [ 2.35452, 6.69468 ], [ 2.35271, 6.69476 ], [ 2.3528, 6.69522 ], [ 2.35217, 6.69531 ], [ 2.35126, 6.69648 ], [ 2.34963, 6.69675 ], [ 2.34755, 6.69648 ], [ 2.3471, 6.69566 ], [ 2.3462, 6.69566 ], [ 2.34583, 6.69521 ], [ 2.34412, 6.6952 ], [ 2.34375, 6.69466 ], [ 2.3424, 6.69439 ], [ 2.3414, 6.69457 ], [ 2.34095, 6.6943 ], [ 2.3405, 6.69466 ], [ 2.33968, 6.69402 ], [ 2.33652, 6.69339 ], [ 2.33679, 6.69384 ], [ 2.33824, 6.69402 ], [ 2.33869, 6.69484 ], [ 2.33959, 6.69457 ], [ 2.34122, 6.69574 ], [ 2.34194, 6.69574 ], [ 2.34438, 6.69701 ], [ 2.34619, 6.69711 ], [ 2.34692, 6.69801 ], [ 2.34836, 6.69847 ], [ 2.34854, 6.69928 ], [ 2.34773, 6.69991 ], [ 2.34872, 6.70055 ], [ 2.34836, 6.70163 ], [ 2.34836, 6.70245 ], [ 2.34863, 6.70254 ], [ 2.34836, 6.70353 ] ] ], [ [ [ 2.36181, 6.44734 ], [ 2.36144, 6.44662 ], [ 2.36199, 6.44653 ], [ 2.3619, 6.44553 ], [ 2.36127, 6.44526 ], [ 2.36118, 6.44472 ], [ 2.36054, 6.44481 ], [ 2.35982, 6.44417 ], [ 2.35982, 6.44309 ], [ 2.3591, 6.443 ], [ 2.35855, 6.44345 ], [ 2.35828, 6.443 ], [ 2.35828, 6.44272 ], [ 2.35892, 6.44263 ], [ 2.35901, 6.44155 ], [ 2.35756, 6.44091 ], [ 2.3572, 6.44019 ], [ 2.35684, 6.44019 ], [ 2.35666, 6.44073 ], [ 2.35593, 6.44073 ], [ 2.35557, 6.4401 ], [ 2.35531, 6.43612 ], [ 2.35458, 6.4353 ], [ 2.35441, 6.43449 ], [ 2.35386, 6.43485 ], [ 2.3535, 6.43467 ], [ 2.35441, 6.43385 ], [ 2.35423, 6.43304 ], [ 2.3535, 6.43331 ], [ 2.35341, 6.43412 ], [ 2.35296, 6.43403 ], [ 2.35269, 6.43494 ], [ 2.35305, 6.4353 ], [ 2.35377, 6.43512 ], [ 2.3544, 6.4363 ], [ 2.35413, 6.43648 ], [ 2.35368, 6.43602 ], [ 2.35332, 6.43602 ], [ 2.35377, 6.43648 ], [ 2.35323, 6.43666 ], [ 2.35304, 6.43738 ], [ 2.35341, 6.43792 ], [ 2.35413, 6.43792 ], [ 2.35422, 6.43874 ], [ 2.35358, 6.43991 ], [ 2.35431, 6.44028 ], [ 2.35431, 6.44154 ], [ 2.35611, 6.44354 ], [ 2.35575, 6.44417 ], [ 2.35674, 6.44417 ], [ 2.3572, 6.44462 ], [ 2.35719, 6.4458 ], [ 2.35846, 6.44598 ], [ 2.35873, 6.44571 ], [ 2.35846, 6.44652 ], [ 2.35946, 6.44607 ], [ 2.36, 6.4468 ], [ 2.36108, 6.44689 ], [ 2.36126, 6.44743 ], [ 2.36181, 6.44734 ] ] ], [ [ [ 2.36442, 6.45757 ], [ 2.36397, 6.45567 ], [ 2.36333, 6.45531 ], [ 2.36351, 6.45467 ], [ 2.36306, 6.45449 ], [ 2.36306, 6.45413 ], [ 2.36361, 6.45377 ], [ 2.3637, 6.45458 ], [ 2.3646, 6.4544 ], [ 2.36397, 6.45313 ], [ 2.36433, 6.45232 ], [ 2.3637, 6.45151 ], [ 2.3637, 6.45105 ], [ 2.36424, 6.45087 ], [ 2.36379, 6.45042 ], [ 2.36379, 6.4497 ], [ 2.36452, 6.4497 ], [ 2.36452, 6.44943 ], [ 2.36316, 6.44942 ], [ 2.36325, 6.45006 ], [ 2.36253, 6.44988 ], [ 2.36262, 6.44942 ], [ 2.36189, 6.4496 ], [ 2.36189, 6.44897 ], [ 2.36262, 6.44816 ], [ 2.36189, 6.44816 ], [ 2.36199, 6.4477 ], [ 2.36126, 6.4477 ], [ 2.36099, 6.44816 ], [ 2.36036, 6.44825 ], [ 2.36017, 6.44933 ], [ 2.36081, 6.4506 ], [ 2.36153, 6.45114 ], [ 2.36126, 6.45186 ], [ 2.36171, 6.45214 ], [ 2.36171, 6.45304 ], [ 2.36252, 6.45431 ], [ 2.36243, 6.45485 ], [ 2.36315, 6.4554 ], [ 2.36324, 6.45612 ], [ 2.36442, 6.45757 ] ] ], [ [ [ 2.3673, 6.46852 ], [ 2.36703, 6.46626 ], [ 2.36639, 6.46617 ], [ 2.36621, 6.46707 ], [ 2.36702, 6.46879 ], [ 2.3673, 6.46852 ] ] ], [ [ [ 2.37923, 6.47387 ], [ 2.37715, 6.47351 ], [ 2.37751, 6.47414 ], [ 2.37597, 6.47387 ], [ 2.37615, 6.47441 ], [ 2.37588, 6.47486 ], [ 2.37489, 6.47531 ], [ 2.37443, 6.47495 ], [ 2.37561, 6.47468 ], [ 2.37561, 6.47414 ], [ 2.3738, 6.47432 ], [ 2.37335, 6.47395 ], [ 2.37362, 6.47314 ], [ 2.37281, 6.47332 ], [ 2.37245, 6.47296 ], [ 2.37235, 6.47368 ], [ 2.37317, 6.47386 ], [ 2.37389, 6.47477 ], [ 2.37335, 6.47522 ], [ 2.37326, 6.47604 ], [ 2.37226, 6.47576 ], [ 2.37271, 6.47513 ], [ 2.37181, 6.4754 ], [ 2.37163, 6.47495 ], [ 2.37045, 6.47431 ], [ 2.36891, 6.4763 ], [ 2.36783, 6.47187 ], [ 2.36847, 6.47142 ], [ 2.36784, 6.47087 ], [ 2.36757, 6.46933 ], [ 2.36702, 6.46969 ], [ 2.36765, 6.47331 ], [ 2.3672, 6.47377 ], [ 2.36693, 6.47358 ], [ 2.3672, 6.47259 ], [ 2.36611, 6.47331 ], [ 2.36539, 6.47322 ], [ 2.36548, 6.47259 ], [ 2.36485, 6.47132 ], [ 2.36603, 6.47123 ], [ 2.36612, 6.47096 ], [ 2.36512, 6.47087 ], [ 2.36449, 6.47141 ], [ 2.36386, 6.47123 ], [ 2.36422, 6.47069 ], [ 2.36404, 6.4696 ], [ 2.36386, 6.46933 ], [ 2.36331, 6.46978 ], [ 2.36304, 6.4696 ], [ 2.36377, 6.46806 ], [ 2.36341, 6.46716 ], [ 2.36278, 6.4667 ], [ 2.36314, 6.46625 ], [ 2.36296, 6.46535 ], [ 2.36441, 6.46499 ], [ 2.36377, 6.46444 ], [ 2.36396, 6.46155 ], [ 2.36441, 6.46164 ], [ 2.36459, 6.46119 ], [ 2.36513, 6.46146 ], [ 2.36513, 6.46236 ], [ 2.3645, 6.46218 ], [ 2.36441, 6.463 ], [ 2.3654, 6.463 ], [ 2.36567, 6.46399 ], [ 2.36622, 6.46408 ], [ 2.36559, 6.46191 ], [ 2.36586, 6.46047 ], [ 2.36541, 6.4601 ], [ 2.3646, 6.45793 ], [ 2.36405, 6.45847 ], [ 2.36297, 6.45711 ], [ 2.36224, 6.45729 ], [ 2.36233, 6.45829 ], [ 2.36414, 6.46019 ], [ 2.3636, 6.46028 ], [ 2.36369, 6.46101 ], [ 2.36305, 6.46146 ], [ 2.36197, 6.46082 ], [ 2.36134, 6.46164 ], [ 2.36152, 6.46227 ], [ 2.36179, 6.46173 ], [ 2.36224, 6.46182 ], [ 2.36215, 6.46245 ], [ 2.36151, 6.46263 ], [ 2.36151, 6.46335 ], [ 2.36224, 6.46372 ], [ 2.36178, 6.46417 ], [ 2.36224, 6.46471 ], [ 2.36142, 6.46688 ], [ 2.36223, 6.46734 ], [ 2.36232, 6.46887 ], [ 2.36277, 6.46906 ], [ 2.36259, 6.46951 ], [ 2.36196, 6.4696 ], [ 2.36259, 6.47023 ], [ 2.36205, 6.47059 ], [ 2.36186, 6.47213 ], [ 2.36223, 6.47258 ], [ 2.36168, 6.47313 ], [ 2.36168, 6.47385 ], [ 2.36213, 6.47412 ], [ 2.36204, 6.47485 ], [ 2.36258, 6.4753 ], [ 2.36222, 6.47539 ], [ 2.36213, 6.47602 ], [ 2.36249, 6.47792 ], [ 2.36195, 6.47801 ], [ 2.36177, 6.47883 ], [ 2.36249, 6.48018 ], [ 2.3633, 6.48064 ], [ 2.36357, 6.48208 ], [ 2.3642, 6.48245 ], [ 2.36447, 6.48435 ], [ 2.36538, 6.48489 ], [ 2.36528, 6.48571 ], [ 2.36574, 6.48589 ], [ 2.36537, 6.48625 ], [ 2.36564, 6.48688 ], [ 2.36628, 6.48679 ], [ 2.36619, 6.48724 ], [ 2.36564, 6.48752 ], [ 2.36483, 6.48978 ], [ 2.36609, 6.4915 ], [ 2.36709, 6.4915 ], [ 2.36645, 6.4924 ], [ 2.36699, 6.49485 ], [ 2.36871, 6.49575 ], [ 2.36907, 6.49557 ], [ 2.36862, 6.49503 ], [ 2.36943, 6.49467 ], [ 2.36998, 6.49566 ], [ 2.36961, 6.49575 ], [ 2.36979, 6.49639 ], [ 2.36907, 6.49702 ], [ 2.37124, 6.49811 ], [ 2.37079, 6.49937 ], [ 2.3697, 6.50028 ], [ 2.36961, 6.502 ], [ 2.37078, 6.50308 ], [ 2.37087, 6.502 ], [ 2.37187, 6.50191 ], [ 2.37205, 6.50254 ], [ 2.3715, 6.50281 ], [ 2.3715, 6.50336 ], [ 2.37196, 6.50372 ], [ 2.37377, 6.50318 ], [ 2.37458, 6.50236 ], [ 2.37522, 6.50101 ], [ 2.37657, 6.49983 ], [ 2.37621, 6.49839 ], [ 2.37784, 6.49911 ], [ 2.37829, 6.50038 ], [ 2.37965, 6.49902 ], [ 2.37965, 6.49866 ], [ 2.37884, 6.49848 ], [ 2.37911, 6.49812 ], [ 2.38083, 6.49893 ], [ 2.38101, 6.49957 ], [ 2.38535, 6.49677 ], [ 2.38553, 6.49568 ], [ 2.38635, 6.49605 ], [ 2.38707, 6.4955 ], [ 2.38861, 6.49551 ], [ 2.38906, 6.49505 ], [ 2.3896, 6.49551 ], [ 2.39087, 6.4956 ], [ 2.3915, 6.49488 ], [ 2.39196, 6.49289 ], [ 2.39241, 6.49307 ], [ 2.39223, 6.4946 ], [ 2.39313, 6.49506 ], [ 2.39295, 6.49533 ], [ 2.39232, 6.49506 ], [ 2.39223, 6.49569 ], [ 2.39539, 6.49533 ], [ 2.39603, 6.49461 ], [ 2.39693, 6.49479 ], [ 2.39621, 6.49416 ], [ 2.39648, 6.49361 ], [ 2.39594, 6.49343 ], [ 2.39639, 6.49307 ], [ 2.39603, 6.49217 ], [ 2.39657, 6.49162 ], [ 2.39594, 6.4909 ], [ 2.39585, 6.48864 ], [ 2.39622, 6.48873 ], [ 2.3963, 6.48981 ], [ 2.39658, 6.48982 ], [ 2.39757, 6.48936 ], [ 2.39757, 6.48855 ], [ 2.39667, 6.4871 ], [ 2.39694, 6.48556 ], [ 2.39613, 6.48466 ], [ 2.39586, 6.48357 ], [ 2.39441, 6.48239 ], [ 2.39423, 6.48167 ], [ 2.39351, 6.4814 ], [ 2.39252, 6.48022 ], [ 2.39206, 6.48022 ], [ 2.39116, 6.47913 ], [ 2.38872, 6.47804 ], [ 2.38755, 6.47641 ], [ 2.38709, 6.47641 ], [ 2.38673, 6.47578 ], [ 2.38619, 6.47578 ], [ 2.38592, 6.47524 ], [ 2.38538, 6.47524 ], [ 2.3842, 6.47415 ], [ 2.38375, 6.47415 ], [ 2.38059, 6.47161 ], [ 2.37941, 6.47161 ], [ 2.37932, 6.47215 ], [ 2.37842, 6.47206 ], [ 2.37851, 6.47143 ], [ 2.37797, 6.47152 ], [ 2.37706, 6.47097 ], [ 2.37724, 6.47043 ], [ 2.37797, 6.47034 ], [ 2.37779, 6.4698 ], [ 2.37733, 6.46971 ], [ 2.37679, 6.46889 ], [ 2.3767, 6.46962 ], [ 2.37625, 6.4698 ], [ 2.37544, 6.4688 ], [ 2.37525, 6.46925 ], [ 2.37553, 6.46961 ], [ 2.37498, 6.46952 ], [ 2.37507, 6.46989 ], [ 2.37796, 6.47197 ], [ 2.37724, 6.47296 ], [ 2.37814, 6.47287 ], [ 2.37841, 6.47351 ], [ 2.37923, 6.47387 ] ], [ [ 2.37923, 6.47387 ], [ 2.38022, 6.47369 ], [ 2.38004, 6.47432 ], [ 2.38067, 6.47469 ], [ 2.38067, 6.47505 ], [ 2.38013, 6.47487 ], [ 2.3804, 6.4755 ], [ 2.37932, 6.47559 ], [ 2.37841, 6.47505 ], [ 2.37841, 6.47468 ], [ 2.37923, 6.47441 ], [ 2.37914, 6.47396 ], [ 2.37923, 6.47387 ] ], [ [ 2.37947, 6.49676 ], [ 2.37992, 6.49667 ], [ 2.38001, 6.49694 ], [ 2.38038, 6.49604 ], [ 2.37938, 6.49558 ], [ 2.37956, 6.49477 ], [ 2.3783, 6.4945 ], [ 2.37848, 6.49377 ], [ 2.37911, 6.49387 ], [ 2.37966, 6.49477 ], [ 2.38065, 6.49396 ], [ 2.38119, 6.49441 ], [ 2.38174, 6.49432 ], [ 2.38183, 6.49468 ], [ 2.38282, 6.49441 ], [ 2.38219, 6.49514 ], [ 2.38128, 6.49486 ], [ 2.38128, 6.49459 ], [ 2.38074, 6.49504 ], [ 2.38092, 6.49613 ], [ 2.3811, 6.4964 ], [ 2.38146, 6.49613 ], [ 2.38146, 6.49667 ], [ 2.38191, 6.49703 ], [ 2.38119, 6.49676 ], [ 2.3811, 6.4974 ], [ 2.37974, 6.49748 ], [ 2.37947, 6.49676 ] ], [ [ 2.3812, 6.49052 ], [ 2.3802, 6.4898 ], [ 2.3793, 6.48844 ], [ 2.37957, 6.48753 ], [ 2.38102, 6.48916 ], [ 2.38183, 6.48953 ], [ 2.38237, 6.49043 ], [ 2.3812, 6.49052 ] ], [ [ 2.38275, 6.48048 ], [ 2.38293, 6.47912 ], [ 2.38248, 6.47912 ], [ 2.38239, 6.47858 ], [ 2.38347, 6.47813 ], [ 2.38456, 6.47903 ], [ 2.3842, 6.47949 ], [ 2.38338, 6.47921 ], [ 2.38347, 6.48012 ], [ 2.38392, 6.48039 ], [ 2.38329, 6.48129 ], [ 2.38275, 6.48048 ] ], [ [ 2.38058, 6.47831 ], [ 2.38031, 6.47622 ], [ 2.38103, 6.47595 ], [ 2.38203, 6.47623 ], [ 2.38176, 6.47668 ], [ 2.38058, 6.47686 ], [ 2.38094, 6.47731 ], [ 2.38167, 6.47722 ], [ 2.38185, 6.47786 ], [ 2.38058, 6.47831 ] ] ], [ [ [ 2.37692, 6.5087 ], [ 2.37702, 6.50734 ], [ 2.3762, 6.50698 ], [ 2.37611, 6.50653 ], [ 2.37512, 6.5058 ], [ 2.37503, 6.50689 ], [ 2.37692, 6.5087 ] ] ], [ [ [ 2.37095, 6.51068 ], [ 2.37132, 6.50951 ], [ 2.37177, 6.50987 ], [ 2.37222, 6.50969 ], [ 2.37177, 6.50887 ], [ 2.37195, 6.50815 ], [ 2.37258, 6.50734 ], [ 2.37313, 6.50734 ], [ 2.37331, 6.5068 ], [ 2.37376, 6.50671 ], [ 2.37358, 6.50571 ], [ 2.3725, 6.50562 ], [ 2.37186, 6.50444 ], [ 2.37069, 6.50498 ], [ 2.37042, 6.50571 ], [ 2.3696, 6.5058 ], [ 2.36942, 6.5067 ], [ 2.36888, 6.50724 ], [ 2.36897, 6.50778 ], [ 2.36933, 6.50788 ], [ 2.36896, 6.50941 ], [ 2.37023, 6.51005 ], [ 2.37077, 6.50996 ], [ 2.37095, 6.51068 ] ] ], [ [ [ 2.37275, 6.52064 ], [ 2.3742, 6.51982 ], [ 2.3742, 6.51892 ], [ 2.37375, 6.51892 ], [ 2.37411, 6.51847 ], [ 2.37375, 6.51313 ], [ 2.3733, 6.51295 ], [ 2.37403, 6.51213 ], [ 2.37385, 6.51069 ], [ 2.37412, 6.51032 ], [ 2.37376, 6.51014 ], [ 2.37312, 6.51069 ], [ 2.37303, 6.50996 ], [ 2.37276, 6.50996 ], [ 2.37195, 6.51159 ], [ 2.37077, 6.51113 ], [ 2.36968, 6.51231 ], [ 2.36932, 6.51222 ], [ 2.36941, 6.51168 ], [ 2.36905, 6.51168 ], [ 2.36878, 6.51267 ], [ 2.36824, 6.51285 ], [ 2.3676, 6.51403 ], [ 2.36796, 6.5143 ], [ 2.36787, 6.51511 ], [ 2.36841, 6.51502 ], [ 2.36823, 6.51728 ], [ 2.36859, 6.51719 ], [ 2.36995, 6.51891 ], [ 2.37076, 6.51919 ], [ 2.37148, 6.52045 ], [ 2.37221, 6.52018 ], [ 2.37239, 6.52064 ], [ 2.37275, 6.52064 ] ] ], [ [ [ 2.37421, 6.58189 ], [ 2.37421, 6.58116 ], [ 2.37349, 6.58062 ], [ 2.37313, 6.57971 ], [ 2.37186, 6.57953 ], [ 2.37249, 6.57935 ], [ 2.3725, 6.57808 ], [ 2.37105, 6.57808 ], [ 2.3706, 6.57763 ], [ 2.37123, 6.57763 ], [ 2.37286, 6.57628 ], [ 2.37295, 6.57519 ], [ 2.37349, 6.57573 ], [ 2.37386, 6.57546 ], [ 2.37386, 6.57275 ], [ 2.37431, 6.57157 ], [ 2.37504, 6.57148 ], [ 2.37612, 6.57212 ], [ 2.37657, 6.57284 ], [ 2.37648, 6.57366 ], [ 2.37856, 6.57646 ], [ 2.37892, 6.57809 ], [ 2.37982, 6.579 ], [ 2.38073, 6.57882 ], [ 2.38064, 6.57954 ], [ 2.38009, 6.57936 ], [ 2.37973, 6.57963 ], [ 2.37955, 6.58063 ], [ 2.38109, 6.58144 ], [ 2.38118, 6.58099 ], [ 2.38073, 6.5809 ], [ 2.38091, 6.58036 ], [ 2.38136, 6.58081 ], [ 2.3819, 6.58054 ], [ 2.38217, 6.58108 ], [ 2.38244, 6.58099 ], [ 2.38181, 6.57963 ], [ 2.38163, 6.57737 ], [ 2.38082, 6.57701 ], [ 2.38091, 6.57638 ], [ 2.38155, 6.5762 ], [ 2.38128, 6.57502 ], [ 2.38155, 6.5743 ], [ 2.382, 6.57439 ], [ 2.38182, 6.57502 ], [ 2.38236, 6.57502 ], [ 2.38218, 6.57638 ], [ 2.3829, 6.57855 ], [ 2.38344, 6.57855 ], [ 2.38362, 6.5771 ], [ 2.3848, 6.57792 ], [ 2.3848, 6.57575 ], [ 2.38544, 6.57521 ], [ 2.38489, 6.57502 ], [ 2.3849, 6.57367 ], [ 2.38535, 6.57331 ], [ 2.38589, 6.57367 ], [ 2.38598, 6.57539 ], [ 2.38643, 6.57539 ], [ 2.38616, 6.5743 ], [ 2.38643, 6.57358 ], [ 2.38661, 6.5753 ], [ 2.38716, 6.57521 ], [ 2.38725, 6.57466 ], [ 2.38788, 6.5753 ], [ 2.38815, 6.57349 ], [ 2.38842, 6.57358 ], [ 2.38842, 6.57449 ], [ 2.38878, 6.57458 ], [ 2.38842, 6.57557 ], [ 2.38906, 6.5753 ], [ 2.38887, 6.57458 ], [ 2.38924, 6.57421 ], [ 2.38924, 6.57313 ], [ 2.3887, 6.57259 ], [ 2.38852, 6.57087 ], [ 2.38897, 6.57023 ], [ 2.38942, 6.57023 ], [ 2.3896, 6.57096 ], [ 2.3906, 6.57105 ], [ 2.39105, 6.57168 ], [ 2.3906, 6.57277 ], [ 2.39195, 6.57223 ], [ 2.39232, 6.57241 ], [ 2.39322, 6.5744 ], [ 2.39313, 6.57494 ], [ 2.39349, 6.57503 ], [ 2.39376, 6.57304 ], [ 2.39449, 6.57277 ], [ 2.39458, 6.57214 ], [ 2.39449, 6.57178 ], [ 2.39385, 6.57169 ], [ 2.39413, 6.57096 ], [ 2.39368, 6.57006 ], [ 2.3944, 6.5697 ], [ 2.39512, 6.57015 ], [ 2.39575, 6.57142 ], [ 2.39666, 6.57106 ], [ 2.39585, 6.57069 ], [ 2.39612, 6.56997 ], [ 2.39666, 6.57024 ], [ 2.39684, 6.57088 ], [ 2.39738, 6.57097 ], [ 2.39747, 6.56997 ], [ 2.39793, 6.5697 ], [ 2.39793, 6.56825 ], [ 2.39847, 6.56789 ], [ 2.39884, 6.56599 ], [ 2.39829, 6.56572 ], [ 2.39784, 6.56608 ], [ 2.39712, 6.56563 ], [ 2.39739, 6.56527 ], [ 2.39712, 6.56472 ], [ 2.39757, 6.56427 ], [ 2.39712, 6.56337 ], [ 2.39776, 6.56264 ], [ 2.39739, 6.56174 ], [ 2.39785, 6.56138 ], [ 2.39794, 6.56056 ], [ 2.39767, 6.56029 ], [ 2.39694, 6.56056 ], [ 2.39676, 6.56011 ], [ 2.39713, 6.55975 ], [ 2.39758, 6.5602 ], [ 2.39821, 6.55966 ], [ 2.39812, 6.55894 ], [ 2.39894, 6.55848 ], [ 2.39894, 6.55794 ], [ 2.39839, 6.55812 ], [ 2.39776, 6.55776 ], [ 2.39803, 6.5574 ], [ 2.39785, 6.55685 ], [ 2.39586, 6.55721 ], [ 2.39577, 6.55622 ], [ 2.39496, 6.55577 ], [ 2.39487, 6.55522 ], [ 2.39424, 6.55576 ], [ 2.39415, 6.55486 ], [ 2.39324, 6.55468 ], [ 2.39324, 6.55386 ], [ 2.39478, 6.55414 ], [ 2.39487, 6.55477 ], [ 2.39659, 6.55667 ], [ 2.39831, 6.55658 ], [ 2.3984, 6.55604 ], [ 2.39885, 6.55613 ], [ 2.39867, 6.55532 ], [ 2.39903, 6.55487 ], [ 2.39849, 6.5545 ], [ 2.39867, 6.55351 ], [ 2.40039, 6.55378 ], [ 2.4003, 6.55405 ], [ 2.40075, 6.55423 ], [ 2.40084, 6.5536 ], [ 2.39994, 6.5536 ], [ 2.39976, 6.55224 ], [ 2.39903, 6.55215 ], [ 2.39985, 6.55125 ], [ 2.39931, 6.55143 ], [ 2.39904, 6.55034 ], [ 2.39786, 6.54962 ], [ 2.39786, 6.5488 ], [ 2.39877, 6.54799 ], [ 2.39976, 6.54799 ], [ 2.39913, 6.54718 ], [ 2.39922, 6.54654 ], [ 2.39868, 6.54618 ], [ 2.39823, 6.54708 ], [ 2.39723, 6.54735 ], [ 2.39786, 6.54826 ], [ 2.39696, 6.55043 ], [ 2.39614, 6.55097 ], [ 2.39596, 6.55188 ], [ 2.39351, 6.55341 ], [ 2.39306, 6.5535 ], [ 2.39279, 6.55296 ], [ 2.39243, 6.55296 ], [ 2.39234, 6.55359 ], [ 2.39288, 6.55377 ], [ 2.39261, 6.5545 ], [ 2.39152, 6.55386 ], [ 2.39234, 6.55242 ], [ 2.39135, 6.55151 ], [ 2.3918, 6.55115 ], [ 2.39234, 6.55124 ], [ 2.39452, 6.54844 ], [ 2.39461, 6.54762 ], [ 2.39497, 6.54744 ], [ 2.39524, 6.5478 ], [ 2.39515, 6.54699 ], [ 2.3956, 6.5469 ], [ 2.39615, 6.54609 ], [ 2.39615, 6.54554 ], [ 2.39551, 6.545 ], [ 2.39497, 6.54545 ], [ 2.3947, 6.54527 ], [ 2.39497, 6.54464 ], [ 2.39461, 6.54446 ], [ 2.39425, 6.54455 ], [ 2.39425, 6.54554 ], [ 2.3938, 6.54563 ], [ 2.39271, 6.54418 ], [ 2.39334, 6.54409 ], [ 2.39371, 6.54446 ], [ 2.39407, 6.54382 ], [ 2.39316, 6.54364 ], [ 2.39217, 6.54228 ], [ 2.39253, 6.54192 ], [ 2.39199, 6.54093 ], [ 2.39226, 6.54029 ], [ 2.39326, 6.54029 ], [ 2.3947, 6.54201 ], [ 2.39525, 6.54174 ], [ 2.39525, 6.54138 ], [ 2.39254, 6.53857 ], [ 2.39345, 6.53423 ], [ 2.39345, 6.52862 ], [ 2.394, 6.5288 ], [ 2.39445, 6.52971 ], [ 2.39471, 6.53306 ], [ 2.39508, 6.53342 ], [ 2.3968, 6.53288 ], [ 2.39743, 6.53333 ], [ 2.39806, 6.53315 ], [ 2.39806, 6.53252 ], [ 2.39743, 6.53225 ], [ 2.39743, 6.53188 ], [ 2.39797, 6.53189 ], [ 2.3987, 6.53125 ], [ 2.39987, 6.53144 ], [ 2.40042, 6.5308 ], [ 2.40123, 6.5308 ], [ 2.40069, 6.53008 ], [ 2.40096, 6.52881 ], [ 2.39915, 6.52782 ], [ 2.39897, 6.527 ], [ 2.39961, 6.52601 ], [ 2.39925, 6.52393 ], [ 2.39862, 6.5232 ], [ 2.39789, 6.52365 ], [ 2.3969, 6.52374 ], [ 2.39672, 6.52347 ], [ 2.39681, 6.52257 ], [ 2.39789, 6.52311 ], [ 2.39844, 6.52275 ], [ 2.39826, 6.52211 ], [ 2.39871, 6.5223 ], [ 2.40051, 6.52465 ], [ 2.40015, 6.52501 ], [ 2.40042, 6.52718 ], [ 2.39997, 6.52791 ], [ 2.40042, 6.52836 ], [ 2.40169, 6.52863 ], [ 2.40196, 6.52818 ], [ 2.40132, 6.52809 ], [ 2.40169, 6.52746 ], [ 2.40087, 6.52592 ], [ 2.4016, 6.52547 ], [ 2.40169, 6.52501 ], [ 2.40042, 6.52375 ], [ 2.39961, 6.52185 ], [ 2.39853, 6.52076 ], [ 2.39844, 6.52003 ], [ 2.39735, 6.51967 ], [ 2.39745, 6.51795 ], [ 2.39817, 6.51795 ], [ 2.3988, 6.51741 ], [ 2.40079, 6.51732 ], [ 2.40134, 6.51678 ], [ 2.40116, 6.51642 ], [ 2.39962, 6.51687 ], [ 2.39881, 6.51633 ], [ 2.40007, 6.51615 ], [ 2.40143, 6.51497 ], [ 2.4017, 6.51298 ], [ 2.40134, 6.51171 ], [ 2.40171, 6.51126 ], [ 2.40225, 6.51153 ], [ 2.4027, 6.51244 ], [ 2.40288, 6.51416 ], [ 2.40252, 6.5157 ], [ 2.40288, 6.51615 ], [ 2.40369, 6.51633 ], [ 2.40378, 6.51506 ], [ 2.40414, 6.51497 ], [ 2.4036, 6.51389 ], [ 2.40388, 6.51181 ], [ 2.4046, 6.51199 ], [ 2.40424, 6.51326 ], [ 2.40478, 6.51362 ], [ 2.40478, 6.51434 ], [ 2.40505, 6.51425 ], [ 2.40505, 6.51054 ], [ 2.40478, 6.51045 ], [ 2.40424, 6.50801 ], [ 2.40225, 6.50683 ], [ 2.4018, 6.50574 ], [ 2.40117, 6.50547 ], [ 2.40117, 6.50502 ], [ 2.39973, 6.50375 ], [ 2.39954, 6.50312 ], [ 2.39864, 6.50321 ], [ 2.39846, 6.50366 ], [ 2.39945, 6.50375 ], [ 2.40018, 6.50502 ], [ 2.40017, 6.50665 ], [ 2.3999, 6.50692 ], [ 2.39882, 6.50674 ], [ 2.39846, 6.50619 ], [ 2.39782, 6.50619 ], [ 2.39601, 6.50501 ], [ 2.39593, 6.50429 ], [ 2.39719, 6.50348 ], [ 2.39774, 6.50375 ], [ 2.3981, 6.50284 ], [ 2.39882, 6.50257 ], [ 2.39837, 6.50212 ], [ 2.39819, 6.50067 ], [ 2.39864, 6.50013 ], [ 2.39846, 6.50095 ], [ 2.39882, 6.50122 ], [ 2.39864, 6.50176 ], [ 2.39891, 6.50212 ], [ 2.39919, 6.49579 ], [ 2.39774, 6.49606 ], [ 2.39693, 6.49533 ], [ 2.39575, 6.49551 ], [ 2.39458, 6.49714 ], [ 2.39422, 6.49678 ], [ 2.39485, 6.49633 ], [ 2.39485, 6.49569 ], [ 2.39322, 6.49623 ], [ 2.39349, 6.49723 ], [ 2.39431, 6.4975 ], [ 2.39358, 6.49813 ], [ 2.39367, 6.49841 ], [ 2.3943, 6.49832 ], [ 2.3943, 6.49868 ], [ 2.3934, 6.49895 ], [ 2.39295, 6.49877 ], [ 2.39322, 6.49741 ], [ 2.39268, 6.49714 ], [ 2.39295, 6.49605 ], [ 2.39223, 6.49605 ], [ 2.39168, 6.49659 ], [ 2.39087, 6.49596 ], [ 2.39078, 6.49677 ], [ 2.39015, 6.49686 ], [ 2.3896, 6.49578 ], [ 2.38906, 6.49605 ], [ 2.38879, 6.49569 ], [ 2.38798, 6.49578 ], [ 2.38779, 6.49614 ], [ 2.38987, 6.49714 ], [ 2.38987, 6.49867 ], [ 2.38915, 6.49876 ], [ 2.38852, 6.49822 ], [ 2.38815, 6.49867 ], [ 2.38671, 6.49912 ], [ 2.38653, 6.49858 ], [ 2.38562, 6.49803 ], [ 2.38626, 6.49704 ], [ 2.38607, 6.49686 ], [ 2.38363, 6.49821 ], [ 2.38336, 6.49876 ], [ 2.38245, 6.49894 ], [ 2.38227, 6.49939 ], [ 2.3782, 6.50083 ], [ 2.37838, 6.50219 ], [ 2.37793, 6.50237 ], [ 2.37802, 6.50309 ], [ 2.37756, 6.50354 ], [ 2.37802, 6.50409 ], [ 2.37738, 6.50418 ], [ 2.37684, 6.50381 ], [ 2.37675, 6.50418 ], [ 2.37738, 6.5049 ], [ 2.37847, 6.50445 ], [ 2.37883, 6.5049 ], [ 2.37883, 6.50599 ], [ 2.3772, 6.50599 ], [ 2.3772, 6.50725 ], [ 2.37801, 6.50852 ], [ 2.37891, 6.50906 ], [ 2.37918, 6.50997 ], [ 2.37982, 6.51024 ], [ 2.37991, 6.5097 ], [ 2.38045, 6.50952 ], [ 2.38072, 6.50997 ], [ 2.38136, 6.51006 ], [ 2.38154, 6.51042 ], [ 2.38081, 6.51133 ], [ 2.3809, 6.51169 ], [ 2.38244, 6.51242 ], [ 2.38352, 6.51233 ], [ 2.38352, 6.5126 ], [ 2.38244, 6.51269 ], [ 2.38072, 6.51196 ], [ 2.37927, 6.51314 ], [ 2.379, 6.51377 ], [ 2.37864, 6.51377 ], [ 2.37737, 6.51295 ], [ 2.37737, 6.51196 ], [ 2.37701, 6.5115 ], [ 2.37629, 6.51087 ], [ 2.37502, 6.5106 ], [ 2.37421, 6.51322 ], [ 2.37538, 6.5172 ], [ 2.376, 6.52127 ], [ 2.37537, 6.52372 ], [ 2.37627, 6.52408 ], [ 2.37736, 6.52399 ], [ 2.37763, 6.52462 ], [ 2.37492, 6.52408 ], [ 2.37211, 6.52145 ], [ 2.3713, 6.52145 ], [ 2.37058, 6.52208 ], [ 2.37076, 6.52344 ], [ 2.37012, 6.52416 ], [ 2.37012, 6.52516 ], [ 2.36912, 6.52606 ], [ 2.36957, 6.52805 ], [ 2.37048, 6.52823 ], [ 2.3703, 6.52923 ], [ 2.37084, 6.52932 ], [ 2.37075, 6.52986 ], [ 2.37201, 6.53131 ], [ 2.37672, 6.53041 ], [ 2.37835, 6.52924 ], [ 2.3788, 6.52924 ], [ 2.3788, 6.52969 ], [ 2.37925, 6.52987 ], [ 2.3797, 6.5296 ], [ 2.3797, 6.5287 ], [ 2.38016, 6.52824 ], [ 2.38097, 6.52843 ], [ 2.38097, 6.52752 ], [ 2.38206, 6.5277 ], [ 2.38179, 6.52825 ], [ 2.38106, 6.52852 ], [ 2.38151, 6.52933 ], [ 2.38287, 6.52834 ], [ 2.38296, 6.52734 ], [ 2.38351, 6.5268 ], [ 2.3836, 6.52535 ], [ 2.38405, 6.5259 ], [ 2.38441, 6.52526 ], [ 2.38423, 6.52445 ], [ 2.38496, 6.52463 ], [ 2.38459, 6.52644 ], [ 2.38378, 6.52689 ], [ 2.38396, 6.52888 ], [ 2.38368, 6.53069 ], [ 2.38395, 6.53105 ], [ 2.38368, 6.53178 ], [ 2.38314, 6.53205 ], [ 2.38332, 6.53277 ], [ 2.38286, 6.53331 ], [ 2.38295, 6.53404 ], [ 2.38259, 6.53467 ], [ 2.38187, 6.53476 ], [ 2.3806, 6.53639 ], [ 2.38087, 6.53775 ], [ 2.38168, 6.53811 ], [ 2.38177, 6.53856 ], [ 2.38078, 6.53874 ], [ 2.37996, 6.53774 ], [ 2.37952, 6.53521 ], [ 2.37952, 6.53241 ], [ 2.37898, 6.53105 ], [ 2.37862, 6.53132 ], [ 2.37717, 6.53068 ], [ 2.37427, 6.53131 ], [ 2.37409, 6.53186 ], [ 2.37174, 6.53185 ], [ 2.37147, 6.53312 ], [ 2.37201, 6.53384 ], [ 2.37255, 6.53394 ], [ 2.37246, 6.53457 ], [ 2.37391, 6.53439 ], [ 2.37445, 6.53529 ], [ 2.37363, 6.53656 ], [ 2.37327, 6.53638 ], [ 2.37309, 6.53547 ], [ 2.37246, 6.53565 ], [ 2.37273, 6.53665 ], [ 2.37227, 6.53873 ], [ 2.37155, 6.54018 ], [ 2.37173, 6.54054 ], [ 2.37137, 6.5409 ], [ 2.37173, 6.54199 ], [ 2.37118, 6.54307 ], [ 2.37172, 6.54615 ], [ 2.37091, 6.54732 ], [ 2.37018, 6.54768 ], [ 2.36973, 6.54949 ], [ 2.36891, 6.55003 ], [ 2.36882, 6.55067 ], [ 2.36846, 6.55094 ], [ 2.36746, 6.55058 ], [ 2.36701, 6.55094 ], [ 2.3671, 6.55139 ], [ 2.36764, 6.55166 ], [ 2.369, 6.55166 ], [ 2.36918, 6.55257 ], [ 2.37117, 6.55402 ], [ 2.37171, 6.55528 ], [ 2.37171, 6.55574 ], [ 2.37117, 6.55619 ], [ 2.37171, 6.55664 ], [ 2.37135, 6.557 ], [ 2.37152, 6.55908 ], [ 2.37071, 6.56144 ], [ 2.37143, 6.5618 ], [ 2.37225, 6.5608 ], [ 2.37342, 6.56053 ], [ 2.3736, 6.55999 ], [ 2.37451, 6.55999 ], [ 2.37433, 6.56044 ], [ 2.37369, 6.56044 ], [ 2.37297, 6.56108 ], [ 2.37333, 6.56298 ], [ 2.3727, 6.56325 ], [ 2.37288, 6.56352 ], [ 2.37423, 6.56334 ], [ 2.37469, 6.56271 ], [ 2.37496, 6.56289 ], [ 2.37496, 6.56334 ], [ 2.37351, 6.56461 ], [ 2.37224, 6.56289 ], [ 2.37197, 6.56307 ], [ 2.37215, 6.5637 ], [ 2.37152, 6.56334 ], [ 2.37143, 6.5627 ], [ 2.3708, 6.56279 ], [ 2.36989, 6.56361 ], [ 2.37052, 6.56451 ], [ 2.3707, 6.56632 ], [ 2.37034, 6.56741 ], [ 2.37079, 6.56777 ], [ 2.37097, 6.56894 ], [ 2.36988, 6.57003 ], [ 2.3697, 6.57157 ], [ 2.36925, 6.57229 ], [ 2.36943, 6.57301 ], [ 2.36906, 6.57356 ], [ 2.36988, 6.57591 ], [ 2.36987, 6.57627 ], [ 2.36942, 6.57645 ], [ 2.36969, 6.57772 ], [ 2.37023, 6.57853 ], [ 2.37096, 6.57872 ], [ 2.3715, 6.5798 ], [ 2.37204, 6.57971 ], [ 2.37249, 6.58044 ], [ 2.37322, 6.58053 ], [ 2.37331, 6.58125 ], [ 2.37421, 6.58189 ] ], [ [ 2.38698, 6.57304 ], [ 2.38625, 6.57195 ], [ 2.38562, 6.57141 ], [ 2.38743, 6.5715 ], [ 2.38743, 6.57286 ], [ 2.38698, 6.57304 ] ], [ [ 2.37522, 6.57103 ], [ 2.37332, 6.56931 ], [ 2.37287, 6.56759 ], [ 2.37423, 6.5675 ], [ 2.37586, 6.56407 ], [ 2.37749, 6.56407 ], [ 2.37677, 6.56343 ], [ 2.37668, 6.56235 ], [ 2.37731, 6.56244 ], [ 2.37794, 6.56343 ], [ 2.37876, 6.56344 ], [ 2.37849, 6.5628 ], [ 2.37921, 6.56217 ], [ 2.3793, 6.56136 ], [ 2.37831, 6.56172 ], [ 2.37795, 6.56126 ], [ 2.37804, 6.56072 ], [ 2.37722, 6.56036 ], [ 2.37722, 6.55954 ], [ 2.37831, 6.55855 ], [ 2.37931, 6.55873 ], [ 2.37894, 6.55747 ], [ 2.37949, 6.55701 ], [ 2.37976, 6.55584 ], [ 2.38039, 6.55539 ], [ 2.38012, 6.55466 ], [ 2.38076, 6.55385 ], [ 2.3804, 6.55222 ], [ 2.38067, 6.55086 ], [ 2.38194, 6.55023 ], [ 2.38294, 6.54851 ], [ 2.38267, 6.5477 ], [ 2.38203, 6.54779 ], [ 2.38203, 6.54734 ], [ 2.38312, 6.54707 ], [ 2.38285, 6.54634 ], [ 2.3833, 6.54526 ], [ 2.38321, 6.54426 ], [ 2.38258, 6.54381 ], [ 2.38249, 6.54318 ], [ 2.38303, 6.54318 ], [ 2.38294, 6.54263 ], [ 2.38321, 6.54254 ], [ 2.38394, 6.5449 ], [ 2.38457, 6.54526 ], [ 2.3843, 6.54616 ], [ 2.38538, 6.54716 ], [ 2.38583, 6.54924 ], [ 2.38682, 6.54988 ], [ 2.38682, 6.55159 ], [ 2.38637, 6.55232 ], [ 2.38727, 6.55214 ], [ 2.38764, 6.5516 ], [ 2.38926, 6.55187 ], [ 2.38872, 6.55223 ], [ 2.38917, 6.55268 ], [ 2.38917, 6.55359 ], [ 2.38854, 6.55404 ], [ 2.38827, 6.55512 ], [ 2.3889, 6.55576 ], [ 2.38917, 6.55739 ], [ 2.38998, 6.55739 ], [ 2.39034, 6.55875 ], [ 2.3888, 6.55947 ], [ 2.38763, 6.55892 ], [ 2.38736, 6.55784 ], [ 2.38691, 6.55747 ], [ 2.38718, 6.55675 ], [ 2.38673, 6.55639 ], [ 2.38619, 6.55485 ], [ 2.38519, 6.55467 ], [ 2.38528, 6.55431 ], [ 2.38628, 6.55404 ], [ 2.38619, 6.55322 ], [ 2.38492, 6.55286 ], [ 2.38519, 6.5525 ], [ 2.38429, 6.54906 ], [ 2.38348, 6.54906 ], [ 2.38212, 6.55286 ], [ 2.38184, 6.55684 ], [ 2.38311, 6.55783 ], [ 2.38364, 6.56091 ], [ 2.38274, 6.56163 ], [ 2.38193, 6.56163 ], [ 2.38201, 6.56226 ], [ 2.38129, 6.56253 ], [ 2.38038, 6.56434 ], [ 2.38002, 6.56434 ], [ 2.38011, 6.56362 ], [ 2.37975, 6.56335 ], [ 2.37975, 6.56389 ], [ 2.3793, 6.56416 ], [ 2.37957, 6.56452 ], [ 2.37948, 6.56579 ], [ 2.3783, 6.56733 ], [ 2.37803, 6.56823 ], [ 2.37802, 6.56995 ], [ 2.37712, 6.57013 ], [ 2.37658, 6.57139 ], [ 2.37522, 6.57103 ] ], [ [ 2.39359, 6.56924 ], [ 2.3925, 6.56834 ], [ 2.39196, 6.56689 ], [ 2.39124, 6.56662 ], [ 2.39124, 6.56526 ], [ 2.39097, 6.56472 ], [ 2.39033, 6.56481 ], [ 2.39015, 6.5639 ], [ 2.38979, 6.56426 ], [ 2.39006, 6.56535 ], [ 2.38898, 6.56607 ], [ 2.38735, 6.56589 ], [ 2.38681, 6.56489 ], [ 2.38681, 6.56453 ], [ 2.3878, 6.56381 ], [ 2.38726, 6.56345 ], [ 2.38744, 6.56318 ], [ 2.38825, 6.56372 ], [ 2.3878, 6.56399 ], [ 2.3878, 6.56444 ], [ 2.38862, 6.56444 ], [ 2.38853, 6.56408 ], [ 2.38961, 6.56291 ], [ 2.38889, 6.56137 ], [ 2.39034, 6.56028 ], [ 2.39142, 6.5611 ], [ 2.39142, 6.56182 ], [ 2.39197, 6.5621 ], [ 2.39215, 6.56336 ], [ 2.39124, 6.56363 ], [ 2.39115, 6.56399 ], [ 2.39214, 6.56508 ], [ 2.39214, 6.56635 ], [ 2.39259, 6.56716 ], [ 2.39386, 6.56861 ], [ 2.39359, 6.56924 ] ], [ [ 2.38503, 6.53422 ], [ 2.38395, 6.53313 ], [ 2.38404, 6.53268 ], [ 2.3844, 6.5325 ], [ 2.38485, 6.53314 ], [ 2.38504, 6.53277 ], [ 2.38449, 6.53214 ], [ 2.38558, 6.53223 ], [ 2.3854, 6.53314 ], [ 2.38567, 6.53395 ], [ 2.38503, 6.53422 ] ], [ [ 2.3949, 6.52908 ], [ 2.39382, 6.52835 ], [ 2.39436, 6.52754 ], [ 2.39554, 6.52754 ], [ 2.3959, 6.52718 ], [ 2.3968, 6.52827 ], [ 2.39743, 6.52836 ], [ 2.39716, 6.52908 ], [ 2.39644, 6.52944 ], [ 2.3949, 6.52908 ] ], [ [ 2.37944, 6.52535 ], [ 2.3789, 6.52453 ], [ 2.3779, 6.5248 ], [ 2.3779, 6.52345 ], [ 2.37872, 6.52272 ], [ 2.37917, 6.52273 ], [ 2.37971, 6.52354 ], [ 2.3798, 6.52508 ], [ 2.37944, 6.52535 ] ], [ [ 2.3846, 6.52038 ], [ 2.38406, 6.51902 ], [ 2.3846, 6.5183 ], [ 2.38397, 6.51821 ], [ 2.38424, 6.51703 ], [ 2.38379, 6.51667 ], [ 2.38388, 6.51613 ], [ 2.38533, 6.51703 ], [ 2.38623, 6.51902 ], [ 2.3855, 6.51975 ], [ 2.38559, 6.5202 ], [ 2.3846, 6.52038 ] ], [ [ 2.39374, 6.51777 ], [ 2.39193, 6.51795 ], [ 2.38967, 6.51758 ], [ 2.38795, 6.51686 ], [ 2.38768, 6.5164 ], [ 2.38795, 6.51586 ], [ 2.38741, 6.5155 ], [ 2.38786, 6.51459 ], [ 2.38732, 6.51432 ], [ 2.38705, 6.51514 ], [ 2.3866, 6.51459 ], [ 2.38723, 6.51423 ], [ 2.38714, 6.51333 ], [ 2.38633, 6.51332 ], [ 2.38587, 6.5126 ], [ 2.38506, 6.51296 ], [ 2.38443, 6.51242 ], [ 2.38461, 6.51178 ], [ 2.38371, 6.51079 ], [ 2.38398, 6.51043 ], [ 2.38515, 6.51233 ], [ 2.38578, 6.51215 ], [ 2.3857, 6.51133 ], [ 2.38624, 6.51088 ], [ 2.3866, 6.50916 ], [ 2.38697, 6.50853 ], [ 2.38751, 6.50835 ], [ 2.39032, 6.5041 ], [ 2.39068, 6.50446 ], [ 2.39059, 6.50501 ], [ 2.38905, 6.50627 ], [ 2.38878, 6.507 ], [ 2.38895, 6.51007 ], [ 2.38805, 6.51116 ], [ 2.38841, 6.51278 ], [ 2.38759, 6.51387 ], [ 2.38895, 6.51378 ], [ 2.38922, 6.51315 ], [ 2.38994, 6.51478 ], [ 2.39094, 6.51469 ], [ 2.39103, 6.51505 ], [ 2.39148, 6.51505 ], [ 2.39202, 6.51415 ], [ 2.39284, 6.51424 ], [ 2.39311, 6.51379 ], [ 2.39293, 6.51315 ], [ 2.39383, 6.5127 ], [ 2.39402, 6.51315 ], [ 2.39356, 6.5137 ], [ 2.39383, 6.5146 ], [ 2.39293, 6.51523 ], [ 2.39293, 6.51596 ], [ 2.39338, 6.51668 ], [ 2.39473, 6.51713 ], [ 2.39491, 6.51804 ], [ 2.39428, 6.51813 ], [ 2.39374, 6.51777 ] ], [ [ 2.37972, 6.51504 ], [ 2.38017, 6.51422 ], [ 2.38099, 6.51459 ], [ 2.38053, 6.51531 ], [ 2.38081, 6.51585 ], [ 2.38026, 6.51639 ], [ 2.37972, 6.5163 ], [ 2.37972, 6.51504 ] ], [ [ 2.3999, 6.51063 ], [ 2.39972, 6.5099 ], [ 2.39836, 6.50981 ], [ 2.39854, 6.50918 ], [ 2.39791, 6.50863 ], [ 2.39764, 6.50773 ], [ 2.39863, 6.50818 ], [ 2.40125, 6.51045 ], [ 2.4008, 6.51108 ], [ 2.3999, 6.51063 ] ], [ [ 2.38624, 6.50763 ], [ 2.38588, 6.50572 ], [ 2.3848, 6.50382 ], [ 2.38751, 6.50509 ], [ 2.3886, 6.50428 ], [ 2.38896, 6.50446 ], [ 2.38787, 6.5069 ], [ 2.38669, 6.50781 ], [ 2.38624, 6.50763 ] ], [ [ 2.38561, 6.50735 ], [ 2.38444, 6.50599 ], [ 2.38389, 6.50608 ], [ 2.38317, 6.50563 ], [ 2.38263, 6.50473 ], [ 2.3829, 6.50455 ], [ 2.38353, 6.50536 ], [ 2.38417, 6.50527 ], [ 2.38426, 6.50563 ], [ 2.38516, 6.50545 ], [ 2.38561, 6.50735 ] ], [ [ 2.38507, 6.50138 ], [ 2.38426, 6.49966 ], [ 2.3849, 6.49939 ], [ 2.38562, 6.49831 ], [ 2.38625, 6.4993 ], [ 2.38562, 6.49903 ], [ 2.38535, 6.49984 ], [ 2.38616, 6.50012 ], [ 2.38652, 6.50093 ], [ 2.38507, 6.50138 ] ], [ [ 2.39159, 6.49949 ], [ 2.39123, 6.49849 ], [ 2.3905, 6.49858 ], [ 2.39105, 6.49732 ], [ 2.39168, 6.49777 ], [ 2.39132, 6.4984 ], [ 2.39231, 6.49877 ], [ 2.3924, 6.49922 ], [ 2.39159, 6.49949 ] ] ], [ [ [ 2.37702, 6.58053 ], [ 2.37648, 6.57936 ], [ 2.3743, 6.57854 ], [ 2.37439, 6.57953 ], [ 2.37494, 6.57999 ], [ 2.3762, 6.57963 ], [ 2.37702, 6.58053 ] ] ], [ [ [ 2.39013, 6.58299 ], [ 2.39013, 6.58154 ], [ 2.39104, 6.58118 ], [ 2.39077, 6.58019 ], [ 2.38977, 6.57973 ], [ 2.39023, 6.57856 ], [ 2.38941, 6.57847 ], [ 2.38923, 6.57892 ], [ 2.38833, 6.57874 ], [ 2.3876, 6.5791 ], [ 2.3876, 6.57946 ], [ 2.38842, 6.57964 ], [ 2.38833, 6.58028 ], [ 2.38878, 6.58055 ], [ 2.38869, 6.58181 ], [ 2.38968, 6.58209 ], [ 2.38959, 6.58245 ], [ 2.38878, 6.58227 ], [ 2.38859, 6.58263 ], [ 2.39013, 6.58299 ] ] ], [ [ [ 2.38624, 6.58235 ], [ 2.38733, 6.58199 ], [ 2.38805, 6.58254 ], [ 2.38814, 6.58217 ], [ 2.38805, 6.58163 ], [ 2.38742, 6.58127 ], [ 2.3876, 6.57991 ], [ 2.38688, 6.58009 ], [ 2.3867, 6.58045 ], [ 2.38706, 6.58109 ], [ 2.38661, 6.58136 ], [ 2.38624, 6.58109 ], [ 2.38634, 6.57973 ], [ 2.38579, 6.57928 ], [ 2.38561, 6.57991 ], [ 2.38606, 6.58027 ], [ 2.38588, 6.58136 ], [ 2.38525, 6.58163 ], [ 2.3848, 6.58108 ], [ 2.3847, 6.58217 ], [ 2.38588, 6.5829 ], [ 2.38624, 6.58235 ] ] ], [ [ [ 2.37945, 6.58515 ], [ 2.38036, 6.58434 ], [ 2.38081, 6.58452 ], [ 2.38063, 6.58307 ], [ 2.38108, 6.58289 ], [ 2.3809, 6.58208 ], [ 2.38027, 6.58144 ], [ 2.37991, 6.58162 ], [ 2.38027, 6.58217 ], [ 2.37982, 6.58289 ], [ 2.38, 6.58361 ], [ 2.37936, 6.58388 ], [ 2.37945, 6.58515 ] ] ], [ [ [ 2.37763, 6.59238 ], [ 2.37927, 6.58976 ], [ 2.37936, 6.58886 ], [ 2.37981, 6.58886 ], [ 2.3799, 6.58931 ], [ 2.38099, 6.58886 ], [ 2.38171, 6.59067 ], [ 2.38361, 6.59131 ], [ 2.38388, 6.59058 ], [ 2.38551, 6.5904 ], [ 2.38614, 6.59068 ], [ 2.38668, 6.59041 ], [ 2.38641, 6.58968 ], [ 2.38705, 6.58977 ], [ 2.38705, 6.58878 ], [ 2.38596, 6.5886 ], [ 2.38596, 6.58896 ], [ 2.38515, 6.58932 ], [ 2.38497, 6.58977 ], [ 2.38442, 6.58977 ], [ 2.38424, 6.58868 ], [ 2.3847, 6.58706 ], [ 2.38443, 6.58687 ], [ 2.38388, 6.58724 ], [ 2.38424, 6.58778 ], [ 2.38271, 6.58796 ], [ 2.38171, 6.58678 ], [ 2.38008, 6.58841 ], [ 2.37945, 6.58823 ], [ 2.37909, 6.58859 ], [ 2.37873, 6.58813 ], [ 2.37855, 6.58651 ], [ 2.37773, 6.58596 ], [ 2.37737, 6.58524 ], [ 2.37765, 6.58415 ], [ 2.3771, 6.58388 ], [ 2.37711, 6.58162 ], [ 2.37638, 6.58189 ], [ 2.37656, 6.58144 ], [ 2.37629, 6.58135 ], [ 2.37466, 6.58234 ], [ 2.37602, 6.58478 ], [ 2.3761, 6.58659 ], [ 2.37674, 6.58687 ], [ 2.37647, 6.58723 ], [ 2.37701, 6.58786 ], [ 2.37709, 6.59148 ], [ 2.37763, 6.59238 ] ] ], [ [ [ 2.3855, 6.59502 ], [ 2.38577, 6.59466 ], [ 2.38604, 6.59538 ], [ 2.38632, 6.5952 ], [ 2.38568, 6.59429 ], [ 2.38623, 6.5924 ], [ 2.39076, 6.59077 ], [ 2.39175, 6.58842 ], [ 2.39239, 6.58824 ], [ 2.39239, 6.58887 ], [ 2.39311, 6.58915 ], [ 2.39275, 6.58815 ], [ 2.39375, 6.58634 ], [ 2.3932, 6.58643 ], [ 2.39139, 6.58797 ], [ 2.39076, 6.58969 ], [ 2.39003, 6.59059 ], [ 2.38605, 6.59212 ], [ 2.38514, 6.59339 ], [ 2.38496, 6.59438 ], [ 2.38559, 6.59628 ], [ 2.3855, 6.59502 ] ] ], [ [ [ 2.39455, 6.59557 ], [ 2.39346, 6.59449 ], [ 2.3931, 6.59358 ], [ 2.39356, 6.59159 ], [ 2.39329, 6.59069 ], [ 2.39265, 6.59123 ], [ 2.39265, 6.59331 ], [ 2.39301, 6.59358 ], [ 2.39166, 6.59457 ], [ 2.39165, 6.59484 ], [ 2.39247, 6.59457 ], [ 2.39401, 6.59539 ], [ 2.39473, 6.59621 ], [ 2.39455, 6.59557 ] ] ], [ [ [ 2.39057, 6.59747 ], [ 2.39093, 6.5962 ], [ 2.38876, 6.5962 ], [ 2.38821, 6.59656 ], [ 2.38876, 6.59719 ], [ 2.38966, 6.59683 ], [ 2.39011, 6.59747 ], [ 2.39057, 6.59747 ] ] ], [ [ [ 2.3807, 6.60162 ], [ 2.38007, 6.60098 ], [ 2.38016, 6.5999 ], [ 2.37953, 6.59981 ], [ 2.37925, 6.60071 ], [ 2.38007, 6.6018 ], [ 2.38007, 6.60234 ], [ 2.3807, 6.60162 ] ] ], [ [ [ 2.38775, 6.61058 ], [ 2.38956, 6.60986 ], [ 2.39028, 6.60995 ], [ 2.3901, 6.60905 ], [ 2.391, 6.60887 ], [ 2.39028, 6.60841 ], [ 2.39037, 6.60778 ], [ 2.38947, 6.60706 ], [ 2.38884, 6.60724 ], [ 2.38766, 6.60678 ], [ 2.38621, 6.60768 ], [ 2.3854, 6.60777 ], [ 2.38449, 6.60723 ], [ 2.38413, 6.60651 ], [ 2.38341, 6.60632 ], [ 2.38404, 6.60497 ], [ 2.38504, 6.60506 ], [ 2.38667, 6.60443 ], [ 2.38757, 6.60461 ], [ 2.3882, 6.60534 ], [ 2.38848, 6.60434 ], [ 2.38739, 6.60271 ], [ 2.38731, 6.59982 ], [ 2.38667, 6.6 ], [ 2.38695, 6.59882 ], [ 2.38677, 6.59746 ], [ 2.38631, 6.59773 ], [ 2.38577, 6.59647 ], [ 2.3873, 6.60407 ], [ 2.38676, 6.60425 ], [ 2.38567, 6.60307 ], [ 2.38558, 6.60425 ], [ 2.38459, 6.60461 ], [ 2.38477, 6.6037 ], [ 2.38414, 6.60352 ], [ 2.38368, 6.60433 ], [ 2.38377, 6.60488 ], [ 2.38287, 6.60551 ], [ 2.38241, 6.60668 ], [ 2.38277, 6.60687 ], [ 2.38286, 6.60768 ], [ 2.38494, 6.60931 ], [ 2.38639, 6.60986 ], [ 2.3872, 6.60968 ], [ 2.38775, 6.61058 ] ] ], [ [ [ 2.39462, 6.60896 ], [ 2.3958, 6.60752 ], [ 2.39571, 6.60643 ], [ 2.39508, 6.60598 ], [ 2.39526, 6.60507 ], [ 2.39716, 6.60426 ], [ 2.39608, 6.60363 ], [ 2.3968, 6.6029 ], [ 2.3959, 6.60209 ], [ 2.39282, 6.60426 ], [ 2.39318, 6.6076 ], [ 2.39462, 6.60896 ] ] ], [ [ [ 2.39153, 6.62515 ], [ 2.3909, 6.62298 ], [ 2.3899, 6.62235 ], [ 2.38918, 6.62234 ], [ 2.38873, 6.62171 ], [ 2.3881, 6.61881 ], [ 2.38846, 6.61755 ], [ 2.38927, 6.61737 ], [ 2.38955, 6.61674 ], [ 2.39045, 6.61728 ], [ 2.39018, 6.61619 ], [ 2.39154, 6.61448 ], [ 2.39299, 6.61375 ], [ 2.3939, 6.61222 ], [ 2.39353, 6.61213 ], [ 2.39109, 6.61348 ], [ 2.39028, 6.61294 ], [ 2.39019, 6.61248 ], [ 2.38847, 6.61275 ], [ 2.38792, 6.61212 ], [ 2.38738, 6.61284 ], [ 2.38738, 6.6142 ], [ 2.38801, 6.61411 ], [ 2.38828, 6.61456 ], [ 2.38919, 6.6142 ], [ 2.38928, 6.61447 ], [ 2.38874, 6.61465 ], [ 2.38828, 6.6161 ], [ 2.38701, 6.61719 ], [ 2.38665, 6.61999 ], [ 2.38764, 6.62252 ], [ 2.38845, 6.62325 ], [ 2.38845, 6.62424 ], [ 2.38981, 6.62352 ], [ 2.39062, 6.62443 ], [ 2.39107, 6.62687 ], [ 2.39153, 6.62515 ] ] ], [ [ [ 2.36914, 6.65543 ], [ 2.36968, 6.65507 ], [ 2.36878, 6.65435 ], [ 2.36869, 6.65371 ], [ 2.36914, 6.65326 ], [ 2.36824, 6.65281 ], [ 2.36779, 6.65154 ], [ 2.36806, 6.65064 ], [ 2.36725, 6.65036 ], [ 2.36671, 6.64937 ], [ 2.36743, 6.64901 ], [ 2.36653, 6.64819 ], [ 2.36625, 6.64882 ], [ 2.36616, 6.64783 ], [ 2.36716, 6.64702 ], [ 2.36752, 6.64702 ], [ 2.3677, 6.64783 ], [ 2.36888, 6.64774 ], [ 2.36933, 6.64648 ], [ 2.3697, 6.64629 ], [ 2.36915, 6.6462 ], [ 2.36861, 6.64512 ], [ 2.3678, 6.64457 ], [ 2.36744, 6.64303 ], [ 2.36789, 6.64249 ], [ 2.36789, 6.64168 ], [ 2.36563, 6.64014 ], [ 2.36572, 6.63978 ], [ 2.36636, 6.6396 ], [ 2.36636, 6.63788 ], [ 2.36708, 6.63779 ], [ 2.36781, 6.63697 ], [ 2.3689, 6.63372 ], [ 2.37007, 6.63372 ], [ 2.36998, 6.63318 ], [ 2.36926, 6.63345 ], [ 2.36917, 6.6329 ], [ 2.37062, 6.63318 ], [ 2.37116, 6.63291 ], [ 2.37197, 6.63345 ], [ 2.37243, 6.63282 ], [ 2.37225, 6.63228 ], [ 2.3727, 6.63182 ], [ 2.37369, 6.63219 ], [ 2.37469, 6.63183 ], [ 2.3746, 6.63137 ], [ 2.3737, 6.63119 ], [ 2.37252, 6.63038 ], [ 2.37288, 6.62956 ], [ 2.3727, 6.62902 ], [ 2.37316, 6.62884 ], [ 2.37298, 6.62739 ], [ 2.37542, 6.62631 ], [ 2.37578, 6.6254 ], [ 2.37642, 6.62667 ], [ 2.37741, 6.62703 ], [ 2.37687, 6.62631 ], [ 2.37759, 6.62559 ], [ 2.37696, 6.62531 ], [ 2.37687, 6.62459 ], [ 2.37778, 6.62441 ], [ 2.3795, 6.62315 ], [ 2.37977, 6.62242 ], [ 2.37959, 6.62161 ], [ 2.38077, 6.62052 ], [ 2.38203, 6.62071 ], [ 2.38285, 6.62007 ], [ 2.38375, 6.61845 ], [ 2.38394, 6.617 ], [ 2.38484, 6.61492 ], [ 2.38539, 6.61492 ], [ 2.38521, 6.61546 ], [ 2.38575, 6.61528 ], [ 2.38575, 6.61384 ], [ 2.38521, 6.61375 ], [ 2.38521, 6.61338 ], [ 2.38385, 6.61347 ], [ 2.38367, 6.61202 ], [ 2.38196, 6.60904 ], [ 2.38223, 6.60822 ], [ 2.38187, 6.60777 ], [ 2.38241, 6.60786 ], [ 2.38241, 6.60741 ], [ 2.38178, 6.60614 ], [ 2.38051, 6.60596 ], [ 2.37871, 6.60442 ], [ 2.37762, 6.60478 ], [ 2.37689, 6.60586 ], [ 2.37617, 6.60523 ], [ 2.37499, 6.60559 ], [ 2.375, 6.60478 ], [ 2.37563, 6.60378 ], [ 2.37536, 6.60333 ], [ 2.37608, 6.60279 ], [ 2.37618, 6.60134 ], [ 2.37572, 6.60125 ], [ 2.37563, 6.60062 ], [ 2.37536, 6.60071 ], [ 2.37527, 6.60251 ], [ 2.37473, 6.6036 ], [ 2.37373, 6.60396 ], [ 2.37328, 6.60559 ], [ 2.37237, 6.60604 ], [ 2.37264, 6.60667 ], [ 2.37192, 6.6074 ], [ 2.37146, 6.6092 ], [ 2.37019, 6.60975 ], [ 2.37046, 6.61074 ], [ 2.36965, 6.61101 ], [ 2.36992, 6.61237 ], [ 2.3691, 6.61282 ], [ 2.3691, 6.61345 ], [ 2.36775, 6.61309 ], [ 2.3682, 6.614 ], [ 2.36784, 6.61472 ], [ 2.36666, 6.61454 ], [ 2.36738, 6.61517 ], [ 2.36702, 6.61598 ], [ 2.36738, 6.61617 ], [ 2.36756, 6.61716 ], [ 2.36819, 6.61779 ], [ 2.36874, 6.6178 ], [ 2.36855, 6.61843 ], [ 2.36901, 6.61897 ], [ 2.36873, 6.61951 ], [ 2.36702, 6.61951 ], [ 2.36683, 6.61987 ], [ 2.36982, 6.62006 ], [ 2.37009, 6.62051 ], [ 2.36991, 6.62142 ], [ 2.36918, 6.62205 ], [ 2.36927, 6.62232 ], [ 2.36955, 6.62214 ], [ 2.36927, 6.62359 ], [ 2.36819, 6.62413 ], [ 2.36746, 6.62322 ], [ 2.36701, 6.62349 ], [ 2.36575, 6.6225 ], [ 2.36475, 6.62295 ], [ 2.3643, 6.62222 ], [ 2.36502, 6.6224 ], [ 2.36511, 6.62186 ], [ 2.36412, 6.62177 ], [ 2.36303, 6.62222 ], [ 2.36294, 6.62313 ], [ 2.36185, 6.62367 ], [ 2.36231, 6.62249 ], [ 2.36158, 6.62258 ], [ 2.36077, 6.62177 ], [ 2.36068, 6.62267 ], [ 2.36004, 6.62357 ], [ 2.35923, 6.62294 ], [ 2.3586, 6.62366 ], [ 2.35905, 6.62439 ], [ 2.3576, 6.62484 ], [ 2.35624, 6.62592 ], [ 2.35669, 6.62873 ], [ 2.35796, 6.62837 ], [ 2.35949, 6.62873 ], [ 2.35959, 6.62819 ], [ 2.36176, 6.62783 ], [ 2.36357, 6.62665 ], [ 2.36465, 6.62657 ], [ 2.36601, 6.62693 ], [ 2.36601, 6.62847 ], [ 2.36519, 6.62865 ], [ 2.36528, 6.62928 ], [ 2.36447, 6.62865 ], [ 2.36411, 6.62892 ], [ 2.36546, 6.63019 ], [ 2.36619, 6.62982 ], [ 2.36646, 6.62919 ], [ 2.36745, 6.62974 ], [ 2.36736, 6.63317 ], [ 2.36618, 6.63299 ], [ 2.36555, 6.63344 ], [ 2.36474, 6.63344 ], [ 2.36374, 6.6329 ], [ 2.36338, 6.63335 ], [ 2.36347, 6.6338 ], [ 2.36437, 6.63407 ], [ 2.36473, 6.63462 ], [ 2.36455, 6.63579 ], [ 2.365, 6.6357 ], [ 2.36528, 6.63489 ], [ 2.36627, 6.6348 ], [ 2.36582, 6.63417 ], [ 2.36618, 6.63353 ], [ 2.36727, 6.6339 ], [ 2.36736, 6.63462 ], [ 2.36781, 6.63453 ], [ 2.36745, 6.63589 ], [ 2.36699, 6.63607 ], [ 2.36708, 6.63679 ], [ 2.36636, 6.63616 ], [ 2.36564, 6.6367 ], [ 2.36401, 6.6367 ], [ 2.36383, 6.63706 ], [ 2.36446, 6.63715 ], [ 2.36419, 6.63842 ], [ 2.36219, 6.63977 ], [ 2.36228, 6.64013 ], [ 2.36274, 6.64013 ], [ 2.36382, 6.6395 ], [ 2.36455, 6.63968 ], [ 2.36445, 6.64095 ], [ 2.36391, 6.64194 ], [ 2.36319, 6.64258 ], [ 2.36201, 6.64276 ], [ 2.36165, 6.64185 ], [ 2.36219, 6.64031 ], [ 2.36102, 6.63968 ], [ 2.3612, 6.64022 ], [ 2.36038, 6.64067 ], [ 2.36029, 6.64013 ], [ 2.35939, 6.63941 ], [ 2.35912, 6.64031 ], [ 2.35993, 6.64076 ], [ 2.35984, 6.64122 ], [ 2.35894, 6.6413 ], [ 2.35876, 6.63968 ], [ 2.35749, 6.64004 ], [ 2.35667, 6.64103 ], [ 2.3574, 6.64157 ], [ 2.3574, 6.64275 ], [ 2.35785, 6.64338 ], [ 2.35875, 6.64284 ], [ 2.35848, 6.6432 ], [ 2.35875, 6.64384 ], [ 2.35839, 6.64384 ], [ 2.35812, 6.64483 ], [ 2.35875, 6.64456 ], [ 2.3592, 6.64547 ], [ 2.35866, 6.64574 ], [ 2.35857, 6.64628 ], [ 2.35992, 6.64637 ], [ 2.36019, 6.64728 ], [ 2.36137, 6.64764 ], [ 2.36273, 6.64873 ], [ 2.36309, 6.64936 ], [ 2.36272, 6.65063 ], [ 2.36363, 6.65063 ], [ 2.36417, 6.65144 ], [ 2.36399, 6.65181 ], [ 2.36317, 6.65199 ], [ 2.36136, 6.65153 ], [ 2.36109, 6.65198 ], [ 2.35983, 6.65207 ], [ 2.3591, 6.65252 ], [ 2.35964, 6.6537 ], [ 2.36082, 6.65397 ], [ 2.36109, 6.65343 ], [ 2.36118, 6.65379 ], [ 2.36163, 6.6537 ], [ 2.3629, 6.65452 ], [ 2.36417, 6.65398 ], [ 2.36408, 6.65461 ], [ 2.36498, 6.65389 ], [ 2.36598, 6.65425 ], [ 2.36643, 6.65552 ], [ 2.36914, 6.65543 ] ], [ [ 2.36462, 6.65108 ], [ 2.36417, 6.65009 ], [ 2.36435, 6.64927 ], [ 2.36517, 6.64909 ], [ 2.36598, 6.65054 ], [ 2.36462, 6.65108 ] ], [ [ 2.36273, 6.64746 ], [ 2.363, 6.64583 ], [ 2.36255, 6.64556 ], [ 2.36192, 6.64574 ], [ 2.36183, 6.6452 ], [ 2.36291, 6.64321 ], [ 2.36337, 6.64294 ], [ 2.36409, 6.64357 ], [ 2.36463, 6.64204 ], [ 2.36554, 6.64131 ], [ 2.36599, 6.64204 ], [ 2.36635, 6.64421 ], [ 2.36499, 6.64484 ], [ 2.36499, 6.64566 ], [ 2.36608, 6.64511 ], [ 2.36698, 6.64638 ], [ 2.36644, 6.64674 ], [ 2.36535, 6.64674 ], [ 2.36463, 6.64593 ], [ 2.36418, 6.64593 ], [ 2.3639, 6.64683 ], [ 2.36309, 6.6471 ], [ 2.36318, 6.64755 ], [ 2.36273, 6.64746 ] ], [ [ 2.36718, 6.62883 ], [ 2.36773, 6.62657 ], [ 2.36891, 6.62675 ], [ 2.36891, 6.62766 ], [ 2.36809, 6.62883 ], [ 2.36718, 6.62883 ] ], [ [ 2.37389, 6.61898 ], [ 2.37353, 6.61771 ], [ 2.37444, 6.61735 ], [ 2.37498, 6.61826 ], [ 2.37453, 6.61862 ], [ 2.3748, 6.61916 ], [ 2.37434, 6.61934 ], [ 2.37389, 6.61898 ] ], [ [ 2.37227, 6.61337 ], [ 2.37128, 6.61337 ], [ 2.371, 6.61291 ], [ 2.37282, 6.61201 ], [ 2.37308, 6.61373 ], [ 2.37263, 6.614 ], [ 2.37227, 6.61337 ] ] ], [ [ [ 2.36075, 6.63488 ], [ 2.36057, 6.63416 ], [ 2.36112, 6.63407 ], [ 2.36157, 6.63344 ], [ 2.36139, 6.63253 ], [ 2.36193, 6.63208 ], [ 2.36239, 6.63091 ], [ 2.36239, 6.63063 ], [ 2.36175, 6.63072 ], [ 2.36166, 6.63009 ], [ 2.36058, 6.63072 ], [ 2.36058, 6.63154 ], [ 2.35985, 6.6319 ], [ 2.35895, 6.63307 ], [ 2.35931, 6.63334 ], [ 2.35895, 6.63362 ], [ 2.35913, 6.63407 ], [ 2.36003, 6.63389 ], [ 2.36012, 6.63488 ], [ 2.36075, 6.63488 ] ] ], [ [ [ 2.38744, 6.63419 ], [ 2.38862, 6.63356 ], [ 2.38898, 6.63383 ], [ 2.38998, 6.63365 ], [ 2.38971, 6.63338 ], [ 2.39025, 6.63311 ], [ 2.39097, 6.63393 ], [ 2.39116, 6.63266 ], [ 2.39089, 6.63176 ], [ 2.38926, 6.6323 ], [ 2.38871, 6.63284 ], [ 2.38808, 6.63266 ], [ 2.38817, 6.63202 ], [ 2.38772, 6.63148 ], [ 2.3869, 6.63175 ], [ 2.3869, 6.63211 ], [ 2.38799, 6.63284 ], [ 2.38708, 6.63392 ], [ 2.38744, 6.63419 ] ] ], [ [ [ 2.36039, 6.63715 ], [ 2.36147, 6.63733 ], [ 2.36156, 6.6366 ], [ 2.36084, 6.63642 ], [ 2.36129, 6.63561 ], [ 2.36057, 6.63534 ], [ 2.36048, 6.63606 ], [ 2.35994, 6.63579 ], [ 2.35994, 6.6376 ], [ 2.36039, 6.6376 ], [ 2.36039, 6.63715 ] ] ], [ [ [ 2.3878, 6.6408 ], [ 2.38898, 6.6398 ], [ 2.38889, 6.63935 ], [ 2.38952, 6.63953 ], [ 2.3897, 6.63926 ], [ 2.38925, 6.6389 ], [ 2.38943, 6.63763 ], [ 2.38916, 6.63682 ], [ 2.38844, 6.63673 ], [ 2.38735, 6.63573 ], [ 2.38654, 6.63582 ], [ 2.38654, 6.63645 ], [ 2.38599, 6.63636 ], [ 2.38599, 6.63682 ], [ 2.38654, 6.63727 ], [ 2.38744, 6.63718 ], [ 2.38762, 6.63754 ], [ 2.38735, 6.63781 ], [ 2.38681, 6.63763 ], [ 2.38617, 6.63863 ], [ 2.38708, 6.63917 ], [ 2.38708, 6.64025 ], [ 2.3878, 6.6408 ] ] ], [ [ [ 2.36418, 6.64593 ], [ 2.36472, 6.64439 ], [ 2.36526, 6.64421 ], [ 2.36517, 6.64385 ], [ 2.36391, 6.64484 ], [ 2.36264, 6.64475 ], [ 2.36264, 6.6452 ], [ 2.36336, 6.64547 ], [ 2.36363, 6.64602 ], [ 2.36418, 6.64593 ] ] ], [ [ [ 2.37286, 6.64956 ], [ 2.37277, 6.64874 ], [ 2.37358, 6.64829 ], [ 2.37286, 6.64702 ], [ 2.37187, 6.64793 ], [ 2.37195, 6.6491 ], [ 2.3725, 6.64965 ], [ 2.37286, 6.64956 ] ] ], [ [ [ 2.39656, 6.65266 ], [ 2.39584, 6.65248 ], [ 2.3962, 6.65167 ], [ 2.39593, 6.65148 ], [ 2.39539, 6.65185 ], [ 2.39539, 6.65121 ], [ 2.39493, 6.65076 ], [ 2.39439, 6.65112 ], [ 2.39358, 6.65103 ], [ 2.39403, 6.65184 ], [ 2.39493, 6.65166 ], [ 2.39566, 6.65293 ], [ 2.39647, 6.65302 ], [ 2.39656, 6.65266 ] ] ], [ [ [ 2.39131, 6.65844 ], [ 2.39104, 6.65754 ], [ 2.39212, 6.65727 ], [ 2.39257, 6.65682 ], [ 2.3923, 6.65655 ], [ 2.39276, 6.65637 ], [ 2.39249, 6.65519 ], [ 2.39167, 6.65419 ], [ 2.39086, 6.65428 ], [ 2.38986, 6.6551 ], [ 2.39095, 6.65501 ], [ 2.39086, 6.65555 ], [ 2.39122, 6.65582 ], [ 2.39095, 6.65673 ], [ 2.39022, 6.65727 ], [ 2.39004, 6.65853 ], [ 2.39076, 6.65872 ], [ 2.39131, 6.65844 ] ] ], [ [ [ 2.38613, 6.67355 ], [ 2.38685, 6.67201 ], [ 2.38767, 6.67174 ], [ 2.38749, 6.67147 ], [ 2.38613, 6.67156 ], [ 2.38604, 6.67264 ], [ 2.38522, 6.67373 ], [ 2.38613, 6.67355 ] ] ], [ [ [ 2.37381, 6.68764 ], [ 2.37507, 6.68674 ], [ 2.37607, 6.68683 ], [ 2.37688, 6.68566 ], [ 2.37906, 6.68548 ], [ 2.37942, 6.68458 ], [ 2.37996, 6.68421 ], [ 2.37978, 6.68313 ], [ 2.38033, 6.68241 ], [ 2.38114, 6.68213 ], [ 2.38141, 6.68078 ], [ 2.38223, 6.68105 ], [ 2.3825, 6.68304 ], [ 2.38286, 6.68322 ], [ 2.3834, 6.68277 ], [ 2.38412, 6.68449 ], [ 2.38485, 6.68485 ], [ 2.38602, 6.6863 ], [ 2.38675, 6.68657 ], [ 2.38449, 6.68377 ], [ 2.38503, 6.68277 ], [ 2.38612, 6.68323 ], [ 2.38594, 6.68214 ], [ 2.38494, 6.68105 ], [ 2.38494, 6.68051 ], [ 2.38422, 6.68033 ], [ 2.38404, 6.67988 ], [ 2.3835, 6.67997 ], [ 2.38296, 6.67924 ], [ 2.38232, 6.6796 ], [ 2.38196, 6.67942 ], [ 2.38178, 6.67779 ], [ 2.38287, 6.67779 ], [ 2.38259, 6.67843 ], [ 2.38305, 6.6787 ], [ 2.38377, 6.67843 ], [ 2.38495, 6.67943 ], [ 2.38486, 6.67861 ], [ 2.38522, 6.67825 ], [ 2.38667, 6.67825 ], [ 2.38685, 6.67735 ], [ 2.38793, 6.6778 ], [ 2.38784, 6.67699 ], [ 2.38812, 6.6769 ], [ 2.38839, 6.67762 ], [ 2.38875, 6.67771 ], [ 2.38911, 6.67726 ], [ 2.38893, 6.67617 ], [ 2.38938, 6.67581 ], [ 2.39092, 6.67554 ], [ 2.39137, 6.676 ], [ 2.39183, 6.67545 ], [ 2.39282, 6.67591 ], [ 2.39309, 6.67555 ], [ 2.39273, 6.67455 ], [ 2.39292, 6.67392 ], [ 2.39482, 6.67392 ], [ 2.39536, 6.67356 ], [ 2.39653, 6.67374 ], [ 2.3978, 6.67184 ], [ 2.39943, 6.67148 ], [ 2.3997, 6.67184 ], [ 2.39925, 6.67212 ], [ 2.39952, 6.67221 ], [ 2.39979, 6.67203 ], [ 2.39979, 6.67157 ], [ 2.40043, 6.67139 ], [ 2.40088, 6.67185 ], [ 2.40088, 6.67266 ], [ 2.39943, 6.67275 ], [ 2.39916, 6.67483 ], [ 2.39952, 6.67528 ], [ 2.39699, 6.67501 ], [ 2.39527, 6.67573 ], [ 2.39526, 6.67645 ], [ 2.39499, 6.67718 ], [ 2.39454, 6.67718 ], [ 2.39454, 6.67781 ], [ 2.39526, 6.6779 ], [ 2.39535, 6.68034 ], [ 2.39381, 6.68007 ], [ 2.393, 6.68079 ], [ 2.39218, 6.68088 ], [ 2.39245, 6.68152 ], [ 2.3939, 6.68097 ], [ 2.3958, 6.68125 ], [ 2.39616, 6.68188 ], [ 2.39589, 6.68288 ], [ 2.39706, 6.68451 ], [ 2.39707, 6.68297 ], [ 2.39743, 6.68225 ], [ 2.39689, 6.68152 ], [ 2.39707, 6.68098 ], [ 2.39662, 6.68044 ], [ 2.39653, 6.67944 ], [ 2.39734, 6.67727 ], [ 2.3978, 6.67718 ], [ 2.39825, 6.67799 ], [ 2.3987, 6.67809 ], [ 2.39897, 6.67691 ], [ 2.40151, 6.67601 ], [ 2.40088, 6.67528 ], [ 2.40088, 6.67474 ], [ 2.40151, 6.67429 ], [ 2.40332, 6.67429 ], [ 2.40377, 6.67357 ], [ 2.40513, 6.67393 ], [ 2.40567, 6.67375 ], [ 2.40667, 6.6742 ], [ 2.40712, 6.67258 ], [ 2.40694, 6.67176 ], [ 2.40803, 6.67176 ], [ 2.40921, 6.6705 ], [ 2.40848, 6.66869 ], [ 2.40867, 6.66751 ], [ 2.40776, 6.66733 ], [ 2.4074, 6.66842 ], [ 2.40523, 6.66715 ], [ 2.4026, 6.66778 ], [ 2.40242, 6.66705 ], [ 2.40279, 6.66606 ], [ 2.40252, 6.66579 ], [ 2.40116, 6.66678 ], [ 2.40043, 6.66624 ], [ 2.40025, 6.6656 ], [ 2.39926, 6.66587 ], [ 2.39962, 6.66669 ], [ 2.39917, 6.66687 ], [ 2.39835, 6.66605 ], [ 2.39899, 6.66551 ], [ 2.3989, 6.66506 ], [ 2.39845, 6.66488 ], [ 2.39808, 6.66524 ], [ 2.39826, 6.66578 ], [ 2.39754, 6.66587 ], [ 2.397, 6.66442 ], [ 2.39573, 6.66397 ], [ 2.39492, 6.66288 ], [ 2.39374, 6.66288 ], [ 2.39374, 6.66324 ], [ 2.39429, 6.66324 ], [ 2.39492, 6.66397 ], [ 2.39483, 6.66487 ], [ 2.39546, 6.66514 ], [ 2.39582, 6.66587 ], [ 2.39518, 6.66768 ], [ 2.39365, 6.66786 ], [ 2.39319, 6.66704 ], [ 2.39229, 6.66659 ], [ 2.39148, 6.66514 ], [ 2.39211, 6.66396 ], [ 2.39247, 6.66442 ], [ 2.39284, 6.66424 ], [ 2.39311, 6.66369 ], [ 2.39284, 6.66306 ], [ 2.39365, 6.66261 ], [ 2.39338, 6.66225 ], [ 2.39221, 6.66215 ], [ 2.39266, 6.6627 ], [ 2.39257, 6.66342 ], [ 2.39184, 6.66369 ], [ 2.39148, 6.66433 ], [ 2.39039, 6.6636 ], [ 2.38922, 6.66414 ], [ 2.38877, 6.66287 ], [ 2.38813, 6.66305 ], [ 2.38705, 6.66251 ], [ 2.38551, 6.66124 ], [ 2.38506, 6.66034 ], [ 2.38533, 6.66187 ], [ 2.3865, 6.6626 ], [ 2.38696, 6.66351 ], [ 2.38822, 6.66378 ], [ 2.38876, 6.66477 ], [ 2.39021, 6.66487 ], [ 2.38931, 6.66595 ], [ 2.39012, 6.66613 ], [ 2.39048, 6.66659 ], [ 2.39093, 6.66812 ], [ 2.39075, 6.66966 ], [ 2.3912, 6.67048 ], [ 2.3903, 6.67066 ], [ 2.38966, 6.67038 ], [ 2.3893, 6.67111 ], [ 2.38794, 6.67138 ], [ 2.38821, 6.67228 ], [ 2.3864, 6.67463 ], [ 2.38504, 6.67418 ], [ 2.38441, 6.6749 ], [ 2.3845, 6.67563 ], [ 2.38359, 6.67653 ], [ 2.38151, 6.67716 ], [ 2.38106, 6.67788 ], [ 2.37979, 6.67806 ], [ 2.37961, 6.67888 ], [ 2.38024, 6.6796 ], [ 2.37915, 6.67996 ], [ 2.37906, 6.67878 ], [ 2.37879, 6.67869 ], [ 2.37608, 6.68131 ], [ 2.37454, 6.68149 ], [ 2.37399, 6.68122 ], [ 2.37363, 6.68203 ], [ 2.372, 6.6833 ], [ 2.37046, 6.68384 ], [ 2.36938, 6.68375 ], [ 2.36937, 6.6852 ], [ 2.3701, 6.68565 ], [ 2.36955, 6.68628 ], [ 2.36983, 6.68664 ], [ 2.371, 6.68683 ], [ 2.37155, 6.6861 ], [ 2.37218, 6.68629 ], [ 2.37218, 6.68547 ], [ 2.37245, 6.68538 ], [ 2.37336, 6.68592 ], [ 2.37281, 6.68647 ], [ 2.37308, 6.68683 ], [ 2.37263, 6.68665 ], [ 2.37245, 6.68728 ], [ 2.37381, 6.68764 ] ], [ [ 2.37589, 6.6852 ], [ 2.37598, 6.68376 ], [ 2.37643, 6.68358 ], [ 2.37688, 6.68521 ], [ 2.3767, 6.68557 ], [ 2.37589, 6.6852 ] ], [ [ 2.37815, 6.68494 ], [ 2.37689, 6.68294 ], [ 2.37508, 6.6833 ], [ 2.3749, 6.68276 ], [ 2.37698, 6.68195 ], [ 2.37888, 6.68421 ], [ 2.3786, 6.68485 ], [ 2.37815, 6.68494 ] ] ], [ [ [ 2.39925, 6.52085 ], [ 2.40097, 6.52076 ], [ 2.40106, 6.5204 ], [ 2.40016, 6.51949 ], [ 2.40016, 6.51877 ], [ 2.39962, 6.51922 ], [ 2.39871, 6.51922 ], [ 2.39862, 6.51994 ], [ 2.39925, 6.52085 ] ] ], [ [ [ 2.40531, 6.52665 ], [ 2.40531, 6.52583 ], [ 2.40449, 6.52466 ], [ 2.40422, 6.52312 ], [ 2.40386, 6.52303 ], [ 2.40413, 6.52475 ], [ 2.4035, 6.52493 ], [ 2.40341, 6.52556 ], [ 2.40404, 6.52574 ], [ 2.40413, 6.52529 ], [ 2.40458, 6.52547 ], [ 2.40549, 6.52737 ], [ 2.40521, 6.52791 ], [ 2.40549, 6.52819 ], [ 2.40558, 6.52674 ], [ 2.40531, 6.52665 ] ] ], [ [ [ 2.39978, 6.53533 ], [ 2.4005, 6.53442 ], [ 2.40114, 6.53487 ], [ 2.40096, 6.53442 ], [ 2.40168, 6.53442 ], [ 2.40177, 6.53352 ], [ 2.40286, 6.53252 ], [ 2.40304, 6.53298 ], [ 2.4034, 6.53243 ], [ 2.40186, 6.53126 ], [ 2.40042, 6.53162 ], [ 2.39996, 6.53243 ], [ 2.39933, 6.53243 ], [ 2.39951, 6.53189 ], [ 2.39906, 6.53171 ], [ 2.39897, 6.53288 ], [ 2.39969, 6.53424 ], [ 2.39978, 6.53533 ] ] ], [ [ [ 2.40339, 6.53859 ], [ 2.40421, 6.53967 ], [ 2.40276, 6.53651 ], [ 2.40213, 6.53877 ], [ 2.40303, 6.53967 ], [ 2.40303, 6.53859 ], [ 2.40339, 6.53859 ] ] ], [ [ [ 2.39887, 6.53885 ], [ 2.39878, 6.53777 ], [ 2.39806, 6.53731 ], [ 2.3948, 6.53722 ], [ 2.39507, 6.53849 ], [ 2.39543, 6.53812 ], [ 2.39806, 6.53804 ], [ 2.39815, 6.53858 ], [ 2.3986, 6.53858 ], [ 2.3986, 6.53894 ], [ 2.39815, 6.53894 ], [ 2.39842, 6.53949 ], [ 2.39887, 6.53885 ] ] ], [ [ [ 2.40438, 6.54791 ], [ 2.40592, 6.54465 ], [ 2.40592, 6.54338 ], [ 2.40556, 6.5432 ], [ 2.40556, 6.54221 ], [ 2.40475, 6.54022 ], [ 2.4042, 6.54004 ], [ 2.40556, 6.54329 ], [ 2.40528, 6.54492 ], [ 2.40465, 6.54564 ], [ 2.40483, 6.54628 ], [ 2.40392, 6.54791 ], [ 2.40438, 6.54791 ] ] ], [ [ [ 2.39556, 6.58481 ], [ 2.39628, 6.58427 ], [ 2.39683, 6.58318 ], [ 2.39773, 6.58273 ], [ 2.39746, 6.58237 ], [ 2.39764, 6.58182 ], [ 2.39981, 6.58165 ], [ 2.3971, 6.58128 ], [ 2.39538, 6.5801 ], [ 2.39574, 6.58128 ], [ 2.39701, 6.58164 ], [ 2.39664, 6.58318 ], [ 2.39456, 6.58481 ], [ 2.39447, 6.58562 ], [ 2.39528, 6.58562 ], [ 2.39556, 6.58481 ] ] ], [ [ [ 2.40006, 6.59911 ], [ 2.40115, 6.59621 ], [ 2.40233, 6.59495 ], [ 2.40595, 6.59459 ], [ 2.40523, 6.59396 ], [ 2.40477, 6.59441 ], [ 2.40287, 6.59413 ], [ 2.40097, 6.5954 ], [ 2.40043, 6.5954 ], [ 2.40052, 6.59666 ], [ 2.40007, 6.59703 ], [ 2.40016, 6.59748 ], [ 2.3997, 6.59757 ], [ 2.39997, 6.59811 ], [ 2.39952, 6.59847 ], [ 2.39934, 6.59929 ], [ 2.40006, 6.59911 ] ] ], [ [ [ 2.40675, 6.60699 ], [ 2.40594, 6.60409 ], [ 2.40503, 6.603 ], [ 2.40449, 6.60273 ], [ 2.40124, 6.60273 ], [ 2.40187, 6.60363 ], [ 2.40304, 6.60354 ], [ 2.40386, 6.60418 ], [ 2.40449, 6.60418 ], [ 2.40485, 6.60536 ], [ 2.40639, 6.60626 ], [ 2.40639, 6.60717 ], [ 2.40675, 6.60699 ] ] ], [ [ [ 2.40077, 6.61096 ], [ 2.40059, 6.61024 ], [ 2.39978, 6.61032 ], [ 2.39987, 6.6096 ], [ 2.39924, 6.60969 ], [ 2.39924, 6.61032 ], [ 2.39869, 6.6106 ], [ 2.39896, 6.61096 ], [ 2.40023, 6.61087 ], [ 2.40032, 6.6115 ], [ 2.40113, 6.61159 ], [ 2.40123, 6.61105 ], [ 2.40077, 6.61096 ] ] ], [ [ [ 2.40981, 6.62011 ], [ 2.40836, 6.61821 ], [ 2.40638, 6.61621 ], [ 2.40565, 6.61422 ], [ 2.40502, 6.6135 ], [ 2.40484, 6.61241 ], [ 2.40448, 6.61232 ], [ 2.40448, 6.6106 ], [ 2.4053, 6.61006 ], [ 2.4053, 6.6097 ], [ 2.40394, 6.61042 ], [ 2.40313, 6.61024 ], [ 2.40312, 6.61132 ], [ 2.40141, 6.6106 ], [ 2.40159, 6.61159 ], [ 2.40294, 6.6125 ], [ 2.40349, 6.61205 ], [ 2.40403, 6.61277 ], [ 2.40457, 6.61286 ], [ 2.40421, 6.61368 ], [ 2.40348, 6.61322 ], [ 2.40294, 6.61413 ], [ 2.40303, 6.61458 ], [ 2.40394, 6.61467 ], [ 2.40348, 6.6163 ], [ 2.40466, 6.61694 ], [ 2.40484, 6.61775 ], [ 2.40547, 6.61766 ], [ 2.40547, 6.61902 ], [ 2.40619, 6.6192 ], [ 2.40646, 6.61875 ], [ 2.40692, 6.61911 ], [ 2.40764, 6.61893 ], [ 2.40809, 6.61974 ], [ 2.40872, 6.61956 ], [ 2.40927, 6.62011 ], [ 2.40981, 6.62011 ] ] ], [ [ [ 2.4032, 6.62001 ], [ 2.40393, 6.6192 ], [ 2.40357, 6.61856 ], [ 2.40303, 6.61856 ], [ 2.40294, 6.61811 ], [ 2.40185, 6.61802 ], [ 2.40131, 6.61838 ], [ 2.40149, 6.61883 ], [ 2.40293, 6.6191 ], [ 2.4032, 6.62001 ] ] ], [ [ [ 2.39289, 6.62343 ], [ 2.39407, 6.62136 ], [ 2.39316, 6.62 ], [ 2.39334, 6.61864 ], [ 2.39289, 6.61755 ], [ 2.39434, 6.61728 ], [ 2.39488, 6.61765 ], [ 2.39561, 6.61647 ], [ 2.39697, 6.61747 ], [ 2.3976, 6.61738 ], [ 2.39751, 6.61792 ], [ 2.39642, 6.61883 ], [ 2.39669, 6.61964 ], [ 2.39723, 6.61973 ], [ 2.39751, 6.61901 ], [ 2.39841, 6.61838 ], [ 2.39895, 6.61847 ], [ 2.3995, 6.61946 ], [ 2.39958, 6.62154 ], [ 2.40022, 6.62163 ], [ 2.40013, 6.62227 ], [ 2.40076, 6.62191 ], [ 2.40112, 6.62001 ], [ 2.40067, 6.61964 ], [ 2.40085, 6.6182 ], [ 2.40004, 6.61765 ], [ 2.4004, 6.61675 ], [ 2.40023, 6.61512 ], [ 2.39796, 6.61494 ], [ 2.39706, 6.61575 ], [ 2.39615, 6.61584 ], [ 2.3957, 6.61539 ], [ 2.39525, 6.61557 ], [ 2.39507, 6.6152 ], [ 2.39416, 6.61502 ], [ 2.3938, 6.61566 ], [ 2.39308, 6.61575 ], [ 2.3928, 6.61638 ], [ 2.39136, 6.61638 ], [ 2.39154, 6.61692 ], [ 2.39045, 6.61746 ], [ 2.39018, 6.61909 ], [ 2.39072, 6.61927 ], [ 2.39117, 6.61837 ], [ 2.39172, 6.61864 ], [ 2.39217, 6.62027 ], [ 2.39216, 6.62253 ], [ 2.39289, 6.62343 ] ], [ [ 2.39226, 6.61873 ], [ 2.39163, 6.61764 ], [ 2.39172, 6.61674 ], [ 2.39208, 6.61683 ], [ 2.39217, 6.61773 ], [ 2.3928, 6.61755 ], [ 2.39298, 6.61918 ], [ 2.39262, 6.61982 ], [ 2.39226, 6.61972 ], [ 2.39226, 6.61873 ] ] ], [ [ [ 2.3984, 6.62824 ], [ 2.3994, 6.62715 ], [ 2.39894, 6.62679 ], [ 2.3994, 6.62634 ], [ 2.3994, 6.62525 ], [ 2.39922, 6.62561 ], [ 2.39876, 6.62552 ], [ 2.39885, 6.62625 ], [ 2.39831, 6.62579 ], [ 2.39786, 6.62588 ], [ 2.39867, 6.62697 ], [ 2.39849, 6.62724 ], [ 2.39813, 6.62697 ], [ 2.39804, 6.62805 ], [ 2.3984, 6.62824 ] ] ], [ [ [ 2.41116, 6.62988 ], [ 2.41143, 6.6287 ], [ 2.41233, 6.62681 ], [ 2.41234, 6.62572 ], [ 2.41143, 6.62744 ], [ 2.41152, 6.62789 ], [ 2.4107, 6.62816 ], [ 2.4107, 6.62961 ], [ 2.41116, 6.62988 ] ] ], [ [ [ 2.39866, 6.63475 ], [ 2.39839, 6.63339 ], [ 2.39894, 6.63258 ], [ 2.3993, 6.63258 ], [ 2.39912, 6.63222 ], [ 2.39821, 6.6324 ], [ 2.39821, 6.63312 ], [ 2.39794, 6.63321 ], [ 2.39821, 6.63357 ], [ 2.39749, 6.63384 ], [ 2.39821, 6.63511 ], [ 2.39866, 6.63475 ] ] ], [ [ [ 2.39676, 6.63755 ], [ 2.39658, 6.6371 ], [ 2.39694, 6.6362 ], [ 2.39622, 6.6352 ], [ 2.39649, 6.63348 ], [ 2.3955, 6.63248 ], [ 2.3955, 6.63294 ], [ 2.39486, 6.63339 ], [ 2.39486, 6.63384 ], [ 2.39541, 6.63429 ], [ 2.39468, 6.63466 ], [ 2.3945, 6.63529 ], [ 2.39504, 6.63547 ], [ 2.39522, 6.63728 ], [ 2.39613, 6.63782 ], [ 2.39676, 6.63755 ] ] ], [ [ [ 2.40734, 6.641 ], [ 2.40897, 6.63883 ], [ 2.40997, 6.63847 ], [ 2.40952, 6.63703 ], [ 2.40897, 6.63712 ], [ 2.40915, 6.63811 ], [ 2.40734, 6.641 ] ] ], [ [ [ 2.41196, 6.64092 ], [ 2.41259, 6.6401 ], [ 2.41313, 6.64002 ], [ 2.41313, 6.63965 ], [ 2.41196, 6.63793 ], [ 2.41142, 6.6382 ], [ 2.41133, 6.63884 ], [ 2.41169, 6.63893 ], [ 2.41214, 6.63848 ], [ 2.41232, 6.63965 ], [ 2.41187, 6.63956 ], [ 2.41069, 6.64065 ], [ 2.41159, 6.64047 ], [ 2.41196, 6.64092 ] ] ], [ [ [ 2.41322, 6.64372 ], [ 2.41413, 6.64255 ], [ 2.41367, 6.64183 ], [ 2.41386, 6.64155 ], [ 2.41512, 6.6421 ], [ 2.41576, 6.64174 ], [ 2.41648, 6.64183 ], [ 2.41666, 6.64138 ], [ 2.41612, 6.64156 ], [ 2.41594, 6.64128 ], [ 2.4172, 6.64038 ], [ 2.41721, 6.63821 ], [ 2.41666, 6.63821 ], [ 2.41676, 6.6374 ], [ 2.41576, 6.63812 ], [ 2.41567, 6.63739 ], [ 2.41449, 6.63649 ], [ 2.41323, 6.63703 ], [ 2.41323, 6.63748 ], [ 2.41449, 6.63794 ], [ 2.41458, 6.63911 ], [ 2.41513, 6.63884 ], [ 2.41594, 6.63948 ], [ 2.41594, 6.63884 ], [ 2.41648, 6.63884 ], [ 2.41666, 6.63921 ], [ 2.41603, 6.64029 ], [ 2.41512, 6.63947 ], [ 2.41458, 6.63993 ], [ 2.41422, 6.63984 ], [ 2.41422, 6.63938 ], [ 2.41386, 6.63947 ], [ 2.41404, 6.64038 ], [ 2.41467, 6.6411 ], [ 2.41377, 6.64074 ], [ 2.41367, 6.64137 ], [ 2.41295, 6.64128 ], [ 2.41268, 6.64345 ], [ 2.41322, 6.64372 ] ] ], [ [ [ 2.41249, 6.64969 ], [ 2.41168, 6.64797 ], [ 2.40987, 6.64689 ], [ 2.41014, 6.64752 ], [ 2.41186, 6.64897 ], [ 2.41176, 6.6496 ], [ 2.41222, 6.64988 ], [ 2.41249, 6.64969 ] ] ], [ [ [ 2.39674, 6.65094 ], [ 2.39729, 6.64931 ], [ 2.39684, 6.64913 ], [ 2.39656, 6.64977 ], [ 2.39575, 6.65004 ], [ 2.39584, 6.65058 ], [ 2.39548, 6.65085 ], [ 2.39674, 6.65094 ] ] ], [ [ [ 2.40271, 6.6524 ], [ 2.40317, 6.65113 ], [ 2.40299, 6.65068 ], [ 2.40199, 6.65059 ], [ 2.4019, 6.65104 ], [ 2.40145, 6.65104 ], [ 2.40199, 6.65185 ], [ 2.40181, 6.6524 ], [ 2.40208, 6.65267 ], [ 2.40271, 6.6524 ] ] ], [ [ [ 2.41212, 6.65449 ], [ 2.41248, 6.65322 ], [ 2.4133, 6.65196 ], [ 2.4133, 6.65114 ], [ 2.41366, 6.65105 ], [ 2.41366, 6.65051 ], [ 2.41303, 6.65078 ], [ 2.41258, 6.64997 ], [ 2.41222, 6.65024 ], [ 2.41231, 6.65159 ], [ 2.41176, 6.65187 ], [ 2.41212, 6.65241 ], [ 2.41267, 6.65241 ], [ 2.41194, 6.65386 ], [ 2.41212, 6.65449 ] ] ], [ [ [ 2.40886, 6.65819 ], [ 2.40741, 6.65738 ], [ 2.40732, 6.65684 ], [ 2.40796, 6.65638 ], [ 2.40931, 6.65675 ], [ 2.40986, 6.65621 ], [ 2.40977, 6.65566 ], [ 2.40895, 6.6562 ], [ 2.40732, 6.6553 ], [ 2.40696, 6.65611 ], [ 2.40569, 6.6562 ], [ 2.40406, 6.65719 ], [ 2.40244, 6.65692 ], [ 2.4018, 6.65629 ], [ 2.40045, 6.65601 ], [ 2.39746, 6.6561 ], [ 2.39818, 6.65655 ], [ 2.39999, 6.65674 ], [ 2.40117, 6.65647 ], [ 2.40216, 6.65846 ], [ 2.40289, 6.65783 ], [ 2.40415, 6.6581 ], [ 2.40452, 6.65765 ], [ 2.4056, 6.65783 ], [ 2.4056, 6.65837 ], [ 2.40696, 6.65765 ], [ 2.40759, 6.65774 ], [ 2.40868, 6.65874 ], [ 2.40904, 6.65865 ], [ 2.40886, 6.65819 ] ] ], [ [ [ 2.41076, 6.65973 ], [ 2.41031, 6.65901 ], [ 2.41067, 6.65811 ], [ 2.41013, 6.65829 ], [ 2.40985, 6.65792 ], [ 2.40958, 6.65829 ], [ 2.40994, 6.65856 ], [ 2.40741, 6.66045 ], [ 2.40813, 6.66036 ], [ 2.40858, 6.66082 ], [ 2.40868, 6.66037 ], [ 2.40949, 6.65982 ], [ 2.41049, 6.65982 ], [ 2.41076, 6.6601 ], [ 2.41067, 6.661 ], [ 2.41112, 6.66136 ], [ 2.41076, 6.65973 ] ] ], [ [ [ 2.39827, 6.66117 ], [ 2.39827, 6.66081 ], [ 2.3989, 6.66063 ], [ 2.39863, 6.65999 ], [ 2.39909, 6.65972 ], [ 2.39909, 6.65918 ], [ 2.39818, 6.65927 ], [ 2.39791, 6.65881 ], [ 2.3971, 6.65899 ], [ 2.39664, 6.65845 ], [ 2.39538, 6.65926 ], [ 2.39538, 6.65981 ], [ 2.39601, 6.66026 ], [ 2.39637, 6.65945 ], [ 2.39728, 6.65909 ], [ 2.39718, 6.6599 ], [ 2.39755, 6.66017 ], [ 2.39718, 6.66044 ], [ 2.39709, 6.66126 ], [ 2.39827, 6.66117 ] ] ], [ [ [ 2.40677, 6.66344 ], [ 2.40795, 6.66245 ], [ 2.40795, 6.6619 ], [ 2.40831, 6.66208 ], [ 2.40786, 6.66073 ], [ 2.40759, 6.66073 ], [ 2.40768, 6.66154 ], [ 2.4065, 6.66272 ], [ 2.40578, 6.6629 ], [ 2.40587, 6.66326 ], [ 2.40677, 6.66344 ] ] ], [ [ [ 2.40467, 6.68026 ], [ 2.4054, 6.67909 ], [ 2.40503, 6.67864 ], [ 2.40522, 6.67809 ], [ 2.40495, 6.67755 ], [ 2.40395, 6.67755 ], [ 2.40341, 6.67827 ], [ 2.40377, 6.67818 ], [ 2.40431, 6.67873 ], [ 2.40413, 6.6799 ], [ 2.4035, 6.67954 ], [ 2.40304, 6.68017 ], [ 2.40358, 6.68053 ], [ 2.40467, 6.68026 ] ] ] ] } },
{ "type": "Feature", "properties": { "classe": 5, "nom": "Eau libre", "superficie_ha": 2250.6, "pourcentage": 4.56 }, "geometry": { "type": "MultiPolygon", "coordinates": [ [ [ [ 2.30179, 6.35209 ], [ 2.30188, 6.35082 ], [ 2.29899, 6.35109 ], [ 2.29971, 6.352 ], [ 2.30179, 6.35209 ] ] ], [ [ [ 2.28722, 6.35759 ], [ 2.28786, 6.35696 ], [ 2.28912, 6.35714 ], [ 2.28921, 6.35687 ], [ 2.28795, 6.35659 ], [ 2.28732, 6.35587 ], [ 2.28578, 6.35605 ], [ 2.2856, 6.35686 ], [ 2.28596, 6.35732 ], [ 2.2856, 6.35759 ], [ 2.28722, 6.35759 ] ] ], [ [ [ 2.29298, 6.3784 ], [ 2.29551, 6.37814 ], [ 2.29425, 6.37696 ], [ 2.29606, 6.37615 ], [ 2.29597, 6.37488 ], [ 2.29633, 6.37506 ], [ 2.29624, 6.3757 ], [ 2.2966, 6.37624 ], [ 2.29742, 6.37597 ], [ 2.29832, 6.37597 ], [ 2.29859, 6.37633 ], [ 2.30004, 6.37633 ], [ 2.30085, 6.37597 ], [ 2.30275, 6.37625 ], [ 2.30302, 6.37589 ], [ 2.30284, 6.37534 ], [ 2.30212, 6.37489 ], [ 2.3023, 6.37435 ], [ 2.30031, 6.37371 ], [ 2.30013, 6.37308 ], [ 2.2995, 6.37271 ], [ 2.29833, 6.37262 ], [ 2.29833, 6.37226 ], [ 2.29959, 6.37109 ], [ 2.29914, 6.37045 ], [ 2.29941, 6.36964 ], [ 2.29887, 6.36919 ], [ 2.29905, 6.36846 ], [ 2.29851, 6.36738 ], [ 2.2977, 6.36683 ], [ 2.29797, 6.36584 ], [ 2.29942, 6.36502 ], [ 2.30096, 6.36548 ], [ 2.30078, 6.3662 ], [ 2.30105, 6.36638 ], [ 2.30132, 6.36575 ], [ 2.3043, 6.36557 ], [ 2.30313, 6.36412 ], [ 2.30322, 6.36349 ], [ 2.30241, 6.36313 ], [ 2.30322, 6.36204 ], [ 2.30332, 6.36096 ], [ 2.30241, 6.36087 ], [ 2.30232, 6.36023 ], [ 2.30069, 6.35987 ], [ 2.30051, 6.35951 ], [ 2.29834, 6.35996 ], [ 2.29464, 6.35986 ], [ 2.29482, 6.36058 ], [ 2.29445, 6.36095 ], [ 2.29273, 6.3614 ], [ 2.29129, 6.36076 ], [ 2.28984, 6.36121 ], [ 2.28858, 6.36067 ], [ 2.28722, 6.36057 ], [ 2.28505, 6.36157 ], [ 2.28505, 6.36193 ], [ 2.28586, 6.36157 ], [ 2.28677, 6.36184 ], [ 2.28713, 6.36103 ], [ 2.28776, 6.36094 ], [ 2.28776, 6.36139 ], [ 2.28713, 6.36184 ], [ 2.28785, 6.36266 ], [ 2.28776, 6.36383 ], [ 2.28649, 6.36401 ], [ 2.2864, 6.36356 ], [ 2.2874, 6.36329 ], [ 2.28704, 6.36238 ], [ 2.28559, 6.36283 ], [ 2.28604, 6.36329 ], [ 2.28595, 6.36428 ], [ 2.28559, 6.36464 ], [ 2.2873, 6.36591 ], [ 2.28929, 6.36673 ], [ 2.28965, 6.36628 ], [ 2.29137, 6.36646 ], [ 2.29182, 6.36574 ], [ 2.29219, 6.36574 ], [ 2.29264, 6.36628 ], [ 2.29345, 6.36637 ], [ 2.29499, 6.36737 ], [ 2.29571, 6.36728 ], [ 2.29508, 6.36855 ], [ 2.2958, 6.368 ], [ 2.29571, 6.369 ], [ 2.29607, 6.36963 ], [ 2.2948, 6.37099 ], [ 2.29444, 6.37189 ], [ 2.29371, 6.37198 ], [ 2.29399, 6.37216 ], [ 2.29398, 6.3737 ], [ 2.29253, 6.37696 ], [ 2.29298, 6.3784 ] ] ], [ [ [ 2.29676, 6.39668 ], [ 2.29757, 6.39687 ], [ 2.29766, 6.39424 ], [ 2.29604, 6.39388 ], [ 2.29604, 6.39288 ], [ 2.29558, 6.39334 ], [ 2.29405, 6.39342 ], [ 2.29377, 6.39442 ], [ 2.29477, 6.39496 ], [ 2.29459, 6.39605 ], [ 2.29531, 6.39641 ], [ 2.29558, 6.39623 ], [ 2.29558, 6.39677 ], [ 2.29621, 6.39677 ], [ 2.29621, 6.39705 ], [ 2.29676, 6.39668 ] ] ], [ [ [ 2.28382, 6.39793 ], [ 2.28473, 6.39775 ], [ 2.28464, 6.3973 ], [ 2.284, 6.39712 ], [ 2.28346, 6.39612 ], [ 2.28292, 6.39594 ], [ 2.28319, 6.39549 ], [ 2.28292, 6.39504 ], [ 2.28202, 6.39531 ], [ 2.28166, 6.39467 ], [ 2.28129, 6.39476 ], [ 2.28184, 6.39585 ], [ 2.28238, 6.39612 ], [ 2.28211, 6.39648 ], [ 2.28265, 6.39676 ], [ 2.28319, 6.39648 ], [ 2.28337, 6.39748 ], [ 2.28382, 6.39793 ] ] ], [ [ [ 2.2292, 6.40003 ], [ 2.23064, 6.39948 ], [ 2.23273, 6.39786 ], [ 2.23273, 6.39849 ], [ 2.23372, 6.3984 ], [ 2.23372, 6.39804 ], [ 2.23336, 6.39822 ], [ 2.23327, 6.39795 ], [ 2.23372, 6.39741 ], [ 2.23391, 6.39623 ], [ 2.23436, 6.39623 ], [ 2.23472, 6.39551 ], [ 2.2359, 6.39551 ], [ 2.23689, 6.39497 ], [ 2.23852, 6.39515 ], [ 2.23888, 6.39552 ], [ 2.24069, 6.39543 ], [ 2.24114, 6.39588 ], [ 2.24313, 6.39634 ], [ 2.24367, 6.39688 ], [ 2.24638, 6.39734 ], [ 2.24973, 6.39644 ], [ 2.25045, 6.39662 ], [ 2.25136, 6.39581 ], [ 2.25498, 6.39581 ], [ 2.25561, 6.39645 ], [ 2.25606, 6.39599 ], [ 2.25724, 6.39609 ], [ 2.25724, 6.396 ], [ 2.25679, 6.39554 ], [ 2.2548, 6.39554 ], [ 2.25471, 6.39518 ], [ 2.25416, 6.39518 ], [ 2.25127, 6.39526 ], [ 2.25118, 6.39553 ], [ 2.25, 6.39553 ], [ 2.24883, 6.39607 ], [ 2.24485, 6.39634 ], [ 2.24476, 6.39607 ], [ 2.24286, 6.39588 ], [ 2.24277, 6.39552 ], [ 2.2396, 6.3947 ], [ 2.23951, 6.39443 ], [ 2.23689, 6.39416 ], [ 2.23354, 6.39551 ], [ 2.23345, 6.39587 ], [ 2.23219, 6.39632 ], [ 2.23101, 6.3975 ], [ 2.22875, 6.39794 ], [ 2.22585, 6.39794 ], [ 2.22522, 6.3983 ], [ 2.22603, 6.39884 ], [ 2.22811, 6.39876 ], [ 2.22838, 6.39903 ], [ 2.2282, 6.39966 ], [ 2.2292, 6.40003 ] ] ], [ [ [ 2.30127, 6.40031 ], [ 2.30227, 6.40004 ], [ 2.30254, 6.3995 ], [ 2.30173, 6.39904 ], [ 2.30037, 6.39958 ], [ 2.29883, 6.39931 ], [ 2.29901, 6.39994 ], [ 2.30127, 6.40031 ] ] ], [ [ [ 2.21951, 6.40399 ], [ 2.2197, 6.40209 ], [ 2.21934, 6.40155 ], [ 2.22051, 6.40146 ], [ 2.22051, 6.40074 ], [ 2.22124, 6.40083 ], [ 2.22124, 6.40047 ], [ 2.22024, 6.40028 ], [ 2.21997, 6.39974 ], [ 2.21961, 6.40028 ], [ 2.21961, 6.39956 ], [ 2.21898, 6.39956 ], [ 2.21889, 6.3992 ], [ 2.21925, 6.39856 ], [ 2.22006, 6.39929 ], [ 2.22115, 6.39902 ], [ 2.22106, 6.39793 ], [ 2.22007, 6.39748 ], [ 2.22061, 6.39721 ], [ 2.22043, 6.39667 ], [ 2.21934, 6.39684 ], [ 2.21799, 6.39802 ], [ 2.21771, 6.39892 ], [ 2.21636, 6.3991 ], [ 2.21581, 6.39973 ], [ 2.21627, 6.40019 ], [ 2.21617, 6.40127 ], [ 2.21653, 6.40209 ], [ 2.21726, 6.40164 ], [ 2.21843, 6.40263 ], [ 2.21906, 6.40254 ], [ 2.21951, 6.40399 ] ] ], [ [ [ 2.28641, 6.42137 ], [ 2.28587, 6.42064 ], [ 2.28659, 6.41983 ], [ 2.28669, 6.41875 ], [ 2.28578, 6.41902 ], [ 2.28524, 6.41802 ], [ 2.28352, 6.41711 ], [ 2.28361, 6.41756 ], [ 2.28443, 6.41793 ], [ 2.28434, 6.4182 ], [ 2.28379, 6.41793 ], [ 2.28352, 6.4182 ], [ 2.28416, 6.41838 ], [ 2.28415, 6.41919 ], [ 2.28379, 6.41937 ], [ 2.28415, 6.42037 ], [ 2.2837, 6.42046 ], [ 2.2837, 6.42109 ], [ 2.28406, 6.42118 ], [ 2.28451, 6.42019 ], [ 2.28524, 6.41992 ], [ 2.28515, 6.42091 ], [ 2.2856, 6.42164 ], [ 2.28596, 6.42182 ], [ 2.28641, 6.42137 ] ] ], [ [ [ 2.30671, 6.46175 ], [ 2.30824, 6.4613 ], [ 2.30816, 6.46012 ], [ 2.30798, 6.45894 ], [ 2.30725, 6.45767 ], [ 2.30699, 6.45487 ], [ 2.30662, 6.45469 ], [ 2.30554, 6.45514 ], [ 2.30527, 6.45478 ], [ 2.30599, 6.45369 ], [ 2.30654, 6.45396 ], [ 2.30654, 6.45342 ], [ 2.30581, 6.45243 ], [ 2.30572, 6.45161 ], [ 2.305, 6.45116 ], [ 2.30491, 6.45071 ], [ 2.30446, 6.45034 ], [ 2.30383, 6.45052 ], [ 2.30401, 6.45016 ], [ 2.30437, 6.45025 ], [ 2.30446, 6.44971 ], [ 2.30284, 6.44546 ], [ 2.30221, 6.44482 ], [ 2.3013, 6.44274 ], [ 2.30049, 6.4422 ], [ 2.30031, 6.44057 ], [ 2.29995, 6.44102 ], [ 2.29923, 6.44075 ], [ 2.29977, 6.44029 ], [ 2.29968, 6.43984 ], [ 2.29824, 6.4383 ], [ 2.2977, 6.43676 ], [ 2.29706, 6.4364 ], [ 2.29688, 6.43577 ], [ 2.29472, 6.43332 ], [ 2.29454, 6.43251 ], [ 2.29363, 6.43133 ], [ 2.29309, 6.42907 ], [ 2.29264, 6.42907 ], [ 2.29237, 6.43024 ], [ 2.29164, 6.43042 ], [ 2.29201, 6.42916 ], [ 2.29147, 6.42879 ], [ 2.29255, 6.42843 ], [ 2.29228, 6.42798 ], [ 2.29183, 6.42807 ], [ 2.2912, 6.42762 ], [ 2.29192, 6.42726 ], [ 2.2912, 6.4268 ], [ 2.2912, 6.42608 ], [ 2.28948, 6.42481 ], [ 2.28975, 6.42409 ], [ 2.28921, 6.42472 ], [ 2.28876, 6.42463 ], [ 2.28921, 6.42391 ], [ 2.28912, 6.42309 ], [ 2.28958, 6.42291 ], [ 2.2894, 6.42182 ], [ 2.28903, 6.42155 ], [ 2.28958, 6.42074 ], [ 2.28904, 6.41857 ], [ 2.28904, 6.41658 ], [ 2.28814, 6.4163 ], [ 2.28859, 6.41576 ], [ 2.28823, 6.4154 ], [ 2.28778, 6.41549 ], [ 2.28787, 6.41486 ], [ 2.28705, 6.41431 ], [ 2.28697, 6.41341 ], [ 2.28615, 6.4125 ], [ 2.28606, 6.41187 ], [ 2.28552, 6.41151 ], [ 2.28543, 6.41205 ], [ 2.28507, 6.41205 ], [ 2.28498, 6.41051 ], [ 2.28435, 6.41015 ], [ 2.28399, 6.40924 ], [ 2.28344, 6.40924 ], [ 2.28317, 6.40861 ], [ 2.28272, 6.40861 ], [ 2.28182, 6.40752 ], [ 2.28137, 6.40752 ], [ 2.28037, 6.40878 ], [ 2.28046, 6.40779 ], [ 2.28128, 6.40752 ], [ 2.28146, 6.40625 ], [ 2.28119, 6.40589 ], [ 2.28092, 6.4067 ], [ 2.28037, 6.40661 ], [ 2.28019, 6.40607 ], [ 2.28083, 6.40589 ], [ 2.28074, 6.40526 ], [ 2.28001, 6.40562 ], [ 2.28001, 6.40607 ], [ 2.27956, 6.40589 ], [ 2.27956, 6.40426 ], [ 2.28056, 6.40435 ], [ 2.28056, 6.40408 ], [ 2.2802, 6.40354 ], [ 2.27956, 6.40354 ], [ 2.27947, 6.40263 ], [ 2.27875, 6.40254 ], [ 2.2792, 6.40155 ], [ 2.27848, 6.40173 ], [ 2.27866, 6.40118 ], [ 2.27785, 6.40019 ], [ 2.27785, 6.39992 ], [ 2.27921, 6.39937 ], [ 2.2803, 6.39784 ], [ 2.27957, 6.39666 ], [ 2.27876, 6.39648 ], [ 2.27885, 6.39612 ], [ 2.27975, 6.39648 ], [ 2.28039, 6.39576 ], [ 2.27949, 6.39476 ], [ 2.27912, 6.39512 ], [ 2.27867, 6.39494 ], [ 2.27894, 6.39395 ], [ 2.2784, 6.39385 ], [ 2.27804, 6.39422 ], [ 2.27786, 6.39376 ], [ 2.27822, 6.39331 ], [ 2.27732, 6.39241 ], [ 2.27723, 6.39286 ], [ 2.27668, 6.39304 ], [ 2.27686, 6.39349 ], [ 2.27777, 6.39358 ], [ 2.27723, 6.39421 ], [ 2.27623, 6.39394 ], [ 2.27614, 6.39448 ], [ 2.27569, 6.39457 ], [ 2.27478, 6.39394 ], [ 2.27424, 6.39439 ], [ 2.27442, 6.39493 ], [ 2.27587, 6.39512 ], [ 2.27523, 6.39638 ], [ 2.27596, 6.39657 ], [ 2.27586, 6.39738 ], [ 2.27505, 6.39702 ], [ 2.27469, 6.39774 ], [ 2.27424, 6.39783 ], [ 2.27478, 6.39873 ], [ 2.27432, 6.40009 ], [ 2.27468, 6.40073 ], [ 2.27423, 6.401 ], [ 2.27459, 6.40199 ], [ 2.27333, 6.40244 ], [ 2.27197, 6.40416 ], [ 2.27052, 6.40452 ], [ 2.27061, 6.40506 ], [ 2.26997, 6.40597 ], [ 2.27024, 6.40642 ], [ 2.26988, 6.40624 ], [ 2.26943, 6.40687 ], [ 2.26925, 6.40786 ], [ 2.26988, 6.40741 ], [ 2.26997, 6.40777 ], [ 2.26907, 6.40859 ], [ 2.26934, 6.40913 ], [ 2.26906, 6.41085 ], [ 2.26961, 6.41067 ], [ 2.26951, 6.41121 ], [ 2.27015, 6.41185 ], [ 2.26978, 6.41203 ], [ 2.26915, 6.41103 ], [ 2.26924, 6.41221 ], [ 2.26897, 6.41248 ], [ 2.27014, 6.41338 ], [ 2.26969, 6.41356 ], [ 2.26879, 6.41302 ], [ 2.26761, 6.41646 ], [ 2.26679, 6.41709 ], [ 2.26661, 6.41799 ], [ 2.26616, 6.41817 ], [ 2.26661, 6.41926 ], [ 2.26543, 6.4198 ], [ 2.26561, 6.42052 ], [ 2.26498, 6.42098 ], [ 2.26561, 6.4208 ], [ 2.26606, 6.42116 ], [ 2.26652, 6.4208 ], [ 2.26706, 6.4217 ], [ 2.26615, 6.42143 ], [ 2.26579, 6.42188 ], [ 2.26615, 6.42243 ], [ 2.26615, 6.42396 ], [ 2.26515, 6.42469 ], [ 2.26488, 6.42532 ], [ 2.26443, 6.42514 ], [ 2.26389, 6.4255 ], [ 2.26398, 6.4264 ], [ 2.26334, 6.42694 ], [ 2.26334, 6.4274 ], [ 2.26352, 6.42731 ], [ 2.26379, 6.4274 ], [ 2.26325, 6.42803 ], [ 2.26551, 6.42921 ], [ 2.26515, 6.43039 ], [ 2.26623, 6.42939 ], [ 2.26614, 6.42894 ], [ 2.26678, 6.4284 ], [ 2.26669, 6.42776 ], [ 2.26741, 6.42749 ], [ 2.26777, 6.42677 ], [ 2.26787, 6.42505 ], [ 2.26868, 6.42297 ], [ 2.26832, 6.4218 ], [ 2.26914, 6.42008 ], [ 2.26932, 6.42026 ], [ 2.26923, 6.41935 ], [ 2.2705, 6.41818 ], [ 2.27104, 6.41836 ], [ 2.27149, 6.41791 ], [ 2.27141, 6.41682 ], [ 2.27195, 6.4161 ], [ 2.27168, 6.41538 ], [ 2.27195, 6.4152 ], [ 2.2724, 6.41592 ], [ 2.27267, 6.41538 ], [ 2.2724, 6.41502 ], [ 2.27304, 6.41465 ], [ 2.27259, 6.41375 ], [ 2.27313, 6.41303 ], [ 2.27295, 6.41221 ], [ 2.27367, 6.41176 ], [ 2.27331, 6.41122 ], [ 2.27359, 6.40986 ], [ 2.27549, 6.40977 ], [ 2.27567, 6.40887 ], [ 2.27458, 6.4086 ], [ 2.27549, 6.40796 ], [ 2.27585, 6.40724 ], [ 2.27694, 6.40769 ], [ 2.27703, 6.40724 ], [ 2.27784, 6.4067 ], [ 2.2782, 6.40552 ], [ 2.27884, 6.40688 ], [ 2.27965, 6.40625 ], [ 2.27965, 6.40734 ], [ 2.27874, 6.40761 ], [ 2.27901, 6.4086 ], [ 2.27757, 6.40833 ], [ 2.27757, 6.40905 ], [ 2.27711, 6.40923 ], [ 2.27666, 6.41032 ], [ 2.27684, 6.41095 ], [ 2.27829, 6.4115 ], [ 2.27965, 6.40969 ], [ 2.28028, 6.40951 ], [ 2.28145, 6.41069 ], [ 2.28154, 6.4115 ], [ 2.28254, 6.4125 ], [ 2.28181, 6.41286 ], [ 2.28199, 6.41394 ], [ 2.28172, 6.41412 ], [ 2.28217, 6.41548 ], [ 2.28262, 6.41566 ], [ 2.28235, 6.41639 ], [ 2.28325, 6.41648 ], [ 2.28343, 6.41693 ], [ 2.28434, 6.41666 ], [ 2.28551, 6.41702 ], [ 2.28551, 6.41757 ], [ 2.28651, 6.41739 ], [ 2.28705, 6.41784 ], [ 2.28705, 6.41811 ], [ 2.28669, 6.41802 ], [ 2.28687, 6.41847 ], [ 2.28732, 6.41847 ], [ 2.28768, 6.41793 ], [ 2.28832, 6.4182 ], [ 2.28804, 6.41902 ], [ 2.28849, 6.42056 ], [ 2.28777, 6.42101 ], [ 2.28813, 6.42173 ], [ 2.28714, 6.4211 ], [ 2.28704, 6.42209 ], [ 2.28569, 6.42309 ], [ 2.28605, 6.42426 ], [ 2.28532, 6.42354 ], [ 2.28469, 6.42363 ], [ 2.28478, 6.42299 ], [ 2.28442, 6.42327 ], [ 2.28442, 6.42408 ], [ 2.28496, 6.4239 ], [ 2.28523, 6.42426 ], [ 2.28496, 6.42508 ], [ 2.28559, 6.42517 ], [ 2.28559, 6.42571 ], [ 2.28505, 6.42598 ], [ 2.28514, 6.42661 ], [ 2.2855, 6.4267 ], [ 2.2855, 6.42625 ], [ 2.28613, 6.42607 ], [ 2.28677, 6.42707 ], [ 2.28758, 6.42725 ], [ 2.28622, 6.42833 ], [ 2.28649, 6.4296 ], [ 2.28694, 6.42969 ], [ 2.28721, 6.43024 ], [ 2.28776, 6.43015 ], [ 2.28785, 6.42951 ], [ 2.28966, 6.42979 ], [ 2.28929, 6.43042 ], [ 2.28956, 6.43087 ], [ 2.2883, 6.43096 ], [ 2.28794, 6.43159 ], [ 2.2892, 6.43277 ], [ 2.2901, 6.43241 ], [ 2.2901, 6.43295 ], [ 2.29128, 6.4335 ], [ 2.29101, 6.43422 ], [ 2.29128, 6.43495 ], [ 2.29082, 6.43576 ], [ 2.292, 6.43676 ], [ 2.29209, 6.4373 ], [ 2.29389, 6.43848 ], [ 2.29426, 6.43929 ], [ 2.29534, 6.44002 ], [ 2.29561, 6.43984 ], [ 2.29552, 6.43857 ], [ 2.29688, 6.43884 ], [ 2.29697, 6.43921 ], [ 2.29652, 6.43957 ], [ 2.2967, 6.44038 ], [ 2.29606, 6.44083 ], [ 2.29687, 6.4421 ], [ 2.29669, 6.44246 ], [ 2.29796, 6.44418 ], [ 2.2985, 6.44418 ], [ 2.29823, 6.44473 ], [ 2.29904, 6.44599 ], [ 2.29958, 6.4459 ], [ 2.29985, 6.44627 ], [ 2.29994, 6.44654 ], [ 2.29949, 6.44672 ], [ 2.29985, 6.44771 ], [ 2.30066, 6.44817 ], [ 2.30057, 6.44889 ], [ 2.30102, 6.44925 ], [ 2.3012, 6.4507 ], [ 2.30238, 6.45115 ], [ 2.30193, 6.45152 ], [ 2.3022, 6.45224 ], [ 2.30292, 6.45251 ], [ 2.30346, 6.4536 ], [ 2.30391, 6.45324 ], [ 2.30364, 6.45378 ], [ 2.30409, 6.45405 ], [ 2.304, 6.45459 ], [ 2.3049, 6.45586 ], [ 2.30517, 6.45849 ], [ 2.30625, 6.46129 ], [ 2.30671, 6.46175 ] ], [ [ 2.29426, 6.43812 ], [ 2.2939, 6.43585 ], [ 2.2929, 6.43522 ], [ 2.29327, 6.43395 ], [ 2.29426, 6.43414 ], [ 2.2948, 6.43495 ], [ 2.29516, 6.43667 ], [ 2.2948, 6.43803 ], [ 2.29426, 6.43812 ] ], [ [ 2.28776, 6.42427 ], [ 2.28813, 6.42327 ], [ 2.28786, 6.42318 ], [ 2.2874, 6.4239 ], [ 2.28704, 6.42363 ], [ 2.28713, 6.42282 ], [ 2.28831, 6.42291 ], [ 2.2884, 6.42228 ], [ 2.28876, 6.42228 ], [ 2.28822, 6.42408 ], [ 2.2884, 6.42454 ], [ 2.28776, 6.42427 ] ], [ [ 2.27731, 6.40091 ], [ 2.27677, 6.4 ], [ 2.27622, 6.40009 ], [ 2.27595, 6.40046 ], [ 2.2764, 6.40064 ], [ 2.2764, 6.401 ], [ 2.27595, 6.401 ], [ 2.27568, 6.39955 ], [ 2.27776, 6.4001 ], [ 2.27767, 6.40109 ], [ 2.27694, 6.40136 ], [ 2.27694, 6.40091 ], [ 2.27731, 6.40091 ] ] ], [ [ [ 2.21787, 6.47627 ], [ 2.21913, 6.47546 ], [ 2.21923, 6.47446 ], [ 2.22077, 6.47284 ], [ 2.22059, 6.47239 ], [ 2.2214, 6.4723 ], [ 2.22131, 6.47166 ], [ 2.22185, 6.47085 ], [ 2.22131, 6.47085 ], [ 2.22104, 6.47022 ], [ 2.22222, 6.46922 ], [ 2.22213, 6.46859 ], [ 2.22285, 6.46832 ], [ 2.22295, 6.46705 ], [ 2.22349, 6.46678 ], [ 2.22358, 6.46524 ], [ 2.22295, 6.46542 ], [ 2.22295, 6.46515 ], [ 2.22367, 6.46362 ], [ 2.2234, 6.46289 ], [ 2.22386, 6.46289 ], [ 2.22395, 6.46235 ], [ 2.22295, 6.46126 ], [ 2.22359, 6.46117 ], [ 2.22332, 6.46054 ], [ 2.22431, 6.46027 ], [ 2.22413, 6.45982 ], [ 2.22459, 6.45937 ], [ 2.22423, 6.45765 ], [ 2.22468, 6.45737 ], [ 2.22486, 6.45647 ], [ 2.22477, 6.45403 ], [ 2.2245, 6.45385 ], [ 2.22487, 6.45276 ], [ 2.22451, 6.45213 ], [ 2.22496, 6.4514 ], [ 2.22523, 6.45014 ], [ 2.22505, 6.45059 ], [ 2.2246, 6.45059 ], [ 2.2246, 6.44914 ], [ 2.22415, 6.44778 ], [ 2.22524, 6.44733 ], [ 2.22551, 6.44842 ], [ 2.22578, 6.44779 ], [ 2.2256, 6.44679 ], [ 2.2246, 6.44715 ], [ 2.22461, 6.4457 ], [ 2.22515, 6.44552 ], [ 2.22479, 6.44489 ], [ 2.22515, 6.44408 ], [ 2.22515, 6.44191 ], [ 2.22488, 6.44127 ], [ 2.22407, 6.44082 ], [ 2.22416, 6.44 ], [ 2.2238, 6.43946 ], [ 2.22389, 6.4391 ], [ 2.22462, 6.43892 ], [ 2.22444, 6.4372 ], [ 2.22489, 6.43693 ], [ 2.22444, 6.43611 ], [ 2.22462, 6.43385 ], [ 2.22417, 6.43367 ], [ 2.22463, 6.43295 ], [ 2.2239, 6.43268 ], [ 2.2239, 6.43177 ], [ 2.22445, 6.4315 ], [ 2.22454, 6.43105 ], [ 2.22382, 6.42888 ], [ 2.22274, 6.42716 ], [ 2.22192, 6.42643 ], [ 2.22138, 6.42661 ], [ 2.22075, 6.42625 ], [ 2.22102, 6.42598 ], [ 2.22138, 6.42634 ], [ 2.22147, 6.42571 ], [ 2.22066, 6.42308 ], [ 2.21849, 6.42181 ], [ 2.21768, 6.42054 ], [ 2.21624, 6.41973 ], [ 2.21317, 6.41665 ], [ 2.21317, 6.4161 ], [ 2.21371, 6.41556 ], [ 2.21326, 6.41484 ], [ 2.21335, 6.41203 ], [ 2.21272, 6.41086 ], [ 2.21309, 6.40887 ], [ 2.21463, 6.40742 ], [ 2.21517, 6.40751 ], [ 2.21589, 6.40634 ], [ 2.21653, 6.40652 ], [ 2.21644, 6.40607 ], [ 2.21752, 6.40553 ], [ 2.21816, 6.40471 ], [ 2.21753, 6.40408 ], [ 2.2159, 6.40399 ], [ 2.21527, 6.40335 ], [ 2.215, 6.40181 ], [ 2.21427, 6.4019 ], [ 2.21274, 6.40118 ], [ 2.21102, 6.40325 ], [ 2.21156, 6.4038 ], [ 2.2111, 6.40425 ], [ 2.21083, 6.40642 ], [ 2.21137, 6.40669 ], [ 2.21056, 6.40705 ], [ 2.20965, 6.40624 ], [ 2.20963, 6.42008 ], [ 2.2109, 6.42126 ], [ 2.21189, 6.42153 ], [ 2.21198, 6.4237 ], [ 2.21261, 6.42388 ], [ 2.21243, 6.42425 ], [ 2.21577, 6.42669 ], [ 2.21713, 6.42887 ], [ 2.21857, 6.43014 ], [ 2.21938, 6.43176 ], [ 2.21938, 6.43294 ], [ 2.22019, 6.43557 ], [ 2.22191, 6.43765 ], [ 2.22272, 6.44 ], [ 2.22434, 6.44127 ], [ 2.22434, 6.44209 ], [ 2.2238, 6.44272 ], [ 2.22307, 6.44272 ], [ 2.22298, 6.44371 ], [ 2.22271, 6.4438 ], [ 2.22197, 6.45267 ], [ 2.22161, 6.45276 ], [ 2.22161, 6.45402 ], [ 2.22134, 6.45411 ], [ 2.22106, 6.45628 ], [ 2.22079, 6.45637 ], [ 2.22106, 6.45656 ], [ 2.22106, 6.45864 ], [ 2.22133, 6.459 ], [ 2.22087, 6.46732 ], [ 2.2205, 6.46741 ], [ 2.22023, 6.46913 ], [ 2.21987, 6.46922 ], [ 2.21969, 6.47021 ], [ 2.21905, 6.47094 ], [ 2.21778, 6.47437 ], [ 2.21715, 6.475 ], [ 2.21724, 6.47537 ], [ 2.21769, 6.47537 ], [ 2.21751, 6.476 ], [ 2.21787, 6.47627 ] ] ], [ [ [ 2.25354, 6.45371 ], [ 2.25354, 6.45308 ], [ 2.25408, 6.45271 ], [ 2.25426, 6.4519 ], [ 2.25589, 6.45046 ], [ 2.25617, 6.44928 ], [ 2.2558, 6.44892 ], [ 2.25508, 6.44901 ], [ 2.25499, 6.44864 ], [ 2.25553, 6.44837 ], [ 2.25617, 6.44874 ], [ 2.25716, 6.44856 ], [ 2.25789, 6.44684 ], [ 2.25852, 6.44657 ], [ 2.26015, 6.44377 ], [ 2.25997, 6.44331 ], [ 2.26115, 6.44205 ], [ 2.26133, 6.44051 ], [ 2.26224, 6.43879 ], [ 2.26233, 6.43708 ], [ 2.26333, 6.43427 ], [ 2.26415, 6.4331 ], [ 2.26487, 6.43111 ], [ 2.26488, 6.42984 ], [ 2.26515, 6.42975 ], [ 2.26343, 6.42857 ], [ 2.26207, 6.42866 ], [ 2.26117, 6.43074 ], [ 2.26135, 6.4311 ], [ 2.26216, 6.43119 ], [ 2.26189, 6.4321 ], [ 2.26243, 6.43282 ], [ 2.26134, 6.43246 ], [ 2.26126, 6.43156 ], [ 2.26044, 6.43155 ], [ 2.26035, 6.43264 ], [ 2.2599, 6.43318 ], [ 2.25971, 6.43626 ], [ 2.25917, 6.43707 ], [ 2.25917, 6.43861 ], [ 2.2588, 6.43897 ], [ 2.25844, 6.44096 ], [ 2.2578, 6.44168 ], [ 2.25708, 6.44385 ], [ 2.25672, 6.44394 ], [ 2.25671, 6.44476 ], [ 2.25608, 6.44512 ], [ 2.25599, 6.4462 ], [ 2.25554, 6.44638 ], [ 2.25581, 6.44711 ], [ 2.25535, 6.44747 ], [ 2.25562, 6.44801 ], [ 2.25481, 6.44756 ], [ 2.25499, 6.44846 ], [ 2.25354, 6.45036 ], [ 2.2529, 6.45389 ], [ 2.25354, 6.45371 ] ] ], [ [ [ 2.25379, 6.46438 ], [ 2.25362, 6.46131 ], [ 2.25334, 6.46086 ], [ 2.2528, 6.46085 ], [ 2.2528, 6.46275 ], [ 2.25334, 6.46366 ], [ 2.25307, 6.46411 ], [ 2.25334, 6.46438 ], [ 2.25379, 6.46438 ] ] ], [ [ [ 2.21315, 6.48821 ], [ 2.2145, 6.48712 ], [ 2.2146, 6.48568 ], [ 2.21378, 6.48622 ], [ 2.21396, 6.48712 ], [ 2.21333, 6.48694 ], [ 2.21369, 6.48658 ], [ 2.21315, 6.48604 ], [ 2.2127, 6.48613 ], [ 2.21251, 6.48676 ], [ 2.21333, 6.48721 ], [ 2.21315, 6.48821 ] ] ], [ [ [ 2.26331, 6.50837 ], [ 2.26431, 6.50828 ], [ 2.26377, 6.50755 ], [ 2.26395, 6.50737 ], [ 2.26512, 6.50774 ], [ 2.26558, 6.50837 ], [ 2.26612, 6.50783 ], [ 2.26594, 6.5071 ], [ 2.26495, 6.50602 ], [ 2.26287, 6.50601 ], [ 2.26287, 6.50656 ], [ 2.26377, 6.50737 ], [ 2.26305, 6.50719 ], [ 2.26214, 6.50619 ], [ 2.26178, 6.50637 ], [ 2.26214, 6.50746 ], [ 2.26323, 6.50764 ], [ 2.26331, 6.50837 ] ] ], [ [ [ 2.33055, 6.34788 ], [ 2.33037, 6.34661 ], [ 2.32802, 6.34633 ], [ 2.30542, 6.34441 ], [ 2.30515, 6.34413 ], [ 2.30261, 6.34413 ], [ 2.29846, 6.34349 ], [ 2.2924, 6.34339 ], [ 2.29249, 6.34475 ], [ 2.29438, 6.34511 ], [ 2.30053, 6.34539 ], [ 2.31075, 6.34658 ], [ 2.32169, 6.34669 ], [ 2.3273, 6.34769 ], [ 2.33055, 6.34788 ] ] ], [ [ [ 2.31182, 6.35455 ], [ 2.3121, 6.35355 ], [ 2.31155, 6.35319 ], [ 2.30966, 6.3531 ], [ 2.30938, 6.35337 ], [ 2.31029, 6.35436 ], [ 2.3111, 6.35464 ], [ 2.31182, 6.35455 ] ] ], [ [ [ 2.31508, 6.35645 ], [ 2.31788, 6.35591 ], [ 2.31788, 6.35555 ], [ 2.31589, 6.35528 ], [ 2.3149, 6.356 ], [ 2.31508, 6.35645 ] ] ], [ [ [ 2.3128, 6.37065 ], [ 2.31271, 6.36966 ], [ 2.31171, 6.36902 ], [ 2.31126, 6.36766 ], [ 2.3119, 6.36721 ], [ 2.31425, 6.3674 ], [ 2.31578, 6.36794 ], [ 2.31687, 6.36731 ], [ 2.31759, 6.36749 ], [ 2.31814, 6.36677 ], [ 2.31796, 6.3646 ], [ 2.3176, 6.36396 ], [ 2.31688, 6.36396 ], [ 2.31697, 6.36324 ], [ 2.31633, 6.36233 ], [ 2.31525, 6.3626 ], [ 2.31471, 6.36197 ], [ 2.31407, 6.36206 ], [ 2.31362, 6.3626 ], [ 2.31281, 6.3626 ], [ 2.31209, 6.36206 ], [ 2.30991, 6.36205 ], [ 2.30983, 6.36006 ], [ 2.30919, 6.35952 ], [ 2.30901, 6.36051 ], [ 2.30793, 6.36087 ], [ 2.3082, 6.36178 ], [ 2.30793, 6.36223 ], [ 2.30702, 6.36241 ], [ 2.30585, 6.36205 ], [ 2.30548, 6.36232 ], [ 2.30503, 6.3634 ], [ 2.30539, 6.36558 ], [ 2.30602, 6.36603 ], [ 2.3062, 6.36666 ], [ 2.30593, 6.36711 ], [ 2.30701, 6.36748 ], [ 2.30819, 6.36947 ], [ 2.309, 6.36965 ], [ 2.30999, 6.37056 ], [ 2.3128, 6.37065 ] ] ], [ [ [ 2.32329, 6.36967 ], [ 2.33206, 6.36851 ], [ 2.33369, 6.36787 ], [ 2.33568, 6.36788 ], [ 2.3364, 6.3677 ], [ 2.33677, 6.36706 ], [ 2.33559, 6.36679 ], [ 2.33532, 6.36589 ], [ 2.33559, 6.36417 ], [ 2.33433, 6.36326 ], [ 2.33306, 6.36371 ], [ 2.33125, 6.36308 ], [ 2.32854, 6.36334 ], [ 2.328, 6.36271 ], [ 2.32691, 6.36325 ], [ 2.32565, 6.36325 ], [ 2.3252, 6.36262 ], [ 2.32465, 6.36298 ], [ 2.32402, 6.36243 ], [ 2.32375, 6.36261 ], [ 2.32393, 6.36298 ], [ 2.32113, 6.36288 ], [ 2.32094, 6.3637 ], [ 2.3204, 6.36406 ], [ 2.32076, 6.36505 ], [ 2.32022, 6.36795 ], [ 2.32148, 6.36849 ], [ 2.32211, 6.36804 ], [ 2.32275, 6.36813 ], [ 2.32329, 6.36967 ] ] ], [ [ [ 2.33094, 6.39872 ], [ 2.3313, 6.39791 ], [ 2.33085, 6.39736 ], [ 2.33103, 6.39673 ], [ 2.33049, 6.39646 ], [ 2.32994, 6.39673 ], [ 2.32995, 6.39601 ], [ 2.3285, 6.39591 ], [ 2.32814, 6.39646 ], [ 2.32768, 6.39609 ], [ 2.32606, 6.39627 ], [ 2.32615, 6.3969 ], [ 2.32551, 6.39745 ], [ 2.32569, 6.39781 ], [ 2.32624, 6.39772 ], [ 2.32633, 6.39835 ], [ 2.3266, 6.39835 ], [ 2.32696, 6.39763 ], [ 2.32633, 6.39709 ], [ 2.32687, 6.39663 ], [ 2.32823, 6.39718 ], [ 2.32831, 6.39863 ], [ 2.33094, 6.39872 ] ] ], [ [ [ 2.31864, 6.39952 ], [ 2.32479, 6.39871 ], [ 2.32488, 6.39826 ], [ 2.32289, 6.39781 ], [ 2.3228, 6.39744 ], [ 2.32388, 6.39763 ], [ 2.32407, 6.39708 ], [ 2.32488, 6.39708 ], [ 2.32488, 6.39663 ], [ 2.32343, 6.39636 ], [ 2.32235, 6.39744 ], [ 2.32181, 6.39726 ], [ 2.32235, 6.39672 ], [ 2.32126, 6.39672 ], [ 2.32063, 6.39735 ], [ 2.32099, 6.3978 ], [ 2.32063, 6.39844 ], [ 2.32036, 6.39798 ], [ 2.31954, 6.39816 ], [ 2.31864, 6.39916 ], [ 2.31864, 6.39952 ] ] ], [ [ [ 2.31556, 6.39951 ], [ 2.31592, 6.39897 ], [ 2.31674, 6.39897 ], [ 2.31683, 6.39816 ], [ 2.31737, 6.39825 ], [ 2.31737, 6.39744 ], [ 2.31647, 6.3978 ], [ 2.31566, 6.39752 ], [ 2.31502, 6.39816 ], [ 2.31457, 6.39816 ], [ 2.31439, 6.39888 ], [ 2.31556, 6.39951 ] ] ], [ [ [ 2.33618, 6.39972 ], [ 2.33609, 6.39927 ], [ 2.33555, 6.39918 ], [ 2.33546, 6.39855 ], [ 2.33492, 6.39854 ], [ 2.33483, 6.39791 ], [ 2.33347, 6.399 ], [ 2.33618, 6.39972 ] ] ], [ [ [ 2.34963, 6.41946 ], [ 2.34927, 6.41611 ], [ 2.34846, 6.41521 ], [ 2.34837, 6.41385 ], [ 2.34801, 6.41367 ], [ 2.34792, 6.41521 ], [ 2.34891, 6.41693 ], [ 2.34864, 6.41783 ], [ 2.34918, 6.4181 ], [ 2.34891, 6.41838 ], [ 2.34927, 6.41892 ], [ 2.349, 6.41973 ], [ 2.34963, 6.41946 ] ] ], [ [ [ 2.369, 6.4763 ], [ 2.36964, 6.47513 ], [ 2.37009, 6.47513 ], [ 2.37009, 6.47458 ], [ 2.37073, 6.47431 ], [ 2.37181, 6.4754 ], [ 2.37271, 6.47513 ], [ 2.37226, 6.47576 ], [ 2.37326, 6.47604 ], [ 2.37335, 6.47522 ], [ 2.37389, 6.47477 ], [ 2.37317, 6.47386 ], [ 2.37235, 6.47368 ], [ 2.37245, 6.47296 ], [ 2.37281, 6.47332 ], [ 2.37362, 6.47314 ], [ 2.37335, 6.47395 ], [ 2.3738, 6.47432 ], [ 2.37561, 6.47414 ], [ 2.37561, 6.47468 ], [ 2.37443, 6.47495 ], [ 2.37489, 6.47531 ], [ 2.37588, 6.47486 ], [ 2.37615, 6.47441 ], [ 2.37597, 6.47387 ], [ 2.37751, 6.47414 ], [ 2.37715, 6.47351 ], [ 2.37778, 6.47387 ], [ 2.37923, 6.47378 ], [ 2.37841, 6.47351 ], [ 2.37814, 6.47287 ], [ 2.37724, 6.47296 ], [ 2.37796, 6.47197 ], [ 2.37706, 6.47152 ], [ 2.37679, 6.47097 ], [ 2.37616, 6.47088 ], [ 2.37498, 6.4697 ], [ 2.37553, 6.46961 ], [ 2.37525, 6.46925 ], [ 2.37544, 6.4688 ], [ 2.37607, 6.46971 ], [ 2.37661, 6.46971 ], [ 2.37643, 6.46835 ], [ 2.37535, 6.46645 ], [ 2.37499, 6.46636 ], [ 2.37454, 6.46482 ], [ 2.3739, 6.46428 ], [ 2.37336, 6.46274 ], [ 2.37282, 6.46237 ], [ 2.37201, 6.46029 ], [ 2.37165, 6.4602 ], [ 2.3712, 6.45839 ], [ 2.36975, 6.45604 ], [ 2.36957, 6.45486 ], [ 2.36894, 6.45359 ], [ 2.36858, 6.4535 ], [ 2.36813, 6.45196 ], [ 2.36777, 6.45187 ], [ 2.36777, 6.45106 ], [ 2.36732, 6.45006 ], [ 2.36696, 6.44997 ], [ 2.36615, 6.44744 ], [ 2.36479, 6.44472 ], [ 2.36443, 6.44463 ], [ 2.36425, 6.44336 ], [ 2.36362, 6.44273 ], [ 2.36344, 6.44164 ], [ 2.36308, 6.44155 ], [ 2.36308, 6.44074 ], [ 2.36227, 6.43965 ], [ 2.36227, 6.43884 ], [ 2.36173, 6.4382 ], [ 2.36173, 6.43748 ], [ 2.36137, 6.43739 ], [ 2.36092, 6.43558 ], [ 2.36055, 6.43549 ], [ 2.36055, 6.43495 ], [ 2.36001, 6.43431 ], [ 2.35983, 6.43305 ], [ 2.3592, 6.43241 ], [ 2.35866, 6.43024 ], [ 2.35812, 6.42915 ], [ 2.35776, 6.42906 ], [ 2.35758, 6.4278 ], [ 2.35614, 6.42517 ], [ 2.35614, 6.42381 ], [ 2.35587, 6.42372 ], [ 2.35533, 6.41992 ], [ 2.35506, 6.41983 ], [ 2.35452, 6.41612 ], [ 2.35425, 6.41603 ], [ 2.35416, 6.41386 ], [ 2.35389, 6.41377 ], [ 2.35363, 6.4021 ], [ 2.35345, 6.40065 ], [ 2.35318, 6.40065 ], [ 2.35182, 6.40173 ], [ 2.35228, 6.40191 ], [ 2.35318, 6.40155 ], [ 2.35273, 6.40255 ], [ 2.35056, 6.40273 ], [ 2.34893, 6.40218 ], [ 2.34848, 6.40263 ], [ 2.34911, 6.40309 ], [ 2.34848, 6.40327 ], [ 2.34884, 6.40508 ], [ 2.34838, 6.40553 ], [ 2.34883, 6.40553 ], [ 2.34865, 6.40607 ], [ 2.34947, 6.40689 ], [ 2.34928, 6.40725 ], [ 2.34874, 6.40716 ], [ 2.34874, 6.40761 ], [ 2.34965, 6.40797 ], [ 2.34946, 6.40915 ], [ 2.34892, 6.40978 ], [ 2.34919, 6.4124 ], [ 2.34874, 6.4124 ], [ 2.34855, 6.41295 ], [ 2.34928, 6.41286 ], [ 2.34928, 6.41394 ], [ 2.35, 6.41467 ], [ 2.34982, 6.41621 ], [ 2.35054, 6.41865 ], [ 2.35026, 6.42145 ], [ 2.35089, 6.422 ], [ 2.35116, 6.42308 ], [ 2.35125, 6.42562 ], [ 2.35251, 6.42725 ], [ 2.35251, 6.42887 ], [ 2.35206, 6.42969 ], [ 2.35278, 6.43014 ], [ 2.3526, 6.43105 ], [ 2.35305, 6.43114 ], [ 2.35269, 6.43168 ], [ 2.35314, 6.43258 ], [ 2.35396, 6.4325 ], [ 2.35432, 6.43286 ], [ 2.35441, 6.43385 ], [ 2.3535, 6.43467 ], [ 2.35386, 6.43485 ], [ 2.35441, 6.43449 ], [ 2.35458, 6.4353 ], [ 2.35531, 6.43612 ], [ 2.35557, 6.4401 ], [ 2.35603, 6.44082 ], [ 2.3572, 6.44019 ], [ 2.35756, 6.44091 ], [ 2.35901, 6.44155 ], [ 2.35892, 6.44263 ], [ 2.35828, 6.44272 ], [ 2.35846, 6.44336 ], [ 2.35883, 6.44345 ], [ 2.3591, 6.443 ], [ 2.35982, 6.44309 ], [ 2.35982, 6.44417 ], [ 2.36054, 6.44481 ], [ 2.36118, 6.44472 ], [ 2.36127, 6.44526 ], [ 2.3619, 6.44553 ], [ 2.36199, 6.44653 ], [ 2.36144, 6.44662 ], [ 2.3619, 6.44725 ], [ 2.36126, 6.4477 ], [ 2.36199, 6.4477 ], [ 2.36189, 6.44816 ], [ 2.36262, 6.44816 ], [ 2.36189, 6.44897 ], [ 2.36189, 6.4496 ], [ 2.36262, 6.44942 ], [ 2.36253, 6.44988 ], [ 2.36325, 6.45006 ], [ 2.36316, 6.44942 ], [ 2.36452, 6.44943 ], [ 2.36452, 6.4497 ], [ 2.36379, 6.4497 ], [ 2.36379, 6.45042 ], [ 2.36424, 6.45087 ], [ 2.3637, 6.45105 ], [ 2.3637, 6.45151 ], [ 2.36433, 6.45232 ], [ 2.36397, 6.45313 ], [ 2.3646, 6.4544 ], [ 2.3637, 6.45458 ], [ 2.36379, 6.45395 ], [ 2.36343, 6.45377 ], [ 2.36306, 6.45449 ], [ 2.36351, 6.45467 ], [ 2.36333, 6.45531 ], [ 2.36406, 6.45585 ], [ 2.36441, 6.45793 ], [ 2.36487, 6.4582 ], [ 2.36532, 6.45992 ], [ 2.36586, 6.46047 ], [ 2.36559, 6.46191 ], [ 2.36622, 6.46408 ], [ 2.36567, 6.46399 ], [ 2.3654, 6.463 ], [ 2.36441, 6.463 ], [ 2.3645, 6.46218 ], [ 2.36513, 6.46236 ], [ 2.36513, 6.46146 ], [ 2.36459, 6.46119 ], [ 2.36441, 6.46164 ], [ 2.36396, 6.46155 ], [ 2.36377, 6.46444 ], [ 2.36441, 6.46499 ], [ 2.36296, 6.46535 ], [ 2.36314, 6.46625 ], [ 2.36278, 6.46679 ], [ 2.36341, 6.46716 ], [ 2.36377, 6.46806 ], [ 2.36304, 6.4696 ], [ 2.36331, 6.46978 ], [ 2.36395, 6.46942 ], [ 2.36422, 6.47069 ], [ 2.36386, 6.47123 ], [ 2.36413, 6.47141 ], [ 2.36512, 6.47087 ], [ 2.36603, 6.47087 ], [ 2.36603, 6.47123 ], [ 2.36485, 6.47132 ], [ 2.36548, 6.47259 ], [ 2.36539, 6.47322 ], [ 2.36611, 6.47331 ], [ 2.3672, 6.47259 ], [ 2.36693, 6.47322 ], [ 2.3672, 6.47377 ], [ 2.36765, 6.47331 ], [ 2.36765, 6.47232 ], [ 2.36702, 6.4696 ], [ 2.3672, 6.46933 ], [ 2.36775, 6.46951 ], [ 2.36784, 6.47087 ], [ 2.36847, 6.47142 ], [ 2.36783, 6.47187 ], [ 2.36855, 6.47531 ], [ 2.36892, 6.47549 ], [ 2.36864, 6.47612 ], [ 2.369, 6.4763 ] ], [ [ 2.36675, 6.46843 ], [ 2.36621, 6.46707 ], [ 2.36658, 6.46608 ], [ 2.36703, 6.46626 ], [ 2.3673, 6.46752 ], [ 2.36721, 6.4687 ], [ 2.36675, 6.46843 ] ] ], [ [ [ 2.30923, 6.46808 ], [ 2.31059, 6.4679 ], [ 2.31068, 6.467 ], [ 2.31041, 6.46673 ], [ 2.30968, 6.46691 ], [ 2.30959, 6.46663 ], [ 2.3105, 6.46618 ], [ 2.30978, 6.46528 ], [ 2.30978, 6.46464 ], [ 2.30923, 6.46473 ], [ 2.30896, 6.46437 ], [ 2.30969, 6.46437 ], [ 2.3096, 6.46365 ], [ 2.30888, 6.46274 ], [ 2.30851, 6.46274 ], [ 2.30725, 6.46401 ], [ 2.30761, 6.46473 ], [ 2.30869, 6.4651 ], [ 2.30923, 6.46808 ] ] ], [ [ [ 2.30995, 6.47107 ], [ 2.31113, 6.4708 ], [ 2.31077, 6.46899 ], [ 2.30995, 6.46872 ], [ 2.30923, 6.46899 ], [ 2.30995, 6.47107 ] ] ], [ [ [ 2.36979, 6.64629 ], [ 2.37087, 6.64566 ], [ 2.37087, 6.64494 ], [ 2.36997, 6.64485 ], [ 2.36924, 6.6453 ], [ 2.36969, 6.64684 ], [ 2.36979, 6.64629 ] ] ], [ [ [ 2.37879, 6.68467 ], [ 2.3787, 6.68385 ], [ 2.37698, 6.68195 ], [ 2.3749, 6.68276 ], [ 2.37508, 6.6833 ], [ 2.37689, 6.68294 ], [ 2.37797, 6.68484 ], [ 2.37879, 6.68467 ] ] ], [ [ [ 2.37941, 6.47161 ], [ 2.38005, 6.47143 ], [ 2.3795, 6.4708 ], [ 2.37896, 6.4708 ], [ 2.37788, 6.46971 ], [ 2.37797, 6.47034 ], [ 2.37706, 6.47061 ], [ 2.37733, 6.47125 ], [ 2.37851, 6.47143 ], [ 2.3786, 6.47215 ], [ 2.37932, 6.47215 ], [ 2.37941, 6.47161 ] ] ], [ [ [ 2.38049, 6.47822 ], [ 2.38185, 6.47786 ], [ 2.38176, 6.47731 ], [ 2.38094, 6.47731 ], [ 2.38058, 6.47686 ], [ 2.38176, 6.47668 ], [ 2.38203, 6.47623 ], [ 2.38103, 6.47595 ], [ 2.38031, 6.47622 ], [ 2.38022, 6.47686 ], [ 2.38058, 6.4774 ], [ 2.38049, 6.47822 ] ] ], [ [ [ 2.38302, 6.48129 ], [ 2.38392, 6.4803 ], [ 2.38347, 6.48012 ], [ 2.38338, 6.47921 ], [ 2.3842, 6.47949 ], [ 2.38456, 6.47885 ], [ 2.3832, 6.47813 ], [ 2.38302, 6.47849 ], [ 2.38239, 6.47858 ], [ 2.38239, 6.47903 ], [ 2.38293, 6.47912 ], [ 2.38266, 6.48048 ], [ 2.38302, 6.48129 ] ] ], [ [ [ 2.38228, 6.49052 ], [ 2.38183, 6.48953 ], [ 2.38102, 6.48916 ], [ 2.37957, 6.48753 ], [ 2.3793, 6.48844 ], [ 2.3802, 6.4898 ], [ 2.3812, 6.49052 ], [ 2.38228, 6.49052 ] ] ], [ [ [ 2.37974, 6.49748 ], [ 2.3811, 6.4974 ], [ 2.38119, 6.49676 ], [ 2.38191, 6.49703 ], [ 2.38191, 6.49676 ], [ 2.38146, 6.49667 ], [ 2.38146, 6.49613 ], [ 2.3811, 6.4964 ], [ 2.38065, 6.49559 ], [ 2.38001, 6.49694 ], [ 2.37992, 6.49667 ], [ 2.37947, 6.49676 ], [ 2.37974, 6.49748 ] ] ], [ [ [ 2.38558, 6.53395 ], [ 2.3854, 6.53277 ], [ 2.38567, 6.53232 ], [ 2.38458, 6.53205 ], [ 2.38449, 6.53241 ], [ 2.38504, 6.53296 ], [ 2.38467, 6.53314 ], [ 2.38431, 6.5325 ], [ 2.38395, 6.53313 ], [ 2.38503, 6.53422 ], [ 2.38558, 6.53395 ] ] ], [ [ [ 2.38725, 6.57304 ], [ 2.38734, 6.57141 ], [ 2.38562, 6.57141 ], [ 2.3868, 6.57295 ], [ 2.38725, 6.57304 ] ] ], [ [ [ 2.37781, 6.59347 ], [ 2.37899, 6.59338 ], [ 2.3789, 6.59248 ], [ 2.37981, 6.59175 ], [ 2.37936, 6.58967 ], [ 2.37854, 6.59157 ], [ 2.37791, 6.59184 ], [ 2.37763, 6.59257 ], [ 2.37781, 6.59347 ] ] ], [ [ [ 2.39262, 6.61982 ], [ 2.39298, 6.61918 ], [ 2.3928, 6.61755 ], [ 2.39217, 6.61773 ], [ 2.39208, 6.61683 ], [ 2.39172, 6.61674 ], [ 2.39163, 6.61764 ], [ 2.39235, 6.61882 ], [ 2.39226, 6.61972 ], [ 2.39262, 6.61982 ] ] ], [ [ [ 2.39893, 6.63529 ], [ 2.39966, 6.63421 ], [ 2.3993, 6.63258 ], [ 2.39894, 6.63258 ], [ 2.39839, 6.63339 ], [ 2.39866, 6.63475 ], [ 2.3983, 6.6352 ], [ 2.39893, 6.63529 ] ] ], [ [ [ 2.39449, 6.64786 ], [ 2.39621, 6.64723 ], [ 2.3963, 6.64678 ], [ 2.39702, 6.6466 ], [ 2.39711, 6.6456 ], [ 2.39657, 6.64434 ], [ 2.39395, 6.64506 ], [ 2.39449, 6.64786 ] ] ], [ [ [ 2.40371, 6.65158 ], [ 2.40525, 6.65104 ], [ 2.40489, 6.64996 ], [ 2.40299, 6.65068 ], [ 2.40317, 6.65131 ], [ 2.40371, 6.65158 ] ] ], [ [ [ 2.39013, 6.65754 ], [ 2.39122, 6.65618 ], [ 2.39095, 6.65501 ], [ 2.38977, 6.65537 ], [ 2.38968, 6.65681 ], [ 2.39013, 6.65754 ] ] ] ] } }
]
}
