{
"type": "FeatureCollection",
"name": "occupation_2025",
"crs": { "type": "name", "properties": { "name": "urn:ogc:def:crs:OGC:1.3:CRS84" } },
"xy_coordinate_resolution": 1e-05,
"features": [
{ "type": "Feature", "properties": { "classe": 1, "nom": "Bâti", "superficie_ha": 18853.2, "pourcentage": 38.16 }, "geometry": { "type": "MultiPolygon", "coordinates": [ [ [ [ 2.21651, 6.41457 ], [ 2.2176, 6.41448 ], [ 2.2176, 6.4134 ], [ 2.21796, 6.4134 ], [ 2.21805, 6.41286 ], [ 2.21751, 6.41304 ], [ 2.21706, 6.41231 ], [ 2.21715, 6.41177 ], [ 2.21661, 6.4124 ], [ 2.21579, 6.41213 ], [ 2.21543, 6.41303 ], [ 2.21453, 6.41339 ], [ 2.21489, 6.41366 ], [ 2.21579, 6.41339 ], [ 2.21615, 6.41421 ], [ 2.21652, 6.41412 ], [ 2.21651, 6.41457 ] ] ], [ [ [ 2.21904, 6.41657 ], [ 2.2195, 6.4162 ], [ 2.21923, 6.41557 ], [ 2.21959, 6.41521 ], [ 2.21868, 6.41539 ], [ 2.21841, 6.41494 ], [ 2.21859, 6.41467 ], [ 2.21905, 6.41467 ], [ 2.21914, 6.41503 ], [ 2.21941, 6.41485 ], [ 2.21914, 6.41439 ], [ 2.21977, 6.41394 ], [ 2.21932, 6.4134 ], [ 2.2195, 6.41277 ], [ 2.21869, 6.41304 ], [ 2.21878, 6.41358 ], [ 2.21796, 6.41439 ], [ 2.21823, 6.41494 ], [ 2.21751, 6.41548 ], [ 2.21769, 6.41674 ], [ 2.21841, 6.41711 ], [ 2.2185, 6.41666 ], [ 2.21886, 6.4172 ], [ 2.21922, 6.41711 ], [ 2.21904, 6.41657 ] ] ], [ [ [ 2.21886, 6.42127 ], [ 2.21976, 6.41937 ], [ 2.22031, 6.41937 ], [ 2.21976, 6.42 ], [ 2.22076, 6.41983 ], [ 2.22067, 6.41874 ], [ 2.22058, 6.41919 ], [ 2.21976, 6.41883 ], [ 2.21913, 6.41946 ], [ 2.2185, 6.4191 ], [ 2.21904, 6.41973 ], [ 2.21886, 6.42127 ] ] ], [ [ [ 2.22166, 6.42254 ], [ 2.22256, 6.42218 ], [ 2.22292, 6.42146 ], [ 2.22202, 6.421 ], [ 2.22121, 6.42109 ], [ 2.22112, 6.42164 ], [ 2.22021, 6.42145 ], [ 2.22166, 6.42254 ] ] ], [ [ [ 2.226, 6.42399 ], [ 2.22699, 6.42282 ], [ 2.22491, 6.42282 ], [ 2.22482, 6.42245 ], [ 2.22537, 6.42218 ], [ 2.226, 6.42264 ], [ 2.22717, 6.42246 ], [ 2.22727, 6.42155 ], [ 2.22754, 6.4221 ], [ 2.22844, 6.4221 ], [ 2.22817, 6.42156 ], [ 2.22871, 6.4211 ], [ 2.22935, 6.42156 ], [ 2.22935, 6.42083 ], [ 2.22971, 6.42092 ], [ 2.22971, 6.42065 ], [ 2.23061, 6.42084 ], [ 2.23106, 6.42138 ], [ 2.23097, 6.42065 ], [ 2.22953, 6.41993 ], [ 2.22953, 6.42065 ], [ 2.22899, 6.42011 ], [ 2.22844, 6.4202 ], [ 2.22871, 6.42083 ], [ 2.22844, 6.42101 ], [ 2.22808, 6.42065 ], [ 2.22754, 6.42074 ], [ 2.22727, 6.41993 ], [ 2.22673, 6.4202 ], [ 2.22655, 6.41965 ], [ 2.22555, 6.41983 ], [ 2.22591, 6.42019 ], [ 2.22492, 6.42046 ], [ 2.22501, 6.42074 ], [ 2.22663, 6.42056 ], [ 2.22781, 6.42092 ], [ 2.22672, 6.42164 ], [ 2.22564, 6.42128 ], [ 2.22537, 6.42191 ], [ 2.225, 6.42182 ], [ 2.22501, 6.42128 ], [ 2.22464, 6.42128 ], [ 2.22482, 6.42227 ], [ 2.22428, 6.42227 ], [ 2.22464, 6.423 ], [ 2.22446, 6.42354 ], [ 2.22509, 6.42336 ], [ 2.226, 6.42399 ] ] ], [ [ [ 2.27419, 6.42823 ], [ 2.27492, 6.42741 ], [ 2.27483, 6.42651 ], [ 2.27582, 6.42705 ], [ 2.27519, 6.42769 ], [ 2.27564, 6.42751 ], [ 2.27591, 6.42787 ], [ 2.27627, 6.42769 ], [ 2.27627, 6.42705 ], [ 2.277, 6.42742 ], [ 2.277, 6.42696 ], [ 2.27691, 6.42651 ], [ 2.27628, 6.42624 ], [ 2.27664, 6.42534 ], [ 2.27601, 6.42479 ], [ 2.2761, 6.42325 ], [ 2.27565, 6.42316 ], [ 2.27619, 6.42262 ], [ 2.27502, 6.42235 ], [ 2.27465, 6.42298 ], [ 2.27501, 6.42389 ], [ 2.27438, 6.42443 ], [ 2.27348, 6.4237 ], [ 2.27339, 6.42325 ], [ 2.27384, 6.42271 ], [ 2.27366, 6.42216 ], [ 2.27429, 6.42153 ], [ 2.27465, 6.42144 ], [ 2.27538, 6.42235 ], [ 2.27637, 6.42172 ], [ 2.27538, 6.4209 ], [ 2.27457, 6.4209 ], [ 2.27511, 6.42027 ], [ 2.27529, 6.41891 ], [ 2.27475, 6.41864 ], [ 2.27403, 6.41909 ], [ 2.27375, 6.41891 ], [ 2.27394, 6.41809 ], [ 2.27358, 6.41692 ], [ 2.2743, 6.41665 ], [ 2.27376, 6.41619 ], [ 2.27294, 6.41674 ], [ 2.27339, 6.4171 ], [ 2.27339, 6.41855 ], [ 2.27312, 6.41855 ], [ 2.27312, 6.41755 ], [ 2.27276, 6.41719 ], [ 2.27249, 6.41719 ], [ 2.27213, 6.41827 ], [ 2.27258, 6.41882 ], [ 2.27276, 6.41864 ], [ 2.27321, 6.41972 ], [ 2.27375, 6.41972 ], [ 2.27411, 6.42072 ], [ 2.27366, 6.42081 ], [ 2.27321, 6.42008 ], [ 2.27258, 6.42035 ], [ 2.27276, 6.42099 ], [ 2.27357, 6.42135 ], [ 2.27357, 6.42216 ], [ 2.27303, 6.42244 ], [ 2.27321, 6.42144 ], [ 2.27276, 6.4218 ], [ 2.27221, 6.42171 ], [ 2.27185, 6.4228 ], [ 2.2723, 6.42298 ], [ 2.27212, 6.42334 ], [ 2.27293, 6.42325 ], [ 2.27257, 6.42388 ], [ 2.27284, 6.42415 ], [ 2.2732, 6.42397 ], [ 2.27302, 6.42452 ], [ 2.27366, 6.42479 ], [ 2.27365, 6.42524 ], [ 2.27311, 6.42551 ], [ 2.2732, 6.42614 ], [ 2.27275, 6.42614 ], [ 2.27293, 6.4266 ], [ 2.27411, 6.42633 ], [ 2.27365, 6.4275 ], [ 2.27401, 6.42759 ], [ 2.27419, 6.42823 ] ] ], [ [ [ 2.27022, 6.42361 ], [ 2.26986, 6.42324 ], [ 2.27058, 6.42234 ], [ 2.27149, 6.42243 ], [ 2.27086, 6.42144 ], [ 2.2704, 6.42144 ], [ 2.27022, 6.42207 ], [ 2.26959, 6.42243 ], [ 2.26932, 6.42388 ], [ 2.27013, 6.42406 ], [ 2.27022, 6.42361 ] ] ], [ [ [ 2.22916, 6.42364 ], [ 2.23088, 6.4231 ], [ 2.23043, 6.42283 ], [ 2.22925, 6.42328 ], [ 2.22925, 6.42255 ], [ 2.22989, 6.42228 ], [ 2.22944, 6.42174 ], [ 2.22898, 6.42174 ], [ 2.22907, 6.42264 ], [ 2.22844, 6.42346 ], [ 2.22889, 6.42427 ], [ 2.22916, 6.42364 ] ] ], [ [ [ 2.27004, 6.42533 ], [ 2.27121, 6.42551 ], [ 2.2713, 6.4246 ], [ 2.27212, 6.42442 ], [ 2.27212, 6.42415 ], [ 2.27149, 6.42415 ], [ 2.27113, 6.42325 ], [ 2.27031, 6.42406 ], [ 2.27058, 6.42496 ], [ 2.26913, 6.42487 ], [ 2.26967, 6.42605 ], [ 2.26995, 6.42605 ], [ 2.27004, 6.42533 ] ] ], [ [ [ 2.22798, 6.42816 ], [ 2.22798, 6.42734 ], [ 2.22852, 6.42753 ], [ 2.22861, 6.4268 ], [ 2.22916, 6.42698 ], [ 2.22934, 6.42671 ], [ 2.22816, 6.42545 ], [ 2.22808, 6.42418 ], [ 2.22717, 6.42463 ], [ 2.22663, 6.42381 ], [ 2.22572, 6.42445 ], [ 2.22581, 6.42499 ], [ 2.22491, 6.42454 ], [ 2.22391, 6.42517 ], [ 2.22382, 6.42625 ], [ 2.22418, 6.42634 ], [ 2.22428, 6.42517 ], [ 2.22464, 6.42499 ], [ 2.22536, 6.42526 ], [ 2.22563, 6.42607 ], [ 2.22654, 6.42544 ], [ 2.22645, 6.42454 ], [ 2.22708, 6.42499 ], [ 2.22753, 6.42481 ], [ 2.2278, 6.42499 ], [ 2.22771, 6.42762 ], [ 2.22735, 6.42843 ], [ 2.22798, 6.42816 ] ] ], [ [ [ 2.27148, 6.42831 ], [ 2.27248, 6.42759 ], [ 2.27202, 6.42705 ], [ 2.27239, 6.42678 ], [ 2.2723, 6.4256 ], [ 2.27311, 6.42506 ], [ 2.27293, 6.42433 ], [ 2.27176, 6.42506 ], [ 2.27175, 6.42578 ], [ 2.27103, 6.42677 ], [ 2.27022, 6.42659 ], [ 2.26994, 6.42695 ], [ 2.27003, 6.4275 ], [ 2.2704, 6.42705 ], [ 2.27076, 6.42714 ], [ 2.27076, 6.42786 ], [ 2.27121, 6.42768 ], [ 2.27148, 6.42831 ] ] ], [ [ [ 2.22536, 6.42861 ], [ 2.22499, 6.42806 ], [ 2.2259, 6.42834 ], [ 2.22599, 6.4277 ], [ 2.22726, 6.42771 ], [ 2.22681, 6.42653 ], [ 2.22653, 6.4268 ], [ 2.22608, 6.42653 ], [ 2.22599, 6.42752 ], [ 2.22518, 6.42797 ], [ 2.22472, 6.42752 ], [ 2.22409, 6.42752 ], [ 2.22481, 6.42915 ], [ 2.22536, 6.42861 ] ] ], [ [ [ 2.23304, 6.43016 ], [ 2.23232, 6.42916 ], [ 2.23304, 6.42916 ], [ 2.23313, 6.42862 ], [ 2.23141, 6.4288 ], [ 2.23096, 6.42925 ], [ 2.23177, 6.42997 ], [ 2.23214, 6.42979 ], [ 2.23304, 6.43016 ] ] ], [ [ [ 2.23134, 6.4762 ], [ 2.23198, 6.47602 ], [ 2.23243, 6.47648 ], [ 2.23243, 6.47539 ], [ 2.23306, 6.47548 ], [ 2.23288, 6.47602 ], [ 2.23315, 6.4763 ], [ 2.23333, 6.47584 ], [ 2.23424, 6.4763 ], [ 2.23487, 6.47548 ], [ 2.2355, 6.47576 ], [ 2.23605, 6.47232 ], [ 2.23623, 6.47259 ], [ 2.23678, 6.47241 ], [ 2.23632, 6.47187 ], [ 2.23805, 6.47015 ], [ 2.23841, 6.47015 ], [ 2.2394, 6.47151 ], [ 2.24012, 6.47115 ], [ 2.24039, 6.47205 ], [ 2.24139, 6.47169 ], [ 2.24112, 6.47242 ], [ 2.24148, 6.47251 ], [ 2.24193, 6.4716 ], [ 2.24166, 6.47142 ], [ 2.24166, 6.47016 ], [ 2.24121, 6.46979 ], [ 2.24257, 6.46934 ], [ 2.24293, 6.47007 ], [ 2.24193, 6.47115 ], [ 2.2432, 6.47161 ], [ 2.24383, 6.4726 ], [ 2.2441, 6.47251 ], [ 2.24356, 6.47152 ], [ 2.24447, 6.46953 ], [ 2.24366, 6.46835 ], [ 2.24393, 6.46781 ], [ 2.24293, 6.46799 ], [ 2.2423, 6.4669 ], [ 2.24194, 6.46699 ], [ 2.2423, 6.46744 ], [ 2.24212, 6.46771 ], [ 2.24131, 6.4669 ], [ 2.24158, 6.46563 ], [ 2.24203, 6.46591 ], [ 2.24276, 6.46563 ], [ 2.24221, 6.46527 ], [ 2.24267, 6.46419 ], [ 2.2433, 6.46491 ], [ 2.24366, 6.46428 ], [ 2.24366, 6.46337 ], [ 2.2433, 6.46301 ], [ 2.24384, 6.46319 ], [ 2.24403, 6.46247 ], [ 2.24457, 6.46247 ], [ 2.24403, 6.46337 ], [ 2.2443, 6.46383 ], [ 2.24484, 6.46383 ], [ 2.24457, 6.46419 ], [ 2.24493, 6.46455 ], [ 2.24484, 6.46564 ], [ 2.24565, 6.46591 ], [ 2.24556, 6.46618 ], [ 2.24502, 6.46609 ], [ 2.24502, 6.46654 ], [ 2.24592, 6.46673 ], [ 2.24646, 6.46627 ], [ 2.24592, 6.46582 ], [ 2.2461, 6.46555 ], [ 2.24646, 6.46555 ], [ 2.24646, 6.46591 ], [ 2.2471, 6.46564 ], [ 2.24755, 6.46609 ], [ 2.24719, 6.46691 ], [ 2.247, 6.46673 ], [ 2.24691, 6.46754 ], [ 2.248, 6.46754 ], [ 2.24836, 6.46664 ], [ 2.24936, 6.46673 ], [ 2.24954, 6.46718 ], [ 2.24981, 6.46709 ], [ 2.24981, 6.46637 ], [ 2.25062, 6.46682 ], [ 2.25062, 6.46519 ], [ 2.25108, 6.4651 ], [ 2.25117, 6.46655 ], [ 2.25171, 6.46547 ], [ 2.2528, 6.4652 ], [ 2.25198, 6.46393 ], [ 2.2509, 6.46393 ], [ 2.25063, 6.46357 ], [ 2.24963, 6.46375 ], [ 2.24918, 6.46302 ], [ 2.24954, 6.46248 ], [ 2.24927, 6.46148 ], [ 2.24864, 6.46157 ], [ 2.24828, 6.46121 ], [ 2.24855, 6.46058 ], [ 2.24973, 6.46076 ], [ 2.24928, 6.46031 ], [ 2.24928, 6.45994 ], [ 2.24973, 6.45976 ], [ 2.25054, 6.4604 ], [ 2.25127, 6.4604 ], [ 2.25118, 6.45968 ], [ 2.25054, 6.4594 ], [ 2.25036, 6.45841 ], [ 2.25073, 6.45723 ], [ 2.25208, 6.4576 ], [ 2.25299, 6.45733 ], [ 2.25218, 6.45633 ], [ 2.25082, 6.4566 ], [ 2.2501, 6.45542 ], [ 2.25001, 6.4547 ], [ 2.25073, 6.4547 ], [ 2.25028, 6.45379 ], [ 2.25118, 6.45398 ], [ 2.25118, 6.45371 ], [ 2.25182, 6.45371 ], [ 2.25155, 6.45334 ], [ 2.251, 6.45352 ], [ 2.25046, 6.45271 ], [ 2.25091, 6.45244 ], [ 2.25119, 6.45289 ], [ 2.252, 6.4528 ], [ 2.25218, 6.45235 ], [ 2.25155, 6.45217 ], [ 2.25218, 6.45181 ], [ 2.25173, 6.45163 ], [ 2.25209, 6.45126 ], [ 2.25209, 6.45045 ], [ 2.2511, 6.45 ], [ 2.25173, 6.44991 ], [ 2.25182, 6.44936 ], [ 2.25056, 6.44918 ], [ 2.25002, 6.44809 ], [ 2.25119, 6.44828 ], [ 2.25119, 6.44891 ], [ 2.2521, 6.44891 ], [ 2.25209, 6.44964 ], [ 2.25273, 6.44937 ], [ 2.25264, 6.44882 ], [ 2.25345, 6.44873 ], [ 2.253, 6.44837 ], [ 2.25327, 6.44774 ], [ 2.25363, 6.44837 ], [ 2.25409, 6.44846 ], [ 2.25418, 6.44738 ], [ 2.25327, 6.44674 ], [ 2.25427, 6.44629 ], [ 2.25436, 6.44548 ], [ 2.25509, 6.44575 ], [ 2.25536, 6.44548 ], [ 2.254, 6.44421 ], [ 2.25445, 6.44421 ], [ 2.25446, 6.44367 ], [ 2.25482, 6.44367 ], [ 2.25518, 6.44503 ], [ 2.25527, 6.44466 ], [ 2.25617, 6.44439 ], [ 2.25608, 6.44376 ], [ 2.2569, 6.4434 ], [ 2.25708, 6.44277 ], [ 2.25599, 6.44213 ], [ 2.25618, 6.44168 ], [ 2.25554, 6.44114 ], [ 2.25564, 6.44032 ], [ 2.25636, 6.44014 ], [ 2.25663, 6.4406 ], [ 2.25717, 6.44032 ], [ 2.25717, 6.44078 ], [ 2.25799, 6.44087 ], [ 2.25726, 6.43987 ], [ 2.25727, 6.43888 ], [ 2.2569, 6.43897 ], [ 2.25681, 6.43969 ], [ 2.25654, 6.4396 ], [ 2.25672, 6.43824 ], [ 2.25537, 6.43806 ], [ 2.25482, 6.43833 ], [ 2.25474, 6.43743 ], [ 2.25519, 6.43725 ], [ 2.25564, 6.43788 ], [ 2.25672, 6.43752 ], [ 2.25672, 6.43815 ], [ 2.25718, 6.43852 ], [ 2.25718, 6.43779 ], [ 2.25754, 6.43743 ], [ 2.25881, 6.43743 ], [ 2.25853, 6.43698 ], [ 2.25763, 6.43689 ], [ 2.25736, 6.43616 ], [ 2.25772, 6.43553 ], [ 2.25836, 6.43562 ], [ 2.25781, 6.43644 ], [ 2.25845, 6.43635 ], [ 2.2589, 6.4358 ], [ 2.25854, 6.43535 ], [ 2.25935, 6.43363 ], [ 2.2589, 6.43309 ], [ 2.25917, 6.43273 ], [ 2.25854, 6.43255 ], [ 2.25827, 6.432 ], [ 2.25881, 6.43219 ], [ 2.25891, 6.43092 ], [ 2.25981, 6.43074 ], [ 2.25954, 6.42956 ], [ 2.26035, 6.42993 ], [ 2.26108, 6.42975 ], [ 2.2609, 6.42839 ], [ 2.26153, 6.4283 ], [ 2.26126, 6.42767 ], [ 2.26198, 6.42776 ], [ 2.26217, 6.42685 ], [ 2.26271, 6.42658 ], [ 2.26334, 6.4255 ], [ 2.26344, 6.42414 ], [ 2.26271, 6.42378 ], [ 2.2638, 6.42306 ], [ 2.26326, 6.42251 ], [ 2.26407, 6.42179 ], [ 2.26344, 6.42161 ], [ 2.26281, 6.42206 ], [ 2.26208, 6.42206 ], [ 2.26217, 6.42115 ], [ 2.26299, 6.42152 ], [ 2.26335, 6.42043 ], [ 2.26462, 6.42043 ], [ 2.26498, 6.42007 ], [ 2.26489, 6.41935 ], [ 2.26562, 6.41872 ], [ 2.26544, 6.41718 ], [ 2.26498, 6.417 ], [ 2.26508, 6.41627 ], [ 2.26553, 6.41609 ], [ 2.26562, 6.417 ], [ 2.26607, 6.41718 ], [ 2.26652, 6.41645 ], [ 2.26625, 6.41555 ], [ 2.26716, 6.41564 ], [ 2.2677, 6.41474 ], [ 2.2677, 6.41356 ], [ 2.26716, 6.41356 ], [ 2.26698, 6.4132 ], [ 2.2677, 6.41257 ], [ 2.26843, 6.41257 ], [ 2.26843, 6.41184 ], [ 2.26879, 6.41166 ], [ 2.26807, 6.40994 ], [ 2.26816, 6.40868 ], [ 2.26861, 6.40832 ], [ 2.26807, 6.40759 ], [ 2.26853, 6.40732 ], [ 2.26835, 6.40651 ], [ 2.2688, 6.40605 ], [ 2.26979, 6.40597 ], [ 2.26916, 6.40488 ], [ 2.26998, 6.4047 ], [ 2.27016, 6.40407 ], [ 2.27188, 6.40271 ], [ 2.27251, 6.40163 ], [ 2.27215, 6.40099 ], [ 2.27233, 6.39982 ], [ 2.27035, 6.39782 ], [ 2.27035, 6.39674 ], [ 2.26935, 6.39674 ], [ 2.26872, 6.39628 ], [ 2.26646, 6.39691 ], [ 2.26628, 6.39619 ], [ 2.26565, 6.39628 ], [ 2.26529, 6.39592 ], [ 2.26456, 6.39664 ], [ 2.26402, 6.39619 ], [ 2.26339, 6.39655 ], [ 2.26302, 6.39609 ], [ 2.26158, 6.39582 ], [ 2.26067, 6.39627 ], [ 2.25941, 6.39627 ], [ 2.25941, 6.39699 ], [ 2.25886, 6.3969 ], [ 2.2595, 6.39772 ], [ 2.25931, 6.39799 ], [ 2.25841, 6.39708 ], [ 2.25814, 6.39744 ], [ 2.25597, 6.3969 ], [ 2.25443, 6.39717 ], [ 2.25443, 6.39663 ], [ 2.25398, 6.39644 ], [ 2.25326, 6.39744 ], [ 2.25199, 6.39716 ], [ 2.25226, 6.3978 ], [ 2.25326, 6.39825 ], [ 2.25343, 6.39916 ], [ 2.25298, 6.39952 ], [ 2.25262, 6.39916 ], [ 2.25289, 6.39879 ], [ 2.25271, 6.39825 ], [ 2.25027, 6.39789 ], [ 2.25036, 6.39698 ], [ 2.24946, 6.39734 ], [ 2.24937, 6.39807 ], [ 2.24891, 6.39806 ], [ 2.24855, 6.39734 ], [ 2.24593, 6.3977 ], [ 2.24268, 6.39733 ], [ 2.24213, 6.39833 ], [ 2.24159, 6.39833 ], [ 2.24168, 6.3976 ], [ 2.24069, 6.39742 ], [ 2.24041, 6.39778 ], [ 2.24105, 6.39832 ], [ 2.24077, 6.39896 ], [ 2.24104, 6.3995 ], [ 2.24032, 6.39986 ], [ 2.24014, 6.40086 ], [ 2.2396, 6.40067 ], [ 2.2396, 6.40004 ], [ 2.23842, 6.40067 ], [ 2.23851, 6.39977 ], [ 2.2377, 6.39959 ], [ 2.23743, 6.39895 ], [ 2.23734, 6.40058 ], [ 2.23634, 6.40076 ], [ 2.23616, 6.40121 ], [ 2.23553, 6.40103 ], [ 2.23561, 6.40239 ], [ 2.23462, 6.40284 ], [ 2.23453, 6.4032 ], [ 2.23381, 6.40284 ], [ 2.23326, 6.40356 ], [ 2.2329, 6.40302 ], [ 2.23598, 6.40013 ], [ 2.23553, 6.39841 ], [ 2.23481, 6.39868 ], [ 2.23517, 6.39931 ], [ 2.23498, 6.40031 ], [ 2.23426, 6.39994 ], [ 2.23417, 6.39922 ], [ 2.23318, 6.39886 ], [ 2.233, 6.39922 ], [ 2.23336, 6.39985 ], [ 2.23263, 6.39967 ], [ 2.2329, 6.40066 ], [ 2.23245, 6.40048 ], [ 2.23236, 6.39949 ], [ 2.23263, 6.3994 ], [ 2.232, 6.39931 ], [ 2.23182, 6.39976 ], [ 2.2301, 6.40021 ], [ 2.23037, 6.40138 ], [ 2.22928, 6.40202 ], [ 2.22937, 6.40319 ], [ 2.23055, 6.40238 ], [ 2.23127, 6.40292 ], [ 2.232, 6.40265 ], [ 2.23163, 6.40392 ], [ 2.23082, 6.40437 ], [ 2.23109, 6.40519 ], [ 2.23172, 6.4051 ], [ 2.23163, 6.40419 ], [ 2.23263, 6.40455 ], [ 2.23245, 6.40401 ], [ 2.23281, 6.40392 ], [ 2.23317, 6.40492 ], [ 2.2348, 6.40492 ], [ 2.23552, 6.40592 ], [ 2.23534, 6.40637 ], [ 2.23498, 6.40637 ], [ 2.23434, 6.40537 ], [ 2.23398, 6.40564 ], [ 2.23299, 6.40546 ], [ 2.23272, 6.40492 ], [ 2.23109, 6.40573 ], [ 2.23037, 6.405 ], [ 2.22955, 6.40527 ], [ 2.22964, 6.40627 ], [ 2.22892, 6.40609 ], [ 2.22937, 6.4069 ], [ 2.23109, 6.4069 ], [ 2.23091, 6.40618 ], [ 2.23118, 6.40609 ], [ 2.23208, 6.40636 ], [ 2.23353, 6.40772 ], [ 2.23335, 6.40808 ], [ 2.23271, 6.40799 ], [ 2.23253, 6.40727 ], [ 2.23199, 6.407 ], [ 2.2319, 6.40835 ], [ 2.23154, 6.40826 ], [ 2.23145, 6.40745 ], [ 2.2309, 6.40772 ], [ 2.22955, 6.40744 ], [ 2.229, 6.4079 ], [ 2.22882, 6.40717 ], [ 2.22819, 6.40699 ], [ 2.22837, 6.40636 ], [ 2.22783, 6.40518 ], [ 2.22829, 6.40518 ], [ 2.22865, 6.40572 ], [ 2.22892, 6.40527 ], [ 2.22865, 6.40437 ], [ 2.22973, 6.40455 ], [ 2.2291, 6.4031 ], [ 2.22811, 6.40446 ], [ 2.22793, 6.40382 ], [ 2.22738, 6.40346 ], [ 2.22729, 6.40274 ], [ 2.22666, 6.40319 ], [ 2.22657, 6.40346 ], [ 2.22729, 6.40364 ], [ 2.22756, 6.40437 ], [ 2.22675, 6.40518 ], [ 2.22693, 6.40409 ], [ 2.22603, 6.40382 ], [ 2.22621, 6.40319 ], [ 2.22512, 6.40319 ], [ 2.22512, 6.40273 ], [ 2.22576, 6.40264 ], [ 2.22639, 6.40093 ], [ 2.22585, 6.40029 ], [ 2.22585, 6.40093 ], [ 2.22504, 6.40092 ], [ 2.22513, 6.40065 ], [ 2.22504, 6.40047 ], [ 2.22413, 6.40119 ], [ 2.22404, 6.40219 ], [ 2.22476, 6.40237 ], [ 2.22467, 6.40273 ], [ 2.22395, 6.40264 ], [ 2.22395, 6.40391 ], [ 2.2244, 6.40409 ], [ 2.22422, 6.40355 ], [ 2.22476, 6.40282 ], [ 2.22476, 6.40364 ], [ 2.22548, 6.40364 ], [ 2.22557, 6.40418 ], [ 2.22639, 6.40445 ], [ 2.22639, 6.40491 ], [ 2.22611, 6.40599 ], [ 2.22575, 6.40599 ], [ 2.22593, 6.40545 ], [ 2.22548, 6.40527 ], [ 2.22512, 6.40445 ], [ 2.22422, 6.4049 ], [ 2.22422, 6.40545 ], [ 2.22485, 6.4059 ], [ 2.22431, 6.40581 ], [ 2.22376, 6.40644 ], [ 2.22421, 6.4068 ], [ 2.22512, 6.40671 ], [ 2.22557, 6.40762 ], [ 2.22503, 6.40816 ], [ 2.2243, 6.4078 ], [ 2.22403, 6.40834 ], [ 2.22511, 6.40852 ], [ 2.22602, 6.41033 ], [ 2.22647, 6.41006 ], [ 2.22665, 6.41052 ], [ 2.22638, 6.41079 ], [ 2.22547, 6.41051 ], [ 2.22502, 6.41115 ], [ 2.22439, 6.41096 ], [ 2.22403, 6.41124 ], [ 2.22448, 6.41196 ], [ 2.2243, 6.4125 ], [ 2.2233, 6.41205 ], [ 2.22276, 6.41123 ], [ 2.22231, 6.41132 ], [ 2.22249, 6.41214 ], [ 2.22158, 6.41177 ], [ 2.22113, 6.41223 ], [ 2.22212, 6.41259 ], [ 2.22267, 6.41232 ], [ 2.22285, 6.41313 ], [ 2.22312, 6.41241 ], [ 2.22393, 6.41314 ], [ 2.22429, 6.41268 ], [ 2.22538, 6.41305 ], [ 2.22547, 6.41413 ], [ 2.22529, 6.41449 ], [ 2.22483, 6.4144 ], [ 2.22483, 6.41495 ], [ 2.22538, 6.41495 ], [ 2.22655, 6.41594 ], [ 2.22736, 6.41604 ], [ 2.22782, 6.41558 ], [ 2.22782, 6.41667 ], [ 2.22899, 6.41631 ], [ 2.22881, 6.41703 ], [ 2.22818, 6.41694 ], [ 2.22754, 6.41766 ], [ 2.227, 6.41757 ], [ 2.22664, 6.41821 ], [ 2.22718, 6.41812 ], [ 2.22781, 6.41884 ], [ 2.22835, 6.41893 ], [ 2.22799, 6.41803 ], [ 2.22827, 6.41785 ], [ 2.22854, 6.41848 ], [ 2.22935, 6.41848 ], [ 2.22953, 6.41902 ], [ 2.23089, 6.41885 ], [ 2.23089, 6.42029 ], [ 2.23161, 6.42011 ], [ 2.2317, 6.42183 ], [ 2.23314, 6.42211 ], [ 2.23278, 6.42301 ], [ 2.23323, 6.42301 ], [ 2.23341, 6.42229 ], [ 2.23486, 6.4222 ], [ 2.23486, 6.42283 ], [ 2.2354, 6.42265 ], [ 2.2354, 6.42175 ], [ 2.23613, 6.4213 ], [ 2.2364, 6.4213 ], [ 2.2364, 6.42202 ], [ 2.23685, 6.42193 ], [ 2.23694, 6.42365 ], [ 2.23649, 6.42446 ], [ 2.23648, 6.42564 ], [ 2.23612, 6.42591 ], [ 2.23531, 6.42573 ], [ 2.23531, 6.42618 ], [ 2.23504, 6.42618 ], [ 2.23431, 6.42509 ], [ 2.23468, 6.42446 ], [ 2.23386, 6.42437 ], [ 2.23368, 6.42509 ], [ 2.23467, 6.42609 ], [ 2.23449, 6.4269 ], [ 2.23531, 6.42681 ], [ 2.23594, 6.42808 ], [ 2.23666, 6.42799 ], [ 2.23612, 6.42853 ], [ 2.23558, 6.42844 ], [ 2.23548, 6.4288 ], [ 2.23594, 6.42917 ], [ 2.23585, 6.42953 ], [ 2.23666, 6.42962 ], [ 2.23702, 6.43034 ], [ 2.23593, 6.43007 ], [ 2.23548, 6.43043 ], [ 2.23512, 6.43016 ], [ 2.23449, 6.43088 ], [ 2.23458, 6.42989 ], [ 2.23548, 6.42953 ], [ 2.23539, 6.42871 ], [ 2.23512, 6.42871 ], [ 2.23458, 6.42953 ], [ 2.23349, 6.42916 ], [ 2.23322, 6.43052 ], [ 2.23394, 6.43097 ], [ 2.23385, 6.43188 ], [ 2.23412, 6.43188 ], [ 2.23431, 6.43115 ], [ 2.23485, 6.43134 ], [ 2.23485, 6.43088 ], [ 2.23539, 6.43061 ], [ 2.23693, 6.43143 ], [ 2.23684, 6.43242 ], [ 2.23792, 6.43261 ], [ 2.23756, 6.43288 ], [ 2.23792, 6.4346 ], [ 2.2371, 6.43451 ], [ 2.2371, 6.43405 ], [ 2.23638, 6.43378 ], [ 2.23638, 6.43532 ], [ 2.23701, 6.43496 ], [ 2.23701, 6.43532 ], [ 2.23656, 6.43577 ], [ 2.23538, 6.43604 ], [ 2.23538, 6.43667 ], [ 2.23475, 6.43676 ], [ 2.23466, 6.43713 ], [ 2.23511, 6.43767 ], [ 2.23602, 6.43695 ], [ 2.23565, 6.43631 ], [ 2.23611, 6.43658 ], [ 2.23683, 6.43622 ], [ 2.23728, 6.43641 ], [ 2.2371, 6.43586 ], [ 2.23774, 6.43505 ], [ 2.23774, 6.43568 ], [ 2.23855, 6.43677 ], [ 2.23782, 6.43749 ], [ 2.23837, 6.43776 ], [ 2.23764, 6.43776 ], [ 2.23737, 6.43677 ], [ 2.23647, 6.4374 ], [ 2.23692, 6.43803 ], [ 2.23637, 6.43821 ], [ 2.23628, 6.43939 ], [ 2.23574, 6.43939 ], [ 2.23529, 6.4402 ], [ 2.23538, 6.44084 ], [ 2.23637, 6.44147 ], [ 2.23637, 6.4402 ], [ 2.2371, 6.44011 ], [ 2.23682, 6.43984 ], [ 2.23692, 6.43894 ], [ 2.23809, 6.4393 ], [ 2.23827, 6.44003 ], [ 2.238, 6.44066 ], [ 2.23872, 6.44111 ], [ 2.23926, 6.44102 ], [ 2.23945, 6.4403 ], [ 2.23981, 6.4403 ], [ 2.23981, 6.44102 ], [ 2.24035, 6.44193 ], [ 2.23953, 6.44211 ], [ 2.23953, 6.44238 ], [ 2.24089, 6.44256 ], [ 2.24062, 6.44347 ], [ 2.24143, 6.44401 ], [ 2.24152, 6.44492 ], [ 2.24134, 6.44564 ], [ 2.24071, 6.44555 ], [ 2.24125, 6.44636 ], [ 2.24025, 6.4469 ], [ 2.23944, 6.44591 ], [ 2.24061, 6.44546 ], [ 2.24016, 6.44509 ], [ 2.24025, 6.44455 ], [ 2.23962, 6.44428 ], [ 2.23944, 6.445 ], [ 2.23872, 6.44509 ], [ 2.23808, 6.44609 ], [ 2.23736, 6.44627 ], [ 2.23727, 6.44699 ], [ 2.2369, 6.44717 ], [ 2.23672, 6.44672 ], [ 2.236, 6.44726 ], [ 2.23618, 6.44798 ], [ 2.23582, 6.44844 ], [ 2.23428, 6.44834 ], [ 2.23337, 6.44934 ], [ 2.23337, 6.45015 ], [ 2.23193, 6.44988 ], [ 2.2322, 6.45078 ], [ 2.23165, 6.45087 ], [ 2.23165, 6.4516 ], [ 2.23129, 6.45187 ], [ 2.23138, 6.45259 ], [ 2.23165, 6.45196 ], [ 2.2321, 6.45241 ], [ 2.23183, 6.45331 ], [ 2.23065, 6.45386 ], [ 2.23065, 6.45467 ], [ 2.22948, 6.4544 ], [ 2.22984, 6.45521 ], [ 2.22948, 6.45548 ], [ 2.22938, 6.45666 ], [ 2.23002, 6.45675 ], [ 2.22984, 6.45575 ], [ 2.23011, 6.45566 ], [ 2.23002, 6.45512 ], [ 2.23047, 6.45494 ], [ 2.23083, 6.45548 ], [ 2.23047, 6.45612 ], [ 2.23137, 6.45684 ], [ 2.23047, 6.45675 ], [ 2.22983, 6.45729 ], [ 2.22929, 6.45711 ], [ 2.22884, 6.45811 ], [ 2.22893, 6.45693 ], [ 2.2283, 6.45702 ], [ 2.22821, 6.45648 ], [ 2.22757, 6.45657 ], [ 2.2273, 6.45666 ], [ 2.22748, 6.45756 ], [ 2.22812, 6.45729 ], [ 2.22821, 6.45792 ], [ 2.22631, 6.45792 ], [ 2.22658, 6.45873 ], [ 2.22703, 6.45874 ], [ 2.2273, 6.45819 ], [ 2.22811, 6.45856 ], [ 2.2282, 6.45892 ], [ 2.22712, 6.45937 ], [ 2.22748, 6.45964 ], [ 2.22802, 6.45946 ], [ 2.2282, 6.45982 ], [ 2.22793, 6.46009 ], [ 2.22901, 6.461 ], [ 2.22802, 6.461 ], [ 2.22775, 6.46136 ], [ 2.22766, 6.46272 ], [ 2.22829, 6.46308 ], [ 2.22802, 6.4638 ], [ 2.22856, 6.46435 ], [ 2.2291, 6.46426 ], [ 2.2282, 6.46263 ], [ 2.22865, 6.46227 ], [ 2.22847, 6.46145 ], [ 2.22901, 6.46136 ], [ 2.22974, 6.462 ], [ 2.23046, 6.46055 ], [ 2.23082, 6.46109 ], [ 2.23182, 6.46119 ], [ 2.23173, 6.46064 ], [ 2.23119, 6.46055 ], [ 2.2311, 6.45992 ], [ 2.23164, 6.45974 ], [ 2.23119, 6.45892 ], [ 2.23128, 6.4582 ], [ 2.23191, 6.45947 ], [ 2.23236, 6.45947 ], [ 2.23236, 6.45992 ], [ 2.23481, 6.45829 ], [ 2.23499, 6.45884 ], [ 2.2358, 6.45866 ], [ 2.23625, 6.45902 ], [ 2.23598, 6.45965 ], [ 2.23508, 6.45938 ], [ 2.23426, 6.46019 ], [ 2.23444, 6.46074 ], [ 2.23507, 6.46092 ], [ 2.23498, 6.46155 ], [ 2.23553, 6.46119 ], [ 2.23535, 6.46047 ], [ 2.23598, 6.46029 ], [ 2.23643, 6.46056 ], [ 2.23598, 6.46128 ], [ 2.23697, 6.4611 ], [ 2.23688, 6.46201 ], [ 2.23761, 6.46228 ], [ 2.2377, 6.46174 ], [ 2.23833, 6.4631 ], [ 2.23797, 6.46355 ], [ 2.23742, 6.46327 ], [ 2.2376, 6.46391 ], [ 2.23742, 6.46418 ], [ 2.23706, 6.46382 ], [ 2.23715, 6.463 ], [ 2.23643, 6.46291 ], [ 2.23634, 6.46183 ], [ 2.2358, 6.46173 ], [ 2.23589, 6.46282 ], [ 2.23525, 6.46318 ], [ 2.23579, 6.46345 ], [ 2.23616, 6.46318 ], [ 2.23588, 6.46472 ], [ 2.23615, 6.46481 ], [ 2.23634, 6.46436 ], [ 2.23697, 6.46472 ], [ 2.2376, 6.46445 ], [ 2.23751, 6.46508 ], [ 2.23796, 6.46481 ], [ 2.2386, 6.465 ], [ 2.23841, 6.46545 ], [ 2.23896, 6.46662 ], [ 2.23986, 6.46663 ], [ 2.23986, 6.46626 ], [ 2.23905, 6.46581 ], [ 2.24004, 6.46545 ], [ 2.24004, 6.46464 ], [ 2.2395, 6.46473 ], [ 2.23959, 6.46554 ], [ 2.23914, 6.46545 ], [ 2.23869, 6.46291 ], [ 2.23914, 6.46301 ], [ 2.23905, 6.46346 ], [ 2.23941, 6.46373 ], [ 2.2395, 6.46228 ], [ 2.23914, 6.46219 ], [ 2.23878, 6.46273 ], [ 2.23833, 6.46255 ], [ 2.23896, 6.46074 ], [ 2.23806, 6.46129 ], [ 2.23788, 6.46092 ], [ 2.2386, 6.4602 ], [ 2.23716, 6.46002 ], [ 2.23679, 6.46047 ], [ 2.23652, 6.46029 ], [ 2.23679, 6.45975 ], [ 2.23653, 6.45875 ], [ 2.23671, 6.45766 ], [ 2.23752, 6.45721 ], [ 2.23797, 6.45821 ], [ 2.23725, 6.45803 ], [ 2.23707, 6.45839 ], [ 2.23797, 6.45884 ], [ 2.23852, 6.45848 ], [ 2.23843, 6.45785 ], [ 2.23915, 6.4574 ], [ 2.2387, 6.45667 ], [ 2.23978, 6.45658 ], [ 2.23978, 6.45731 ], [ 2.23933, 6.45785 ], [ 2.23996, 6.45821 ], [ 2.23933, 6.45903 ], [ 2.24032, 6.45848 ], [ 2.24096, 6.45948 ], [ 2.24077, 6.46057 ], [ 2.2415, 6.46093 ], [ 2.24195, 6.45939 ], [ 2.24249, 6.45903 ], [ 2.24385, 6.45894 ], [ 2.24376, 6.45976 ], [ 2.24276, 6.45994 ], [ 2.24367, 6.46084 ], [ 2.24448, 6.46075 ], [ 2.24512, 6.4594 ], [ 2.24575, 6.45931 ], [ 2.24575, 6.45985 ], [ 2.24421, 6.46129 ], [ 2.24312, 6.46111 ], [ 2.24367, 6.46175 ], [ 2.24357, 6.46247 ], [ 2.2424, 6.46319 ], [ 2.24149, 6.46247 ], [ 2.24167, 6.46301 ], [ 2.24131, 6.46409 ], [ 2.2405, 6.46256 ], [ 2.23968, 6.46292 ], [ 2.24167, 6.465 ], [ 2.24104, 6.46617 ], [ 2.24031, 6.4659 ], [ 2.24076, 6.46663 ], [ 2.23995, 6.46744 ], [ 2.23959, 6.46735 ], [ 2.23968, 6.46789 ], [ 2.23886, 6.46789 ], [ 2.23931, 6.46843 ], [ 2.23741, 6.46988 ], [ 2.23651, 6.46979 ], [ 2.2357, 6.46879 ], [ 2.23425, 6.46933 ], [ 2.23416, 6.46897 ], [ 2.2347, 6.46852 ], [ 2.23452, 6.46761 ], [ 2.23389, 6.46761 ], [ 2.23353, 6.46716 ], [ 2.23199, 6.46806 ], [ 2.23145, 6.46797 ], [ 2.23217, 6.46933 ], [ 2.23153, 6.46996 ], [ 2.23262, 6.47023 ], [ 2.23226, 6.47069 ], [ 2.23253, 6.47114 ], [ 2.23388, 6.47078 ], [ 2.23406, 6.47114 ], [ 2.23352, 6.47105 ], [ 2.23343, 6.47132 ], [ 2.23415, 6.47159 ], [ 2.23443, 6.47141 ], [ 2.23415, 6.47123 ], [ 2.23434, 6.47042 ], [ 2.23497, 6.47042 ], [ 2.23542, 6.46933 ], [ 2.23696, 6.47042 ], [ 2.23578, 6.47196 ], [ 2.2347, 6.47177 ], [ 2.2356, 6.47232 ], [ 2.23478, 6.47431 ], [ 2.23415, 6.47422 ], [ 2.23316, 6.47322 ], [ 2.23316, 6.4725 ], [ 2.23388, 6.47286 ], [ 2.23388, 6.47223 ], [ 2.23325, 6.47222 ], [ 2.23316, 6.47159 ], [ 2.23244, 6.47177 ], [ 2.23244, 6.47204 ], [ 2.23298, 6.47186 ], [ 2.2327, 6.47394 ], [ 2.2337, 6.47394 ], [ 2.23379, 6.47422 ], [ 2.23261, 6.47449 ], [ 2.23225, 6.47494 ], [ 2.23126, 6.47466 ], [ 2.2308, 6.47512 ], [ 2.23062, 6.47647 ], [ 2.23143, 6.47675 ], [ 2.23134, 6.4762 ] ], [ [ 2.24466, 6.45912 ], [ 2.24476, 6.45822 ], [ 2.24322, 6.45849 ], [ 2.2434, 6.45786 ], [ 2.24268, 6.45722 ], [ 2.24367, 6.45659 ], [ 2.2434, 6.45568 ], [ 2.24395, 6.45596 ], [ 2.24422, 6.45559 ], [ 2.24386, 6.45415 ], [ 2.2444, 6.45415 ], [ 2.2444, 6.4537 ], [ 2.24476, 6.45361 ], [ 2.24449, 6.45261 ], [ 2.24495, 6.45234 ], [ 2.24549, 6.45388 ], [ 2.24494, 6.45469 ], [ 2.24503, 6.45523 ], [ 2.24458, 6.45541 ], [ 2.24512, 6.45614 ], [ 2.24385, 6.45659 ], [ 2.24376, 6.45722 ], [ 2.2444, 6.45722 ], [ 2.24512, 6.45786 ], [ 2.24539, 6.45732 ], [ 2.24494, 6.45677 ], [ 2.2453, 6.45677 ], [ 2.24539, 6.45623 ], [ 2.24575, 6.45623 ], [ 2.24584, 6.45686 ], [ 2.24675, 6.45668 ], [ 2.24693, 6.45705 ], [ 2.2463, 6.45714 ], [ 2.24656, 6.45867 ], [ 2.24629, 6.45913 ], [ 2.24557, 6.45867 ], [ 2.24466, 6.45912 ] ], [ [ 2.23843, 6.45513 ], [ 2.23789, 6.45531 ], [ 2.23834, 6.45486 ], [ 2.23843, 6.45387 ], [ 2.2387, 6.45387 ], [ 2.23852, 6.4545 ], [ 2.23888, 6.4545 ], [ 2.23907, 6.4536 ], [ 2.23961, 6.45342 ], [ 2.23906, 6.45495 ], [ 2.23924, 6.45568 ], [ 2.23888, 6.45577 ], [ 2.23843, 6.45513 ] ], [ [ 2.23201, 6.45485 ], [ 2.23165, 6.45386 ], [ 2.2321, 6.45386 ], [ 2.23283, 6.45277 ], [ 2.23364, 6.45467 ], [ 2.23309, 6.45522 ], [ 2.23201, 6.45485 ] ], [ [ 2.23409, 6.45413 ], [ 2.23364, 6.45259 ], [ 2.23445, 6.45314 ], [ 2.23518, 6.45251 ], [ 2.23509, 6.45205 ], [ 2.23418, 6.45205 ], [ 2.23373, 6.45142 ], [ 2.23455, 6.45024 ], [ 2.23536, 6.45006 ], [ 2.23581, 6.45043 ], [ 2.23572, 6.45106 ], [ 2.23617, 6.45169 ], [ 2.2359, 6.45278 ], [ 2.23427, 6.45359 ], [ 2.23409, 6.45413 ] ], [ [ 2.24531, 6.45243 ], [ 2.24522, 6.45071 ], [ 2.24594, 6.45062 ], [ 2.24666, 6.45216 ], [ 2.24531, 6.45243 ] ], [ [ 2.2464, 6.45044 ], [ 2.2454, 6.44854 ], [ 2.24577, 6.44845 ], [ 2.24586, 6.4489 ], [ 2.24622, 6.4489 ], [ 2.24622, 6.44773 ], [ 2.24468, 6.44763 ], [ 2.24532, 6.44673 ], [ 2.24667, 6.44746 ], [ 2.24676, 6.44845 ], [ 2.2473, 6.44836 ], [ 2.24749, 6.44755 ], [ 2.24776, 6.44836 ], [ 2.24839, 6.44854 ], [ 2.24757, 6.44872 ], [ 2.24766, 6.44936 ], [ 2.24712, 6.44972 ], [ 2.24712, 6.45026 ], [ 2.2464, 6.45044 ] ], [ [ 2.23735, 6.45007 ], [ 2.23654, 6.44925 ], [ 2.23681, 6.44889 ], [ 2.23663, 6.44817 ], [ 2.23754, 6.44826 ], [ 2.23817, 6.4479 ], [ 2.23817, 6.44862 ], [ 2.23763, 6.44844 ], [ 2.23717, 6.44898 ], [ 2.23817, 6.44889 ], [ 2.23826, 6.44925 ], [ 2.23781, 6.44916 ], [ 2.23735, 6.45007 ] ], [ [ 2.23916, 6.44925 ], [ 2.23898, 6.44844 ], [ 2.2398, 6.44862 ], [ 2.24007, 6.44754 ], [ 2.2407, 6.44745 ], [ 2.24043, 6.4479 ], [ 2.24079, 6.44799 ], [ 2.24088, 6.44745 ], [ 2.24134, 6.44727 ], [ 2.24152, 6.44799 ], [ 2.24097, 6.44817 ], [ 2.24061, 6.44899 ], [ 2.23998, 6.44917 ], [ 2.23979, 6.44971 ], [ 2.23916, 6.44925 ] ], [ [ 2.24712, 6.44737 ], [ 2.24622, 6.44664 ], [ 2.24667, 6.44664 ], [ 2.24713, 6.44592 ], [ 2.24848, 6.44592 ], [ 2.24848, 6.44502 ], [ 2.24912, 6.44475 ], [ 2.24794, 6.44429 ], [ 2.24785, 6.44339 ], [ 2.2474, 6.44302 ], [ 2.24786, 6.44203 ], [ 2.2484, 6.44212 ], [ 2.2484, 6.44321 ], [ 2.24903, 6.44285 ], [ 2.25057, 6.44339 ], [ 2.25111, 6.44466 ], [ 2.25065, 6.44502 ], [ 2.24957, 6.44475 ], [ 2.24903, 6.44529 ], [ 2.24875, 6.44646 ], [ 2.2474, 6.44637 ], [ 2.24712, 6.44737 ] ], [ [ 2.24351, 6.44591 ], [ 2.24188, 6.44474 ], [ 2.2417, 6.44401 ], [ 2.2417, 6.44374 ], [ 2.24224, 6.44401 ], [ 2.24225, 6.44338 ], [ 2.2427, 6.44302 ], [ 2.24171, 6.44166 ], [ 2.24143, 6.44256 ], [ 2.24179, 6.44302 ], [ 2.24125, 6.44311 ], [ 2.24089, 6.44238 ], [ 2.24134, 6.44139 ], [ 2.24071, 6.44111 ], [ 2.24071, 6.44057 ], [ 2.23963, 6.43958 ], [ 2.23945, 6.43876 ], [ 2.23999, 6.43822 ], [ 2.24063, 6.43849 ], [ 2.24017, 6.43722 ], [ 2.24108, 6.4375 ], [ 2.24108, 6.43831 ], [ 2.24153, 6.4384 ], [ 2.2418, 6.43786 ], [ 2.2428, 6.43886 ], [ 2.24307, 6.43877 ], [ 2.24307, 6.43804 ], [ 2.24397, 6.43813 ], [ 2.2437, 6.4375 ], [ 2.24406, 6.4375 ], [ 2.2447, 6.43823 ], [ 2.2446, 6.43877 ], [ 2.24397, 6.43886 ], [ 2.24415, 6.43985 ], [ 2.24487, 6.43967 ], [ 2.24505, 6.44013 ], [ 2.2446, 6.44076 ], [ 2.24569, 6.44094 ], [ 2.24523, 6.44121 ], [ 2.24532, 6.44176 ], [ 2.24469, 6.44148 ], [ 2.24415, 6.44202 ], [ 2.24397, 6.44266 ], [ 2.24306, 6.44239 ], [ 2.2436, 6.4432 ], [ 2.24306, 6.44374 ], [ 2.24378, 6.4442 ], [ 2.2436, 6.44483 ], [ 2.24279, 6.44483 ], [ 2.24315, 6.44438 ], [ 2.24297, 6.44401 ], [ 2.24234, 6.44428 ], [ 2.24233, 6.44483 ], [ 2.24333, 6.44528 ], [ 2.24351, 6.44591 ] ], [ [ 2.25201, 6.44249 ], [ 2.25084, 6.44185 ], [ 2.25075, 6.44041 ], [ 2.2512, 6.43968 ], [ 2.24976, 6.44004 ], [ 2.24931, 6.43941 ], [ 2.24967, 6.4385 ], [ 2.2513, 6.43887 ], [ 2.25184, 6.43977 ], [ 2.2522, 6.43941 ], [ 2.2531, 6.4396 ], [ 2.2531, 6.43923 ], [ 2.25383, 6.43914 ], [ 2.25374, 6.44023 ], [ 2.25283, 6.44014 ], [ 2.25301, 6.44104 ], [ 2.25265, 6.4414 ], [ 2.25193, 6.44131 ], [ 2.25238, 6.44231 ], [ 2.25201, 6.44249 ] ], [ [ 2.24244, 6.43714 ], [ 2.24271, 6.43605 ], [ 2.24226, 6.43659 ], [ 2.24199, 6.43614 ], [ 2.24271, 6.43578 ], [ 2.24289, 6.43515 ], [ 2.2419, 6.43496 ], [ 2.24108, 6.4356 ], [ 2.24054, 6.43542 ], [ 2.24099, 6.43614 ], [ 2.24153, 6.43587 ], [ 2.24153, 6.43659 ], [ 2.24018, 6.43668 ], [ 2.24018, 6.43614 ], [ 2.23972, 6.43605 ], [ 2.23972, 6.43695 ], [ 2.23882, 6.43668 ], [ 2.23927, 6.43505 ], [ 2.23909, 6.43378 ], [ 2.23955, 6.43324 ], [ 2.23801, 6.43225 ], [ 2.23901, 6.43188 ], [ 2.24009, 6.43252 ], [ 2.24027, 6.43216 ], [ 2.23964, 6.43107 ], [ 2.23928, 6.43134 ], [ 2.23901, 6.43089 ], [ 2.23829, 6.4308 ], [ 2.23855, 6.43188 ], [ 2.23756, 6.43161 ], [ 2.23729, 6.43116 ], [ 2.2382, 6.43026 ], [ 2.23946, 6.43044 ], [ 2.23892, 6.42971 ], [ 2.23946, 6.4299 ], [ 2.23928, 6.42863 ], [ 2.23974, 6.42827 ], [ 2.24136, 6.42818 ], [ 2.24181, 6.42917 ], [ 2.24127, 6.42963 ], [ 2.24172, 6.43008 ], [ 2.24236, 6.43035 ], [ 2.24281, 6.4299 ], [ 2.24317, 6.43062 ], [ 2.24389, 6.43063 ], [ 2.24317, 6.43071 ], [ 2.24362, 6.43171 ], [ 2.24344, 6.43225 ], [ 2.24262, 6.43243 ], [ 2.24272, 6.43153 ], [ 2.24244, 6.43144 ], [ 2.24208, 6.43162 ], [ 2.24208, 6.43243 ], [ 2.24145, 6.43234 ], [ 2.2419, 6.43279 ], [ 2.24298, 6.43298 ], [ 2.24289, 6.43424 ], [ 2.24344, 6.43433 ], [ 2.24334, 6.43497 ], [ 2.24443, 6.43488 ], [ 2.24425, 6.43542 ], [ 2.24515, 6.43533 ], [ 2.24533, 6.43497 ], [ 2.24488, 6.43488 ], [ 2.24515, 6.43443 ], [ 2.24642, 6.43497 ], [ 2.2456, 6.43578 ], [ 2.24388, 6.43614 ], [ 2.2437, 6.43741 ], [ 2.24316, 6.43687 ], [ 2.24271, 6.43741 ], [ 2.24244, 6.43714 ] ], [ [ 2.24588, 6.43361 ], [ 2.2447, 6.43397 ], [ 2.24516, 6.43244 ], [ 2.24398, 6.43253 ], [ 2.24407, 6.43135 ], [ 2.24452, 6.43189 ], [ 2.24588, 6.43244 ], [ 2.24615, 6.43307 ], [ 2.2466, 6.43298 ], [ 2.2466, 6.43371 ], [ 2.24814, 6.43326 ], [ 2.2476, 6.43416 ], [ 2.24678, 6.43398 ], [ 2.24642, 6.43443 ], [ 2.24606, 6.43443 ], [ 2.24588, 6.43361 ] ], [ [ 2.24389, 6.42954 ], [ 2.24371, 6.42909 ], [ 2.24426, 6.42809 ], [ 2.24408, 6.42646 ], [ 2.24507, 6.42638 ], [ 2.24516, 6.42665 ], [ 2.24444, 6.42728 ], [ 2.24489, 6.42773 ], [ 2.24444, 6.42855 ], [ 2.24543, 6.4299 ], [ 2.24471, 6.43017 ], [ 2.24471, 6.42981 ], [ 2.24389, 6.42954 ] ], [ [ 2.2467, 6.42909 ], [ 2.24679, 6.42855 ], [ 2.24616, 6.42819 ], [ 2.24616, 6.42728 ], [ 2.24742, 6.42801 ], [ 2.24769, 6.42882 ], [ 2.24724, 6.42909 ], [ 2.24724, 6.42964 ], [ 2.24597, 6.42954 ], [ 2.24616, 6.42909 ], [ 2.2467, 6.42909 ] ], [ [ 2.24905, 6.42846 ], [ 2.24761, 6.42728 ], [ 2.24761, 6.42701 ], [ 2.24851, 6.4271 ], [ 2.24869, 6.42629 ], [ 2.24905, 6.42611 ], [ 2.25059, 6.42638 ], [ 2.25068, 6.42593 ], [ 2.25104, 6.42593 ], [ 2.25159, 6.42675 ], [ 2.25195, 6.42648 ], [ 2.25294, 6.42666 ], [ 2.25303, 6.42756 ], [ 2.25113, 6.42801 ], [ 2.25131, 6.42729 ], [ 2.25077, 6.42756 ], [ 2.2505, 6.42702 ], [ 2.2496, 6.42656 ], [ 2.25014, 6.42846 ], [ 2.24932, 6.42919 ], [ 2.24905, 6.42846 ] ], [ [ 2.24191, 6.42818 ], [ 2.24118, 6.42727 ], [ 2.24263, 6.4271 ], [ 2.24363, 6.428 ], [ 2.2429, 6.42863 ], [ 2.24191, 6.42818 ] ], [ [ 2.23983, 6.42754 ], [ 2.24028, 6.42619 ], [ 2.24001, 6.42592 ], [ 2.23983, 6.42664 ], [ 2.2391, 6.42727 ], [ 2.23838, 6.42573 ], [ 2.23784, 6.42564 ], [ 2.2373, 6.42618 ], [ 2.23712, 6.42573 ], [ 2.23766, 6.4251 ], [ 2.23757, 6.42455 ], [ 2.23857, 6.42428 ], [ 2.23911, 6.42528 ], [ 2.23947, 6.42528 ], [ 2.23947, 6.42456 ], [ 2.24028, 6.4251 ], [ 2.24001, 6.42456 ], [ 2.24019, 6.42393 ], [ 2.24092, 6.42375 ], [ 2.24029, 6.42266 ], [ 2.24083, 6.42266 ], [ 2.24146, 6.42347 ], [ 2.24182, 6.42348 ], [ 2.24192, 6.42194 ], [ 2.24246, 6.42185 ], [ 2.24273, 6.42257 ], [ 2.24345, 6.42266 ], [ 2.24327, 6.4233 ], [ 2.24264, 6.42375 ], [ 2.24282, 6.42447 ], [ 2.24236, 6.42474 ], [ 2.24263, 6.42556 ], [ 2.242, 6.42565 ], [ 2.24209, 6.42637 ], [ 2.24173, 6.42646 ], [ 2.24155, 6.42592 ], [ 2.24209, 6.42556 ], [ 2.24209, 6.42474 ], [ 2.24128, 6.42474 ], [ 2.24101, 6.42537 ], [ 2.2401, 6.42546 ], [ 2.24037, 6.4261 ], [ 2.24119, 6.42592 ], [ 2.24055, 6.42664 ], [ 2.24046, 6.42754 ], [ 2.23983, 6.42754 ] ], [ [ 2.24625, 6.42665 ], [ 2.24725, 6.42593 ], [ 2.24725, 6.42556 ], [ 2.24589, 6.42638 ], [ 2.24598, 6.42565 ], [ 2.24535, 6.42592 ], [ 2.24508, 6.42529 ], [ 2.24444, 6.42502 ], [ 2.24453, 6.42447 ], [ 2.24526, 6.42529 ], [ 2.24679, 6.42529 ], [ 2.24734, 6.42457 ], [ 2.24616, 6.4243 ], [ 2.24607, 6.42312 ], [ 2.24752, 6.42204 ], [ 2.24888, 6.42195 ], [ 2.24906, 6.42122 ], [ 2.24942, 6.42132 ], [ 2.24951, 6.42204 ], [ 2.25033, 6.42186 ], [ 2.25078, 6.42249 ], [ 2.25051, 6.42304 ], [ 2.24987, 6.42303 ], [ 2.24951, 6.42385 ], [ 2.24951, 6.42457 ], [ 2.24996, 6.42466 ], [ 2.24987, 6.42548 ], [ 2.24896, 6.42548 ], [ 2.24833, 6.42502 ], [ 2.24797, 6.42538 ], [ 2.24797, 6.42647 ], [ 2.24706, 6.42665 ], [ 2.24688, 6.4271 ], [ 2.24625, 6.42665 ] ], [ [ 2.23351, 6.42165 ], [ 2.23351, 6.42129 ], [ 2.23278, 6.42165 ], [ 2.23224, 6.4212 ], [ 2.23315, 6.42039 ], [ 2.23324, 6.41939 ], [ 2.23396, 6.41903 ], [ 2.23342, 6.42048 ], [ 2.23387, 6.42057 ], [ 2.23432, 6.41994 ], [ 2.23432, 6.42066 ], [ 2.23477, 6.4212 ], [ 2.23423, 6.42211 ], [ 2.23351, 6.42165 ] ], [ [ 2.25874, 6.42178 ], [ 2.25792, 6.42106 ], [ 2.25702, 6.42151 ], [ 2.25693, 6.42087 ], [ 2.25775, 6.41934 ], [ 2.25829, 6.41952 ], [ 2.25892, 6.41898 ], [ 2.26028, 6.42088 ], [ 2.25919, 6.4207 ], [ 2.25874, 6.42178 ] ], [ [ 2.24481, 6.42113 ], [ 2.24427, 6.42149 ], [ 2.24436, 6.42077 ], [ 2.2449, 6.4204 ], [ 2.24463, 6.41977 ], [ 2.24418, 6.42022 ], [ 2.24382, 6.41995 ], [ 2.24373, 6.41968 ], [ 2.24427, 6.41932 ], [ 2.24499, 6.41977 ], [ 2.24572, 6.4195 ], [ 2.24617, 6.41986 ], [ 2.2468, 6.41932 ], [ 2.24771, 6.4195 ], [ 2.24807, 6.41996 ], [ 2.24771, 6.42041 ], [ 2.2468, 6.41986 ], [ 2.24671, 6.42086 ], [ 2.24635, 6.42113 ], [ 2.24553, 6.42086 ], [ 2.24517, 6.42167 ], [ 2.24481, 6.42113 ] ], [ [ 2.23785, 6.41949 ], [ 2.23894, 6.41895 ], [ 2.23858, 6.41804 ], [ 2.23921, 6.41632 ], [ 2.23966, 6.41605 ], [ 2.23966, 6.41524 ], [ 2.24057, 6.41524 ], [ 2.24066, 6.41587 ], [ 2.23939, 6.41687 ], [ 2.23957, 6.41786 ], [ 2.23921, 6.41822 ], [ 2.24156, 6.4185 ], [ 2.24147, 6.41805 ], [ 2.24201, 6.41741 ], [ 2.24228, 6.41805 ], [ 2.24138, 6.41895 ], [ 2.24156, 6.42004 ], [ 2.24011, 6.41841 ], [ 2.23948, 6.41886 ], [ 2.23993, 6.41976 ], [ 2.23957, 6.41994 ], [ 2.23948, 6.4194 ], [ 2.23903, 6.41958 ], [ 2.23902, 6.42067 ], [ 2.23848, 6.42058 ], [ 2.23839, 6.41958 ], [ 2.23785, 6.41949 ] ], [ [ 2.25006, 6.41788 ], [ 2.25187, 6.41743 ], [ 2.25277, 6.4177 ], [ 2.25259, 6.41852 ], [ 2.25169, 6.41824 ], [ 2.25133, 6.4186 ], [ 2.25006, 6.4186 ], [ 2.25006, 6.41788 ] ], [ [ 2.23297, 6.41803 ], [ 2.2336, 6.41695 ], [ 2.23514, 6.41704 ], [ 2.23514, 6.41668 ], [ 2.23451, 6.41641 ], [ 2.2355, 6.41614 ], [ 2.23632, 6.41542 ], [ 2.23713, 6.4156 ], [ 2.23759, 6.41487 ], [ 2.23804, 6.41478 ], [ 2.23768, 6.41415 ], [ 2.2384, 6.41397 ], [ 2.23876, 6.41433 ], [ 2.23958, 6.41433 ], [ 2.2393, 6.41497 ], [ 2.23777, 6.41551 ], [ 2.23831, 6.4156 ], [ 2.23867, 6.41614 ], [ 2.23849, 6.4165 ], [ 2.23804, 6.41641 ], [ 2.23858, 6.41705 ], [ 2.23812, 6.41795 ], [ 2.23749, 6.41777 ], [ 2.23767, 6.41714 ], [ 2.23532, 6.4174 ], [ 2.23514, 6.41786 ], [ 2.2346, 6.41777 ], [ 2.23414, 6.41822 ], [ 2.23297, 6.41803 ] ], [ [ 2.23143, 6.41704 ], [ 2.22981, 6.41577 ], [ 2.22908, 6.41622 ], [ 2.22899, 6.41586 ], [ 2.22954, 6.41559 ], [ 2.23044, 6.41577 ], [ 2.23089, 6.41541 ], [ 2.23134, 6.41631 ], [ 2.23198, 6.41586 ], [ 2.23234, 6.41613 ], [ 2.23225, 6.4165 ], [ 2.2318, 6.41631 ], [ 2.23143, 6.41704 ] ], [ [ 2.23325, 6.41342 ], [ 2.23225, 6.41233 ], [ 2.23253, 6.4117 ], [ 2.23352, 6.41215 ], [ 2.23397, 6.41188 ], [ 2.23289, 6.41134 ], [ 2.23289, 6.41071 ], [ 2.23244, 6.41071 ], [ 2.23253, 6.41043 ], [ 2.23352, 6.41089 ], [ 2.23424, 6.4117 ], [ 2.23325, 6.41342 ] ], [ [ 2.23045, 6.41215 ], [ 2.23072, 6.41134 ], [ 2.22972, 6.41143 ], [ 2.22972, 6.4117 ], [ 2.22909, 6.41142 ], [ 2.22909, 6.41188 ], [ 2.22846, 6.41151 ], [ 2.22755, 6.41178 ], [ 2.2271, 6.41043 ], [ 2.22792, 6.41025 ], [ 2.22819, 6.41079 ], [ 2.22837, 6.41025 ], [ 2.22927, 6.41016 ], [ 2.22927, 6.41079 ], [ 2.23009, 6.41043 ], [ 2.23099, 6.41088 ], [ 2.23099, 6.41197 ], [ 2.23171, 6.41233 ], [ 2.23081, 6.41296 ], [ 2.23045, 6.41215 ] ], [ [ 2.25215, 6.41263 ], [ 2.25179, 6.41128 ], [ 2.2526, 6.41083 ], [ 2.25342, 6.41146 ], [ 2.25314, 6.41209 ], [ 2.25224, 6.412 ], [ 2.25215, 6.41263 ] ], [ [ 2.23913, 6.41099 ], [ 2.23777, 6.4099 ], [ 2.2385, 6.40972 ], [ 2.23922, 6.41008 ], [ 2.23904, 6.40963 ], [ 2.23931, 6.40927 ], [ 2.23985, 6.40909 ], [ 2.24022, 6.40936 ], [ 2.23967, 6.40981 ], [ 2.23967, 6.41026 ], [ 2.23931, 6.41017 ], [ 2.23913, 6.41099 ] ], [ [ 2.229, 6.40943 ], [ 2.22864, 6.40835 ], [ 2.22955, 6.40862 ], [ 2.23009, 6.40799 ], [ 2.23099, 6.40826 ], [ 2.22982, 6.40907 ], [ 2.23018, 6.40998 ], [ 2.229, 6.40943 ] ], [ [ 2.22701, 6.40934 ], [ 2.22629, 6.40898 ], [ 2.22665, 6.40807 ], [ 2.22602, 6.40726 ], [ 2.22666, 6.40644 ], [ 2.22711, 6.40654 ], [ 2.22774, 6.40599 ], [ 2.22729, 6.40699 ], [ 2.22828, 6.40744 ], [ 2.22828, 6.40907 ], [ 2.22792, 6.40979 ], [ 2.22737, 6.40961 ], [ 2.2271, 6.40988 ], [ 2.22701, 6.40934 ] ], [ [ 2.23714, 6.40872 ], [ 2.23732, 6.40773 ], [ 2.23796, 6.40782 ], [ 2.23715, 6.40637 ], [ 2.23751, 6.40628 ], [ 2.23787, 6.40719 ], [ 2.23859, 6.40773 ], [ 2.23923, 6.40674 ], [ 2.23886, 6.40628 ], [ 2.2395, 6.4061 ], [ 2.2395, 6.40556 ], [ 2.24068, 6.40475 ], [ 2.24149, 6.40484 ], [ 2.24149, 6.40556 ], [ 2.24049, 6.40547 ], [ 2.24022, 6.40601 ], [ 2.24067, 6.40665 ], [ 2.23968, 6.40655 ], [ 2.23932, 6.40719 ], [ 2.23931, 6.40746 ], [ 2.23977, 6.40737 ], [ 2.24031, 6.40782 ], [ 2.2404, 6.4071 ], [ 2.24085, 6.4071 ], [ 2.24058, 6.40818 ], [ 2.24112, 6.40828 ], [ 2.24103, 6.409 ], [ 2.2404, 6.40864 ], [ 2.23949, 6.40882 ], [ 2.2394, 6.40782 ], [ 2.23868, 6.40882 ], [ 2.23832, 6.40872 ], [ 2.23823, 6.40818 ], [ 2.23769, 6.40836 ], [ 2.23759, 6.40936 ], [ 2.23714, 6.40872 ] ], [ [ 2.24311, 6.40837 ], [ 2.24338, 6.40756 ], [ 2.24411, 6.40747 ], [ 2.24429, 6.40701 ], [ 2.24492, 6.40692 ], [ 2.24546, 6.40738 ], [ 2.24528, 6.40855 ], [ 2.24465, 6.40837 ], [ 2.24447, 6.40873 ], [ 2.24356, 6.40882 ], [ 2.24311, 6.40837 ] ], [ [ 2.24556, 6.40584 ], [ 2.24411, 6.4043 ], [ 2.24529, 6.40394 ], [ 2.24529, 6.40322 ], [ 2.2471, 6.40277 ], [ 2.24646, 6.40412 ], [ 2.24719, 6.40476 ], [ 2.24646, 6.40457 ], [ 2.24556, 6.40584 ] ], [ [ 2.23842, 6.40212 ], [ 2.23923, 6.40194 ], [ 2.23887, 6.40113 ], [ 2.23905, 6.40067 ], [ 2.24014, 6.40167 ], [ 2.24068, 6.4014 ], [ 2.24104, 6.4005 ], [ 2.24159, 6.40086 ], [ 2.24158, 6.4014 ], [ 2.24077, 6.4014 ], [ 2.24095, 6.40203 ], [ 2.24068, 6.40239 ], [ 2.24014, 6.40185 ], [ 2.24032, 6.40221 ], [ 2.23995, 6.40257 ], [ 2.23842, 6.40266 ], [ 2.23842, 6.40212 ] ], [ [ 2.24231, 6.40077 ], [ 2.24322, 6.39914 ], [ 2.24367, 6.39941 ], [ 2.24367, 6.40005 ], [ 2.24493, 6.40005 ], [ 2.24457, 6.4005 ], [ 2.24285, 6.40068 ], [ 2.24276, 6.40104 ], [ 2.24357, 6.40104 ], [ 2.2433, 6.4014 ], [ 2.24213, 6.4014 ], [ 2.24249, 6.40113 ], [ 2.24231, 6.40077 ] ] ], [ [ [ 2.2284, 6.45051 ], [ 2.22903, 6.44978 ], [ 2.22948, 6.45014 ], [ 2.22958, 6.44933 ], [ 2.2303, 6.44879 ], [ 2.23138, 6.4497 ], [ 2.2322, 6.44933 ], [ 2.2322, 6.44852 ], [ 2.23274, 6.44798 ], [ 2.23265, 6.44735 ], [ 2.23329, 6.44762 ], [ 2.23347, 6.44843 ], [ 2.23419, 6.44798 ], [ 2.23446, 6.44708 ], [ 2.23383, 6.44689 ], [ 2.23419, 6.44635 ], [ 2.23383, 6.44481 ], [ 2.23447, 6.44481 ], [ 2.23456, 6.44427 ], [ 2.23528, 6.44436 ], [ 2.23555, 6.44509 ], [ 2.236, 6.44527 ], [ 2.23627, 6.44473 ], [ 2.23582, 6.44473 ], [ 2.23573, 6.44427 ], [ 2.23628, 6.44418 ], [ 2.23763, 6.44482 ], [ 2.23908, 6.44365 ], [ 2.23962, 6.44383 ], [ 2.2398, 6.44328 ], [ 2.23962, 6.44301 ], [ 2.23899, 6.44319 ], [ 2.23881, 6.44274 ], [ 2.23881, 6.44328 ], [ 2.23818, 6.44392 ], [ 2.23745, 6.4441 ], [ 2.23664, 6.44364 ], [ 2.23619, 6.444 ], [ 2.23601, 6.44355 ], [ 2.23673, 6.44274 ], [ 2.23791, 6.44301 ], [ 2.23809, 6.44265 ], [ 2.23691, 6.44238 ], [ 2.23664, 6.44183 ], [ 2.23547, 6.44165 ], [ 2.23492, 6.44111 ], [ 2.23456, 6.43993 ], [ 2.23502, 6.43957 ], [ 2.23493, 6.43903 ], [ 2.23456, 6.43912 ], [ 2.23456, 6.43975 ], [ 2.23375, 6.43993 ], [ 2.23339, 6.4411 ], [ 2.23302, 6.44074 ], [ 2.23303, 6.44011 ], [ 2.23348, 6.43975 ], [ 2.2333, 6.43929 ], [ 2.23266, 6.43957 ], [ 2.23266, 6.44056 ], [ 2.23212, 6.44056 ], [ 2.23149, 6.4411 ], [ 2.23122, 6.44056 ], [ 2.23031, 6.44092 ], [ 2.22968, 6.44047 ], [ 2.22959, 6.43974 ], [ 2.23031, 6.43965 ], [ 2.23068, 6.43884 ], [ 2.23014, 6.43748 ], [ 2.23068, 6.43739 ], [ 2.23167, 6.43812 ], [ 2.23213, 6.43766 ], [ 2.23077, 6.43694 ], [ 2.23104, 6.43676 ], [ 2.23086, 6.4364 ], [ 2.2305, 6.4364 ], [ 2.23059, 6.43685 ], [ 2.23032, 6.43685 ], [ 2.22942, 6.43504 ], [ 2.22887, 6.43522 ], [ 2.22878, 6.43576 ], [ 2.22797, 6.43531 ], [ 2.22906, 6.43422 ], [ 2.22969, 6.43422 ], [ 2.23059, 6.43486 ], [ 2.23095, 6.43477 ], [ 2.23086, 6.43441 ], [ 2.23104, 6.43486 ], [ 2.23141, 6.43486 ], [ 2.2314, 6.43631 ], [ 2.23186, 6.43595 ], [ 2.2324, 6.43604 ], [ 2.23258, 6.43558 ], [ 2.23339, 6.43568 ], [ 2.2333, 6.43513 ], [ 2.23367, 6.43513 ], [ 2.2334, 6.43468 ], [ 2.23312, 6.43459 ], [ 2.23285, 6.43513 ], [ 2.23222, 6.43504 ], [ 2.23222, 6.43477 ], [ 2.23285, 6.43441 ], [ 2.23304, 6.4335 ], [ 2.23385, 6.43305 ], [ 2.23439, 6.43314 ], [ 2.23457, 6.43278 ], [ 2.23412, 6.43224 ], [ 2.2334, 6.43251 ], [ 2.23322, 6.43296 ], [ 2.23231, 6.43269 ], [ 2.23204, 6.43206 ], [ 2.23241, 6.43106 ], [ 2.23186, 6.43052 ], [ 2.23159, 6.43088 ], [ 2.23186, 6.43187 ], [ 2.2315, 6.43214 ], [ 2.23222, 6.43332 ], [ 2.23159, 6.43459 ], [ 2.23068, 6.43359 ], [ 2.23005, 6.43395 ], [ 2.23042, 6.43214 ], [ 2.22996, 6.43169 ], [ 2.22924, 6.43241 ], [ 2.22942, 6.43142 ], [ 2.22915, 6.43087 ], [ 2.22942, 6.4306 ], [ 2.22978, 6.43124 ], [ 2.23069, 6.43133 ], [ 2.23105, 6.42988 ], [ 2.23024, 6.42952 ], [ 2.22933, 6.42979 ], [ 2.22906, 6.42907 ], [ 2.22843, 6.42888 ], [ 2.22861, 6.42825 ], [ 2.22825, 6.42816 ], [ 2.22789, 6.42897 ], [ 2.22744, 6.42879 ], [ 2.22689, 6.42915 ], [ 2.22788, 6.4316 ], [ 2.22725, 6.43205 ], [ 2.22671, 6.43169 ], [ 2.22607, 6.43187 ], [ 2.22662, 6.43241 ], [ 2.22634, 6.43358 ], [ 2.22725, 6.43313 ], [ 2.22761, 6.43332 ], [ 2.22725, 6.43422 ], [ 2.22652, 6.43395 ], [ 2.22616, 6.43458 ], [ 2.22652, 6.43585 ], [ 2.22715, 6.43621 ], [ 2.22679, 6.43693 ], [ 2.22552, 6.43666 ], [ 2.22534, 6.43702 ], [ 2.22643, 6.43757 ], [ 2.22679, 6.43702 ], [ 2.22697, 6.43784 ], [ 2.22833, 6.43856 ], [ 2.22787, 6.43892 ], [ 2.2276, 6.44046 ], [ 2.22877, 6.44101 ], [ 2.22787, 6.44182 ], [ 2.22814, 6.44282 ], [ 2.22795, 6.44426 ], [ 2.2275, 6.44471 ], [ 2.22859, 6.44553 ], [ 2.22822, 6.44616 ], [ 2.2284, 6.44671 ], [ 2.22895, 6.44671 ], [ 2.22885, 6.44725 ], [ 2.22831, 6.44716 ], [ 2.22768, 6.44797 ], [ 2.22849, 6.44833 ], [ 2.22867, 6.44779 ], [ 2.22949, 6.44806 ], [ 2.22912, 6.44861 ], [ 2.2293, 6.44933 ], [ 2.22804, 6.44897 ], [ 2.2284, 6.45051 ] ], [ [ 2.22949, 6.44508 ], [ 2.22877, 6.44381 ], [ 2.22877, 6.44354 ], [ 2.2294, 6.44354 ], [ 2.22913, 6.44327 ], [ 2.22922, 6.44236 ], [ 2.23049, 6.44128 ], [ 2.23121, 6.44164 ], [ 2.23194, 6.44137 ], [ 2.23167, 6.44201 ], [ 2.23212, 6.44264 ], [ 2.23185, 6.44318 ], [ 2.23148, 6.44309 ], [ 2.23148, 6.44382 ], [ 2.23112, 6.44418 ], [ 2.23157, 6.44436 ], [ 2.23193, 6.444 ], [ 2.23202, 6.44454 ], [ 2.23121, 6.44454 ], [ 2.23076, 6.44544 ], [ 2.22949, 6.44508 ] ] ], [ [ [ 2.27535, 6.44107 ], [ 2.27508, 6.44053 ], [ 2.27544, 6.44026 ], [ 2.27544, 6.43963 ], [ 2.27481, 6.43999 ], [ 2.27472, 6.43945 ], [ 2.27517, 6.43908 ], [ 2.27572, 6.43918 ], [ 2.27545, 6.43809 ], [ 2.27364, 6.43782 ], [ 2.27336, 6.43972 ], [ 2.27372, 6.43999 ], [ 2.27427, 6.43972 ], [ 2.27427, 6.44017 ], [ 2.27372, 6.44017 ], [ 2.27372, 6.44062 ], [ 2.27445, 6.44098 ], [ 2.27436, 6.44053 ], [ 2.27463, 6.44017 ], [ 2.2749, 6.44017 ], [ 2.27463, 6.44144 ], [ 2.27535, 6.44107 ] ] ], [ [ [ 2.26459, 6.44278 ], [ 2.26522, 6.44178 ], [ 2.26567, 6.44169 ], [ 2.26459, 6.44124 ], [ 2.26495, 6.44034 ], [ 2.26441, 6.44006 ], [ 2.26314, 6.44033 ], [ 2.26305, 6.44088 ], [ 2.26405, 6.44061 ], [ 2.26414, 6.44115 ], [ 2.26441, 6.44115 ], [ 2.26486, 6.44178 ], [ 2.26468, 6.44224 ], [ 2.26432, 6.44224 ], [ 2.2645, 6.4416 ], [ 2.26423, 6.44124 ], [ 2.26404, 6.44251 ], [ 2.26459, 6.44278 ] ] ], [ [ [ 2.23038, 6.45277 ], [ 2.23066, 6.45087 ], [ 2.23021, 6.45033 ], [ 2.2303, 6.45105 ], [ 2.22975, 6.45105 ], [ 2.22939, 6.45168 ], [ 2.22966, 6.45195 ], [ 2.23002, 6.45141 ], [ 2.23011, 6.45196 ], [ 2.22921, 6.45241 ], [ 2.22921, 6.45295 ], [ 2.22984, 6.45322 ], [ 2.23038, 6.45277 ] ] ], [ [ [ 2.27297, 6.46306 ], [ 2.27333, 6.46306 ], [ 2.27342, 6.46251 ], [ 2.27279, 6.46206 ], [ 2.2717, 6.46269 ], [ 2.27224, 6.46378 ], [ 2.27297, 6.46387 ], [ 2.27297, 6.46306 ] ] ], [ [ [ 2.22611, 6.46624 ], [ 2.22684, 6.46543 ], [ 2.22702, 6.46471 ], [ 2.22584, 6.46407 ], [ 2.22539, 6.46479 ], [ 2.22584, 6.46498 ], [ 2.22566, 6.46624 ], [ 2.22611, 6.46624 ] ] ], [ [ [ 2.27332, 6.46704 ], [ 2.27432, 6.46613 ], [ 2.2745, 6.46532 ], [ 2.27514, 6.46532 ], [ 2.27505, 6.46369 ], [ 2.27469, 6.46378 ], [ 2.27468, 6.46478 ], [ 2.27369, 6.46523 ], [ 2.27378, 6.46559 ], [ 2.27287, 6.46523 ], [ 2.27332, 6.46704 ] ] ], [ [ [ 2.23579, 6.4668 ], [ 2.23588, 6.46608 ], [ 2.23624, 6.4659 ], [ 2.23597, 6.46526 ], [ 2.23425, 6.46562 ], [ 2.23434, 6.46598 ], [ 2.23525, 6.46617 ], [ 2.23525, 6.46653 ], [ 2.23461, 6.46671 ], [ 2.23434, 6.46607 ], [ 2.23353, 6.46625 ], [ 2.23344, 6.46689 ], [ 2.23416, 6.4668 ], [ 2.23416, 6.46716 ], [ 2.23479, 6.46716 ], [ 2.23579, 6.4668 ] ] ], [ [ [ 2.24962, 6.47053 ], [ 2.25008, 6.46908 ], [ 2.25071, 6.47008 ], [ 2.25116, 6.46999 ], [ 2.25053, 6.46899 ], [ 2.25089, 6.46863 ], [ 2.25026, 6.46782 ], [ 2.25053, 6.46727 ], [ 2.24945, 6.46782 ], [ 2.2499, 6.46836 ], [ 2.2499, 6.46899 ], [ 2.24872, 6.46908 ], [ 2.24818, 6.46971 ], [ 2.248, 6.46926 ], [ 2.24908, 6.46827 ], [ 2.24863, 6.46781 ], [ 2.24818, 6.46772 ], [ 2.24709, 6.46872 ], [ 2.24673, 6.46835 ], [ 2.24628, 6.46835 ], [ 2.2461, 6.46881 ], [ 2.2451, 6.46853 ], [ 2.24574, 6.46908 ], [ 2.24546, 6.46989 ], [ 2.24619, 6.46944 ], [ 2.24619, 6.46872 ], [ 2.24682, 6.46881 ], [ 2.24682, 6.46971 ], [ 2.24628, 6.46944 ], [ 2.24691, 6.46989 ], [ 2.24682, 6.47035 ], [ 2.24745, 6.46989 ], [ 2.24809, 6.47017 ], [ 2.24845, 6.46971 ], [ 2.24962, 6.47053 ] ] ], [ [ [ 2.25342, 6.47307 ], [ 2.25279, 6.47225 ], [ 2.25333, 6.47153 ], [ 2.25188, 6.47162 ], [ 2.25188, 6.47117 ], [ 2.25242, 6.47126 ], [ 2.25243, 6.47081 ], [ 2.25179, 6.47044 ], [ 2.25116, 6.47071 ], [ 2.25061, 6.4727 ], [ 2.25107, 6.47252 ], [ 2.25161, 6.47153 ], [ 2.25188, 6.47207 ], [ 2.25251, 6.47189 ], [ 2.25287, 6.47343 ], [ 2.25342, 6.47307 ] ] ], [ [ [ 2.22918, 6.47421 ], [ 2.22963, 6.47403 ], [ 2.22963, 6.47303 ], [ 2.22918, 6.47294 ], [ 2.22918, 6.47376 ], [ 2.22863, 6.47394 ], [ 2.22836, 6.47385 ], [ 2.22836, 6.47357 ], [ 2.22854, 6.47376 ], [ 2.22891, 6.4733 ], [ 2.22827, 6.47303 ], [ 2.22818, 6.47448 ], [ 2.22927, 6.47457 ], [ 2.22918, 6.47421 ] ] ], [ [ [ 2.24057, 6.47631 ], [ 2.2413, 6.47459 ], [ 2.24102, 6.47423 ], [ 2.2403, 6.47432 ], [ 2.24021, 6.47314 ], [ 2.23958, 6.4735 ], [ 2.23849, 6.47341 ], [ 2.23831, 6.47395 ], [ 2.23813, 6.47368 ], [ 2.23831, 6.47431 ], [ 2.23867, 6.47413 ], [ 2.23867, 6.47495 ], [ 2.23912, 6.47486 ], [ 2.23931, 6.47431 ], [ 2.23985, 6.47495 ], [ 2.23976, 6.47549 ], [ 2.24066, 6.47567 ], [ 2.24057, 6.47631 ] ] ], [ [ [ 2.24725, 6.48428 ], [ 2.24861, 6.48392 ], [ 2.25033, 6.4822 ], [ 2.24924, 6.48211 ], [ 2.24915, 6.48166 ], [ 2.24961, 6.4813 ], [ 2.24925, 6.48048 ], [ 2.24997, 6.48039 ], [ 2.24979, 6.47903 ], [ 2.25015, 6.47903 ], [ 2.25096, 6.48003 ], [ 2.25133, 6.47976 ], [ 2.25051, 6.47867 ], [ 2.2507, 6.47786 ], [ 2.25124, 6.47768 ], [ 2.25052, 6.47723 ], [ 2.25124, 6.47668 ], [ 2.25061, 6.4756 ], [ 2.25079, 6.47587 ], [ 2.25124, 6.47569 ], [ 2.25115, 6.47533 ], [ 2.25034, 6.47533 ], [ 2.25052, 6.47397 ], [ 2.2498, 6.47406 ], [ 2.25061, 6.47334 ], [ 2.24998, 6.47234 ], [ 2.25052, 6.4718 ], [ 2.25034, 6.47153 ], [ 2.24935, 6.47089 ], [ 2.2489, 6.47125 ], [ 2.24899, 6.47071 ], [ 2.24863, 6.47062 ], [ 2.24772, 6.47197 ], [ 2.24627, 6.47252 ], [ 2.24645, 6.47161 ], [ 2.24718, 6.4717 ], [ 2.24754, 6.47116 ], [ 2.247, 6.47125 ], [ 2.24646, 6.47053 ], [ 2.246, 6.47052 ], [ 2.24528, 6.47116 ], [ 2.24591, 6.47188 ], [ 2.24573, 6.47315 ], [ 2.24546, 6.47324 ], [ 2.24591, 6.47487 ], [ 2.24518, 6.47514 ], [ 2.24554, 6.47532 ], [ 2.24554, 6.47622 ], [ 2.24636, 6.47641 ], [ 2.24582, 6.47604 ], [ 2.24582, 6.4755 ], [ 2.24627, 6.4755 ], [ 2.24627, 6.47451 ], [ 2.24699, 6.47451 ], [ 2.24708, 6.47396 ], [ 2.24745, 6.47415 ], [ 2.24763, 6.47496 ], [ 2.24817, 6.47478 ], [ 2.24835, 6.47541 ], [ 2.24871, 6.47523 ], [ 2.24862, 6.47442 ], [ 2.24907, 6.47487 ], [ 2.24989, 6.47469 ], [ 2.25016, 6.47514 ], [ 2.2498, 6.47551 ], [ 2.25034, 6.47614 ], [ 2.24925, 6.47659 ], [ 2.24943, 6.47759 ], [ 2.24898, 6.47777 ], [ 2.24907, 6.4765 ], [ 2.24871, 6.47614 ], [ 2.2478, 6.47623 ], [ 2.24726, 6.47559 ], [ 2.24654, 6.47577 ], [ 2.2469, 6.47758 ], [ 2.24617, 6.47803 ], [ 2.24572, 6.4774 ], [ 2.24518, 6.47749 ], [ 2.245, 6.47695 ], [ 2.24473, 6.47722 ], [ 2.2441, 6.47685 ], [ 2.24419, 6.47658 ], [ 2.24491, 6.47686 ], [ 2.24482, 6.47559 ], [ 2.24356, 6.47504 ], [ 2.24346, 6.47577 ], [ 2.24283, 6.47559 ], [ 2.24265, 6.47613 ], [ 2.24337, 6.47676 ], [ 2.24337, 6.4774 ], [ 2.24391, 6.47812 ], [ 2.24346, 6.47884 ], [ 2.24373, 6.47993 ], [ 2.24409, 6.47993 ], [ 2.24427, 6.4793 ], [ 2.24481, 6.47993 ], [ 2.24436, 6.47993 ], [ 2.24364, 6.48065 ], [ 2.24328, 6.47948 ], [ 2.24273, 6.48056 ], [ 2.24156, 6.47984 ], [ 2.24156, 6.48038 ], [ 2.24102, 6.48038 ], [ 2.24074, 6.48128 ], [ 2.24165, 6.48119 ], [ 2.24174, 6.48083 ], [ 2.24228, 6.48092 ], [ 2.24237, 6.48129 ], [ 2.24156, 6.48183 ], [ 2.24011, 6.48146 ], [ 2.24011, 6.48191 ], [ 2.24083, 6.48237 ], [ 2.24174, 6.4821 ], [ 2.24174, 6.48273 ], [ 2.24219, 6.48273 ], [ 2.24345, 6.48391 ], [ 2.24309, 6.48291 ], [ 2.24372, 6.48319 ], [ 2.24382, 6.48183 ], [ 2.24327, 6.48192 ], [ 2.24309, 6.48147 ], [ 2.24391, 6.48129 ], [ 2.24418, 6.48074 ], [ 2.24481, 6.48084 ], [ 2.24527, 6.47984 ], [ 2.24545, 6.48029 ], [ 2.24599, 6.4803 ], [ 2.24626, 6.47912 ], [ 2.24662, 6.47903 ], [ 2.24708, 6.47975 ], [ 2.24753, 6.47957 ], [ 2.24735, 6.48021 ], [ 2.24789, 6.48057 ], [ 2.24771, 6.48147 ], [ 2.24807, 6.48147 ], [ 2.24807, 6.48111 ], [ 2.2487, 6.4812 ], [ 2.24843, 6.48129 ], [ 2.2487, 6.48138 ], [ 2.24861, 6.48365 ], [ 2.24752, 6.48328 ], [ 2.24779, 6.48374 ], [ 2.24707, 6.48373 ], [ 2.24725, 6.48428 ] ] ], [ [ [ 2.25304, 6.48031 ], [ 2.25422, 6.47904 ], [ 2.25386, 6.47868 ], [ 2.25449, 6.47823 ], [ 2.25404, 6.47814 ], [ 2.25404, 6.47741 ], [ 2.25323, 6.47651 ], [ 2.25305, 6.47687 ], [ 2.25368, 6.47723 ], [ 2.25368, 6.47823 ], [ 2.25323, 6.47859 ], [ 2.25323, 6.47931 ], [ 2.25223, 6.47958 ], [ 2.25214, 6.48012 ], [ 2.25295, 6.47994 ], [ 2.25304, 6.48031 ] ] ], [ [ [ 2.25982, 6.48683 ], [ 2.26036, 6.48602 ], [ 2.25946, 6.48611 ], [ 2.25928, 6.48583 ], [ 2.26036, 6.48529 ], [ 2.26081, 6.48638 ], [ 2.26127, 6.48629 ], [ 2.26154, 6.48557 ], [ 2.26082, 6.48529 ], [ 2.26073, 6.48484 ], [ 2.26127, 6.48475 ], [ 2.26136, 6.48439 ], [ 2.26082, 6.48412 ], [ 2.26027, 6.48475 ], [ 2.25937, 6.48276 ], [ 2.25856, 6.48366 ], [ 2.25765, 6.48384 ], [ 2.25783, 6.48429 ], [ 2.25856, 6.48429 ], [ 2.25892, 6.48466 ], [ 2.25919, 6.48565 ], [ 2.25856, 6.48493 ], [ 2.2581, 6.48502 ], [ 2.2581, 6.48538 ], [ 2.25747, 6.48502 ], [ 2.2572, 6.48384 ], [ 2.25811, 6.48321 ], [ 2.25612, 6.48339 ], [ 2.25675, 6.48248 ], [ 2.25612, 6.48176 ], [ 2.25548, 6.48203 ], [ 2.25594, 6.48293 ], [ 2.25458, 6.48293 ], [ 2.25467, 6.48167 ], [ 2.25431, 6.48166 ], [ 2.25349, 6.48212 ], [ 2.25358, 6.48248 ], [ 2.25304, 6.48257 ], [ 2.25304, 6.48338 ], [ 2.25241, 6.48347 ], [ 2.25241, 6.48392 ], [ 2.25295, 6.48347 ], [ 2.25413, 6.48365 ], [ 2.25458, 6.48338 ], [ 2.2553, 6.48393 ], [ 2.25584, 6.48366 ], [ 2.25557, 6.48474 ], [ 2.25638, 6.48465 ], [ 2.2562, 6.48547 ], [ 2.25738, 6.48493 ], [ 2.25756, 6.48628 ], [ 2.25873, 6.48583 ], [ 2.25982, 6.48683 ] ] ], [ [ [ 2.21666, 6.49518 ], [ 2.21766, 6.49301 ], [ 2.21865, 6.49319 ], [ 2.21811, 6.49238 ], [ 2.21893, 6.49156 ], [ 2.21947, 6.49156 ], [ 2.21956, 6.49093 ], [ 2.22038, 6.49048 ], [ 2.22002, 6.49093 ], [ 2.22001, 6.49184 ], [ 2.22047, 6.49202 ], [ 2.22047, 6.49238 ], [ 2.21992, 6.49319 ], [ 2.22055, 6.4931 ], [ 2.22082, 6.49365 ], [ 2.22064, 6.49428 ], [ 2.22173, 6.4951 ], [ 2.22191, 6.49419 ], [ 2.22137, 6.49455 ], [ 2.22155, 6.49347 ], [ 2.22083, 6.4931 ], [ 2.22074, 6.49184 ], [ 2.22038, 6.49156 ], [ 2.22092, 6.49111 ], [ 2.22047, 6.49012 ], [ 2.22128, 6.48949 ], [ 2.22219, 6.48958 ], [ 2.22246, 6.48913 ], [ 2.22291, 6.49003 ], [ 2.22336, 6.48994 ], [ 2.22418, 6.48913 ], [ 2.224, 6.48868 ], [ 2.22463, 6.48868 ], [ 2.22518, 6.48786 ], [ 2.22599, 6.48777 ], [ 2.22698, 6.48904 ], [ 2.22753, 6.48895 ], [ 2.22771, 6.4895 ], [ 2.22698, 6.48968 ], [ 2.22752, 6.49022 ], [ 2.22879, 6.48986 ], [ 2.22906, 6.48778 ], [ 2.22825, 6.48877 ], [ 2.22744, 6.48832 ], [ 2.22689, 6.48841 ], [ 2.22653, 6.48633 ], [ 2.22699, 6.48633 ], [ 2.22807, 6.48488 ], [ 2.22825, 6.48597 ], [ 2.2288, 6.48597 ], [ 2.22898, 6.48543 ], [ 2.22862, 6.48452 ], [ 2.2297, 6.48353 ], [ 2.23025, 6.48389 ], [ 2.23052, 6.48262 ], [ 2.23178, 6.48398 ], [ 2.23151, 6.4848 ], [ 2.23205, 6.48462 ], [ 2.23215, 6.48317 ], [ 2.23115, 6.48281 ], [ 2.23106, 6.48172 ], [ 2.23152, 6.48181 ], [ 2.23251, 6.48299 ], [ 2.23251, 6.48389 ], [ 2.23323, 6.48389 ], [ 2.23332, 6.48353 ], [ 2.23287, 6.48326 ], [ 2.23305, 6.48254 ], [ 2.23215, 6.48236 ], [ 2.23197, 6.48163 ], [ 2.23143, 6.48127 ], [ 2.2317, 6.48045 ], [ 2.23233, 6.48055 ], [ 2.23278, 6.48018 ], [ 2.23288, 6.47856 ], [ 2.23315, 6.47964 ], [ 2.23396, 6.47992 ], [ 2.23487, 6.47946 ], [ 2.23441, 6.4801 ], [ 2.23486, 6.48046 ], [ 2.23414, 6.48073 ], [ 2.23459, 6.48136 ], [ 2.23414, 6.48209 ], [ 2.23432, 6.48254 ], [ 2.23477, 6.48254 ], [ 2.23468, 6.48191 ], [ 2.23522, 6.48164 ], [ 2.23505, 6.48019 ], [ 2.23532, 6.4801 ], [ 2.23586, 6.48055 ], [ 2.23658, 6.48037 ], [ 2.23622, 6.48119 ], [ 2.23767, 6.48191 ], [ 2.23794, 6.48318 ], [ 2.23884, 6.48255 ], [ 2.23984, 6.48282 ], [ 2.23984, 6.48246 ], [ 2.23947, 6.48246 ], [ 2.23957, 6.48191 ], [ 2.2374, 6.48092 ], [ 2.23767, 6.48046 ], [ 2.23821, 6.48074 ], [ 2.23812, 6.47983 ], [ 2.23875, 6.47974 ], [ 2.23876, 6.47947 ], [ 2.23776, 6.47956 ], [ 2.23758, 6.47884 ], [ 2.23821, 6.47866 ], [ 2.23894, 6.47739 ], [ 2.23867, 6.4773 ], [ 2.23794, 6.47811 ], [ 2.23686, 6.47802 ], [ 2.23677, 6.47829 ], [ 2.23623, 6.47775 ], [ 2.2365, 6.47856 ], [ 2.2355, 6.47919 ], [ 2.23433, 6.4782 ], [ 2.23315, 6.47838 ], [ 2.23378, 6.47693 ], [ 2.23351, 6.47675 ], [ 2.23324, 6.47756 ], [ 2.23243, 6.47792 ], [ 2.23233, 6.47874 ], [ 2.23179, 6.47874 ], [ 2.23116, 6.47801 ], [ 2.23016, 6.47864 ], [ 2.22962, 6.47828 ], [ 2.22962, 6.47729 ], [ 2.22863, 6.47547 ], [ 2.22854, 6.47611 ], [ 2.2289, 6.47656 ], [ 2.22854, 6.47674 ], [ 2.22899, 6.47683 ], [ 2.22908, 6.47747 ], [ 2.22845, 6.47828 ], [ 2.2289, 6.47828 ], [ 2.22917, 6.47891 ], [ 2.22962, 6.47882 ], [ 2.22953, 6.47918 ], [ 2.22854, 6.479 ], [ 2.22826, 6.47846 ], [ 2.22718, 6.47782 ], [ 2.22727, 6.47828 ], [ 2.22691, 6.47846 ], [ 2.22709, 6.48 ], [ 2.22573, 6.48026 ], [ 2.22519, 6.47999 ], [ 2.22546, 6.4809 ], [ 2.22491, 6.4809 ], [ 2.22491, 6.48171 ], [ 2.22509, 6.48189 ], [ 2.22519, 6.48144 ], [ 2.22582, 6.48144 ], [ 2.22609, 6.48099 ], [ 2.22718, 6.48108 ], [ 2.22718, 6.48027 ], [ 2.22781, 6.47991 ], [ 2.22754, 6.48081 ], [ 2.22808, 6.48135 ], [ 2.22745, 6.48171 ], [ 2.22744, 6.48271 ], [ 2.22781, 6.48262 ], [ 2.22808, 6.48307 ], [ 2.22726, 6.48298 ], [ 2.22726, 6.48343 ], [ 2.2279, 6.48362 ], [ 2.22826, 6.48334 ], [ 2.22817, 6.48235 ], [ 2.2288, 6.4828 ], [ 2.22971, 6.48253 ], [ 2.22971, 6.48289 ], [ 2.22835, 6.48325 ], [ 2.2288, 6.48389 ], [ 2.2269, 6.48506 ], [ 2.22635, 6.48615 ], [ 2.22545, 6.48651 ], [ 2.22527, 6.48605 ], [ 2.22618, 6.48425 ], [ 2.22554, 6.48415 ], [ 2.22518, 6.48479 ], [ 2.22509, 6.48415 ], [ 2.2231, 6.48343 ], [ 2.22328, 6.48424 ], [ 2.22391, 6.48442 ], [ 2.22427, 6.48524 ], [ 2.22482, 6.48542 ], [ 2.22436, 6.4866 ], [ 2.22527, 6.48678 ], [ 2.22518, 6.48705 ], [ 2.22391, 6.48777 ], [ 2.22282, 6.48741 ], [ 2.22264, 6.48768 ], [ 2.22309, 6.48831 ], [ 2.22165, 6.48858 ], [ 2.22137, 6.48921 ], [ 2.22029, 6.48921 ], [ 2.22011, 6.48894 ], [ 2.22011, 6.48976 ], [ 2.21884, 6.4893 ], [ 2.21947, 6.4903 ], [ 2.21839, 6.49066 ], [ 2.21839, 6.49156 ], [ 2.21748, 6.49156 ], [ 2.21739, 6.49219 ], [ 2.21648, 6.49283 ], [ 2.21685, 6.49301 ], [ 2.21666, 6.49373 ], [ 2.21567, 6.494 ], [ 2.21603, 6.49427 ], [ 2.21576, 6.49472 ], [ 2.21648, 6.49463 ], [ 2.21621, 6.49509 ], [ 2.21666, 6.49518 ] ], [ [ 2.2298, 6.48181 ], [ 2.22925, 6.48217 ], [ 2.22916, 6.48145 ], [ 2.2288, 6.48136 ], [ 2.22944, 6.48127 ], [ 2.22853, 6.48027 ], [ 2.2289, 6.47955 ], [ 2.22926, 6.47964 ], [ 2.22926, 6.48054 ], [ 2.23052, 6.48018 ], [ 2.2307, 6.48118 ], [ 2.23106, 6.481 ], [ 2.23034, 6.48226 ], [ 2.2298, 6.48181 ] ] ], [ [ [ 2.25836, 6.49289 ], [ 2.25927, 6.49226 ], [ 2.25927, 6.49153 ], [ 2.25945, 6.49189 ], [ 2.2599, 6.49181 ], [ 2.25999, 6.49072 ], [ 2.25963, 6.49045 ], [ 2.26018, 6.49009 ], [ 2.26027, 6.48945 ], [ 2.25972, 6.49 ], [ 2.25936, 6.48972 ], [ 2.26045, 6.48882 ], [ 2.26027, 6.48846 ], [ 2.25954, 6.48873 ], [ 2.25946, 6.48782 ], [ 2.259, 6.48791 ], [ 2.259, 6.48846 ], [ 2.25837, 6.48837 ], [ 2.25864, 6.48891 ], [ 2.25819, 6.48918 ], [ 2.25828, 6.48954 ], [ 2.25801, 6.48918 ], [ 2.25737, 6.48954 ], [ 2.25728, 6.48873 ], [ 2.25629, 6.48881 ], [ 2.25593, 6.48809 ], [ 2.25548, 6.48809 ], [ 2.25547, 6.48954 ], [ 2.25484, 6.48981 ], [ 2.25421, 6.488 ], [ 2.25376, 6.48791 ], [ 2.25349, 6.48818 ], [ 2.25367, 6.48872 ], [ 2.25303, 6.48881 ], [ 2.25312, 6.48745 ], [ 2.25376, 6.48727 ], [ 2.25358, 6.48619 ], [ 2.25313, 6.48628 ], [ 2.25331, 6.48673 ], [ 2.25267, 6.48619 ], [ 2.25204, 6.48618 ], [ 2.25195, 6.48664 ], [ 2.25141, 6.48682 ], [ 2.25159, 6.4879 ], [ 2.25113, 6.48844 ], [ 2.25077, 6.48826 ], [ 2.25059, 6.48654 ], [ 2.25096, 6.48645 ], [ 2.25096, 6.48573 ], [ 2.25059, 6.48627 ], [ 2.25014, 6.4851 ], [ 2.2496, 6.48555 ], [ 2.25005, 6.48663 ], [ 2.24906, 6.48663 ], [ 2.24915, 6.48699 ], [ 2.24797, 6.48681 ], [ 2.24806, 6.48754 ], [ 2.24743, 6.48744 ], [ 2.24815, 6.486 ], [ 2.24906, 6.48627 ], [ 2.24951, 6.48428 ], [ 2.25014, 6.48428 ], [ 2.25132, 6.48329 ], [ 2.25123, 6.4822 ], [ 2.24888, 6.48437 ], [ 2.24788, 6.48564 ], [ 2.24779, 6.48627 ], [ 2.24679, 6.48645 ], [ 2.24715, 6.48744 ], [ 2.24833, 6.48826 ], [ 2.24806, 6.48862 ], [ 2.24724, 6.48862 ], [ 2.24742, 6.48889 ], [ 2.24806, 6.48907 ], [ 2.2486, 6.48871 ], [ 2.24851, 6.48826 ], [ 2.24905, 6.48835 ], [ 2.24896, 6.4888 ], [ 2.24941, 6.48926 ], [ 2.24842, 6.48935 ], [ 2.24851, 6.48962 ], [ 2.24987, 6.48944 ], [ 2.25041, 6.48853 ], [ 2.2505, 6.48908 ], [ 2.25149, 6.4889 ], [ 2.25213, 6.48935 ], [ 2.25385, 6.48953 ], [ 2.25466, 6.49053 ], [ 2.2552, 6.49062 ], [ 2.25556, 6.48945 ], [ 2.25629, 6.48927 ], [ 2.25719, 6.49008 ], [ 2.25701, 6.49053 ], [ 2.25683, 6.49008 ], [ 2.25638, 6.49026 ], [ 2.25683, 6.49072 ], [ 2.25683, 6.49144 ], [ 2.25773, 6.49153 ], [ 2.25746, 6.49035 ], [ 2.2581, 6.49017 ], [ 2.25782, 6.49054 ], [ 2.25809, 6.49153 ], [ 2.25864, 6.49153 ], [ 2.25809, 6.49253 ], [ 2.25836, 6.49289 ] ] ], [ [ [ 2.26298, 6.49 ], [ 2.2628, 6.48928 ], [ 2.26352, 6.48882 ], [ 2.26343, 6.48846 ], [ 2.26289, 6.48873 ], [ 2.26217, 6.48828 ], [ 2.26108, 6.48864 ], [ 2.26126, 6.48991 ], [ 2.26235, 6.48982 ], [ 2.26244, 6.49054 ], [ 2.26298, 6.49 ] ] ], [ [ [ 2.23394, 6.49104 ], [ 2.23349, 6.49086 ], [ 2.2334, 6.49005 ], [ 2.23377, 6.48969 ], [ 2.23359, 6.48905 ], [ 2.23404, 6.48806 ], [ 2.23332, 6.48797 ], [ 2.23286, 6.48941 ], [ 2.23313, 6.49077 ], [ 2.23277, 6.49113 ], [ 2.23394, 6.49104 ] ] ], [ [ [ 2.25122, 6.49351 ], [ 2.25085, 6.49315 ], [ 2.25031, 6.49351 ], [ 2.25004, 6.49306 ], [ 2.25113, 6.49279 ], [ 2.25267, 6.49143 ], [ 2.25176, 6.49152 ], [ 2.25167, 6.49062 ], [ 2.25086, 6.49034 ], [ 2.25068, 6.4908 ], [ 2.25131, 6.49107 ], [ 2.2505, 6.49134 ], [ 2.2504, 6.49242 ], [ 2.2495, 6.49278 ], [ 2.24841, 6.49251 ], [ 2.24823, 6.49296 ], [ 2.24868, 6.49351 ], [ 2.24923, 6.49315 ], [ 2.24986, 6.49324 ], [ 2.25004, 6.49405 ], [ 2.25049, 6.49369 ], [ 2.25094, 6.49414 ], [ 2.25122, 6.49351 ] ] ], [ [ [ 2.25664, 6.49415 ], [ 2.25673, 6.4937 ], [ 2.25592, 6.49397 ], [ 2.25583, 6.49334 ], [ 2.25619, 6.49289 ], [ 2.25583, 6.49243 ], [ 2.25502, 6.49261 ], [ 2.2552, 6.49198 ], [ 2.25429, 6.49225 ], [ 2.25456, 6.49315 ], [ 2.25556, 6.49334 ], [ 2.25547, 6.49379 ], [ 2.25601, 6.49406 ], [ 2.25592, 6.4946 ], [ 2.25664, 6.49415 ] ] ], [ [ [ 2.24036, 6.49485 ], [ 2.24163, 6.49332 ], [ 2.24082, 6.49286 ], [ 2.24082, 6.49214 ], [ 2.23901, 6.49358 ], [ 2.23919, 6.49395 ], [ 2.23973, 6.49368 ], [ 2.23982, 6.49458 ], [ 2.24036, 6.49485 ] ] ], [ [ [ 2.26631, 6.49869 ], [ 2.2674, 6.49706 ], [ 2.26858, 6.49688 ], [ 2.26867, 6.49797 ], [ 2.26939, 6.49842 ], [ 2.26966, 6.49824 ], [ 2.26948, 6.49752 ], [ 2.26975, 6.49698 ], [ 2.2693, 6.49716 ], [ 2.26912, 6.49679 ], [ 2.26948, 6.49661 ], [ 2.27048, 6.49707 ], [ 2.26985, 6.49607 ], [ 2.27075, 6.49544 ], [ 2.27003, 6.49499 ], [ 2.2703, 6.49426 ], [ 2.26958, 6.49435 ], [ 2.27039, 6.49363 ], [ 2.27048, 6.49273 ], [ 2.27003, 6.49281 ], [ 2.26931, 6.49408 ], [ 2.26903, 6.49372 ], [ 2.26849, 6.49399 ], [ 2.26723, 6.49353 ], [ 2.26677, 6.49371 ], [ 2.26677, 6.49435 ], [ 2.26713, 6.49408 ], [ 2.26713, 6.49471 ], [ 2.26804, 6.49516 ], [ 2.26758, 6.49544 ], [ 2.26758, 6.49607 ], [ 2.26695, 6.49589 ], [ 2.26713, 6.49706 ], [ 2.26641, 6.49733 ], [ 2.2665, 6.49788 ], [ 2.26595, 6.49797 ], [ 2.26559, 6.49851 ], [ 2.26613, 6.49815 ], [ 2.26631, 6.49869 ] ] ], [ [ [ 2.24524, 6.49694 ], [ 2.24587, 6.49667 ], [ 2.24597, 6.49577 ], [ 2.24533, 6.49558 ], [ 2.24524, 6.49631 ], [ 2.24488, 6.4964 ], [ 2.24479, 6.49576 ], [ 2.24524, 6.49504 ], [ 2.24488, 6.49513 ], [ 2.24479, 6.49459 ], [ 2.24353, 6.49449 ], [ 2.24353, 6.49531 ], [ 2.2447, 6.49558 ], [ 2.2437, 6.49667 ], [ 2.24488, 6.49658 ], [ 2.24488, 6.49748 ], [ 2.24542, 6.49739 ], [ 2.24524, 6.49694 ] ] ], [ [ [ 2.25193, 6.49921 ], [ 2.2513, 6.49903 ], [ 2.2513, 6.49849 ], [ 2.25193, 6.49849 ], [ 2.25175, 6.49731 ], [ 2.2523, 6.49758 ], [ 2.25248, 6.49704 ], [ 2.25284, 6.49704 ], [ 2.25293, 6.49749 ], [ 2.25338, 6.49686 ], [ 2.25383, 6.49731 ], [ 2.25483, 6.49723 ], [ 2.25429, 6.49614 ], [ 2.25456, 6.49469 ], [ 2.25329, 6.49487 ], [ 2.25302, 6.49541 ], [ 2.25257, 6.49487 ], [ 2.25176, 6.49514 ], [ 2.2523, 6.49568 ], [ 2.25275, 6.49541 ], [ 2.25311, 6.49605 ], [ 2.25284, 6.49659 ], [ 2.25148, 6.49659 ], [ 2.25157, 6.49804 ], [ 2.2513, 6.49831 ], [ 2.25076, 6.49812 ], [ 2.25094, 6.4993 ], [ 2.25166, 6.49939 ], [ 2.25193, 6.49921 ] ] ], [ [ [ 2.23031, 6.50072 ], [ 2.23085, 6.50027 ], [ 2.23058, 6.49981 ], [ 2.23077, 6.49909 ], [ 2.23113, 6.49882 ], [ 2.23032, 6.49782 ], [ 2.23168, 6.49611 ], [ 2.23204, 6.4962 ], [ 2.23176, 6.49683 ], [ 2.23222, 6.49692 ], [ 2.23258, 6.49602 ], [ 2.23294, 6.49593 ], [ 2.23294, 6.4952 ], [ 2.23258, 6.4952 ], [ 2.23285, 6.49556 ], [ 2.2324, 6.49611 ], [ 2.23213, 6.49593 ], [ 2.23267, 6.49466 ], [ 2.2324, 6.4943 ], [ 2.23068, 6.49411 ], [ 2.22933, 6.49456 ], [ 2.22932, 6.49538 ], [ 2.22969, 6.49529 ], [ 2.22969, 6.49565 ], [ 2.22932, 6.49583 ], [ 2.22914, 6.4971 ], [ 2.2276, 6.49746 ], [ 2.2276, 6.49818 ], [ 2.22842, 6.49746 ], [ 2.22869, 6.49773 ], [ 2.22887, 6.49872 ], [ 2.22851, 6.49809 ], [ 2.22769, 6.49827 ], [ 2.22751, 6.4989 ], [ 2.22841, 6.49927 ], [ 2.22887, 6.49891 ], [ 2.22959, 6.49918 ], [ 2.2295, 6.49864 ], [ 2.22986, 6.49845 ], [ 2.23004, 6.4999 ], [ 2.23049, 6.4999 ], [ 2.23049, 6.50017 ], [ 2.22986, 6.49999 ], [ 2.22986, 6.50054 ], [ 2.23031, 6.50072 ] ] ], [ [ [ 2.22534, 6.49881 ], [ 2.22444, 6.49854 ], [ 2.22444, 6.49827 ], [ 2.2248, 6.49836 ], [ 2.22507, 6.4979 ], [ 2.22561, 6.49836 ], [ 2.22561, 6.49745 ], [ 2.22462, 6.49781 ], [ 2.22435, 6.49718 ], [ 2.22408, 6.49727 ], [ 2.2238, 6.49836 ], [ 2.22444, 6.49881 ], [ 2.22471, 6.49863 ], [ 2.22471, 6.49899 ], [ 2.22534, 6.49881 ] ] ], [ [ [ 2.24913, 6.49984 ], [ 2.24994, 6.49948 ], [ 2.25012, 6.49803 ], [ 2.25076, 6.49812 ], [ 2.25022, 6.49713 ], [ 2.24976, 6.49722 ], [ 2.24976, 6.49821 ], [ 2.24904, 6.4983 ], [ 2.24859, 6.49894 ], [ 2.24867, 6.50038 ], [ 2.24922, 6.50038 ], [ 2.24913, 6.49984 ] ] ], [ [ [ 2.23275, 6.50117 ], [ 2.23339, 6.50126 ], [ 2.23339, 6.5009 ], [ 2.2323, 6.50045 ], [ 2.23266, 6.49982 ], [ 2.23194, 6.49936 ], [ 2.2323, 6.49882 ], [ 2.23149, 6.499 ], [ 2.23104, 6.49999 ], [ 2.23158, 6.49991 ], [ 2.23185, 6.50036 ], [ 2.23122, 6.50072 ], [ 2.23176, 6.50117 ], [ 2.23248, 6.50081 ], [ 2.23266, 6.50163 ], [ 2.23302, 6.50163 ], [ 2.23275, 6.50117 ] ] ], [ [ [ 2.24397, 6.50318 ], [ 2.24388, 6.50255 ], [ 2.24351, 6.50246 ], [ 2.24306, 6.50327 ], [ 2.24243, 6.502 ], [ 2.24098, 6.50191 ], [ 2.24162, 6.50073 ], [ 2.24306, 6.50137 ], [ 2.24343, 6.5011 ], [ 2.24343, 6.50047 ], [ 2.24316, 6.50028 ], [ 2.24234, 6.50083 ], [ 2.24216, 6.50037 ], [ 2.24298, 6.5001 ], [ 2.24261, 6.49974 ], [ 2.24198, 6.49992 ], [ 2.2418, 6.49929 ], [ 2.24108, 6.49929 ], [ 2.24026, 6.49865 ], [ 2.24026, 6.49956 ], [ 2.23999, 6.49965 ], [ 2.24026, 6.50046 ], [ 2.23981, 6.501 ], [ 2.2389, 6.50073 ], [ 2.23899, 6.502 ], [ 2.23845, 6.50218 ], [ 2.23836, 6.50272 ], [ 2.23899, 6.50245 ], [ 2.23899, 6.50308 ], [ 2.24017, 6.50336 ], [ 2.24008, 6.50236 ], [ 2.24035, 6.50218 ], [ 2.24062, 6.50318 ], [ 2.24152, 6.50263 ], [ 2.24207, 6.50282 ], [ 2.24243, 6.50345 ], [ 2.24342, 6.50372 ], [ 2.24397, 6.50318 ] ] ], [ [ [ 2.26142, 6.50357 ], [ 2.26314, 6.50249 ], [ 2.26305, 6.5014 ], [ 2.2645, 6.50122 ], [ 2.26477, 6.50149 ], [ 2.26514, 6.50068 ], [ 2.2645, 6.50032 ], [ 2.26405, 6.50095 ], [ 2.26342, 6.50068 ], [ 2.26278, 6.50113 ], [ 2.26251, 6.50104 ], [ 2.26251, 6.50022 ], [ 2.26215, 6.50013 ], [ 2.26052, 6.50221 ], [ 2.26052, 6.50293 ], [ 2.26142, 6.50357 ] ] ], [ [ [ 2.23121, 6.50379 ], [ 2.23076, 6.50379 ], [ 2.23094, 6.50325 ], [ 2.23049, 6.50289 ], [ 2.23103, 6.50235 ], [ 2.23058, 6.50198 ], [ 2.22977, 6.50216 ], [ 2.23013, 6.50298 ], [ 2.22931, 6.50298 ], [ 2.2294, 6.50325 ], [ 2.23058, 6.50352 ], [ 2.23049, 6.50425 ], [ 2.2313, 6.50416 ], [ 2.23121, 6.50379 ] ] ], [ [ [ 2.23193, 6.50371 ], [ 2.2332, 6.50353 ], [ 2.23356, 6.50389 ], [ 2.23411, 6.50353 ], [ 2.23402, 6.50271 ], [ 2.23347, 6.50262 ], [ 2.23347, 6.50307 ], [ 2.2313, 6.50343 ], [ 2.23175, 6.50407 ], [ 2.23139, 6.5047 ], [ 2.23175, 6.50488 ], [ 2.2322, 6.50479 ], [ 2.23193, 6.50371 ] ] ], [ [ [ 2.27438, 6.55117 ], [ 2.27456, 6.55045 ], [ 2.27393, 6.55045 ], [ 2.27402, 6.54973 ], [ 2.2733, 6.54972 ], [ 2.27311, 6.55045 ], [ 2.27465, 6.55181 ], [ 2.27438, 6.55117 ] ] ], [ [ [ 2.27645, 6.55516 ], [ 2.27664, 6.55371 ], [ 2.27619, 6.55326 ], [ 2.27582, 6.5538 ], [ 2.27456, 6.55425 ], [ 2.27338, 6.5537 ], [ 2.27302, 6.55434 ], [ 2.27311, 6.5547 ], [ 2.27374, 6.55434 ], [ 2.27437, 6.55506 ], [ 2.27501, 6.55461 ], [ 2.27573, 6.55461 ], [ 2.27645, 6.55516 ] ] ], [ [ [ 2.28913, 6.35542 ], [ 2.29148, 6.35515 ], [ 2.29211, 6.35461 ], [ 2.29148, 6.35398 ], [ 2.29085, 6.35416 ], [ 2.29057, 6.3547 ], [ 2.29021, 6.35425 ], [ 2.28886, 6.35433 ], [ 2.28777, 6.35334 ], [ 2.28578, 6.35352 ], [ 2.28587, 6.3546 ], [ 2.28913, 6.35542 ] ] ], [ [ [ 2.29772, 6.35625 ], [ 2.30034, 6.35525 ], [ 2.30305, 6.35517 ], [ 2.30477, 6.35562 ], [ 2.30594, 6.35544 ], [ 2.30603, 6.35599 ], [ 2.30676, 6.35599 ], [ 2.30757, 6.35499 ], [ 2.30956, 6.35536 ], [ 2.30974, 6.35491 ], [ 2.3092, 6.35418 ], [ 2.30739, 6.35373 ], [ 2.30604, 6.35409 ], [ 2.29835, 6.35326 ], [ 2.29627, 6.35407 ], [ 2.29591, 6.35507 ], [ 2.2969, 6.35498 ], [ 2.29717, 6.35525 ], [ 2.29699, 6.35579 ], [ 2.29772, 6.35625 ] ] ], [ [ [ 2.31336, 6.35582 ], [ 2.31454, 6.35482 ], [ 2.313, 6.3541 ], [ 2.31273, 6.35527 ], [ 2.31336, 6.35582 ] ] ], [ [ [ 2.30594, 6.3616 ], [ 2.30585, 6.36087 ], [ 2.30657, 6.36069 ], [ 2.30639, 6.36015 ], [ 2.30865, 6.35979 ], [ 2.30856, 6.35879 ], [ 2.30603, 6.35888 ], [ 2.30413, 6.35834 ], [ 2.30178, 6.35851 ], [ 2.30097, 6.35824 ], [ 2.30033, 6.35878 ], [ 2.30015, 6.35833 ], [ 2.30034, 6.35788 ], [ 2.30124, 6.35788 ], [ 2.3016, 6.35725 ], [ 2.30205, 6.35761 ], [ 2.30341, 6.35734 ], [ 2.3045, 6.3577 ], [ 2.30495, 6.35743 ], [ 2.30621, 6.35789 ], [ 2.30603, 6.35698 ], [ 2.30468, 6.35626 ], [ 2.30124, 6.3567 ], [ 2.30007, 6.35652 ], [ 2.29961, 6.35688 ], [ 2.29871, 6.35679 ], [ 2.29844, 6.35715 ], [ 2.29717, 6.35715 ], [ 2.29591, 6.3567 ], [ 2.29536, 6.35597 ], [ 2.29365, 6.35588 ], [ 2.29328, 6.35624 ], [ 2.29193, 6.35597 ], [ 2.29157, 6.35624 ], [ 2.29175, 6.3566 ], [ 2.29021, 6.35678 ], [ 2.29048, 6.35741 ], [ 2.29156, 6.35723 ], [ 2.29274, 6.35778 ], [ 2.29319, 6.35714 ], [ 2.29364, 6.35778 ], [ 2.29437, 6.35778 ], [ 2.29364, 6.35868 ], [ 2.29238, 6.35868 ], [ 2.2922, 6.35913 ], [ 2.29256, 6.35941 ], [ 2.29518, 6.35923 ], [ 2.29672, 6.35968 ], [ 2.29717, 6.35878 ], [ 2.29762, 6.35878 ], [ 2.29744, 6.35941 ], [ 2.29834, 6.35978 ], [ 2.30051, 6.35933 ], [ 2.30232, 6.36005 ], [ 2.30332, 6.3596 ], [ 2.3044, 6.36096 ], [ 2.30458, 6.36223 ], [ 2.30539, 6.36223 ], [ 2.30594, 6.3616 ] ] ], [ [ [ 2.28993, 6.35949 ], [ 2.29147, 6.3594 ], [ 2.29183, 6.35886 ], [ 2.29021, 6.35814 ], [ 2.2893, 6.35841 ], [ 2.2855, 6.35822 ], [ 2.2855, 6.35903 ], [ 2.28804, 6.35931 ], [ 2.28876, 6.36031 ], [ 2.28966, 6.3604 ], [ 2.28993, 6.35949 ] ] ], [ [ [ 2.30439, 6.36539 ], [ 2.30512, 6.36404 ], [ 2.30422, 6.3634 ], [ 2.30413, 6.36232 ], [ 2.30295, 6.36241 ], [ 2.30277, 6.36322 ], [ 2.30322, 6.36385 ], [ 2.30412, 6.36413 ], [ 2.30367, 6.36349 ], [ 2.30376, 6.36322 ], [ 2.30476, 6.3644 ], [ 2.30421, 6.36503 ], [ 2.30439, 6.36539 ] ] ], [ [ [ 2.29904, 6.37751 ], [ 2.29986, 6.37715 ], [ 2.29995, 6.3767 ], [ 2.29904, 6.37642 ], [ 2.29787, 6.37687 ], [ 2.29787, 6.37742 ], [ 2.29904, 6.37751 ] ] ], [ [ [ 2.29741, 6.37796 ], [ 2.29742, 6.37687 ], [ 2.29778, 6.37615 ], [ 2.29696, 6.37633 ], [ 2.29733, 6.37642 ], [ 2.29705, 6.37687 ], [ 2.2966, 6.37633 ], [ 2.29452, 6.37705 ], [ 2.29488, 6.3775 ], [ 2.29633, 6.3775 ], [ 2.29669, 6.37787 ], [ 2.29714, 6.37751 ], [ 2.29741, 6.37796 ] ] ], [ [ [ 2.29928, 6.40031 ], [ 2.29856, 6.39922 ], [ 2.29883, 6.39841 ], [ 2.29947, 6.39841 ], [ 2.30019, 6.39895 ], [ 2.30146, 6.39841 ], [ 2.302, 6.39868 ], [ 2.30263, 6.3976 ], [ 2.30354, 6.39751 ], [ 2.30453, 6.39561 ], [ 2.30544, 6.39561 ], [ 2.30634, 6.3967 ], [ 2.30734, 6.39688 ], [ 2.3077, 6.39661 ], [ 2.30743, 6.39588 ], [ 2.30797, 6.39444 ], [ 2.30933, 6.39507 ], [ 2.30969, 6.39507 ], [ 2.31014, 6.39435 ], [ 2.31105, 6.39444 ], [ 2.31068, 6.39489 ], [ 2.31041, 6.39688 ], [ 2.31222, 6.39725 ], [ 2.31249, 6.39761 ], [ 2.31159, 6.39761 ], [ 2.31177, 6.39824 ], [ 2.31303, 6.39815 ], [ 2.31321, 6.39843 ], [ 2.31348, 6.39834 ], [ 2.31358, 6.39698 ], [ 2.31647, 6.39753 ], [ 2.31873, 6.39753 ], [ 2.31909, 6.39708 ], [ 2.32126, 6.39672 ], [ 2.32226, 6.3969 ], [ 2.32343, 6.39636 ], [ 2.32452, 6.39645 ], [ 2.32615, 6.39591 ], [ 2.32995, 6.39601 ], [ 2.33058, 6.39646 ], [ 2.3313, 6.3961 ], [ 2.33356, 6.39592 ], [ 2.33492, 6.39646 ], [ 2.33691, 6.3962 ], [ 2.33691, 6.39565 ], [ 2.33727, 6.39547 ], [ 2.33763, 6.39602 ], [ 2.3398, 6.39584 ], [ 2.34025, 6.39629 ], [ 2.34071, 6.39557 ], [ 2.34125, 6.39575 ], [ 2.34125, 6.39611 ], [ 2.34243, 6.39593 ], [ 2.34324, 6.39702 ], [ 2.34432, 6.39693 ], [ 2.34514, 6.39774 ], [ 2.34595, 6.39729 ], [ 2.34667, 6.39756 ], [ 2.34694, 6.39802 ], [ 2.3464, 6.39784 ], [ 2.34631, 6.3982 ], [ 2.34676, 6.39874 ], [ 2.34731, 6.39865 ], [ 2.34731, 6.39802 ], [ 2.34794, 6.39793 ], [ 2.34966, 6.39847 ], [ 2.3493, 6.39766 ], [ 2.3502, 6.39739 ], [ 2.35029, 6.39676 ], [ 2.35083, 6.39694 ], [ 2.3512, 6.39612 ], [ 2.35237, 6.39612 ], [ 2.35255, 6.39649 ], [ 2.3521, 6.39703 ], [ 2.35246, 6.3973 ], [ 2.35282, 6.39721 ], [ 2.35292, 6.39667 ], [ 2.35337, 6.39703 ], [ 2.35337, 6.39631 ], [ 2.3531, 6.39622 ], [ 2.35302, 6.38536 ], [ 2.35266, 6.38536 ], [ 2.35284, 6.38599 ], [ 2.35239, 6.38672 ], [ 2.35184, 6.38635 ], [ 2.34967, 6.38662 ], [ 2.35094, 6.38563 ], [ 2.35193, 6.38572 ], [ 2.35248, 6.38527 ], [ 2.35203, 6.38427 ], [ 2.35257, 6.3831 ], [ 2.35221, 6.38301 ], [ 2.35203, 6.38065 ], [ 2.35113, 6.37821 ], [ 2.35113, 6.37685 ], [ 2.35059, 6.37577 ], [ 2.35032, 6.37359 ], [ 2.35005, 6.3735 ], [ 2.34951, 6.36998 ], [ 2.34915, 6.36988 ], [ 2.34861, 6.36636 ], [ 2.34762, 6.36608 ], [ 2.34735, 6.36662 ], [ 2.34581, 6.36662 ], [ 2.34572, 6.36708 ], [ 2.34481, 6.36689 ], [ 2.34409, 6.36825 ], [ 2.34391, 6.36825 ], [ 2.344, 6.36798 ], [ 2.34355, 6.36798 ], [ 2.34328, 6.36743 ], [ 2.34228, 6.36698 ], [ 2.34101, 6.3677 ], [ 2.34102, 6.36689 ], [ 2.33975, 6.36707 ], [ 2.33939, 6.36652 ], [ 2.33857, 6.36661 ], [ 2.33803, 6.36571 ], [ 2.3374, 6.3658 ], [ 2.33677, 6.36507 ], [ 2.33641, 6.36589 ], [ 2.33767, 6.36743 ], [ 2.33785, 6.36824 ], [ 2.33667, 6.36923 ], [ 2.33721, 6.3696 ], [ 2.33757, 6.37068 ], [ 2.33839, 6.37114 ], [ 2.33893, 6.37105 ], [ 2.33974, 6.37195 ], [ 2.33911, 6.37231 ], [ 2.33875, 6.37168 ], [ 2.33857, 6.37249 ], [ 2.33721, 6.37195 ], [ 2.33748, 6.37267 ], [ 2.33703, 6.37285 ], [ 2.33576, 6.37231 ], [ 2.33613, 6.37159 ], [ 2.33586, 6.37122 ], [ 2.33477, 6.37177 ], [ 2.33459, 6.37267 ], [ 2.33368, 6.37339 ], [ 2.33368, 6.37375 ], [ 2.33296, 6.37294 ], [ 2.33468, 6.37186 ], [ 2.33459, 6.37158 ], [ 2.33396, 6.37176 ], [ 2.33414, 6.37104 ], [ 2.33504, 6.37086 ], [ 2.33486, 6.37023 ], [ 2.3355, 6.3696 ], [ 2.33532, 6.36878 ], [ 2.33414, 6.36914 ], [ 2.33459, 6.36878 ], [ 2.33423, 6.36842 ], [ 2.33369, 6.3686 ], [ 2.3336, 6.36805 ], [ 2.33297, 6.36833 ], [ 2.33287, 6.36896 ], [ 2.33197, 6.36896 ], [ 2.33152, 6.36941 ], [ 2.3307, 6.36914 ], [ 2.33016, 6.36977 ], [ 2.32944, 6.36968 ], [ 2.32926, 6.37004 ], [ 2.32917, 6.3695 ], [ 2.32808, 6.3695 ], [ 2.32718, 6.37031 ], [ 2.32709, 6.37058 ], [ 2.32763, 6.37094 ], [ 2.32717, 6.37103 ], [ 2.32699, 6.37148 ], [ 2.3279, 6.37194 ], [ 2.32717, 6.3723 ], [ 2.32717, 6.37266 ], [ 2.32781, 6.37266 ], [ 2.32753, 6.37302 ], [ 2.3279, 6.3732 ], [ 2.32672, 6.37293 ], [ 2.32699, 6.37185 ], [ 2.32618, 6.37184 ], [ 2.32537, 6.37085 ], [ 2.32509, 6.37202 ], [ 2.32455, 6.37202 ], [ 2.32464, 6.37139 ], [ 2.32401, 6.37112 ], [ 2.32329, 6.37139 ], [ 2.32338, 6.37211 ], [ 2.32301, 6.37211 ], [ 2.32256, 6.37075 ], [ 2.32211, 6.37066 ], [ 2.32229, 6.37012 ], [ 2.32103, 6.37003 ], [ 2.32166, 6.36922 ], [ 2.32139, 6.36876 ], [ 2.32058, 6.36912 ], [ 2.32058, 6.36976 ], [ 2.31994, 6.3693 ], [ 2.31949, 6.36939 ], [ 2.31895, 6.37129 ], [ 2.31849, 6.37066 ], [ 2.31904, 6.37039 ], [ 2.31904, 6.36966 ], [ 2.31831, 6.36948 ], [ 2.31822, 6.37048 ], [ 2.31678, 6.37039 ], [ 2.31659, 6.37165 ], [ 2.31524, 6.37165 ], [ 2.31451, 6.37129 ], [ 2.31415, 6.37047 ], [ 2.31488, 6.3702 ], [ 2.31533, 6.36894 ], [ 2.31416, 6.36866 ], [ 2.31425, 6.36749 ], [ 2.31253, 6.36721 ], [ 2.31163, 6.3673 ], [ 2.31126, 6.36784 ], [ 2.3118, 6.36911 ], [ 2.31271, 6.36938 ], [ 2.31289, 6.37065 ], [ 2.3118, 6.37092 ], [ 2.31063, 6.37056 ], [ 2.31081, 6.37119 ], [ 2.31008, 6.37119 ], [ 2.31144, 6.37237 ], [ 2.30818, 6.37227 ], [ 2.3071, 6.37272 ], [ 2.3071, 6.37209 ], [ 2.30782, 6.37164 ], [ 2.30782, 6.37128 ], [ 2.30592, 6.37155 ], [ 2.30556, 6.37046 ], [ 2.30611, 6.36992 ], [ 2.3062, 6.36892 ], [ 2.30566, 6.36874 ], [ 2.30538, 6.36947 ], [ 2.30548, 6.36856 ], [ 2.30511, 6.36811 ], [ 2.30493, 6.37001 ], [ 2.30385, 6.37037 ], [ 2.30366, 6.37091 ], [ 2.30421, 6.37109 ], [ 2.30511, 6.37037 ], [ 2.3061, 6.37299 ], [ 2.30565, 6.37345 ], [ 2.30475, 6.37344 ], [ 2.30474, 6.37408 ], [ 2.30511, 6.3739 ], [ 2.30547, 6.37453 ], [ 2.30646, 6.37417 ], [ 2.30718, 6.37544 ], [ 2.30773, 6.37526 ], [ 2.30809, 6.37553 ], [ 2.30818, 6.3768 ], [ 2.30782, 6.37689 ], [ 2.30763, 6.37652 ], [ 2.30736, 6.3768 ], [ 2.30809, 6.3777 ], [ 2.30935, 6.37797 ], [ 2.30908, 6.37861 ], [ 2.30971, 6.37978 ], [ 2.3089, 6.3796 ], [ 2.30871, 6.38042 ], [ 2.30754, 6.38032 ], [ 2.30754, 6.3796 ], [ 2.30709, 6.37969 ], [ 2.30718, 6.38014 ], [ 2.30582, 6.37969 ], [ 2.30555, 6.38023 ], [ 2.30465, 6.3796 ], [ 2.30474, 6.38032 ], [ 2.30401, 6.38014 ], [ 2.30374, 6.38041 ], [ 2.30356, 6.37987 ], [ 2.30311, 6.37987 ], [ 2.30329, 6.38032 ], [ 2.3022, 6.38059 ], [ 2.30202, 6.38095 ], [ 2.30193, 6.38321 ], [ 2.30274, 6.38303 ], [ 2.30283, 6.3833 ], [ 2.30193, 6.38475 ], [ 2.3022, 6.38529 ], [ 2.30184, 6.38484 ], [ 2.30102, 6.38529 ], [ 2.30165, 6.38574 ], [ 2.30138, 6.38611 ], [ 2.30048, 6.38583 ], [ 2.30066, 6.38393 ], [ 2.30003, 6.38384 ], [ 2.29949, 6.38438 ], [ 2.30021, 6.38475 ], [ 2.29994, 6.3852 ], [ 2.29876, 6.38438 ], [ 2.30003, 6.38312 ], [ 2.29985, 6.38167 ], [ 2.30039, 6.38104 ], [ 2.30067, 6.38131 ], [ 2.30057, 6.38276 ], [ 2.30093, 6.38294 ], [ 2.30112, 6.38267 ], [ 2.3013, 6.38104 ], [ 2.30076, 6.38004 ], [ 2.29904, 6.38031 ], [ 2.29814, 6.37923 ], [ 2.2975, 6.37977 ], [ 2.29714, 6.37922 ], [ 2.2975, 6.37823 ], [ 2.29714, 6.37805 ], [ 2.29633, 6.37977 ], [ 2.29587, 6.38004 ], [ 2.29352, 6.37913 ], [ 2.29298, 6.37967 ], [ 2.29226, 6.37795 ], [ 2.29181, 6.37813 ], [ 2.29208, 6.37904 ], [ 2.29163, 6.37913 ], [ 2.29099, 6.37904 ], [ 2.29072, 6.3784 ], [ 2.28982, 6.37858 ], [ 2.28937, 6.37795 ], [ 2.28792, 6.37776 ], [ 2.28801, 6.37849 ], [ 2.28701, 6.37921 ], [ 2.28674, 6.37885 ], [ 2.2871, 6.3784 ], [ 2.28656, 6.37785 ], [ 2.28702, 6.37776 ], [ 2.2872, 6.37722 ], [ 2.28666, 6.3765 ], [ 2.28593, 6.37595 ], [ 2.28485, 6.37649 ], [ 2.28376, 6.37586 ], [ 2.28404, 6.3745 ], [ 2.28458, 6.37459 ], [ 2.28494, 6.37514 ], [ 2.2863, 6.37451 ], [ 2.28675, 6.37505 ], [ 2.28819, 6.37523 ], [ 2.28874, 6.37487 ], [ 2.28982, 6.3756 ], [ 2.29036, 6.37551 ], [ 2.29154, 6.37614 ], [ 2.29235, 6.37605 ], [ 2.29263, 6.3747 ], [ 2.29217, 6.37424 ], [ 2.29254, 6.37316 ], [ 2.29191, 6.3727 ], [ 2.29173, 6.3718 ], [ 2.29209, 6.37126 ], [ 2.29335, 6.37162 ], [ 2.29381, 6.37108 ], [ 2.29408, 6.37054 ], [ 2.29399, 6.36845 ], [ 2.29255, 6.36728 ], [ 2.29227, 6.36764 ], [ 2.29182, 6.36755 ], [ 2.29146, 6.36673 ], [ 2.29101, 6.36691 ], [ 2.29137, 6.36773 ], [ 2.29101, 6.36836 ], [ 2.29083, 6.36746 ], [ 2.29019, 6.36727 ], [ 2.28992, 6.36754 ], [ 2.29055, 6.3689 ], [ 2.29001, 6.36926 ], [ 2.28983, 6.36999 ], [ 2.28929, 6.37035 ], [ 2.28829, 6.36998 ], [ 2.28775, 6.37044 ], [ 2.28748, 6.37016 ], [ 2.28775, 6.36962 ], [ 2.28703, 6.36962 ], [ 2.28739, 6.36899 ], [ 2.28685, 6.3689 ], [ 2.28631, 6.36727 ], [ 2.28622, 6.36754 ], [ 2.28613, 6.36727 ], [ 2.28576, 6.36745 ], [ 2.28468, 6.36609 ], [ 2.28396, 6.36609 ], [ 2.28423, 6.36555 ], [ 2.28378, 6.36555 ], [ 2.28359, 6.366 ], [ 2.28278, 6.36527 ], [ 2.28206, 6.366 ], [ 2.28106, 6.36599 ], [ 2.28079, 6.36581 ], [ 2.28115, 6.36536 ], [ 2.28106, 6.36464 ], [ 2.28052, 6.36436 ], [ 2.27962, 6.36527 ], [ 2.27907, 6.36527 ], [ 2.27907, 6.36617 ], [ 2.27953, 6.36545 ], [ 2.28016, 6.36554 ], [ 2.28025, 6.3659 ], [ 2.27934, 6.36635 ], [ 2.2788, 6.36717 ], [ 2.27952, 6.36699 ], [ 2.27907, 6.3678 ], [ 2.27998, 6.3678 ], [ 2.28025, 6.36744 ], [ 2.27988, 6.36825 ], [ 2.28079, 6.36826 ], [ 2.28097, 6.36807 ], [ 2.2807, 6.36744 ], [ 2.28079, 6.36654 ], [ 2.28142, 6.36808 ], [ 2.28205, 6.36817 ], [ 2.28151, 6.36943 ], [ 2.28052, 6.3697 ], [ 2.28033, 6.37025 ], [ 2.2797, 6.37015 ], [ 2.27943, 6.36961 ], [ 2.27871, 6.36979 ], [ 2.27771, 6.37133 ], [ 2.27753, 6.37096 ], [ 2.27798, 6.36943 ], [ 2.27699, 6.36906 ], [ 2.27735, 6.36744 ], [ 2.27708, 6.36707 ], [ 2.27636, 6.36744 ], [ 2.27545, 6.36861 ], [ 2.27437, 6.36906 ], [ 2.27364, 6.37024 ], [ 2.27337, 6.36987 ], [ 2.2721, 6.37132 ], [ 2.27102, 6.37186 ], [ 2.27029, 6.37304 ], [ 2.2731, 6.37286 ], [ 2.27364, 6.3725 ], [ 2.27418, 6.37304 ], [ 2.27499, 6.37304 ], [ 2.2749, 6.37431 ], [ 2.27526, 6.3744 ], [ 2.27572, 6.37359 ], [ 2.2768, 6.37368 ], [ 2.27843, 6.37296 ], [ 2.2787, 6.37241 ], [ 2.27798, 6.37205 ], [ 2.27916, 6.37187 ], [ 2.27988, 6.37223 ], [ 2.27952, 6.37269 ], [ 2.27979, 6.3735 ], [ 2.28322, 6.37414 ], [ 2.28304, 6.37486 ], [ 2.28177, 6.37549 ], [ 2.28024, 6.37531 ], [ 2.2796, 6.37558 ], [ 2.27807, 6.37513 ], [ 2.27707, 6.3754 ], [ 2.27671, 6.37503 ], [ 2.27535, 6.37549 ], [ 2.27517, 6.37476 ], [ 2.27463, 6.37539 ], [ 2.27354, 6.37548 ], [ 2.27291, 6.37512 ], [ 2.27282, 6.37449 ], [ 2.2721, 6.37494 ], [ 2.27119, 6.37494 ], [ 2.27092, 6.37575 ], [ 2.27192, 6.37548 ], [ 2.2721, 6.37611 ], [ 2.27255, 6.37575 ], [ 2.274, 6.37575 ], [ 2.27354, 6.37648 ], [ 2.27472, 6.37603 ], [ 2.27481, 6.37757 ], [ 2.27408, 6.37811 ], [ 2.27309, 6.37711 ], [ 2.27236, 6.37829 ], [ 2.27146, 6.37792 ], [ 2.27128, 6.37747 ], [ 2.27083, 6.37801 ], [ 2.26965, 6.37774 ], [ 2.26884, 6.379 ], [ 2.26793, 6.37864 ], [ 2.26784, 6.37774 ], [ 2.26712, 6.37792 ], [ 2.26703, 6.37873 ], [ 2.26739, 6.379 ], [ 2.26712, 6.37945 ], [ 2.26757, 6.37991 ], [ 2.26802, 6.37946 ], [ 2.26829, 6.37964 ], [ 2.26838, 6.38063 ], [ 2.26811, 6.38072 ], [ 2.26748, 6.38036 ], [ 2.26721, 6.38054 ], [ 2.26667, 6.37936 ], [ 2.26558, 6.37954 ], [ 2.26441, 6.37846 ], [ 2.26468, 6.37945 ], [ 2.26558, 6.38045 ], [ 2.26576, 6.38144 ], [ 2.27136, 6.3857 ], [ 2.27072, 6.38833 ], [ 2.27081, 6.38959 ], [ 2.26936, 6.39276 ], [ 2.26936, 6.39384 ], [ 2.27089, 6.39448 ], [ 2.2708, 6.39511 ], [ 2.27126, 6.39529 ], [ 2.27125, 6.39574 ], [ 2.27153, 6.39538 ], [ 2.27216, 6.39538 ], [ 2.27261, 6.39593 ], [ 2.27216, 6.39484 ], [ 2.27361, 6.39448 ], [ 2.27361, 6.39394 ], [ 2.27415, 6.39394 ], [ 2.27551, 6.39277 ], [ 2.27515, 6.3915 ], [ 2.27606, 6.39023 ], [ 2.27678, 6.38987 ], [ 2.27687, 6.38915 ], [ 2.27805, 6.38951 ], [ 2.27832, 6.3906 ], [ 2.27904, 6.39051 ], [ 2.27904, 6.39024 ], [ 2.27949, 6.39024 ], [ 2.27913, 6.39006 ], [ 2.2794, 6.38951 ], [ 2.28022, 6.38942 ], [ 2.27941, 6.38761 ], [ 2.2804, 6.38734 ], [ 2.28112, 6.38762 ], [ 2.28212, 6.38717 ], [ 2.28239, 6.3878 ], [ 2.28212, 6.38843 ], [ 2.28076, 6.38915 ], [ 2.28022, 6.38979 ], [ 2.28031, 6.39042 ], [ 2.27958, 6.39069 ], [ 2.27931, 6.39159 ], [ 2.27895, 6.3915 ], [ 2.27967, 6.39196 ], [ 2.27876, 6.39349 ], [ 2.27912, 6.39422 ], [ 2.27985, 6.39395 ], [ 2.2803, 6.39449 ], [ 2.28157, 6.39458 ], [ 2.28202, 6.3954 ], [ 2.28283, 6.39504 ], [ 2.285, 6.39558 ], [ 2.28509, 6.39513 ], [ 2.28464, 6.39522 ], [ 2.285, 6.39495 ], [ 2.28527, 6.39531 ], [ 2.28636, 6.39513 ], [ 2.28654, 6.39577 ], [ 2.28753, 6.39568 ], [ 2.2878, 6.39522 ], [ 2.28862, 6.39559 ], [ 2.28979, 6.3955 ], [ 2.29422, 6.39867 ], [ 2.29467, 6.39813 ], [ 2.29468, 6.39677 ], [ 2.29422, 6.39569 ], [ 2.29368, 6.3955 ], [ 2.2935, 6.39442 ], [ 2.29396, 6.39324 ], [ 2.29549, 6.39306 ], [ 2.29568, 6.39216 ], [ 2.29667, 6.39189 ], [ 2.29703, 6.39361 ], [ 2.29839, 6.3947 ], [ 2.29857, 6.39587 ], [ 2.29811, 6.39632 ], [ 2.29784, 6.39777 ], [ 2.29829, 6.39931 ], [ 2.29856, 6.39931 ], [ 2.29829, 6.40012 ], [ 2.29928, 6.40031 ] ], [ [ 2.3049, 6.39434 ], [ 2.30463, 6.39199 ], [ 2.30544, 6.39118 ], [ 2.30653, 6.39362 ], [ 2.30562, 6.3938 ], [ 2.30526, 6.39443 ], [ 2.3049, 6.39434 ] ], [ [ 2.30897, 6.39227 ], [ 2.30734, 6.39245 ], [ 2.30698, 6.39181 ], [ 2.3077, 6.3919 ], [ 2.30807, 6.39127 ], [ 2.30897, 6.39127 ], [ 2.30951, 6.39164 ], [ 2.30969, 6.39254 ], [ 2.30897, 6.39227 ] ], [ [ 2.28826, 6.38971 ], [ 2.28791, 6.38754 ], [ 2.28736, 6.38817 ], [ 2.28745, 6.38898 ], [ 2.28709, 6.38898 ], [ 2.28718, 6.38708 ], [ 2.28881, 6.3869 ], [ 2.28899, 6.38717 ], [ 2.28818, 6.38735 ], [ 2.28863, 6.38772 ], [ 2.28953, 6.3869 ], [ 2.29044, 6.38727 ], [ 2.29143, 6.38691 ], [ 2.29125, 6.38727 ], [ 2.2917, 6.3879 ], [ 2.29197, 6.38781 ], [ 2.29198, 6.38682 ], [ 2.29315, 6.387 ], [ 2.29297, 6.38745 ], [ 2.29225, 6.38754 ], [ 2.29252, 6.38808 ], [ 2.29188, 6.38854 ], [ 2.29215, 6.38908 ], [ 2.29179, 6.38917 ], [ 2.2917, 6.38989 ], [ 2.29161, 6.38908 ], [ 2.29116, 6.38908 ], [ 2.29098, 6.38962 ], [ 2.29053, 6.38935 ], [ 2.29107, 6.38908 ], [ 2.29107, 6.38853 ], [ 2.2899, 6.38745 ], [ 2.28917, 6.38781 ], [ 2.28917, 6.38844 ], [ 2.29071, 6.38853 ], [ 2.29053, 6.38908 ], [ 2.2898, 6.3888 ], [ 2.28899, 6.39007 ], [ 2.28826, 6.38971 ] ], [ [ 2.30907, 6.38883 ], [ 2.3078, 6.38783 ], [ 2.30789, 6.3872 ], [ 2.30717, 6.38702 ], [ 2.3078, 6.38648 ], [ 2.30708, 6.38539 ], [ 2.30789, 6.38521 ], [ 2.30808, 6.38485 ], [ 2.30907, 6.38521 ], [ 2.30943, 6.38467 ], [ 2.31025, 6.38449 ], [ 2.31043, 6.38476 ], [ 2.31169, 6.38476 ], [ 2.31196, 6.38567 ], [ 2.31151, 6.38621 ], [ 2.31205, 6.38684 ], [ 2.31196, 6.38739 ], [ 2.31024, 6.3872 ], [ 2.30961, 6.38756 ], [ 2.30961, 6.38847 ], [ 2.30907, 6.38883 ] ], [ [ 2.32761, 6.38732 ], [ 2.32797, 6.38668 ], [ 2.32905, 6.38614 ], [ 2.32978, 6.38678 ], [ 2.3296, 6.38605 ], [ 2.32987, 6.38578 ], [ 2.33041, 6.38678 ], [ 2.33141, 6.38651 ], [ 2.33168, 6.38696 ], [ 2.3314, 6.38768 ], [ 2.33113, 6.38714 ], [ 2.3305, 6.38696 ], [ 2.3305, 6.38777 ], [ 2.32996, 6.38804 ], [ 2.32887, 6.38777 ], [ 2.32806, 6.38831 ], [ 2.32761, 6.38732 ] ], [ [ 2.27905, 6.38635 ], [ 2.27859, 6.38617 ], [ 2.27905, 6.3858 ], [ 2.27959, 6.3859 ], [ 2.27968, 6.38481 ], [ 2.28031, 6.38463 ], [ 2.28086, 6.38364 ], [ 2.2814, 6.38346 ], [ 2.28122, 6.383 ], [ 2.28041, 6.38309 ], [ 2.28086, 6.38255 ], [ 2.28059, 6.3821 ], [ 2.28077, 6.38128 ], [ 2.28213, 6.38092 ], [ 2.28249, 6.38038 ], [ 2.28285, 6.38083 ], [ 2.28358, 6.38038 ], [ 2.28457, 6.38056 ], [ 2.28466, 6.3802 ], [ 2.28376, 6.37993 ], [ 2.28367, 6.37948 ], [ 2.28475, 6.37839 ], [ 2.28602, 6.3783 ], [ 2.28602, 6.37867 ], [ 2.28511, 6.37867 ], [ 2.28439, 6.37912 ], [ 2.28466, 6.37948 ], [ 2.28548, 6.37921 ], [ 2.28511, 6.38011 ], [ 2.28593, 6.37966 ], [ 2.28565, 6.38038 ], [ 2.28475, 6.38056 ], [ 2.28466, 6.3812 ], [ 2.28366, 6.38074 ], [ 2.28375, 6.38129 ], [ 2.2833, 6.38092 ], [ 2.28321, 6.3812 ], [ 2.28204, 6.38128 ], [ 2.28213, 6.38174 ], [ 2.28158, 6.38156 ], [ 2.28194, 6.38364 ], [ 2.28149, 6.38409 ], [ 2.28185, 6.38436 ], [ 2.28122, 6.38508 ], [ 2.28031, 6.38508 ], [ 2.28022, 6.38544 ], [ 2.28067, 6.38563 ], [ 2.2804, 6.38698 ], [ 2.27868, 6.38716 ], [ 2.27905, 6.38635 ] ], [ [ 2.31368, 6.38721 ], [ 2.31395, 6.38612 ], [ 2.31332, 6.38594 ], [ 2.31305, 6.3863 ], [ 2.31278, 6.3854 ], [ 2.31214, 6.3854 ], [ 2.31233, 6.38467 ], [ 2.31296, 6.38449 ], [ 2.31278, 6.38495 ], [ 2.31323, 6.38522 ], [ 2.31413, 6.38486 ], [ 2.31441, 6.38513 ], [ 2.31549, 6.38504 ], [ 2.31495, 6.38558 ], [ 2.31477, 6.38649 ], [ 2.31531, 6.3864 ], [ 2.31504, 6.38676 ], [ 2.31368, 6.38721 ] ], [ [ 2.31576, 6.38667 ], [ 2.31531, 6.38594 ], [ 2.3163, 6.38613 ], [ 2.3164, 6.38513 ], [ 2.31676, 6.38504 ], [ 2.31712, 6.38558 ], [ 2.31703, 6.3864 ], [ 2.31648, 6.38631 ], [ 2.31612, 6.38703 ], [ 2.3154, 6.38712 ], [ 2.31522, 6.38676 ], [ 2.31576, 6.38667 ] ], [ [ 2.27516, 6.38643 ], [ 2.2767, 6.38508 ], [ 2.27661, 6.38481 ], [ 2.27715, 6.38508 ], [ 2.27733, 6.38589 ], [ 2.27651, 6.38634 ], [ 2.27624, 6.38698 ], [ 2.27497, 6.38697 ], [ 2.27516, 6.38643 ] ], [ [ 2.29496, 6.38664 ], [ 2.29478, 6.38601 ], [ 2.29379, 6.38646 ], [ 2.29333, 6.38637 ], [ 2.29324, 6.38591 ], [ 2.29397, 6.38592 ], [ 2.2946, 6.38528 ], [ 2.2946, 6.38483 ], [ 2.29496, 6.38492 ], [ 2.29496, 6.38546 ], [ 2.29569, 6.38492 ], [ 2.29632, 6.38556 ], [ 2.29641, 6.38628 ], [ 2.29686, 6.38583 ], [ 2.29795, 6.38574 ], [ 2.29776, 6.38628 ], [ 2.29686, 6.38619 ], [ 2.29577, 6.38682 ], [ 2.29496, 6.38664 ] ], [ [ 2.28945, 6.38609 ], [ 2.28927, 6.38546 ], [ 2.28963, 6.38509 ], [ 2.28908, 6.38528 ], [ 2.28872, 6.38491 ], [ 2.28909, 6.38419 ], [ 2.28882, 6.38328 ], [ 2.28918, 6.38292 ], [ 2.28855, 6.3822 ], [ 2.28864, 6.38184 ], [ 2.28981, 6.38265 ], [ 2.29026, 6.38238 ], [ 2.29099, 6.38265 ], [ 2.29081, 6.38347 ], [ 2.29162, 6.38437 ], [ 2.29117, 6.38474 ], [ 2.29125, 6.38591 ], [ 2.29198, 6.38609 ], [ 2.29198, 6.38636 ], [ 2.2889, 6.38636 ], [ 2.28945, 6.38609 ] ], [ [ 2.28718, 6.38582 ], [ 2.28674, 6.38364 ], [ 2.28773, 6.38319 ], [ 2.28863, 6.386 ], [ 2.28773, 6.38627 ], [ 2.28718, 6.38582 ] ], [ [ 2.30536, 6.38611 ], [ 2.305, 6.38548 ], [ 2.30591, 6.38512 ], [ 2.305, 6.38376 ], [ 2.30446, 6.38358 ], [ 2.30437, 6.38303 ], [ 2.30473, 6.38267 ], [ 2.30573, 6.38258 ], [ 2.30582, 6.38313 ], [ 2.30681, 6.38331 ], [ 2.30672, 6.38421 ], [ 2.30627, 6.38457 ], [ 2.30672, 6.38476 ], [ 2.3069, 6.38557 ], [ 2.30627, 6.3862 ], [ 2.30554, 6.3862 ], [ 2.30554, 6.38575 ], [ 2.30536, 6.38611 ] ], [ [ 2.32842, 6.38524 ], [ 2.32652, 6.38469 ], [ 2.32616, 6.38415 ], [ 2.32661, 6.38442 ], [ 2.32734, 6.38424 ], [ 2.32725, 6.38379 ], [ 2.32662, 6.38343 ], [ 2.32725, 6.38361 ], [ 2.3277, 6.38334 ], [ 2.3277, 6.38406 ], [ 2.32815, 6.38433 ], [ 2.32842, 6.38524 ] ], [ [ 2.34479, 6.38526 ], [ 2.34298, 6.38489 ], [ 2.34307, 6.38444 ], [ 2.34199, 6.38263 ], [ 2.34217, 6.38209 ], [ 2.3419, 6.38164 ], [ 2.34136, 6.38164 ], [ 2.34127, 6.38118 ], [ 2.34253, 6.38146 ], [ 2.34344, 6.38236 ], [ 2.34398, 6.38236 ], [ 2.34479, 6.38336 ], [ 2.34515, 6.38444 ], [ 2.34479, 6.38526 ] ], [ [ 2.3476, 6.38445 ], [ 2.3466, 6.38363 ], [ 2.34705, 6.38255 ], [ 2.34778, 6.383 ], [ 2.34886, 6.38264 ], [ 2.34868, 6.38192 ], [ 2.34769, 6.38146 ], [ 2.34787, 6.38074 ], [ 2.34905, 6.38083 ], [ 2.34914, 6.38183 ], [ 2.35049, 6.38237 ], [ 2.35058, 6.38282 ], [ 2.35004, 6.38318 ], [ 2.35085, 6.38364 ], [ 2.34922, 6.38345 ], [ 2.34886, 6.38382 ], [ 2.34787, 6.38327 ], [ 2.34751, 6.38336 ], [ 2.3476, 6.38445 ] ], [ [ 2.27607, 6.38336 ], [ 2.27516, 6.382 ], [ 2.27534, 6.38118 ], [ 2.27634, 6.38101 ], [ 2.27688, 6.38191 ], [ 2.27779, 6.38173 ], [ 2.27733, 6.38291 ], [ 2.27607, 6.38336 ] ], [ [ 2.31514, 6.38006 ], [ 2.31514, 6.38052 ], [ 2.31423, 6.38024 ], [ 2.31369, 6.37979 ], [ 2.31378, 6.37934 ], [ 2.31333, 6.37916 ], [ 2.31333, 6.38015 ], [ 2.31206, 6.38024 ], [ 2.31224, 6.37934 ], [ 2.31098, 6.37879 ], [ 2.31043, 6.3796 ], [ 2.30989, 6.37807 ], [ 2.31071, 6.3778 ], [ 2.31071, 6.37843 ], [ 2.31125, 6.37861 ], [ 2.31143, 6.37807 ], [ 2.31125, 6.37807 ], [ 2.31116, 6.3778 ], [ 2.31152, 6.37798 ], [ 2.31206, 6.37762 ], [ 2.31243, 6.37816 ], [ 2.31315, 6.37834 ], [ 2.31451, 6.3778 ], [ 2.3146, 6.3769 ], [ 2.31469, 6.37726 ], [ 2.31568, 6.37717 ], [ 2.31595, 6.37771 ], [ 2.31686, 6.37808 ], [ 2.31776, 6.37744 ], [ 2.31966, 6.37763 ], [ 2.31993, 6.37708 ], [ 2.32102, 6.37699 ], [ 2.32102, 6.37663 ], [ 2.3202, 6.37636 ], [ 2.32021, 6.37609 ], [ 2.32102, 6.376 ], [ 2.32156, 6.37627 ], [ 2.32165, 6.37727 ], [ 2.3221, 6.37654 ], [ 2.32301, 6.37691 ], [ 2.32373, 6.37618 ], [ 2.32536, 6.37763 ], [ 2.32644, 6.37764 ], [ 2.3269, 6.37727 ], [ 2.32735, 6.37791 ], [ 2.32744, 6.37746 ], [ 2.32807, 6.37728 ], [ 2.32825, 6.37836 ], [ 2.32888, 6.37836 ], [ 2.32807, 6.3789 ], [ 2.32717, 6.37836 ], [ 2.32626, 6.37854 ], [ 2.3259, 6.3789 ], [ 2.3259, 6.37972 ], [ 2.32508, 6.37962 ], [ 2.32517, 6.37908 ], [ 2.32373, 6.37926 ], [ 2.32273, 6.37899 ], [ 2.32219, 6.37953 ], [ 2.32174, 6.37899 ], [ 2.32011, 6.37953 ], [ 2.31911, 6.38061 ], [ 2.3183, 6.38016 ], [ 2.31721, 6.38079 ], [ 2.3155, 6.38079 ], [ 2.31541, 6.38006 ], [ 2.31514, 6.38006 ] ], [ [ 2.3306, 6.37981 ], [ 2.33096, 6.37909 ], [ 2.33304, 6.37873 ], [ 2.33304, 6.38 ], [ 2.33349, 6.37991 ], [ 2.33358, 6.38018 ], [ 2.33096, 6.38063 ], [ 2.3306, 6.37981 ] ], [ [ 2.27779, 6.37974 ], [ 2.27616, 6.37838 ], [ 2.27589, 6.37838 ], [ 2.27616, 6.37911 ], [ 2.2758, 6.37929 ], [ 2.27499, 6.37883 ], [ 2.27589, 6.37829 ], [ 2.2758, 6.37784 ], [ 2.27499, 6.37784 ], [ 2.27517, 6.37594 ], [ 2.27553, 6.37585 ], [ 2.2758, 6.37666 ], [ 2.27635, 6.37648 ], [ 2.27662, 6.37712 ], [ 2.27788, 6.37694 ], [ 2.27734, 6.37784 ], [ 2.27842, 6.37802 ], [ 2.2786, 6.37875 ], [ 2.27797, 6.37902 ], [ 2.27779, 6.37974 ] ] ], [ [ [ 2.27747, 6.4162 ], [ 2.27729, 6.41575 ], [ 2.27765, 6.4152 ], [ 2.27882, 6.41475 ], [ 2.27901, 6.41439 ], [ 2.27873, 6.41412 ], [ 2.27928, 6.41403 ], [ 2.2791, 6.41367 ], [ 2.27874, 6.41376 ], [ 2.27874, 6.41303 ], [ 2.27819, 6.4134 ], [ 2.27801, 6.41177 ], [ 2.27729, 6.41195 ], [ 2.27774, 6.4124 ], [ 2.27765, 6.41276 ], [ 2.27693, 6.41267 ], [ 2.27693, 6.4133 ], [ 2.27629, 6.41303 ], [ 2.27584, 6.41348 ], [ 2.27647, 6.41493 ], [ 2.27575, 6.41611 ], [ 2.27629, 6.41656 ], [ 2.27747, 6.4162 ] ] ], [ [ [ 2.27945, 6.42091 ], [ 2.27909, 6.42045 ], [ 2.27927, 6.41946 ], [ 2.27864, 6.41937 ], [ 2.27773, 6.4181 ], [ 2.27774, 6.41756 ], [ 2.27837, 6.41729 ], [ 2.27837, 6.41665 ], [ 2.27665, 6.41746 ], [ 2.27674, 6.41873 ], [ 2.27728, 6.41864 ], [ 2.27719, 6.419 ], [ 2.2762, 6.41882 ], [ 2.27647, 6.41819 ], [ 2.27575, 6.41783 ], [ 2.27575, 6.41737 ], [ 2.27475, 6.41791 ], [ 2.27484, 6.41837 ], [ 2.27583, 6.41855 ], [ 2.27547, 6.41963 ], [ 2.27574, 6.42027 ], [ 2.27628, 6.42036 ], [ 2.27619, 6.42072 ], [ 2.27565, 6.42054 ], [ 2.27601, 6.42117 ], [ 2.27628, 6.42117 ], [ 2.27665, 6.42009 ], [ 2.27638, 6.41927 ], [ 2.27728, 6.41937 ], [ 2.27791, 6.419 ], [ 2.27855, 6.41937 ], [ 2.27891, 6.42154 ], [ 2.27945, 6.42091 ] ] ], [ [ [ 2.28919, 6.44308 ], [ 2.29, 6.442 ], [ 2.29036, 6.44209 ], [ 2.29009, 6.44137 ], [ 2.29063, 6.44164 ], [ 2.29172, 6.44028 ], [ 2.29073, 6.44083 ], [ 2.29027, 6.44037 ], [ 2.29, 6.44073 ], [ 2.28919, 6.44073 ], [ 2.28901, 6.44137 ], [ 2.28856, 6.44109 ], [ 2.28955, 6.43974 ], [ 2.29073, 6.44001 ], [ 2.29073, 6.43947 ], [ 2.29046, 6.43974 ], [ 2.29009, 6.43956 ], [ 2.29019, 6.43911 ], [ 2.29181, 6.43965 ], [ 2.29218, 6.43902 ], [ 2.29172, 6.43893 ], [ 2.29163, 6.43847 ], [ 2.291, 6.43874 ], [ 2.29055, 6.43829 ], [ 2.29091, 6.43793 ], [ 2.29064, 6.43748 ], [ 2.291, 6.43694 ], [ 2.29091, 6.4363 ], [ 2.29019, 6.4363 ], [ 2.28992, 6.43702 ], [ 2.28947, 6.43684 ], [ 2.28974, 6.43494 ], [ 2.28929, 6.4344 ], [ 2.2891, 6.43648 ], [ 2.28739, 6.43675 ], [ 2.28748, 6.43729 ], [ 2.28784, 6.43693 ], [ 2.2882, 6.43711 ], [ 2.28756, 6.4382 ], [ 2.28765, 6.43865 ], [ 2.28874, 6.43901 ], [ 2.28892, 6.43938 ], [ 2.28865, 6.43956 ], [ 2.28892, 6.43965 ], [ 2.28774, 6.43946 ], [ 2.28765, 6.44046 ], [ 2.2872, 6.44109 ], [ 2.28792, 6.44182 ], [ 2.2891, 6.44209 ], [ 2.28919, 6.44308 ] ] ], [ [ [ 2.29105, 6.46887 ], [ 2.29114, 6.46769 ], [ 2.29205, 6.46697 ], [ 2.29168, 6.46688 ], [ 2.2915, 6.46616 ], [ 2.29123, 6.46625 ], [ 2.29132, 6.46688 ], [ 2.2906, 6.46724 ], [ 2.2906, 6.46778 ], [ 2.28978, 6.46796 ], [ 2.28978, 6.46833 ], [ 2.29033, 6.4686 ], [ 2.28969, 6.4686 ], [ 2.28996, 6.46923 ], [ 2.29105, 6.46887 ] ] ], [ [ [ 2.28107, 6.42887 ], [ 2.28233, 6.42887 ], [ 2.28287, 6.4286 ], [ 2.28288, 6.42824 ], [ 2.28134, 6.42824 ], [ 2.28161, 6.42715 ], [ 2.28116, 6.42706 ], [ 2.28143, 6.42652 ], [ 2.28089, 6.42634 ], [ 2.28116, 6.4257 ], [ 2.28071, 6.42507 ], [ 2.28071, 6.4257 ], [ 2.28035, 6.42588 ], [ 2.2808, 6.42688 ], [ 2.2807, 6.42887 ], [ 2.2798, 6.42914 ], [ 2.27953, 6.42832 ], [ 2.27881, 6.42841 ], [ 2.27907, 6.4305 ], [ 2.27835, 6.4304 ], [ 2.27835, 6.42968 ], [ 2.27781, 6.42977 ], [ 2.27709, 6.42932 ], [ 2.27636, 6.42932 ], [ 2.27672, 6.42977 ], [ 2.276, 6.42986 ], [ 2.27582, 6.42922 ], [ 2.27627, 6.42932 ], [ 2.27663, 6.42895 ], [ 2.27618, 6.4285 ], [ 2.27582, 6.42886 ], [ 2.27546, 6.42868 ], [ 2.2751, 6.4294 ], [ 2.275, 6.43004 ], [ 2.27573, 6.43004 ], [ 2.27528, 6.43049 ], [ 2.27536, 6.43112 ], [ 2.27464, 6.43103 ], [ 2.27446, 6.43058 ], [ 2.27374, 6.43058 ], [ 2.27338, 6.43094 ], [ 2.27311, 6.42922 ], [ 2.27265, 6.42913 ], [ 2.27311, 6.42832 ], [ 2.2722, 6.42904 ], [ 2.27211, 6.43003 ], [ 2.27175, 6.43012 ], [ 2.27157, 6.42849 ], [ 2.27094, 6.42867 ], [ 2.27021, 6.42759 ], [ 2.27048, 6.42876 ], [ 2.27012, 6.42985 ], [ 2.26885, 6.43057 ], [ 2.26894, 6.43093 ], [ 2.27012, 6.43066 ], [ 2.27021, 6.43121 ], [ 2.26939, 6.43166 ], [ 2.26858, 6.43129 ], [ 2.26867, 6.43202 ], [ 2.26804, 6.43175 ], [ 2.26813, 6.43238 ], [ 2.26876, 6.43247 ], [ 2.26867, 6.43274 ], [ 2.26777, 6.43265 ], [ 2.26777, 6.43211 ], [ 2.26722, 6.43274 ], [ 2.26686, 6.43174 ], [ 2.26614, 6.43201 ], [ 2.26614, 6.43247 ], [ 2.26505, 6.43219 ], [ 2.26578, 6.43301 ], [ 2.26677, 6.43328 ], [ 2.26695, 6.43401 ], [ 2.26804, 6.43337 ], [ 2.2683, 6.43546 ], [ 2.2693, 6.435 ], [ 2.26912, 6.43464 ], [ 2.26858, 6.43473 ], [ 2.26858, 6.43437 ], [ 2.26975, 6.43428 ], [ 2.26948, 6.43537 ], [ 2.26993, 6.43582 ], [ 2.26966, 6.43591 ], [ 2.26984, 6.43663 ], [ 2.26912, 6.43618 ], [ 2.26695, 6.43591 ], [ 2.26631, 6.43708 ], [ 2.26667, 6.43753 ], [ 2.26658, 6.43844 ], [ 2.26694, 6.43835 ], [ 2.26685, 6.43808 ], [ 2.2674, 6.43826 ], [ 2.26767, 6.43745 ], [ 2.26722, 6.43618 ], [ 2.26785, 6.43618 ], [ 2.26794, 6.43835 ], [ 2.26667, 6.43898 ], [ 2.26676, 6.43962 ], [ 2.26721, 6.43962 ], [ 2.26676, 6.44025 ], [ 2.26739, 6.44133 ], [ 2.26721, 6.44224 ], [ 2.26631, 6.44142 ], [ 2.26603, 6.44206 ], [ 2.26712, 6.44278 ], [ 2.26712, 6.44323 ], [ 2.26802, 6.44269 ], [ 2.26793, 6.44215 ], [ 2.26857, 6.44242 ], [ 2.26865, 6.4436 ], [ 2.26802, 6.44387 ], [ 2.26766, 6.44486 ], [ 2.2682, 6.4464 ], [ 2.26738, 6.44658 ], [ 2.26657, 6.44776 ], [ 2.26603, 6.44739 ], [ 2.26611, 6.44866 ], [ 2.26684, 6.44911 ], [ 2.26657, 6.44929 ], [ 2.26611, 6.44929 ], [ 2.26611, 6.44893 ], [ 2.26548, 6.44902 ], [ 2.2653, 6.44866 ], [ 2.26422, 6.44857 ], [ 2.26367, 6.44802 ], [ 2.26331, 6.44685 ], [ 2.26295, 6.44703 ], [ 2.2634, 6.44757 ], [ 2.26331, 6.4482 ], [ 2.26223, 6.4482 ], [ 2.26159, 6.44712 ], [ 2.26268, 6.44703 ], [ 2.26323, 6.44522 ], [ 2.26386, 6.4454 ], [ 2.26422, 6.4464 ], [ 2.26521, 6.44712 ], [ 2.26485, 6.44766 ], [ 2.26503, 6.44794 ], [ 2.26539, 6.44785 ], [ 2.26567, 6.44685 ], [ 2.26648, 6.44721 ], [ 2.2672, 6.44613 ], [ 2.2663, 6.44549 ], [ 2.26657, 6.44577 ], [ 2.26621, 6.44622 ], [ 2.26648, 6.44667 ], [ 2.26548, 6.44676 ], [ 2.26494, 6.44595 ], [ 2.26503, 6.4454 ], [ 2.26576, 6.44495 ], [ 2.26522, 6.44477 ], [ 2.26567, 6.44423 ], [ 2.26549, 6.44387 ], [ 2.26467, 6.44377 ], [ 2.26449, 6.44314 ], [ 2.26368, 6.44287 ], [ 2.26323, 6.44205 ], [ 2.26232, 6.44259 ], [ 2.26233, 6.44178 ], [ 2.26187, 6.44178 ], [ 2.26115, 6.44323 ], [ 2.2616, 6.44395 ], [ 2.26214, 6.4435 ], [ 2.26214, 6.44431 ], [ 2.26069, 6.4444 ], [ 2.26078, 6.44476 ], [ 2.26024, 6.44494 ], [ 2.25988, 6.44576 ], [ 2.26024, 6.44612 ], [ 2.25934, 6.44621 ], [ 2.25988, 6.44675 ], [ 2.25988, 6.44748 ], [ 2.25906, 6.44937 ], [ 2.25978, 6.44938 ], [ 2.25978, 6.44974 ], [ 2.25861, 6.44992 ], [ 2.25852, 6.44965 ], [ 2.25897, 6.44946 ], [ 2.25879, 6.44856 ], [ 2.25816, 6.44856 ], [ 2.25825, 6.4482 ], [ 2.25752, 6.44847 ], [ 2.25734, 6.44892 ], [ 2.25761, 6.44928 ], [ 2.25716, 6.44955 ], [ 2.25752, 6.44992 ], [ 2.25716, 6.45046 ], [ 2.25743, 6.451 ], [ 2.25589, 6.45199 ], [ 2.25562, 6.45335 ], [ 2.25516, 6.45344 ], [ 2.25525, 6.45444 ], [ 2.25471, 6.4548 ], [ 2.25471, 6.45507 ], [ 2.25561, 6.45489 ], [ 2.25588, 6.45579 ], [ 2.25498, 6.45688 ], [ 2.25317, 6.45733 ], [ 2.2538, 6.45796 ], [ 2.25507, 6.45742 ], [ 2.25615, 6.45742 ], [ 2.25651, 6.45778 ], [ 2.25651, 6.45806 ], [ 2.25588, 6.45796 ], [ 2.25597, 6.4595 ], [ 2.25642, 6.45986 ], [ 2.25606, 6.46014 ], [ 2.25525, 6.45986 ], [ 2.25488, 6.46113 ], [ 2.25407, 6.46104 ], [ 2.25416, 6.46158 ], [ 2.2547, 6.46158 ], [ 2.25425, 6.46203 ], [ 2.25443, 6.46276 ], [ 2.25406, 6.46366 ], [ 2.2547, 6.46339 ], [ 2.25497, 6.46267 ], [ 2.25578, 6.46348 ], [ 2.25533, 6.46457 ], [ 2.25461, 6.46457 ], [ 2.25515, 6.46511 ], [ 2.25478, 6.46583 ], [ 2.25496, 6.46647 ], [ 2.2556, 6.46665 ], [ 2.25532, 6.4681 ], [ 2.25478, 6.46873 ], [ 2.2555, 6.46909 ], [ 2.25541, 6.47063 ], [ 2.25577, 6.47018 ], [ 2.25632, 6.47018 ], [ 2.25541, 6.47099 ], [ 2.25532, 6.4719 ], [ 2.25586, 6.4719 ], [ 2.25604, 6.47126 ], [ 2.25649, 6.47154 ], [ 2.25649, 6.47208 ], [ 2.25695, 6.47217 ], [ 2.25695, 6.47126 ], [ 2.25767, 6.47136 ], [ 2.25722, 6.47307 ], [ 2.25821, 6.47416 ], [ 2.26138, 6.47136 ], [ 2.26156, 6.47073 ], [ 2.26265, 6.4701 ], [ 2.26383, 6.46838 ], [ 2.26509, 6.46775 ], [ 2.26582, 6.4663 ], [ 2.26654, 6.46612 ], [ 2.26763, 6.46495 ], [ 2.26763, 6.46459 ], [ 2.26636, 6.46422 ], [ 2.26582, 6.46458 ], [ 2.26455, 6.46422 ], [ 2.26501, 6.46359 ], [ 2.26374, 6.46259 ], [ 2.26429, 6.46241 ], [ 2.26492, 6.46277 ], [ 2.26501, 6.46241 ], [ 2.26374, 6.46196 ], [ 2.26347, 6.46114 ], [ 2.26483, 6.46178 ], [ 2.26628, 6.46106 ], [ 2.26628, 6.46187 ], [ 2.267, 6.4616 ], [ 2.26718, 6.46223 ], [ 2.26682, 6.46268 ], [ 2.26727, 6.46278 ], [ 2.26718, 6.46332 ], [ 2.26908, 6.46296 ], [ 2.26908, 6.46242 ], [ 2.26953, 6.46224 ], [ 2.26935, 6.46151 ], [ 2.26818, 6.46178 ], [ 2.26818, 6.46042 ], [ 2.26791, 6.46006 ], [ 2.26736, 6.46015 ], [ 2.26709, 6.45952 ], [ 2.26782, 6.45961 ], [ 2.26773, 6.45907 ], [ 2.26818, 6.45907 ], [ 2.26845, 6.45853 ], [ 2.26909, 6.45835 ], [ 2.26918, 6.45771 ], [ 2.26963, 6.45771 ], [ 2.27062, 6.45871 ], [ 2.26972, 6.45889 ], [ 2.26954, 6.45853 ], [ 2.2689, 6.45853 ], [ 2.26836, 6.45952 ], [ 2.26863, 6.45979 ], [ 2.26936, 6.45943 ], [ 2.26981, 6.45943 ], [ 2.26981, 6.45979 ], [ 2.27008, 6.45952 ], [ 2.27134, 6.45971 ], [ 2.27017, 6.46115 ], [ 2.27062, 6.4616 ], [ 2.27134, 6.46161 ], [ 2.27143, 6.46197 ], [ 2.27152, 6.46106 ], [ 2.27297, 6.45971 ], [ 2.27243, 6.45844 ], [ 2.27198, 6.45826 ], [ 2.27225, 6.45754 ], [ 2.27207, 6.45663 ], [ 2.27162, 6.45654 ], [ 2.27162, 6.45554 ], [ 2.27216, 6.45527 ], [ 2.27397, 6.45573 ], [ 2.27343, 6.45627 ], [ 2.27298, 6.45618 ], [ 2.2728, 6.45654 ], [ 2.27307, 6.45681 ], [ 2.27243, 6.45717 ], [ 2.27288, 6.45826 ], [ 2.27334, 6.45799 ], [ 2.27334, 6.45654 ], [ 2.27488, 6.45663 ], [ 2.27542, 6.45718 ], [ 2.2746, 6.45853 ], [ 2.27532, 6.45944 ], [ 2.27569, 6.45926 ], [ 2.27605, 6.4598 ], [ 2.27632, 6.45881 ], [ 2.27813, 6.45881 ], [ 2.27822, 6.46026 ], [ 2.27903, 6.46044 ], [ 2.27948, 6.45981 ], [ 2.27948, 6.46207 ], [ 2.27903, 6.46162 ], [ 2.27713, 6.4617 ], [ 2.27776, 6.46207 ], [ 2.27876, 6.4637 ], [ 2.2783, 6.46551 ], [ 2.27884, 6.46596 ], [ 2.27848, 6.46614 ], [ 2.27839, 6.4656 ], [ 2.27776, 6.46541 ], [ 2.27794, 6.46632 ], [ 2.2783, 6.46641 ], [ 2.27785, 6.46686 ], [ 2.27739, 6.46668 ], [ 2.2774, 6.4655 ], [ 2.27613, 6.46514 ], [ 2.27631, 6.46541 ], [ 2.27577, 6.46686 ], [ 2.27631, 6.46686 ], [ 2.2764, 6.46731 ], [ 2.27577, 6.46713 ], [ 2.27558, 6.46767 ], [ 2.27622, 6.46767 ], [ 2.27613, 6.46813 ], [ 2.27576, 6.46813 ], [ 2.27622, 6.46831 ], [ 2.27622, 6.46894 ], [ 2.27576, 6.46912 ], [ 2.27585, 6.46849 ], [ 2.27468, 6.46894 ], [ 2.27441, 6.46785 ], [ 2.27396, 6.46794 ], [ 2.27396, 6.46767 ], [ 2.27459, 6.46767 ], [ 2.27459, 6.46704 ], [ 2.27387, 6.46713 ], [ 2.27341, 6.46767 ], [ 2.27332, 6.46857 ], [ 2.27278, 6.46839 ], [ 2.27296, 6.46812 ], [ 2.27251, 6.46803 ], [ 2.27251, 6.46767 ], [ 2.27314, 6.46749 ], [ 2.27323, 6.46704 ], [ 2.27215, 6.46586 ], [ 2.27251, 6.46532 ], [ 2.27215, 6.46523 ], [ 2.27188, 6.46568 ], [ 2.27107, 6.46531 ], [ 2.27061, 6.46568 ], [ 2.2707, 6.46513 ], [ 2.27025, 6.46468 ], [ 2.26989, 6.46495 ], [ 2.26962, 6.46468 ], [ 2.2698, 6.46368 ], [ 2.26953, 6.46368 ], [ 2.26564, 6.46766 ], [ 2.26618, 6.46838 ], [ 2.26645, 6.46712 ], [ 2.26735, 6.46739 ], [ 2.26726, 6.46667 ], [ 2.26681, 6.46648 ], [ 2.26736, 6.46658 ], [ 2.26772, 6.46703 ], [ 2.26744, 6.4673 ], [ 2.26772, 6.46793 ], [ 2.26871, 6.46812 ], [ 2.26844, 6.46875 ], [ 2.26744, 6.46848 ], [ 2.26699, 6.46929 ], [ 2.26862, 6.46938 ], [ 2.26925, 6.4702 ], [ 2.26744, 6.47101 ], [ 2.26681, 6.47028 ], [ 2.26599, 6.47046 ], [ 2.26572, 6.46992 ], [ 2.26681, 6.46992 ], [ 2.26645, 6.46865 ], [ 2.26609, 6.46929 ], [ 2.26491, 6.46883 ], [ 2.26518, 6.46947 ], [ 2.26355, 6.46965 ], [ 2.26247, 6.47037 ], [ 2.26228, 6.471 ], [ 2.26102, 6.47199 ], [ 2.26083, 6.47272 ], [ 2.2602, 6.47281 ], [ 2.26002, 6.47362 ], [ 2.25866, 6.47434 ], [ 2.25911, 6.47462 ], [ 2.25993, 6.47398 ], [ 2.2602, 6.47462 ], [ 2.26038, 6.47416 ], [ 2.26092, 6.47407 ], [ 2.26146, 6.47534 ], [ 2.26092, 6.47597 ], [ 2.26011, 6.47579 ], [ 2.26029, 6.47679 ], [ 2.25983, 6.47697 ], [ 2.26002, 6.47597 ], [ 2.25839, 6.47579 ], [ 2.2583, 6.47489 ], [ 2.25785, 6.47534 ], [ 2.25784, 6.47597 ], [ 2.25848, 6.47642 ], [ 2.25902, 6.47796 ], [ 2.25866, 6.47814 ], [ 2.25884, 6.47778 ], [ 2.25857, 6.47751 ], [ 2.25811, 6.47778 ], [ 2.25757, 6.4776 ], [ 2.25712, 6.47823 ], [ 2.25775, 6.47877 ], [ 2.25847, 6.47859 ], [ 2.25874, 6.47887 ], [ 2.25811, 6.47968 ], [ 2.25784, 6.47968 ], [ 2.25793, 6.47932 ], [ 2.2582, 6.47941 ], [ 2.25802, 6.47896 ], [ 2.25612, 6.47904 ], [ 2.25576, 6.47995 ], [ 2.25648, 6.48022 ], [ 2.25657, 6.47941 ], [ 2.25712, 6.47932 ], [ 2.25748, 6.47968 ], [ 2.25693, 6.47968 ], [ 2.25711, 6.48067 ], [ 2.25684, 6.48094 ], [ 2.25793, 6.48095 ], [ 2.25802, 6.48022 ], [ 2.25892, 6.48022 ], [ 2.25956, 6.48077 ], [ 2.26028, 6.48032 ], [ 2.26082, 6.48086 ], [ 2.26137, 6.48041 ], [ 2.26073, 6.48005 ], [ 2.26055, 6.4795 ], [ 2.25956, 6.47977 ], [ 2.25947, 6.47941 ], [ 2.25902, 6.47959 ], [ 2.25902, 6.47923 ], [ 2.26191, 6.47959 ], [ 2.26209, 6.47833 ], [ 2.26173, 6.47806 ], [ 2.26318, 6.4777 ], [ 2.263, 6.47869 ], [ 2.26245, 6.47896 ], [ 2.26254, 6.47996 ], [ 2.2629, 6.48023 ], [ 2.26336, 6.48023 ], [ 2.26336, 6.47987 ], [ 2.26426, 6.48005 ], [ 2.26408, 6.48123 ], [ 2.26381, 6.4815 ], [ 2.26317, 6.48132 ], [ 2.26362, 6.48213 ], [ 2.26308, 6.48303 ], [ 2.26082, 6.48294 ], [ 2.26037, 6.48384 ], [ 2.26136, 6.4833 ], [ 2.26172, 6.48403 ], [ 2.26208, 6.48394 ], [ 2.26199, 6.48475 ], [ 2.26272, 6.48439 ], [ 2.26371, 6.48448 ], [ 2.26398, 6.48548 ], [ 2.26235, 6.4853 ], [ 2.26208, 6.48584 ], [ 2.2628, 6.4862 ], [ 2.26344, 6.48711 ], [ 2.26425, 6.48684 ], [ 2.26416, 6.48629 ], [ 2.26461, 6.48638 ], [ 2.26461, 6.48729 ], [ 2.26497, 6.48729 ], [ 2.26533, 6.48847 ], [ 2.26633, 6.48811 ], [ 2.26642, 6.48901 ], [ 2.26723, 6.48955 ], [ 2.26714, 6.48992 ], [ 2.26642, 6.49001 ], [ 2.26633, 6.49091 ], [ 2.2647, 6.49082 ], [ 2.26497, 6.49127 ], [ 2.2647, 6.49163 ], [ 2.26379, 6.49109 ], [ 2.2646, 6.4929 ], [ 2.26524, 6.49263 ], [ 2.26578, 6.4929 ], [ 2.2656, 6.49335 ], [ 2.26515, 6.49326 ], [ 2.26433, 6.49407 ], [ 2.26433, 6.49453 ], [ 2.26532, 6.49462 ], [ 2.26533, 6.49407 ], [ 2.26614, 6.49417 ], [ 2.26614, 6.49209 ], [ 2.2665, 6.49209 ], [ 2.26677, 6.49299 ], [ 2.26777, 6.49308 ], [ 2.26759, 6.49191 ], [ 2.26922, 6.49137 ], [ 2.26895, 6.49218 ], [ 2.2694, 6.49227 ], [ 2.27003, 6.49182 ], [ 2.26931, 6.49146 ], [ 2.26967, 6.49082 ], [ 2.2704, 6.49101 ], [ 2.27076, 6.49046 ], [ 2.2713, 6.49083 ], [ 2.2713, 6.48992 ], [ 2.27004, 6.48911 ], [ 2.2704, 6.48865 ], [ 2.27004, 6.48793 ], [ 2.26959, 6.48784 ], [ 2.26959, 6.48811 ], [ 2.26995, 6.48802 ], [ 2.26967, 6.48874 ], [ 2.26886, 6.48829 ], [ 2.26913, 6.4872 ], [ 2.27049, 6.48766 ], [ 2.27049, 6.48684 ], [ 2.27103, 6.48712 ], [ 2.2723, 6.48685 ], [ 2.27284, 6.48739 ], [ 2.27366, 6.48594 ], [ 2.27447, 6.48667 ], [ 2.27411, 6.48748 ], [ 2.27474, 6.4873 ], [ 2.27501, 6.4892 ], [ 2.27582, 6.48939 ], [ 2.27591, 6.49029 ], [ 2.27465, 6.49137 ], [ 2.27519, 6.49119 ], [ 2.27519, 6.49183 ], [ 2.27474, 6.49192 ], [ 2.27456, 6.49155 ], [ 2.2741, 6.49183 ], [ 2.27437, 6.49255 ], [ 2.27365, 6.49291 ], [ 2.2732, 6.49246 ], [ 2.27283, 6.49273 ], [ 2.2722, 6.49255 ], [ 2.27193, 6.49345 ], [ 2.2722, 6.49418 ], [ 2.2731, 6.494 ], [ 2.2731, 6.49571 ], [ 2.27274, 6.49617 ], [ 2.27292, 6.49653 ], [ 2.27355, 6.49662 ], [ 2.27319, 6.49761 ], [ 2.27391, 6.49752 ], [ 2.27427, 6.49843 ], [ 2.27464, 6.4978 ], [ 2.27536, 6.49807 ], [ 2.27527, 6.49879 ], [ 2.27563, 6.49879 ], [ 2.27599, 6.49807 ], [ 2.27617, 6.49898 ], [ 2.27662, 6.49934 ], [ 2.27653, 6.49979 ], [ 2.27527, 6.49934 ], [ 2.27509, 6.50006 ], [ 2.27454, 6.50024 ], [ 2.27526, 6.50187 ], [ 2.27644, 6.50223 ], [ 2.27635, 6.50142 ], [ 2.2768, 6.50106 ], [ 2.27698, 6.50169 ], [ 2.27671, 6.50241 ], [ 2.27626, 6.50232 ], [ 2.27635, 6.50278 ], [ 2.27689, 6.50241 ], [ 2.27734, 6.50341 ], [ 2.27861, 6.50278 ], [ 2.27843, 6.50332 ], [ 2.2787, 6.50368 ], [ 2.27978, 6.50369 ], [ 2.27978, 6.50396 ], [ 2.27924, 6.50396 ], [ 2.27924, 6.50432 ], [ 2.27861, 6.50441 ], [ 2.2787, 6.50468 ], [ 2.27924, 6.5045 ], [ 2.27924, 6.50495 ], [ 2.27843, 6.50513 ], [ 2.27888, 6.50576 ], [ 2.27833, 6.50522 ], [ 2.27752, 6.50549 ], [ 2.27607, 6.50467 ], [ 2.27652, 6.50612 ], [ 2.2786, 6.50685 ], [ 2.27879, 6.50595 ], [ 2.28032, 6.50604 ], [ 2.28078, 6.50568 ], [ 2.28096, 6.50504 ], [ 2.2806, 6.50513 ], [ 2.28051, 6.50477 ], [ 2.28096, 6.50441 ], [ 2.28132, 6.50486 ], [ 2.28123, 6.50369 ], [ 2.28205, 6.50251 ], [ 2.28196, 6.50215 ], [ 2.28123, 6.50233 ], [ 2.28123, 6.50278 ], [ 2.28033, 6.5035 ], [ 2.27997, 6.50278 ], [ 2.27942, 6.50305 ], [ 2.27879, 6.50233 ], [ 2.27834, 6.50233 ], [ 2.27834, 6.50187 ], [ 2.2787, 6.50206 ], [ 2.27888, 6.50178 ], [ 2.2787, 6.50142 ], [ 2.27807, 6.50178 ], [ 2.27725, 6.50142 ], [ 2.27689, 6.5007 ], [ 2.27699, 6.50006 ], [ 2.27726, 6.50006 ], [ 2.27726, 6.5007 ], [ 2.27798, 6.50043 ], [ 2.27798, 6.50097 ], [ 2.27834, 6.50115 ], [ 2.27879, 6.4997 ], [ 2.27834, 6.49889 ], [ 2.2788, 6.49871 ], [ 2.27916, 6.49925 ], [ 2.27889, 6.49961 ], [ 2.27907, 6.50043 ], [ 2.28024, 6.50079 ], [ 2.27961, 6.49934 ], [ 2.28033, 6.49943 ], [ 2.28097, 6.49889 ], [ 2.2807, 6.49853 ], [ 2.28106, 6.49853 ], [ 2.28124, 6.49763 ], [ 2.28088, 6.49781 ], [ 2.28079, 6.49844 ], [ 2.28043, 6.4979 ], [ 2.27934, 6.4978 ], [ 2.27907, 6.49663 ], [ 2.2797, 6.49663 ], [ 2.27989, 6.496 ], [ 2.27998, 6.49654 ], [ 2.28052, 6.49672 ], [ 2.28079, 6.49582 ], [ 2.27943, 6.49536 ], [ 2.27925, 6.49455 ], [ 2.27998, 6.495 ], [ 2.28061, 6.49473 ], [ 2.28052, 6.49419 ], [ 2.28088, 6.49419 ], [ 2.28133, 6.49482 ], [ 2.28188, 6.49473 ], [ 2.28188, 6.49527 ], [ 2.2826, 6.49555 ], [ 2.28169, 6.49582 ], [ 2.28187, 6.49627 ], [ 2.2826, 6.49681 ], [ 2.28305, 6.49654 ], [ 2.28314, 6.49681 ], [ 2.28414, 6.49691 ], [ 2.28441, 6.49781 ], [ 2.28504, 6.4979 ], [ 2.28495, 6.49664 ], [ 2.28567, 6.49628 ], [ 2.2854, 6.49564 ], [ 2.28604, 6.49573 ], [ 2.28631, 6.49537 ], [ 2.28622, 6.49492 ], [ 2.28549, 6.49492 ], [ 2.28586, 6.49429 ], [ 2.2864, 6.49447 ], [ 2.28649, 6.49546 ], [ 2.28739, 6.49528 ], [ 2.28739, 6.49583 ], [ 2.28839, 6.49637 ], [ 2.28884, 6.49583 ], [ 2.28812, 6.49474 ], [ 2.28866, 6.49447 ], [ 2.28866, 6.49357 ], [ 2.28803, 6.49365 ], [ 2.28776, 6.49329 ], [ 2.28758, 6.49393 ], [ 2.28812, 6.49447 ], [ 2.28739, 6.49492 ], [ 2.28667, 6.49356 ], [ 2.28595, 6.49302 ], [ 2.28504, 6.4941 ], [ 2.28441, 6.49383 ], [ 2.2836, 6.49401 ], [ 2.28478, 6.4922 ], [ 2.28586, 6.49184 ], [ 2.28595, 6.49266 ], [ 2.28722, 6.4923 ], [ 2.28794, 6.49257 ], [ 2.28785, 6.49293 ], [ 2.28713, 6.49302 ], [ 2.28731, 6.49338 ], [ 2.28767, 6.49347 ], [ 2.28785, 6.49302 ], [ 2.28812, 6.49329 ], [ 2.28884, 6.49284 ], [ 2.28912, 6.49302 ], [ 2.28966, 6.49375 ], [ 2.28966, 6.49492 ], [ 2.29011, 6.49538 ], [ 2.28983, 6.49628 ], [ 2.29029, 6.49682 ], [ 2.29119, 6.49701 ], [ 2.29155, 6.49646 ], [ 2.29237, 6.49674 ], [ 2.29445, 6.49602 ], [ 2.2949, 6.49602 ], [ 2.29499, 6.49638 ], [ 2.29608, 6.49602 ], [ 2.29599, 6.49575 ], [ 2.2949, 6.49593 ], [ 2.29436, 6.49547 ], [ 2.29382, 6.49556 ], [ 2.29291, 6.49411 ], [ 2.29255, 6.49438 ], [ 2.29174, 6.49411 ], [ 2.29128, 6.49484 ], [ 2.29146, 6.49547 ], [ 2.29065, 6.49574 ], [ 2.2902, 6.49511 ], [ 2.29011, 6.49348 ], [ 2.29092, 6.4933 ], [ 2.29092, 6.49402 ], [ 2.29165, 6.49402 ], [ 2.29192, 6.49384 ], [ 2.29165, 6.49312 ], [ 2.29228, 6.49276 ], [ 2.29228, 6.49258 ], [ 2.2912, 6.49248 ], [ 2.29111, 6.49167 ], [ 2.28993, 6.49076 ], [ 2.28948, 6.48959 ], [ 2.28876, 6.48977 ], [ 2.28876, 6.49076 ], [ 2.28794, 6.49076 ], [ 2.28867, 6.48949 ], [ 2.28813, 6.48958 ], [ 2.28831, 6.48841 ], [ 2.28777, 6.48841 ], [ 2.28758, 6.48805 ], [ 2.28722, 6.48804 ], [ 2.2874, 6.48859 ], [ 2.28704, 6.48904 ], [ 2.28767, 6.48913 ], [ 2.28803, 6.48976 ], [ 2.28722, 6.4904 ], [ 2.28722, 6.49103 ], [ 2.28785, 6.49103 ], [ 2.28731, 6.49184 ], [ 2.28704, 6.49112 ], [ 2.28677, 6.49121 ], [ 2.28659, 6.49058 ], [ 2.28595, 6.49021 ], [ 2.28632, 6.48976 ], [ 2.28614, 6.48949 ], [ 2.28695, 6.48904 ], [ 2.28695, 6.48786 ], [ 2.28614, 6.48822 ], [ 2.28569, 6.48768 ], [ 2.28541, 6.4884 ], [ 2.28496, 6.48804 ], [ 2.28496, 6.48867 ], [ 2.28595, 6.48958 ], [ 2.2855, 6.48994 ], [ 2.28568, 6.49094 ], [ 2.28478, 6.49148 ], [ 2.28387, 6.49103 ], [ 2.28369, 6.49166 ], [ 2.28396, 6.49202 ], [ 2.28315, 6.49247 ], [ 2.2836, 6.49292 ], [ 2.2826, 6.49283 ], [ 2.28297, 6.49184 ], [ 2.28206, 6.49084 ], [ 2.28152, 6.49075 ], [ 2.28297, 6.49003 ], [ 2.28243, 6.48976 ], [ 2.28297, 6.48713 ], [ 2.28469, 6.48686 ], [ 2.28523, 6.48696 ], [ 2.28541, 6.48741 ], [ 2.28578, 6.48714 ], [ 2.28632, 6.48732 ], [ 2.2865, 6.48632 ], [ 2.28686, 6.4866 ], [ 2.28759, 6.48633 ], [ 2.28723, 6.48569 ], [ 2.28614, 6.48623 ], [ 2.28487, 6.48578 ], [ 2.2837, 6.48605 ], [ 2.28379, 6.48505 ], [ 2.28289, 6.48424 ], [ 2.28325, 6.48406 ], [ 2.28298, 6.48279 ], [ 2.28343, 6.48261 ], [ 2.28343, 6.48171 ], [ 2.28316, 6.48162 ], [ 2.28289, 6.48216 ], [ 2.28217, 6.4817 ], [ 2.28235, 6.48098 ], [ 2.28172, 6.48044 ], [ 2.28199, 6.47908 ], [ 2.28091, 6.47817 ], [ 2.28027, 6.47709 ], [ 2.28055, 6.476 ], [ 2.28028, 6.47627 ], [ 2.27946, 6.47609 ], [ 2.28046, 6.47537 ], [ 2.2801, 6.47356 ], [ 2.28082, 6.47356 ], [ 2.28082, 6.47293 ], [ 2.28146, 6.47311 ], [ 2.28146, 6.47248 ], [ 2.28218, 6.47266 ], [ 2.28263, 6.47212 ], [ 2.28263, 6.47139 ], [ 2.282, 6.47103 ], [ 2.28245, 6.47022 ], [ 2.28209, 6.46976 ], [ 2.28128, 6.47021 ], [ 2.28137, 6.46985 ], [ 2.28074, 6.46949 ], [ 2.28037, 6.46985 ], [ 2.27992, 6.46958 ], [ 2.28001, 6.47094 ], [ 2.27965, 6.47094 ], [ 2.27974, 6.47039 ], [ 2.2792, 6.46985 ], [ 2.27965, 6.46895 ], [ 2.28065, 6.46868 ], [ 2.27992, 6.46831 ], [ 2.28011, 6.46723 ], [ 2.28047, 6.46768 ], [ 2.28092, 6.46723 ], [ 2.28173, 6.46759 ], [ 2.28264, 6.46678 ], [ 2.28183, 6.4666 ], [ 2.28137, 6.46696 ], [ 2.28047, 6.46659 ], [ 2.28029, 6.4656 ], [ 2.28092, 6.46569 ], [ 2.28129, 6.46497 ], [ 2.2821, 6.46551 ], [ 2.28237, 6.4647 ], [ 2.28291, 6.4647 ], [ 2.28292, 6.46415 ], [ 2.28337, 6.46407 ], [ 2.28319, 6.46461 ], [ 2.28418, 6.46569 ], [ 2.284, 6.46633 ], [ 2.28454, 6.46597 ], [ 2.28445, 6.4656 ], [ 2.28526, 6.46606 ], [ 2.28517, 6.46552 ], [ 2.28563, 6.46506 ], [ 2.28518, 6.46461 ], [ 2.28662, 6.46434 ], [ 2.28662, 6.46326 ], [ 2.28699, 6.46335 ], [ 2.28717, 6.46407 ], [ 2.28753, 6.46362 ], [ 2.28816, 6.46389 ], [ 2.2878, 6.46434 ], [ 2.28807, 6.46498 ], [ 2.2887, 6.46425 ], [ 2.28834, 6.4638 ], [ 2.28871, 6.46317 ], [ 2.28988, 6.46335 ], [ 2.29106, 6.46299 ], [ 2.29069, 6.46362 ], [ 2.29015, 6.46371 ], [ 2.29024, 6.46407 ], [ 2.29169, 6.46335 ], [ 2.29268, 6.46372 ], [ 2.2925, 6.46453 ], [ 2.29187, 6.4648 ], [ 2.29187, 6.46534 ], [ 2.29286, 6.46553 ], [ 2.29268, 6.46697 ], [ 2.29395, 6.46616 ], [ 2.29395, 6.46743 ], [ 2.29268, 6.46743 ], [ 2.29214, 6.46706 ], [ 2.29141, 6.46806 ], [ 2.29168, 6.46878 ], [ 2.29132, 6.46914 ], [ 2.29177, 6.46941 ], [ 2.29168, 6.46978 ], [ 2.2906, 6.46987 ], [ 2.2905, 6.4705 ], [ 2.28987, 6.47068 ], [ 2.29032, 6.47086 ], [ 2.29132, 6.47014 ], [ 2.29177, 6.47177 ], [ 2.29068, 6.47186 ], [ 2.29086, 6.47249 ], [ 2.29068, 6.47267 ], [ 2.2905, 6.47231 ], [ 2.2896, 6.47222 ], [ 2.28969, 6.47167 ], [ 2.28906, 6.47095 ], [ 2.28779, 6.47095 ], [ 2.28725, 6.47149 ], [ 2.28698, 6.47113 ], [ 2.28698, 6.47076 ], [ 2.28743, 6.47058 ], [ 2.28725, 6.46986 ], [ 2.28689, 6.46986 ], [ 2.28689, 6.47076 ], [ 2.28607, 6.47085 ], [ 2.28589, 6.47031 ], [ 2.28553, 6.47031 ], [ 2.28408, 6.47157 ], [ 2.28426, 6.47212 ], [ 2.28381, 6.47284 ], [ 2.28462, 6.47366 ], [ 2.28462, 6.47411 ], [ 2.28426, 6.47384 ], [ 2.28362, 6.47402 ], [ 2.28299, 6.47356 ], [ 2.2829, 6.47483 ], [ 2.28245, 6.4751 ], [ 2.28272, 6.47592 ], [ 2.28181, 6.476 ], [ 2.28127, 6.477 ], [ 2.28244, 6.47736 ], [ 2.28253, 6.47809 ], [ 2.28317, 6.47809 ], [ 2.2828, 6.4789 ], [ 2.28235, 6.47899 ], [ 2.28307, 6.47935 ], [ 2.28307, 6.47981 ], [ 2.28362, 6.47935 ], [ 2.28579, 6.47918 ], [ 2.2857, 6.48035 ], [ 2.28597, 6.48044 ], [ 2.28624, 6.47981 ], [ 2.28678, 6.47972 ], [ 2.28696, 6.48008 ], [ 2.2866, 6.48099 ], [ 2.28786, 6.48207 ], [ 2.28786, 6.48316 ], [ 2.28841, 6.48298 ], [ 2.28814, 6.48235 ], [ 2.28868, 6.48189 ], [ 2.28823, 6.48144 ], [ 2.28868, 6.48072 ], [ 2.28832, 6.47999 ], [ 2.28895, 6.4799 ], [ 2.28949, 6.48081 ], [ 2.29013, 6.48027 ], [ 2.29022, 6.48099 ], [ 2.29067, 6.4809 ], [ 2.29194, 6.48181 ], [ 2.29193, 6.48244 ], [ 2.29148, 6.48253 ], [ 2.29112, 6.48326 ], [ 2.29157, 6.4838 ], [ 2.29202, 6.48353 ], [ 2.29184, 6.48516 ], [ 2.29265, 6.48534 ], [ 2.29301, 6.48597 ], [ 2.29446, 6.48661 ], [ 2.29501, 6.48552 ], [ 2.29446, 6.48453 ], [ 2.29627, 6.48444 ], [ 2.29627, 6.48516 ], [ 2.29691, 6.48507 ], [ 2.29636, 6.48571 ], [ 2.29636, 6.48634 ], [ 2.29681, 6.48652 ], [ 2.29672, 6.48797 ], [ 2.29627, 6.48724 ], [ 2.29591, 6.48742 ], [ 2.29564, 6.48797 ], [ 2.29609, 6.48833 ], [ 2.29599, 6.48932 ], [ 2.29536, 6.48887 ], [ 2.29527, 6.49014 ], [ 2.29645, 6.48978 ], [ 2.29645, 6.48914 ], [ 2.29726, 6.48951 ], [ 2.29826, 6.48933 ], [ 2.2988, 6.49077 ], [ 2.29934, 6.49069 ], [ 2.29934, 6.49114 ], [ 2.2988, 6.49132 ], [ 2.29898, 6.49222 ], [ 2.29979, 6.4925 ], [ 2.30015, 6.49195 ], [ 2.29988, 6.49268 ], [ 2.30078, 6.49304 ], [ 2.30078, 6.49349 ], [ 2.29997, 6.49331 ], [ 2.29952, 6.49403 ], [ 2.29888, 6.49394 ], [ 2.29861, 6.49349 ], [ 2.29807, 6.49385 ], [ 2.29744, 6.49385 ], [ 2.29735, 6.49349 ], [ 2.29662, 6.49385 ], [ 2.2968, 6.49448 ], [ 2.29734, 6.49439 ], [ 2.29744, 6.49403 ], [ 2.2978, 6.49448 ], [ 2.29807, 6.49448 ], [ 2.29807, 6.49403 ], [ 2.29906, 6.49439 ], [ 2.29761, 6.4953 ], [ 2.29698, 6.4953 ], [ 2.29689, 6.49647 ], [ 2.29653, 6.49674 ], [ 2.29562, 6.49656 ], [ 2.29544, 6.4971 ], [ 2.29472, 6.49719 ], [ 2.29463, 6.49755 ], [ 2.29363, 6.4971 ], [ 2.29354, 6.49746 ], [ 2.29463, 6.49764 ], [ 2.29417, 6.49782 ], [ 2.29399, 6.49855 ], [ 2.29291, 6.49719 ], [ 2.29209, 6.49728 ], [ 2.29191, 6.49764 ], [ 2.29273, 6.49873 ], [ 2.29209, 6.49909 ], [ 2.29209, 6.49954 ], [ 2.29291, 6.49954 ], [ 2.29345, 6.499 ], [ 2.2939, 6.49909 ], [ 2.29417, 6.49972 ], [ 2.29453, 6.499 ], [ 2.29517, 6.49936 ], [ 2.29471, 6.50045 ], [ 2.29553, 6.50136 ], [ 2.29562, 6.50208 ], [ 2.29453, 6.50208 ], [ 2.29426, 6.5028 ], [ 2.2939, 6.50235 ], [ 2.29344, 6.50244 ], [ 2.29317, 6.50189 ], [ 2.29245, 6.50235 ], [ 2.29154, 6.50216 ], [ 2.29209, 6.50289 ], [ 2.29245, 6.50244 ], [ 2.29317, 6.50244 ], [ 2.29209, 6.50397 ], [ 2.29217, 6.50524 ], [ 2.29244, 6.50569 ], [ 2.29317, 6.50533 ], [ 2.29407, 6.50633 ], [ 2.29362, 6.50687 ], [ 2.29362, 6.50769 ], [ 2.29317, 6.50759 ], [ 2.2929, 6.50678 ], [ 2.29118, 6.50678 ], [ 2.29054, 6.50732 ], [ 2.29109, 6.50732 ], [ 2.29117, 6.50804 ], [ 2.29163, 6.50768 ], [ 2.29298, 6.50768 ], [ 2.2938, 6.50841 ], [ 2.29543, 6.50778 ], [ 2.29534, 6.50823 ], [ 2.29443, 6.50868 ], [ 2.29461, 6.50986 ], [ 2.29533, 6.50959 ], [ 2.29542, 6.51022 ], [ 2.29606, 6.5104 ], [ 2.29624, 6.50986 ], [ 2.29597, 6.50941 ], [ 2.29732, 6.50923 ], [ 2.29723, 6.51049 ], [ 2.2975, 6.51059 ], [ 2.29787, 6.50968 ], [ 2.29696, 6.50814 ], [ 2.29733, 6.50778 ], [ 2.29796, 6.50796 ], [ 2.29805, 6.50832 ], [ 2.29751, 6.50823 ], [ 2.29769, 6.50869 ], [ 2.2985, 6.50814 ], [ 2.29778, 6.5076 ], [ 2.29769, 6.5067 ], [ 2.29733, 6.5067 ], [ 2.29715, 6.5076 ], [ 2.29561, 6.50778 ], [ 2.29525, 6.50696 ], [ 2.29642, 6.50606 ], [ 2.2967, 6.50507 ], [ 2.29652, 6.50371 ], [ 2.29616, 6.5038 ], [ 2.29597, 6.50452 ], [ 2.29561, 6.50389 ], [ 2.29616, 6.50298 ], [ 2.2967, 6.50317 ], [ 2.29715, 6.50271 ], [ 2.29751, 6.50308 ], [ 2.29779, 6.50208 ], [ 2.29851, 6.5029 ], [ 2.29887, 6.50217 ], [ 2.29887, 6.50082 ], [ 2.29842, 6.50036 ], [ 2.29915, 6.49946 ], [ 2.29906, 6.49865 ], [ 2.29933, 6.49837 ], [ 2.29951, 6.49865 ], [ 2.2996, 6.4981 ], [ 2.30042, 6.49774 ], [ 2.30033, 6.49711 ], [ 2.30214, 6.49576 ], [ 2.30232, 6.49521 ], [ 2.30268, 6.49521 ], [ 2.30331, 6.49576 ], [ 2.30268, 6.49675 ], [ 2.30367, 6.49711 ], [ 2.30349, 6.49766 ], [ 2.30295, 6.4972 ], [ 2.30286, 6.4982 ], [ 2.30313, 6.49847 ], [ 2.30376, 6.49838 ], [ 2.30376, 6.49775 ], [ 2.30458, 6.49775 ], [ 2.30457, 6.49865 ], [ 2.3062, 6.49847 ], [ 2.30656, 6.49929 ], [ 2.30711, 6.49938 ], [ 2.30774, 6.49857 ], [ 2.30756, 6.49821 ], [ 2.30702, 6.49875 ], [ 2.30666, 6.49848 ], [ 2.3072, 6.4982 ], [ 2.3072, 6.49712 ], [ 2.30765, 6.49649 ], [ 2.3072, 6.49594 ], [ 2.30765, 6.49594 ], [ 2.30811, 6.49549 ], [ 2.30802, 6.49504 ], [ 2.30856, 6.49495 ], [ 2.30847, 6.49594 ], [ 2.30928, 6.49631 ], [ 2.31037, 6.49504 ], [ 2.31046, 6.49441 ], [ 2.30992, 6.49387 ], [ 2.31046, 6.4935 ], [ 2.31064, 6.49206 ], [ 2.3111, 6.49215 ], [ 2.31137, 6.49161 ], [ 2.31092, 6.49133 ], [ 2.31019, 6.4917 ], [ 2.31019, 6.49088 ], [ 2.31083, 6.48998 ], [ 2.31047, 6.48943 ], [ 2.31092, 6.48934 ], [ 2.3102, 6.48898 ], [ 2.3102, 6.48853 ], [ 2.31083, 6.48835 ], [ 2.31101, 6.48862 ], [ 2.31128, 6.48763 ], [ 2.31056, 6.48699 ], [ 2.31083, 6.48627 ], [ 2.31029, 6.48627 ], [ 2.31011, 6.48527 ], [ 2.31056, 6.48527 ], [ 2.31074, 6.48591 ], [ 2.3111, 6.486 ], [ 2.3112, 6.48455 ], [ 2.31029, 6.4831 ], [ 2.30939, 6.48301 ], [ 2.30939, 6.4821 ], [ 2.31002, 6.48211 ], [ 2.31039, 6.48147 ], [ 2.31012, 6.48084 ], [ 2.31057, 6.47984 ], [ 2.31039, 6.47921 ], [ 2.30976, 6.47948 ], [ 2.31021, 6.47876 ], [ 2.31003, 6.47803 ], [ 2.31048, 6.47803 ], [ 2.31039, 6.47758 ], [ 2.30949, 6.47731 ], [ 2.31039, 6.47704 ], [ 2.31039, 6.47668 ], [ 2.30931, 6.47541 ], [ 2.30985, 6.47478 ], [ 2.3104, 6.47487 ], [ 2.31049, 6.47442 ], [ 2.30994, 6.47442 ], [ 2.30977, 6.47206 ], [ 2.30868, 6.47224 ], [ 2.30823, 6.47278 ], [ 2.30796, 6.4726 ], [ 2.30814, 6.47206 ], [ 2.3085, 6.47215 ], [ 2.30922, 6.47152 ], [ 2.30904, 6.47098 ], [ 2.3085, 6.47134 ], [ 2.30733, 6.47134 ], [ 2.30742, 6.47088 ], [ 2.30832, 6.47098 ], [ 2.3085, 6.47025 ], [ 2.30914, 6.47016 ], [ 2.30832, 6.46926 ], [ 2.30887, 6.46835 ], [ 2.30878, 6.46781 ], [ 2.30851, 6.46754 ], [ 2.30814, 6.46772 ], [ 2.30787, 6.46853 ], [ 2.30751, 6.46808 ], [ 2.30842, 6.4669 ], [ 2.30769, 6.4669 ], [ 2.30661, 6.46527 ], [ 2.30688, 6.46428 ], [ 2.30661, 6.46355 ], [ 2.3077, 6.46265 ], [ 2.30661, 6.46283 ], [ 2.30625, 6.46256 ], [ 2.30634, 6.46184 ], [ 2.30571, 6.4612 ], [ 2.30508, 6.45921 ], [ 2.30445, 6.45903 ], [ 2.30427, 6.4583 ], [ 2.30373, 6.45857 ], [ 2.30382, 6.45812 ], [ 2.30472, 6.45767 ], [ 2.30364, 6.4564 ], [ 2.30373, 6.4555 ], [ 2.30427, 6.45568 ], [ 2.30436, 6.45541 ], [ 2.30346, 6.45441 ], [ 2.30283, 6.45486 ], [ 2.30219, 6.45441 ], [ 2.30229, 6.4536 ], [ 2.30265, 6.45369 ], [ 2.30265, 6.4545 ], [ 2.3031, 6.45432 ], [ 2.3031, 6.4536 ], [ 2.30256, 6.45305 ], [ 2.30192, 6.45314 ], [ 2.30183, 6.45459 ], [ 2.30147, 6.45468 ], [ 2.30174, 6.4555 ], [ 2.3021, 6.45559 ], [ 2.30201, 6.45613 ], [ 2.3012, 6.4564 ], [ 2.30156, 6.45595 ], [ 2.30111, 6.45577 ], [ 2.30093, 6.45459 ], [ 2.30138, 6.45468 ], [ 2.30129, 6.45432 ], [ 2.3002, 6.45423 ], [ 2.29984, 6.45377 ], [ 2.30039, 6.45323 ], [ 2.30039, 6.45378 ], [ 2.30084, 6.45396 ], [ 2.30102, 6.45314 ], [ 2.30147, 6.45305 ], [ 2.30075, 6.4526 ], [ 2.30093, 6.45215 ], [ 2.30039, 6.4516 ], [ 2.30084, 6.45079 ], [ 2.30012, 6.45079 ], [ 2.30066, 6.45016 ], [ 2.30057, 6.4498 ], [ 2.29949, 6.44835 ], [ 2.29886, 6.44844 ], [ 2.29895, 6.44771 ], [ 2.2984, 6.44735 ], [ 2.29877, 6.44699 ], [ 2.29777, 6.44708 ], [ 2.29786, 6.44662 ], [ 2.29741, 6.44653 ], [ 2.29723, 6.44563 ], [ 2.29615, 6.44572 ], [ 2.29606, 6.44499 ], [ 2.29642, 6.44472 ], [ 2.29678, 6.44518 ], [ 2.29714, 6.44463 ], [ 2.29805, 6.44563 ], [ 2.29814, 6.44491 ], [ 2.29769, 6.44427 ], [ 2.29714, 6.44436 ], [ 2.29678, 6.44382 ], [ 2.29542, 6.44373 ], [ 2.2957, 6.44391 ], [ 2.29542, 6.44454 ], [ 2.29497, 6.44427 ], [ 2.29506, 6.44382 ], [ 2.29461, 6.44391 ], [ 2.29416, 6.44526 ], [ 2.29352, 6.4449 ], [ 2.29307, 6.44526 ], [ 2.29325, 6.44608 ], [ 2.29289, 6.44617 ], [ 2.29199, 6.44472 ], [ 2.29235, 6.44408 ], [ 2.29316, 6.44463 ], [ 2.29316, 6.44409 ], [ 2.29271, 6.44399 ], [ 2.29307, 6.44309 ], [ 2.29235, 6.44336 ], [ 2.29244, 6.44273 ], [ 2.29181, 6.44282 ], [ 2.2919, 6.44209 ], [ 2.29118, 6.44173 ], [ 2.28991, 6.443 ], [ 2.29036, 6.44309 ], [ 2.29099, 6.44435 ], [ 2.29135, 6.44408 ], [ 2.29108, 6.44463 ], [ 2.29144, 6.44562 ], [ 2.29099, 6.44598 ], [ 2.29108, 6.44662 ], [ 2.29036, 6.44634 ], [ 2.29072, 6.44553 ], [ 2.29036, 6.44553 ], [ 2.29027, 6.44598 ], [ 2.28981, 6.44571 ], [ 2.28936, 6.44607 ], [ 2.28927, 6.44544 ], [ 2.28828, 6.44571 ], [ 2.28773, 6.44543 ], [ 2.2862, 6.44661 ], [ 2.28583, 6.44751 ], [ 2.28511, 6.44733 ], [ 2.28502, 6.44661 ], [ 2.28412, 6.4467 ], [ 2.28384, 6.44642 ], [ 2.28394, 6.44588 ], [ 2.28439, 6.44588 ], [ 2.28457, 6.44634 ], [ 2.28611, 6.44634 ], [ 2.28737, 6.44498 ], [ 2.28737, 6.44471 ], [ 2.28692, 6.4448 ], [ 2.28611, 6.44543 ], [ 2.28602, 6.4448 ], [ 2.28466, 6.44444 ], [ 2.28511, 6.44371 ], [ 2.28448, 6.44389 ], [ 2.28394, 6.44362 ], [ 2.28394, 6.44281 ], [ 2.28539, 6.44263 ], [ 2.28557, 6.44299 ], [ 2.28602, 6.4429 ], [ 2.28539, 6.44217 ], [ 2.28421, 6.44181 ], [ 2.2843, 6.44091 ], [ 2.28467, 6.441 ], [ 2.28485, 6.44163 ], [ 2.28647, 6.44172 ], [ 2.28729, 6.44019 ], [ 2.28711, 6.43901 ], [ 2.28738, 6.43847 ], [ 2.28684, 6.43792 ], [ 2.28675, 6.4372 ], [ 2.28512, 6.43684 ], [ 2.28512, 6.43792 ], [ 2.28567, 6.43756 ], [ 2.28585, 6.43801 ], [ 2.28476, 6.43919 ], [ 2.28358, 6.43882 ], [ 2.28232, 6.43891 ], [ 2.28205, 6.43801 ], [ 2.28123, 6.43801 ], [ 2.28123, 6.43828 ], [ 2.28169, 6.43828 ], [ 2.28159, 6.43864 ], [ 2.28051, 6.43927 ], [ 2.28024, 6.44009 ], [ 2.28078, 6.4419 ], [ 2.27906, 6.44189 ], [ 2.27833, 6.44262 ], [ 2.27824, 6.44298 ], [ 2.27869, 6.44316 ], [ 2.27815, 6.44316 ], [ 2.27833, 6.44397 ], [ 2.27779, 6.44443 ], [ 2.27752, 6.44443 ], [ 2.27743, 6.44198 ], [ 2.27689, 6.44198 ], [ 2.27671, 6.44153 ], [ 2.27634, 6.44189 ], [ 2.27553, 6.44162 ], [ 2.2758, 6.44225 ], [ 2.27634, 6.44198 ], [ 2.27634, 6.44252 ], [ 2.27571, 6.44252 ], [ 2.27526, 6.44334 ], [ 2.27408, 6.44379 ], [ 2.27417, 6.4446 ], [ 2.27444, 6.4446 ], [ 2.27408, 6.44542 ], [ 2.27507, 6.44596 ], [ 2.27543, 6.44569 ], [ 2.27571, 6.44596 ], [ 2.27552, 6.44641 ], [ 2.27598, 6.44659 ], [ 2.27607, 6.44542 ], [ 2.2767, 6.4456 ], [ 2.27733, 6.44515 ], [ 2.27706, 6.44614 ], [ 2.27742, 6.44642 ], [ 2.27733, 6.44714 ], [ 2.27634, 6.44687 ], [ 2.27733, 6.44768 ], [ 2.27733, 6.44732 ], [ 2.27787, 6.44759 ], [ 2.27788, 6.44533 ], [ 2.27878, 6.44479 ], [ 2.27833, 6.44633 ], [ 2.27941, 6.44588 ], [ 2.27968, 6.44651 ], [ 2.27923, 6.44705 ], [ 2.27941, 6.44759 ], [ 2.27823, 6.44814 ], [ 2.27814, 6.4485 ], [ 2.27896, 6.4485 ], [ 2.27905, 6.44877 ], [ 2.27832, 6.44886 ], [ 2.2785, 6.44985 ], [ 2.27769, 6.44895 ], [ 2.27715, 6.4494 ], [ 2.27769, 6.44958 ], [ 2.27769, 6.44994 ], [ 2.27706, 6.44976 ], [ 2.27715, 6.45021 ], [ 2.27651, 6.45067 ], [ 2.27561, 6.4503 ], [ 2.27561, 6.45085 ], [ 2.27597, 6.45067 ], [ 2.27615, 6.45103 ], [ 2.27606, 6.45139 ], [ 2.2757, 6.45121 ], [ 2.27534, 6.45166 ], [ 2.27498, 6.45039 ], [ 2.27543, 6.4503 ], [ 2.27633, 6.44913 ], [ 2.2757, 6.44895 ], [ 2.2757, 6.44786 ], [ 2.27507, 6.44741 ], [ 2.27498, 6.44786 ], [ 2.27416, 6.44822 ], [ 2.27425, 6.44912 ], [ 2.2738, 6.44921 ], [ 2.2738, 6.45003 ], [ 2.27416, 6.45012 ], [ 2.27416, 6.45075 ], [ 2.27461, 6.45121 ], [ 2.27344, 6.45093 ], [ 2.27371, 6.45003 ], [ 2.27308, 6.44949 ], [ 2.27281, 6.44948 ], [ 2.27281, 6.45003 ], [ 2.27335, 6.45039 ], [ 2.2728, 6.45057 ], [ 2.27289, 6.45093 ], [ 2.27244, 6.45066 ], [ 2.27199, 6.45066 ], [ 2.27199, 6.45102 ], [ 2.27136, 6.45084 ], [ 2.27154, 6.45147 ], [ 2.27226, 6.45193 ], [ 2.27289, 6.45175 ], [ 2.27326, 6.45093 ], [ 2.27326, 6.45148 ], [ 2.2738, 6.45166 ], [ 2.27335, 6.45193 ], [ 2.27334, 6.45247 ], [ 2.27452, 6.45283 ], [ 2.27452, 6.45374 ], [ 2.27262, 6.45374 ], [ 2.27235, 6.45319 ], [ 2.27208, 6.45365 ], [ 2.27271, 6.45383 ], [ 2.27298, 6.45446 ], [ 2.27352, 6.4541 ], [ 2.27397, 6.45464 ], [ 2.27425, 6.45419 ], [ 2.27461, 6.45492 ], [ 2.2728, 6.45482 ], [ 2.27244, 6.45464 ], [ 2.27253, 6.45428 ], [ 2.27189, 6.45446 ], [ 2.27199, 6.45374 ], [ 2.27108, 6.4541 ], [ 2.27126, 6.45283 ], [ 2.27172, 6.4522 ], [ 2.27063, 6.4512 ], [ 2.27091, 6.45012 ], [ 2.27127, 6.44993 ], [ 2.27118, 6.44912 ], [ 2.2719, 6.44849 ], [ 2.2719, 6.44921 ], [ 2.27254, 6.44921 ], [ 2.27226, 6.44858 ], [ 2.27254, 6.44813 ], [ 2.27371, 6.44894 ], [ 2.27407, 6.44822 ], [ 2.27353, 6.44831 ], [ 2.27326, 6.44786 ], [ 2.27371, 6.44795 ], [ 2.27435, 6.44713 ], [ 2.27236, 6.44695 ], [ 2.27272, 6.44768 ], [ 2.27181, 6.44731 ], [ 2.27172, 6.44776 ], [ 2.27136, 6.44785 ], [ 2.27181, 6.44804 ], [ 2.27118, 6.44813 ], [ 2.27163, 6.44704 ], [ 2.27109, 6.44668 ], [ 2.27136, 6.44614 ], [ 2.27073, 6.44613 ], [ 2.27037, 6.44523 ], [ 2.27082, 6.44523 ], [ 2.27073, 6.44568 ], [ 2.27146, 6.44568 ], [ 2.27154, 6.44623 ], [ 2.27272, 6.44641 ], [ 2.27299, 6.44614 ], [ 2.27272, 6.4455 ], [ 2.27336, 6.4446 ], [ 2.27381, 6.44469 ], [ 2.2739, 6.44415 ], [ 2.27381, 6.44388 ], [ 2.27327, 6.44424 ], [ 2.273, 6.4437 ], [ 2.27363, 6.44243 ], [ 2.27372, 6.44125 ], [ 2.27345, 6.44089 ], [ 2.27273, 6.44089 ], [ 2.27318, 6.44053 ], [ 2.27255, 6.43962 ], [ 2.27282, 6.43863 ], [ 2.27165, 6.43808 ], [ 2.2721, 6.43754 ], [ 2.27147, 6.43727 ], [ 2.27228, 6.43655 ], [ 2.27156, 6.43591 ], [ 2.27274, 6.43555 ], [ 2.27228, 6.43519 ], [ 2.27229, 6.43401 ], [ 2.27174, 6.43401 ], [ 2.27156, 6.43311 ], [ 2.2712, 6.43293 ], [ 2.27129, 6.4351 ], [ 2.27066, 6.43555 ], [ 2.27002, 6.43501 ], [ 2.27057, 6.43455 ], [ 2.27057, 6.43329 ], [ 2.27021, 6.43274 ], [ 2.26939, 6.4332 ], [ 2.26912, 6.43392 ], [ 2.26867, 6.4341 ], [ 2.26849, 6.43374 ], [ 2.26921, 6.4332 ], [ 2.26939, 6.43202 ], [ 2.26976, 6.43256 ], [ 2.27003, 6.43193 ], [ 2.27075, 6.43148 ], [ 2.27039, 6.43021 ], [ 2.27121, 6.42913 ], [ 2.27139, 6.43012 ], [ 2.27093, 6.43103 ], [ 2.27129, 6.43157 ], [ 2.27102, 6.43193 ], [ 2.27138, 6.43211 ], [ 2.27138, 6.43275 ], [ 2.27202, 6.43302 ], [ 2.27202, 6.43356 ], [ 2.27346, 6.43365 ], [ 2.27337, 6.43311 ], [ 2.27419, 6.43275 ], [ 2.27518, 6.4342 ], [ 2.27599, 6.4342 ], [ 2.27599, 6.4351 ], [ 2.27653, 6.43592 ], [ 2.2778, 6.43592 ], [ 2.27744, 6.43502 ], [ 2.27807, 6.4352 ], [ 2.27798, 6.43447 ], [ 2.27834, 6.43429 ], [ 2.27843, 6.43502 ], [ 2.2788, 6.43511 ], [ 2.27852, 6.43538 ], [ 2.2787, 6.43592 ], [ 2.27934, 6.43592 ], [ 2.27889, 6.43493 ], [ 2.27961, 6.43475 ], [ 2.27952, 6.43529 ], [ 2.28006, 6.43529 ], [ 2.28024, 6.43593 ], [ 2.28115, 6.43584 ], [ 2.28169, 6.43674 ], [ 2.28286, 6.43656 ], [ 2.28314, 6.43566 ], [ 2.28196, 6.43502 ], [ 2.28196, 6.43457 ], [ 2.28287, 6.43403 ], [ 2.2826, 6.43321 ], [ 2.28341, 6.43358 ], [ 2.2835, 6.43611 ], [ 2.28404, 6.43575 ], [ 2.28422, 6.43629 ], [ 2.28467, 6.4362 ], [ 2.2844, 6.43557 ], [ 2.28476, 6.4353 ], [ 2.28522, 6.43584 ], [ 2.28639, 6.43593 ], [ 2.28676, 6.43476 ], [ 2.28603, 6.43421 ], [ 2.28621, 6.43376 ], [ 2.28576, 6.4334 ], [ 2.28567, 6.43259 ], [ 2.28504, 6.43249 ], [ 2.28531, 6.43286 ], [ 2.28504, 6.43331 ], [ 2.28314, 6.4334 ], [ 2.28251, 6.43276 ], [ 2.2826, 6.43177 ], [ 2.28224, 6.43122 ], [ 2.2826, 6.43023 ], [ 2.28197, 6.42987 ], [ 2.2817, 6.4305 ], [ 2.28097, 6.43005 ], [ 2.28107, 6.42887 ] ], [ [ 2.30793, 6.49504 ], [ 2.30693, 6.49558 ], [ 2.3063, 6.4954 ], [ 2.30621, 6.49621 ], [ 2.30503, 6.49603 ], [ 2.30467, 6.49666 ], [ 2.30422, 6.4963 ], [ 2.30494, 6.49549 ], [ 2.30395, 6.4954 ], [ 2.30476, 6.49531 ], [ 2.30503, 6.49386 ], [ 2.30558, 6.49368 ], [ 2.3054, 6.49332 ], [ 2.30594, 6.49341 ], [ 2.3063, 6.49404 ], [ 2.30621, 6.49477 ], [ 2.30775, 6.4945 ], [ 2.30793, 6.49504 ] ], [ [ 2.28088, 6.42996 ], [ 2.28133, 6.43104 ], [ 2.28206, 6.43086 ], [ 2.28197, 6.4314 ], [ 2.2816, 6.43131 ], [ 2.28097, 6.43186 ], [ 2.28043, 6.43122 ], [ 2.28043, 6.43231 ], [ 2.27943, 6.43212 ], [ 2.27971, 6.43167 ], [ 2.27952, 6.43113 ], [ 2.2807, 6.4305 ], [ 2.27962, 6.42968 ], [ 2.28088, 6.42996 ] ], [ [ 2.29725, 6.49982 ], [ 2.29734, 6.49901 ], [ 2.29797, 6.49901 ], [ 2.2987, 6.49783 ], [ 2.29833, 6.50018 ], [ 2.29725, 6.49982 ] ], [ [ 2.29716, 6.49873 ], [ 2.29635, 6.49747 ], [ 2.29752, 6.49665 ], [ 2.29788, 6.49729 ], [ 2.29834, 6.49693 ], [ 2.29888, 6.49711 ], [ 2.29815, 6.49756 ], [ 2.29806, 6.49828 ], [ 2.29716, 6.49873 ] ], [ [ 2.27591, 6.49554 ], [ 2.27546, 6.49355 ], [ 2.27654, 6.49355 ], [ 2.27627, 6.49409 ], [ 2.27717, 6.49491 ], [ 2.27717, 6.49536 ], [ 2.27591, 6.49554 ] ], [ [ 2.28224, 6.49509 ], [ 2.28224, 6.49419 ], [ 2.28161, 6.49428 ], [ 2.28197, 6.49401 ], [ 2.28179, 6.49356 ], [ 2.28125, 6.49392 ], [ 2.28143, 6.49328 ], [ 2.28233, 6.49338 ], [ 2.28323, 6.49473 ], [ 2.2826, 6.49519 ], [ 2.28224, 6.49509 ] ], [ [ 2.29997, 6.49485 ], [ 2.30033, 6.49385 ], [ 2.30124, 6.49322 ], [ 2.30259, 6.49295 ], [ 2.30332, 6.49322 ], [ 2.30322, 6.49386 ], [ 2.30241, 6.49358 ], [ 2.30132, 6.49449 ], [ 2.30069, 6.49403 ], [ 2.3006, 6.49512 ], [ 2.2997, 6.49494 ], [ 2.2997, 6.49476 ], [ 2.29997, 6.49485 ] ], [ [ 2.30612, 6.49341 ], [ 2.30531, 6.49241 ], [ 2.30558, 6.49196 ], [ 2.30621, 6.49196 ], [ 2.30648, 6.49151 ], [ 2.30748, 6.49178 ], [ 2.30748, 6.49242 ], [ 2.30666, 6.49278 ], [ 2.30639, 6.49332 ], [ 2.30612, 6.49341 ] ], [ [ 2.27935, 6.49247 ], [ 2.27962, 6.49165 ], [ 2.27926, 6.49174 ], [ 2.27917, 6.49138 ], [ 2.2798, 6.49111 ], [ 2.2798, 6.49021 ], [ 2.28026, 6.48939 ], [ 2.28098, 6.4893 ], [ 2.28125, 6.48876 ], [ 2.28179, 6.48885 ], [ 2.28197, 6.48985 ], [ 2.28152, 6.4903 ], [ 2.28062, 6.49021 ], [ 2.28053, 6.49075 ], [ 2.28098, 6.49111 ], [ 2.28016, 6.49156 ], [ 2.27989, 6.49283 ], [ 2.27935, 6.49247 ] ], [ [ 2.30332, 6.49286 ], [ 2.30259, 6.49187 ], [ 2.30278, 6.49141 ], [ 2.30314, 6.49205 ], [ 2.30368, 6.49223 ], [ 2.3035, 6.49087 ], [ 2.30395, 6.49096 ], [ 2.30431, 6.49187 ], [ 2.30486, 6.49187 ], [ 2.30476, 6.49223 ], [ 2.30422, 6.49205 ], [ 2.30422, 6.4925 ], [ 2.30368, 6.49286 ], [ 2.30332, 6.49286 ] ], [ [ 2.30024, 6.49195 ], [ 2.30006, 6.49123 ], [ 2.30033, 6.4906 ], [ 2.29988, 6.49069 ], [ 2.2997, 6.49023 ], [ 2.30043, 6.49051 ], [ 2.30061, 6.48996 ], [ 2.29943, 6.48951 ], [ 2.29952, 6.48888 ], [ 2.29889, 6.48897 ], [ 2.29934, 6.48788 ], [ 2.30016, 6.48725 ], [ 2.30007, 6.48652 ], [ 2.29971, 6.48698 ], [ 2.29853, 6.48716 ], [ 2.29754, 6.48607 ], [ 2.29745, 6.48516 ], [ 2.29872, 6.48426 ], [ 2.29871, 6.48489 ], [ 2.29935, 6.48471 ], [ 2.29953, 6.48544 ], [ 2.30016, 6.48562 ], [ 2.30043, 6.48499 ], [ 2.30125, 6.48472 ], [ 2.30089, 6.48408 ], [ 2.30116, 6.48372 ], [ 2.30233, 6.48381 ], [ 2.30251, 6.48418 ], [ 2.30215, 6.48427 ], [ 2.30197, 6.48517 ], [ 2.30251, 6.48544 ], [ 2.30206, 6.48544 ], [ 2.30161, 6.48662 ], [ 2.3007, 6.4868 ], [ 2.30179, 6.48761 ], [ 2.30133, 6.48815 ], [ 2.30188, 6.48843 ], [ 2.30124, 6.4887 ], [ 2.30115, 6.48969 ], [ 2.30133, 6.48996 ], [ 2.30169, 6.48969 ], [ 2.30151, 6.48879 ], [ 2.30206, 6.48888 ], [ 2.30215, 6.48924 ], [ 2.30278, 6.48897 ], [ 2.30224, 6.48906 ], [ 2.30206, 6.48852 ], [ 2.30287, 6.48779 ], [ 2.30396, 6.48771 ], [ 2.30341, 6.48807 ], [ 2.30377, 6.48852 ], [ 2.30287, 6.48942 ], [ 2.30296, 6.49024 ], [ 2.30251, 6.49015 ], [ 2.30196, 6.49069 ], [ 2.30124, 6.49051 ], [ 2.30115, 6.49096 ], [ 2.30052, 6.49096 ], [ 2.30133, 6.49214 ], [ 2.30024, 6.49195 ] ], [ [ 2.30676, 6.48771 ], [ 2.30739, 6.48717 ], [ 2.30676, 6.4869 ], [ 2.3064, 6.48599 ], [ 2.30694, 6.48626 ], [ 2.30821, 6.48599 ], [ 2.30884, 6.48636 ], [ 2.30884, 6.48735 ], [ 2.3083, 6.48735 ], [ 2.3083, 6.48771 ], [ 2.30785, 6.48735 ], [ 2.30748, 6.48735 ], [ 2.30739, 6.4878 ], [ 2.30676, 6.48771 ] ], [ [ 2.27746, 6.48532 ], [ 2.27728, 6.4836 ], [ 2.27656, 6.48323 ], [ 2.27701, 6.48242 ], [ 2.27755, 6.48369 ], [ 2.27809, 6.48378 ], [ 2.27809, 6.4845 ], [ 2.27746, 6.48532 ] ], [ [ 2.27357, 6.48495 ], [ 2.27339, 6.48287 ], [ 2.27439, 6.48278 ], [ 2.27502, 6.4835 ], [ 2.2752, 6.48477 ], [ 2.27475, 6.48477 ], [ 2.27466, 6.48405 ], [ 2.27429, 6.48414 ], [ 2.27429, 6.48504 ], [ 2.27357, 6.48495 ] ], [ [ 2.29673, 6.48417 ], [ 2.29645, 6.48435 ], [ 2.29591, 6.4839 ], [ 2.29609, 6.48326 ], [ 2.29555, 6.48308 ], [ 2.29564, 6.48263 ], [ 2.29519, 6.48218 ], [ 2.29465, 6.48208 ], [ 2.29501, 6.48136 ], [ 2.29483, 6.48046 ], [ 2.29546, 6.48019 ], [ 2.29538, 6.47937 ], [ 2.29583, 6.47928 ], [ 2.29592, 6.47865 ], [ 2.29583, 6.4782 ], [ 2.29502, 6.47838 ], [ 2.29447, 6.47792 ], [ 2.29475, 6.47747 ], [ 2.29547, 6.47774 ], [ 2.29601, 6.47747 ], [ 2.29691, 6.47838 ], [ 2.29664, 6.47865 ], [ 2.29691, 6.47964 ], [ 2.29791, 6.47983 ], [ 2.297, 6.48064 ], [ 2.29555, 6.48091 ], [ 2.29537, 6.48181 ], [ 2.29619, 6.48172 ], [ 2.29709, 6.48082 ], [ 2.29754, 6.48082 ], [ 2.29745, 6.48209 ], [ 2.29772, 6.48308 ], [ 2.29799, 6.48308 ], [ 2.2979, 6.48408 ], [ 2.29736, 6.48408 ], [ 2.29754, 6.48471 ], [ 2.29673, 6.48417 ] ], [ [ 2.27909, 6.48306 ], [ 2.27936, 6.48152 ], [ 2.27991, 6.48134 ], [ 2.27964, 6.48089 ], [ 2.28009, 6.48071 ], [ 2.28, 6.48116 ], [ 2.28036, 6.48116 ], [ 2.28081, 6.48107 ], [ 2.28117, 6.48044 ], [ 2.28154, 6.48053 ], [ 2.28135, 6.48225 ], [ 2.28108, 6.48225 ], [ 2.28108, 6.48134 ], [ 2.28072, 6.48116 ], [ 2.27982, 6.4817 ], [ 2.28017, 6.48342 ], [ 2.27945, 6.48351 ], [ 2.27909, 6.48306 ] ], [ [ 2.2705, 6.48096 ], [ 2.27023, 6.48133 ], [ 2.26951, 6.48105 ], [ 2.26923, 6.4816 ], [ 2.26887, 6.48123 ], [ 2.26914, 6.48042 ], [ 2.27086, 6.48087 ], [ 2.27077, 6.48006 ], [ 2.27141, 6.47997 ], [ 2.27113, 6.48169 ], [ 2.27059, 6.48142 ], [ 2.2705, 6.48096 ] ], [ [ 2.27276, 6.47961 ], [ 2.27249, 6.47889 ], [ 2.27331, 6.47844 ], [ 2.27222, 6.47807 ], [ 2.27213, 6.4769 ], [ 2.2734, 6.4769 ], [ 2.27358, 6.47798 ], [ 2.27403, 6.47807 ], [ 2.27412, 6.47681 ], [ 2.27485, 6.47663 ], [ 2.27494, 6.47735 ], [ 2.27548, 6.47735 ], [ 2.27521, 6.4778 ], [ 2.27467, 6.47762 ], [ 2.2743, 6.47817 ], [ 2.27484, 6.47898 ], [ 2.27385, 6.4797 ], [ 2.2734, 6.47943 ], [ 2.27276, 6.47961 ] ], [ [ 2.29917, 6.47974 ], [ 2.29981, 6.47766 ], [ 2.30026, 6.47748 ], [ 2.30117, 6.47884 ], [ 2.30026, 6.47884 ], [ 2.30017, 6.47929 ], [ 2.29917, 6.47974 ] ], [ [ 2.26508, 6.47942 ], [ 2.26544, 6.47797 ], [ 2.26499, 6.47815 ], [ 2.2649, 6.47897 ], [ 2.26417, 6.4786 ], [ 2.26426, 6.47824 ], [ 2.2649, 6.47806 ], [ 2.26508, 6.47761 ], [ 2.26454, 6.4777 ], [ 2.26445, 6.47725 ], [ 2.26481, 6.47734 ], [ 2.26526, 6.47652 ], [ 2.26399, 6.47616 ], [ 2.26381, 6.47716 ], [ 2.26417, 6.47752 ], [ 2.26372, 6.47779 ], [ 2.26327, 6.47697 ], [ 2.26327, 6.47598 ], [ 2.2639, 6.4758 ], [ 2.26391, 6.47516 ], [ 2.26318, 6.4748 ], [ 2.26318, 6.47444 ], [ 2.26201, 6.47453 ], [ 2.26192, 6.47371 ], [ 2.26436, 6.47381 ], [ 2.26472, 6.47327 ], [ 2.26563, 6.47291 ], [ 2.26581, 6.47164 ], [ 2.26518, 6.47209 ], [ 2.26509, 6.47272 ], [ 2.26436, 6.4729 ], [ 2.26382, 6.4729 ], [ 2.26382, 6.47227 ], [ 2.26319, 6.47209 ], [ 2.26301, 6.47164 ], [ 2.26491, 6.47182 ], [ 2.265, 6.47119 ], [ 2.26663, 6.47074 ], [ 2.26617, 6.47191 ], [ 2.26635, 6.47227 ], [ 2.26671, 6.47182 ], [ 2.26717, 6.47191 ], [ 2.26753, 6.47237 ], [ 2.26726, 6.47309 ], [ 2.2678, 6.47327 ], [ 2.26753, 6.47363 ], [ 2.26698, 6.47345 ], [ 2.26671, 6.47417 ], [ 2.26581, 6.47444 ], [ 2.26617, 6.47372 ], [ 2.26599, 6.47327 ], [ 2.26508, 6.47444 ], [ 2.26454, 6.47453 ], [ 2.26445, 6.47544 ], [ 2.26544, 6.47616 ], [ 2.26571, 6.47589 ], [ 2.26553, 6.47526 ], [ 2.2649, 6.47544 ], [ 2.26481, 6.47508 ], [ 2.26572, 6.47444 ], [ 2.26608, 6.47535 ], [ 2.26662, 6.47499 ], [ 2.26617, 6.47553 ], [ 2.26653, 6.47616 ], [ 2.26761, 6.47589 ], [ 2.2677, 6.47635 ], [ 2.26598, 6.47779 ], [ 2.26652, 6.47806 ], [ 2.26752, 6.47779 ], [ 2.26797, 6.4787 ], [ 2.26734, 6.47933 ], [ 2.26689, 6.47879 ], [ 2.26625, 6.47906 ], [ 2.26598, 6.47852 ], [ 2.26571, 6.47851 ], [ 2.26544, 6.47942 ], [ 2.26508, 6.47942 ] ], [ [ 2.2847, 6.47845 ], [ 2.28344, 6.47773 ], [ 2.28389, 6.47691 ], [ 2.28452, 6.47782 ], [ 2.2857, 6.47719 ], [ 2.28624, 6.478 ], [ 2.2857, 6.47854 ], [ 2.2847, 6.47845 ] ], [ [ 2.28733, 6.4771 ], [ 2.28787, 6.47647 ], [ 2.28724, 6.47656 ], [ 2.28706, 6.47583 ], [ 2.28679, 6.47619 ], [ 2.28525, 6.47655 ], [ 2.2848, 6.4751 ], [ 2.28407, 6.47619 ], [ 2.28371, 6.4761 ], [ 2.28417, 6.47574 ], [ 2.28371, 6.47519 ], [ 2.28326, 6.47537 ], [ 2.28326, 6.47574 ], [ 2.28281, 6.47546 ], [ 2.28335, 6.47465 ], [ 2.28389, 6.4751 ], [ 2.2857, 6.47447 ], [ 2.28589, 6.47411 ], [ 2.28543, 6.47339 ], [ 2.2858, 6.47302 ], [ 2.28661, 6.47312 ], [ 2.28697, 6.47266 ], [ 2.28779, 6.47267 ], [ 2.28842, 6.47366 ], [ 2.28851, 6.4752 ], [ 2.28805, 6.4761 ], [ 2.28841, 6.47701 ], [ 2.28787, 6.47755 ], [ 2.28733, 6.4771 ] ], [ [ 2.26969, 6.4768 ], [ 2.26987, 6.47554 ], [ 2.26951, 6.47436 ], [ 2.2697, 6.47354 ], [ 2.27051, 6.47418 ], [ 2.2706, 6.47499 ], [ 2.27232, 6.47518 ], [ 2.2715, 6.4759 ], [ 2.27105, 6.47581 ], [ 2.27114, 6.47518 ], [ 2.27069, 6.47536 ], [ 2.27023, 6.47689 ], [ 2.26969, 6.4768 ] ], [ [ 2.3009, 6.4763 ], [ 2.30009, 6.4744 ], [ 2.30045, 6.47404 ], [ 2.30036, 6.47323 ], [ 2.30117, 6.47268 ], [ 2.30162, 6.47323 ], [ 2.30162, 6.47449 ], [ 2.3009, 6.4754 ], [ 2.30171, 6.47612 ], [ 2.3009, 6.4763 ] ], [ [ 2.27756, 6.47455 ], [ 2.27648, 6.47346 ], [ 2.27657, 6.47292 ], [ 2.27621, 6.47283 ], [ 2.27603, 6.47337 ], [ 2.27612, 6.47274 ], [ 2.27675, 6.47238 ], [ 2.27684, 6.47193 ], [ 2.27784, 6.47283 ], [ 2.27757, 6.47392 ], [ 2.27802, 6.47401 ], [ 2.27802, 6.47437 ], [ 2.27756, 6.47455 ] ], [ [ 2.29846, 6.47322 ], [ 2.29665, 6.47286 ], [ 2.29674, 6.47223 ], [ 2.29575, 6.47213 ], [ 2.29575, 6.47159 ], [ 2.29692, 6.47186 ], [ 2.29756, 6.47123 ], [ 2.29837, 6.47241 ], [ 2.29846, 6.47322 ] ], [ [ 2.25984, 6.47254 ], [ 2.25848, 6.4719 ], [ 2.25839, 6.47154 ], [ 2.25957, 6.47163 ], [ 2.25939, 6.47027 ], [ 2.25993, 6.47018 ], [ 2.26029, 6.47046 ], [ 2.26038, 6.47181 ], [ 2.25975, 6.4719 ], [ 2.25984, 6.47254 ] ], [ [ 2.26834, 6.47219 ], [ 2.2687, 6.47173 ], [ 2.26762, 6.47191 ], [ 2.26744, 6.47137 ], [ 2.26816, 6.47155 ], [ 2.26907, 6.47065 ], [ 2.26934, 6.4711 ], [ 2.26898, 6.47119 ], [ 2.2688, 6.47164 ], [ 2.26934, 6.47146 ], [ 2.26943, 6.47192 ], [ 2.26852, 6.47255 ], [ 2.26834, 6.47219 ] ], [ [ 2.27259, 6.47156 ], [ 2.27259, 6.47111 ], [ 2.27314, 6.47093 ], [ 2.27305, 6.47038 ], [ 2.27368, 6.47111 ], [ 2.2744, 6.47084 ], [ 2.2735, 6.46993 ], [ 2.27359, 6.4693 ], [ 2.27522, 6.46903 ], [ 2.27513, 6.46984 ], [ 2.27621, 6.4693 ], [ 2.27658, 6.47003 ], [ 2.27712, 6.46985 ], [ 2.2773, 6.47066 ], [ 2.27585, 6.47102 ], [ 2.27594, 6.47039 ], [ 2.27468, 6.46993 ], [ 2.2744, 6.47066 ], [ 2.27486, 6.47075 ], [ 2.27522, 6.47138 ], [ 2.27413, 6.47129 ], [ 2.27377, 6.47183 ], [ 2.27259, 6.47156 ] ], [ [ 2.29412, 6.47087 ], [ 2.29439, 6.47023 ], [ 2.29403, 6.46942 ], [ 2.29539, 6.46833 ], [ 2.29639, 6.46834 ], [ 2.29756, 6.46933 ], [ 2.29674, 6.47123 ], [ 2.29647, 6.47123 ], [ 2.29647, 6.47069 ], [ 2.29602, 6.47078 ], [ 2.29575, 6.47042 ], [ 2.29539, 6.4706 ], [ 2.29557, 6.47078 ], [ 2.29539, 6.47123 ], [ 2.29494, 6.47023 ], [ 2.29466, 6.47041 ], [ 2.29475, 6.47141 ], [ 2.29412, 6.47087 ] ], [ [ 2.30579, 6.46853 ], [ 2.30552, 6.46645 ], [ 2.30344, 6.46672 ], [ 2.30299, 6.46635 ], [ 2.30281, 6.46744 ], [ 2.30245, 6.46672 ], [ 2.30154, 6.46653 ], [ 2.30082, 6.46726 ], [ 2.30055, 6.46716 ], [ 2.30073, 6.4668 ], [ 2.30001, 6.46662 ], [ 2.30001, 6.46535 ], [ 2.30127, 6.46554 ], [ 2.30146, 6.46509 ], [ 2.301, 6.46518 ], [ 2.301, 6.46472 ], [ 2.30263, 6.46445 ], [ 2.30318, 6.46382 ], [ 2.30363, 6.46509 ], [ 2.30417, 6.46536 ], [ 2.30408, 6.46617 ], [ 2.30435, 6.46636 ], [ 2.30489, 6.46581 ], [ 2.30453, 6.46545 ], [ 2.30489, 6.46491 ], [ 2.30372, 6.46455 ], [ 2.30363, 6.46373 ], [ 2.3048, 6.46382 ], [ 2.30543, 6.46509 ], [ 2.30616, 6.46545 ], [ 2.30642, 6.46898 ], [ 2.30579, 6.46853 ] ], [ [ 2.25867, 6.46846 ], [ 2.25921, 6.4672 ], [ 2.25858, 6.4662 ], [ 2.2594, 6.46656 ], [ 2.25931, 6.46611 ], [ 2.25976, 6.46611 ], [ 2.2603, 6.46693 ], [ 2.26012, 6.46828 ], [ 2.25867, 6.46846 ] ], [ [ 2.27043, 6.46803 ], [ 2.26952, 6.46721 ], [ 2.26889, 6.46739 ], [ 2.26853, 6.46667 ], [ 2.26871, 6.46622 ], [ 2.26971, 6.46667 ], [ 2.26989, 6.46748 ], [ 2.27052, 6.46703 ], [ 2.27061, 6.4664 ], [ 2.27097, 6.46739 ], [ 2.27043, 6.46803 ] ], [ [ 2.26383, 6.4663 ], [ 2.26491, 6.46603 ], [ 2.26519, 6.46494 ], [ 2.26573, 6.46513 ], [ 2.26555, 6.46585 ], [ 2.265, 6.46612 ], [ 2.26573, 6.46612 ], [ 2.26518, 6.46702 ], [ 2.26446, 6.46666 ], [ 2.26328, 6.4672 ], [ 2.26383, 6.4663 ] ], [ [ 2.29766, 6.46617 ], [ 2.2982, 6.46535 ], [ 2.29946, 6.46554 ], [ 2.29865, 6.46698 ], [ 2.29765, 6.46716 ], [ 2.29766, 6.46617 ] ], [ [ 2.25714, 6.46412 ], [ 2.25596, 6.46321 ], [ 2.25615, 6.46213 ], [ 2.25642, 6.46258 ], [ 2.25741, 6.46285 ], [ 2.25768, 6.46394 ], [ 2.25714, 6.46412 ] ], [ [ 2.30381, 6.46319 ], [ 2.30372, 6.46201 ], [ 2.30444, 6.46165 ], [ 2.3049, 6.46183 ], [ 2.3048, 6.46274 ], [ 2.30508, 6.46274 ], [ 2.30508, 6.46229 ], [ 2.30562, 6.46238 ], [ 2.30562, 6.46274 ], [ 2.30489, 6.4631 ], [ 2.30381, 6.46319 ] ], [ [ 2.29052, 6.46199 ], [ 2.29034, 6.46109 ], [ 2.29097, 6.46091 ], [ 2.29124, 6.4601 ], [ 2.29323, 6.46118 ], [ 2.29223, 6.46209 ], [ 2.29205, 6.46272 ], [ 2.29033, 6.46272 ], [ 2.29024, 6.46208 ], [ 2.29052, 6.46199 ] ], [ [ 2.28699, 6.46217 ], [ 2.28744, 6.46 ], [ 2.28645, 6.46036 ], [ 2.28654, 6.45882 ], [ 2.28735, 6.45928 ], [ 2.2879, 6.45919 ], [ 2.28835, 6.45964 ], [ 2.2879, 6.45991 ], [ 2.28834, 6.46208 ], [ 2.28789, 6.46217 ], [ 2.28762, 6.46154 ], [ 2.28717, 6.46154 ], [ 2.28771, 6.46208 ], [ 2.28699, 6.46217 ] ], [ [ 2.29739, 6.46173 ], [ 2.29694, 6.46056 ], [ 2.29721, 6.45893 ], [ 2.29775, 6.45947 ], [ 2.2983, 6.4592 ], [ 2.29911, 6.45956 ], [ 2.29956, 6.46056 ], [ 2.29956, 6.46119 ], [ 2.29839, 6.46119 ], [ 2.29811, 6.4621 ], [ 2.29739, 6.46173 ] ], [ [ 2.28003, 6.45972 ], [ 2.27921, 6.45954 ], [ 2.27904, 6.45727 ], [ 2.2784, 6.45736 ], [ 2.27876, 6.457 ], [ 2.27931, 6.45709 ], [ 2.2794, 6.4561 ], [ 2.28003, 6.45628 ], [ 2.27976, 6.45727 ], [ 2.2803, 6.45755 ], [ 2.28021, 6.45818 ], [ 2.28084, 6.45872 ], [ 2.28048, 6.46035 ], [ 2.27994, 6.46026 ], [ 2.28003, 6.45972 ] ], [ [ 2.29513, 6.45974 ], [ 2.29495, 6.45892 ], [ 2.29468, 6.45892 ], [ 2.29441, 6.45983 ], [ 2.29368, 6.46001 ], [ 2.29378, 6.45892 ], [ 2.29432, 6.45892 ], [ 2.29459, 6.45847 ], [ 2.29432, 6.45802 ], [ 2.29314, 6.45811 ], [ 2.29323, 6.45847 ], [ 2.29396, 6.45865 ], [ 2.29314, 6.45901 ], [ 2.29332, 6.45965 ], [ 2.29278, 6.45955 ], [ 2.29305, 6.4591 ], [ 2.29287, 6.45829 ], [ 2.29206, 6.45892 ], [ 2.29152, 6.45865 ], [ 2.29115, 6.45765 ], [ 2.29106, 6.45856 ], [ 2.29052, 6.45856 ], [ 2.2907, 6.45937 ], [ 2.28898, 6.45892 ], [ 2.2888, 6.45837 ], [ 2.28844, 6.45837 ], [ 2.28817, 6.45892 ], [ 2.28754, 6.45882 ], [ 2.28726, 6.45837 ], [ 2.28663, 6.45855 ], [ 2.28573, 6.45783 ], [ 2.285, 6.45773 ], [ 2.28464, 6.45656 ], [ 2.28419, 6.45638 ], [ 2.28446, 6.45547 ], [ 2.2841, 6.45583 ], [ 2.28139, 6.45556 ], [ 2.28067, 6.45628 ], [ 2.2804, 6.4551 ], [ 2.28003, 6.45492 ], [ 2.27986, 6.45357 ], [ 2.27832, 6.45483 ], [ 2.27786, 6.45492 ], [ 2.27786, 6.45465 ], [ 2.27877, 6.45375 ], [ 2.27886, 6.45311 ], [ 2.2794, 6.45338 ], [ 2.27977, 6.45311 ], [ 2.27995, 6.45239 ], [ 2.28058, 6.45275 ], [ 2.28022, 6.45348 ], [ 2.28067, 6.45366 ], [ 2.28022, 6.45411 ], [ 2.28031, 6.45492 ], [ 2.28203, 6.45375 ], [ 2.28203, 6.45339 ], [ 2.28166, 6.45339 ], [ 2.28157, 6.45384 ], [ 2.28121, 6.45384 ], [ 2.28148, 6.4533 ], [ 2.28076, 6.45284 ], [ 2.28257, 6.4523 ], [ 2.28158, 6.45167 ], [ 2.28094, 6.45212 ], [ 2.28076, 6.45185 ], [ 2.28366, 6.44869 ], [ 2.2833, 6.44724 ], [ 2.2843, 6.44715 ], [ 2.28411, 6.44814 ], [ 2.28484, 6.44787 ], [ 2.28466, 6.44851 ], [ 2.28339, 6.4495 ], [ 2.28339, 6.45004 ], [ 2.28592, 6.45005 ], [ 2.28628, 6.44987 ], [ 2.28601, 6.44878 ], [ 2.28782, 6.44878 ], [ 2.28791, 6.44833 ], [ 2.28863, 6.4486 ], [ 2.28863, 6.45005 ], [ 2.28719, 6.45041 ], [ 2.28718, 6.45104 ], [ 2.28764, 6.45122 ], [ 2.288, 6.45068 ], [ 2.28872, 6.45086 ], [ 2.28927, 6.44987 ], [ 2.28963, 6.45023 ], [ 2.29035, 6.44987 ], [ 2.29153, 6.45023 ], [ 2.29153, 6.44915 ], [ 2.29108, 6.4487 ], [ 2.29135, 6.44788 ], [ 2.2918, 6.44779 ], [ 2.29243, 6.44825 ], [ 2.29307, 6.44779 ], [ 2.29334, 6.44834 ], [ 2.29289, 6.44825 ], [ 2.29289, 6.44879 ], [ 2.29252, 6.44888 ], [ 2.29279, 6.44951 ], [ 2.29343, 6.44942 ], [ 2.29361, 6.44843 ], [ 2.29451, 6.44798 ], [ 2.29451, 6.44834 ], [ 2.2937, 6.44897 ], [ 2.29397, 6.44933 ], [ 2.29325, 6.44997 ], [ 2.2937, 6.45033 ], [ 2.29324, 6.45141 ], [ 2.29026, 6.45168 ], [ 2.2899, 6.45195 ], [ 2.28999, 6.4524 ], [ 2.28935, 6.45276 ], [ 2.28953, 6.45313 ], [ 2.28881, 6.45304 ], [ 2.28818, 6.45349 ], [ 2.28809, 6.45303 ], [ 2.28772, 6.45322 ], [ 2.28773, 6.45222 ], [ 2.28691, 6.45213 ], [ 2.28655, 6.45249 ], [ 2.28745, 6.45321 ], [ 2.28718, 6.45403 ], [ 2.28772, 6.45421 ], [ 2.28817, 6.45421 ], [ 2.28854, 6.45358 ], [ 2.28944, 6.45376 ], [ 2.2898, 6.45331 ], [ 2.29044, 6.45331 ], [ 2.29035, 6.45268 ], [ 2.2908, 6.45277 ], [ 2.29107, 6.4534 ], [ 2.29225, 6.45313 ], [ 2.2927, 6.45358 ], [ 2.29224, 6.45467 ], [ 2.29252, 6.45494 ], [ 2.29342, 6.45349 ], [ 2.29333, 6.45304 ], [ 2.29297, 6.45331 ], [ 2.29279, 6.45286 ], [ 2.2927, 6.45168 ], [ 2.29333, 6.45196 ], [ 2.29315, 6.4525 ], [ 2.29369, 6.45322 ], [ 2.29369, 6.45232 ], [ 2.29424, 6.4516 ], [ 2.29361, 6.45132 ], [ 2.29361, 6.45087 ], [ 2.29451, 6.45105 ], [ 2.29596, 6.45069 ], [ 2.2965, 6.44961 ], [ 2.29668, 6.45042 ], [ 2.29722, 6.45079 ], [ 2.29704, 6.4516 ], [ 2.2974, 6.45187 ], [ 2.29659, 6.45287 ], [ 2.29541, 6.45277 ], [ 2.2946, 6.45223 ], [ 2.29442, 6.45259 ], [ 2.29514, 6.45341 ], [ 2.2946, 6.45404 ], [ 2.29523, 6.45404 ], [ 2.29514, 6.45467 ], [ 2.29405, 6.45458 ], [ 2.29378, 6.45585 ], [ 2.29342, 6.45594 ], [ 2.29297, 6.45539 ], [ 2.29306, 6.45585 ], [ 2.29224, 6.45594 ], [ 2.29369, 6.45648 ], [ 2.29378, 6.4572 ], [ 2.29459, 6.45702 ], [ 2.29541, 6.45766 ], [ 2.29541, 6.45693 ], [ 2.29604, 6.45721 ], [ 2.29622, 6.45829 ], [ 2.29703, 6.45857 ], [ 2.29649, 6.45875 ], [ 2.29676, 6.45947 ], [ 2.29622, 6.45947 ], [ 2.29594, 6.4601 ], [ 2.29513, 6.45974 ] ], [ [ 2.26284, 6.45924 ], [ 2.2633, 6.45843 ], [ 2.26221, 6.45843 ], [ 2.26203, 6.45806 ], [ 2.26303, 6.45807 ], [ 2.2633, 6.45716 ], [ 2.26375, 6.45716 ], [ 2.26402, 6.45671 ], [ 2.26493, 6.45698 ], [ 2.2652, 6.45816 ], [ 2.26483, 6.45852 ], [ 2.26547, 6.45924 ], [ 2.26447, 6.45951 ], [ 2.26402, 6.45897 ], [ 2.26348, 6.45897 ], [ 2.26339, 6.4596 ], [ 2.26302, 6.45978 ], [ 2.26284, 6.45924 ] ], [ [ 2.26628, 6.45843 ], [ 2.26655, 6.4578 ], [ 2.26547, 6.45771 ], [ 2.26592, 6.45662 ], [ 2.2652, 6.45599 ], [ 2.26475, 6.45653 ], [ 2.2642, 6.45626 ], [ 2.26448, 6.45535 ], [ 2.26593, 6.45481 ], [ 2.26629, 6.45545 ], [ 2.26583, 6.45617 ], [ 2.26628, 6.45617 ], [ 2.26692, 6.45554 ], [ 2.26683, 6.45635 ], [ 2.26737, 6.45653 ], [ 2.26755, 6.45744 ], [ 2.26655, 6.45916 ], [ 2.26574, 6.45915 ], [ 2.26583, 6.45843 ], [ 2.26628, 6.45843 ] ], [ [ 2.28084, 6.458 ], [ 2.2813, 6.4571 ], [ 2.28175, 6.45773 ], [ 2.28274, 6.45746 ], [ 2.28329, 6.45828 ], [ 2.28247, 6.45809 ], [ 2.2812, 6.45881 ], [ 2.28084, 6.458 ] ], [ [ 2.29631, 6.4573 ], [ 2.29577, 6.4563 ], [ 2.29523, 6.45621 ], [ 2.29514, 6.45567 ], [ 2.29459, 6.4554 ], [ 2.29532, 6.45513 ], [ 2.29559, 6.45458 ], [ 2.29586, 6.45458 ], [ 2.2955, 6.45504 ], [ 2.29568, 6.45549 ], [ 2.29631, 6.45567 ], [ 2.2964, 6.45531 ], [ 2.29677, 6.4554 ], [ 2.29685, 6.45694 ], [ 2.29731, 6.45766 ], [ 2.29631, 6.4573 ] ], [ [ 2.25941, 6.45444 ], [ 2.25815, 6.45462 ], [ 2.2577, 6.45353 ], [ 2.25824, 6.45326 ], [ 2.25878, 6.45372 ], [ 2.25996, 6.45354 ], [ 2.2595, 6.4539 ], [ 2.25959, 6.4548 ], [ 2.25941, 6.45444 ] ], [ [ 2.26837, 6.454 ], [ 2.26711, 6.45165 ], [ 2.2662, 6.45147 ], [ 2.26593, 6.45237 ], [ 2.26566, 6.45228 ], [ 2.2662, 6.45038 ], [ 2.26729, 6.45029 ], [ 2.26693, 6.45074 ], [ 2.26638, 6.45065 ], [ 2.26647, 6.4511 ], [ 2.26792, 6.45093 ], [ 2.26837, 6.45201 ], [ 2.26946, 6.45237 ], [ 2.26964, 6.45292 ], [ 2.26927, 6.45373 ], [ 2.26837, 6.454 ] ], [ [ 2.2614, 6.45354 ], [ 2.26168, 6.45191 ], [ 2.26105, 6.45191 ], [ 2.26096, 6.45146 ], [ 2.26159, 6.45128 ], [ 2.26204, 6.45164 ], [ 2.26249, 6.45137 ], [ 2.26267, 6.45173 ], [ 2.26222, 6.45209 ], [ 2.26249, 6.45309 ], [ 2.2614, 6.45354 ] ], [ [ 2.27027, 6.45265 ], [ 2.26955, 6.45201 ], [ 2.26973, 6.45147 ], [ 2.26901, 6.45056 ], [ 2.26828, 6.45065 ], [ 2.2691, 6.45002 ], [ 2.26856, 6.44948 ], [ 2.26901, 6.44984 ], [ 2.26928, 6.4493 ], [ 2.26991, 6.44966 ], [ 2.26991, 6.45048 ], [ 2.26946, 6.45093 ], [ 2.27063, 6.45174 ], [ 2.27027, 6.45265 ] ], [ [ 2.29858, 6.45061 ], [ 2.29713, 6.44997 ], [ 2.29723, 6.4497 ], [ 2.29913, 6.4488 ], [ 2.29931, 6.44943 ], [ 2.29831, 6.44997 ], [ 2.29858, 6.45061 ] ], [ [ 2.28149, 6.44986 ], [ 2.28059, 6.44714 ], [ 2.28267, 6.44715 ], [ 2.28294, 6.44751 ], [ 2.28258, 6.44787 ], [ 2.28267, 6.44896 ], [ 2.28149, 6.44986 ] ], [ [ 2.28891, 6.44933 ], [ 2.289, 6.44842 ], [ 2.28809, 6.44824 ], [ 2.28818, 6.44761 ], [ 2.28873, 6.44797 ], [ 2.29008, 6.44761 ], [ 2.29044, 6.44842 ], [ 2.28999, 6.4486 ], [ 2.28963, 6.44833 ], [ 2.28981, 6.44888 ], [ 2.28927, 6.44951 ], [ 2.28891, 6.44933 ] ], [ [ 2.26919, 6.44604 ], [ 2.26892, 6.44649 ], [ 2.26838, 6.44622 ], [ 2.26865, 6.44595 ], [ 2.26847, 6.4445 ], [ 2.26883, 6.44441 ], [ 2.26902, 6.44378 ], [ 2.26938, 6.44378 ], [ 2.26892, 6.4445 ], [ 2.26901, 6.44532 ], [ 2.26947, 6.4455 ], [ 2.26946, 6.44604 ], [ 2.27001, 6.44622 ], [ 2.26974, 6.44686 ], [ 2.26919, 6.44658 ], [ 2.26919, 6.44604 ] ], [ [ 2.26965, 6.44378 ], [ 2.26965, 6.44324 ], [ 2.2692, 6.44315 ], [ 2.26902, 6.44251 ], [ 2.26974, 6.44161 ], [ 2.27056, 6.44152 ], [ 2.27074, 6.44233 ], [ 2.2701, 6.44224 ], [ 2.27074, 6.44315 ], [ 2.27055, 6.44442 ], [ 2.27019, 6.4446 ], [ 2.27019, 6.44387 ], [ 2.26965, 6.44378 ] ], [ [ 2.27101, 6.44414 ], [ 2.27146, 6.44234 ], [ 2.27218, 6.44252 ], [ 2.27254, 6.44288 ], [ 2.27254, 6.4436 ], [ 2.272, 6.44406 ], [ 2.27101, 6.44414 ] ], [ [ 2.26938, 6.4407 ], [ 2.26857, 6.4379 ], [ 2.26975, 6.43772 ], [ 2.2702, 6.43862 ], [ 2.27101, 6.43863 ], [ 2.27092, 6.43917 ], [ 2.27029, 6.43953 ], [ 2.27029, 6.4398 ], [ 2.27092, 6.43971 ], [ 2.27101, 6.44007 ], [ 2.27056, 6.44043 ], [ 2.27074, 6.44116 ], [ 2.27001, 6.44116 ], [ 2.26938, 6.4407 ] ], [ [ 2.26766, 6.44025 ], [ 2.2673, 6.43925 ], [ 2.26848, 6.43907 ], [ 2.26866, 6.4407 ], [ 2.2673, 6.44079 ], [ 2.26721, 6.44034 ], [ 2.26766, 6.44025 ] ], [ [ 2.28024, 6.4343 ], [ 2.27907, 6.43339 ], [ 2.27825, 6.43411 ], [ 2.27798, 6.43384 ], [ 2.27862, 6.43312 ], [ 2.27988, 6.43348 ], [ 2.28061, 6.43258 ], [ 2.28142, 6.43249 ], [ 2.28115, 6.43312 ], [ 2.2816, 6.43357 ], [ 2.28034, 6.43375 ], [ 2.28024, 6.4343 ] ] ], [ [ [ 2.28515, 6.48406 ], [ 2.28488, 6.4837 ], [ 2.28551, 6.48406 ], [ 2.28633, 6.48289 ], [ 2.28596, 6.48271 ], [ 2.28533, 6.48325 ], [ 2.28506, 6.4827 ], [ 2.28542, 6.48207 ], [ 2.28488, 6.48216 ], [ 2.28452, 6.48162 ], [ 2.28461, 6.48243 ], [ 2.28379, 6.48261 ], [ 2.28388, 6.48315 ], [ 2.28443, 6.48352 ], [ 2.28406, 6.48406 ], [ 2.28451, 6.48442 ], [ 2.28515, 6.48406 ] ] ], [ [ [ 2.31009, 6.4992 ], [ 2.31018, 6.49776 ], [ 2.3091, 6.49712 ], [ 2.30892, 6.49649 ], [ 2.30892, 6.49766 ], [ 2.30982, 6.49794 ], [ 2.30946, 6.49902 ], [ 2.31009, 6.4992 ] ] ], [ [ [ 2.2901, 6.50325 ], [ 2.28983, 6.50289 ], [ 2.29046, 6.5028 ], [ 2.29073, 6.50316 ], [ 2.29109, 6.50262 ], [ 2.28965, 6.50162 ], [ 2.28983, 6.50089 ], [ 2.28938, 6.50071 ], [ 2.2892, 6.49999 ], [ 2.28965, 6.49981 ], [ 2.28956, 6.49918 ], [ 2.2882, 6.49899 ], [ 2.28757, 6.49845 ], [ 2.28757, 6.49809 ], [ 2.28829, 6.49809 ], [ 2.28884, 6.4989 ], [ 2.28974, 6.49791 ], [ 2.28974, 6.49691 ], [ 2.28893, 6.49646 ], [ 2.28911, 6.497 ], [ 2.28884, 6.49709 ], [ 2.2883, 6.49646 ], [ 2.28793, 6.49709 ], [ 2.2883, 6.497 ], [ 2.28848, 6.49764 ], [ 2.28739, 6.498 ], [ 2.28694, 6.49763 ], [ 2.28712, 6.49592 ], [ 2.28622, 6.49664 ], [ 2.28558, 6.49655 ], [ 2.28531, 6.49718 ], [ 2.28594, 6.49781 ], [ 2.28477, 6.49826 ], [ 2.28531, 6.49872 ], [ 2.28513, 6.49944 ], [ 2.28621, 6.49926 ], [ 2.28612, 6.50017 ], [ 2.28639, 6.50026 ], [ 2.28639, 6.49962 ], [ 2.28685, 6.49953 ], [ 2.28712, 6.50017 ], [ 2.28811, 6.50071 ], [ 2.28847, 6.50053 ], [ 2.28829, 6.50008 ], [ 2.28865, 6.49999 ], [ 2.28892, 6.50089 ], [ 2.28847, 6.50135 ], [ 2.28784, 6.50107 ], [ 2.28784, 6.50207 ], [ 2.2882, 6.50225 ], [ 2.28883, 6.50162 ], [ 2.28892, 6.50207 ], [ 2.28955, 6.50243 ], [ 2.28937, 6.5018 ], [ 2.28965, 6.5018 ], [ 2.28992, 6.50234 ], [ 2.28937, 6.50252 ], [ 2.28982, 6.50316 ], [ 2.28946, 6.50379 ], [ 2.28982, 6.50379 ], [ 2.2901, 6.50325 ] ] ], [ [ [ 2.29933, 6.50082 ], [ 2.30159, 6.50001 ], [ 2.30267, 6.50028 ], [ 2.30322, 6.49938 ], [ 2.30222, 6.4991 ], [ 2.30086, 6.49973 ], [ 2.30087, 6.49892 ], [ 2.29951, 6.49928 ], [ 2.29933, 6.50082 ] ] ], [ [ [ 2.30537, 6.51123 ], [ 2.30601, 6.51033 ], [ 2.30637, 6.51078 ], [ 2.30619, 6.50987 ], [ 2.307, 6.51015 ], [ 2.30809, 6.50834 ], [ 2.30872, 6.50843 ], [ 2.30963, 6.50707 ], [ 2.31081, 6.50671 ], [ 2.3109, 6.5059 ], [ 2.31135, 6.50599 ], [ 2.31162, 6.50662 ], [ 2.31198, 6.50653 ], [ 2.31198, 6.50563 ], [ 2.31162, 6.50527 ], [ 2.31099, 6.50581 ], [ 2.30981, 6.50536 ], [ 2.30954, 6.50454 ], [ 2.30981, 6.504 ], [ 2.30927, 6.50364 ], [ 2.30936, 6.50219 ], [ 2.30837, 6.50201 ], [ 2.30819, 6.50092 ], [ 2.30765, 6.50074 ], [ 2.30801, 6.49974 ], [ 2.3072, 6.50029 ], [ 2.30647, 6.50001 ], [ 2.3062, 6.50028 ], [ 2.30638, 6.50128 ], [ 2.30728, 6.50146 ], [ 2.30728, 6.50191 ], [ 2.30638, 6.50218 ], [ 2.30611, 6.50182 ], [ 2.30547, 6.50227 ], [ 2.30502, 6.502 ], [ 2.30348, 6.50263 ], [ 2.30403, 6.50336 ], [ 2.3043, 6.50272 ], [ 2.30466, 6.50282 ], [ 2.3043, 6.50336 ], [ 2.30457, 6.50408 ], [ 2.30484, 6.50354 ], [ 2.30529, 6.50345 ], [ 2.3052, 6.50273 ], [ 2.30484, 6.50254 ], [ 2.30538, 6.50236 ], [ 2.30593, 6.50327 ], [ 2.30629, 6.50318 ], [ 2.3071, 6.5039 ], [ 2.3071, 6.50508 ], [ 2.30791, 6.50508 ], [ 2.30791, 6.50571 ], [ 2.30746, 6.5059 ], [ 2.3071, 6.50526 ], [ 2.3061, 6.50544 ], [ 2.3061, 6.50499 ], [ 2.30665, 6.50481 ], [ 2.30629, 6.50372 ], [ 2.30574, 6.50381 ], [ 2.30565, 6.50426 ], [ 2.30493, 6.50426 ], [ 2.3052, 6.50472 ], [ 2.30466, 6.50598 ], [ 2.30538, 6.50616 ], [ 2.30574, 6.50589 ], [ 2.30628, 6.50716 ], [ 2.30547, 6.50761 ], [ 2.30592, 6.50806 ], [ 2.30592, 6.50879 ], [ 2.30492, 6.50888 ], [ 2.30501, 6.51051 ], [ 2.30447, 6.51069 ], [ 2.30456, 6.51023 ], [ 2.3042, 6.51014 ], [ 2.30392, 6.51114 ], [ 2.30537, 6.51123 ] ] ], [ [ [ 2.28475, 6.50704 ], [ 2.28548, 6.5065 ], [ 2.28566, 6.50586 ], [ 2.28467, 6.50532 ], [ 2.28449, 6.50433 ], [ 2.28367, 6.50478 ], [ 2.28322, 6.50459 ], [ 2.28331, 6.5036 ], [ 2.28205, 6.50369 ], [ 2.28186, 6.50405 ], [ 2.28241, 6.5045 ], [ 2.28286, 6.50568 ], [ 2.28349, 6.50559 ], [ 2.28385, 6.50604 ], [ 2.28448, 6.50568 ], [ 2.28448, 6.50785 ], [ 2.28475, 6.50776 ], [ 2.28475, 6.50704 ] ] ], [ [ [ 2.31017, 6.50825 ], [ 2.31144, 6.50825 ], [ 2.3118, 6.50699 ], [ 2.31126, 6.50753 ], [ 2.30999, 6.50753 ], [ 2.30917, 6.50816 ], [ 2.30972, 6.5087 ], [ 2.31017, 6.50825 ] ] ], [ [ [ 2.28891, 6.50949 ], [ 2.28918, 6.50931 ], [ 2.28954, 6.50994 ], [ 2.29, 6.50985 ], [ 2.28909, 6.50867 ], [ 2.28846, 6.50876 ], [ 2.28846, 6.50795 ], [ 2.28783, 6.50786 ], [ 2.28719, 6.50849 ], [ 2.28737, 6.50912 ], [ 2.28665, 6.50912 ], [ 2.28647, 6.50967 ], [ 2.28602, 6.50921 ], [ 2.28566, 6.5093 ], [ 2.28593, 6.51003 ], [ 2.28701, 6.50939 ], [ 2.28828, 6.5094 ], [ 2.28819, 6.51021 ], [ 2.28873, 6.51048 ], [ 2.28909, 6.51039 ], [ 2.28891, 6.50949 ] ] ], [ [ [ 2.29279, 6.51519 ], [ 2.29225, 6.51456 ], [ 2.29126, 6.51438 ], [ 2.29135, 6.51356 ], [ 2.29189, 6.51365 ], [ 2.29189, 6.51338 ], [ 2.29099, 6.51302 ], [ 2.2909, 6.51157 ], [ 2.2899, 6.51112 ], [ 2.28999, 6.51211 ], [ 2.28936, 6.5122 ], [ 2.28927, 6.51265 ], [ 2.28963, 6.51293 ], [ 2.29026, 6.51266 ], [ 2.28999, 6.51284 ], [ 2.29026, 6.51374 ], [ 2.28963, 6.51465 ], [ 2.29017, 6.51438 ], [ 2.29071, 6.51501 ], [ 2.29108, 6.51474 ], [ 2.29171, 6.51492 ], [ 2.29135, 6.51537 ], [ 2.29162, 6.51573 ], [ 2.29252, 6.51564 ], [ 2.29279, 6.51519 ] ] ], [ [ [ 2.28827, 6.51455 ], [ 2.28854, 6.5132 ], [ 2.28791, 6.51256 ], [ 2.28728, 6.51283 ], [ 2.28719, 6.51347 ], [ 2.28755, 6.51365 ], [ 2.28719, 6.51419 ], [ 2.28773, 6.51464 ], [ 2.28827, 6.51455 ] ] ], [ [ [ 2.30238, 6.5172 ], [ 2.30392, 6.51675 ], [ 2.30473, 6.51584 ], [ 2.30383, 6.51629 ], [ 2.30338, 6.51584 ], [ 2.30546, 6.51485 ], [ 2.30591, 6.51521 ], [ 2.30718, 6.51485 ], [ 2.30754, 6.51567 ], [ 2.30799, 6.51512 ], [ 2.30781, 6.51458 ], [ 2.3069, 6.51458 ], [ 2.30727, 6.51404 ], [ 2.30709, 6.51349 ], [ 2.30582, 6.51413 ], [ 2.30627, 6.51304 ], [ 2.30456, 6.51259 ], [ 2.30465, 6.51322 ], [ 2.30428, 6.5134 ], [ 2.30383, 6.51268 ], [ 2.30329, 6.51267 ], [ 2.30275, 6.5115 ], [ 2.30302, 6.51096 ], [ 2.30284, 6.51005 ], [ 2.30194, 6.50942 ], [ 2.30121, 6.50969 ], [ 2.30121, 6.51005 ], [ 2.30175, 6.51032 ], [ 2.30139, 6.5105 ], [ 2.30157, 6.51104 ], [ 2.3013, 6.51122 ], [ 2.30103, 6.51104 ], [ 2.30121, 6.51077 ], [ 2.30076, 6.51077 ], [ 2.29976, 6.5114 ], [ 2.29913, 6.5124 ], [ 2.29967, 6.51348 ], [ 2.30012, 6.51294 ], [ 2.30094, 6.51349 ], [ 2.30075, 6.51412 ], [ 2.30021, 6.51376 ], [ 2.29958, 6.51421 ], [ 2.29976, 6.51448 ], [ 2.30039, 6.5143 ], [ 2.30048, 6.51466 ], [ 2.30003, 6.51466 ], [ 2.30003, 6.51493 ], [ 2.30057, 6.51475 ], [ 2.30093, 6.51529 ], [ 2.30075, 6.51593 ], [ 2.30129, 6.51584 ], [ 2.30102, 6.51629 ], [ 2.3012, 6.51729 ], [ 2.30211, 6.51792 ], [ 2.30238, 6.5172 ] ], [ [ 2.30283, 6.51584 ], [ 2.30292, 6.51466 ], [ 2.30347, 6.51466 ], [ 2.3041, 6.51385 ], [ 2.3051, 6.51403 ], [ 2.30482, 6.51449 ], [ 2.30365, 6.51476 ], [ 2.30383, 6.51548 ], [ 2.30338, 6.51548 ], [ 2.30328, 6.51584 ], [ 2.30283, 6.51584 ] ] ], [ [ [ 2.28501, 6.51817 ], [ 2.28573, 6.51717 ], [ 2.28555, 6.51654 ], [ 2.28465, 6.51663 ], [ 2.28411, 6.51708 ], [ 2.28438, 6.51799 ], [ 2.28501, 6.51817 ] ] ], [ [ [ 2.29025, 6.51908 ], [ 2.29044, 6.51664 ], [ 2.2908, 6.51655 ], [ 2.2908, 6.51691 ], [ 2.29152, 6.51736 ], [ 2.2918, 6.51718 ], [ 2.29098, 6.51655 ], [ 2.29098, 6.51573 ], [ 2.29062, 6.516 ], [ 2.29017, 6.51582 ], [ 2.28972, 6.51682 ], [ 2.28881, 6.517 ], [ 2.28872, 6.51772 ], [ 2.28791, 6.51763 ], [ 2.28944, 6.51845 ], [ 2.2898, 6.51836 ], [ 2.28971, 6.51781 ], [ 2.28999, 6.5179 ], [ 2.2898, 6.51863 ], [ 2.29025, 6.51908 ] ] ], [ [ [ 2.29894, 6.5209 ], [ 2.30057, 6.52 ], [ 2.30057, 6.51927 ], [ 2.30165, 6.51882 ], [ 2.30201, 6.5191 ], [ 2.30201, 6.51873 ], [ 2.30039, 6.51855 ], [ 2.30039, 6.519 ], [ 2.30011, 6.519 ], [ 2.2993, 6.51855 ], [ 2.29948, 6.51936 ], [ 2.29867, 6.52009 ], [ 2.29939, 6.51982 ], [ 2.29885, 6.52018 ], [ 2.29894, 6.5209 ] ] ], [ [ [ 2.28718, 6.5217 ], [ 2.28853, 6.52134 ], [ 2.28899, 6.52043 ], [ 2.28908, 6.52089 ], [ 2.2898, 6.52116 ], [ 2.28989, 6.52053 ], [ 2.29025, 6.52044 ], [ 2.28989, 6.52007 ], [ 2.29016, 6.51953 ], [ 2.28926, 6.51935 ], [ 2.28944, 6.52016 ], [ 2.28826, 6.51944 ], [ 2.28754, 6.5198 ], [ 2.28772, 6.51899 ], [ 2.28709, 6.51826 ], [ 2.28673, 6.5179 ], [ 2.28591, 6.51799 ], [ 2.286, 6.51962 ], [ 2.28636, 6.52016 ], [ 2.28709, 6.52025 ], [ 2.28682, 6.52079 ], [ 2.28718, 6.52107 ], [ 2.28718, 6.5217 ] ] ], [ [ [ 2.30888, 6.52571 ], [ 2.30843, 6.5248 ], [ 2.30888, 6.52517 ], [ 2.30924, 6.52417 ], [ 2.30979, 6.52453 ], [ 2.3096, 6.52472 ], [ 2.31042, 6.52454 ], [ 2.31051, 6.52354 ], [ 2.31024, 6.52345 ], [ 2.31042, 6.52291 ], [ 2.30988, 6.523 ], [ 2.31033, 6.52408 ], [ 2.30961, 6.52408 ], [ 2.3097, 6.52354 ], [ 2.30861, 6.52363 ], [ 2.30816, 6.52544 ], [ 2.30888, 6.52571 ] ] ], [ [ [ 2.31575, 6.52671 ], [ 2.31648, 6.52681 ], [ 2.31666, 6.52617 ], [ 2.31585, 6.52481 ], [ 2.31539, 6.5249 ], [ 2.31566, 6.52554 ], [ 2.31548, 6.52635 ], [ 2.31494, 6.5259 ], [ 2.31512, 6.52536 ], [ 2.31422, 6.5249 ], [ 2.31404, 6.52517 ], [ 2.31458, 6.52563 ], [ 2.3144, 6.52626 ], [ 2.31521, 6.52753 ], [ 2.31575, 6.52671 ] ] ], [ [ [ 2.27586, 6.52792 ], [ 2.27704, 6.52775 ], [ 2.27776, 6.52711 ], [ 2.27713, 6.52711 ], [ 2.27613, 6.52621 ], [ 2.27577, 6.52765 ], [ 2.27523, 6.52783 ], [ 2.27523, 6.52829 ], [ 2.27559, 6.52838 ], [ 2.27586, 6.52792 ] ] ], [ [ [ 2.30308, 6.53231 ], [ 2.3039, 6.53122 ], [ 2.30344, 6.53122 ], [ 2.30317, 6.53032 ], [ 2.30191, 6.53086 ], [ 2.30191, 6.53194 ], [ 2.30245, 6.53185 ], [ 2.30308, 6.53231 ] ] ], [ [ [ 2.31176, 6.53512 ], [ 2.31176, 6.5334 ], [ 2.31249, 6.5334 ], [ 2.31312, 6.53286 ], [ 2.31303, 6.53241 ], [ 2.31213, 6.53214 ], [ 2.31222, 6.53295 ], [ 2.31167, 6.53268 ], [ 2.31077, 6.53286 ], [ 2.31005, 6.53195 ], [ 2.31014, 6.53087 ], [ 2.30942, 6.53096 ], [ 2.30923, 6.53168 ], [ 2.30869, 6.53114 ], [ 2.30878, 6.53078 ], [ 2.30978, 6.53032 ], [ 2.31095, 6.53015 ], [ 2.31086, 6.52942 ], [ 2.31014, 6.52942 ], [ 2.31041, 6.52852 ], [ 2.30987, 6.52824 ], [ 2.30969, 6.52852 ], [ 2.30806, 6.5286 ], [ 2.3077, 6.52933 ], [ 2.30833, 6.52987 ], [ 2.30643, 6.52932 ], [ 2.30661, 6.53086 ], [ 2.30607, 6.53041 ], [ 2.3058, 6.53068 ], [ 2.30634, 6.53095 ], [ 2.3067, 6.53204 ], [ 2.30733, 6.53195 ], [ 2.3076, 6.53231 ], [ 2.30607, 6.53267 ], [ 2.30543, 6.53249 ], [ 2.30552, 6.53303 ], [ 2.30706, 6.53294 ], [ 2.30778, 6.53358 ], [ 2.30869, 6.53313 ], [ 2.30914, 6.53449 ], [ 2.3095, 6.53467 ], [ 2.31059, 6.5344 ], [ 2.31068, 6.53494 ], [ 2.31104, 6.53494 ], [ 2.31149, 6.53449 ], [ 2.31149, 6.53512 ], [ 2.31176, 6.53512 ] ] ], [ [ [ 2.29711, 6.53546 ], [ 2.29792, 6.53447 ], [ 2.2981, 6.5351 ], [ 2.29874, 6.53474 ], [ 2.29892, 6.53538 ], [ 2.29973, 6.53538 ], [ 2.30018, 6.53447 ], [ 2.30009, 6.53384 ], [ 2.30064, 6.53402 ], [ 2.301, 6.53375 ], [ 2.30046, 6.53357 ], [ 2.301, 6.53303 ], [ 2.29847, 6.53302 ], [ 2.29811, 6.53266 ], [ 2.29747, 6.5342 ], [ 2.29648, 6.53393 ], [ 2.29602, 6.53456 ], [ 2.29593, 6.5342 ], [ 2.29458, 6.5341 ], [ 2.29458, 6.53437 ], [ 2.29548, 6.53456 ], [ 2.29665, 6.53537 ], [ 2.29711, 6.5351 ], [ 2.29711, 6.53546 ] ] ], [ [ [ 2.31257, 6.53928 ], [ 2.31212, 6.53856 ], [ 2.3113, 6.53919 ], [ 2.31058, 6.53919 ], [ 2.30995, 6.53982 ], [ 2.31094, 6.5401 ], [ 2.31157, 6.53974 ], [ 2.3123, 6.54019 ], [ 2.31257, 6.53928 ] ] ], [ [ [ 2.28787, 6.54034 ], [ 2.28986, 6.53998 ], [ 2.28995, 6.53971 ], [ 2.28959, 6.53925 ], [ 2.28806, 6.53871 ], [ 2.28787, 6.54034 ] ] ], [ [ [ 2.30913, 6.54326 ], [ 2.30967, 6.54263 ], [ 2.30976, 6.54181 ], [ 2.30895, 6.5419 ], [ 2.30822, 6.54145 ], [ 2.30759, 6.54163 ], [ 2.30732, 6.541 ], [ 2.30669, 6.541 ], [ 2.30741, 6.54263 ], [ 2.30867, 6.54326 ], [ 2.30913, 6.54326 ] ] ], [ [ [ 2.30424, 6.54362 ], [ 2.30515, 6.54371 ], [ 2.3046, 6.54316 ], [ 2.3047, 6.54253 ], [ 2.30542, 6.54253 ], [ 2.30515, 6.54326 ], [ 2.30578, 6.54353 ], [ 2.30587, 6.54208 ], [ 2.30651, 6.5419 ], [ 2.30651, 6.54091 ], [ 2.30605, 6.5409 ], [ 2.30614, 6.54145 ], [ 2.3056, 6.54181 ], [ 2.30461, 6.54154 ], [ 2.30424, 6.5419 ], [ 2.3037, 6.54108 ], [ 2.30397, 6.54045 ], [ 2.30352, 6.54036 ], [ 2.30325, 6.54126 ], [ 2.30397, 6.54235 ], [ 2.30343, 6.54235 ], [ 2.30334, 6.5419 ], [ 2.30262, 6.54189 ], [ 2.30216, 6.54262 ], [ 2.30189, 6.54253 ], [ 2.30252, 6.54307 ], [ 2.30171, 6.54325 ], [ 2.30171, 6.54352 ], [ 2.30225, 6.5437 ], [ 2.30298, 6.54307 ], [ 2.30297, 6.54389 ], [ 2.3037, 6.54416 ], [ 2.30424, 6.54362 ] ] ], [ [ [ 2.29039, 6.55418 ], [ 2.29183, 6.55382 ], [ 2.29084, 6.55328 ], [ 2.29102, 6.55273 ], [ 2.2922, 6.55292 ], [ 2.2922, 6.55346 ], [ 2.29283, 6.55283 ], [ 2.29337, 6.5531 ], [ 2.29401, 6.55283 ], [ 2.2941, 6.55319 ], [ 2.29482, 6.55328 ], [ 2.29482, 6.55274 ], [ 2.29536, 6.5522 ], [ 2.29464, 6.55174 ], [ 2.295, 6.55075 ], [ 2.29681, 6.55084 ], [ 2.29754, 6.55021 ], [ 2.29727, 6.54958 ], [ 2.29763, 6.54931 ], [ 2.2998, 6.54931 ], [ 2.3008, 6.54823 ], [ 2.29971, 6.54732 ], [ 2.29962, 6.54859 ], [ 2.29881, 6.54886 ], [ 2.29826, 6.54831 ], [ 2.29772, 6.5484 ], [ 2.29799, 6.54768 ], [ 2.29899, 6.54723 ], [ 2.29863, 6.54696 ], [ 2.29718, 6.54768 ], [ 2.29736, 6.54867 ], [ 2.29673, 6.54894 ], [ 2.296, 6.54795 ], [ 2.29655, 6.54768 ], [ 2.29655, 6.54722 ], [ 2.29591, 6.54731 ], [ 2.2951, 6.54677 ], [ 2.29456, 6.54776 ], [ 2.2942, 6.54749 ], [ 2.29429, 6.54785 ], [ 2.29365, 6.54803 ], [ 2.29356, 6.54867 ], [ 2.29302, 6.54876 ], [ 2.2932, 6.54776 ], [ 2.29275, 6.5483 ], [ 2.29157, 6.54821 ], [ 2.2913, 6.54803 ], [ 2.29148, 6.54767 ], [ 2.29076, 6.54731 ], [ 2.29085, 6.54667 ], [ 2.29049, 6.54667 ], [ 2.29067, 6.54749 ], [ 2.2903, 6.54776 ], [ 2.28976, 6.54685 ], [ 2.28967, 6.54568 ], [ 2.28931, 6.54568 ], [ 2.28895, 6.5464 ], [ 2.28841, 6.54613 ], [ 2.28832, 6.54685 ], [ 2.28651, 6.54685 ], [ 2.28669, 6.54649 ], [ 2.2875, 6.54667 ], [ 2.2875, 6.54594 ], [ 2.28696, 6.54585 ], [ 2.28687, 6.54549 ], [ 2.28669, 6.54603 ], [ 2.28606, 6.54639 ], [ 2.2856, 6.54594 ], [ 2.2847, 6.54594 ], [ 2.28461, 6.54621 ], [ 2.28515, 6.5463 ], [ 2.28497, 6.54666 ], [ 2.28533, 6.54721 ], [ 2.28714, 6.54721 ], [ 2.2875, 6.54793 ], [ 2.28822, 6.54794 ], [ 2.28831, 6.54839 ], [ 2.28741, 6.54848 ], [ 2.28732, 6.54893 ], [ 2.28669, 6.54866 ], [ 2.28659, 6.55029 ], [ 2.28722, 6.55092 ], [ 2.28804, 6.55038 ], [ 2.28903, 6.55128 ], [ 2.28967, 6.5511 ], [ 2.28939, 6.5521 ], [ 2.28994, 6.55228 ], [ 2.2893, 6.55237 ], [ 2.28921, 6.55273 ], [ 2.28984, 6.55328 ], [ 2.28993, 6.55499 ], [ 2.29039, 6.55418 ] ], [ [ 2.29383, 6.55211 ], [ 2.29301, 6.55238 ], [ 2.29274, 6.55066 ], [ 2.29419, 6.55066 ], [ 2.2941, 6.55111 ], [ 2.29347, 6.55138 ], [ 2.29464, 6.55202 ], [ 2.29455, 6.55256 ], [ 2.29419, 6.55274 ], [ 2.29383, 6.55211 ] ] ], [ [ [ 2.27754, 6.55281 ], [ 2.27881, 6.55236 ], [ 2.27881, 6.55199 ], [ 2.27809, 6.55163 ], [ 2.27809, 6.55073 ], [ 2.27782, 6.55018 ], [ 2.27737, 6.55009 ], [ 2.27673, 6.551 ], [ 2.27619, 6.55109 ], [ 2.27601, 6.55172 ], [ 2.27655, 6.5528 ], [ 2.27754, 6.55281 ] ] ], [ [ [ 2.29516, 6.56857 ], [ 2.29471, 6.56794 ], [ 2.2957, 6.56803 ], [ 2.2957, 6.56749 ], [ 2.29598, 6.56758 ], [ 2.29661, 6.56667 ], [ 2.29652, 6.56613 ], [ 2.29607, 6.56604 ], [ 2.29652, 6.5655 ], [ 2.29806, 6.56568 ], [ 2.29842, 6.56541 ], [ 2.29869, 6.56577 ], [ 2.29697, 6.56622 ], [ 2.29779, 6.56713 ], [ 2.29751, 6.56758 ], [ 2.29778, 6.56812 ], [ 2.29941, 6.56867 ], [ 2.29959, 6.56813 ], [ 2.30005, 6.56831 ], [ 2.30032, 6.56804 ], [ 2.29959, 6.56749 ], [ 2.29905, 6.56577 ], [ 2.29969, 6.56596 ], [ 2.29978, 6.56469 ], [ 2.30059, 6.56478 ], [ 2.30059, 6.56415 ], [ 2.30168, 6.56496 ], [ 2.30159, 6.56361 ], [ 2.30078, 6.56351 ], [ 2.30042, 6.56297 ], [ 2.30005, 6.56342 ], [ 2.30023, 6.56388 ], [ 2.29969, 6.56396 ], [ 2.29987, 6.56342 ], [ 2.29843, 6.56206 ], [ 2.30024, 6.56179 ], [ 2.30033, 6.56243 ], [ 2.30078, 6.56261 ], [ 2.30132, 6.56198 ], [ 2.30186, 6.56198 ], [ 2.3015, 6.56134 ], [ 2.30168, 6.56107 ], [ 2.30286, 6.56216 ], [ 2.30358, 6.56234 ], [ 2.30349, 6.5627 ], [ 2.30268, 6.56252 ], [ 2.30259, 6.56325 ], [ 2.30322, 6.56334 ], [ 2.30267, 6.56469 ], [ 2.3034, 6.56533 ], [ 2.30385, 6.56723 ], [ 2.30439, 6.56596 ], [ 2.30502, 6.56642 ], [ 2.30493, 6.56696 ], [ 2.30566, 6.56669 ], [ 2.30475, 6.56578 ], [ 2.30448, 6.5647 ], [ 2.3043, 6.56515 ], [ 2.30349, 6.56478 ], [ 2.30376, 6.56424 ], [ 2.30476, 6.56442 ], [ 2.30512, 6.56361 ], [ 2.30458, 6.56252 ], [ 2.30385, 6.56225 ], [ 2.30394, 6.5618 ], [ 2.30503, 6.56216 ], [ 2.30386, 6.559 ], [ 2.30458, 6.55836 ], [ 2.30485, 6.559 ], [ 2.30531, 6.55891 ], [ 2.30567, 6.55927 ], [ 2.30603, 6.55809 ], [ 2.30675, 6.55828 ], [ 2.30648, 6.55945 ], [ 2.30503, 6.5599 ], [ 2.30521, 6.56072 ], [ 2.30494, 6.56117 ], [ 2.30576, 6.56108 ], [ 2.30657, 6.56171 ], [ 2.30693, 6.56108 ], [ 2.30693, 6.56189 ], [ 2.30639, 6.56235 ], [ 2.30774, 6.56289 ], [ 2.30829, 6.56289 ], [ 2.30829, 6.56262 ], [ 2.3072, 6.56226 ], [ 2.3072, 6.56153 ], [ 2.30847, 6.56172 ], [ 2.30865, 6.56217 ], [ 2.30955, 6.56154 ], [ 2.30982, 6.5619 ], [ 2.30964, 6.56253 ], [ 2.3101, 6.56253 ], [ 2.31055, 6.56081 ], [ 2.31109, 6.56045 ], [ 2.31191, 6.56073 ], [ 2.31227, 6.55982 ], [ 2.31254, 6.56118 ], [ 2.31408, 6.56019 ], [ 2.31453, 6.56046 ], [ 2.31507, 6.56028 ], [ 2.31526, 6.55992 ], [ 2.3148, 6.55982 ], [ 2.31499, 6.5591 ], [ 2.31453, 6.55874 ], [ 2.31408, 6.55892 ], [ 2.31435, 6.55955 ], [ 2.31372, 6.55973 ], [ 2.31345, 6.56027 ], [ 2.31236, 6.55819 ], [ 2.31264, 6.55747 ], [ 2.31327, 6.55738 ], [ 2.31318, 6.55693 ], [ 2.31255, 6.55702 ], [ 2.31246, 6.55647 ], [ 2.31246, 6.55611 ], [ 2.31318, 6.55566 ], [ 2.31291, 6.55485 ], [ 2.31327, 6.55448 ], [ 2.313, 6.55421 ], [ 2.31327, 6.55367 ], [ 2.314, 6.55376 ], [ 2.314, 6.5534 ], [ 2.31508, 6.55295 ], [ 2.31544, 6.55358 ], [ 2.31644, 6.55259 ], [ 2.31725, 6.55431 ], [ 2.31689, 6.55458 ], [ 2.31599, 6.55404 ], [ 2.31617, 6.55485 ], [ 2.31671, 6.55521 ], [ 2.31671, 6.55594 ], [ 2.31707, 6.55603 ], [ 2.31716, 6.55539 ], [ 2.31752, 6.55521 ], [ 2.31888, 6.55531 ], [ 2.31816, 6.5544 ], [ 2.31798, 6.55485 ], [ 2.31761, 6.55485 ], [ 2.3178, 6.55422 ], [ 2.31744, 6.55331 ], [ 2.31698, 6.55322 ], [ 2.31716, 6.55295 ], [ 2.31771, 6.55313 ], [ 2.31798, 6.55241 ], [ 2.31689, 6.55232 ], [ 2.31726, 6.55178 ], [ 2.31789, 6.55205 ], [ 2.31807, 6.55142 ], [ 2.31889, 6.55105 ], [ 2.31934, 6.55205 ], [ 2.31807, 6.55232 ], [ 2.31879, 6.55277 ], [ 2.31906, 6.5525 ], [ 2.31879, 6.55341 ], [ 2.31979, 6.55368 ], [ 2.32033, 6.55341 ], [ 2.32033, 6.55449 ], [ 2.3216, 6.55441 ], [ 2.32087, 6.5535 ], [ 2.32106, 6.55232 ], [ 2.32024, 6.55232 ], [ 2.32006, 6.55169 ], [ 2.31952, 6.55214 ], [ 2.31979, 6.55097 ], [ 2.31916, 6.55115 ], [ 2.31889, 6.55078 ], [ 2.31925, 6.55069 ], [ 2.31943, 6.5497 ], [ 2.32106, 6.54961 ], [ 2.32187, 6.54898 ], [ 2.32061, 6.54852 ], [ 2.32034, 6.54916 ], [ 2.31934, 6.54906 ], [ 2.31844, 6.54943 ], [ 2.31744, 6.54906 ], [ 2.31789, 6.54852 ], [ 2.31708, 6.54789 ], [ 2.31708, 6.54761 ], [ 2.31853, 6.54698 ], [ 2.31952, 6.54689 ], [ 2.32061, 6.5469 ], [ 2.32106, 6.54798 ], [ 2.3216, 6.5478 ], [ 2.32188, 6.5469 ], [ 2.32043, 6.54608 ], [ 2.3207, 6.54527 ], [ 2.31971, 6.54545 ], [ 2.32016, 6.54617 ], [ 2.31953, 6.54635 ], [ 2.31944, 6.54508 ], [ 2.31862, 6.54545 ], [ 2.31862, 6.5449 ], [ 2.31808, 6.54481 ], [ 2.3179, 6.54599 ], [ 2.31916, 6.54599 ], [ 2.31907, 6.54644 ], [ 2.31826, 6.5468 ], [ 2.31717, 6.5468 ], [ 2.31754, 6.54635 ], [ 2.31745, 6.54581 ], [ 2.31636, 6.54544 ], [ 2.31627, 6.5458 ], [ 2.31663, 6.54571 ], [ 2.3169, 6.54644 ], [ 2.31672, 6.54734 ], [ 2.31618, 6.54743 ], [ 2.31609, 6.54698 ], [ 2.31563, 6.54698 ], [ 2.31545, 6.54806 ], [ 2.31491, 6.54743 ], [ 2.31518, 6.5468 ], [ 2.31464, 6.54662 ], [ 2.31419, 6.54734 ], [ 2.31428, 6.54833 ], [ 2.31328, 6.54842 ], [ 2.3131, 6.54915 ], [ 2.31364, 6.54915 ], [ 2.31391, 6.54996 ], [ 2.31346, 6.55005 ], [ 2.31319, 6.54969 ], [ 2.3131, 6.55032 ], [ 2.31265, 6.55032 ], [ 2.31274, 6.54978 ], [ 2.31219, 6.54951 ], [ 2.31219, 6.54996 ], [ 2.31274, 6.55041 ], [ 2.31264, 6.55096 ], [ 2.31183, 6.55114 ], [ 2.31183, 6.55005 ], [ 2.31156, 6.55014 ], [ 2.31129, 6.55068 ], [ 2.31147, 6.5524 ], [ 2.31065, 6.55294 ], [ 2.31029, 6.55294 ], [ 2.30975, 6.55177 ], [ 2.31083, 6.55131 ], [ 2.31084, 6.55095 ], [ 2.31047, 6.55095 ], [ 2.31029, 6.5514 ], [ 2.30966, 6.55113 ], [ 2.30893, 6.55149 ], [ 2.30866, 6.55258 ], [ 2.30776, 6.5514 ], [ 2.30577, 6.55113 ], [ 2.30568, 6.55212 ], [ 2.30604, 6.55248 ], [ 2.30568, 6.55248 ], [ 2.30577, 6.55285 ], [ 2.30513, 6.5533 ], [ 2.30567, 6.55402 ], [ 2.30631, 6.55384 ], [ 2.30667, 6.55439 ], [ 2.30703, 6.5543 ], [ 2.30757, 6.55502 ], [ 2.30694, 6.55565 ], [ 2.30703, 6.55619 ], [ 2.30658, 6.55638 ], [ 2.30748, 6.55665 ], [ 2.30748, 6.55692 ], [ 2.30676, 6.55728 ], [ 2.30504, 6.55773 ], [ 2.30522, 6.5571 ], [ 2.30504, 6.55673 ], [ 2.30422, 6.55773 ], [ 2.30368, 6.55719 ], [ 2.30377, 6.55628 ], [ 2.30341, 6.55628 ], [ 2.30332, 6.55583 ], [ 2.3035, 6.55519 ], [ 2.30414, 6.55474 ], [ 2.30396, 6.55393 ], [ 2.30486, 6.55348 ], [ 2.30513, 6.55257 ], [ 2.30513, 6.55212 ], [ 2.3045, 6.55212 ], [ 2.3045, 6.55185 ], [ 2.30541, 6.55176 ], [ 2.30505, 6.54995 ], [ 2.30568, 6.54923 ], [ 2.30622, 6.54941 ], [ 2.30622, 6.54896 ], [ 2.30541, 6.54859 ], [ 2.30505, 6.54769 ], [ 2.30568, 6.54706 ], [ 2.3055, 6.54642 ], [ 2.30596, 6.54642 ], [ 2.30587, 6.54688 ], [ 2.30623, 6.54715 ], [ 2.30704, 6.54715 ], [ 2.30722, 6.5467 ], [ 2.30831, 6.54706 ], [ 2.30722, 6.54769 ], [ 2.30749, 6.54787 ], [ 2.30722, 6.54851 ], [ 2.30831, 6.54787 ], [ 2.3093, 6.54797 ], [ 2.3084, 6.54742 ], [ 2.30831, 6.54643 ], [ 2.30758, 6.54652 ], [ 2.30849, 6.54516 ], [ 2.30903, 6.54543 ], [ 2.30831, 6.54462 ], [ 2.30786, 6.5448 ], [ 2.30777, 6.54543 ], [ 2.30704, 6.54543 ], [ 2.30713, 6.54597 ], [ 2.30623, 6.54597 ], [ 2.30614, 6.54489 ], [ 2.30578, 6.54498 ], [ 2.3056, 6.54579 ], [ 2.30487, 6.54561 ], [ 2.30469, 6.54497 ], [ 2.30388, 6.54515 ], [ 2.30451, 6.54615 ], [ 2.30523, 6.54606 ], [ 2.30532, 6.54633 ], [ 2.30469, 6.54669 ], [ 2.30406, 6.54642 ], [ 2.30342, 6.54696 ], [ 2.3036, 6.54741 ], [ 2.30451, 6.54751 ], [ 2.30478, 6.54814 ], [ 2.3036, 6.54814 ], [ 2.30378, 6.54859 ], [ 2.30306, 6.54904 ], [ 2.30315, 6.54949 ], [ 2.30279, 6.54977 ], [ 2.30287, 6.55085 ], [ 2.30179, 6.55139 ], [ 2.30242, 6.55176 ], [ 2.30242, 6.55275 ], [ 2.30088, 6.55193 ], [ 2.30088, 6.55266 ], [ 2.30016, 6.55239 ], [ 2.2998, 6.55284 ], [ 2.29989, 6.5532 ], [ 2.30043, 6.55275 ], [ 2.30052, 6.55356 ], [ 2.30016, 6.55356 ], [ 2.29925, 6.55338 ], [ 2.29898, 6.55257 ], [ 2.29871, 6.55266 ], [ 2.29898, 6.55356 ], [ 2.30007, 6.55419 ], [ 2.29997, 6.55537 ], [ 2.29961, 6.55546 ], [ 2.29916, 6.55456 ], [ 2.29753, 6.5551 ], [ 2.29636, 6.55347 ], [ 2.29645, 6.5531 ], [ 2.29582, 6.55274 ], [ 2.29527, 6.5531 ], [ 2.29409, 6.55518 ], [ 2.29373, 6.55491 ], [ 2.29373, 6.5541 ], [ 2.2921, 6.55446 ], [ 2.29192, 6.55473 ], [ 2.29247, 6.55455 ], [ 2.29364, 6.55545 ], [ 2.29455, 6.55545 ], [ 2.29455, 6.55582 ], [ 2.29301, 6.55554 ], [ 2.29301, 6.55599 ], [ 2.29355, 6.55645 ], [ 2.294, 6.55636 ], [ 2.29427, 6.5569 ], [ 2.29509, 6.55527 ], [ 2.295, 6.556 ], [ 2.29581, 6.556 ], [ 2.29599, 6.55645 ], [ 2.29581, 6.55681 ], [ 2.29491, 6.55699 ], [ 2.29581, 6.55745 ], [ 2.2959, 6.55681 ], [ 2.29653, 6.55672 ], [ 2.29635, 6.55763 ], [ 2.29689, 6.55745 ], [ 2.29735, 6.55826 ], [ 2.2968, 6.55871 ], [ 2.29753, 6.55899 ], [ 2.29698, 6.55989 ], [ 2.29662, 6.55926 ], [ 2.29617, 6.55917 ], [ 2.29626, 6.55971 ], [ 2.29581, 6.55971 ], [ 2.29572, 6.55907 ], [ 2.29545, 6.55907 ], [ 2.29535, 6.55998 ], [ 2.29617, 6.56025 ], [ 2.29463, 6.56106 ], [ 2.29445, 6.56206 ], [ 2.29517, 6.56206 ], [ 2.29553, 6.56242 ], [ 2.2949, 6.56287 ], [ 2.29463, 6.56233 ], [ 2.29444, 6.56296 ], [ 2.29381, 6.56341 ], [ 2.29381, 6.56423 ], [ 2.29281, 6.56432 ], [ 2.29308, 6.56504 ], [ 2.29372, 6.56477 ], [ 2.29345, 6.56577 ], [ 2.29281, 6.56549 ], [ 2.29227, 6.56576 ], [ 2.29326, 6.5664 ], [ 2.29299, 6.56694 ], [ 2.292, 6.56703 ], [ 2.29236, 6.56631 ], [ 2.29164, 6.56576 ], [ 2.29164, 6.56522 ], [ 2.29118, 6.5654 ], [ 2.291, 6.56603 ], [ 2.29155, 6.56612 ], [ 2.29191, 6.56694 ], [ 2.2919, 6.56812 ], [ 2.29263, 6.56794 ], [ 2.2948, 6.56902 ], [ 2.29516, 6.56857 ] ], [ [ 2.30793, 6.55963 ], [ 2.30829, 6.55936 ], [ 2.3082, 6.55873 ], [ 2.30784, 6.55846 ], [ 2.30775, 6.55909 ], [ 2.30748, 6.55855 ], [ 2.30856, 6.55773 ], [ 2.30893, 6.55828 ], [ 2.30892, 6.55991 ], [ 2.30793, 6.55963 ] ], [ [ 2.31146, 6.55512 ], [ 2.31164, 6.55448 ], [ 2.31128, 6.5543 ], [ 2.31128, 6.55322 ], [ 2.31165, 6.55285 ], [ 2.31264, 6.55286 ], [ 2.31273, 6.55331 ], [ 2.31237, 6.55367 ], [ 2.31282, 6.55412 ], [ 2.31228, 6.55457 ], [ 2.31246, 6.55521 ], [ 2.31146, 6.55512 ] ], [ [ 2.30676, 6.55384 ], [ 2.30667, 6.55258 ], [ 2.3073, 6.55267 ], [ 2.30694, 6.55203 ], [ 2.30803, 6.55203 ], [ 2.30776, 6.55375 ], [ 2.30676, 6.55384 ] ], [ [ 2.313, 6.5524 ], [ 2.31382, 6.55168 ], [ 2.31364, 6.55114 ], [ 2.31409, 6.55014 ], [ 2.31445, 6.55032 ], [ 2.31427, 6.55105 ], [ 2.31491, 6.55114 ], [ 2.3159, 6.55223 ], [ 2.31517, 6.55286 ], [ 2.31373, 6.55231 ], [ 2.31309, 6.55295 ], [ 2.313, 6.5524 ] ], [ [ 2.31527, 6.55033 ], [ 2.31617, 6.54978 ], [ 2.31536, 6.54915 ], [ 2.3159, 6.54924 ], [ 2.31618, 6.54879 ], [ 2.31699, 6.5487 ], [ 2.31654, 6.54906 ], [ 2.31645, 6.54988 ], [ 2.31717, 6.55042 ], [ 2.31518, 6.55087 ], [ 2.31527, 6.55033 ] ] ], [ [ [ 2.31634, 6.5591 ], [ 2.31589, 6.5582 ], [ 2.31661, 6.55811 ], [ 2.31662, 6.55775 ], [ 2.31598, 6.55738 ], [ 2.31616, 6.55693 ], [ 2.31716, 6.55757 ], [ 2.31716, 6.55675 ], [ 2.31598, 6.55603 ], [ 2.31581, 6.55476 ], [ 2.31517, 6.55458 ], [ 2.31463, 6.55539 ], [ 2.314, 6.55503 ], [ 2.31399, 6.55557 ], [ 2.31336, 6.55557 ], [ 2.31345, 6.55593 ], [ 2.31291, 6.55647 ], [ 2.31399, 6.55675 ], [ 2.3139, 6.55575 ], [ 2.31517, 6.55557 ], [ 2.31517, 6.55729 ], [ 2.31562, 6.55738 ], [ 2.31526, 6.55829 ], [ 2.3158, 6.55901 ], [ 2.31634, 6.5591 ] ] ], [ [ [ 2.30891, 6.56751 ], [ 2.30882, 6.56642 ], [ 2.30801, 6.56606 ], [ 2.30819, 6.56551 ], [ 2.30702, 6.56416 ], [ 2.30629, 6.56388 ], [ 2.3062, 6.56452 ], [ 2.30539, 6.56452 ], [ 2.30611, 6.56587 ], [ 2.30683, 6.5656 ], [ 2.3071, 6.56669 ], [ 2.30765, 6.56651 ], [ 2.30846, 6.56696 ], [ 2.30828, 6.56787 ], [ 2.30891, 6.56751 ] ] ], [ [ [ 2.28802, 6.5663 ], [ 2.28711, 6.56521 ], [ 2.28648, 6.56567 ], [ 2.28603, 6.5653 ], [ 2.28567, 6.56557 ], [ 2.28521, 6.56539 ], [ 2.28521, 6.56639 ], [ 2.28557, 6.56666 ], [ 2.28774, 6.56693 ], [ 2.28802, 6.5663 ] ] ], [ [ [ 2.29995, 6.57138 ], [ 2.30104, 6.57139 ], [ 2.30104, 6.57075 ], [ 2.30167, 6.57075 ], [ 2.30221, 6.56994 ], [ 2.30267, 6.56994 ], [ 2.3024, 6.5694 ], [ 2.30312, 6.56949 ], [ 2.30321, 6.56886 ], [ 2.30375, 6.56886 ], [ 2.30366, 6.56849 ], [ 2.30258, 6.56858 ], [ 2.30258, 6.56759 ], [ 2.30177, 6.56804 ], [ 2.30204, 6.56822 ], [ 2.30176, 6.56858 ], [ 2.30068, 6.56804 ], [ 2.30113, 6.56958 ], [ 2.30059, 6.56967 ], [ 2.3005, 6.5693 ], [ 2.29977, 6.56957 ], [ 2.29995, 6.57021 ], [ 2.30077, 6.57057 ], [ 2.29995, 6.57084 ], [ 2.29995, 6.57138 ] ] ], [ [ [ 2.29932, 6.57093 ], [ 2.29941, 6.56912 ], [ 2.29905, 6.56948 ], [ 2.2986, 6.56939 ], [ 2.2986, 6.56867 ], [ 2.29715, 6.56848 ], [ 2.29697, 6.56903 ], [ 2.29625, 6.5693 ], [ 2.29633, 6.56975 ], [ 2.2976, 6.56993 ], [ 2.29769, 6.57029 ], [ 2.29932, 6.57093 ] ] ], [ [ [ 2.30746, 6.57456 ], [ 2.30746, 6.57393 ], [ 2.30872, 6.57393 ], [ 2.30872, 6.57321 ], [ 2.30836, 6.57284 ], [ 2.30737, 6.57357 ], [ 2.30682, 6.57302 ], [ 2.30574, 6.57311 ], [ 2.30556, 6.57365 ], [ 2.30492, 6.57392 ], [ 2.30492, 6.5742 ], [ 2.30601, 6.57438 ], [ 2.3061, 6.57474 ], [ 2.30746, 6.57456 ] ] ], [ [ [ 2.3089, 6.57999 ], [ 2.30926, 6.57945 ], [ 2.30844, 6.57963 ], [ 2.30872, 6.57909 ], [ 2.30854, 6.57782 ], [ 2.3089, 6.57728 ], [ 2.308, 6.57637 ], [ 2.30772, 6.57755 ], [ 2.30799, 6.57764 ], [ 2.30799, 6.57854 ], [ 2.30835, 6.57863 ], [ 2.30835, 6.57972 ], [ 2.30871, 6.5809 ], [ 2.30898, 6.5809 ], [ 2.3089, 6.57999 ] ] ], [ [ [ 2.31219, 6.35292 ], [ 2.31689, 6.35292 ], [ 2.31725, 6.35238 ], [ 2.3215, 6.3523 ], [ 2.32286, 6.35176 ], [ 2.32349, 6.35257 ], [ 2.32449, 6.35257 ], [ 2.3253, 6.35303 ], [ 2.32593, 6.35257 ], [ 2.32575, 6.35167 ], [ 2.32648, 6.35212 ], [ 2.32819, 6.35231 ], [ 2.32919, 6.35186 ], [ 2.33036, 6.35267 ], [ 2.33064, 6.35005 ], [ 2.32892, 6.34995 ], [ 2.32928, 6.34905 ], [ 2.32811, 6.34914 ], [ 2.3282, 6.34977 ], [ 2.32693, 6.34977 ], [ 2.32286, 6.34931 ], [ 2.32232, 6.34832 ], [ 2.32205, 6.34904 ], [ 2.32124, 6.34868 ], [ 2.32015, 6.34877 ], [ 2.31943, 6.3485 ], [ 2.31907, 6.34759 ], [ 2.31852, 6.34849 ], [ 2.3178, 6.34822 ], [ 2.31681, 6.34849 ], [ 2.31644, 6.34804 ], [ 2.31599, 6.34831 ], [ 2.30776, 6.3483 ], [ 2.30812, 6.34866 ], [ 2.30812, 6.35038 ], [ 2.30776, 6.35056 ], [ 2.30812, 6.35128 ], [ 2.31002, 6.35065 ], [ 2.31047, 6.35102 ], [ 2.31047, 6.35174 ], [ 2.31002, 6.35201 ], [ 2.3102, 6.35246 ], [ 2.31219, 6.35292 ] ] ], [ [ [ 2.32077, 6.35601 ], [ 2.32647, 6.35556 ], [ 2.32711, 6.35511 ], [ 2.32819, 6.35574 ], [ 2.33036, 6.35548 ], [ 2.33036, 6.35493 ], [ 2.33, 6.35484 ], [ 2.33036, 6.35312 ], [ 2.32485, 6.35366 ], [ 2.32159, 6.35447 ], [ 2.32105, 6.35411 ], [ 2.3196, 6.35429 ], [ 2.31815, 6.35392 ], [ 2.31662, 6.35464 ], [ 2.3168, 6.35501 ], [ 2.31906, 6.35519 ], [ 2.32077, 6.35601 ] ] ], [ [ [ 2.33532, 6.36353 ], [ 2.33614, 6.36245 ], [ 2.33505, 6.36218 ], [ 2.33478, 6.36163 ], [ 2.33424, 6.36163 ], [ 2.33379, 6.361 ], [ 2.33307, 6.36073 ], [ 2.33289, 6.36 ], [ 2.33225, 6.35964 ], [ 2.33171, 6.35855 ], [ 2.3309, 6.3581 ], [ 2.33117, 6.35756 ], [ 2.33081, 6.35738 ], [ 2.33063, 6.35611 ], [ 2.33009, 6.35593 ], [ 2.32828, 6.35647 ], [ 2.3271, 6.35638 ], [ 2.3262, 6.3571 ], [ 2.32575, 6.35665 ], [ 2.32457, 6.3571 ], [ 2.3243, 6.35628 ], [ 2.32177, 6.35655 ], [ 2.31788, 6.35618 ], [ 2.31761, 6.35645 ], [ 2.3177, 6.35745 ], [ 2.31616, 6.35736 ], [ 2.31661, 6.3569 ], [ 2.31634, 6.35654 ], [ 2.31535, 6.35781 ], [ 2.31354, 6.35772 ], [ 2.31318, 6.35726 ], [ 2.31245, 6.35753 ], [ 2.31182, 6.35853 ], [ 2.31191, 6.35907 ], [ 2.31137, 6.35943 ], [ 2.31164, 6.35997 ], [ 2.3101, 6.36024 ], [ 2.31019, 6.36061 ], [ 2.31082, 6.36052 ], [ 2.31019, 6.36133 ], [ 2.31046, 6.36178 ], [ 2.31263, 6.36124 ], [ 2.31381, 6.36052 ], [ 2.3138, 6.36179 ], [ 2.31471, 6.36115 ], [ 2.31498, 6.36125 ], [ 2.31471, 6.36179 ], [ 2.31543, 6.36179 ], [ 2.31643, 6.36143 ], [ 2.31652, 6.36107 ], [ 2.31706, 6.36161 ], [ 2.31815, 6.36098 ], [ 2.3195, 6.36188 ], [ 2.32013, 6.36116 ], [ 2.31977, 6.36035 ], [ 2.31742, 6.36007 ], [ 2.31706, 6.35953 ], [ 2.32547, 6.35909 ], [ 2.32692, 6.36008 ], [ 2.32764, 6.3599 ], [ 2.32791, 6.36018 ], [ 2.32502, 6.3609 ], [ 2.32158, 6.36044 ], [ 2.3205, 6.36116 ], [ 2.3205, 6.3617 ], [ 2.32239, 6.36189 ], [ 2.32285, 6.36135 ], [ 2.32267, 6.36198 ], [ 2.32339, 6.36225 ], [ 2.32592, 6.36189 ], [ 2.32664, 6.36235 ], [ 2.328, 6.36217 ], [ 2.32908, 6.36271 ], [ 2.33406, 6.36272 ], [ 2.33532, 6.36353 ] ], [ [ 2.31471, 6.36043 ], [ 2.31335, 6.36016 ], [ 2.31326, 6.3598 ], [ 2.31534, 6.35935 ], [ 2.3167, 6.35998 ], [ 2.31661, 6.36025 ], [ 2.31471, 6.36043 ] ] ], [ [ [ 2.31805, 6.5013 ], [ 2.31742, 6.5012 ], [ 2.31687, 6.50021 ], [ 2.3157, 6.50057 ], [ 2.31642, 6.50084 ], [ 2.31633, 6.50156 ], [ 2.3176, 6.50157 ], [ 2.31805, 6.50193 ], [ 2.31805, 6.5013 ] ] ], [ [ [ 2.32157, 6.5051 ], [ 2.32112, 6.50383 ], [ 2.32184, 6.5042 ], [ 2.32148, 6.50338 ], [ 2.32157, 6.50248 ], [ 2.32085, 6.50284 ], [ 2.32058, 6.50365 ], [ 2.32067, 6.50465 ], [ 2.32121, 6.50537 ], [ 2.32157, 6.5051 ] ] ], [ [ [ 2.326, 6.5052 ], [ 2.32691, 6.50393 ], [ 2.32591, 6.50474 ], [ 2.32483, 6.50402 ], [ 2.32465, 6.50474 ], [ 2.32519, 6.50474 ], [ 2.32501, 6.50556 ], [ 2.32627, 6.50646 ], [ 2.326, 6.5052 ] ] ], [ [ [ 2.33532, 6.50847 ], [ 2.33495, 6.50783 ], [ 2.33523, 6.5072 ], [ 2.33622, 6.50756 ], [ 2.33686, 6.50666 ], [ 2.33604, 6.50711 ], [ 2.33631, 6.50557 ], [ 2.33541, 6.50539 ], [ 2.3355, 6.50566 ], [ 2.33514, 6.50566 ], [ 2.33505, 6.50512 ], [ 2.33451, 6.50503 ], [ 2.33442, 6.50466 ], [ 2.33442, 6.50512 ], [ 2.33405, 6.50503 ], [ 2.33342, 6.50584 ], [ 2.33333, 6.50674 ], [ 2.33396, 6.50801 ], [ 2.33532, 6.50847 ] ] ], [ [ [ 2.32729, 6.62679 ], [ 2.32837, 6.62652 ], [ 2.32837, 6.62607 ], [ 2.32783, 6.62588 ], [ 2.32783, 6.62543 ], [ 2.3272, 6.62543 ], [ 2.3272, 6.62453 ], [ 2.32792, 6.62516 ], [ 2.32792, 6.62426 ], [ 2.32883, 6.62399 ], [ 2.32838, 6.6238 ], [ 2.32838, 6.62317 ], [ 2.32756, 6.62344 ], [ 2.3263, 6.62235 ], [ 2.32684, 6.62018 ], [ 2.32802, 6.62037 ], [ 2.32793, 6.61964 ], [ 2.3273, 6.61901 ], [ 2.32531, 6.61955 ], [ 2.32549, 6.61882 ], [ 2.32504, 6.61801 ], [ 2.32549, 6.61774 ], [ 2.3254, 6.6172 ], [ 2.32468, 6.61665 ], [ 2.32477, 6.61756 ], [ 2.32431, 6.61756 ], [ 2.32395, 6.6162 ], [ 2.32341, 6.6162 ], [ 2.32332, 6.61656 ], [ 2.32278, 6.61638 ], [ 2.32287, 6.61611 ], [ 2.32332, 6.6162 ], [ 2.32287, 6.61547 ], [ 2.32368, 6.61566 ], [ 2.32341, 6.61493 ], [ 2.32387, 6.61493 ], [ 2.32386, 6.61566 ], [ 2.32423, 6.61529 ], [ 2.32296, 6.61385 ], [ 2.32323, 6.61303 ], [ 2.32287, 6.6124 ], [ 2.32369, 6.6124 ], [ 2.32432, 6.61168 ], [ 2.32396, 6.61095 ], [ 2.32532, 6.61068 ], [ 2.32514, 6.61014 ], [ 2.32414, 6.60978 ], [ 2.32423, 6.60932 ], [ 2.32487, 6.60896 ], [ 2.32496, 6.60996 ], [ 2.32523, 6.61005 ], [ 2.32532, 6.60887 ], [ 2.32577, 6.60878 ], [ 2.32577, 6.60851 ], [ 2.32505, 6.60878 ], [ 2.32478, 6.60797 ], [ 2.32623, 6.60743 ], [ 2.32614, 6.60797 ], [ 2.3265, 6.60842 ], [ 2.32704, 6.60815 ], [ 2.3274, 6.60842 ], [ 2.32777, 6.60797 ], [ 2.32822, 6.60833 ], [ 2.3284, 6.60779 ], [ 2.32885, 6.60833 ], [ 2.3293, 6.60834 ], [ 2.32912, 6.60779 ], [ 2.32822, 6.60743 ], [ 2.32831, 6.60689 ], [ 2.32804, 6.60689 ], [ 2.32786, 6.6077 ], [ 2.32749, 6.60761 ], [ 2.32722, 6.60679 ], [ 2.32641, 6.60725 ], [ 2.3265, 6.60688 ], [ 2.32713, 6.6067 ], [ 2.32695, 6.60562 ], [ 2.32578, 6.60435 ], [ 2.32687, 6.60327 ], [ 2.32687, 6.60245 ], [ 2.32741, 6.60281 ], [ 2.32714, 6.60227 ], [ 2.3275, 6.602 ], [ 2.3285, 6.60209 ], [ 2.32931, 6.60291 ], [ 2.33058, 6.60246 ], [ 2.33112, 6.60291 ], [ 2.33094, 6.60345 ], [ 2.33121, 6.60381 ], [ 2.33166, 6.60372 ], [ 2.33148, 6.60318 ], [ 2.33175, 6.60291 ], [ 2.33248, 6.60336 ], [ 2.33284, 6.60282 ], [ 2.3332, 6.60309 ], [ 2.33284, 6.60273 ], [ 2.33302, 6.60255 ], [ 2.33392, 6.60273 ], [ 2.33347, 6.603 ], [ 2.33356, 6.60346 ], [ 2.33465, 6.60373 ], [ 2.33501, 6.60337 ], [ 2.33618, 6.60454 ], [ 2.33718, 6.60455 ], [ 2.33754, 6.60581 ], [ 2.33835, 6.60563 ], [ 2.33835, 6.60509 ], [ 2.33772, 6.60509 ], [ 2.33736, 6.60464 ], [ 2.3379, 6.60473 ], [ 2.3379, 6.60391 ], [ 2.33845, 6.60428 ], [ 2.33944, 6.60373 ], [ 2.34016, 6.605 ], [ 2.3408, 6.60509 ], [ 2.34116, 6.60482 ], [ 2.34098, 6.6041 ], [ 2.33998, 6.60401 ], [ 2.33998, 6.60374 ], [ 2.3417, 6.60292 ], [ 2.3417, 6.60401 ], [ 2.34243, 6.6041 ], [ 2.34207, 6.60247 ], [ 2.34279, 6.60229 ], [ 2.34252, 6.60093 ], [ 2.34153, 6.60102 ], [ 2.34216, 6.60175 ], [ 2.34198, 6.6022 ], [ 2.34062, 6.60265 ], [ 2.34053, 6.60211 ], [ 2.3399, 6.60193 ], [ 2.33981, 6.60256 ], [ 2.33935, 6.60147 ], [ 2.34035, 6.60111 ], [ 2.34062, 6.60057 ], [ 2.34035, 6.60003 ], [ 2.3408, 6.59976 ], [ 2.3399, 6.59966 ], [ 2.34017, 6.60048 ], [ 2.33954, 6.60048 ], [ 2.33918, 6.59975 ], [ 2.33836, 6.59975 ], [ 2.3389, 6.59921 ], [ 2.33773, 6.59776 ], [ 2.33592, 6.59776 ], [ 2.33493, 6.59812 ], [ 2.33456, 6.59758 ], [ 2.33393, 6.59776 ], [ 2.33366, 6.59712 ], [ 2.33303, 6.59739 ], [ 2.33339, 6.59676 ], [ 2.33312, 6.5964 ], [ 2.33276, 6.59658 ], [ 2.33266, 6.59757 ], [ 2.33176, 6.59793 ], [ 2.3314, 6.59848 ], [ 2.33013, 6.59685 ], [ 2.32959, 6.59694 ], [ 2.32995, 6.59766 ], [ 2.32823, 6.59684 ], [ 2.3285, 6.59612 ], [ 2.32986, 6.59621 ], [ 2.32932, 6.59585 ], [ 2.3304, 6.59612 ], [ 2.3305, 6.59576 ], [ 2.32986, 6.59567 ], [ 2.32977, 6.59531 ], [ 2.33077, 6.59549 ], [ 2.33077, 6.59612 ], [ 2.3314, 6.59585 ], [ 2.33113, 6.5964 ], [ 2.33176, 6.59721 ], [ 2.3333, 6.59613 ], [ 2.3333, 6.59567 ], [ 2.33258, 6.59576 ], [ 2.33158, 6.59395 ], [ 2.33122, 6.59386 ], [ 2.33149, 6.59332 ], [ 2.33086, 6.59287 ], [ 2.33104, 6.59232 ], [ 2.33213, 6.59386 ], [ 2.33249, 6.59386 ], [ 2.33267, 6.59341 ], [ 2.33339, 6.59432 ], [ 2.33394, 6.59423 ], [ 2.33412, 6.59495 ], [ 2.33466, 6.59486 ], [ 2.33502, 6.59541 ], [ 2.33574, 6.5955 ], [ 2.33538, 6.59477 ], [ 2.33593, 6.59405 ], [ 2.33557, 6.59224 ], [ 2.33511, 6.59242 ], [ 2.33529, 6.59287 ], [ 2.33484, 6.59351 ], [ 2.33448, 6.59351 ], [ 2.33403, 6.59242 ], [ 2.3334, 6.59251 ], [ 2.33358, 6.59305 ], [ 2.33321, 6.59296 ], [ 2.33312, 6.59332 ], [ 2.33195, 6.59296 ], [ 2.33222, 6.59242 ], [ 2.33186, 6.59205 ], [ 2.3324, 6.59151 ], [ 2.33303, 6.59224 ], [ 2.33349, 6.59224 ], [ 2.33349, 6.59133 ], [ 2.33295, 6.5907 ], [ 2.33231, 6.59097 ], [ 2.33222, 6.59025 ], [ 2.33295, 6.59043 ], [ 2.33277, 6.58961 ], [ 2.33367, 6.58844 ], [ 2.3334, 6.58826 ], [ 2.33286, 6.58862 ], [ 2.33259, 6.58798 ], [ 2.33195, 6.58807 ], [ 2.33186, 6.58771 ], [ 2.33277, 6.58726 ], [ 2.33331, 6.58789 ], [ 2.33431, 6.58735 ], [ 2.33431, 6.58699 ], [ 2.33358, 6.58717 ], [ 2.33359, 6.585 ], [ 2.3344, 6.58428 ], [ 2.33503, 6.58473 ], [ 2.33621, 6.58365 ], [ 2.33694, 6.58374 ], [ 2.33694, 6.58329 ], [ 2.33648, 6.5831 ], [ 2.33639, 6.58175 ], [ 2.33694, 6.58021 ], [ 2.33757, 6.57967 ], [ 2.33794, 6.57985 ], [ 2.33766, 6.57931 ], [ 2.33803, 6.57913 ], [ 2.33857, 6.57994 ], [ 2.33821, 6.58048 ], [ 2.33884, 6.58039 ], [ 2.33884, 6.57985 ], [ 2.33929, 6.58003 ], [ 2.3392, 6.58085 ], [ 2.33884, 6.58048 ], [ 2.33857, 6.58075 ], [ 2.3401, 6.58248 ], [ 2.34074, 6.58248 ], [ 2.34146, 6.58121 ], [ 2.342, 6.58112 ], [ 2.34191, 6.58212 ], [ 2.34273, 6.58239 ], [ 2.34318, 6.58176 ], [ 2.34237, 6.58094 ], [ 2.34327, 6.58103 ], [ 2.34363, 6.58067 ], [ 2.34345, 6.57968 ], [ 2.34282, 6.57986 ], [ 2.34273, 6.5794 ], [ 2.34336, 6.57931 ], [ 2.34445, 6.57841 ], [ 2.34436, 6.57732 ], [ 2.344, 6.57696 ], [ 2.34481, 6.57705 ], [ 2.34527, 6.57669 ], [ 2.34518, 6.57642 ], [ 2.34391, 6.57651 ], [ 2.34382, 6.57696 ], [ 2.34355, 6.5766 ], [ 2.34391, 6.57606 ], [ 2.34328, 6.57606 ], [ 2.34337, 6.57551 ], [ 2.34409, 6.57515 ], [ 2.34428, 6.57416 ], [ 2.34482, 6.5738 ], [ 2.345, 6.57425 ], [ 2.34581, 6.57407 ], [ 2.34554, 6.57479 ], [ 2.34608, 6.57461 ], [ 2.34572, 6.5757 ], [ 2.34599, 6.57633 ], [ 2.34581, 6.57796 ], [ 2.34608, 6.57814 ], [ 2.34671, 6.57724 ], [ 2.34717, 6.57814 ], [ 2.3478, 6.57751 ], [ 2.34762, 6.57679 ], [ 2.34834, 6.57679 ], [ 2.34852, 6.57706 ], [ 2.34807, 6.57751 ], [ 2.34879, 6.57778 ], [ 2.34843, 6.57842 ], [ 2.34915, 6.57878 ], [ 2.34879, 6.57923 ], [ 2.34834, 6.57878 ], [ 2.34789, 6.57968 ], [ 2.34834, 6.58032 ], [ 2.34933, 6.57977 ], [ 2.35015, 6.57977 ], [ 2.35069, 6.58077 ], [ 2.34978, 6.58167 ], [ 2.35078, 6.58213 ], [ 2.35132, 6.58294 ], [ 2.35186, 6.58303 ], [ 2.35177, 6.58186 ], [ 2.35205, 6.58186 ], [ 2.35223, 6.58276 ], [ 2.35313, 6.58222 ], [ 2.35331, 6.5815 ], [ 2.35485, 6.58105 ], [ 2.35449, 6.58159 ], [ 2.35503, 6.58195 ], [ 2.35494, 6.58277 ], [ 2.35557, 6.58313 ], [ 2.35548, 6.58367 ], [ 2.35476, 6.58376 ], [ 2.35467, 6.58421 ], [ 2.35394, 6.58421 ], [ 2.35268, 6.58303 ], [ 2.35231, 6.58376 ], [ 2.35286, 6.58349 ], [ 2.35331, 6.58385 ], [ 2.35358, 6.58494 ], [ 2.35503, 6.5843 ], [ 2.35602, 6.58575 ], [ 2.35629, 6.58494 ], [ 2.35575, 6.58467 ], [ 2.35575, 6.58376 ], [ 2.35639, 6.58331 ], [ 2.35566, 6.58304 ], [ 2.35584, 6.58232 ], [ 2.3553, 6.58204 ], [ 2.3563, 6.58195 ], [ 2.35684, 6.58051 ], [ 2.35711, 6.58141 ], [ 2.35892, 6.5816 ], [ 2.35883, 6.58223 ], [ 2.35964, 6.58286 ], [ 2.36073, 6.58223 ], [ 2.36064, 6.58178 ], [ 2.36109, 6.58214 ], [ 2.36136, 6.58205 ], [ 2.36118, 6.58151 ], [ 2.36182, 6.58178 ], [ 2.362, 6.58097 ], [ 2.36317, 6.58314 ], [ 2.36353, 6.58314 ], [ 2.36308, 6.58232 ], [ 2.36344, 6.58178 ], [ 2.36381, 6.58242 ], [ 2.36471, 6.58269 ], [ 2.36471, 6.58332 ], [ 2.36543, 6.58314 ], [ 2.36552, 6.58242 ], [ 2.36625, 6.58251 ], [ 2.36679, 6.58323 ], [ 2.36724, 6.58287 ], [ 2.36706, 6.58251 ], [ 2.36833, 6.58287 ], [ 2.36833, 6.58242 ], [ 2.36869, 6.58233 ], [ 2.36914, 6.58278 ], [ 2.36932, 6.58206 ], [ 2.37005, 6.58197 ], [ 2.3696, 6.58098 ], [ 2.36815, 6.58233 ], [ 2.36752, 6.58215 ], [ 2.3677, 6.58161 ], [ 2.36706, 6.58152 ], [ 2.36679, 6.58188 ], [ 2.36616, 6.58142 ], [ 2.36616, 6.58007 ], [ 2.36544, 6.58034 ], [ 2.36508, 6.57988 ], [ 2.36553, 6.57853 ], [ 2.36535, 6.57826 ], [ 2.36463, 6.57835 ], [ 2.36435, 6.5778 ], [ 2.36245, 6.5788 ], [ 2.36318, 6.57925 ], [ 2.36327, 6.58015 ], [ 2.36272, 6.58042 ], [ 2.36354, 6.58133 ], [ 2.36299, 6.58133 ], [ 2.362, 6.57997 ], [ 2.36155, 6.57708 ], [ 2.36119, 6.57671 ], [ 2.36137, 6.57617 ], [ 2.36191, 6.57653 ], [ 2.36246, 6.57626 ], [ 2.36336, 6.57708 ], [ 2.36372, 6.57699 ], [ 2.36381, 6.57663 ], [ 2.36246, 6.57536 ], [ 2.36282, 6.57482 ], [ 2.36463, 6.57464 ], [ 2.3649, 6.574 ], [ 2.36463, 6.57364 ], [ 2.36373, 6.57382 ], [ 2.36318, 6.57346 ], [ 2.36337, 6.5731 ], [ 2.36391, 6.57328 ], [ 2.364, 6.57283 ], [ 2.36318, 6.57264 ], [ 2.36273, 6.57301 ], [ 2.36255, 6.57255 ], [ 2.36237, 6.57301 ], [ 2.3621, 6.57291 ], [ 2.3621, 6.57237 ], [ 2.36291, 6.57237 ], [ 2.36373, 6.57174 ], [ 2.36355, 6.57129 ], [ 2.36255, 6.57174 ], [ 2.36174, 6.57101 ], [ 2.36283, 6.57102 ], [ 2.36264, 6.57065 ], [ 2.3631, 6.57056 ], [ 2.36256, 6.56912 ], [ 2.36292, 6.56903 ], [ 2.36292, 6.56857 ], [ 2.36337, 6.56857 ], [ 2.36301, 6.56893 ], [ 2.36337, 6.56939 ], [ 2.36437, 6.56885 ], [ 2.36373, 6.56848 ], [ 2.36391, 6.56785 ], [ 2.36337, 6.56767 ], [ 2.36301, 6.56694 ], [ 2.36256, 6.56703 ], [ 2.36229, 6.56767 ], [ 2.36138, 6.56749 ], [ 2.36139, 6.56423 ], [ 2.36166, 6.56441 ], [ 2.36202, 6.56387 ], [ 2.36274, 6.56405 ], [ 2.3632, 6.56324 ], [ 2.36383, 6.56315 ], [ 2.36491, 6.56414 ], [ 2.36473, 6.56487 ], [ 2.36536, 6.56604 ], [ 2.36573, 6.56577 ], [ 2.36555, 6.56432 ], [ 2.36482, 6.56396 ], [ 2.36519, 6.56324 ], [ 2.36609, 6.56315 ], [ 2.36627, 6.56514 ], [ 2.36654, 6.56505 ], [ 2.36663, 6.5646 ], [ 2.36681, 6.5646 ], [ 2.36699, 6.56586 ], [ 2.36609, 6.56622 ], [ 2.36672, 6.56776 ], [ 2.36627, 6.56849 ], [ 2.36563, 6.5684 ], [ 2.36572, 6.56903 ], [ 2.36545, 6.56858 ], [ 2.365, 6.56894 ], [ 2.365, 6.56993 ], [ 2.36337, 6.56993 ], [ 2.36328, 6.57038 ], [ 2.36382, 6.57111 ], [ 2.36418, 6.57111 ], [ 2.36391, 6.57038 ], [ 2.36464, 6.57002 ], [ 2.36545, 6.57156 ], [ 2.36572, 6.57156 ], [ 2.36563, 6.57093 ], [ 2.36653, 6.57129 ], [ 2.36672, 6.57057 ], [ 2.36717, 6.57039 ], [ 2.36708, 6.57165 ], [ 2.3678, 6.57256 ], [ 2.36825, 6.57256 ], [ 2.36889, 6.57084 ], [ 2.36835, 6.56967 ], [ 2.36771, 6.56976 ], [ 2.36789, 6.56822 ], [ 2.36826, 6.56786 ], [ 2.36889, 6.56795 ], [ 2.36961, 6.56894 ], [ 2.36934, 6.56704 ], [ 2.36898, 6.56695 ], [ 2.36871, 6.56768 ], [ 2.36844, 6.56758 ], [ 2.36871, 6.56641 ], [ 2.36799, 6.56659 ], [ 2.36826, 6.56568 ], [ 2.3679, 6.5655 ], [ 2.36826, 6.5655 ], [ 2.36835, 6.56578 ], [ 2.36916, 6.5656 ], [ 2.36926, 6.56523 ], [ 2.36862, 6.56478 ], [ 2.36844, 6.56406 ], [ 2.36899, 6.56379 ], [ 2.36917, 6.56288 ], [ 2.36971, 6.56252 ], [ 2.36808, 6.56207 ], [ 2.36691, 6.56234 ], [ 2.36618, 6.56188 ], [ 2.36573, 6.56242 ], [ 2.36546, 6.56215 ], [ 2.36465, 6.56242 ], [ 2.36401, 6.56179 ], [ 2.36311, 6.56197 ], [ 2.36284, 6.56161 ], [ 2.36184, 6.56179 ], [ 2.36175, 6.56151 ], [ 2.36266, 6.56133 ], [ 2.36212, 6.5598 ], [ 2.36338, 6.55944 ], [ 2.36356, 6.55871 ], [ 2.36384, 6.55862 ], [ 2.36393, 6.55917 ], [ 2.36474, 6.55971 ], [ 2.3651, 6.55953 ], [ 2.36474, 6.55862 ], [ 2.36384, 6.55853 ], [ 2.36393, 6.5579 ], [ 2.36474, 6.55817 ], [ 2.36492, 6.55781 ], [ 2.36574, 6.55781 ], [ 2.36511, 6.55654 ], [ 2.36357, 6.55573 ], [ 2.36375, 6.55627 ], [ 2.36339, 6.55672 ], [ 2.36375, 6.55727 ], [ 2.36293, 6.55735 ], [ 2.36347, 6.55835 ], [ 2.36257, 6.55799 ], [ 2.3623, 6.55672 ], [ 2.36284, 6.55627 ], [ 2.36266, 6.55564 ], [ 2.36384, 6.55518 ], [ 2.36447, 6.55582 ], [ 2.36592, 6.55555 ], [ 2.3661, 6.55673 ], [ 2.36664, 6.55709 ], [ 2.36655, 6.55654 ], [ 2.36709, 6.55682 ], [ 2.36773, 6.55582 ], [ 2.36646, 6.55582 ], [ 2.36655, 6.55474 ], [ 2.3661, 6.55537 ], [ 2.36583, 6.5551 ], [ 2.36484, 6.55537 ], [ 2.36447, 6.555 ], [ 2.36484, 6.55437 ], [ 2.36674, 6.55365 ], [ 2.36728, 6.55437 ], [ 2.36719, 6.55492 ], [ 2.36755, 6.55501 ], [ 2.36809, 6.55401 ], [ 2.36855, 6.55438 ], [ 2.36873, 6.55401 ], [ 2.3699, 6.5542 ], [ 2.36963, 6.55311 ], [ 2.36909, 6.55311 ], [ 2.36882, 6.55248 ], [ 2.36791, 6.55248 ], [ 2.36773, 6.55284 ], [ 2.36692, 6.55256 ], [ 2.36656, 6.55293 ], [ 2.36574, 6.55229 ], [ 2.36556, 6.55157 ], [ 2.36484, 6.55148 ], [ 2.36484, 6.55121 ], [ 2.36629, 6.54967 ], [ 2.36928, 6.54931 ], [ 2.36928, 6.54886 ], [ 2.36873, 6.54841 ], [ 2.36882, 6.54795 ], [ 2.36837, 6.54759 ], [ 2.36883, 6.54696 ], [ 2.36928, 6.54696 ], [ 2.36946, 6.5456 ], [ 2.37, 6.54587 ], [ 2.37009, 6.54669 ], [ 2.37055, 6.54687 ], [ 2.37082, 6.54569 ], [ 2.37037, 6.54515 ], [ 2.37091, 6.54515 ], [ 2.37091, 6.5447 ], [ 2.37064, 6.54425 ], [ 2.37082, 6.54325 ], [ 2.37028, 6.54226 ], [ 2.37082, 6.54235 ], [ 2.37127, 6.54199 ], [ 2.37101, 6.54072 ], [ 2.37019, 6.54054 ], [ 2.37037, 6.5409 ], [ 2.3691, 6.54144 ], [ 2.36838, 6.54072 ], [ 2.36938, 6.54044 ], [ 2.36956, 6.53972 ], [ 2.37028, 6.539 ], [ 2.37065, 6.53918 ], [ 2.37001, 6.54026 ], [ 2.37137, 6.53954 ], [ 2.37128, 6.539 ], [ 2.37182, 6.53873 ], [ 2.37137, 6.53882 ], [ 2.3711, 6.53828 ], [ 2.37191, 6.53764 ], [ 2.37137, 6.53773 ], [ 2.37119, 6.53737 ], [ 2.37173, 6.53719 ], [ 2.37173, 6.53629 ], [ 2.3721, 6.53592 ], [ 2.37192, 6.53484 ], [ 2.37137, 6.53493 ], [ 2.37147, 6.53448 ], [ 2.37056, 6.53438 ], [ 2.37147, 6.53366 ], [ 2.37056, 6.53276 ], [ 2.37084, 6.53194 ], [ 2.37147, 6.53176 ], [ 2.37102, 6.53104 ], [ 2.37011, 6.53131 ], [ 2.36948, 6.5323 ], [ 2.36785, 6.53194 ], [ 2.36767, 6.53049 ], [ 2.36812, 6.53013 ], [ 2.36785, 6.5295 ], [ 2.36858, 6.5295 ], [ 2.36839, 6.5304 ], [ 2.36912, 6.53085 ], [ 2.3693, 6.5314 ], [ 2.36957, 6.53086 ], [ 2.37038, 6.53095 ], [ 2.37038, 6.5304 ], [ 2.36939, 6.52977 ], [ 2.36948, 6.52877 ], [ 2.36903, 6.52868 ], [ 2.36885, 6.52769 ], [ 2.3674, 6.52751 ], [ 2.36849, 6.52633 ], [ 2.3684, 6.52534 ], [ 2.36777, 6.52533 ], [ 2.36759, 6.52461 ], [ 2.36822, 6.52434 ], [ 2.36813, 6.5238 ], [ 2.36922, 6.52362 ], [ 2.36904, 6.5228 ], [ 2.36967, 6.52226 ], [ 2.37039, 6.52226 ], [ 2.37103, 6.52091 ], [ 2.36977, 6.51882 ], [ 2.36868, 6.51864 ], [ 2.36823, 6.5181 ], [ 2.3685, 6.51783 ], [ 2.36751, 6.51737 ], [ 2.36778, 6.51692 ], [ 2.36669, 6.51647 ], [ 2.36751, 6.51602 ], [ 2.36724, 6.51547 ], [ 2.36742, 6.51475 ], [ 2.36688, 6.51448 ], [ 2.36642, 6.51484 ], [ 2.36606, 6.51439 ], [ 2.36552, 6.51493 ], [ 2.36534, 6.51448 ], [ 2.36688, 6.5124 ], [ 2.36733, 6.51231 ], [ 2.36787, 6.51285 ], [ 2.36914, 6.51032 ], [ 2.36824, 6.50778 ], [ 2.36906, 6.50543 ], [ 2.36825, 6.50471 ], [ 2.3687, 6.50435 ], [ 2.37042, 6.50435 ], [ 2.37051, 6.50399 ], [ 2.36969, 6.50353 ], [ 2.36951, 6.50263 ], [ 2.36879, 6.50218 ], [ 2.36934, 6.50091 ], [ 2.36852, 6.50082 ], [ 2.36807, 6.5 ], [ 2.36888, 6.50037 ], [ 2.36907, 6.49937 ], [ 2.36798, 6.4991 ], [ 2.36753, 6.5 ], [ 2.36726, 6.49964 ], [ 2.36744, 6.49837 ], [ 2.36807, 6.49828 ], [ 2.3678, 6.49729 ], [ 2.36807, 6.4972 ], [ 2.36844, 6.49792 ], [ 2.36898, 6.49774 ], [ 2.36816, 6.49702 ], [ 2.36844, 6.49666 ], [ 2.36817, 6.49593 ], [ 2.36672, 6.49602 ], [ 2.366, 6.49521 ], [ 2.36518, 6.4953 ], [ 2.36518, 6.49575 ], [ 2.36482, 6.49584 ], [ 2.36401, 6.49529 ], [ 2.36491, 6.49403 ], [ 2.36518, 6.49493 ], [ 2.36627, 6.49493 ], [ 2.36618, 6.4934 ], [ 2.3651, 6.49258 ], [ 2.36564, 6.49159 ], [ 2.3651, 6.49159 ], [ 2.3641, 6.48987 ], [ 2.36365, 6.48977 ], [ 2.36456, 6.48887 ], [ 2.36384, 6.4876 ], [ 2.36438, 6.48742 ], [ 2.36456, 6.48833 ], [ 2.36492, 6.48824 ], [ 2.36483, 6.48598 ], [ 2.36411, 6.48579 ], [ 2.36411, 6.48525 ], [ 2.36456, 6.48516 ], [ 2.36438, 6.48489 ], [ 2.36393, 6.48516 ], [ 2.36321, 6.48471 ], [ 2.36384, 6.48426 ], [ 2.36375, 6.48254 ], [ 2.36312, 6.4819 ], [ 2.3633, 6.481 ], [ 2.36185, 6.48054 ], [ 2.36213, 6.48009 ], [ 2.36122, 6.47846 ], [ 2.36122, 6.47774 ], [ 2.36177, 6.47774 ], [ 2.36213, 6.4772 ], [ 2.36195, 6.47684 ], [ 2.36141, 6.47693 ], [ 2.36186, 6.47638 ], [ 2.36132, 6.47548 ], [ 2.3615, 6.47494 ], [ 2.36105, 6.47493 ], [ 2.36087, 6.47575 ], [ 2.36032, 6.47557 ], [ 2.36041, 6.47466 ], [ 2.36105, 6.47457 ], [ 2.36132, 6.47412 ], [ 2.36114, 6.47213 ], [ 2.36169, 6.46996 ], [ 2.36133, 6.46833 ], [ 2.36051, 6.46797 ], [ 2.3606, 6.46761 ], [ 2.36124, 6.4677 ], [ 2.3607, 6.46607 ], [ 2.36133, 6.46553 ], [ 2.36133, 6.4648 ], [ 2.36088, 6.46462 ], [ 2.36115, 6.46417 ], [ 2.3607, 6.4639 ], [ 2.36061, 6.46218 ], [ 2.36125, 6.45992 ], [ 2.36233, 6.45992 ], [ 2.36152, 6.461 ], [ 2.36287, 6.4601 ], [ 2.3626, 6.45901 ], [ 2.36161, 6.45883 ], [ 2.36188, 6.45838 ], [ 2.36161, 6.45539 ], [ 2.36053, 6.45485 ], [ 2.36062, 6.4544 ], [ 2.36116, 6.45422 ], [ 2.36161, 6.45503 ], [ 2.36198, 6.45503 ], [ 2.36162, 6.4525 ], [ 2.36108, 6.45196 ], [ 2.36108, 6.45114 ], [ 2.36035, 6.45105 ], [ 2.36063, 6.44996 ], [ 2.36008, 6.44888 ], [ 2.36018, 6.44815 ], [ 2.36099, 6.44788 ], [ 2.36117, 6.44725 ], [ 2.3609, 6.4468 ], [ 2.35982, 6.44671 ], [ 2.35964, 6.44634 ], [ 2.35837, 6.44707 ], [ 2.35629, 6.44571 ], [ 2.35539, 6.44408 ], [ 2.35548, 6.44344 ], [ 2.35485, 6.44299 ], [ 2.35449, 6.44172 ], [ 2.35394, 6.44118 ], [ 2.35431, 6.44028 ], [ 2.35322, 6.43991 ], [ 2.35322, 6.43955 ], [ 2.35422, 6.43883 ], [ 2.35422, 6.43801 ], [ 2.35458, 6.43811 ], [ 2.35476, 6.43765 ], [ 2.3544, 6.43747 ], [ 2.35413, 6.43792 ], [ 2.3525, 6.43765 ], [ 2.35341, 6.4362 ], [ 2.3544, 6.4363 ], [ 2.35431, 6.43575 ], [ 2.35296, 6.43539 ], [ 2.3526, 6.43457 ], [ 2.35314, 6.43349 ], [ 2.35404, 6.43331 ], [ 2.35432, 6.43277 ], [ 2.35368, 6.43249 ], [ 2.35341, 6.43304 ], [ 2.35287, 6.43304 ], [ 2.35233, 6.4324 ], [ 2.35224, 6.4315 ], [ 2.35142, 6.4315 ], [ 2.35206, 6.4305 ], [ 2.35125, 6.42923 ], [ 2.35197, 6.4286 ], [ 2.35161, 6.42833 ], [ 2.35143, 6.42643 ], [ 2.35044, 6.42625 ], [ 2.35107, 6.42471 ], [ 2.34917, 6.4248 ], [ 2.34791, 6.42371 ], [ 2.34854, 6.42217 ], [ 2.34818, 6.42136 ], [ 2.34854, 6.42046 ], [ 2.34773, 6.41964 ], [ 2.348, 6.41837 ], [ 2.34737, 6.4181 ], [ 2.34729, 6.41457 ], [ 2.34683, 6.41412 ], [ 2.3472, 6.41295 ], [ 2.34693, 6.41285 ], [ 2.34702, 6.41222 ], [ 2.34638, 6.41222 ], [ 2.34675, 6.41123 ], [ 2.34612, 6.4105 ], [ 2.34657, 6.41014 ], [ 2.34648, 6.40924 ], [ 2.34775, 6.40779 ], [ 2.34738, 6.40761 ], [ 2.34693, 6.40815 ], [ 2.34639, 6.40806 ], [ 2.34621, 6.40869 ], [ 2.34585, 6.40806 ], [ 2.3453, 6.40824 ], [ 2.34585, 6.40733 ], [ 2.34503, 6.40724 ], [ 2.34503, 6.40688 ], [ 2.34612, 6.40625 ], [ 2.34549, 6.40607 ], [ 2.34485, 6.40661 ], [ 2.34504, 6.40552 ], [ 2.34449, 6.40498 ], [ 2.34459, 6.40353 ], [ 2.34413, 6.40317 ], [ 2.34359, 6.40353 ], [ 2.34296, 6.40335 ], [ 2.34305, 6.4029 ], [ 2.34377, 6.40308 ], [ 2.34414, 6.40263 ], [ 2.34341, 6.4019 ], [ 2.34233, 6.40217 ], [ 2.34169, 6.4019 ], [ 2.3417, 6.40063 ], [ 2.3426, 6.40018 ], [ 2.34215, 6.39937 ], [ 2.34215, 6.3981 ], [ 2.3417, 6.39892 ], [ 2.34052, 6.39973 ], [ 2.3388, 6.39973 ], [ 2.33826, 6.39891 ], [ 2.33772, 6.39918 ], [ 2.33709, 6.39891 ], [ 2.33654, 6.39999 ], [ 2.33419, 6.3999 ], [ 2.33383, 6.39954 ], [ 2.33247, 6.39972 ], [ 2.33157, 6.39917 ], [ 2.33021, 6.39899 ], [ 2.33012, 6.40008 ], [ 2.32985, 6.40017 ], [ 2.32958, 6.39908 ], [ 2.32551, 6.39853 ], [ 2.32325, 6.39916 ], [ 2.32244, 6.39898 ], [ 2.31837, 6.39979 ], [ 2.31484, 6.3996 ], [ 2.3142, 6.40078 ], [ 2.31429, 6.40205 ], [ 2.31312, 6.40042 ], [ 2.31185, 6.40023 ], [ 2.31104, 6.4005 ], [ 2.3104, 6.4015 ], [ 2.31032, 6.40086 ], [ 2.30914, 6.40068 ], [ 2.30833, 6.39996 ], [ 2.30733, 6.40032 ], [ 2.30742, 6.40095 ], [ 2.30634, 6.4005 ], [ 2.30579, 6.40095 ], [ 2.30389, 6.40131 ], [ 2.3019, 6.40122 ], [ 2.30082, 6.40212 ], [ 2.29955, 6.40203 ], [ 2.29892, 6.40266 ], [ 2.29774, 6.40257 ], [ 2.29693, 6.40202 ], [ 2.29666, 6.40175 ], [ 2.29675, 6.40085 ], [ 2.2963, 6.40121 ], [ 2.29503, 6.40102 ], [ 2.29413, 6.40129 ], [ 2.29331, 6.40093 ], [ 2.29259, 6.4012 ], [ 2.29151, 6.40012 ], [ 2.29096, 6.4002 ], [ 2.29051, 6.39948 ], [ 2.28997, 6.39948 ], [ 2.28898, 6.39875 ], [ 2.28861, 6.39884 ], [ 2.28825, 6.39984 ], [ 2.28771, 6.3993 ], [ 2.2868, 6.39957 ], [ 2.28626, 6.39884 ], [ 2.285, 6.39929 ], [ 2.28346, 6.39902 ], [ 2.28292, 6.39947 ], [ 2.28228, 6.39929 ], [ 2.28219, 6.39965 ], [ 2.28346, 6.40056 ], [ 2.28355, 6.40101 ], [ 2.28201, 6.4001 ], [ 2.28174, 6.40037 ], [ 2.28192, 6.40083 ], [ 2.28056, 6.40155 ], [ 2.28056, 6.402 ], [ 2.28128, 6.40227 ], [ 2.28056, 6.40345 ], [ 2.28128, 6.40345 ], [ 2.28227, 6.40535 ], [ 2.283, 6.40499 ], [ 2.28372, 6.40517 ], [ 2.28236, 6.40616 ], [ 2.28282, 6.40653 ], [ 2.28381, 6.40644 ], [ 2.28363, 6.40807 ], [ 2.28426, 6.4087 ], [ 2.28525, 6.40888 ], [ 2.28561, 6.41015 ], [ 2.28616, 6.41024 ], [ 2.28615, 6.41124 ], [ 2.28688, 6.41133 ], [ 2.28688, 6.41178 ], [ 2.28769, 6.41187 ], [ 2.28697, 6.41232 ], [ 2.2867, 6.41205 ], [ 2.2867, 6.4125 ], [ 2.28742, 6.41268 ], [ 2.28733, 6.41341 ], [ 2.28778, 6.41422 ], [ 2.28877, 6.41441 ], [ 2.2885, 6.41495 ], [ 2.2894, 6.41549 ], [ 2.28958, 6.41631 ], [ 2.29004, 6.41667 ], [ 2.28949, 6.41721 ], [ 2.28985, 6.41821 ], [ 2.29121, 6.41875 ], [ 2.29112, 6.41947 ], [ 2.28994, 6.4202 ], [ 2.29039, 6.4211 ], [ 2.29003, 6.42155 ], [ 2.29048, 6.42255 ], [ 2.29039, 6.42364 ], [ 2.29075, 6.42427 ], [ 2.29129, 6.42427 ], [ 2.29156, 6.42499 ], [ 2.29219, 6.425 ], [ 2.29192, 6.42626 ], [ 2.29246, 6.42671 ], [ 2.29319, 6.42653 ], [ 2.29345, 6.42943 ], [ 2.29382, 6.43015 ], [ 2.29418, 6.43043 ], [ 2.29454, 6.43006 ], [ 2.29481, 6.43088 ], [ 2.29608, 6.43124 ], [ 2.29607, 6.43197 ], [ 2.29499, 6.43251 ], [ 2.29571, 6.43287 ], [ 2.29553, 6.43359 ], [ 2.29589, 6.43405 ], [ 2.29689, 6.43405 ], [ 2.29815, 6.43305 ], [ 2.29879, 6.43206 ], [ 2.29942, 6.43206 ], [ 2.29725, 6.43459 ], [ 2.29788, 6.43523 ], [ 2.2977, 6.4355 ], [ 2.29725, 6.43513 ], [ 2.29724, 6.43559 ], [ 2.29779, 6.43595 ], [ 2.29869, 6.43767 ], [ 2.29968, 6.43749 ], [ 2.29996, 6.43704 ], [ 2.30041, 6.43749 ], [ 2.30032, 6.43812 ], [ 2.29959, 6.43812 ], [ 2.29977, 6.43948 ], [ 2.30077, 6.44021 ], [ 2.3014, 6.44183 ], [ 2.30194, 6.44211 ], [ 2.30194, 6.44328 ], [ 2.30248, 6.44428 ], [ 2.30302, 6.44446 ], [ 2.3032, 6.44518 ], [ 2.30383, 6.44537 ], [ 2.30338, 6.446 ], [ 2.30383, 6.446 ], [ 2.30428, 6.44654 ], [ 2.30483, 6.44799 ], [ 2.30528, 6.44808 ], [ 2.30654, 6.447 ], [ 2.30754, 6.44727 ], [ 2.30645, 6.44863 ], [ 2.30519, 6.44853 ], [ 2.30482, 6.44944 ], [ 2.30573, 6.45034 ], [ 2.30572, 6.45134 ], [ 2.30708, 6.45279 ], [ 2.30663, 6.45351 ], [ 2.30726, 6.45424 ], [ 2.30816, 6.45406 ], [ 2.30789, 6.45514 ], [ 2.3087, 6.45496 ], [ 2.30879, 6.4556 ], [ 2.30807, 6.45569 ], [ 2.30843, 6.4565 ], [ 2.30988, 6.45478 ], [ 2.31033, 6.45506 ], [ 2.30997, 6.45632 ], [ 2.31033, 6.45732 ], [ 2.30952, 6.45686 ], [ 2.3078, 6.45686 ], [ 2.30816, 6.45704 ], [ 2.30825, 6.45903 ], [ 2.30861, 6.45976 ], [ 2.30933, 6.46012 ], [ 2.30879, 6.46075 ], [ 2.30969, 6.4613 ], [ 2.30969, 6.46157 ], [ 2.30933, 6.46139 ], [ 2.30897, 6.46193 ], [ 2.30779, 6.46238 ], [ 2.30779, 6.46274 ], [ 2.30924, 6.4622 ], [ 2.30978, 6.46311 ], [ 2.31032, 6.46293 ], [ 2.31077, 6.46401 ], [ 2.31041, 6.46455 ], [ 2.31159, 6.4651 ], [ 2.31104, 6.46546 ], [ 2.31086, 6.46609 ], [ 2.31158, 6.46682 ], [ 2.31204, 6.46673 ], [ 2.31176, 6.46745 ], [ 2.31122, 6.46727 ], [ 2.31113, 6.46781 ], [ 2.31249, 6.46772 ], [ 2.31167, 6.46818 ], [ 2.31185, 6.46854 ], [ 2.31131, 6.46926 ], [ 2.31194, 6.4698 ], [ 2.31167, 6.47062 ], [ 2.31266, 6.47397 ], [ 2.31329, 6.47469 ], [ 2.31374, 6.47469 ], [ 2.31374, 6.47406 ], [ 2.31429, 6.4737 ], [ 2.31402, 6.47297 ], [ 2.31429, 6.47297 ], [ 2.31483, 6.47361 ], [ 2.3142, 6.47424 ], [ 2.31438, 6.4746 ], [ 2.3151, 6.47451 ], [ 2.31501, 6.47397 ], [ 2.31546, 6.47361 ], [ 2.31682, 6.47379 ], [ 2.31727, 6.47443 ], [ 2.31727, 6.47488 ], [ 2.317, 6.47488 ], [ 2.31673, 6.47415 ], [ 2.31591, 6.47415 ], [ 2.31555, 6.47506 ], [ 2.31573, 6.47578 ], [ 2.31537, 6.47605 ], [ 2.31501, 6.47596 ], [ 2.31519, 6.47524 ], [ 2.31465, 6.47542 ], [ 2.31501, 6.47659 ], [ 2.31473, 6.47768 ], [ 2.31437, 6.47714 ], [ 2.31365, 6.47704 ], [ 2.31365, 6.47569 ], [ 2.3132, 6.47587 ], [ 2.3132, 6.47541 ], [ 2.31229, 6.47541 ], [ 2.31229, 6.47587 ], [ 2.31284, 6.47605 ], [ 2.31311, 6.47668 ], [ 2.31293, 6.47759 ], [ 2.31329, 6.47786 ], [ 2.31338, 6.47885 ], [ 2.31464, 6.47867 ], [ 2.31464, 6.47904 ], [ 2.31347, 6.47958 ], [ 2.31337, 6.48021 ], [ 2.31265, 6.48084 ], [ 2.31265, 6.48148 ], [ 2.3122, 6.48175 ], [ 2.31265, 6.48229 ], [ 2.31247, 6.48265 ], [ 2.3131, 6.48292 ], [ 2.31255, 6.48374 ], [ 2.31319, 6.48374 ], [ 2.31274, 6.48392 ], [ 2.31255, 6.48537 ], [ 2.31373, 6.48519 ], [ 2.31382, 6.48555 ], [ 2.31436, 6.48546 ], [ 2.31409, 6.48501 ], [ 2.31436, 6.48446 ], [ 2.31373, 6.48428 ], [ 2.31382, 6.48374 ], [ 2.31491, 6.48437 ], [ 2.31499, 6.48537 ], [ 2.31436, 6.48573 ], [ 2.31436, 6.48609 ], [ 2.31517, 6.486 ], [ 2.31554, 6.48474 ], [ 2.31608, 6.48483 ], [ 2.31608, 6.48555 ], [ 2.31554, 6.48591 ], [ 2.31563, 6.48709 ], [ 2.31508, 6.48682 ], [ 2.31508, 6.48754 ], [ 2.31472, 6.48754 ], [ 2.31553, 6.4879 ], [ 2.31544, 6.48835 ], [ 2.31472, 6.48853 ], [ 2.31436, 6.48772 ], [ 2.31391, 6.48763 ], [ 2.31363, 6.48826 ], [ 2.31318, 6.48835 ], [ 2.31309, 6.48944 ], [ 2.312, 6.48916 ], [ 2.31236, 6.49061 ], [ 2.31191, 6.4917 ], [ 2.31236, 6.4926 ], [ 2.3129, 6.49297 ], [ 2.31399, 6.49261 ], [ 2.3148, 6.4936 ], [ 2.31471, 6.49387 ], [ 2.31381, 6.49378 ], [ 2.31299, 6.49487 ], [ 2.31344, 6.49577 ], [ 2.31353, 6.49722 ], [ 2.31263, 6.49803 ], [ 2.3129, 6.49857 ], [ 2.31244, 6.49894 ], [ 2.31235, 6.49993 ], [ 2.31262, 6.50002 ], [ 2.31299, 6.49939 ], [ 2.31362, 6.49984 ], [ 2.31389, 6.49858 ], [ 2.3157, 6.49749 ], [ 2.31579, 6.49785 ], [ 2.31525, 6.49813 ], [ 2.31606, 6.49876 ], [ 2.31606, 6.49975 ], [ 2.3166, 6.49985 ], [ 2.31661, 6.49831 ], [ 2.31715, 6.49804 ], [ 2.31742, 6.49903 ], [ 2.3186, 6.49849 ], [ 2.31896, 6.49931 ], [ 2.32031, 6.50039 ], [ 2.31868, 6.5003 ], [ 2.31923, 6.50094 ], [ 2.31904, 6.50193 ], [ 2.31814, 6.50247 ], [ 2.31805, 6.50383 ], [ 2.31696, 6.50383 ], [ 2.31732, 6.50437 ], [ 2.31678, 6.50455 ], [ 2.31687, 6.505 ], [ 2.31786, 6.50519 ], [ 2.3175, 6.50582 ], [ 2.3166, 6.50518 ], [ 2.3166, 6.50464 ], [ 2.31605, 6.50419 ], [ 2.31597, 6.50355 ], [ 2.31642, 6.50356 ], [ 2.31651, 6.50319 ], [ 2.31588, 6.50301 ], [ 2.31551, 6.50247 ], [ 2.31515, 6.50256 ], [ 2.31506, 6.50428 ], [ 2.31605, 6.50455 ], [ 2.31533, 6.50491 ], [ 2.31488, 6.50591 ], [ 2.31397, 6.50663 ], [ 2.3146, 6.50726 ], [ 2.31415, 6.50744 ], [ 2.31424, 6.50844 ], [ 2.31361, 6.50826 ], [ 2.31379, 6.50916 ], [ 2.31297, 6.50889 ], [ 2.31288, 6.50934 ], [ 2.31351, 6.51016 ], [ 2.3146, 6.50817 ], [ 2.31515, 6.50799 ], [ 2.31496, 6.5097 ], [ 2.31541, 6.5098 ], [ 2.31541, 6.51016 ], [ 2.31505, 6.51043 ], [ 2.31496, 6.51124 ], [ 2.31532, 6.51179 ], [ 2.3146, 6.51151 ], [ 2.31423, 6.51287 ], [ 2.31477, 6.51423 ], [ 2.3155, 6.51396 ], [ 2.31496, 6.5136 ], [ 2.31496, 6.51296 ], [ 2.31595, 6.51269 ], [ 2.31613, 6.51423 ], [ 2.31704, 6.51486 ], [ 2.31794, 6.51478 ], [ 2.31767, 6.51414 ], [ 2.31731, 6.51423 ], [ 2.31758, 6.51351 ], [ 2.31866, 6.51387 ], [ 2.31948, 6.51342 ], [ 2.31975, 6.5136 ], [ 2.3193, 6.51414 ], [ 2.32038, 6.51405 ], [ 2.32011, 6.51451 ], [ 2.32056, 6.51505 ], [ 2.32093, 6.51469 ], [ 2.3212, 6.51487 ], [ 2.32101, 6.51559 ], [ 2.32029, 6.51532 ], [ 2.32029, 6.51577 ], [ 2.31975, 6.51613 ], [ 2.31984, 6.51731 ], [ 2.31893, 6.5174 ], [ 2.31893, 6.51631 ], [ 2.31848, 6.51631 ], [ 2.31821, 6.51695 ], [ 2.31712, 6.51622 ], [ 2.31694, 6.51676 ], [ 2.31748, 6.51731 ], [ 2.31721, 6.51803 ], [ 2.31685, 6.51821 ], [ 2.3164, 6.51776 ], [ 2.31586, 6.51785 ], [ 2.31577, 6.5174 ], [ 2.3164, 6.51676 ], [ 2.3154, 6.51685 ], [ 2.31559, 6.51622 ], [ 2.31613, 6.51604 ], [ 2.31559, 6.51568 ], [ 2.31486, 6.51667 ], [ 2.31495, 6.51721 ], [ 2.31531, 6.51712 ], [ 2.3154, 6.51812 ], [ 2.31477, 6.5183 ], [ 2.31459, 6.51776 ], [ 2.31414, 6.51812 ], [ 2.31459, 6.51884 ], [ 2.31522, 6.51848 ], [ 2.31468, 6.51948 ], [ 2.31576, 6.5202 ], [ 2.31594, 6.51993 ], [ 2.3154, 6.5192 ], [ 2.31603, 6.51884 ], [ 2.31612, 6.51948 ], [ 2.31649, 6.51957 ], [ 2.31676, 6.51875 ], [ 2.31712, 6.51866 ], [ 2.31676, 6.5202 ], [ 2.3173, 6.52029 ], [ 2.31721, 6.51966 ], [ 2.31757, 6.51957 ], [ 2.3182, 6.52011 ], [ 2.3182, 6.52057 ], [ 2.31857, 6.52048 ], [ 2.31866, 6.51957 ], [ 2.31956, 6.51912 ], [ 2.32029, 6.5193 ], [ 2.32056, 6.5184 ], [ 2.32146, 6.51948 ], [ 2.32228, 6.51912 ], [ 2.32237, 6.52012 ], [ 2.32164, 6.52057 ], [ 2.32236, 6.52057 ], [ 2.32218, 6.52129 ], [ 2.32254, 6.52166 ], [ 2.322, 6.52175 ], [ 2.32236, 6.52238 ], [ 2.32146, 6.52229 ], [ 2.32182, 6.52365 ], [ 2.32091, 6.52383 ], [ 2.32046, 6.52346 ], [ 2.32055, 6.52283 ], [ 2.32128, 6.52238 ], [ 2.3211, 6.52193 ], [ 2.32164, 6.52157 ], [ 2.32155, 6.5212 ], [ 2.32064, 6.52156 ], [ 2.32083, 6.52021 ], [ 2.31911, 6.52066 ], [ 2.31992, 6.52156 ], [ 2.31965, 6.52247 ], [ 2.31874, 6.52301 ], [ 2.31901, 6.52337 ], [ 2.31965, 6.52301 ], [ 2.32028, 6.52337 ], [ 2.32037, 6.525 ], [ 2.31973, 6.52591 ], [ 2.32082, 6.52564 ], [ 2.32136, 6.52636 ], [ 2.32172, 6.52591 ], [ 2.32118, 6.52564 ], [ 2.32227, 6.52482 ], [ 2.3229, 6.52555 ], [ 2.32236, 6.52645 ], [ 2.32317, 6.52645 ], [ 2.3229, 6.52718 ], [ 2.32353, 6.52727 ], [ 2.32344, 6.5279 ], [ 2.32407, 6.52817 ], [ 2.32362, 6.52908 ], [ 2.32281, 6.5288 ], [ 2.32262, 6.52926 ], [ 2.32271, 6.52962 ], [ 2.32362, 6.52935 ], [ 2.32326, 6.5307 ], [ 2.32416, 6.53071 ], [ 2.32398, 6.52971 ], [ 2.32425, 6.52908 ], [ 2.32461, 6.52908 ], [ 2.32461, 6.52953 ], [ 2.32525, 6.52998 ], [ 2.32525, 6.53035 ], [ 2.32461, 6.53007 ], [ 2.32425, 6.53134 ], [ 2.32344, 6.53098 ], [ 2.32316, 6.53152 ], [ 2.3247, 6.5317 ], [ 2.32488, 6.53261 ], [ 2.32542, 6.53234 ], [ 2.32533, 6.53324 ], [ 2.32578, 6.53369 ], [ 2.32705, 6.5337 ], [ 2.32768, 6.53297 ], [ 2.32814, 6.53315 ], [ 2.32841, 6.5337 ], [ 2.32786, 6.5337 ], [ 2.32777, 6.53406 ], [ 2.32895, 6.53442 ], [ 2.32895, 6.53496 ], [ 2.32859, 6.53514 ], [ 2.32795, 6.53478 ], [ 2.32768, 6.53532 ], [ 2.32678, 6.53478 ], [ 2.32596, 6.53496 ], [ 2.32596, 6.53451 ], [ 2.32533, 6.5346 ], [ 2.32515, 6.53405 ], [ 2.32443, 6.53387 ], [ 2.32443, 6.5336 ], [ 2.32515, 6.5336 ], [ 2.32506, 6.53297 ], [ 2.32443, 6.5327 ], [ 2.32389, 6.53179 ], [ 2.32371, 6.53233 ], [ 2.3228, 6.53197 ], [ 2.32271, 6.53034 ], [ 2.32136, 6.53016 ], [ 2.32145, 6.52962 ], [ 2.32181, 6.52962 ], [ 2.32118, 6.52944 ], [ 2.32154, 6.52871 ], [ 2.32136, 6.52835 ], [ 2.32127, 6.52871 ], [ 2.32073, 6.52871 ], [ 2.32109, 6.52944 ], [ 2.32063, 6.52998 ], [ 2.32063, 6.53088 ], [ 2.32099, 6.53088 ], [ 2.3209, 6.53124 ], [ 2.32154, 6.53188 ], [ 2.32099, 6.53188 ], [ 2.3209, 6.5326 ], [ 2.32036, 6.53296 ], [ 2.31909, 6.53224 ], [ 2.319, 6.53378 ], [ 2.31936, 6.53423 ], [ 2.319, 6.53531 ], [ 2.318, 6.53504 ], [ 2.31828, 6.53414 ], [ 2.31728, 6.53423 ], [ 2.31746, 6.53477 ], [ 2.31655, 6.53567 ], [ 2.31682, 6.53676 ], [ 2.31655, 6.53721 ], [ 2.31719, 6.53757 ], [ 2.31664, 6.5382 ], [ 2.31628, 6.53829 ], [ 2.31583, 6.53775 ], [ 2.31601, 6.53721 ], [ 2.31556, 6.5373 ], [ 2.31574, 6.53793 ], [ 2.3151, 6.53757 ], [ 2.31501, 6.53793 ], [ 2.31438, 6.53802 ], [ 2.3133, 6.53648 ], [ 2.31339, 6.53775 ], [ 2.31429, 6.53829 ], [ 2.31393, 6.53902 ], [ 2.31456, 6.53947 ], [ 2.3142, 6.53983 ], [ 2.31456, 6.54037 ], [ 2.31402, 6.54055 ], [ 2.31356, 6.54001 ], [ 2.31329, 6.54091 ], [ 2.31374, 6.5411 ], [ 2.31374, 6.54146 ], [ 2.31248, 6.54064 ], [ 2.31166, 6.54173 ], [ 2.31293, 6.54146 ], [ 2.31311, 6.54218 ], [ 2.3142, 6.54137 ], [ 2.31483, 6.54137 ], [ 2.31582, 6.54065 ], [ 2.3151, 6.54028 ], [ 2.31583, 6.53965 ], [ 2.31556, 6.53911 ], [ 2.31619, 6.53929 ], [ 2.31646, 6.53866 ], [ 2.317, 6.53875 ], [ 2.31718, 6.53956 ], [ 2.31764, 6.53956 ], [ 2.31755, 6.53911 ], [ 2.31782, 6.53911 ], [ 2.31773, 6.53993 ], [ 2.31682, 6.54029 ], [ 2.31691, 6.54083 ], [ 2.31818, 6.5402 ], [ 2.31872, 6.54029 ], [ 2.31972, 6.53957 ], [ 2.32008, 6.53993 ], [ 2.3199, 6.54047 ], [ 2.32053, 6.54056 ], [ 2.3198, 6.54165 ], [ 2.3198, 6.54291 ], [ 2.32016, 6.54319 ], [ 2.31953, 6.54318 ], [ 2.31899, 6.54237 ], [ 2.31817, 6.54228 ], [ 2.31808, 6.54373 ], [ 2.31881, 6.54336 ], [ 2.31944, 6.54355 ], [ 2.31989, 6.54382 ], [ 2.31962, 6.54481 ], [ 2.32025, 6.54481 ], [ 2.32034, 6.54346 ], [ 2.32125, 6.54418 ], [ 2.32179, 6.54346 ], [ 2.3217, 6.5431 ], [ 2.32116, 6.5431 ], [ 2.32098, 6.54192 ], [ 2.32025, 6.54219 ], [ 2.3208, 6.54165 ], [ 2.32044, 6.54147 ], [ 2.32044, 6.54092 ], [ 2.32089, 6.54092 ], [ 2.32098, 6.54156 ], [ 2.32207, 6.5412 ], [ 2.32216, 6.54075 ], [ 2.32161, 6.54029 ], [ 2.32216, 6.54011 ], [ 2.32216, 6.53957 ], [ 2.32252, 6.53948 ], [ 2.32333, 6.5402 ], [ 2.32351, 6.54111 ], [ 2.32451, 6.54129 ], [ 2.32487, 6.54183 ], [ 2.32405, 6.54256 ], [ 2.32477, 6.54464 ], [ 2.32306, 6.54491 ], [ 2.32333, 6.54627 ], [ 2.32387, 6.54554 ], [ 2.3245, 6.54572 ], [ 2.32604, 6.54536 ], [ 2.32676, 6.54582 ], [ 2.32767, 6.54546 ], [ 2.32776, 6.54681 ], [ 2.32694, 6.54699 ], [ 2.32622, 6.54672 ], [ 2.32586, 6.54699 ], [ 2.32522, 6.54654 ], [ 2.32477, 6.5469 ], [ 2.32351, 6.54663 ], [ 2.32332, 6.54789 ], [ 2.32549, 6.54726 ], [ 2.3273, 6.54745 ], [ 2.32794, 6.54808 ], [ 2.32812, 6.54754 ], [ 2.32902, 6.54763 ], [ 2.32948, 6.547 ], [ 2.32975, 6.54727 ], [ 2.32938, 6.54872 ], [ 2.32884, 6.54899 ], [ 2.32875, 6.55034 ], [ 2.32793, 6.5517 ], [ 2.32594, 6.55197 ], [ 2.32531, 6.55242 ], [ 2.32549, 6.55278 ], [ 2.32512, 6.55351 ], [ 2.32549, 6.55396 ], [ 2.32503, 6.55513 ], [ 2.32548, 6.55532 ], [ 2.32485, 6.55676 ], [ 2.32449, 6.55685 ], [ 2.32422, 6.55559 ], [ 2.32386, 6.55549 ], [ 2.32367, 6.55595 ], [ 2.32304, 6.55567 ], [ 2.32331, 6.55712 ], [ 2.32403, 6.55721 ], [ 2.32376, 6.55812 ], [ 2.32449, 6.55785 ], [ 2.32521, 6.55866 ], [ 2.32512, 6.55921 ], [ 2.32394, 6.55947 ], [ 2.32421, 6.55966 ], [ 2.32394, 6.56056 ], [ 2.3243, 6.56092 ], [ 2.32484, 6.56074 ], [ 2.32502, 6.56138 ], [ 2.32611, 6.56138 ], [ 2.32647, 6.56093 ], [ 2.32738, 6.56138 ], [ 2.32855, 6.56138 ], [ 2.32828, 6.56192 ], [ 2.32783, 6.56156 ], [ 2.32756, 6.56174 ], [ 2.32828, 6.56229 ], [ 2.32801, 6.56292 ], [ 2.32855, 6.56301 ], [ 2.32828, 6.56382 ], [ 2.32864, 6.56428 ], [ 2.32819, 6.56446 ], [ 2.32819, 6.56482 ], [ 2.32782, 6.56437 ], [ 2.32647, 6.56454 ], [ 2.32737, 6.56391 ], [ 2.3271, 6.56364 ], [ 2.32638, 6.56391 ], [ 2.32565, 6.56328 ], [ 2.32547, 6.56373 ], [ 2.32592, 6.56418 ], [ 2.32638, 6.56409 ], [ 2.32583, 6.56472 ], [ 2.32484, 6.56454 ], [ 2.32511, 6.56382 ], [ 2.32475, 6.56355 ], [ 2.32457, 6.56427 ], [ 2.32393, 6.56472 ], [ 2.32321, 6.56454 ], [ 2.32294, 6.56508 ], [ 2.32339, 6.56545 ], [ 2.32312, 6.56635 ], [ 2.32348, 6.56626 ], [ 2.3242, 6.56463 ], [ 2.32438, 6.56554 ], [ 2.3252, 6.56545 ], [ 2.32538, 6.56581 ], [ 2.32592, 6.56518 ], [ 2.32791, 6.56509 ], [ 2.32782, 6.56681 ], [ 2.32628, 6.56753 ], [ 2.32737, 6.56853 ], [ 2.32628, 6.56898 ], [ 2.32547, 6.56807 ], [ 2.32583, 6.56717 ], [ 2.32529, 6.56717 ], [ 2.32483, 6.56753 ], [ 2.32474, 6.56843 ], [ 2.32375, 6.56852 ], [ 2.32302, 6.56933 ], [ 2.32275, 6.56906 ], [ 2.32239, 6.56924 ], [ 2.32284, 6.56997 ], [ 2.32347, 6.56934 ], [ 2.32547, 6.56916 ], [ 2.32628, 6.56952 ], [ 2.32637, 6.5707 ], [ 2.32682, 6.57124 ], [ 2.32736, 6.57124 ], [ 2.32763, 6.57196 ], [ 2.32691, 6.5726 ], [ 2.32691, 6.5716 ], [ 2.32664, 6.5716 ], [ 2.32609, 6.57278 ], [ 2.32528, 6.57296 ], [ 2.32654, 6.57404 ], [ 2.32709, 6.57522 ], [ 2.32627, 6.57585 ], [ 2.32573, 6.57576 ], [ 2.32564, 6.5754 ], [ 2.32491, 6.57576 ], [ 2.32555, 6.57459 ], [ 2.32446, 6.57476 ], [ 2.32446, 6.57431 ], [ 2.32492, 6.57386 ], [ 2.32555, 6.57404 ], [ 2.32555, 6.57359 ], [ 2.32455, 6.57359 ], [ 2.32338, 6.5744 ], [ 2.32157, 6.5744 ], [ 2.32238, 6.57359 ], [ 2.32256, 6.57395 ], [ 2.32329, 6.5735 ], [ 2.32374, 6.57368 ], [ 2.32347, 6.57295 ], [ 2.32302, 6.57332 ], [ 2.32247, 6.57313 ], [ 2.32266, 6.57259 ], [ 2.32338, 6.57286 ], [ 2.32338, 6.57214 ], [ 2.32438, 6.57205 ], [ 2.32447, 6.57178 ], [ 2.32447, 6.57214 ], [ 2.3241, 6.57268 ], [ 2.32465, 6.57287 ], [ 2.32456, 6.57214 ], [ 2.32492, 6.57187 ], [ 2.32492, 6.57142 ], [ 2.32438, 6.5716 ], [ 2.32338, 6.57114 ], [ 2.32347, 6.57187 ], [ 2.32302, 6.57205 ], [ 2.3223, 6.57105 ], [ 2.3223, 6.57051 ], [ 2.32175, 6.57051 ], [ 2.32139, 6.57105 ], [ 2.3213, 6.5706 ], [ 2.32212, 6.56924 ], [ 2.32112, 6.57033 ], [ 2.32076, 6.57042 ], [ 2.32076, 6.57015 ], [ 2.32176, 6.5687 ], [ 2.32103, 6.56888 ], [ 2.32058, 6.56951 ], [ 2.32049, 6.57087 ], [ 2.31976, 6.57096 ], [ 2.31922, 6.57204 ], [ 2.31723, 6.57349 ], [ 2.31695, 6.57403 ], [ 2.31641, 6.57403 ], [ 2.31524, 6.57294 ], [ 2.3146, 6.57321 ], [ 2.31451, 6.57222 ], [ 2.31424, 6.57222 ], [ 2.31415, 6.57321 ], [ 2.31325, 6.57394 ], [ 2.31207, 6.57276 ], [ 2.31262, 6.57213 ], [ 2.31189, 6.57176 ], [ 2.31117, 6.57258 ], [ 2.31189, 6.57285 ], [ 2.31189, 6.57402 ], [ 2.31117, 6.57411 ], [ 2.31107, 6.57457 ], [ 2.31162, 6.57511 ], [ 2.31261, 6.57475 ], [ 2.31234, 6.57565 ], [ 2.31342, 6.57574 ], [ 2.3127, 6.57728 ], [ 2.31333, 6.57701 ], [ 2.3136, 6.57728 ], [ 2.31342, 6.57783 ], [ 2.31469, 6.57873 ], [ 2.3146, 6.57909 ], [ 2.31414, 6.57909 ], [ 2.31414, 6.57955 ], [ 2.31514, 6.58036 ], [ 2.3145, 6.58063 ], [ 2.31495, 6.58154 ], [ 2.31432, 6.58208 ], [ 2.31414, 6.5828 ], [ 2.31477, 6.5828 ], [ 2.3155, 6.58172 ], [ 2.3155, 6.58217 ], [ 2.31613, 6.58217 ], [ 2.31613, 6.58299 ], [ 2.31649, 6.58308 ], [ 2.31595, 6.58353 ], [ 2.31622, 6.58434 ], [ 2.31603, 6.58534 ], [ 2.31567, 6.58525 ], [ 2.3154, 6.58434 ], [ 2.31459, 6.58416 ], [ 2.31368, 6.58452 ], [ 2.31413, 6.58552 ], [ 2.31486, 6.58606 ], [ 2.31486, 6.58669 ], [ 2.3144, 6.58705 ], [ 2.31359, 6.58705 ], [ 2.31323, 6.58669 ], [ 2.31305, 6.58751 ], [ 2.3144, 6.58724 ], [ 2.31431, 6.58805 ], [ 2.31467, 6.58814 ], [ 2.3154, 6.58769 ], [ 2.31477, 6.58742 ], [ 2.31531, 6.58688 ], [ 2.31549, 6.58778 ], [ 2.31612, 6.58814 ], [ 2.31594, 6.5885 ], [ 2.31522, 6.58832 ], [ 2.31594, 6.58977 ], [ 2.31585, 6.58896 ], [ 2.31657, 6.58896 ], [ 2.31703, 6.58851 ], [ 2.31694, 6.58814 ], [ 2.31603, 6.58805 ], [ 2.31594, 6.58742 ], [ 2.31703, 6.58715 ], [ 2.31757, 6.58751 ], [ 2.31703, 6.58679 ], [ 2.31757, 6.58688 ], [ 2.31784, 6.58625 ], [ 2.31703, 6.58633 ], [ 2.31721, 6.58579 ], [ 2.31821, 6.58534 ], [ 2.31839, 6.58625 ], [ 2.31911, 6.58679 ], [ 2.31938, 6.58679 ], [ 2.31947, 6.58607 ], [ 2.31992, 6.58598 ], [ 2.3202, 6.58616 ], [ 2.32019, 6.58724 ], [ 2.31956, 6.58733 ], [ 2.31956, 6.5876 ], [ 2.3201, 6.5877 ], [ 2.3201, 6.58824 ], [ 2.3192, 6.5886 ], [ 2.32001, 6.58887 ], [ 2.32001, 6.59005 ], [ 2.32119, 6.58905 ], [ 2.32245, 6.58933 ], [ 2.32218, 6.58978 ], [ 2.32164, 6.5896 ], [ 2.32046, 6.59023 ], [ 2.32118, 6.59095 ], [ 2.32245, 6.59114 ], [ 2.32227, 6.59177 ], [ 2.32136, 6.59123 ], [ 2.32055, 6.59231 ], [ 2.32109, 6.59276 ], [ 2.32154, 6.59222 ], [ 2.32209, 6.59313 ], [ 2.32272, 6.59304 ], [ 2.32299, 6.59204 ], [ 2.32326, 6.59204 ], [ 2.32326, 6.59249 ], [ 2.32399, 6.59241 ], [ 2.32426, 6.59358 ], [ 2.32534, 6.59367 ], [ 2.32543, 6.59503 ], [ 2.32597, 6.59503 ], [ 2.32579, 6.59449 ], [ 2.32679, 6.59449 ], [ 2.3267, 6.59503 ], [ 2.32724, 6.5954 ], [ 2.32697, 6.59576 ], [ 2.32642, 6.59567 ], [ 2.32688, 6.59657 ], [ 2.32597, 6.5972 ], [ 2.32642, 6.59784 ], [ 2.32624, 6.59847 ], [ 2.32543, 6.59793 ], [ 2.32452, 6.5982 ], [ 2.32452, 6.59847 ], [ 2.32561, 6.59874 ], [ 2.32506, 6.59937 ], [ 2.32569, 6.60028 ], [ 2.32515, 6.60037 ], [ 2.32506, 6.59973 ], [ 2.3228, 6.59937 ], [ 2.3228, 6.59865 ], [ 2.32362, 6.5991 ], [ 2.32425, 6.59801 ], [ 2.32362, 6.59819 ], [ 2.32307, 6.59783 ], [ 2.32289, 6.59847 ], [ 2.32226, 6.59837 ], [ 2.32163, 6.59919 ], [ 2.32172, 6.59955 ], [ 2.32226, 6.59928 ], [ 2.32253, 6.59982 ], [ 2.32289, 6.59982 ], [ 2.32244, 6.60027 ], [ 2.32262, 6.60064 ], [ 2.32416, 6.60046 ], [ 2.32443, 6.60181 ], [ 2.32533, 6.60145 ], [ 2.32533, 6.60218 ], [ 2.3256, 6.60227 ], [ 2.32578, 6.60182 ], [ 2.32642, 6.60173 ], [ 2.32623, 6.60227 ], [ 2.32651, 6.60263 ], [ 2.32551, 6.60335 ], [ 2.32551, 6.60471 ], [ 2.32506, 6.60462 ], [ 2.32451, 6.60362 ], [ 2.32506, 6.60281 ], [ 2.32415, 6.60272 ], [ 2.32415, 6.60227 ], [ 2.32316, 6.601 ], [ 2.32271, 6.60136 ], [ 2.32343, 6.60181 ], [ 2.32334, 6.60208 ], [ 2.32234, 6.60245 ], [ 2.32216, 6.60199 ], [ 2.32189, 6.60199 ], [ 2.32225, 6.60245 ], [ 2.32207, 6.60281 ], [ 2.32072, 6.60244 ], [ 2.32072, 6.60172 ], [ 2.32153, 6.60208 ], [ 2.32135, 6.60118 ], [ 2.32008, 6.60118 ], [ 2.31963, 6.60181 ], [ 2.31927, 6.60172 ], [ 2.31963, 6.60371 ], [ 2.31918, 6.60353 ], [ 2.31899, 6.60407 ], [ 2.31954, 6.60452 ], [ 2.31972, 6.60389 ], [ 2.32044, 6.60398 ], [ 2.32017, 6.60606 ], [ 2.32098, 6.60588 ], [ 2.32125, 6.60615 ], [ 2.32144, 6.60579 ], [ 2.32198, 6.60588 ], [ 2.32243, 6.60552 ], [ 2.32207, 6.60444 ], [ 2.32252, 6.6038 ], [ 2.32252, 6.60299 ], [ 2.32307, 6.60254 ], [ 2.32343, 6.60326 ], [ 2.32261, 6.60344 ], [ 2.32307, 6.60407 ], [ 2.32279, 6.60489 ], [ 2.32415, 6.60625 ], [ 2.32351, 6.60679 ], [ 2.32424, 6.60679 ], [ 2.32424, 6.60706 ], [ 2.3236, 6.60724 ], [ 2.32315, 6.60688 ], [ 2.32315, 6.60751 ], [ 2.32225, 6.6076 ], [ 2.32225, 6.60787 ], [ 2.32342, 6.60797 ], [ 2.32387, 6.60869 ], [ 2.32288, 6.60878 ], [ 2.32333, 6.61032 ], [ 2.32242, 6.60986 ], [ 2.32251, 6.61059 ], [ 2.32224, 6.61068 ], [ 2.32161, 6.61032 ], [ 2.32179, 6.60977 ], [ 2.32161, 6.6095 ], [ 2.32052, 6.6104 ], [ 2.32061, 6.61068 ], [ 2.32161, 6.61041 ], [ 2.3226, 6.61149 ], [ 2.32269, 6.6124 ], [ 2.32188, 6.61258 ], [ 2.32224, 6.61294 ], [ 2.32215, 6.61402 ], [ 2.32269, 6.61394 ], [ 2.32251, 6.6152 ], [ 2.32224, 6.6152 ], [ 2.32233, 6.61629 ], [ 2.32115, 6.6161 ], [ 2.32133, 6.61511 ], [ 2.32106, 6.61475 ], [ 2.32188, 6.61466 ], [ 2.32206, 6.61421 ], [ 2.32106, 6.6133 ], [ 2.32106, 6.61221 ], [ 2.32043, 6.61221 ], [ 2.3198, 6.61149 ], [ 2.31908, 6.61149 ], [ 2.31889, 6.61094 ], [ 2.31853, 6.61103 ], [ 2.31862, 6.61185 ], [ 2.31817, 6.6114 ], [ 2.3179, 6.61167 ], [ 2.31862, 6.6123 ], [ 2.31835, 6.61321 ], [ 2.31925, 6.61312 ], [ 2.31952, 6.61366 ], [ 2.31916, 6.61402 ], [ 2.31826, 6.61366 ], [ 2.31808, 6.61411 ], [ 2.31762, 6.61402 ], [ 2.31762, 6.61438 ], [ 2.3188, 6.61411 ], [ 2.3188, 6.61529 ], [ 2.31961, 6.61755 ], [ 2.32015, 6.61728 ], [ 2.31925, 6.61592 ], [ 2.31943, 6.61502 ], [ 2.31979, 6.61484 ], [ 2.32025, 6.61556 ], [ 2.3197, 6.61583 ], [ 2.3197, 6.61628 ], [ 2.32061, 6.6161 ], [ 2.32052, 6.61701 ], [ 2.32133, 6.61683 ], [ 2.32151, 6.61773 ], [ 2.32241, 6.61773 ], [ 2.32233, 6.61638 ], [ 2.32269, 6.61647 ], [ 2.32296, 6.61828 ], [ 2.32368, 6.61801 ], [ 2.32404, 6.61828 ], [ 2.32259, 6.61954 ], [ 2.32313, 6.62054 ], [ 2.32359, 6.61964 ], [ 2.3244, 6.61991 ], [ 2.32368, 6.62045 ], [ 2.32386, 6.62108 ], [ 2.3225, 6.62108 ], [ 2.32178, 6.62009 ], [ 2.32187, 6.61972 ], [ 2.32259, 6.61945 ], [ 2.32214, 6.61846 ], [ 2.32151, 6.61882 ], [ 2.32133, 6.61828 ], [ 2.32078, 6.61837 ], [ 2.32006, 6.61791 ], [ 2.32033, 6.61945 ], [ 2.32097, 6.61855 ], [ 2.32078, 6.61918 ], [ 2.32133, 6.61945 ], [ 2.32133, 6.61981 ], [ 2.32069, 6.62017 ], [ 2.32006, 6.61954 ], [ 2.31997, 6.62017 ], [ 2.31915, 6.62008 ], [ 2.31915, 6.62072 ], [ 2.31942, 6.6209 ], [ 2.31952, 6.62044 ], [ 2.32051, 6.62072 ], [ 2.32051, 6.62135 ], [ 2.32132, 6.62126 ], [ 2.32178, 6.6218 ], [ 2.3215, 6.62217 ], [ 2.32168, 6.62289 ], [ 2.32078, 6.62343 ], [ 2.32023, 6.62443 ], [ 2.32096, 6.62434 ], [ 2.32078, 6.62379 ], [ 2.32204, 6.62416 ], [ 2.32259, 6.62398 ], [ 2.32259, 6.62334 ], [ 2.32177, 6.62298 ], [ 2.32177, 6.62271 ], [ 2.32205, 6.6228 ], [ 2.32241, 6.6219 ], [ 2.32313, 6.62144 ], [ 2.32349, 6.6219 ], [ 2.32358, 6.62307 ], [ 2.32295, 6.62298 ], [ 2.32313, 6.62344 ], [ 2.32277, 6.62416 ], [ 2.32304, 6.62425 ], [ 2.32322, 6.62362 ], [ 2.32385, 6.62335 ], [ 2.32376, 6.6228 ], [ 2.32467, 6.62298 ], [ 2.32467, 6.62335 ], [ 2.32422, 6.62353 ], [ 2.3244, 6.62425 ], [ 2.32385, 6.62443 ], [ 2.32367, 6.62515 ], [ 2.32476, 6.62597 ], [ 2.3244, 6.62461 ], [ 2.32503, 6.62425 ], [ 2.32503, 6.62353 ], [ 2.32594, 6.62308 ], [ 2.32602, 6.62443 ], [ 2.32521, 6.62434 ], [ 2.32539, 6.62516 ], [ 2.32602, 6.62507 ], [ 2.32657, 6.62434 ], [ 2.32702, 6.62453 ], [ 2.32666, 6.62534 ], [ 2.3262, 6.62552 ], [ 2.32638, 6.62588 ], [ 2.32693, 6.62588 ], [ 2.32693, 6.62624 ], [ 2.32647, 6.62643 ], [ 2.32729, 6.62679 ] ], [ [ 2.32467, 6.62127 ], [ 2.32449, 6.62009 ], [ 2.32494, 6.62054 ], [ 2.32612, 6.62073 ], [ 2.32557, 6.6219 ], [ 2.32467, 6.62127 ] ], [ [ 2.32723, 6.60146 ], [ 2.32687, 6.6001 ], [ 2.3275, 6.59983 ], [ 2.3276, 6.59938 ], [ 2.32805, 6.59938 ], [ 2.32796, 6.59883 ], [ 2.32705, 6.59956 ], [ 2.32615, 6.59874 ], [ 2.3266, 6.59856 ], [ 2.32696, 6.59883 ], [ 2.32678, 6.59802 ], [ 2.32751, 6.59766 ], [ 2.32742, 6.59666 ], [ 2.32697, 6.59657 ], [ 2.32697, 6.59621 ], [ 2.3276, 6.59585 ], [ 2.32841, 6.59784 ], [ 2.32805, 6.59829 ], [ 2.32823, 6.59902 ], [ 2.32904, 6.60001 ], [ 2.32769, 6.59992 ], [ 2.32778, 6.60028 ], [ 2.32868, 6.60055 ], [ 2.32723, 6.60146 ] ], [ [ 2.32742, 6.59377 ], [ 2.32688, 6.59304 ], [ 2.32724, 6.59241 ], [ 2.3267, 6.59196 ], [ 2.32733, 6.59196 ], [ 2.32724, 6.59169 ], [ 2.32887, 6.59286 ], [ 2.32833, 6.59413 ], [ 2.32742, 6.59377 ] ], [ [ 2.32634, 6.59078 ], [ 2.32679, 6.59024 ], [ 2.32725, 6.59051 ], [ 2.32797, 6.59033 ], [ 2.32779, 6.59006 ], [ 2.32851, 6.58915 ], [ 2.32888, 6.58916 ], [ 2.32878, 6.58997 ], [ 2.32951, 6.58997 ], [ 2.32951, 6.59042 ], [ 2.32887, 6.59024 ], [ 2.32842, 6.59114 ], [ 2.32779, 6.59078 ], [ 2.32634, 6.59078 ] ], [ [ 2.32725, 6.58671 ], [ 2.32671, 6.58517 ], [ 2.32753, 6.58472 ], [ 2.32789, 6.58508 ], [ 2.3277, 6.58563 ], [ 2.32725, 6.58572 ], [ 2.32761, 6.58653 ], [ 2.32825, 6.58671 ], [ 2.32789, 6.58599 ], [ 2.32834, 6.58545 ], [ 2.32852, 6.58608 ], [ 2.32906, 6.58599 ], [ 2.32915, 6.58662 ], [ 2.32788, 6.58716 ], [ 2.32725, 6.58671 ] ], [ [ 2.31857, 6.58534 ], [ 2.31775, 6.58489 ], [ 2.31721, 6.58507 ], [ 2.31658, 6.58407 ], [ 2.31658, 6.58362 ], [ 2.31712, 6.58344 ], [ 2.31658, 6.58281 ], [ 2.31685, 6.58235 ], [ 2.31667, 6.581 ], [ 2.31731, 6.58055 ], [ 2.31649, 6.57982 ], [ 2.31613, 6.57982 ], [ 2.31631, 6.58027 ], [ 2.31595, 6.58045 ], [ 2.3155, 6.57955 ], [ 2.31631, 6.57901 ], [ 2.31604, 6.57837 ], [ 2.31686, 6.57774 ], [ 2.31614, 6.57738 ], [ 2.31704, 6.5772 ], [ 2.31695, 6.57647 ], [ 2.3165, 6.57674 ], [ 2.31641, 6.5762 ], [ 2.31731, 6.57611 ], [ 2.31713, 6.57575 ], [ 2.3175, 6.57512 ], [ 2.31723, 6.57448 ], [ 2.3175, 6.57439 ], [ 2.31777, 6.57503 ], [ 2.3184, 6.57485 ], [ 2.3184, 6.57295 ], [ 2.31877, 6.57304 ], [ 2.31867, 6.57376 ], [ 2.3194, 6.57431 ], [ 2.31967, 6.57358 ], [ 2.31922, 6.57313 ], [ 2.31967, 6.57204 ], [ 2.32049, 6.57195 ], [ 2.32085, 6.5715 ], [ 2.32139, 6.57232 ], [ 2.32103, 6.57232 ], [ 2.32103, 6.57295 ], [ 2.32012, 6.5734 ], [ 2.31958, 6.57521 ], [ 2.32003, 6.57557 ], [ 2.31994, 6.57621 ], [ 2.3212, 6.5763 ], [ 2.32057, 6.57702 ], [ 2.32129, 6.57729 ], [ 2.3203, 6.57747 ], [ 2.32075, 6.57793 ], [ 2.32057, 6.57829 ], [ 2.32003, 6.57747 ], [ 2.31939, 6.57729 ], [ 2.31966, 6.57765 ], [ 2.31948, 6.5782 ], [ 2.32057, 6.57892 ], [ 2.32048, 6.57928 ], [ 2.31993, 6.57955 ], [ 2.31966, 6.57883 ], [ 2.31831, 6.57747 ], [ 2.31749, 6.57792 ], [ 2.31812, 6.57847 ], [ 2.31885, 6.57838 ], [ 2.3193, 6.57892 ], [ 2.3193, 6.57973 ], [ 2.31867, 6.57982 ], [ 2.31875, 6.58109 ], [ 2.3183, 6.58236 ], [ 2.31902, 6.58245 ], [ 2.31939, 6.58163 ], [ 2.31993, 6.58245 ], [ 2.32038, 6.58209 ], [ 2.32111, 6.58236 ], [ 2.32074, 6.58154 ], [ 2.32147, 6.58164 ], [ 2.32165, 6.58272 ], [ 2.3221, 6.58318 ], [ 2.32147, 6.58308 ], [ 2.32047, 6.58372 ], [ 2.32101, 6.5839 ], [ 2.32119, 6.58354 ], [ 2.32201, 6.58345 ], [ 2.32255, 6.58363 ], [ 2.32255, 6.58399 ], [ 2.32155, 6.58426 ], [ 2.32183, 6.58453 ], [ 2.32164, 6.58498 ], [ 2.32119, 6.58471 ], [ 2.32056, 6.58489 ], [ 2.32029, 6.58453 ], [ 2.31902, 6.58498 ], [ 2.31884, 6.58579 ], [ 2.31848, 6.5857 ], [ 2.31857, 6.58534 ] ], [ [ 2.32246, 6.58309 ], [ 2.32255, 6.58218 ], [ 2.32192, 6.58046 ], [ 2.32138, 6.58046 ], [ 2.32129, 6.58118 ], [ 2.32065, 6.58091 ], [ 2.32065, 6.58127 ], [ 2.31975, 6.58127 ], [ 2.31921, 6.58091 ], [ 2.31957, 6.58037 ], [ 2.31912, 6.57991 ], [ 2.32011, 6.57992 ], [ 2.32084, 6.57946 ], [ 2.32147, 6.58001 ], [ 2.32111, 6.57965 ], [ 2.32147, 6.57947 ], [ 2.32192, 6.58001 ], [ 2.32237, 6.58001 ], [ 2.32246, 6.581 ], [ 2.32301, 6.58182 ], [ 2.32309, 6.58372 ], [ 2.32246, 6.58309 ] ], [ [ 2.3268, 6.58273 ], [ 2.32617, 6.58119 ], [ 2.32644, 6.58083 ], [ 2.32663, 6.58128 ], [ 2.32717, 6.58101 ], [ 2.32753, 6.58173 ], [ 2.32816, 6.58192 ], [ 2.32798, 6.58246 ], [ 2.32726, 6.58273 ], [ 2.3268, 6.58273 ] ], [ [ 2.34001, 6.58211 ], [ 2.33947, 6.58048 ], [ 2.33974, 6.5803 ], [ 2.33956, 6.57976 ], [ 2.3402, 6.57931 ], [ 2.34056, 6.58202 ], [ 2.34001, 6.58211 ] ], [ [ 2.36046, 6.57979 ], [ 2.36001, 6.57906 ], [ 2.35992, 6.5797 ], [ 2.35938, 6.58015 ], [ 2.35847, 6.58024 ], [ 2.35838, 6.57942 ], [ 2.35802, 6.57942 ], [ 2.35748, 6.58024 ], [ 2.3573, 6.57978 ], [ 2.35802, 6.57879 ], [ 2.35766, 6.57779 ], [ 2.35802, 6.57761 ], [ 2.3582, 6.57834 ], [ 2.35874, 6.57825 ], [ 2.35847, 6.57879 ], [ 2.35901, 6.57924 ], [ 2.35947, 6.57924 ], [ 2.35911, 6.57879 ], [ 2.35947, 6.57798 ], [ 2.35911, 6.57725 ], [ 2.36001, 6.57771 ], [ 2.36001, 6.5787 ], [ 2.36037, 6.5787 ], [ 2.36028, 6.57816 ], [ 2.3611, 6.57789 ], [ 2.36182, 6.58015 ], [ 2.361, 6.58024 ], [ 2.36082, 6.57979 ], [ 2.36046, 6.57979 ] ], [ [ 2.35449, 6.57978 ], [ 2.35522, 6.5787 ], [ 2.35621, 6.57824 ], [ 2.35666, 6.57825 ], [ 2.35675, 6.57897 ], [ 2.35712, 6.57825 ], [ 2.35757, 6.57852 ], [ 2.35648, 6.57924 ], [ 2.35657, 6.58024 ], [ 2.35594, 6.5796 ], [ 2.35558, 6.58023 ], [ 2.35476, 6.58014 ], [ 2.35449, 6.57978 ] ], [ [ 2.32409, 6.5792 ], [ 2.32292, 6.57802 ], [ 2.32319, 6.57721 ], [ 2.32365, 6.57721 ], [ 2.32392, 6.57775 ], [ 2.32527, 6.57784 ], [ 2.32491, 6.57829 ], [ 2.32364, 6.57802 ], [ 2.3241, 6.57847 ], [ 2.32473, 6.57838 ], [ 2.32409, 6.5792 ] ], [ [ 2.32889, 6.57884 ], [ 2.32717, 6.57784 ], [ 2.32573, 6.57784 ], [ 2.32573, 6.57649 ], [ 2.32537, 6.57612 ], [ 2.32618, 6.57603 ], [ 2.3269, 6.57667 ], [ 2.32727, 6.57604 ], [ 2.32699, 6.57549 ], [ 2.32736, 6.57567 ], [ 2.32826, 6.57522 ], [ 2.32862, 6.57577 ], [ 2.32817, 6.57622 ], [ 2.32835, 6.5773 ], [ 2.32808, 6.57794 ], [ 2.32853, 6.57785 ], [ 2.3288, 6.57839 ], [ 2.32952, 6.5783 ], [ 2.32961, 6.57857 ], [ 2.32889, 6.57884 ] ], [ [ 2.34997, 6.57778 ], [ 2.34961, 6.57697 ], [ 2.35088, 6.57661 ], [ 2.35115, 6.57724 ], [ 2.35151, 6.57561 ], [ 2.35214, 6.57562 ], [ 2.35233, 6.57525 ], [ 2.35205, 6.57507 ], [ 2.35242, 6.5748 ], [ 2.3526, 6.57598 ], [ 2.35223, 6.57616 ], [ 2.35296, 6.57607 ], [ 2.35305, 6.57643 ], [ 2.35133, 6.57815 ], [ 2.34997, 6.57778 ] ], [ [ 2.3374, 6.57686 ], [ 2.33649, 6.57686 ], [ 2.3364, 6.57569 ], [ 2.33695, 6.57578 ], [ 2.33694, 6.57659 ], [ 2.33758, 6.57632 ], [ 2.33794, 6.57668 ], [ 2.33866, 6.57614 ], [ 2.3383, 6.57569 ], [ 2.33803, 6.57605 ], [ 2.33758, 6.57587 ], [ 2.33785, 6.57487 ], [ 2.33867, 6.57433 ], [ 2.33831, 6.57388 ], [ 2.33803, 6.57397 ], [ 2.33794, 6.57451 ], [ 2.3374, 6.57487 ], [ 2.3374, 6.57523 ], [ 2.33704, 6.57551 ], [ 2.33731, 6.57514 ], [ 2.33695, 6.57478 ], [ 2.33713, 6.57379 ], [ 2.33794, 6.5737 ], [ 2.33804, 6.57288 ], [ 2.33831, 6.57343 ], [ 2.33921, 6.5737 ], [ 2.33876, 6.57533 ], [ 2.33912, 6.57714 ], [ 2.33839, 6.57686 ], [ 2.33776, 6.57741 ], [ 2.3374, 6.57686 ] ], [ [ 2.35495, 6.57661 ], [ 2.35468, 6.57544 ], [ 2.35368, 6.57526 ], [ 2.3535, 6.5748 ], [ 2.35423, 6.57462 ], [ 2.35486, 6.5739 ], [ 2.35567, 6.57408 ], [ 2.35613, 6.57381 ], [ 2.35631, 6.57426 ], [ 2.35576, 6.57426 ], [ 2.35522, 6.5749 ], [ 2.35576, 6.57508 ], [ 2.35567, 6.57643 ], [ 2.35495, 6.57661 ] ], [ [ 2.33568, 6.57568 ], [ 2.33441, 6.57505 ], [ 2.33469, 6.5736 ], [ 2.33433, 6.57351 ], [ 2.33433, 6.57234 ], [ 2.33604, 6.57315 ], [ 2.33523, 6.57315 ], [ 2.3355, 6.5736 ], [ 2.33532, 6.57424 ], [ 2.33604, 6.5746 ], [ 2.33595, 6.57532 ], [ 2.33568, 6.57568 ] ], [ [ 2.33052, 6.57414 ], [ 2.33034, 6.5745 ], [ 2.32971, 6.57414 ], [ 2.33034, 6.57387 ], [ 2.32998, 6.57332 ], [ 2.33016, 6.5726 ], [ 2.32763, 6.57124 ], [ 2.32736, 6.57015 ], [ 2.328, 6.56997 ], [ 2.328, 6.56952 ], [ 2.3289, 6.56979 ], [ 2.32971, 6.57088 ], [ 2.3308, 6.5707 ], [ 2.33044, 6.57115 ], [ 2.33071, 6.57179 ], [ 2.33053, 6.57278 ], [ 2.33116, 6.57305 ], [ 2.33089, 6.57387 ], [ 2.33107, 6.57477 ], [ 2.33052, 6.57414 ] ], [ [ 2.33795, 6.57207 ], [ 2.3365, 6.57207 ], [ 2.33641, 6.57062 ], [ 2.33713, 6.57134 ], [ 2.33768, 6.57089 ], [ 2.33768, 6.57035 ], [ 2.33704, 6.57017 ], [ 2.33695, 6.56972 ], [ 2.33768, 6.56917 ], [ 2.33903, 6.56927 ], [ 2.33885, 6.57207 ], [ 2.33804, 6.57279 ], [ 2.33795, 6.57207 ] ], [ [ 2.34482, 6.57271 ], [ 2.34482, 6.57081 ], [ 2.34419, 6.57045 ], [ 2.34428, 6.57009 ], [ 2.3451, 6.57009 ], [ 2.34473, 6.57027 ], [ 2.34509, 6.57063 ], [ 2.34582, 6.57027 ], [ 2.346, 6.57127 ], [ 2.34482, 6.57271 ] ], [ [ 2.33976, 6.5708 ], [ 2.3394, 6.57026 ], [ 2.3394, 6.56863 ], [ 2.34003, 6.56827 ], [ 2.33931, 6.56809 ], [ 2.33895, 6.56728 ], [ 2.33732, 6.56727 ], [ 2.33587, 6.56836 ], [ 2.33533, 6.56827 ], [ 2.33533, 6.56754 ], [ 2.33433, 6.56736 ], [ 2.33461, 6.56664 ], [ 2.33388, 6.56654 ], [ 2.33397, 6.56618 ], [ 2.3347, 6.56591 ], [ 2.33424, 6.56573 ], [ 2.33443, 6.5651 ], [ 2.33542, 6.56492 ], [ 2.33542, 6.5641 ], [ 2.33461, 6.56365 ], [ 2.33361, 6.56428 ], [ 2.33407, 6.56256 ], [ 2.33316, 6.56193 ], [ 2.33317, 6.56139 ], [ 2.33389, 6.5613 ], [ 2.3338, 6.56075 ], [ 2.3347, 6.56076 ], [ 2.33452, 6.56139 ], [ 2.33488, 6.56157 ], [ 2.33479, 6.56229 ], [ 2.33524, 6.56338 ], [ 2.33561, 6.56329 ], [ 2.33561, 6.56239 ], [ 2.33642, 6.56175 ], [ 2.33615, 6.56121 ], [ 2.33579, 6.56184 ], [ 2.33561, 6.56067 ], [ 2.33488, 6.56085 ], [ 2.33507, 6.55985 ], [ 2.33434, 6.55895 ], [ 2.33453, 6.55795 ], [ 2.33507, 6.55831 ], [ 2.3348, 6.55886 ], [ 2.33543, 6.55922 ], [ 2.33579, 6.56021 ], [ 2.33669, 6.56049 ], [ 2.33687, 6.56103 ], [ 2.33778, 6.56067 ], [ 2.33778, 6.56139 ], [ 2.33733, 6.56148 ], [ 2.33697, 6.56112 ], [ 2.33669, 6.56221 ], [ 2.33624, 6.56257 ], [ 2.33732, 6.56275 ], [ 2.33669, 6.56365 ], [ 2.33624, 6.56374 ], [ 2.33651, 6.56429 ], [ 2.33633, 6.56501 ], [ 2.33669, 6.5651 ], [ 2.33669, 6.56573 ], [ 2.33723, 6.56646 ], [ 2.33804, 6.56691 ], [ 2.33949, 6.56673 ], [ 2.33976, 6.56601 ], [ 2.34012, 6.56592 ], [ 2.34021, 6.56664 ], [ 2.34157, 6.56665 ], [ 2.34148, 6.56701 ], [ 2.33949, 6.56719 ], [ 2.33985, 6.56782 ], [ 2.34085, 6.56773 ], [ 2.34039, 6.56845 ], [ 2.34084, 6.56945 ], [ 2.33967, 6.56909 ], [ 2.34048, 6.57044 ], [ 2.33958, 6.57126 ], [ 2.33976, 6.5708 ] ], [ [ 2.33089, 6.56925 ], [ 2.33135, 6.56889 ], [ 2.33098, 6.56835 ], [ 2.33171, 6.56817 ], [ 2.33243, 6.56835 ], [ 2.33288, 6.56908 ], [ 2.33279, 6.56944 ], [ 2.33162, 6.56962 ], [ 2.33134, 6.57007 ], [ 2.3308, 6.56998 ], [ 2.33089, 6.56925 ] ], [ [ 2.35975, 6.5692 ], [ 2.35966, 6.56875 ], [ 2.36011, 6.56812 ], [ 2.35975, 6.56721 ], [ 2.36021, 6.56694 ], [ 2.36066, 6.56721 ], [ 2.36039, 6.56866 ], [ 2.36075, 6.56947 ], [ 2.35975, 6.5692 ] ], [ [ 2.34256, 6.56837 ], [ 2.34193, 6.56827 ], [ 2.34238, 6.56764 ], [ 2.3422, 6.56692 ], [ 2.34284, 6.56674 ], [ 2.3432, 6.56855 ], [ 2.34265, 6.56927 ], [ 2.34184, 6.56945 ], [ 2.34175, 6.569 ], [ 2.34256, 6.56873 ], [ 2.34256, 6.56837 ] ], [ [ 2.32917, 6.56871 ], [ 2.32963, 6.5669 ], [ 2.32927, 6.56726 ], [ 2.32827, 6.56717 ], [ 2.32882, 6.5659 ], [ 2.32918, 6.56591 ], [ 2.32891, 6.56654 ], [ 2.32981, 6.56654 ], [ 2.33026, 6.56772 ], [ 2.32954, 6.5679 ], [ 2.32945, 6.5688 ], [ 2.32917, 6.56871 ] ], [ [ 2.35496, 6.56784 ], [ 2.35315, 6.56521 ], [ 2.35324, 6.56494 ], [ 2.35397, 6.56521 ], [ 2.35415, 6.56594 ], [ 2.35424, 6.56512 ], [ 2.35514, 6.56485 ], [ 2.35514, 6.5644 ], [ 2.35388, 6.56485 ], [ 2.35343, 6.56431 ], [ 2.35343, 6.56404 ], [ 2.35415, 6.56404 ], [ 2.35433, 6.56341 ], [ 2.35506, 6.56304 ], [ 2.35506, 6.56259 ], [ 2.35433, 6.5625 ], [ 2.35479, 6.56178 ], [ 2.3537, 6.56205 ], [ 2.35361, 6.56141 ], [ 2.35325, 6.56123 ], [ 2.35379, 6.56123 ], [ 2.35343, 6.56024 ], [ 2.35352, 6.55852 ], [ 2.35461, 6.5578 ], [ 2.35533, 6.5578 ], [ 2.35407, 6.55897 ], [ 2.3547, 6.55897 ], [ 2.35415, 6.55988 ], [ 2.35443, 6.56006 ], [ 2.35479, 6.5597 ], [ 2.35551, 6.56105 ], [ 2.35569, 6.56024 ], [ 2.35542, 6.55979 ], [ 2.35578, 6.55888 ], [ 2.35669, 6.55907 ], [ 2.35705, 6.55852 ], [ 2.3566, 6.55807 ], [ 2.35678, 6.55744 ], [ 2.35769, 6.55699 ], [ 2.3576, 6.55744 ], [ 2.35805, 6.55762 ], [ 2.35805, 6.55635 ], [ 2.35968, 6.55663 ], [ 2.35995, 6.55581 ], [ 2.3614, 6.55572 ], [ 2.36149, 6.55545 ], [ 2.36104, 6.55509 ], [ 2.3595, 6.55563 ], [ 2.35941, 6.55464 ], [ 2.35887, 6.55445 ], [ 2.35914, 6.55509 ], [ 2.35868, 6.55518 ], [ 2.35814, 6.55436 ], [ 2.3576, 6.55436 ], [ 2.35823, 6.55527 ], [ 2.3566, 6.55527 ], [ 2.35669, 6.5549 ], [ 2.35579, 6.55463 ], [ 2.35615, 6.55536 ], [ 2.35588, 6.55563 ], [ 2.35488, 6.55481 ], [ 2.35498, 6.55427 ], [ 2.35425, 6.55345 ], [ 2.35462, 6.55327 ], [ 2.35543, 6.55391 ], [ 2.35489, 6.55246 ], [ 2.35625, 6.55183 ], [ 2.35615, 6.55246 ], [ 2.35661, 6.55228 ], [ 2.35787, 6.55346 ], [ 2.35905, 6.55391 ], [ 2.3595, 6.55337 ], [ 2.35941, 6.55256 ], [ 2.35851, 6.55246 ], [ 2.3576, 6.55138 ], [ 2.35815, 6.54948 ], [ 2.35905, 6.54857 ], [ 2.36086, 6.5484 ], [ 2.36105, 6.54785 ], [ 2.36032, 6.54785 ], [ 2.3605, 6.5474 ], [ 2.36249, 6.54749 ], [ 2.36249, 6.54813 ], [ 2.36322, 6.54867 ], [ 2.36249, 6.55165 ], [ 2.36176, 6.55202 ], [ 2.36231, 6.55274 ], [ 2.36158, 6.55346 ], [ 2.36158, 6.55229 ], [ 2.36113, 6.55229 ], [ 2.36095, 6.55301 ], [ 2.36095, 6.55455 ], [ 2.36185, 6.55491 ], [ 2.36194, 6.55563 ], [ 2.36131, 6.55636 ], [ 2.36194, 6.55717 ], [ 2.36194, 6.55762 ], [ 2.36139, 6.55781 ], [ 2.36157, 6.55925 ], [ 2.36094, 6.55907 ], [ 2.36067, 6.55708 ], [ 2.36022, 6.55708 ], [ 2.36031, 6.55771 ], [ 2.35977, 6.55826 ], [ 2.35977, 6.55853 ], [ 2.36013, 6.55826 ], [ 2.36022, 6.55898 ], [ 2.36085, 6.55907 ], [ 2.36058, 6.55943 ], [ 2.35877, 6.55907 ], [ 2.35805, 6.55834 ], [ 2.35759, 6.55843 ], [ 2.35732, 6.55907 ], [ 2.35768, 6.56015 ], [ 2.35822, 6.56061 ], [ 2.35804, 6.56133 ], [ 2.35895, 6.56115 ], [ 2.35958, 6.56142 ], [ 2.35958, 6.56115 ], [ 2.3603, 6.56097 ], [ 2.35994, 6.56187 ], [ 2.36121, 6.5616 ], [ 2.36094, 6.56215 ], [ 2.36121, 6.56305 ], [ 2.36093, 6.56378 ], [ 2.36057, 6.56387 ], [ 2.36084, 6.5645 ], [ 2.35994, 6.56423 ], [ 2.36003, 6.56495 ], [ 2.35948, 6.56567 ], [ 2.35867, 6.56522 ], [ 2.3584, 6.56676 ], [ 2.35786, 6.5664 ], [ 2.35722, 6.56775 ], [ 2.35722, 6.5663 ], [ 2.35786, 6.5663 ], [ 2.35795, 6.56576 ], [ 2.35759, 6.56549 ], [ 2.35759, 6.56477 ], [ 2.35686, 6.56431 ], [ 2.35659, 6.56495 ], [ 2.35704, 6.5654 ], [ 2.35695, 6.56621 ], [ 2.35641, 6.56603 ], [ 2.35632, 6.56712 ], [ 2.35496, 6.56784 ] ], [ [ 2.33008, 6.56654 ], [ 2.33054, 6.56545 ], [ 2.33008, 6.56509 ], [ 2.33009, 6.56446 ], [ 2.33081, 6.56455 ], [ 2.3309, 6.56383 ], [ 2.32972, 6.56401 ], [ 2.32972, 6.56373 ], [ 2.33072, 6.56319 ], [ 2.33135, 6.56446 ], [ 2.33226, 6.5641 ], [ 2.33189, 6.56473 ], [ 2.33253, 6.56537 ], [ 2.33171, 6.56636 ], [ 2.33072, 6.56591 ], [ 2.33035, 6.56672 ], [ 2.33008, 6.56654 ] ], [ [ 2.33732, 6.56564 ], [ 2.33741, 6.56492 ], [ 2.33805, 6.5651 ], [ 2.33787, 6.56438 ], [ 2.33723, 6.5642 ], [ 2.33732, 6.56374 ], [ 2.33841, 6.56384 ], [ 2.33841, 6.56275 ], [ 2.33886, 6.56248 ], [ 2.33904, 6.56348 ], [ 2.3385, 6.56411 ], [ 2.33859, 6.56547 ], [ 2.33832, 6.56565 ], [ 2.33768, 6.56519 ], [ 2.33732, 6.56564 ] ], [ [ 2.32928, 6.56156 ], [ 2.32855, 6.56093 ], [ 2.32873, 6.56048 ], [ 2.32828, 6.55921 ], [ 2.32738, 6.5602 ], [ 2.32756, 6.56093 ], [ 2.3262, 6.56083 ], [ 2.32602, 6.56029 ], [ 2.32566, 6.56029 ], [ 2.32593, 6.55975 ], [ 2.32548, 6.55948 ], [ 2.32593, 6.55875 ], [ 2.32539, 6.55839 ], [ 2.32566, 6.55749 ], [ 2.3262, 6.55812 ], [ 2.32747, 6.55794 ], [ 2.32819, 6.55894 ], [ 2.32846, 6.55885 ], [ 2.32856, 6.55803 ], [ 2.32792, 6.55812 ], [ 2.32729, 6.55722 ], [ 2.32729, 6.55658 ], [ 2.32648, 6.55722 ], [ 2.32611, 6.55722 ], [ 2.3263, 6.55667 ], [ 2.32548, 6.55703 ], [ 2.32539, 6.55658 ], [ 2.32612, 6.55586 ], [ 2.3263, 6.55631 ], [ 2.32711, 6.55604 ], [ 2.32747, 6.55649 ], [ 2.32783, 6.5564 ], [ 2.32738, 6.55586 ], [ 2.32756, 6.55523 ], [ 2.32639, 6.55486 ], [ 2.32639, 6.55459 ], [ 2.32702, 6.55333 ], [ 2.32884, 6.55224 ], [ 2.3292, 6.55279 ], [ 2.32865, 6.55333 ], [ 2.32938, 6.55378 ], [ 2.32956, 6.55297 ], [ 2.33001, 6.55315 ], [ 2.33001, 6.55387 ], [ 2.33046, 6.55424 ], [ 2.33046, 6.55451 ], [ 2.32928, 6.55414 ], [ 2.32874, 6.55514 ], [ 2.32811, 6.55496 ], [ 2.32775, 6.55541 ], [ 2.32928, 6.55595 ], [ 2.32847, 6.55686 ], [ 2.3291, 6.55713 ], [ 2.32883, 6.55776 ], [ 2.33091, 6.5584 ], [ 2.33118, 6.55912 ], [ 2.33163, 6.5593 ], [ 2.33118, 6.56012 ], [ 2.33036, 6.55985 ], [ 2.33063, 6.56057 ], [ 2.33009, 6.56084 ], [ 2.32991, 6.55966 ], [ 2.33018, 6.5593 ], [ 2.32991, 6.55939 ], [ 2.32955, 6.55885 ], [ 2.32964, 6.56229 ], [ 2.32891, 6.56265 ], [ 2.32928, 6.56156 ] ], [ [ 2.34076, 6.56257 ], [ 2.33841, 6.56167 ], [ 2.33796, 6.55986 ], [ 2.33841, 6.55977 ], [ 2.33841, 6.5604 ], [ 2.33896, 6.56031 ], [ 2.33859, 6.56139 ], [ 2.33914, 6.56085 ], [ 2.33968, 6.56085 ], [ 2.34022, 6.56131 ], [ 2.34022, 6.56176 ], [ 2.34058, 6.56176 ], [ 2.34085, 6.56131 ], [ 2.33968, 6.56031 ], [ 2.34095, 6.56067 ], [ 2.34113, 6.56194 ], [ 2.34076, 6.56257 ] ], [ [ 2.34483, 6.56249 ], [ 2.34402, 6.56149 ], [ 2.34257, 6.56167 ], [ 2.34239, 6.56131 ], [ 2.34303, 6.56104 ], [ 2.3423, 6.56104 ], [ 2.34221, 6.56077 ], [ 2.34194, 6.56113 ], [ 2.3423, 6.5614 ], [ 2.34158, 6.5614 ], [ 2.34203, 6.55986 ], [ 2.34257, 6.56031 ], [ 2.34321, 6.56004 ], [ 2.34249, 6.55923 ], [ 2.34203, 6.55923 ], [ 2.34212, 6.5585 ], [ 2.34375, 6.56004 ], [ 2.34411, 6.55995 ], [ 2.34402, 6.55896 ], [ 2.3443, 6.55896 ], [ 2.34484, 6.55995 ], [ 2.34538, 6.56023 ], [ 2.34547, 6.56077 ], [ 2.3452, 6.56077 ], [ 2.3442, 6.56014 ], [ 2.34529, 6.56231 ], [ 2.34483, 6.56249 ] ], [ [ 2.34845, 6.56095 ], [ 2.3471, 6.56122 ], [ 2.34619, 6.56041 ], [ 2.34746, 6.56086 ], [ 2.34809, 6.55969 ], [ 2.34972, 6.5596 ], [ 2.3499, 6.55879 ], [ 2.34954, 6.55797 ], [ 2.35, 6.5577 ], [ 2.35009, 6.5568 ], [ 2.34927, 6.5567 ], [ 2.34964, 6.55643 ], [ 2.34946, 6.5558 ], [ 2.34982, 6.55571 ], [ 2.35063, 6.55761 ], [ 2.35081, 6.56023 ], [ 2.35017, 6.56023 ], [ 2.34963, 6.55969 ], [ 2.34981, 6.56041 ], [ 2.34882, 6.56141 ], [ 2.34845, 6.56095 ] ], [ [ 2.35967, 6.56106 ], [ 2.35877, 6.56033 ], [ 2.35949, 6.5597 ], [ 2.36049, 6.56025 ], [ 2.36094, 6.56025 ], [ 2.36121, 6.5597 ], [ 2.36166, 6.56034 ], [ 2.36139, 6.56097 ], [ 2.36049, 6.56079 ], [ 2.35985, 6.56006 ], [ 2.35958, 6.56015 ], [ 2.35967, 6.56106 ] ], [ [ 2.33833, 6.5566 ], [ 2.33724, 6.55633 ], [ 2.33742, 6.55578 ], [ 2.33697, 6.55551 ], [ 2.33815, 6.55425 ], [ 2.33833, 6.55515 ], [ 2.33878, 6.55551 ], [ 2.33815, 6.55597 ], [ 2.3386, 6.55633 ], [ 2.33869, 6.55705 ], [ 2.33833, 6.55723 ], [ 2.33833, 6.5566 ] ], [ [ 2.33164, 6.55496 ], [ 2.33073, 6.55532 ], [ 2.33046, 6.55469 ], [ 2.33073, 6.55433 ], [ 2.33146, 6.55451 ], [ 2.33218, 6.55415 ], [ 2.33245, 6.55297 ], [ 2.33327, 6.55315 ], [ 2.33336, 6.55279 ], [ 2.33281, 6.55261 ], [ 2.333, 6.5518 ], [ 2.33255, 6.55134 ], [ 2.33327, 6.55162 ], [ 2.33345, 6.55089 ], [ 2.33363, 6.55126 ], [ 2.33399, 6.55098 ], [ 2.33445, 6.55126 ], [ 2.3339, 6.55171 ], [ 2.3339, 6.55234 ], [ 2.33336, 6.55207 ], [ 2.33372, 6.55297 ], [ 2.33426, 6.55307 ], [ 2.33444, 6.55352 ], [ 2.33327, 6.5537 ], [ 2.33336, 6.55442 ], [ 2.33381, 6.55397 ], [ 2.33489, 6.55379 ], [ 2.33517, 6.55325 ], [ 2.33562, 6.55343 ], [ 2.33625, 6.55307 ], [ 2.33616, 6.55352 ], [ 2.33535, 6.55388 ], [ 2.33553, 6.55442 ], [ 2.33643, 6.55388 ], [ 2.33634, 6.55452 ], [ 2.33571, 6.5547 ], [ 2.33589, 6.55533 ], [ 2.33525, 6.55524 ], [ 2.33462, 6.5546 ], [ 2.33381, 6.55533 ], [ 2.33326, 6.55451 ], [ 2.33254, 6.55424 ], [ 2.33191, 6.55469 ], [ 2.33236, 6.55496 ], [ 2.33218, 6.55551 ], [ 2.33164, 6.55496 ] ], [ [ 2.33996, 6.55443 ], [ 2.33878, 6.55443 ], [ 2.3386, 6.55389 ], [ 2.34014, 6.55353 ], [ 2.34041, 6.5528 ], [ 2.34123, 6.55262 ], [ 2.34132, 6.55335 ], [ 2.34213, 6.55443 ], [ 2.34123, 6.55461 ], [ 2.34095, 6.55434 ], [ 2.34059, 6.55515 ], [ 2.33996, 6.55443 ] ], [ [ 2.3367, 6.55253 ], [ 2.33607, 6.55271 ], [ 2.33643, 6.55153 ], [ 2.33671, 6.55216 ], [ 2.33743, 6.55198 ], [ 2.33734, 6.55244 ], [ 2.33788, 6.55244 ], [ 2.33806, 6.55307 ], [ 2.33716, 6.55352 ], [ 2.3367, 6.55253 ] ], [ [ 2.3311, 6.55297 ], [ 2.33155, 6.5518 ], [ 2.3311, 6.55143 ], [ 2.32947, 6.55143 ], [ 2.32965, 6.55215 ], [ 2.32802, 6.55215 ], [ 2.32856, 6.55143 ], [ 2.32911, 6.55152 ], [ 2.32929, 6.5508 ], [ 2.32884, 6.55043 ], [ 2.32947, 6.55016 ], [ 2.32974, 6.5489 ], [ 2.3302, 6.54872 ], [ 2.3302, 6.5489 ], [ 2.33047, 6.54899 ], [ 2.32993, 6.54836 ], [ 2.3302, 6.54745 ], [ 2.33074, 6.54718 ], [ 2.33183, 6.54772 ], [ 2.33156, 6.54619 ], [ 2.33219, 6.54592 ], [ 2.33273, 6.54601 ], [ 2.33309, 6.54655 ], [ 2.33364, 6.54637 ], [ 2.33364, 6.54682 ], [ 2.334, 6.54691 ], [ 2.33418, 6.54655 ], [ 2.33373, 6.54528 ], [ 2.33409, 6.54501 ], [ 2.33536, 6.54511 ], [ 2.33536, 6.54583 ], [ 2.3359, 6.54628 ], [ 2.33581, 6.54692 ], [ 2.33626, 6.54728 ], [ 2.33581, 6.54755 ], [ 2.33481, 6.54619 ], [ 2.33445, 6.54628 ], [ 2.33445, 6.54673 ], [ 2.33499, 6.5471 ], [ 2.33508, 6.54764 ], [ 2.33454, 6.548 ], [ 2.33535, 6.54836 ], [ 2.33562, 6.54909 ], [ 2.33463, 6.54863 ], [ 2.33445, 6.54918 ], [ 2.33372, 6.5489 ], [ 2.333, 6.54935 ], [ 2.33336, 6.54999 ], [ 2.33318, 6.55044 ], [ 2.33209, 6.55107 ], [ 2.33182, 6.55107 ], [ 2.33182, 6.55035 ], [ 2.33047, 6.55044 ], [ 2.33037, 6.55098 ], [ 2.33083, 6.55107 ], [ 2.33137, 6.55053 ], [ 2.33173, 6.55143 ], [ 2.33227, 6.55143 ], [ 2.332, 6.55225 ], [ 2.33164, 6.55234 ], [ 2.33164, 6.55306 ], [ 2.3311, 6.55297 ] ], [ [ 2.34404, 6.54973 ], [ 2.3434, 6.54892 ], [ 2.34232, 6.54891 ], [ 2.34169, 6.54801 ], [ 2.3425, 6.54855 ], [ 2.34295, 6.54819 ], [ 2.34277, 6.54765 ], [ 2.34313, 6.54756 ], [ 2.3434, 6.54846 ], [ 2.34413, 6.54846 ], [ 2.34404, 6.54973 ] ], [ [ 2.36548, 6.5494 ], [ 2.36457, 6.5475 ], [ 2.36376, 6.54804 ], [ 2.36403, 6.54704 ], [ 2.36476, 6.54704 ], [ 2.36467, 6.54641 ], [ 2.36521, 6.54551 ], [ 2.36566, 6.54569 ], [ 2.36593, 6.54524 ], [ 2.3672, 6.54478 ], [ 2.3672, 6.54515 ], [ 2.36648, 6.54533 ], [ 2.36684, 6.54668 ], [ 2.36584, 6.54768 ], [ 2.36674, 6.54931 ], [ 2.36548, 6.5494 ] ], [ [ 2.33771, 6.54764 ], [ 2.3378, 6.5471 ], [ 2.33735, 6.54637 ], [ 2.33762, 6.54619 ], [ 2.33816, 6.54656 ], [ 2.33825, 6.54601 ], [ 2.33907, 6.54583 ], [ 2.33943, 6.54656 ], [ 2.33852, 6.54719 ], [ 2.33852, 6.54819 ], [ 2.33771, 6.54764 ] ], [ [ 2.33047, 6.54591 ], [ 2.32966, 6.54356 ], [ 2.32993, 6.54347 ], [ 2.33002, 6.5441 ], [ 2.33038, 6.5441 ], [ 2.33102, 6.54356 ], [ 2.33256, 6.54347 ], [ 2.33265, 6.54402 ], [ 2.33201, 6.54429 ], [ 2.33219, 6.54537 ], [ 2.33111, 6.54546 ], [ 2.33092, 6.54591 ], [ 2.33047, 6.54591 ] ], [ [ 2.33744, 6.54565 ], [ 2.33744, 6.5442 ], [ 2.33816, 6.54366 ], [ 2.33853, 6.5443 ], [ 2.33889, 6.54421 ], [ 2.3388, 6.54393 ], [ 2.3397, 6.54403 ], [ 2.33961, 6.54457 ], [ 2.3388, 6.54475 ], [ 2.33925, 6.5452 ], [ 2.34015, 6.54529 ], [ 2.3397, 6.54556 ], [ 2.3387, 6.54511 ], [ 2.33789, 6.54583 ], [ 2.33744, 6.54565 ] ], [ [ 2.334, 6.54438 ], [ 2.33256, 6.54284 ], [ 2.33355, 6.54203 ], [ 2.33436, 6.54375 ], [ 2.334, 6.54438 ] ], [ [ 2.32795, 6.54021 ], [ 2.32704, 6.54057 ], [ 2.32632, 6.53994 ], [ 2.32813, 6.5394 ], [ 2.32831, 6.53903 ], [ 2.32777, 6.53804 ], [ 2.32876, 6.53786 ], [ 2.3294, 6.53876 ], [ 2.32867, 6.53913 ], [ 2.32876, 6.5403 ], [ 2.32813, 6.54066 ], [ 2.32795, 6.54021 ] ], [ [ 2.33907, 6.54068 ], [ 2.33853, 6.53905 ], [ 2.33962, 6.53905 ], [ 2.33998, 6.5395 ], [ 2.33989, 6.5405 ], [ 2.33907, 6.54068 ] ], [ [ 2.33528, 6.53922 ], [ 2.33419, 6.53913 ], [ 2.33419, 6.5385 ], [ 2.33338, 6.53796 ], [ 2.33392, 6.53732 ], [ 2.33365, 6.53696 ], [ 2.3341, 6.53705 ], [ 2.33383, 6.53759 ], [ 2.33419, 6.53796 ], [ 2.33446, 6.53769 ], [ 2.33428, 6.53714 ], [ 2.33555, 6.53687 ], [ 2.33546, 6.53859 ], [ 2.33482, 6.53841 ], [ 2.33528, 6.53922 ] ], [ [ 2.32171, 6.53785 ], [ 2.32135, 6.53685 ], [ 2.32189, 6.53685 ], [ 2.32162, 6.53631 ], [ 2.32243, 6.53559 ], [ 2.3228, 6.53631 ], [ 2.32234, 6.5364 ], [ 2.3227, 6.53668 ], [ 2.32234, 6.53713 ], [ 2.32279, 6.53749 ], [ 2.32171, 6.53785 ] ], [ [ 2.35292, 6.53699 ], [ 2.35156, 6.53608 ], [ 2.35193, 6.53499 ], [ 2.35211, 6.53554 ], [ 2.35319, 6.53572 ], [ 2.35373, 6.53626 ], [ 2.35364, 6.53663 ], [ 2.35328, 6.53635 ], [ 2.35292, 6.53699 ] ], [ [ 2.33845, 6.53498 ], [ 2.33799, 6.53516 ], [ 2.33736, 6.53425 ], [ 2.33745, 6.53507 ], [ 2.337, 6.53525 ], [ 2.33673, 6.53434 ], [ 2.33736, 6.53416 ], [ 2.33736, 6.53362 ], [ 2.33818, 6.53362 ], [ 2.33809, 6.53443 ], [ 2.33881, 6.53407 ], [ 2.33962, 6.53489 ], [ 2.33935, 6.53543 ], [ 2.33845, 6.53498 ] ], [ [ 2.3199, 6.53477 ], [ 2.32054, 6.53342 ], [ 2.32162, 6.53378 ], [ 2.32153, 6.53441 ], [ 2.32072, 6.5345 ], [ 2.32072, 6.53513 ], [ 2.32026, 6.53522 ], [ 2.3199, 6.53477 ] ], [ [ 2.32986, 6.53298 ], [ 2.32922, 6.53307 ], [ 2.32949, 6.53252 ], [ 2.32877, 6.53279 ], [ 2.32877, 6.53216 ], [ 2.32787, 6.53225 ], [ 2.32723, 6.53189 ], [ 2.32751, 6.53116 ], [ 2.32814, 6.53116 ], [ 2.32895, 6.53216 ], [ 2.3294, 6.53198 ], [ 2.32977, 6.53225 ], [ 2.3304, 6.53171 ], [ 2.33004, 6.53289 ], [ 2.33058, 6.53298 ], [ 2.33058, 6.53388 ], [ 2.32995, 6.53388 ], [ 2.32986, 6.53298 ] ], [ [ 2.3332, 6.5328 ], [ 2.33257, 6.53307 ], [ 2.33212, 6.53289 ], [ 2.33284, 6.53198 ], [ 2.3323, 6.53153 ], [ 2.33203, 6.53063 ], [ 2.33284, 6.53099 ], [ 2.33339, 6.53018 ], [ 2.33384, 6.53018 ], [ 2.33348, 6.53063 ], [ 2.33375, 6.53162 ], [ 2.3342, 6.53135 ], [ 2.33429, 6.53045 ], [ 2.33556, 6.53072 ], [ 2.33529, 6.53135 ], [ 2.33438, 6.53126 ], [ 2.33447, 6.53262 ], [ 2.33384, 6.53298 ], [ 2.33375, 6.53343 ], [ 2.3332, 6.53334 ], [ 2.3332, 6.5328 ] ], [ [ 2.33646, 6.5319 ], [ 2.33691, 6.53145 ], [ 2.33637, 6.53154 ], [ 2.33583, 6.53072 ], [ 2.33646, 6.53054 ], [ 2.33674, 6.52837 ], [ 2.33619, 6.52837 ], [ 2.33547, 6.52909 ], [ 2.3352, 6.52864 ], [ 2.33429, 6.52864 ], [ 2.33448, 6.52719 ], [ 2.33493, 6.52647 ], [ 2.33647, 6.52701 ], [ 2.33755, 6.5281 ], [ 2.33882, 6.52783 ], [ 2.339, 6.52819 ], [ 2.33864, 6.52864 ], [ 2.33782, 6.52828 ], [ 2.33737, 6.52846 ], [ 2.33782, 6.52919 ], [ 2.33773, 6.52982 ], [ 2.33845, 6.53009 ], [ 2.33701, 6.53063 ], [ 2.33746, 6.531 ], [ 2.33728, 6.53163 ], [ 2.33764, 6.53208 ], [ 2.33682, 6.53226 ], [ 2.33646, 6.5319 ] ], [ [ 2.36161, 6.53094 ], [ 2.36089, 6.5313 ], [ 2.36071, 6.53066 ], [ 2.36225, 6.52895 ], [ 2.36297, 6.52958 ], [ 2.36396, 6.5294 ], [ 2.36297, 6.53003 ], [ 2.36324, 6.53067 ], [ 2.36224, 6.53012 ], [ 2.36188, 6.53085 ], [ 2.36269, 6.53103 ], [ 2.36242, 6.53157 ], [ 2.36161, 6.53148 ], [ 2.36161, 6.53094 ] ], [ [ 2.35799, 6.53012 ], [ 2.35709, 6.52813 ], [ 2.35709, 6.52776 ], [ 2.35772, 6.52749 ], [ 2.35718, 6.52668 ], [ 2.35782, 6.52686 ], [ 2.35899, 6.52614 ], [ 2.35899, 6.52713 ], [ 2.3599, 6.52759 ], [ 2.36035, 6.52876 ], [ 2.35853, 6.53048 ], [ 2.35799, 6.53012 ] ], [ [ 2.36632, 6.52904 ], [ 2.36532, 6.52868 ], [ 2.36559, 6.52832 ], [ 2.36541, 6.52777 ], [ 2.36758, 6.52832 ], [ 2.36731, 6.52895 ], [ 2.36632, 6.52904 ] ], [ [ 2.36098, 6.52831 ], [ 2.36089, 6.52695 ], [ 2.36161, 6.52732 ], [ 2.36207, 6.52677 ], [ 2.36297, 6.52705 ], [ 2.36225, 6.52831 ], [ 2.36198, 6.52804 ], [ 2.36098, 6.52831 ] ], [ [ 2.34072, 6.52747 ], [ 2.33963, 6.52647 ], [ 2.33927, 6.52539 ], [ 2.33882, 6.52584 ], [ 2.33792, 6.52566 ], [ 2.33819, 6.52439 ], [ 2.33729, 6.52321 ], [ 2.33792, 6.5234 ], [ 2.33801, 6.52394 ], [ 2.33864, 6.52376 ], [ 2.33873, 6.52322 ], [ 2.3381, 6.52331 ], [ 2.33729, 6.52086 ], [ 2.33485, 6.52068 ], [ 2.33412, 6.51986 ], [ 2.33358, 6.51986 ], [ 2.33331, 6.5204 ], [ 2.33177, 6.52022 ], [ 2.33159, 6.51986 ], [ 2.33087, 6.52049 ], [ 2.33105, 6.52149 ], [ 2.33014, 6.52158 ], [ 2.33041, 6.52203 ], [ 2.33114, 6.52194 ], [ 2.33168, 6.52266 ], [ 2.33313, 6.52294 ], [ 2.33312, 6.52348 ], [ 2.3324, 6.52312 ], [ 2.33114, 6.5233 ], [ 2.33059, 6.52275 ], [ 2.33059, 6.52384 ], [ 2.33014, 6.52402 ], [ 2.32996, 6.5232 ], [ 2.32842, 6.52302 ], [ 2.32851, 6.52366 ], [ 2.32743, 6.52393 ], [ 2.32715, 6.52338 ], [ 2.32688, 6.52429 ], [ 2.32589, 6.52347 ], [ 2.32607, 6.52311 ], [ 2.32887, 6.52257 ], [ 2.3286, 6.52212 ], [ 2.32806, 6.52212 ], [ 2.32806, 6.52148 ], [ 2.32707, 6.52148 ], [ 2.32716, 6.52112 ], [ 2.32806, 6.52094 ], [ 2.32833, 6.5204 ], [ 2.32616, 6.5203 ], [ 2.32607, 6.51976 ], [ 2.32535, 6.51976 ], [ 2.32553, 6.51913 ], [ 2.3249, 6.51867 ], [ 2.32626, 6.51868 ], [ 2.32562, 6.51831 ], [ 2.32572, 6.51777 ], [ 2.32526, 6.51786 ], [ 2.32517, 6.5184 ], [ 2.32228, 6.51786 ], [ 2.32201, 6.51713 ], [ 2.32246, 6.5165 ], [ 2.32147, 6.51559 ], [ 2.32328, 6.51487 ], [ 2.32337, 6.5156 ], [ 2.32382, 6.51587 ], [ 2.32364, 6.5165 ], [ 2.32409, 6.51705 ], [ 2.32445, 6.51686 ], [ 2.32463, 6.51533 ], [ 2.3249, 6.51533 ], [ 2.3249, 6.51632 ], [ 2.32536, 6.5165 ], [ 2.32517, 6.51723 ], [ 2.32653, 6.51687 ], [ 2.3268, 6.51614 ], [ 2.32599, 6.51641 ], [ 2.32508, 6.51605 ], [ 2.32563, 6.51551 ], [ 2.3268, 6.51542 ], [ 2.32599, 6.5147 ], [ 2.32599, 6.51433 ], [ 2.3268, 6.51452 ], [ 2.32681, 6.51424 ], [ 2.32563, 6.51343 ], [ 2.32527, 6.51198 ], [ 2.32437, 6.51234 ], [ 2.32436, 6.51297 ], [ 2.32418, 6.51252 ], [ 2.32382, 6.51252 ], [ 2.3231, 6.51379 ], [ 2.32237, 6.51361 ], [ 2.32237, 6.51315 ], [ 2.32328, 6.51243 ], [ 2.32301, 6.51198 ], [ 2.32192, 6.5127 ], [ 2.32066, 6.51188 ], [ 2.32102, 6.51234 ], [ 2.32066, 6.51288 ], [ 2.31903, 6.51261 ], [ 2.31876, 6.51315 ], [ 2.31803, 6.51315 ], [ 2.3174, 6.51251 ], [ 2.31767, 6.51206 ], [ 2.31749, 6.51079 ], [ 2.31804, 6.51089 ], [ 2.31804, 6.51061 ], [ 2.31731, 6.51061 ], [ 2.31677, 6.50971 ], [ 2.31605, 6.50953 ], [ 2.31569, 6.50898 ], [ 2.31578, 6.50844 ], [ 2.31686, 6.5088 ], [ 2.3175, 6.50853 ], [ 2.3175, 6.5079 ], [ 2.31686, 6.50754 ], [ 2.31641, 6.50817 ], [ 2.31578, 6.50817 ], [ 2.31687, 6.50699 ], [ 2.31741, 6.50745 ], [ 2.31795, 6.50727 ], [ 2.31795, 6.50672 ], [ 2.31732, 6.50663 ], [ 2.3175, 6.50618 ], [ 2.31822, 6.50636 ], [ 2.31858, 6.50727 ], [ 2.3194, 6.50682 ], [ 2.31885, 6.50745 ], [ 2.31876, 6.50826 ], [ 2.31813, 6.50817 ], [ 2.31849, 6.50853 ], [ 2.3184, 6.50962 ], [ 2.31903, 6.50926 ], [ 2.31885, 6.50826 ], [ 2.31976, 6.50745 ], [ 2.31949, 6.50664 ], [ 2.32012, 6.506 ], [ 2.32003, 6.50501 ], [ 2.32058, 6.50492 ], [ 2.31922, 6.50265 ], [ 2.31959, 6.50166 ], [ 2.32049, 6.50121 ], [ 2.3213, 6.50166 ], [ 2.32131, 6.50076 ], [ 2.32221, 6.50031 ], [ 2.32239, 6.50103 ], [ 2.32348, 6.50103 ], [ 2.3242, 6.50329 ], [ 2.32564, 6.50366 ], [ 2.32582, 6.50339 ], [ 2.32501, 6.50275 ], [ 2.32601, 6.50275 ], [ 2.32628, 6.50176 ], [ 2.32555, 6.50239 ], [ 2.32501, 6.5023 ], [ 2.32483, 6.50176 ], [ 2.32592, 6.50085 ], [ 2.32592, 6.50031 ], [ 2.32637, 6.50031 ], [ 2.32646, 6.50085 ], [ 2.32719, 6.50076 ], [ 2.32709, 6.50104 ], [ 2.32791, 6.50176 ], [ 2.32818, 6.50149 ], [ 2.32755, 6.50077 ], [ 2.328, 6.50022 ], [ 2.32899, 6.50086 ], [ 2.32972, 6.50077 ], [ 2.3299, 6.50185 ], [ 2.33053, 6.50231 ], [ 2.33053, 6.50158 ], [ 2.33125, 6.50113 ], [ 2.3309, 6.4995 ], [ 2.33135, 6.49896 ], [ 2.33542, 6.49797 ], [ 2.33542, 6.49842 ], [ 2.33216, 6.4996 ], [ 2.33144, 6.4995 ], [ 2.33252, 6.50331 ], [ 2.33324, 6.50376 ], [ 2.33686, 6.50268 ], [ 2.33731, 6.50322 ], [ 2.3374, 6.50413 ], [ 2.33776, 6.50431 ], [ 2.3384, 6.50322 ], [ 2.33758, 6.50331 ], [ 2.33749, 6.50304 ], [ 2.33831, 6.50223 ], [ 2.33695, 6.50186 ], [ 2.33596, 6.49806 ], [ 2.33623, 6.49779 ], [ 2.33859, 6.49798 ], [ 2.33913, 6.49879 ], [ 2.33922, 6.4997 ], [ 2.33849, 6.49969 ], [ 2.33885, 6.50141 ], [ 2.33994, 6.50132 ], [ 2.34048, 6.50178 ], [ 2.33967, 6.50232 ], [ 2.33957, 6.50377 ], [ 2.34093, 6.50368 ], [ 2.34129, 6.50458 ], [ 2.34238, 6.50413 ], [ 2.34192, 6.50531 ], [ 2.34228, 6.50585 ], [ 2.34301, 6.50549 ], [ 2.34274, 6.50477 ], [ 2.34328, 6.50431 ], [ 2.34373, 6.50594 ], [ 2.34328, 6.50594 ], [ 2.34328, 6.50621 ], [ 2.34382, 6.50631 ], [ 2.34319, 6.50676 ], [ 2.34219, 6.50603 ], [ 2.34201, 6.50712 ], [ 2.34138, 6.50748 ], [ 2.34156, 6.50594 ], [ 2.34129, 6.50549 ], [ 2.34183, 6.50513 ], [ 2.34039, 6.50467 ], [ 2.34011, 6.50521 ], [ 2.34084, 6.5054 ], [ 2.34102, 6.50621 ], [ 2.34093, 6.50703 ], [ 2.34056, 6.5073 ], [ 2.34074, 6.50784 ], [ 2.34047, 6.50793 ], [ 2.34038, 6.50585 ], [ 2.33957, 6.50558 ], [ 2.33939, 6.50512 ], [ 2.33975, 6.50431 ], [ 2.33894, 6.50386 ], [ 2.33921, 6.50549 ], [ 2.33885, 6.50576 ], [ 2.33876, 6.50675 ], [ 2.33912, 6.50702 ], [ 2.33948, 6.50648 ], [ 2.33957, 6.50702 ], [ 2.34011, 6.50721 ], [ 2.33948, 6.50775 ], [ 2.33948, 6.50874 ], [ 2.3392, 6.50883 ], [ 2.33912, 6.50757 ], [ 2.33884, 6.50748 ], [ 2.33848, 6.50983 ], [ 2.33613, 6.50955 ], [ 2.33586, 6.51 ], [ 2.33504, 6.50991 ], [ 2.33504, 6.51055 ], [ 2.33577, 6.51064 ], [ 2.33567, 6.5129 ], [ 2.33603, 6.51462 ], [ 2.33847, 6.51462 ], [ 2.33874, 6.51489 ], [ 2.33865, 6.51571 ], [ 2.33802, 6.51589 ], [ 2.33766, 6.51525 ], [ 2.33702, 6.51571 ], [ 2.33739, 6.51679 ], [ 2.33675, 6.51688 ], [ 2.33675, 6.51751 ], [ 2.33738, 6.51824 ], [ 2.3372, 6.51878 ], [ 2.3382, 6.51905 ], [ 2.33756, 6.51932 ], [ 2.33756, 6.51969 ], [ 2.33774, 6.52041 ], [ 2.33828, 6.52068 ], [ 2.33792, 6.52113 ], [ 2.33828, 6.5224 ], [ 2.33846, 6.52276 ], [ 2.3391, 6.52276 ], [ 2.33882, 6.52358 ], [ 2.33973, 6.52457 ], [ 2.34027, 6.52439 ], [ 2.34036, 6.52494 ], [ 2.3409, 6.52512 ], [ 2.34081, 6.52548 ], [ 2.33945, 6.52521 ], [ 2.33945, 6.52566 ], [ 2.34018, 6.52611 ], [ 2.34081, 6.52593 ], [ 2.34063, 6.52657 ], [ 2.3409, 6.52684 ], [ 2.3428, 6.52621 ], [ 2.34271, 6.52702 ], [ 2.34217, 6.52747 ], [ 2.34135, 6.5272 ], [ 2.34072, 6.52747 ] ], [ [ 2.3295, 6.52637 ], [ 2.32842, 6.52691 ], [ 2.3286, 6.5261 ], [ 2.32959, 6.52601 ], [ 2.3296, 6.52402 ], [ 2.3305, 6.52465 ], [ 2.33122, 6.52447 ], [ 2.33132, 6.52393 ], [ 2.33213, 6.52384 ], [ 2.33267, 6.52438 ], [ 2.33258, 6.5252 ], [ 2.3333, 6.52511 ], [ 2.33321, 6.52547 ], [ 2.33177, 6.52529 ], [ 2.3314, 6.52556 ], [ 2.33131, 6.52493 ], [ 2.33086, 6.52493 ], [ 2.33041, 6.52556 ], [ 2.33032, 6.52673 ], [ 2.33068, 6.52637 ], [ 2.33113, 6.52664 ], [ 2.3305, 6.52719 ], [ 2.32968, 6.52719 ], [ 2.3295, 6.52637 ] ], [ [ 2.35999, 6.5265 ], [ 2.35954, 6.52496 ], [ 2.35863, 6.52433 ], [ 2.35954, 6.52424 ], [ 2.3599, 6.52379 ], [ 2.35999, 6.52478 ], [ 2.36053, 6.5227 ], [ 2.36081, 6.52297 ], [ 2.36144, 6.52279 ], [ 2.36162, 6.52379 ], [ 2.36135, 6.52424 ], [ 2.36279, 6.52442 ], [ 2.3627, 6.52524 ], [ 2.36216, 6.5256 ], [ 2.36279, 6.52641 ], [ 2.3618, 6.52632 ], [ 2.36134, 6.52587 ], [ 2.36089, 6.5265 ], [ 2.36071, 6.52596 ], [ 2.36026, 6.52587 ], [ 2.35999, 6.5265 ] ], [ [ 2.36551, 6.52551 ], [ 2.36397, 6.52452 ], [ 2.36578, 6.52352 ], [ 2.36551, 6.52551 ] ], [ [ 2.36723, 6.52298 ], [ 2.36614, 6.52189 ], [ 2.36705, 6.52144 ], [ 2.36714, 6.52009 ], [ 2.36759, 6.52018 ], [ 2.36786, 6.52135 ], [ 2.36823, 6.52072 ], [ 2.36795, 6.52036 ], [ 2.36841, 6.52018 ], [ 2.36822, 6.52172 ], [ 2.36777, 6.52163 ], [ 2.36723, 6.52298 ] ], [ [ 2.34552, 6.52151 ], [ 2.34344, 6.52159 ], [ 2.34299, 6.52123 ], [ 2.34235, 6.5215 ], [ 2.34199, 6.52105 ], [ 2.34208, 6.52051 ], [ 2.34109, 6.52087 ], [ 2.34127, 6.52042 ], [ 2.341, 6.52023 ], [ 2.33892, 6.51987 ], [ 2.33874, 6.51933 ], [ 2.34019, 6.51951 ], [ 2.34028, 6.51788 ], [ 2.34073, 6.51761 ], [ 2.34191, 6.5187 ], [ 2.34145, 6.51933 ], [ 2.34163, 6.52005 ], [ 2.34199, 6.51978 ], [ 2.342, 6.51915 ], [ 2.34245, 6.51915 ], [ 2.34254, 6.52042 ], [ 2.34787, 6.52106 ], [ 2.34724, 6.52214 ], [ 2.34715, 6.52133 ], [ 2.34642, 6.52142 ], [ 2.34642, 6.52187 ], [ 2.3457, 6.52142 ], [ 2.34579, 6.52223 ], [ 2.34552, 6.52151 ] ], [ [ 2.35231, 6.51934 ], [ 2.35104, 6.51844 ], [ 2.35131, 6.51799 ], [ 2.35186, 6.51844 ], [ 2.35213, 6.51817 ], [ 2.35168, 6.51717 ], [ 2.35113, 6.5178 ], [ 2.35068, 6.51735 ], [ 2.35032, 6.51798 ], [ 2.35014, 6.51735 ], [ 2.34887, 6.51699 ], [ 2.34842, 6.51572 ], [ 2.34679, 6.51554 ], [ 2.34652, 6.51481 ], [ 2.3477, 6.51427 ], [ 2.34734, 6.51463 ], [ 2.34752, 6.51527 ], [ 2.34842, 6.51527 ], [ 2.3486, 6.51491 ], [ 2.34815, 6.51472 ], [ 2.34815, 6.514 ], [ 2.34951, 6.51427 ], [ 2.35023, 6.51409 ], [ 2.35078, 6.51346 ], [ 2.35114, 6.51355 ], [ 2.35096, 6.5121 ], [ 2.35205, 6.51147 ], [ 2.35349, 6.5131 ], [ 2.35286, 6.515 ], [ 2.35349, 6.51509 ], [ 2.35367, 6.51573 ], [ 2.35258, 6.51618 ], [ 2.35276, 6.51726 ], [ 2.35294, 6.51754 ], [ 2.3533, 6.51726 ], [ 2.35312, 6.51654 ], [ 2.35385, 6.5169 ], [ 2.35349, 6.51772 ], [ 2.35258, 6.51781 ], [ 2.35267, 6.51835 ], [ 2.35231, 6.51862 ], [ 2.35231, 6.51898 ], [ 2.35303, 6.51862 ], [ 2.35339, 6.51898 ], [ 2.35231, 6.51934 ] ], [ [ 2.34444, 6.51834 ], [ 2.34381, 6.51843 ], [ 2.34372, 6.51752 ], [ 2.34326, 6.51725 ], [ 2.34272, 6.51743 ], [ 2.34254, 6.51707 ], [ 2.34209, 6.5177 ], [ 2.34245, 6.51861 ], [ 2.342, 6.5187 ], [ 2.34145, 6.51752 ], [ 2.34146, 6.51689 ], [ 2.34191, 6.51634 ], [ 2.34128, 6.51589 ], [ 2.34263, 6.51589 ], [ 2.34336, 6.51553 ], [ 2.3439, 6.51671 ], [ 2.34444, 6.51662 ], [ 2.34435, 6.51562 ], [ 2.34381, 6.5158 ], [ 2.34381, 6.51553 ], [ 2.34471, 6.51481 ], [ 2.34472, 6.51363 ], [ 2.34526, 6.51391 ], [ 2.34571, 6.51327 ], [ 2.34562, 6.513 ], [ 2.34499, 6.51309 ], [ 2.34463, 6.51246 ], [ 2.34508, 6.51201 ], [ 2.34517, 6.51264 ], [ 2.34571, 6.51264 ], [ 2.3458, 6.5121 ], [ 2.34644, 6.51201 ], [ 2.34598, 6.51309 ], [ 2.34643, 6.51364 ], [ 2.34607, 6.5149 ], [ 2.34643, 6.51563 ], [ 2.34616, 6.51608 ], [ 2.34489, 6.5159 ], [ 2.3448, 6.51707 ], [ 2.34516, 6.51762 ], [ 2.34471, 6.51789 ], [ 2.34471, 6.51915 ], [ 2.34444, 6.51915 ], [ 2.34444, 6.51834 ] ], [ [ 2.34716, 6.51391 ], [ 2.34635, 6.51318 ], [ 2.34644, 6.51264 ], [ 2.34689, 6.51228 ], [ 2.34743, 6.51246 ], [ 2.34788, 6.51147 ], [ 2.34897, 6.51138 ], [ 2.34942, 6.51174 ], [ 2.34942, 6.51075 ], [ 2.35087, 6.51093 ], [ 2.35069, 6.51165 ], [ 2.34997, 6.51138 ], [ 2.34978, 6.51174 ], [ 2.34978, 6.51373 ], [ 2.34888, 6.51346 ], [ 2.34888, 6.51283 ], [ 2.34806, 6.51319 ], [ 2.34761, 6.51246 ], [ 2.34716, 6.51291 ], [ 2.34761, 6.51319 ], [ 2.34743, 6.51346 ], [ 2.34797, 6.51346 ], [ 2.34797, 6.51382 ], [ 2.34716, 6.51391 ] ], [ [ 2.34137, 6.51173 ], [ 2.3392, 6.51218 ], [ 2.33947, 6.51119 ], [ 2.34011, 6.51128 ], [ 2.34047, 6.51091 ], [ 2.3402, 6.50983 ], [ 2.34201, 6.51001 ], [ 2.3411, 6.51083 ], [ 2.3411, 6.51119 ], [ 2.34191, 6.51182 ], [ 2.34164, 6.51245 ], [ 2.34119, 6.51254 ], [ 2.34137, 6.51173 ] ], [ [ 2.35322, 6.50939 ], [ 2.35332, 6.50831 ], [ 2.35259, 6.50822 ], [ 2.35259, 6.50795 ], [ 2.35522, 6.50795 ], [ 2.35377, 6.50849 ], [ 2.35395, 6.51012 ], [ 2.35359, 6.51012 ], [ 2.35322, 6.50939 ] ], [ [ 2.35142, 6.50613 ], [ 2.35169, 6.50523 ], [ 2.35205, 6.50595 ], [ 2.35296, 6.50623 ], [ 2.35241, 6.50668 ], [ 2.35287, 6.50704 ], [ 2.35268, 6.50749 ], [ 2.35205, 6.50731 ], [ 2.35178, 6.50758 ], [ 2.35142, 6.50613 ] ], [ [ 2.34726, 6.50441 ], [ 2.34753, 6.50378 ], [ 2.34871, 6.50287 ], [ 2.34889, 6.50351 ], [ 2.34817, 6.50369 ], [ 2.34808, 6.50423 ], [ 2.34898, 6.50405 ], [ 2.3498, 6.50324 ], [ 2.35079, 6.50342 ], [ 2.35025, 6.50432 ], [ 2.34943, 6.50423 ], [ 2.34798, 6.50504 ], [ 2.34762, 6.50504 ], [ 2.34726, 6.50441 ] ], [ [ 2.34645, 6.50197 ], [ 2.34654, 6.50052 ], [ 2.34709, 6.50016 ], [ 2.34745, 6.50016 ], [ 2.34754, 6.50061 ], [ 2.34817, 6.50034 ], [ 2.34853, 6.50079 ], [ 2.35079, 6.49962 ], [ 2.35097, 6.50034 ], [ 2.35125, 6.50025 ], [ 2.3507, 6.50098 ], [ 2.34953, 6.50061 ], [ 2.34953, 6.50143 ], [ 2.34772, 6.5007 ], [ 2.3469, 6.50151 ], [ 2.3469, 6.50215 ], [ 2.34645, 6.50197 ] ], [ [ 2.34075, 6.50096 ], [ 2.33985, 6.50024 ], [ 2.33994, 6.4997 ], [ 2.34093, 6.49997 ], [ 2.34121, 6.4997 ], [ 2.34085, 6.49897 ], [ 2.34274, 6.49934 ], [ 2.34247, 6.49988 ], [ 2.34121, 6.49988 ], [ 2.34148, 6.50033 ], [ 2.34075, 6.50096 ] ], [ [ 2.32791, 6.49859 ], [ 2.32828, 6.4966 ], [ 2.32882, 6.49561 ], [ 2.3299, 6.49679 ], [ 2.32918, 6.49724 ], [ 2.32909, 6.4967 ], [ 2.32864, 6.49814 ], [ 2.32791, 6.49859 ] ], [ [ 2.34564, 6.49826 ], [ 2.34537, 6.49672 ], [ 2.34438, 6.49717 ], [ 2.34401, 6.4969 ], [ 2.34411, 6.49635 ], [ 2.34501, 6.4959 ], [ 2.34591, 6.49636 ], [ 2.346, 6.49753 ], [ 2.34564, 6.49826 ] ], [ [ 2.32457, 6.49506 ], [ 2.3243, 6.49461 ], [ 2.32385, 6.49506 ], [ 2.32339, 6.49488 ], [ 2.32358, 6.49352 ], [ 2.32312, 6.49343 ], [ 2.32304, 6.49271 ], [ 2.32258, 6.49253 ], [ 2.32295, 6.49126 ], [ 2.32421, 6.49189 ], [ 2.32349, 6.4928 ], [ 2.32593, 6.49262 ], [ 2.32548, 6.49289 ], [ 2.32575, 6.49371 ], [ 2.32502, 6.49416 ], [ 2.32565, 6.49533 ], [ 2.32421, 6.49551 ], [ 2.32457, 6.49506 ] ], [ [ 2.34203, 6.49499 ], [ 2.34185, 6.49382 ], [ 2.34339, 6.49328 ], [ 2.34402, 6.49346 ], [ 2.34456, 6.49455 ], [ 2.34347, 6.49527 ], [ 2.34257, 6.49536 ], [ 2.34203, 6.49499 ] ], [ [ 2.32276, 6.49461 ], [ 2.32168, 6.49361 ], [ 2.32059, 6.49424 ], [ 2.32023, 6.49343 ], [ 2.31951, 6.49325 ], [ 2.3186, 6.49361 ], [ 2.31851, 6.49333 ], [ 2.32023, 6.49279 ], [ 2.32123, 6.49289 ], [ 2.32186, 6.49216 ], [ 2.32276, 6.49461 ] ], [ [ 2.33669, 6.49454 ], [ 2.33615, 6.49354 ], [ 2.33669, 6.49291 ], [ 2.33778, 6.49318 ], [ 2.33732, 6.49445 ], [ 2.33669, 6.49454 ] ], [ [ 2.34429, 6.49346 ], [ 2.34447, 6.49228 ], [ 2.3452, 6.49165 ], [ 2.34511, 6.49237 ], [ 2.34601, 6.4921 ], [ 2.34637, 6.49147 ], [ 2.34809, 6.49184 ], [ 2.348, 6.49229 ], [ 2.34764, 6.49202 ], [ 2.34737, 6.49256 ], [ 2.34673, 6.49256 ], [ 2.34565, 6.494 ], [ 2.34465, 6.494 ], [ 2.34429, 6.49346 ] ], [ [ 2.3167, 6.49261 ], [ 2.31698, 6.49179 ], [ 2.31671, 6.49062 ], [ 2.31734, 6.49062 ], [ 2.31725, 6.48971 ], [ 2.31816, 6.48926 ], [ 2.31924, 6.48936 ], [ 2.31924, 6.48999 ], [ 2.31987, 6.49053 ], [ 2.32195, 6.49035 ], [ 2.32268, 6.4909 ], [ 2.32231, 6.49171 ], [ 2.3206, 6.4908 ], [ 2.3196, 6.49126 ], [ 2.31924, 6.49026 ], [ 2.31852, 6.49035 ], [ 2.31815, 6.4899 ], [ 2.31824, 6.49035 ], [ 2.31779, 6.49098 ], [ 2.31842, 6.49288 ], [ 2.31706, 6.49333 ], [ 2.3167, 6.49261 ] ], [ [ 2.32674, 6.49307 ], [ 2.32665, 6.49262 ], [ 2.32747, 6.49199 ], [ 2.3272, 6.49127 ], [ 2.32828, 6.49163 ], [ 2.32783, 6.49199 ], [ 2.32792, 6.49253 ], [ 2.32891, 6.49235 ], [ 2.32837, 6.49308 ], [ 2.32756, 6.49308 ], [ 2.32747, 6.49271 ], [ 2.32674, 6.49307 ] ], [ [ 2.35116, 6.49311 ], [ 2.34909, 6.49175 ], [ 2.34945, 6.49148 ], [ 2.35062, 6.49193 ], [ 2.35081, 6.49157 ], [ 2.35053, 6.49121 ], [ 2.35008, 6.4913 ], [ 2.35008, 6.49093 ], [ 2.35072, 6.49112 ], [ 2.35162, 6.49193 ], [ 2.35108, 6.49247 ], [ 2.35116, 6.49311 ] ], [ [ 2.32512, 6.4909 ], [ 2.32485, 6.49009 ], [ 2.32449, 6.49054 ], [ 2.32349, 6.49036 ], [ 2.32367, 6.48927 ], [ 2.32403, 6.48918 ], [ 2.32412, 6.48981 ], [ 2.32521, 6.48973 ], [ 2.32557, 6.49054 ], [ 2.32512, 6.4909 ] ], [ [ 2.33706, 6.48838 ], [ 2.33733, 6.4863 ], [ 2.33779, 6.48648 ], [ 2.33779, 6.48757 ], [ 2.33824, 6.48748 ], [ 2.33842, 6.48784 ], [ 2.33896, 6.48685 ], [ 2.33932, 6.48685 ], [ 2.33878, 6.48857 ], [ 2.33842, 6.4882 ], [ 2.33787, 6.48875 ], [ 2.33706, 6.48838 ] ], [ [ 2.32793, 6.48747 ], [ 2.32702, 6.48557 ], [ 2.32748, 6.48502 ], [ 2.32793, 6.48502 ], [ 2.3282, 6.4853 ], [ 2.32793, 6.48575 ], [ 2.32838, 6.48584 ], [ 2.32856, 6.48638 ], [ 2.32793, 6.48747 ] ], [ [ 2.32051, 6.48655 ], [ 2.3206, 6.48565 ], [ 2.32259, 6.48583 ], [ 2.32259, 6.48619 ], [ 2.32178, 6.4861 ], [ 2.32141, 6.48692 ], [ 2.32051, 6.48655 ] ], [ [ 2.32413, 6.48538 ], [ 2.32341, 6.48448 ], [ 2.32277, 6.48457 ], [ 2.32268, 6.48429 ], [ 2.32305, 6.48429 ], [ 2.32314, 6.48366 ], [ 2.32404, 6.48285 ], [ 2.3254, 6.48231 ], [ 2.32576, 6.48502 ], [ 2.32413, 6.48538 ] ], [ [ 2.33092, 6.48458 ], [ 2.33037, 6.48322 ], [ 2.33083, 6.48249 ], [ 2.32965, 6.4824 ], [ 2.32965, 6.48186 ], [ 2.33029, 6.48159 ], [ 2.33092, 6.48222 ], [ 2.33128, 6.48195 ], [ 2.33173, 6.48213 ], [ 2.33101, 6.48304 ], [ 2.33155, 6.48467 ], [ 2.33092, 6.48458 ] ], [ [ 2.33698, 6.48413 ], [ 2.33752, 6.48205 ], [ 2.33824, 6.48196 ], [ 2.33779, 6.48142 ], [ 2.33761, 6.48187 ], [ 2.33725, 6.4816 ], [ 2.33725, 6.47979 ], [ 2.33761, 6.47961 ], [ 2.33843, 6.48051 ], [ 2.33951, 6.48305 ], [ 2.33824, 6.48296 ], [ 2.33815, 6.4825 ], [ 2.33752, 6.48268 ], [ 2.33752, 6.48377 ], [ 2.33698, 6.48413 ] ], [ [ 2.35995, 6.48389 ], [ 2.35914, 6.48316 ], [ 2.35923, 6.48289 ], [ 2.35995, 6.4828 ], [ 2.35977, 6.48326 ], [ 2.36004, 6.48326 ], [ 2.36031, 6.48262 ], [ 2.36077, 6.48262 ], [ 2.36149, 6.48362 ], [ 2.36122, 6.48416 ], [ 2.35995, 6.48389 ] ], [ [ 2.31862, 6.4832 ], [ 2.31799, 6.48085 ], [ 2.31817, 6.47895 ], [ 2.31781, 6.47904 ], [ 2.31799, 6.47967 ], [ 2.31763, 6.47994 ], [ 2.31726, 6.47994 ], [ 2.31735, 6.4794 ], [ 2.3169, 6.4794 ], [ 2.31699, 6.48058 ], [ 2.31545, 6.48057 ], [ 2.31527, 6.4813 ], [ 2.31464, 6.48103 ], [ 2.31518, 6.48076 ], [ 2.315, 6.4803 ], [ 2.31455, 6.48048 ], [ 2.31365, 6.48003 ], [ 2.31455, 6.4794 ], [ 2.31509, 6.47958 ], [ 2.31518, 6.47886 ], [ 2.31573, 6.47913 ], [ 2.31555, 6.47967 ], [ 2.31627, 6.47985 ], [ 2.31654, 6.47958 ], [ 2.31627, 6.47886 ], [ 2.31681, 6.47895 ], [ 2.31736, 6.47832 ], [ 2.31817, 6.47886 ], [ 2.31844, 6.47868 ], [ 2.32017, 6.47253 ], [ 2.31899, 6.47253 ], [ 2.31872, 6.47334 ], [ 2.31827, 6.47325 ], [ 2.31827, 6.47271 ], [ 2.31754, 6.47253 ], [ 2.31772, 6.47325 ], [ 2.31727, 6.47343 ], [ 2.31664, 6.47243 ], [ 2.3161, 6.4727 ], [ 2.31592, 6.47216 ], [ 2.31673, 6.47135 ], [ 2.31646, 6.47071 ], [ 2.31682, 6.47044 ], [ 2.31755, 6.47072 ], [ 2.31727, 6.47207 ], [ 2.31791, 6.47216 ], [ 2.31854, 6.47027 ], [ 2.31881, 6.47027 ], [ 2.3189, 6.47135 ], [ 2.31936, 6.47144 ], [ 2.31917, 6.47208 ], [ 2.32035, 6.47181 ], [ 2.32062, 6.47045 ], [ 2.32017, 6.46982 ], [ 2.32089, 6.47018 ], [ 2.32117, 6.46927 ], [ 2.32081, 6.46737 ], [ 2.32017, 6.46728 ], [ 2.32045, 6.46692 ], [ 2.32027, 6.4662 ], [ 2.31963, 6.46611 ], [ 2.32, 6.46556 ], [ 2.31991, 6.46457 ], [ 2.31937, 6.46384 ], [ 2.31955, 6.46321 ], [ 2.3191, 6.46276 ], [ 2.31901, 6.46122 ], [ 2.31838, 6.46004 ], [ 2.31774, 6.45968 ], [ 2.31811, 6.45914 ], [ 2.31765, 6.45814 ], [ 2.31793, 6.45787 ], [ 2.31883, 6.45878 ], [ 2.31892, 6.4604 ], [ 2.31955, 6.46095 ], [ 2.31955, 6.4624 ], [ 2.32018, 6.46285 ], [ 2.32036, 6.4643 ], [ 2.32126, 6.46593 ], [ 2.32108, 6.46701 ], [ 2.3218, 6.46792 ], [ 2.32171, 6.46873 ], [ 2.32388, 6.46919 ], [ 2.32352, 6.46991 ], [ 2.32207, 6.46955 ], [ 2.32297, 6.47317 ], [ 2.32189, 6.47235 ], [ 2.32116, 6.47244 ], [ 2.32035, 6.47443 ], [ 2.32143, 6.47398 ], [ 2.32179, 6.47452 ], [ 2.32261, 6.47461 ], [ 2.32315, 6.47371 ], [ 2.32396, 6.47588 ], [ 2.32369, 6.47661 ], [ 2.32432, 6.47679 ], [ 2.32486, 6.47932 ], [ 2.3254, 6.48023 ], [ 2.32504, 6.48077 ], [ 2.32414, 6.47968 ], [ 2.32332, 6.47968 ], [ 2.32215, 6.48067 ], [ 2.32079, 6.48103 ], [ 2.31916, 6.48203 ], [ 2.31898, 6.48329 ], [ 2.31862, 6.4832 ] ], [ [ 2.34105, 6.48278 ], [ 2.34195, 6.48197 ], [ 2.34195, 6.48115 ], [ 2.34286, 6.48143 ], [ 2.34222, 6.48233 ], [ 2.34286, 6.48224 ], [ 2.34313, 6.48296 ], [ 2.34249, 6.48314 ], [ 2.34105, 6.48278 ] ], [ [ 2.34123, 6.47988 ], [ 2.34105, 6.47925 ], [ 2.34078, 6.47961 ], [ 2.33933, 6.47952 ], [ 2.33915, 6.47871 ], [ 2.33988, 6.47816 ], [ 2.34024, 6.47844 ], [ 2.34006, 6.47907 ], [ 2.3416, 6.47853 ], [ 2.3415, 6.47916 ], [ 2.34223, 6.48016 ], [ 2.34123, 6.47988 ] ], [ [ 2.36014, 6.47964 ], [ 2.35869, 6.47891 ], [ 2.35851, 6.47783 ], [ 2.35788, 6.47701 ], [ 2.35824, 6.47638 ], [ 2.35806, 6.47593 ], [ 2.35906, 6.47557 ], [ 2.3596, 6.47611 ], [ 2.35923, 6.47747 ], [ 2.35996, 6.47729 ], [ 2.36023, 6.47647 ], [ 2.36095, 6.47629 ], [ 2.36123, 6.47665 ], [ 2.36032, 6.47692 ], [ 2.36023, 6.47783 ], [ 2.35978, 6.47819 ], [ 2.35878, 6.4781 ], [ 2.35896, 6.47855 ], [ 2.35987, 6.47846 ], [ 2.36014, 6.47964 ] ], [ [ 2.33888, 6.47708 ], [ 2.33907, 6.47653 ], [ 2.33861, 6.47563 ], [ 2.3388, 6.475 ], [ 2.33898, 6.47554 ], [ 2.33961, 6.47536 ], [ 2.3397, 6.4759 ], [ 2.34033, 6.47617 ], [ 2.33979, 6.47726 ], [ 2.33834, 6.47726 ], [ 2.33843, 6.47699 ], [ 2.33888, 6.47708 ] ], [ [ 2.32604, 6.47724 ], [ 2.32505, 6.47643 ], [ 2.32423, 6.47661 ], [ 2.32414, 6.47624 ], [ 2.32469, 6.4757 ], [ 2.32631, 6.47561 ], [ 2.32604, 6.47724 ] ], [ [ 2.32396, 6.47552 ], [ 2.32378, 6.47434 ], [ 2.32442, 6.47416 ], [ 2.32396, 6.4738 ], [ 2.3246, 6.47317 ], [ 2.32397, 6.47253 ], [ 2.32451, 6.47226 ], [ 2.32451, 6.47127 ], [ 2.32542, 6.471 ], [ 2.3256, 6.47127 ], [ 2.32523, 6.47154 ], [ 2.32505, 6.47263 ], [ 2.32541, 6.47389 ], [ 2.3246, 6.4738 ], [ 2.32487, 6.47416 ], [ 2.32442, 6.47453 ], [ 2.32487, 6.47516 ], [ 2.3246, 6.47561 ], [ 2.32396, 6.47552 ] ], [ [ 2.34205, 6.47428 ], [ 2.34332, 6.47374 ], [ 2.34386, 6.47319 ], [ 2.34368, 6.47265 ], [ 2.34396, 6.47247 ], [ 2.34441, 6.47301 ], [ 2.34486, 6.47247 ], [ 2.34549, 6.47256 ], [ 2.34522, 6.47446 ], [ 2.34314, 6.47473 ], [ 2.34214, 6.47464 ], [ 2.34205, 6.47428 ] ], [ [ 2.33952, 6.47382 ], [ 2.33916, 6.47427 ], [ 2.3388, 6.47364 ], [ 2.3378, 6.47391 ], [ 2.33744, 6.4721 ], [ 2.33781, 6.47183 ], [ 2.33826, 6.4721 ], [ 2.33898, 6.47192 ], [ 2.33889, 6.47337 ], [ 2.33988, 6.47328 ], [ 2.3407, 6.47391 ], [ 2.3407, 6.47428 ], [ 2.33979, 6.47455 ], [ 2.33952, 6.47382 ] ], [ [ 2.32741, 6.4691 ], [ 2.32687, 6.46792 ], [ 2.32768, 6.46793 ], [ 2.32786, 6.46747 ], [ 2.32623, 6.46729 ], [ 2.32651, 6.46657 ], [ 2.32705, 6.46684 ], [ 2.32714, 6.46612 ], [ 2.32651, 6.46602 ], [ 2.32642, 6.46539 ], [ 2.32705, 6.46548 ], [ 2.3275, 6.46675 ], [ 2.32831, 6.4672 ], [ 2.32795, 6.46901 ], [ 2.32741, 6.4691 ] ], [ [ 2.35174, 6.46488 ], [ 2.35238, 6.46497 ], [ 2.35346, 6.46425 ], [ 2.35446, 6.46443 ], [ 2.35455, 6.46561 ], [ 2.35491, 6.4657 ], [ 2.35464, 6.46633 ], [ 2.35509, 6.46678 ], [ 2.35427, 6.46706 ], [ 2.35391, 6.46669 ], [ 2.35418, 6.46651 ], [ 2.354, 6.46624 ], [ 2.3531, 6.46642 ], [ 2.35346, 6.46669 ], [ 2.35319, 6.46696 ], [ 2.35174, 6.46669 ], [ 2.3512, 6.46533 ], [ 2.35093, 6.46651 ], [ 2.35002, 6.46633 ], [ 2.34984, 6.46569 ], [ 2.35057, 6.46551 ], [ 2.34984, 6.46452 ], [ 2.35003, 6.46397 ], [ 2.35093, 6.46461 ], [ 2.3512, 6.46407 ], [ 2.35174, 6.46425 ], [ 2.35174, 6.46488 ] ], [ [ 2.35174, 6.46416 ], [ 2.35193, 6.46244 ], [ 2.35238, 6.46244 ], [ 2.35193, 6.46199 ], [ 2.35401, 6.46235 ], [ 2.35355, 6.46307 ], [ 2.35419, 6.46344 ], [ 2.3541, 6.46371 ], [ 2.35174, 6.46416 ] ], [ [ 2.31285, 6.46646 ], [ 2.31222, 6.46383 ], [ 2.31303, 6.46329 ], [ 2.31312, 6.4642 ], [ 2.31367, 6.46456 ], [ 2.31321, 6.46528 ], [ 2.31312, 6.46646 ], [ 2.31285, 6.46646 ] ], [ [ 2.34722, 6.46632 ], [ 2.34722, 6.46587 ], [ 2.34794, 6.46578 ], [ 2.34813, 6.4647 ], [ 2.34876, 6.46479 ], [ 2.34912, 6.46424 ], [ 2.34948, 6.46433 ], [ 2.34948, 6.46614 ], [ 2.34885, 6.46614 ], [ 2.34876, 6.46651 ], [ 2.34722, 6.46632 ] ], [ [ 2.32235, 6.4652 ], [ 2.32181, 6.46475 ], [ 2.32208, 6.4643 ], [ 2.3219, 6.46358 ], [ 2.32262, 6.46394 ], [ 2.32325, 6.46376 ], [ 2.32325, 6.46511 ], [ 2.3228, 6.4652 ], [ 2.32262, 6.46611 ], [ 2.32235, 6.4652 ] ], [ [ 2.3257, 6.46213 ], [ 2.32452, 6.46204 ], [ 2.32416, 6.46177 ], [ 2.32425, 6.46132 ], [ 2.32371, 6.46141 ], [ 2.32398, 6.45969 ], [ 2.32435, 6.45978 ], [ 2.32489, 6.46087 ], [ 2.3247, 6.4615 ], [ 2.32552, 6.46168 ], [ 2.3257, 6.46213 ] ], [ [ 2.31477, 6.44755 ], [ 2.31469, 6.44674 ], [ 2.31405, 6.4461 ], [ 2.31396, 6.44457 ], [ 2.31324, 6.44393 ], [ 2.31324, 6.44303 ], [ 2.31361, 6.44267 ], [ 2.31415, 6.4442 ], [ 2.31451, 6.44439 ], [ 2.31433, 6.44502 ], [ 2.31478, 6.44556 ], [ 2.31532, 6.44782 ], [ 2.31477, 6.44755 ] ], [ [ 2.3325, 6.44767 ], [ 2.3325, 6.44649 ], [ 2.33169, 6.44694 ], [ 2.33151, 6.44613 ], [ 2.33287, 6.44595 ], [ 2.33377, 6.44667 ], [ 2.33368, 6.44722 ], [ 2.33295, 6.44776 ], [ 2.3325, 6.44767 ] ], [ [ 2.31098, 6.447 ], [ 2.31062, 6.44538 ], [ 2.31007, 6.44537 ], [ 2.3098, 6.44483 ], [ 2.31017, 6.4451 ], [ 2.3108, 6.44438 ], [ 2.3117, 6.44465 ], [ 2.31252, 6.44547 ], [ 2.31215, 6.44592 ], [ 2.31261, 6.4461 ], [ 2.31242, 6.44674 ], [ 2.31188, 6.44637 ], [ 2.31098, 6.447 ] ], [ [ 2.33956, 6.44098 ], [ 2.34056, 6.44053 ], [ 2.3411, 6.44107 ], [ 2.3411, 6.44171 ], [ 2.33947, 6.44189 ], [ 2.33956, 6.44098 ] ], [ [ 2.30394, 6.43315 ], [ 2.30385, 6.43225 ], [ 2.30168, 6.43252 ], [ 2.30223, 6.42962 ], [ 2.30395, 6.42754 ], [ 2.30467, 6.42827 ], [ 2.3053, 6.42818 ], [ 2.30476, 6.42881 ], [ 2.30395, 6.42881 ], [ 2.30404, 6.42917 ], [ 2.30467, 6.42917 ], [ 2.30467, 6.42972 ], [ 2.30512, 6.42999 ], [ 2.30449, 6.43125 ], [ 2.30521, 6.4318 ], [ 2.30521, 6.43207 ], [ 2.3043, 6.43225 ], [ 2.30421, 6.43333 ], [ 2.30394, 6.43315 ] ], [ [ 2.34699, 6.43004 ], [ 2.34609, 6.42878 ], [ 2.34627, 6.42841 ], [ 2.34745, 6.42769 ], [ 2.34844, 6.42824 ], [ 2.34845, 6.42724 ], [ 2.34899, 6.42724 ], [ 2.34998, 6.42851 ], [ 2.34935, 6.42978 ], [ 2.34899, 6.42905 ], [ 2.34862, 6.42905 ], [ 2.34835, 6.42959 ], [ 2.34799, 6.42941 ], [ 2.34808, 6.42905 ], [ 2.34844, 6.42914 ], [ 2.34799, 6.42833 ], [ 2.34763, 6.42833 ], [ 2.347, 6.42914 ], [ 2.34727, 6.4295 ], [ 2.34699, 6.43004 ] ], [ [ 2.31073, 6.42647 ], [ 2.30929, 6.42547 ], [ 2.30893, 6.42438 ], [ 2.30956, 6.42321 ], [ 2.30938, 6.42285 ], [ 2.31119, 6.42339 ], [ 2.31173, 6.42412 ], [ 2.31264, 6.42412 ], [ 2.31191, 6.42529 ], [ 2.31182, 6.42656 ], [ 2.31064, 6.42701 ], [ 2.31073, 6.42647 ] ], [ [ 2.34754, 6.42579 ], [ 2.34664, 6.42543 ], [ 2.34673, 6.42597 ], [ 2.34609, 6.42633 ], [ 2.34573, 6.42561 ], [ 2.34501, 6.42534 ], [ 2.34592, 6.42443 ], [ 2.34673, 6.42452 ], [ 2.34592, 6.42353 ], [ 2.34691, 6.42362 ], [ 2.34682, 6.42235 ], [ 2.34719, 6.42244 ], [ 2.34764, 6.42353 ], [ 2.34836, 6.42634 ], [ 2.3479, 6.42588 ], [ 2.34799, 6.42643 ], [ 2.34772, 6.42652 ], [ 2.34754, 6.42579 ] ], [ [ 2.30476, 6.42574 ], [ 2.30585, 6.42384 ], [ 2.30694, 6.4233 ], [ 2.30766, 6.42366 ], [ 2.30766, 6.42411 ], [ 2.30712, 6.42411 ], [ 2.3073, 6.42438 ], [ 2.30612, 6.4261 ], [ 2.30513, 6.42619 ], [ 2.30476, 6.42574 ] ], [ [ 2.3432, 6.42443 ], [ 2.34348, 6.4238 ], [ 2.34293, 6.42343 ], [ 2.3442, 6.42325 ], [ 2.34402, 6.42235 ], [ 2.34348, 6.42181 ], [ 2.34465, 6.42127 ], [ 2.34529, 6.42235 ], [ 2.34519, 6.42326 ], [ 2.34438, 6.42344 ], [ 2.34492, 6.42398 ], [ 2.34356, 6.42497 ], [ 2.3432, 6.42443 ] ], [ [ 2.34149, 6.42425 ], [ 2.34049, 6.42271 ], [ 2.34284, 6.4219 ], [ 2.34158, 6.42334 ], [ 2.34158, 6.4237 ], [ 2.34248, 6.42361 ], [ 2.34266, 6.42398 ], [ 2.34221, 6.42461 ], [ 2.34149, 6.42425 ] ], [ [ 2.32729, 6.42414 ], [ 2.32638, 6.42305 ], [ 2.32675, 6.42251 ], [ 2.32629, 6.42197 ], [ 2.32684, 6.42133 ], [ 2.32666, 6.42043 ], [ 2.32584, 6.42061 ], [ 2.32521, 6.42133 ], [ 2.32539, 6.42052 ], [ 2.32494, 6.42024 ], [ 2.32675, 6.41907 ], [ 2.32693, 6.41853 ], [ 2.32802, 6.41772 ], [ 2.32784, 6.41844 ], [ 2.32811, 6.41898 ], [ 2.32729, 6.41871 ], [ 2.32711, 6.41916 ], [ 2.32847, 6.41943 ], [ 2.32856, 6.41889 ], [ 2.32937, 6.41871 ], [ 2.32919, 6.41835 ], [ 2.32856, 6.41871 ], [ 2.32856, 6.41826 ], [ 2.33001, 6.41799 ], [ 2.32965, 6.41699 ], [ 2.33028, 6.41754 ], [ 2.33028, 6.41718 ], [ 2.33082, 6.41727 ], [ 2.331, 6.41763 ], [ 2.33046, 6.41781 ], [ 2.33091, 6.41835 ], [ 2.32946, 6.41907 ], [ 2.32955, 6.41944 ], [ 2.33028, 6.41908 ], [ 2.33, 6.42034 ], [ 2.33055, 6.42052 ], [ 2.33073, 6.42152 ], [ 2.32991, 6.42224 ], [ 2.3291, 6.42179 ], [ 2.32919, 6.42278 ], [ 2.32882, 6.4236 ], [ 2.32774, 6.42414 ], [ 2.32729, 6.42414 ] ], [ [ 2.34556, 6.42208 ], [ 2.34511, 6.42127 ], [ 2.34646, 6.42082 ], [ 2.34664, 6.42262 ], [ 2.34556, 6.42208 ] ], [ [ 2.34059, 6.41836 ], [ 2.34122, 6.41755 ], [ 2.34041, 6.41746 ], [ 2.33987, 6.41665 ], [ 2.3414, 6.41692 ], [ 2.34113, 6.41647 ], [ 2.3414, 6.41629 ], [ 2.34177, 6.41683 ], [ 2.34267, 6.4171 ], [ 2.34303, 6.41629 ], [ 2.34367, 6.4162 ], [ 2.34502, 6.41756 ], [ 2.34511, 6.419 ], [ 2.34448, 6.41909 ], [ 2.34439, 6.41964 ], [ 2.34511, 6.41964 ], [ 2.34547, 6.42018 ], [ 2.34484, 6.42054 ], [ 2.34357, 6.42 ], [ 2.34312, 6.419 ], [ 2.34276, 6.41972 ], [ 2.34167, 6.41972 ], [ 2.34122, 6.42008 ], [ 2.34158, 6.42162 ], [ 2.34131, 6.4218 ], [ 2.34113, 6.42153 ], [ 2.34095, 6.42207 ], [ 2.34049, 6.42216 ], [ 2.34067, 6.42144 ], [ 2.33941, 6.42035 ], [ 2.33995, 6.42008 ], [ 2.3404, 6.42054 ], [ 2.34086, 6.42045 ], [ 2.34104, 6.41972 ], [ 2.34059, 6.41836 ] ], [ [ 2.3405, 6.41836 ], [ 2.33923, 6.41863 ], [ 2.33842, 6.418 ], [ 2.33806, 6.41664 ], [ 2.33842, 6.41483 ], [ 2.3377, 6.41375 ], [ 2.33797, 6.41284 ], [ 2.3377, 6.41185 ], [ 2.33843, 6.41203 ], [ 2.33806, 6.41257 ], [ 2.33906, 6.4123 ], [ 2.33915, 6.41384 ], [ 2.33969, 6.41384 ], [ 2.34005, 6.41429 ], [ 2.34059, 6.41375 ], [ 2.34141, 6.41393 ], [ 2.34114, 6.41457 ], [ 2.34005, 6.41466 ], [ 2.33996, 6.41592 ], [ 2.33923, 6.41637 ], [ 2.33969, 6.41664 ], [ 2.3395, 6.41755 ], [ 2.34032, 6.41791 ], [ 2.3405, 6.41836 ] ], [ [ 2.33263, 6.41935 ], [ 2.33181, 6.41935 ], [ 2.33254, 6.41881 ], [ 2.33236, 6.41817 ], [ 2.33091, 6.41654 ], [ 2.33173, 6.41555 ], [ 2.33263, 6.41528 ], [ 2.3329, 6.41582 ], [ 2.33345, 6.41591 ], [ 2.33408, 6.4179 ], [ 2.33444, 6.418 ], [ 2.33399, 6.41845 ], [ 2.33353, 6.41836 ], [ 2.33381, 6.41763 ], [ 2.33317, 6.41736 ], [ 2.33272, 6.41826 ], [ 2.33344, 6.41845 ], [ 2.33353, 6.41899 ], [ 2.33254, 6.41989 ], [ 2.33263, 6.41935 ] ], [ [ 2.34439, 6.41195 ], [ 2.34322, 6.4114 ], [ 2.34268, 6.41167 ], [ 2.34286, 6.41122 ], [ 2.34223, 6.41095 ], [ 2.3425, 6.41004 ], [ 2.34141, 6.4105 ], [ 2.34141, 6.4095 ], [ 2.34386, 6.40932 ], [ 2.34503, 6.4124 ], [ 2.34466, 6.41303 ], [ 2.34439, 6.41195 ] ], [ [ 2.33318, 6.41275 ], [ 2.3321, 6.41157 ], [ 2.33128, 6.41211 ], [ 2.33029, 6.41129 ], [ 2.3302, 6.41066 ], [ 2.33128, 6.4103 ], [ 2.3311, 6.41066 ], [ 2.33164, 6.41103 ], [ 2.33174, 6.41057 ], [ 2.33137, 6.41021 ], [ 2.33174, 6.40931 ], [ 2.33246, 6.40958 ], [ 2.33228, 6.40876 ], [ 2.33319, 6.40831 ], [ 2.33382, 6.40913 ], [ 2.33273, 6.41003 ], [ 2.33219, 6.41103 ], [ 2.33345, 6.41139 ], [ 2.33454, 6.41012 ], [ 2.33526, 6.41058 ], [ 2.33535, 6.41103 ], [ 2.33427, 6.41193 ], [ 2.33345, 6.41193 ], [ 2.33309, 6.41148 ], [ 2.33354, 6.41257 ], [ 2.33318, 6.41275 ] ], [ [ 2.28553, 6.40852 ], [ 2.28471, 6.40843 ], [ 2.28471, 6.40807 ], [ 2.28517, 6.40725 ], [ 2.28598, 6.40725 ], [ 2.28652, 6.40816 ], [ 2.28607, 6.40943 ], [ 2.28552, 6.40924 ], [ 2.28553, 6.40852 ] ], [ [ 2.33898, 6.40696 ], [ 2.33852, 6.4057 ], [ 2.33916, 6.4057 ], [ 2.33925, 6.40506 ], [ 2.34061, 6.40534 ], [ 2.3406, 6.40651 ], [ 2.34006, 6.40687 ], [ 2.34033, 6.40597 ], [ 2.33997, 6.4057 ], [ 2.33952, 6.40579 ], [ 2.33952, 6.40651 ], [ 2.33889, 6.40642 ], [ 2.33898, 6.40696 ] ] ], [ [ [ 2.33041, 6.52122 ], [ 2.33042, 6.51977 ], [ 2.33096, 6.51995 ], [ 2.33087, 6.5185 ], [ 2.32942, 6.51841 ], [ 2.32915, 6.51805 ], [ 2.3296, 6.51769 ], [ 2.33015, 6.51805 ], [ 2.33069, 6.51787 ], [ 2.33015, 6.51633 ], [ 2.33051, 6.51588 ], [ 2.33178, 6.51606 ], [ 2.33214, 6.51769 ], [ 2.33159, 6.51805 ], [ 2.3325, 6.51796 ], [ 2.33286, 6.51896 ], [ 2.3334, 6.51841 ], [ 2.33585, 6.51869 ], [ 2.33485, 6.51995 ], [ 2.33485, 6.5205 ], [ 2.33593, 6.52041 ], [ 2.33566, 6.51959 ], [ 2.33648, 6.5186 ], [ 2.33621, 6.51706 ], [ 2.33585, 6.51679 ], [ 2.33458, 6.51715 ], [ 2.33449, 6.51679 ], [ 2.33485, 6.51697 ], [ 2.33549, 6.51597 ], [ 2.33431, 6.51597 ], [ 2.33495, 6.51507 ], [ 2.3326, 6.51344 ], [ 2.33323, 6.51317 ], [ 2.33323, 6.51353 ], [ 2.33377, 6.5138 ], [ 2.33395, 6.5129 ], [ 2.3344, 6.51326 ], [ 2.33495, 6.51317 ], [ 2.33468, 6.51245 ], [ 2.3335, 6.51262 ], [ 2.33377, 6.51208 ], [ 2.33423, 6.51226 ], [ 2.33468, 6.51181 ], [ 2.33459, 6.51136 ], [ 2.33323, 6.50955 ], [ 2.33242, 6.50973 ], [ 2.33278, 6.51027 ], [ 2.33341, 6.51009 ], [ 2.33387, 6.51045 ], [ 2.33323, 6.511 ], [ 2.33323, 6.51136 ], [ 2.33377, 6.51163 ], [ 2.33323, 6.51181 ], [ 2.33332, 6.51281 ], [ 2.33269, 6.51262 ], [ 2.33169, 6.51344 ], [ 2.33106, 6.51335 ], [ 2.3316, 6.51488 ], [ 2.33096, 6.51561 ], [ 2.33042, 6.51488 ], [ 2.33079, 6.51416 ], [ 2.33015, 6.51407 ], [ 2.33042, 6.51353 ], [ 2.32862, 6.51343 ], [ 2.32862, 6.51244 ], [ 2.32762, 6.5118 ], [ 2.32735, 6.51099 ], [ 2.32726, 6.50981 ], [ 2.32763, 6.50972 ], [ 2.32771, 6.51063 ], [ 2.32853, 6.5109 ], [ 2.32862, 6.51162 ], [ 2.32979, 6.51135 ], [ 2.32989, 6.51045 ], [ 2.32907, 6.51081 ], [ 2.32835, 6.51036 ], [ 2.32862, 6.50927 ], [ 2.32889, 6.50954 ], [ 2.32871, 6.51009 ], [ 2.32952, 6.50972 ], [ 2.32971, 6.50927 ], [ 2.32745, 6.50891 ], [ 2.32745, 6.50855 ], [ 2.32817, 6.50846 ], [ 2.32835, 6.50809 ], [ 2.32708, 6.50827 ], [ 2.32672, 6.50737 ], [ 2.32564, 6.50755 ], [ 2.32555, 6.50701 ], [ 2.32464, 6.50637 ], [ 2.32483, 6.50592 ], [ 2.32401, 6.5061 ], [ 2.32455, 6.50709 ], [ 2.3241, 6.508 ], [ 2.32446, 6.5089 ], [ 2.325, 6.50881 ], [ 2.325, 6.50945 ], [ 2.32609, 6.50936 ], [ 2.32618, 6.50972 ], [ 2.32536, 6.50999 ], [ 2.32482, 6.50954 ], [ 2.32392, 6.50999 ], [ 2.32364, 6.51062 ], [ 2.32401, 6.51126 ], [ 2.32355, 6.51125 ], [ 2.32355, 6.51153 ], [ 2.32473, 6.51153 ], [ 2.32491, 6.51098 ], [ 2.32437, 6.51107 ], [ 2.32437, 6.5108 ], [ 2.32518, 6.51017 ], [ 2.32518, 6.51062 ], [ 2.32572, 6.51071 ], [ 2.32609, 6.51171 ], [ 2.32699, 6.51162 ], [ 2.32726, 6.51189 ], [ 2.32708, 6.51253 ], [ 2.3278, 6.51343 ], [ 2.32708, 6.51307 ], [ 2.32672, 6.51343 ], [ 2.32708, 6.51343 ], [ 2.32726, 6.51388 ], [ 2.32816, 6.51343 ], [ 2.32871, 6.51361 ], [ 2.32825, 6.51479 ], [ 2.32925, 6.51515 ], [ 2.32961, 6.51579 ], [ 2.32925, 6.51615 ], [ 2.32816, 6.51596 ], [ 2.32789, 6.51687 ], [ 2.32716, 6.51669 ], [ 2.3268, 6.51687 ], [ 2.32698, 6.51741 ], [ 2.32798, 6.51759 ], [ 2.32798, 6.51723 ], [ 2.32934, 6.51624 ], [ 2.32942, 6.5176 ], [ 2.32816, 6.51823 ], [ 2.32743, 6.51804 ], [ 2.32698, 6.51895 ], [ 2.32861, 6.51913 ], [ 2.3287, 6.51949 ], [ 2.32825, 6.51995 ], [ 2.32906, 6.52049 ], [ 2.32996, 6.5204 ], [ 2.33005, 6.52103 ], [ 2.33041, 6.52122 ] ] ], [ [ [ 2.33146, 6.54899 ], [ 2.33273, 6.54926 ], [ 2.33246, 6.54845 ], [ 2.33183, 6.54845 ], [ 2.3311, 6.5479 ], [ 2.33029, 6.54817 ], [ 2.33101, 6.54854 ], [ 2.33092, 6.54953 ], [ 2.33146, 6.54899 ] ] ], [ [ [ 2.31951, 6.55802 ], [ 2.32041, 6.55802 ], [ 2.3206, 6.55757 ], [ 2.32051, 6.55721 ], [ 2.31888, 6.55675 ], [ 2.31897, 6.55639 ], [ 2.31951, 6.55685 ], [ 2.32033, 6.55667 ], [ 2.32024, 6.55612 ], [ 2.32069, 6.55585 ], [ 2.32015, 6.55504 ], [ 2.31924, 6.55522 ], [ 2.31942, 6.55576 ], [ 2.31915, 6.55594 ], [ 2.31816, 6.55576 ], [ 2.31834, 6.5563 ], [ 2.31752, 6.55657 ], [ 2.31779, 6.55693 ], [ 2.31906, 6.55712 ], [ 2.31897, 6.55847 ], [ 2.31951, 6.55802 ] ] ], [ [ [ 2.31832, 6.56707 ], [ 2.31832, 6.56625 ], [ 2.31859, 6.56671 ], [ 2.31986, 6.56689 ], [ 2.32022, 6.56671 ], [ 2.31959, 6.56662 ], [ 2.31977, 6.56616 ], [ 2.3204, 6.56607 ], [ 2.31968, 6.56499 ], [ 2.32041, 6.5649 ], [ 2.32004, 6.5639 ], [ 2.32068, 6.56381 ], [ 2.32077, 6.56291 ], [ 2.3214, 6.5639 ], [ 2.32122, 6.56445 ], [ 2.32185, 6.56472 ], [ 2.32176, 6.56363 ], [ 2.32122, 6.56309 ], [ 2.32177, 6.56237 ], [ 2.32122, 6.56255 ], [ 2.32068, 6.56173 ], [ 2.3215, 6.56155 ], [ 2.32195, 6.56191 ], [ 2.32231, 6.56164 ], [ 2.32195, 6.56083 ], [ 2.32213, 6.56011 ], [ 2.32159, 6.56065 ], [ 2.32095, 6.56029 ], [ 2.32041, 6.56146 ], [ 2.32005, 6.56146 ], [ 2.32005, 6.56092 ], [ 2.31905, 6.56119 ], [ 2.31824, 6.56091 ], [ 2.31742, 6.56164 ], [ 2.31697, 6.56137 ], [ 2.31652, 6.56164 ], [ 2.31661, 6.56227 ], [ 2.31724, 6.56218 ], [ 2.31751, 6.56318 ], [ 2.3195, 6.56426 ], [ 2.31932, 6.56481 ], [ 2.31878, 6.56481 ], [ 2.3185, 6.56535 ], [ 2.3195, 6.56616 ], [ 2.3185, 6.56625 ], [ 2.31859, 6.56607 ], [ 2.3185, 6.56562 ], [ 2.31778, 6.56607 ], [ 2.31796, 6.56661 ], [ 2.31733, 6.56725 ], [ 2.31832, 6.56707 ] ] ], [ [ [ 2.31669, 6.56652 ], [ 2.31697, 6.56516 ], [ 2.31624, 6.56462 ], [ 2.31561, 6.56489 ], [ 2.31579, 6.56426 ], [ 2.31543, 6.56417 ], [ 2.31498, 6.56516 ], [ 2.31588, 6.56534 ], [ 2.31642, 6.56589 ], [ 2.31615, 6.56643 ], [ 2.31669, 6.56652 ] ] ], [ [ [ 2.31705, 6.57313 ], [ 2.31687, 6.57222 ], [ 2.31641, 6.5724 ], [ 2.3156, 6.57041 ], [ 2.3147, 6.57023 ], [ 2.31515, 6.57059 ], [ 2.31479, 6.57149 ], [ 2.31443, 6.57158 ], [ 2.3147, 6.57204 ], [ 2.31515, 6.57222 ], [ 2.3156, 6.57131 ], [ 2.31605, 6.57168 ], [ 2.31578, 6.57285 ], [ 2.31705, 6.57313 ] ] ], [ [ [ 2.33945, 6.5946 ], [ 2.33991, 6.59297 ], [ 2.34081, 6.59351 ], [ 2.34081, 6.59297 ], [ 2.34145, 6.5927 ], [ 2.34136, 6.59216 ], [ 2.34081, 6.59189 ], [ 2.34091, 6.59134 ], [ 2.34054, 6.59161 ], [ 2.33973, 6.59134 ], [ 2.33964, 6.59026 ], [ 2.34036, 6.59017 ], [ 2.34055, 6.58953 ], [ 2.34109, 6.58953 ], [ 2.34073, 6.59008 ], [ 2.34109, 6.59026 ], [ 2.34127, 6.59134 ], [ 2.3419, 6.59143 ], [ 2.34208, 6.5908 ], [ 2.34172, 6.59026 ], [ 2.34181, 6.58962 ], [ 2.34127, 6.58926 ], [ 2.34127, 6.58827 ], [ 2.34019, 6.58736 ], [ 2.34037, 6.58655 ], [ 2.34082, 6.58655 ], [ 2.34064, 6.58718 ], [ 2.34136, 6.58718 ], [ 2.34155, 6.58637 ], [ 2.34227, 6.58619 ], [ 2.34137, 6.58528 ], [ 2.34173, 6.58492 ], [ 2.34155, 6.58429 ], [ 2.34073, 6.58383 ], [ 2.34209, 6.58293 ], [ 2.34264, 6.58311 ], [ 2.34264, 6.58275 ], [ 2.34137, 6.58193 ], [ 2.34101, 6.58221 ], [ 2.34137, 6.58302 ], [ 2.34101, 6.58329 ], [ 2.34046, 6.58311 ], [ 2.33965, 6.58383 ], [ 2.34064, 6.58519 ], [ 2.34055, 6.58564 ], [ 2.33865, 6.58446 ], [ 2.33802, 6.58473 ], [ 2.33847, 6.58383 ], [ 2.33748, 6.5832 ], [ 2.33748, 6.58446 ], [ 2.33793, 6.58482 ], [ 2.33729, 6.58573 ], [ 2.33793, 6.58573 ], [ 2.33892, 6.58501 ], [ 2.33829, 6.58636 ], [ 2.33874, 6.58636 ], [ 2.33874, 6.58682 ], [ 2.33937, 6.58664 ], [ 2.3401, 6.58709 ], [ 2.34019, 6.58827 ], [ 2.3391, 6.58817 ], [ 2.33874, 6.58854 ], [ 2.33883, 6.58926 ], [ 2.33838, 6.58935 ], [ 2.33819, 6.58881 ], [ 2.33829, 6.5889 ], [ 2.33856, 6.58881 ], [ 2.33802, 6.58799 ], [ 2.33838, 6.58709 ], [ 2.33775, 6.58645 ], [ 2.33702, 6.58672 ], [ 2.33702, 6.58727 ], [ 2.33639, 6.58699 ], [ 2.33602, 6.58781 ], [ 2.33603, 6.58645 ], [ 2.33558, 6.586 ], [ 2.33621, 6.58609 ], [ 2.33612, 6.58564 ], [ 2.33503, 6.58591 ], [ 2.33512, 6.58654 ], [ 2.33557, 6.58681 ], [ 2.3353, 6.58717 ], [ 2.33521, 6.58672 ], [ 2.33476, 6.58672 ], [ 2.33521, 6.58754 ], [ 2.3344, 6.58744 ], [ 2.33467, 6.58781 ], [ 2.33521, 6.58763 ], [ 2.33566, 6.58817 ], [ 2.33494, 6.58826 ], [ 2.33512, 6.58889 ], [ 2.33485, 6.58925 ], [ 2.33557, 6.58935 ], [ 2.33557, 6.5898 ], [ 2.3343, 6.59088 ], [ 2.33457, 6.59133 ], [ 2.3343, 6.59206 ], [ 2.33484, 6.59224 ], [ 2.33502, 6.59152 ], [ 2.33548, 6.59206 ], [ 2.33647, 6.59161 ], [ 2.3362, 6.59097 ], [ 2.33575, 6.59143 ], [ 2.3353, 6.59143 ], [ 2.3353, 6.59097 ], [ 2.33575, 6.59088 ], [ 2.33584, 6.59025 ], [ 2.33711, 6.59025 ], [ 2.33675, 6.58971 ], [ 2.33693, 6.58926 ], [ 2.33648, 6.58917 ], [ 2.3362, 6.58862 ], [ 2.33765, 6.58808 ], [ 2.33774, 6.58944 ], [ 2.33828, 6.58998 ], [ 2.33819, 6.5908 ], [ 2.33855, 6.59089 ], [ 2.33874, 6.59007 ], [ 2.33901, 6.59089 ], [ 2.33774, 6.59161 ], [ 2.33765, 6.59107 ], [ 2.33801, 6.59061 ], [ 2.33783, 6.5898 ], [ 2.33747, 6.58989 ], [ 2.33738, 6.59188 ], [ 2.33701, 6.59269 ], [ 2.33656, 6.59269 ], [ 2.33701, 6.59351 ], [ 2.33629, 6.59405 ], [ 2.33746, 6.59423 ], [ 2.33783, 6.59324 ], [ 2.33792, 6.59396 ], [ 2.33855, 6.59423 ], [ 2.33837, 6.59487 ], [ 2.339, 6.59505 ], [ 2.33945, 6.5946 ] ] ], [ [ [ 2.34307, 6.59388 ], [ 2.34407, 6.59261 ], [ 2.34425, 6.59288 ], [ 2.34371, 6.59352 ], [ 2.34452, 6.59352 ], [ 2.34498, 6.59207 ], [ 2.34588, 6.59243 ], [ 2.34597, 6.59298 ], [ 2.34678, 6.5928 ], [ 2.34651, 6.59216 ], [ 2.34588, 6.59216 ], [ 2.34561, 6.59162 ], [ 2.34507, 6.59171 ], [ 2.3448, 6.59099 ], [ 2.3457, 6.58963 ], [ 2.34634, 6.5899 ], [ 2.34579, 6.58854 ], [ 2.34598, 6.58728 ], [ 2.3467, 6.58701 ], [ 2.34652, 6.58737 ], [ 2.34742, 6.58755 ], [ 2.34761, 6.58719 ], [ 2.34679, 6.58701 ], [ 2.34688, 6.58656 ], [ 2.34743, 6.58692 ], [ 2.34833, 6.58683 ], [ 2.34743, 6.58601 ], [ 2.34734, 6.58529 ], [ 2.34688, 6.58529 ], [ 2.34697, 6.5861 ], [ 2.3467, 6.58628 ], [ 2.34589, 6.58619 ], [ 2.34607, 6.58547 ], [ 2.34652, 6.58538 ], [ 2.3467, 6.58484 ], [ 2.34734, 6.58493 ], [ 2.34752, 6.5842 ], [ 2.34634, 6.58384 ], [ 2.34652, 6.58429 ], [ 2.34625, 6.58438 ], [ 2.34589, 6.58339 ], [ 2.34544, 6.58366 ], [ 2.34526, 6.58339 ], [ 2.34417, 6.58339 ], [ 2.34399, 6.58384 ], [ 2.34471, 6.58447 ], [ 2.34372, 6.58447 ], [ 2.34363, 6.58501 ], [ 2.3429, 6.58501 ], [ 2.3429, 6.58546 ], [ 2.34435, 6.58565 ], [ 2.34453, 6.5861 ], [ 2.34553, 6.58583 ], [ 2.34553, 6.58628 ], [ 2.34507, 6.58646 ], [ 2.34525, 6.58719 ], [ 2.34435, 6.5871 ], [ 2.3439, 6.588 ], [ 2.34299, 6.58818 ], [ 2.34299, 6.58854 ], [ 2.34416, 6.58954 ], [ 2.34489, 6.58936 ], [ 2.34471, 6.59071 ], [ 2.34344, 6.59026 ], [ 2.34425, 6.59135 ], [ 2.3438, 6.59144 ], [ 2.34344, 6.59089 ], [ 2.34299, 6.59116 ], [ 2.34308, 6.59171 ], [ 2.3438, 6.59216 ], [ 2.34371, 6.59261 ], [ 2.34298, 6.59297 ], [ 2.34289, 6.59225 ], [ 2.34199, 6.59198 ], [ 2.3419, 6.59252 ], [ 2.34289, 6.59297 ], [ 2.34271, 6.59352 ], [ 2.34307, 6.59388 ] ] ], [ [ [ 2.31385, 6.59529 ], [ 2.31521, 6.59493 ], [ 2.31602, 6.59565 ], [ 2.3162, 6.59511 ], [ 2.31575, 6.59466 ], [ 2.31729, 6.59421 ], [ 2.31774, 6.59484 ], [ 2.3181, 6.59439 ], [ 2.31892, 6.5943 ], [ 2.31928, 6.59529 ], [ 2.31964, 6.59539 ], [ 2.31937, 6.59385 ], [ 2.31865, 6.59339 ], [ 2.31819, 6.59385 ], [ 2.31783, 6.59366 ], [ 2.31783, 6.59321 ], [ 2.31838, 6.59276 ], [ 2.31811, 6.59222 ], [ 2.31856, 6.59204 ], [ 2.31847, 6.59249 ], [ 2.31883, 6.59249 ], [ 2.31901, 6.59131 ], [ 2.31838, 6.59149 ], [ 2.31784, 6.59059 ], [ 2.31666, 6.59059 ], [ 2.31594, 6.59167 ], [ 2.31576, 6.59122 ], [ 2.31603, 6.59086 ], [ 2.31548, 6.59077 ], [ 2.31585, 6.59031 ], [ 2.3154, 6.58986 ], [ 2.31521, 6.59104 ], [ 2.31548, 6.59167 ], [ 2.31503, 6.59149 ], [ 2.31476, 6.59067 ], [ 2.31431, 6.59122 ], [ 2.31431, 6.59239 ], [ 2.31485, 6.59285 ], [ 2.31485, 6.59456 ], [ 2.31457, 6.59474 ], [ 2.31439, 6.5942 ], [ 2.31394, 6.59474 ], [ 2.31331, 6.59456 ], [ 2.31304, 6.59556 ], [ 2.31358, 6.59574 ], [ 2.31385, 6.59529 ] ] ], [ [ [ 2.33863, 6.59831 ], [ 2.33963, 6.59686 ], [ 2.34135, 6.59786 ], [ 2.34189, 6.59759 ], [ 2.34171, 6.5965 ], [ 2.34081, 6.59596 ], [ 2.34135, 6.59496 ], [ 2.34054, 6.59378 ], [ 2.34009, 6.59415 ], [ 2.34063, 6.59487 ], [ 2.34027, 6.59532 ], [ 2.34072, 6.59587 ], [ 2.34054, 6.59632 ], [ 2.33954, 6.59677 ], [ 2.33882, 6.59623 ], [ 2.33882, 6.59677 ], [ 2.33818, 6.59695 ], [ 2.33882, 6.59731 ], [ 2.33845, 6.59785 ], [ 2.33863, 6.59831 ] ] ], [ [ [ 2.32027, 6.59855 ], [ 2.32054, 6.5972 ], [ 2.32118, 6.59711 ], [ 2.32199, 6.59512 ], [ 2.32208, 6.59593 ], [ 2.32262, 6.59629 ], [ 2.32271, 6.59684 ], [ 2.32326, 6.59684 ], [ 2.32244, 6.59602 ], [ 2.32299, 6.59403 ], [ 2.32208, 6.59476 ], [ 2.32118, 6.59484 ], [ 2.32091, 6.5943 ], [ 2.32018, 6.59457 ], [ 2.32018, 6.59539 ], [ 2.32082, 6.59502 ], [ 2.32163, 6.59575 ], [ 2.321, 6.59575 ], [ 2.32118, 6.59665 ], [ 2.31991, 6.59729 ], [ 2.31973, 6.59819 ], [ 2.32027, 6.59855 ] ] ], [ [ [ 2.31928, 6.5971 ], [ 2.32054, 6.59638 ], [ 2.31982, 6.59584 ], [ 2.31846, 6.59602 ], [ 2.31819, 6.59638 ], [ 2.31837, 6.59701 ], [ 2.31882, 6.59647 ], [ 2.31919, 6.59656 ], [ 2.31928, 6.5971 ] ] ], [ [ [ 2.34695, 6.60094 ], [ 2.34795, 6.60013 ], [ 2.34822, 6.60058 ], [ 2.34876, 6.6004 ], [ 2.34922, 6.60076 ], [ 2.34904, 6.60004 ], [ 2.35021, 6.60004 ], [ 2.34958, 6.59877 ], [ 2.34859, 6.59832 ], [ 2.34841, 6.59787 ], [ 2.34804, 6.59787 ], [ 2.34822, 6.59895 ], [ 2.34904, 6.59886 ], [ 2.3494, 6.59922 ], [ 2.34922, 6.5995 ], [ 2.34976, 6.59986 ], [ 2.34913, 6.59968 ], [ 2.34913, 6.59941 ], [ 2.34813, 6.59949 ], [ 2.34795, 6.59986 ], [ 2.3475, 6.59931 ], [ 2.34623, 6.59958 ], [ 2.34614, 6.6004 ], [ 2.34659, 6.59994 ], [ 2.34714, 6.60013 ], [ 2.34732, 6.59967 ], [ 2.34695, 6.60094 ] ] ], [ [ [ 2.31864, 6.60199 ], [ 2.319, 6.6009 ], [ 2.31846, 6.60054 ], [ 2.31818, 6.60144 ], [ 2.31764, 6.60117 ], [ 2.31719, 6.60162 ], [ 2.31692, 6.60126 ], [ 2.31665, 6.60199 ], [ 2.31728, 6.60171 ], [ 2.31728, 6.60217 ], [ 2.31809, 6.60226 ], [ 2.31864, 6.60199 ] ] ], [ [ [ 2.34614, 6.60266 ], [ 2.34578, 6.60221 ], [ 2.34596, 6.60112 ], [ 2.34668, 6.60148 ], [ 2.34686, 6.60103 ], [ 2.34614, 6.60049 ], [ 2.34514, 6.60112 ], [ 2.34523, 6.60211 ], [ 2.34442, 6.60257 ], [ 2.34397, 6.60202 ], [ 2.34342, 6.6022 ], [ 2.34352, 6.60112 ], [ 2.34306, 6.60103 ], [ 2.34279, 6.60148 ], [ 2.34342, 6.60293 ], [ 2.34514, 6.60257 ], [ 2.34596, 6.60365 ], [ 2.34614, 6.60266 ] ] ], [ [ [ 2.32877, 6.60408 ], [ 2.32994, 6.60372 ], [ 2.33003, 6.60336 ], [ 2.32895, 6.60336 ], [ 2.32859, 6.60381 ], [ 2.3284, 6.60336 ], [ 2.32868, 6.60309 ], [ 2.32813, 6.60254 ], [ 2.32777, 6.60345 ], [ 2.32795, 6.60444 ], [ 2.32886, 6.60435 ], [ 2.32877, 6.60408 ] ] ], [ [ [ 2.335, 6.60699 ], [ 2.33474, 6.60481 ], [ 2.33591, 6.60527 ], [ 2.33636, 6.60473 ], [ 2.33582, 6.60491 ], [ 2.33546, 6.60436 ], [ 2.33483, 6.60427 ], [ 2.33437, 6.60463 ], [ 2.33275, 6.60354 ], [ 2.33302, 6.60535 ], [ 2.33238, 6.60563 ], [ 2.33166, 6.60535 ], [ 2.33166, 6.6059 ], [ 2.33256, 6.60635 ], [ 2.33265, 6.6059 ], [ 2.33401, 6.60572 ], [ 2.33446, 6.60617 ], [ 2.33428, 6.60735 ], [ 2.335, 6.60699 ] ] ], [ [ [ 2.33012, 6.60716 ], [ 2.33012, 6.60526 ], [ 2.32976, 6.60535 ], [ 2.32985, 6.6058 ], [ 2.32949, 6.60535 ], [ 2.32885, 6.60553 ], [ 2.32858, 6.60526 ], [ 2.3284, 6.6058 ], [ 2.32931, 6.60616 ], [ 2.32912, 6.60662 ], [ 2.32976, 6.60662 ], [ 2.33012, 6.60716 ] ] ], [ [ [ 2.34496, 6.60772 ], [ 2.34478, 6.60682 ], [ 2.34613, 6.60555 ], [ 2.34577, 6.6051 ], [ 2.34523, 6.60537 ], [ 2.34523, 6.60492 ], [ 2.3446, 6.60519 ], [ 2.34396, 6.60483 ], [ 2.34333, 6.60546 ], [ 2.34387, 6.60636 ], [ 2.34342, 6.60664 ], [ 2.34369, 6.60709 ], [ 2.34342, 6.60772 ], [ 2.34441, 6.60808 ], [ 2.34496, 6.60772 ] ] ], [ [ [ 2.33934, 6.60889 ], [ 2.34025, 6.60862 ], [ 2.34007, 6.60808 ], [ 2.3398, 6.60817 ], [ 2.33998, 6.6079 ], [ 2.33971, 6.60817 ], [ 2.33862, 6.60799 ], [ 2.33826, 6.60735 ], [ 2.33754, 6.60726 ], [ 2.33763, 6.6078 ], [ 2.33826, 6.60808 ], [ 2.33844, 6.60916 ], [ 2.33871, 6.60889 ], [ 2.3388, 6.60934 ], [ 2.33925, 6.60934 ], [ 2.33934, 6.60889 ] ] ], [ [ [ 2.33065, 6.61358 ], [ 2.33138, 6.61223 ], [ 2.33065, 6.61223 ], [ 2.33102, 6.61178 ], [ 2.33192, 6.61178 ], [ 2.33147, 6.61241 ], [ 2.33183, 6.61241 ], [ 2.33219, 6.61304 ], [ 2.33264, 6.61259 ], [ 2.33337, 6.61277 ], [ 2.334, 6.61178 ], [ 2.33346, 6.61124 ], [ 2.33364, 6.61015 ], [ 2.33337, 6.60979 ], [ 2.33364, 6.60943 ], [ 2.33229, 6.60933 ], [ 2.33265, 6.6087 ], [ 2.33256, 6.60798 ], [ 2.33193, 6.60798 ], [ 2.3322, 6.60879 ], [ 2.33093, 6.60779 ], [ 2.32966, 6.60843 ], [ 2.32994, 6.60897 ], [ 2.32957, 6.60924 ], [ 2.32849, 6.6087 ], [ 2.32849, 6.60987 ], [ 2.32812, 6.60969 ], [ 2.32822, 6.60915 ], [ 2.32731, 6.60942 ], [ 2.32731, 6.60969 ], [ 2.32803, 6.60987 ], [ 2.32785, 6.61032 ], [ 2.32867, 6.61069 ], [ 2.32731, 6.61114 ], [ 2.32704, 6.61159 ], [ 2.32867, 6.61132 ], [ 2.32894, 6.61032 ], [ 2.33029, 6.61078 ], [ 2.32975, 6.61168 ], [ 2.32903, 6.6115 ], [ 2.32821, 6.61222 ], [ 2.32749, 6.61222 ], [ 2.32776, 6.61331 ], [ 2.3283, 6.6134 ], [ 2.32875, 6.61304 ], [ 2.32894, 6.61232 ], [ 2.32921, 6.61232 ], [ 2.32911, 6.6134 ], [ 2.3302, 6.61313 ], [ 2.33065, 6.61358 ] ] ], [ [ [ 2.32541, 6.61367 ], [ 2.3274, 6.61367 ], [ 2.32758, 6.61331 ], [ 2.32703, 6.61322 ], [ 2.32676, 6.61249 ], [ 2.32586, 6.61303 ], [ 2.32604, 6.6124 ], [ 2.32532, 6.6124 ], [ 2.32513, 6.61331 ], [ 2.32541, 6.61367 ] ] ], [ [ [ 2.33164, 6.6182 ], [ 2.33137, 6.61729 ], [ 2.33191, 6.61702 ], [ 2.33273, 6.61793 ], [ 2.33345, 6.61739 ], [ 2.3339, 6.61748 ], [ 2.33381, 6.61793 ], [ 2.33336, 6.61775 ], [ 2.33309, 6.6182 ], [ 2.33445, 6.6182 ], [ 2.33382, 6.61675 ], [ 2.334, 6.61648 ], [ 2.33472, 6.61676 ], [ 2.33445, 6.61522 ], [ 2.33517, 6.61576 ], [ 2.33536, 6.61477 ], [ 2.33554, 6.61531 ], [ 2.33671, 6.61486 ], [ 2.33653, 6.61404 ], [ 2.33681, 6.61341 ], [ 2.33644, 6.61269 ], [ 2.33464, 6.61241 ], [ 2.33436, 6.61368 ], [ 2.33364, 6.61431 ], [ 2.33364, 6.61522 ], [ 2.33309, 6.61522 ], [ 2.33336, 6.61576 ], [ 2.33291, 6.61648 ], [ 2.33237, 6.61621 ], [ 2.33201, 6.61666 ], [ 2.33146, 6.61603 ], [ 2.33092, 6.61603 ], [ 2.33128, 6.61666 ], [ 2.33065, 6.61802 ], [ 2.33164, 6.6182 ] ] ], [ [ [ 2.34603, 6.61695 ], [ 2.34521, 6.61668 ], [ 2.34567, 6.61559 ], [ 2.34739, 6.61542 ], [ 2.34766, 6.61587 ], [ 2.34684, 6.61614 ], [ 2.34711, 6.61659 ], [ 2.34829, 6.61605 ], [ 2.34811, 6.61524 ], [ 2.34567, 6.61523 ], [ 2.34522, 6.61596 ], [ 2.3444, 6.61577 ], [ 2.3444, 6.61659 ], [ 2.34512, 6.61659 ], [ 2.34558, 6.61731 ], [ 2.34603, 6.61695 ] ] ], [ [ [ 2.32721, 6.6181 ], [ 2.32685, 6.61801 ], [ 2.32694, 6.61693 ], [ 2.32748, 6.61729 ], [ 2.32775, 6.61693 ], [ 2.32848, 6.6172 ], [ 2.32857, 6.61657 ], [ 2.32884, 6.61657 ], [ 2.33001, 6.61729 ], [ 2.3302, 6.61639 ], [ 2.3292, 6.61584 ], [ 2.32884, 6.61602 ], [ 2.32785, 6.61476 ], [ 2.32703, 6.61503 ], [ 2.32739, 6.61448 ], [ 2.32703, 6.61421 ], [ 2.32631, 6.61512 ], [ 2.32577, 6.61466 ], [ 2.3254, 6.61502 ], [ 2.32595, 6.61539 ], [ 2.32631, 6.61674 ], [ 2.32667, 6.61675 ], [ 2.32658, 6.61828 ], [ 2.32694, 6.61846 ], [ 2.32721, 6.6181 ] ] ], [ [ [ 2.33924, 6.62065 ], [ 2.34114, 6.62075 ], [ 2.33996, 6.61948 ], [ 2.34178, 6.61803 ], [ 2.34196, 6.61695 ], [ 2.34259, 6.61677 ], [ 2.34232, 6.61622 ], [ 2.34096, 6.61722 ], [ 2.34069, 6.61722 ], [ 2.3406, 6.61658 ], [ 2.34006, 6.61713 ], [ 2.33951, 6.61685 ], [ 2.33924, 6.6174 ], [ 2.33978, 6.61821 ], [ 2.3396, 6.61921 ], [ 2.33843, 6.61957 ], [ 2.33824, 6.6202 ], [ 2.33743, 6.62038 ], [ 2.33797, 6.62083 ], [ 2.33842, 6.6202 ], [ 2.33897, 6.62011 ], [ 2.33951, 6.62029 ], [ 2.33915, 6.62038 ], [ 2.33924, 6.62065 ] ] ], [ [ [ 2.33227, 6.61947 ], [ 2.33191, 6.61929 ], [ 2.33182, 6.61974 ], [ 2.33137, 6.61965 ], [ 2.33092, 6.61865 ], [ 2.33046, 6.61928 ], [ 2.3292, 6.61892 ], [ 2.32838, 6.6182 ], [ 2.32811, 6.61847 ], [ 2.32874, 6.61973 ], [ 2.32992, 6.61928 ], [ 2.33001, 6.61964 ], [ 2.33055, 6.61946 ], [ 2.33092, 6.61992 ], [ 2.33191, 6.62001 ], [ 2.33227, 6.61947 ] ] ], [ [ [ 2.34548, 6.62093 ], [ 2.34485, 6.61957 ], [ 2.34548, 6.61957 ], [ 2.34548, 6.61849 ], [ 2.34612, 6.61813 ], [ 2.34612, 6.61777 ], [ 2.3453, 6.61795 ], [ 2.34485, 6.61767 ], [ 2.34494, 6.61822 ], [ 2.34404, 6.61858 ], [ 2.34404, 6.6193 ], [ 2.3434, 6.61894 ], [ 2.34304, 6.6193 ], [ 2.34277, 6.61912 ], [ 2.34277, 6.61957 ], [ 2.34476, 6.6203 ], [ 2.34494, 6.62093 ], [ 2.3444, 6.62084 ], [ 2.34421, 6.62147 ], [ 2.34521, 6.62166 ], [ 2.34548, 6.62093 ] ] ], [ [ [ 2.33308, 6.62254 ], [ 2.33363, 6.62119 ], [ 2.33372, 6.62164 ], [ 2.33417, 6.62164 ], [ 2.33327, 6.62028 ], [ 2.33345, 6.61902 ], [ 2.33318, 6.61893 ], [ 2.33245, 6.62037 ], [ 2.33336, 6.62092 ], [ 2.33236, 6.62128 ], [ 2.33164, 6.62082 ], [ 2.332, 6.62155 ], [ 2.33173, 6.62218 ], [ 2.33308, 6.62254 ] ] ], [ [ [ 2.33634, 6.62146 ], [ 2.33689, 6.62119 ], [ 2.33698, 6.62011 ], [ 2.33653, 6.61992 ], [ 2.33562, 6.62029 ], [ 2.33435, 6.61992 ], [ 2.33426, 6.62101 ], [ 2.33462, 6.62191 ], [ 2.33553, 6.62173 ], [ 2.33607, 6.62219 ], [ 2.33634, 6.62146 ] ] ], [ [ [ 2.34475, 6.626 ], [ 2.34457, 6.62446 ], [ 2.3453, 6.62401 ], [ 2.34611, 6.62428 ], [ 2.34593, 6.62338 ], [ 2.34693, 6.62292 ], [ 2.34702, 6.62238 ], [ 2.34657, 6.62157 ], [ 2.34756, 6.62157 ], [ 2.34802, 6.61994 ], [ 2.34738, 6.62039 ], [ 2.34639, 6.6203 ], [ 2.34675, 6.62111 ], [ 2.34629, 6.62157 ], [ 2.34638, 6.62202 ], [ 2.34584, 6.62202 ], [ 2.34584, 6.62157 ], [ 2.34548, 6.62175 ], [ 2.34503, 6.62337 ], [ 2.3443, 6.62355 ], [ 2.34403, 6.62328 ], [ 2.34394, 6.62392 ], [ 2.3434, 6.62382 ], [ 2.34321, 6.62446 ], [ 2.3424, 6.62473 ], [ 2.34267, 6.62599 ], [ 2.34321, 6.6259 ], [ 2.34348, 6.62527 ], [ 2.34412, 6.62618 ], [ 2.34475, 6.626 ] ] ], [ [ [ 2.33317, 6.62481 ], [ 2.33426, 6.62472 ], [ 2.33435, 6.62535 ], [ 2.33489, 6.62526 ], [ 2.33435, 6.62336 ], [ 2.33399, 6.62345 ], [ 2.33426, 6.6239 ], [ 2.33399, 6.62454 ], [ 2.33335, 6.62453 ], [ 2.33326, 6.6239 ], [ 2.33254, 6.62426 ], [ 2.33308, 6.62544 ], [ 2.33389, 6.62544 ], [ 2.33317, 6.62481 ] ] ], [ [ [ 2.33118, 6.62507 ], [ 2.33218, 6.62453 ], [ 2.33136, 6.62399 ], [ 2.33118, 6.62327 ], [ 2.33019, 6.62317 ], [ 2.3301, 6.62453 ], [ 2.33082, 6.62562 ], [ 2.33118, 6.62507 ] ] ], [ [ [ 2.33136, 6.62716 ], [ 2.33073, 6.6267 ], [ 2.33082, 6.62571 ], [ 2.32955, 6.62498 ], [ 2.32928, 6.62589 ], [ 2.32991, 6.62571 ], [ 2.32991, 6.62607 ], [ 2.33036, 6.62625 ], [ 2.33045, 6.62715 ], [ 2.33136, 6.62716 ] ] ], [ [ [ 2.34588, 6.66291 ], [ 2.34597, 6.66155 ], [ 2.3447, 6.66056 ], [ 2.34461, 6.66101 ], [ 2.34507, 6.66146 ], [ 2.34497, 6.66291 ], [ 2.34588, 6.66291 ] ] ], [ [ [ 2.34098, 6.66806 ], [ 2.34135, 6.66698 ], [ 2.3409, 6.66716 ], [ 2.34062, 6.66688 ], [ 2.34063, 6.66616 ], [ 2.34008, 6.66607 ], [ 2.33981, 6.66652 ], [ 2.33999, 6.66743 ], [ 2.33909, 6.66733 ], [ 2.33872, 6.66779 ], [ 2.34026, 6.66761 ], [ 2.34098, 6.66806 ] ] ], [ [ [ 2.3408, 6.67349 ], [ 2.34089, 6.67295 ], [ 2.33998, 6.67267 ], [ 2.33935, 6.67159 ], [ 2.33863, 6.67186 ], [ 2.33908, 6.67258 ], [ 2.33971, 6.67285 ], [ 2.33998, 6.67394 ], [ 2.3408, 6.67349 ] ] ], [ [ [ 2.33473, 6.67619 ], [ 2.33518, 6.67628 ], [ 2.33536, 6.67746 ], [ 2.33609, 6.67755 ], [ 2.33609, 6.67647 ], [ 2.33573, 6.67601 ], [ 2.33618, 6.67565 ], [ 2.33618, 6.67439 ], [ 2.33564, 6.67321 ], [ 2.33528, 6.67339 ], [ 2.33582, 6.67484 ], [ 2.33537, 6.6752 ], [ 2.33464, 6.6752 ], [ 2.33455, 6.67457 ], [ 2.33401, 6.67465 ], [ 2.33401, 6.67366 ], [ 2.33301, 6.67366 ], [ 2.33338, 6.67384 ], [ 2.33301, 6.67438 ], [ 2.33347, 6.67493 ], [ 2.33355, 6.67583 ], [ 2.33365, 6.67493 ], [ 2.33419, 6.67511 ], [ 2.33383, 6.6752 ], [ 2.33382, 6.6771 ], [ 2.33419, 6.6771 ], [ 2.33391, 6.67746 ], [ 2.33428, 6.67755 ], [ 2.33446, 6.67692 ], [ 2.33437, 6.67773 ], [ 2.33482, 6.6771 ], [ 2.33473, 6.67619 ] ] ], [ [ [ 2.33844, 6.6762 ], [ 2.33772, 6.67575 ], [ 2.33727, 6.67457 ], [ 2.33681, 6.67475 ], [ 2.33735, 6.67665 ], [ 2.33853, 6.67701 ], [ 2.33844, 6.6762 ] ] ], [ [ [ 2.33355, 6.67601 ], [ 2.33373, 6.67628 ], [ 2.33374, 6.67601 ], [ 2.33355, 6.67601 ] ] ], [ [ [ 2.33554, 6.67918 ], [ 2.33654, 6.679 ], [ 2.33609, 6.67782 ], [ 2.33536, 6.67782 ], [ 2.33554, 6.67855 ], [ 2.33445, 6.67945 ], [ 2.33509, 6.67981 ], [ 2.33554, 6.67918 ] ] ], [ [ [ 2.36414, 6.45748 ], [ 2.36261, 6.45512 ], [ 2.36234, 6.45503 ], [ 2.36216, 6.45548 ], [ 2.36279, 6.45675 ], [ 2.3636, 6.45739 ], [ 2.36405, 6.45838 ], [ 2.36432, 6.45829 ], [ 2.36414, 6.45748 ] ] ], [ [ [ 2.37684, 6.5058 ], [ 2.37557, 6.50571 ], [ 2.37548, 6.50526 ], [ 2.37422, 6.50426 ], [ 2.37322, 6.5048 ], [ 2.37349, 6.50562 ], [ 2.37403, 6.50535 ], [ 2.37367, 6.50499 ], [ 2.37385, 6.50481 ], [ 2.37666, 6.5068 ], [ 2.37702, 6.50635 ], [ 2.37684, 6.5058 ] ] ], [ [ [ 2.38175, 6.56073 ], [ 2.38247, 6.55991 ], [ 2.3831, 6.56009 ], [ 2.38337, 6.55964 ], [ 2.3831, 6.55847 ], [ 2.38193, 6.5572 ], [ 2.38166, 6.55729 ], [ 2.38193, 6.55792 ], [ 2.3813, 6.55774 ], [ 2.38075, 6.55873 ], [ 2.38166, 6.55874 ], [ 2.38147, 6.55982 ], [ 2.38175, 6.56073 ] ] ], [ [ [ 2.3575, 6.56404 ], [ 2.35804, 6.56178 ], [ 2.3575, 6.56196 ], [ 2.35723, 6.56151 ], [ 2.35732, 6.56205 ], [ 2.35687, 6.56214 ], [ 2.35687, 6.56259 ], [ 2.3575, 6.56259 ], [ 2.3575, 6.56314 ], [ 2.35705, 6.56332 ], [ 2.35668, 6.56296 ], [ 2.35632, 6.56359 ], [ 2.35668, 6.56404 ], [ 2.3575, 6.56404 ] ] ], [ [ [ 2.36265, 6.56586 ], [ 2.36301, 6.56541 ], [ 2.36392, 6.56586 ], [ 2.36455, 6.56559 ], [ 2.36428, 6.56523 ], [ 2.36356, 6.56523 ], [ 2.36374, 6.56369 ], [ 2.36238, 6.56477 ], [ 2.36283, 6.56486 ], [ 2.36274, 6.56532 ], [ 2.36166, 6.56559 ], [ 2.36175, 6.56595 ], [ 2.36265, 6.56586 ] ] ], [ [ [ 2.3687, 6.57636 ], [ 2.36915, 6.57518 ], [ 2.36816, 6.57509 ], [ 2.36825, 6.57428 ], [ 2.36762, 6.57337 ], [ 2.36707, 6.57328 ], [ 2.36708, 6.57256 ], [ 2.36617, 6.57247 ], [ 2.36635, 6.57446 ], [ 2.36698, 6.57428 ], [ 2.36707, 6.57355 ], [ 2.36762, 6.57383 ], [ 2.36771, 6.57509 ], [ 2.36725, 6.57518 ], [ 2.36734, 6.57564 ], [ 2.36779, 6.57573 ], [ 2.3677, 6.57536 ], [ 2.36807, 6.57518 ], [ 2.3687, 6.57636 ] ] ], [ [ [ 2.36571, 6.57808 ], [ 2.36544, 6.57681 ], [ 2.3658, 6.57726 ], [ 2.36625, 6.57726 ], [ 2.36617, 6.57672 ], [ 2.36653, 6.57645 ], [ 2.3668, 6.5769 ], [ 2.36716, 6.57681 ], [ 2.36662, 6.57554 ], [ 2.36626, 6.57554 ], [ 2.36571, 6.57645 ], [ 2.36517, 6.57618 ], [ 2.36463, 6.57645 ], [ 2.36481, 6.57789 ], [ 2.36571, 6.57808 ] ] ], [ [ [ 2.37403, 6.58261 ], [ 2.37204, 6.58089 ], [ 2.37104, 6.58116 ], [ 2.37141, 6.58197 ], [ 2.37213, 6.5817 ], [ 2.37285, 6.58216 ], [ 2.3733, 6.58315 ], [ 2.37403, 6.58261 ] ] ], [ [ [ 2.3724, 6.58478 ], [ 2.37294, 6.58397 ], [ 2.37267, 6.58333 ], [ 2.37059, 6.58405 ], [ 2.37122, 6.58469 ], [ 2.37059, 6.58487 ], [ 2.37077, 6.58523 ], [ 2.37131, 6.58505 ], [ 2.37158, 6.58541 ], [ 2.37276, 6.58559 ], [ 2.37285, 6.58514 ], [ 2.3724, 6.58478 ] ] ], [ [ [ 2.36941, 6.58604 ], [ 2.37014, 6.58514 ], [ 2.36941, 6.58496 ], [ 2.36977, 6.5845 ], [ 2.37041, 6.58478 ], [ 2.37014, 6.58405 ], [ 2.36941, 6.58432 ], [ 2.36896, 6.58496 ], [ 2.36806, 6.5845 ], [ 2.36742, 6.58504 ], [ 2.36751, 6.58541 ], [ 2.36932, 6.58523 ], [ 2.36941, 6.58604 ] ] ], [ [ [ 2.36425, 6.59092 ], [ 2.36533, 6.5902 ], [ 2.3647, 6.59029 ], [ 2.36443, 6.58993 ], [ 2.36488, 6.58993 ], [ 2.36497, 6.58956 ], [ 2.36579, 6.58975 ], [ 2.36606, 6.58902 ], [ 2.36615, 6.58929 ], [ 2.36723, 6.58939 ], [ 2.36796, 6.59011 ], [ 2.36832, 6.59011 ], [ 2.36841, 6.58957 ], [ 2.36751, 6.58902 ], [ 2.36742, 6.58767 ], [ 2.3666, 6.58749 ], [ 2.36688, 6.58694 ], [ 2.36651, 6.58631 ], [ 2.36597, 6.58748 ], [ 2.36525, 6.58712 ], [ 2.36516, 6.58586 ], [ 2.36462, 6.58549 ], [ 2.36543, 6.58513 ], [ 2.36453, 6.58522 ], [ 2.36407, 6.5845 ], [ 2.36444, 6.5835 ], [ 2.36389, 6.58341 ], [ 2.36344, 6.5835 ], [ 2.36326, 6.58459 ], [ 2.36335, 6.5854 ], [ 2.36425, 6.58558 ], [ 2.36371, 6.58622 ], [ 2.36425, 6.58712 ], [ 2.3638, 6.58902 ], [ 2.36344, 6.58902 ], [ 2.36298, 6.58775 ], [ 2.36217, 6.58748 ], [ 2.36217, 6.58676 ], [ 2.36299, 6.58658 ], [ 2.36262, 6.5863 ], [ 2.36263, 6.58558 ], [ 2.36163, 6.58558 ], [ 2.36172, 6.58648 ], [ 2.36145, 6.58657 ], [ 2.36073, 6.5854 ], [ 2.35991, 6.58603 ], [ 2.36009, 6.58657 ], [ 2.36054, 6.58666 ], [ 2.36, 6.58784 ], [ 2.359, 6.58775 ], [ 2.35891, 6.58829 ], [ 2.36, 6.58829 ], [ 2.36, 6.58874 ], [ 2.35973, 6.58938 ], [ 2.359, 6.58929 ], [ 2.35891, 6.58983 ], [ 2.36018, 6.59055 ], [ 2.36153, 6.58983 ], [ 2.36153, 6.59037 ], [ 2.3619, 6.59037 ], [ 2.36226, 6.58974 ], [ 2.36316, 6.58965 ], [ 2.36425, 6.59092 ] ] ], [ [ [ 2.34832, 6.59271 ], [ 2.34932, 6.59162 ], [ 2.34923, 6.5909 ], [ 2.34968, 6.59099 ], [ 2.3495, 6.59163 ], [ 2.34968, 6.59199 ], [ 2.35104, 6.59127 ], [ 2.35095, 6.59081 ], [ 2.35032, 6.59072 ], [ 2.35041, 6.59045 ], [ 2.35203, 6.59045 ], [ 2.35158, 6.58873 ], [ 2.35077, 6.58855 ], [ 2.35068, 6.58783 ], [ 2.35041, 6.58855 ], [ 2.34987, 6.58855 ], [ 2.34914, 6.58755 ], [ 2.34951, 6.58728 ], [ 2.34923, 6.58683 ], [ 2.3486, 6.58728 ], [ 2.3495, 6.58864 ], [ 2.3495, 6.58973 ], [ 2.34896, 6.58982 ], [ 2.3486, 6.58909 ], [ 2.34796, 6.58936 ], [ 2.34796, 6.58999 ], [ 2.34751, 6.59036 ], [ 2.3476, 6.59081 ], [ 2.34905, 6.5909 ], [ 2.34805, 6.59189 ], [ 2.34832, 6.59271 ] ] ], [ [ [ 2.35375, 6.59036 ], [ 2.3543, 6.58982 ], [ 2.35412, 6.58919 ], [ 2.35267, 6.58937 ], [ 2.35258, 6.59072 ], [ 2.35375, 6.59036 ] ] ], [ [ [ 2.37446, 6.60288 ], [ 2.37428, 6.60188 ], [ 2.37482, 6.60206 ], [ 2.37509, 6.60161 ], [ 2.37419, 6.60052 ], [ 2.3741, 6.5998 ], [ 2.37455, 6.59935 ], [ 2.37509, 6.59971 ], [ 2.37555, 6.59944 ], [ 2.37491, 6.59853 ], [ 2.37573, 6.59862 ], [ 2.37591, 6.59808 ], [ 2.37618, 6.59844 ], [ 2.37681, 6.59826 ], [ 2.37609, 6.59718 ], [ 2.377, 6.59636 ], [ 2.376, 6.59673 ], [ 2.37591, 6.59627 ], [ 2.3751, 6.59636 ], [ 2.37437, 6.59591 ], [ 2.37446, 6.59654 ], [ 2.37392, 6.5969 ], [ 2.37311, 6.59609 ], [ 2.37247, 6.59636 ], [ 2.37247, 6.59554 ], [ 2.37175, 6.59627 ], [ 2.37075, 6.59618 ], [ 2.37039, 6.59572 ], [ 2.36967, 6.59617 ], [ 2.36967, 6.59563 ], [ 2.36895, 6.59536 ], [ 2.36904, 6.59346 ], [ 2.36859, 6.59355 ], [ 2.36849, 6.59436 ], [ 2.36823, 6.59283 ], [ 2.36886, 6.5931 ], [ 2.36904, 6.59265 ], [ 2.36949, 6.59274 ], [ 2.36967, 6.59373 ], [ 2.37076, 6.59328 ], [ 2.37076, 6.5921 ], [ 2.36967, 6.59138 ], [ 2.37076, 6.59102 ], [ 2.37067, 6.59075 ], [ 2.37167, 6.59084 ], [ 2.37158, 6.59039 ], [ 2.37076, 6.59057 ], [ 2.37031, 6.58993 ], [ 2.3714, 6.59012 ], [ 2.37194, 6.58876 ], [ 2.37248, 6.58921 ], [ 2.3723, 6.58975 ], [ 2.37248, 6.59057 ], [ 2.37257, 6.58948 ], [ 2.37339, 6.58894 ], [ 2.37393, 6.58921 ], [ 2.37375, 6.58849 ], [ 2.37493, 6.58858 ], [ 2.37493, 6.58813 ], [ 2.37547, 6.58795 ], [ 2.37574, 6.58813 ], [ 2.37583, 6.58976 ], [ 2.37646, 6.59039 ], [ 2.37628, 6.58795 ], [ 2.37574, 6.5875 ], [ 2.37592, 6.58695 ], [ 2.37502, 6.58614 ], [ 2.37457, 6.58668 ], [ 2.37384, 6.58623 ], [ 2.37348, 6.58749 ], [ 2.37312, 6.58704 ], [ 2.37239, 6.58713 ], [ 2.37167, 6.58776 ], [ 2.37149, 6.58849 ], [ 2.37104, 6.58812 ], [ 2.3704, 6.58821 ], [ 2.36986, 6.58713 ], [ 2.36877, 6.58758 ], [ 2.36886, 6.58812 ], [ 2.36977, 6.58839 ], [ 2.36959, 6.58894 ], [ 2.37004, 6.5893 ], [ 2.36959, 6.58975 ], [ 2.37004, 6.59011 ], [ 2.37004, 6.59093 ], [ 2.36913, 6.59147 ], [ 2.36741, 6.59138 ], [ 2.36723, 6.59174 ], [ 2.36723, 6.59129 ], [ 2.3675, 6.5912 ], [ 2.36624, 6.59074 ], [ 2.36669, 6.5902 ], [ 2.36615, 6.58975 ], [ 2.36579, 6.59101 ], [ 2.36588, 6.59128 ], [ 2.3666, 6.59119 ], [ 2.36669, 6.59192 ], [ 2.36597, 6.59147 ], [ 2.36524, 6.59174 ], [ 2.36542, 6.59255 ], [ 2.36605, 6.59309 ], [ 2.36605, 6.59391 ], [ 2.36678, 6.59463 ], [ 2.36813, 6.59436 ], [ 2.36732, 6.5959 ], [ 2.36768, 6.5969 ], [ 2.36741, 6.59708 ], [ 2.36695, 6.59662 ], [ 2.36641, 6.59753 ], [ 2.36704, 6.59726 ], [ 2.3675, 6.59762 ], [ 2.36885, 6.59699 ], [ 2.36894, 6.59789 ], [ 2.3694, 6.5978 ], [ 2.36931, 6.59726 ], [ 2.37003, 6.59717 ], [ 2.37021, 6.5978 ], [ 2.37111, 6.59826 ], [ 2.37157, 6.59808 ], [ 2.37157, 6.59753 ], [ 2.37066, 6.5969 ], [ 2.37094, 6.59645 ], [ 2.37148, 6.5969 ], [ 2.37211, 6.59654 ], [ 2.37274, 6.59681 ], [ 2.37193, 6.59762 ], [ 2.37338, 6.59708 ], [ 2.37428, 6.59736 ], [ 2.37392, 6.5979 ], [ 2.37437, 6.59853 ], [ 2.37437, 6.59926 ], [ 2.37337, 6.59962 ], [ 2.37265, 6.60124 ], [ 2.37319, 6.60152 ], [ 2.37337, 6.60242 ], [ 2.37446, 6.60288 ] ] ], [ [ [ 2.37807, 6.60297 ], [ 2.37889, 6.6027 ], [ 2.37835, 6.60252 ], [ 2.37835, 6.60216 ], [ 2.37862, 6.60243 ], [ 2.37889, 6.60207 ], [ 2.37961, 6.60207 ], [ 2.37889, 6.60017 ], [ 2.37953, 6.59881 ], [ 2.38052, 6.59972 ], [ 2.38052, 6.60071 ], [ 2.38133, 6.60162 ], [ 2.38206, 6.60135 ], [ 2.38197, 6.6008 ], [ 2.38142, 6.60098 ], [ 2.38179, 6.5999 ], [ 2.38233, 6.59972 ], [ 2.38278, 6.60008 ], [ 2.38233, 6.60053 ], [ 2.3826, 6.60189 ], [ 2.38323, 6.60135 ], [ 2.38305, 6.60035 ], [ 2.38396, 6.59999 ], [ 2.38387, 6.59936 ], [ 2.38287, 6.59909 ], [ 2.38251, 6.59782 ], [ 2.38215, 6.59818 ], [ 2.38188, 6.598 ], [ 2.38206, 6.597 ], [ 2.38125, 6.59664 ], [ 2.38134, 6.5961 ], [ 2.38034, 6.59601 ], [ 2.38053, 6.59555 ], [ 2.38143, 6.59547 ], [ 2.38234, 6.59474 ], [ 2.3817, 6.59447 ], [ 2.38152, 6.59284 ], [ 2.38089, 6.59275 ], [ 2.38098, 6.59239 ], [ 2.38162, 6.5923 ], [ 2.38189, 6.59149 ], [ 2.38098, 6.59185 ], [ 2.38017, 6.59121 ], [ 2.38017, 6.59356 ], [ 2.38116, 6.59338 ], [ 2.38152, 6.59375 ], [ 2.38125, 6.5951 ], [ 2.37944, 6.59528 ], [ 2.3798, 6.59573 ], [ 2.3798, 6.59664 ], [ 2.37926, 6.59727 ], [ 2.38016, 6.59736 ], [ 2.38016, 6.59791 ], [ 2.37899, 6.59781 ], [ 2.37853, 6.59718 ], [ 2.37763, 6.5979 ], [ 2.3779, 6.59863 ], [ 2.37736, 6.59908 ], [ 2.37808, 6.59935 ], [ 2.3779, 6.59989 ], [ 2.37817, 6.60008 ], [ 2.37789, 6.6027 ], [ 2.37807, 6.60297 ] ] ], [ [ [ 2.3722, 6.60016 ], [ 2.37274, 6.59916 ], [ 2.37346, 6.59935 ], [ 2.3741, 6.59862 ], [ 2.37247, 6.5979 ], [ 2.3722, 6.59826 ], [ 2.37274, 6.59853 ], [ 2.37274, 6.59889 ], [ 2.37166, 6.59934 ], [ 2.37184, 6.60007 ], [ 2.3722, 6.60016 ] ] ], [ [ [ 2.36531, 6.60893 ], [ 2.3654, 6.60856 ], [ 2.36423, 6.60757 ], [ 2.3645, 6.60666 ], [ 2.36504, 6.60666 ], [ 2.36531, 6.60784 ], [ 2.36585, 6.60829 ], [ 2.36577, 6.60576 ], [ 2.36622, 6.60576 ], [ 2.36613, 6.6063 ], [ 2.36658, 6.60576 ], [ 2.36595, 6.60495 ], [ 2.36631, 6.60476 ], [ 2.36658, 6.60531 ], [ 2.36731, 6.60495 ], [ 2.36767, 6.60567 ], [ 2.36694, 6.60585 ], [ 2.36676, 6.60676 ], [ 2.36631, 6.60703 ], [ 2.3673, 6.60712 ], [ 2.36721, 6.6082 ], [ 2.36775, 6.60848 ], [ 2.36748, 6.60721 ], [ 2.36857, 6.60649 ], [ 2.36794, 6.60676 ], [ 2.36758, 6.6063 ], [ 2.36812, 6.60612 ], [ 2.36803, 6.60558 ], [ 2.36848, 6.6054 ], [ 2.36812, 6.60486 ], [ 2.36857, 6.6045 ], [ 2.36758, 6.60431 ], [ 2.36749, 6.60386 ], [ 2.36857, 6.60395 ], [ 2.36875, 6.60459 ], [ 2.36902, 6.6045 ], [ 2.36966, 6.6026 ], [ 2.36939, 6.60196 ], [ 2.36903, 6.60214 ], [ 2.3693, 6.6016 ], [ 2.36885, 6.6016 ], [ 2.36867, 6.60233 ], [ 2.36839, 6.60232 ], [ 2.3674, 6.60133 ], [ 2.36767, 6.59988 ], [ 2.36731, 6.59934 ], [ 2.36586, 6.60006 ], [ 2.36604, 6.60042 ], [ 2.36677, 6.60051 ], [ 2.36668, 6.60088 ], [ 2.36604, 6.60078 ], [ 2.36604, 6.60133 ], [ 2.3655, 6.6006 ], [ 2.36523, 6.6006 ], [ 2.36505, 6.60142 ], [ 2.3646, 6.60114 ], [ 2.36369, 6.60132 ], [ 2.36387, 6.6006 ], [ 2.36306, 6.60024 ], [ 2.36306, 6.59978 ], [ 2.36514, 6.59961 ], [ 2.36514, 6.5987 ], [ 2.3655, 6.59825 ], [ 2.36505, 6.59771 ], [ 2.36496, 6.59798 ], [ 2.36433, 6.5978 ], [ 2.36379, 6.59861 ], [ 2.36342, 6.59861 ], [ 2.36333, 6.59789 ], [ 2.36397, 6.59689 ], [ 2.36198, 6.59635 ], [ 2.36225, 6.59562 ], [ 2.36415, 6.5959 ], [ 2.36406, 6.59526 ], [ 2.36352, 6.59508 ], [ 2.3637, 6.59454 ], [ 2.36316, 6.59454 ], [ 2.36298, 6.5949 ], [ 2.36252, 6.59463 ], [ 2.36252, 6.59508 ], [ 2.36307, 6.59499 ], [ 2.36307, 6.59535 ], [ 2.36216, 6.59517 ], [ 2.36234, 6.59399 ], [ 2.36298, 6.59399 ], [ 2.36307, 6.59436 ], [ 2.36397, 6.59418 ], [ 2.36406, 6.59336 ], [ 2.36361, 6.59291 ], [ 2.36325, 6.59336 ], [ 2.36253, 6.593 ], [ 2.3628, 6.59228 ], [ 2.36343, 6.59246 ], [ 2.36343, 6.59191 ], [ 2.36316, 6.59219 ], [ 2.36289, 6.592 ], [ 2.36379, 6.5911 ], [ 2.36334, 6.59101 ], [ 2.36325, 6.59056 ], [ 2.36262, 6.59083 ], [ 2.36208, 6.59047 ], [ 2.36162, 6.5911 ], [ 2.36217, 6.5911 ], [ 2.36217, 6.59146 ], [ 2.36135, 6.59155 ], [ 2.3618, 6.59191 ], [ 2.36153, 6.59236 ], [ 2.36081, 6.59227 ], [ 2.36081, 6.5939 ], [ 2.36053, 6.59408 ], [ 2.35945, 6.593 ], [ 2.35854, 6.59317 ], [ 2.358, 6.59372 ], [ 2.35782, 6.59317 ], [ 2.35836, 6.59299 ], [ 2.35773, 6.59254 ], [ 2.3571, 6.59326 ], [ 2.3561, 6.59326 ], [ 2.35682, 6.59399 ], [ 2.35646, 6.5948 ], [ 2.35728, 6.59553 ], [ 2.35845, 6.59517 ], [ 2.35737, 6.59507 ], [ 2.35701, 6.59435 ], [ 2.35728, 6.5939 ], [ 2.35809, 6.59408 ], [ 2.35891, 6.59372 ], [ 2.35945, 6.59417 ], [ 2.35881, 6.59598 ], [ 2.35999, 6.5958 ], [ 2.36035, 6.59526 ], [ 2.36071, 6.59544 ], [ 2.3599, 6.5967 ], [ 2.35935, 6.59679 ], [ 2.35899, 6.59625 ], [ 2.35827, 6.59607 ], [ 2.35845, 6.59643 ], [ 2.35764, 6.59616 ], [ 2.35709, 6.59679 ], [ 2.35655, 6.5958 ], [ 2.35565, 6.59552 ], [ 2.35492, 6.59579 ], [ 2.35447, 6.59652 ], [ 2.35474, 6.59724 ], [ 2.3551, 6.59706 ], [ 2.35483, 6.59679 ], [ 2.3551, 6.59634 ], [ 2.35664, 6.5967 ], [ 2.35619, 6.59797 ], [ 2.35763, 6.59806 ], [ 2.35763, 6.59878 ], [ 2.35881, 6.59851 ], [ 2.35773, 6.59734 ], [ 2.35872, 6.59743 ], [ 2.35854, 6.5977 ], [ 2.35944, 6.5986 ], [ 2.36053, 6.5987 ], [ 2.36044, 6.59942 ], [ 2.3589, 6.59987 ], [ 2.35854, 6.59924 ], [ 2.35799, 6.59951 ], [ 2.35628, 6.5986 ], [ 2.35618, 6.60041 ], [ 2.357, 6.6005 ], [ 2.35709, 6.60095 ], [ 2.35555, 6.60204 ], [ 2.35654, 6.60168 ], [ 2.35654, 6.60249 ], [ 2.35745, 6.60249 ], [ 2.35781, 6.60294 ], [ 2.35799, 6.60249 ], [ 2.35727, 6.60213 ], [ 2.35718, 6.60168 ], [ 2.35754, 6.60141 ], [ 2.35799, 6.60204 ], [ 2.35826, 6.6015 ], [ 2.35881, 6.6015 ], [ 2.3589, 6.6005 ], [ 2.35944, 6.60041 ], [ 2.35998, 6.6006 ], [ 2.35962, 6.60186 ], [ 2.36007, 6.6025 ], [ 2.36043, 6.60195 ], [ 2.36107, 6.60186 ], [ 2.3608, 6.6015 ], [ 2.36098, 6.60087 ], [ 2.3617, 6.60078 ], [ 2.36089, 6.6006 ], [ 2.36098, 6.59951 ], [ 2.3617, 6.59969 ], [ 2.36206, 6.60078 ], [ 2.36315, 6.60114 ], [ 2.36306, 6.60187 ], [ 2.36378, 6.60141 ], [ 2.36396, 6.60241 ], [ 2.36251, 6.60322 ], [ 2.3626, 6.60367 ], [ 2.36314, 6.60395 ], [ 2.36278, 6.60494 ], [ 2.36341, 6.60503 ], [ 2.36341, 6.6053 ], [ 2.36305, 6.60557 ], [ 2.3617, 6.60539 ], [ 2.3616, 6.60584 ], [ 2.36188, 6.60612 ], [ 2.36242, 6.60576 ], [ 2.36233, 6.6063 ], [ 2.36278, 6.60657 ], [ 2.36269, 6.60784 ], [ 2.36296, 6.60775 ], [ 2.36287, 6.6072 ], [ 2.36359, 6.60693 ], [ 2.36341, 6.60766 ], [ 2.36368, 6.60802 ], [ 2.36423, 6.60793 ], [ 2.36413, 6.60938 ], [ 2.3644, 6.60965 ], [ 2.36468, 6.60892 ], [ 2.36531, 6.60893 ] ], [ [ 2.36207, 6.59852 ], [ 2.36216, 6.59797 ], [ 2.3617, 6.59834 ], [ 2.36143, 6.59806 ], [ 2.3618, 6.59644 ], [ 2.36225, 6.5968 ], [ 2.36207, 6.59779 ], [ 2.36297, 6.59734 ], [ 2.36252, 6.59861 ], [ 2.36324, 6.59924 ], [ 2.36279, 6.59933 ], [ 2.36207, 6.59852 ] ] ], [ [ [ 2.35537, 6.60122 ], [ 2.35582, 6.60059 ], [ 2.35582, 6.59996 ], [ 2.35546, 6.59978 ], [ 2.35519, 6.60023 ], [ 2.35383, 6.59914 ], [ 2.35338, 6.59959 ], [ 2.35284, 6.59905 ], [ 2.3522, 6.59986 ], [ 2.35302, 6.60013 ], [ 2.35428, 6.59986 ], [ 2.35437, 6.60104 ], [ 2.35492, 6.60086 ], [ 2.35528, 6.6014 ], [ 2.35591, 6.6014 ], [ 2.35591, 6.60113 ], [ 2.35537, 6.60122 ] ] ], [ [ [ 2.3702, 6.60423 ], [ 2.37093, 6.60359 ], [ 2.37084, 6.60296 ], [ 2.37129, 6.60314 ], [ 2.37111, 6.60396 ], [ 2.37156, 6.60405 ], [ 2.37265, 6.60287 ], [ 2.37238, 6.60133 ], [ 2.37156, 6.6017 ], [ 2.3712, 6.60242 ], [ 2.37011, 6.6026 ], [ 2.36957, 6.60386 ], [ 2.3702, 6.60423 ] ] ], [ [ [ 2.38006, 6.60469 ], [ 2.38088, 6.60343 ], [ 2.38043, 6.60306 ], [ 2.38106, 6.60334 ], [ 2.38142, 6.60225 ], [ 2.38169, 6.60234 ], [ 2.3816, 6.60189 ], [ 2.37961, 6.60288 ], [ 2.37961, 6.60342 ], [ 2.37916, 6.60342 ], [ 2.38006, 6.60469 ] ] ], [ [ [ 2.38431, 6.60985 ], [ 2.38331, 6.60841 ], [ 2.38286, 6.60804 ], [ 2.3825, 6.60822 ], [ 2.38259, 6.60904 ], [ 2.38358, 6.60985 ], [ 2.38358, 6.61021 ], [ 2.38413, 6.61022 ], [ 2.38431, 6.60985 ] ] ], [ [ [ 2.36096, 6.61181 ], [ 2.3616, 6.611 ], [ 2.36187, 6.61154 ], [ 2.36232, 6.61127 ], [ 2.36268, 6.61245 ], [ 2.36304, 6.612 ], [ 2.36341, 6.61236 ], [ 2.3644, 6.612 ], [ 2.3644, 6.61119 ], [ 2.36377, 6.61055 ], [ 2.36395, 6.60956 ], [ 2.3635, 6.60928 ], [ 2.36341, 6.60838 ], [ 2.36296, 6.60847 ], [ 2.36314, 6.60883 ], [ 2.36269, 6.60919 ], [ 2.36314, 6.60965 ], [ 2.36314, 6.61037 ], [ 2.36268, 6.61019 ], [ 2.36205, 6.61082 ], [ 2.36196, 6.61055 ], [ 2.36268, 6.61001 ], [ 2.36205, 6.60946 ], [ 2.3616, 6.60992 ], [ 2.3616, 6.61064 ], [ 2.36051, 6.61109 ], [ 2.3606, 6.61209 ], [ 2.36015, 6.61227 ], [ 2.36042, 6.6129 ], [ 2.36078, 6.61281 ], [ 2.36096, 6.61181 ] ] ], [ [ [ 2.35353, 6.61968 ], [ 2.35408, 6.61931 ], [ 2.35344, 6.61904 ], [ 2.35471, 6.61859 ], [ 2.3548, 6.61796 ], [ 2.35517, 6.61814 ], [ 2.3548, 6.6185 ], [ 2.35507, 6.61877 ], [ 2.3558, 6.61868 ], [ 2.35616, 6.61796 ], [ 2.35679, 6.61787 ], [ 2.35706, 6.61977 ], [ 2.35733, 6.61986 ], [ 2.35797, 6.61787 ], [ 2.35779, 6.61742 ], [ 2.35833, 6.61796 ], [ 2.35942, 6.61697 ], [ 2.35942, 6.61652 ], [ 2.3587, 6.61634 ], [ 2.35861, 6.61597 ], [ 2.35969, 6.61516 ], [ 2.35996, 6.61453 ], [ 2.36078, 6.61453 ], [ 2.36096, 6.61408 ], [ 2.36006, 6.6129 ], [ 2.35852, 6.61226 ], [ 2.35771, 6.61244 ], [ 2.35771, 6.61217 ], [ 2.35834, 6.6119 ], [ 2.35825, 6.611 ], [ 2.35952, 6.611 ], [ 2.36006, 6.61046 ], [ 2.36015, 6.60991 ], [ 2.3597, 6.60955 ], [ 2.36006, 6.60901 ], [ 2.36051, 6.60919 ], [ 2.3597, 6.60856 ], [ 2.35988, 6.60765 ], [ 2.35934, 6.60711 ], [ 2.35961, 6.60684 ], [ 2.35943, 6.60611 ], [ 2.35989, 6.60602 ], [ 2.35988, 6.60629 ], [ 2.36034, 6.60675 ], [ 2.36097, 6.60702 ], [ 2.36133, 6.60675 ], [ 2.36097, 6.6063 ], [ 2.35979, 6.60593 ], [ 2.36052, 6.60449 ], [ 2.3598, 6.60421 ], [ 2.35998, 6.60295 ], [ 2.35971, 6.60286 ], [ 2.35907, 6.60385 ], [ 2.35808, 6.60313 ], [ 2.35781, 6.60394 ], [ 2.35745, 6.60412 ], [ 2.3569, 6.60367 ], [ 2.35672, 6.60412 ], [ 2.35744, 6.60448 ], [ 2.35844, 6.60403 ], [ 2.35862, 6.60466 ], [ 2.35808, 6.60466 ], [ 2.35826, 6.60602 ], [ 2.3578, 6.60593 ], [ 2.35762, 6.60647 ], [ 2.35672, 6.60629 ], [ 2.3569, 6.60557 ], [ 2.35672, 6.6052 ], [ 2.35581, 6.60611 ], [ 2.35645, 6.60674 ], [ 2.35545, 6.60747 ], [ 2.35545, 6.60783 ], [ 2.35427, 6.60764 ], [ 2.35482, 6.6081 ], [ 2.35418, 6.609 ], [ 2.354, 6.60783 ], [ 2.35337, 6.60782 ], [ 2.35292, 6.60737 ], [ 2.35355, 6.60728 ], [ 2.35337, 6.60529 ], [ 2.35301, 6.6052 ], [ 2.35283, 6.60647 ], [ 2.35192, 6.60628 ], [ 2.35256, 6.60665 ], [ 2.35246, 6.60737 ], [ 2.35201, 6.60755 ], [ 2.35219, 6.60837 ], [ 2.35138, 6.60864 ], [ 2.35084, 6.608 ], [ 2.35111, 6.60737 ], [ 2.35174, 6.60746 ], [ 2.3512, 6.6061 ], [ 2.35174, 6.60628 ], [ 2.35183, 6.60556 ], [ 2.35256, 6.60556 ], [ 2.35184, 6.6042 ], [ 2.35292, 6.60402 ], [ 2.35338, 6.60303 ], [ 2.35175, 6.60149 ], [ 2.35057, 6.60131 ], [ 2.35084, 6.60212 ], [ 2.3503, 6.60248 ], [ 2.35039, 6.60275 ], [ 2.35138, 6.60294 ], [ 2.35166, 6.60239 ], [ 2.35193, 6.60258 ], [ 2.35184, 6.6033 ], [ 2.35084, 6.60357 ], [ 2.35147, 6.60366 ], [ 2.35147, 6.60429 ], [ 2.35075, 6.60429 ], [ 2.35075, 6.60366 ], [ 2.34994, 6.60339 ], [ 2.35003, 6.60257 ], [ 2.34921, 6.60257 ], [ 2.34949, 6.60131 ], [ 2.34894, 6.60103 ], [ 2.34867, 6.60203 ], [ 2.34912, 6.60248 ], [ 2.34849, 6.60284 ], [ 2.34849, 6.6032 ], [ 2.34967, 6.60348 ], [ 2.34975, 6.60474 ], [ 2.34885, 6.60438 ], [ 2.34885, 6.60402 ], [ 2.34867, 6.60447 ], [ 2.34966, 6.60529 ], [ 2.34966, 6.60565 ], [ 2.34867, 6.60547 ], [ 2.34885, 6.60583 ], [ 2.34867, 6.6061 ], [ 2.3484, 6.60547 ], [ 2.34785, 6.60556 ], [ 2.34849, 6.60411 ], [ 2.34758, 6.60402 ], [ 2.34731, 6.60474 ], [ 2.34785, 6.60474 ], [ 2.3474, 6.60537 ], [ 2.34758, 6.60583 ], [ 2.34677, 6.6061 ], [ 2.34667, 6.60718 ], [ 2.34704, 6.60773 ], [ 2.34631, 6.608 ], [ 2.34613, 6.60763 ], [ 2.34559, 6.60818 ], [ 2.34532, 6.6079 ], [ 2.34495, 6.60808 ], [ 2.34541, 6.60827 ], [ 2.34541, 6.60863 ], [ 2.34477, 6.60872 ], [ 2.34522, 6.60926 ], [ 2.34513, 6.60971 ], [ 2.34459, 6.60935 ], [ 2.34441, 6.60845 ], [ 2.34378, 6.60844 ], [ 2.34459, 6.61026 ], [ 2.34513, 6.61062 ], [ 2.34549, 6.61189 ], [ 2.3444, 6.61342 ], [ 2.34468, 6.61378 ], [ 2.34576, 6.61369 ], [ 2.34567, 6.61324 ], [ 2.34513, 6.61324 ], [ 2.34504, 6.6136 ], [ 2.34468, 6.61333 ], [ 2.34658, 6.61116 ], [ 2.34658, 6.61089 ], [ 2.34558, 6.61107 ], [ 2.34513, 6.61017 ], [ 2.34586, 6.6108 ], [ 2.34694, 6.61026 ], [ 2.34758, 6.61044 ], [ 2.34757, 6.61089 ], [ 2.34803, 6.61089 ], [ 2.34966, 6.60999 ], [ 2.35002, 6.61026 ], [ 2.34975, 6.6109 ], [ 2.3502, 6.6109 ], [ 2.3502, 6.61062 ], [ 2.35065, 6.61072 ], [ 2.35056, 6.61017 ], [ 2.34993, 6.60972 ], [ 2.35038, 6.60927 ], [ 2.35119, 6.61026 ], [ 2.35092, 6.61117 ], [ 2.3511, 6.61144 ], [ 2.35183, 6.60963 ], [ 2.35273, 6.61027 ], [ 2.35318, 6.61018 ], [ 2.35337, 6.60981 ], [ 2.35273, 6.60936 ], [ 2.35282, 6.60891 ], [ 2.35436, 6.60945 ], [ 2.35445, 6.61027 ], [ 2.35364, 6.61018 ], [ 2.35346, 6.61045 ], [ 2.35436, 6.61153 ], [ 2.35517, 6.61145 ], [ 2.35508, 6.61235 ], [ 2.35436, 6.6128 ], [ 2.35445, 6.61172 ], [ 2.35391, 6.61181 ], [ 2.35373, 6.61126 ], [ 2.353, 6.61126 ], [ 2.35219, 6.61189 ], [ 2.35219, 6.61262 ], [ 2.35282, 6.6128 ], [ 2.35345, 6.61217 ], [ 2.35382, 6.61235 ], [ 2.35309, 6.6128 ], [ 2.353, 6.61343 ], [ 2.35182, 6.61388 ], [ 2.35164, 6.6118 ], [ 2.35137, 6.61171 ], [ 2.3511, 6.61207 ], [ 2.35128, 6.61379 ], [ 2.35083, 6.61415 ], [ 2.35101, 6.61497 ], [ 2.35046, 6.61479 ], [ 2.35065, 6.61533 ], [ 2.35019, 6.61551 ], [ 2.34947, 6.61515 ], [ 2.34856, 6.61587 ], [ 2.34902, 6.61614 ], [ 2.34911, 6.6156 ], [ 2.34956, 6.61551 ], [ 2.35073, 6.61614 ], [ 2.35091, 6.61669 ], [ 2.35164, 6.61633 ], [ 2.352, 6.61678 ], [ 2.35245, 6.61633 ], [ 2.353, 6.61651 ], [ 2.3539, 6.61606 ], [ 2.3539, 6.61696 ], [ 2.35336, 6.61696 ], [ 2.35336, 6.61723 ], [ 2.35218, 6.61678 ], [ 2.35155, 6.61732 ], [ 2.351, 6.61732 ], [ 2.35091, 6.61696 ], [ 2.35055, 6.61732 ], [ 2.35064, 6.61841 ], [ 2.35164, 6.61804 ], [ 2.35182, 6.61841 ], [ 2.35155, 6.61895 ], [ 2.35082, 6.61877 ], [ 2.35064, 6.61913 ], [ 2.35109, 6.62013 ], [ 2.35191, 6.61958 ], [ 2.352, 6.62031 ], [ 2.35281, 6.61995 ], [ 2.35335, 6.62049 ], [ 2.35353, 6.61968 ] ], [ [ 2.35581, 6.61136 ], [ 2.35608, 6.61081 ], [ 2.35572, 6.61063 ], [ 2.35572, 6.61 ], [ 2.35608, 6.60964 ], [ 2.35545, 6.60946 ], [ 2.35536, 6.60909 ], [ 2.35653, 6.60909 ], [ 2.35635, 6.60937 ], [ 2.3568, 6.60964 ], [ 2.35753, 6.60846 ], [ 2.35635, 6.60792 ], [ 2.35617, 6.60701 ], [ 2.3569, 6.60783 ], [ 2.35771, 6.60801 ], [ 2.35844, 6.60774 ], [ 2.35862, 6.60828 ], [ 2.35753, 6.6091 ], [ 2.3578, 6.61018 ], [ 2.35698, 6.61063 ], [ 2.35653, 6.61172 ], [ 2.35581, 6.61136 ] ], [ [ 2.34776, 6.61026 ], [ 2.34749, 6.60935 ], [ 2.34848, 6.60945 ], [ 2.34921, 6.60854 ], [ 2.35002, 6.60818 ], [ 2.35002, 6.60881 ], [ 2.34912, 6.6089 ], [ 2.3492, 6.60981 ], [ 2.3483, 6.61044 ], [ 2.34776, 6.61026 ] ] ], [ [ [ 2.38611, 6.61302 ], [ 2.38503, 6.6113 ], [ 2.38512, 6.61031 ], [ 2.38449, 6.61031 ], [ 2.38485, 6.61239 ], [ 2.38521, 6.61302 ], [ 2.38593, 6.6132 ], [ 2.38584, 6.61402 ], [ 2.3862, 6.6142 ], [ 2.38611, 6.61302 ] ] ], [ [ [ 2.35002, 6.6128 ], [ 2.35038, 6.61262 ], [ 2.35011, 6.6118 ], [ 2.34956, 6.61216 ], [ 2.34911, 6.61162 ], [ 2.34839, 6.6118 ], [ 2.34766, 6.61135 ], [ 2.34839, 6.61198 ], [ 2.34848, 6.6127 ], [ 2.34911, 6.61207 ], [ 2.34911, 6.61261 ], [ 2.34974, 6.6128 ], [ 2.34974, 6.61343 ], [ 2.3501, 6.61343 ], [ 2.35002, 6.6128 ] ] ], [ [ [ 2.38248, 6.62333 ], [ 2.3833, 6.62261 ], [ 2.38312, 6.62179 ], [ 2.38149, 6.62206 ], [ 2.38248, 6.62333 ] ] ], [ [ [ 2.35018, 6.62519 ], [ 2.34982, 6.62456 ], [ 2.35054, 6.62456 ], [ 2.35027, 6.6251 ], [ 2.35109, 6.62474 ], [ 2.35208, 6.62492 ], [ 2.35163, 6.62438 ], [ 2.35054, 6.62438 ], [ 2.35036, 6.62383 ], [ 2.34973, 6.62392 ], [ 2.34964, 6.62447 ], [ 2.34928, 6.62419 ], [ 2.34955, 6.62356 ], [ 2.35054, 6.62338 ], [ 2.35045, 6.62284 ], [ 2.35091, 6.62311 ], [ 2.35072, 6.62365 ], [ 2.35199, 6.62384 ], [ 2.3519, 6.62284 ], [ 2.35109, 6.62257 ], [ 2.35136, 6.62175 ], [ 2.351, 6.62103 ], [ 2.35163, 6.6213 ], [ 2.35154, 6.62049 ], [ 2.35064, 6.62003 ], [ 2.35001, 6.62021 ], [ 2.34982, 6.62094 ], [ 2.34919, 6.62139 ], [ 2.34928, 6.62202 ], [ 2.35, 6.62266 ], [ 2.3491, 6.62302 ], [ 2.34892, 6.62166 ], [ 2.34847, 6.62157 ], [ 2.34828, 6.62193 ], [ 2.34856, 6.62193 ], [ 2.34874, 6.62275 ], [ 2.3481, 6.62284 ], [ 2.34819, 6.62338 ], [ 2.34919, 6.62347 ], [ 2.34918, 6.62501 ], [ 2.35018, 6.62591 ], [ 2.35018, 6.62519 ] ] ], [ [ [ 2.35659, 6.63289 ], [ 2.35723, 6.63298 ], [ 2.35759, 6.63262 ], [ 2.35678, 6.6318 ], [ 2.35687, 6.63117 ], [ 2.3575, 6.6309 ], [ 2.35678, 6.63054 ], [ 2.35651, 6.63054 ], [ 2.35641, 6.63117 ], [ 2.35569, 6.63117 ], [ 2.35569, 6.63162 ], [ 2.3565, 6.63171 ], [ 2.35605, 6.63207 ], [ 2.35632, 6.63316 ], [ 2.35587, 6.63334 ], [ 2.35596, 6.63388 ], [ 2.35623, 6.63388 ], [ 2.35659, 6.63289 ] ] ], [ [ [ 2.38508, 6.64043 ], [ 2.38454, 6.63989 ], [ 2.38481, 6.63917 ], [ 2.384, 6.63871 ], [ 2.38418, 6.63727 ], [ 2.38373, 6.6369 ], [ 2.38337, 6.63754 ], [ 2.38373, 6.63772 ], [ 2.384, 6.63962 ], [ 2.38364, 6.63971 ], [ 2.38364, 6.64016 ], [ 2.38508, 6.64043 ] ] ], [ [ [ 2.37675, 6.64657 ], [ 2.37757, 6.64603 ], [ 2.37748, 6.64395 ], [ 2.37648, 6.64377 ], [ 2.37676, 6.64323 ], [ 2.37676, 6.64278 ], [ 2.37649, 6.64277 ], [ 2.37621, 6.64323 ], [ 2.37639, 6.64377 ], [ 2.37558, 6.64413 ], [ 2.37567, 6.64449 ], [ 2.37603, 6.64422 ], [ 2.3763, 6.6444 ], [ 2.37567, 6.64485 ], [ 2.37684, 6.64567 ], [ 2.37675, 6.64657 ] ] ], [ [ [ 2.37368, 6.64612 ], [ 2.37449, 6.64522 ], [ 2.37395, 6.6453 ], [ 2.37395, 6.64503 ], [ 2.37486, 6.64449 ], [ 2.37458, 6.64413 ], [ 2.37341, 6.64422 ], [ 2.3735, 6.64494 ], [ 2.37295, 6.6453 ], [ 2.37304, 6.64585 ], [ 2.37368, 6.64612 ] ] ], [ [ [ 2.37874, 6.65047 ], [ 2.38028, 6.64993 ], [ 2.38091, 6.6492 ], [ 2.38254, 6.64957 ], [ 2.38109, 6.64803 ], [ 2.38019, 6.64785 ], [ 2.38001, 6.64694 ], [ 2.37938, 6.64757 ], [ 2.37793, 6.64784 ], [ 2.37747, 6.64893 ], [ 2.37684, 6.64866 ], [ 2.37602, 6.65037 ], [ 2.37648, 6.64983 ], [ 2.37675, 6.65037 ], [ 2.37711, 6.65038 ], [ 2.37711, 6.64983 ], [ 2.37747, 6.64992 ], [ 2.37756, 6.64947 ], [ 2.37811, 6.64974 ], [ 2.37792, 6.65029 ], [ 2.37838, 6.64983 ], [ 2.37874, 6.65047 ] ] ], [ [ [ 2.3563, 6.65361 ], [ 2.35684, 6.6527 ], [ 2.3563, 6.65288 ], [ 2.35657, 6.65225 ], [ 2.35838, 6.65126 ], [ 2.35847, 6.65035 ], [ 2.35901, 6.65044 ], [ 2.3591, 6.65126 ], [ 2.36019, 6.65108 ], [ 2.36028, 6.65063 ], [ 2.36091, 6.65026 ], [ 2.36082, 6.64945 ], [ 2.36155, 6.65026 ], [ 2.36245, 6.64945 ], [ 2.36173, 6.64918 ], [ 2.36182, 6.64873 ], [ 2.3611, 6.64827 ], [ 2.36065, 6.64827 ], [ 2.36083, 6.64882 ], [ 2.36046, 6.64891 ], [ 2.35974, 6.64809 ], [ 2.3592, 6.64854 ], [ 2.35856, 6.64818 ], [ 2.35865, 6.64881 ], [ 2.35793, 6.64908 ], [ 2.35802, 6.64764 ], [ 2.3573, 6.64745 ], [ 2.35667, 6.64655 ], [ 2.35522, 6.64682 ], [ 2.35468, 6.64646 ], [ 2.3545, 6.64573 ], [ 2.35422, 6.64627 ], [ 2.35459, 6.64673 ], [ 2.35395, 6.64736 ], [ 2.35413, 6.64836 ], [ 2.35485, 6.64908 ], [ 2.35503, 6.64863 ], [ 2.35603, 6.64809 ], [ 2.35585, 6.64781 ], [ 2.35531, 6.64809 ], [ 2.35495, 6.6479 ], [ 2.35567, 6.64727 ], [ 2.35621, 6.64745 ], [ 2.35666, 6.64854 ], [ 2.35594, 6.64971 ], [ 2.35648, 6.6499 ], [ 2.35666, 6.65053 ], [ 2.35757, 6.6508 ], [ 2.35657, 6.65152 ], [ 2.35657, 6.65189 ], [ 2.35585, 6.65189 ], [ 2.35557, 6.65116 ], [ 2.35494, 6.65143 ], [ 2.35548, 6.65207 ], [ 2.35539, 6.65297 ], [ 2.35584, 6.65297 ], [ 2.35584, 6.65342 ], [ 2.3563, 6.65361 ] ] ], [ [ [ 2.37321, 6.65661 ], [ 2.37412, 6.65598 ], [ 2.37412, 6.65508 ], [ 2.37376, 6.65471 ], [ 2.37394, 6.65408 ], [ 2.37349, 6.65417 ], [ 2.37331, 6.65363 ], [ 2.37222, 6.65317 ], [ 2.37222, 6.6539 ], [ 2.37131, 6.65372 ], [ 2.37095, 6.65426 ], [ 2.37023, 6.65435 ], [ 2.37014, 6.65489 ], [ 2.37059, 6.65507 ], [ 2.37149, 6.65444 ], [ 2.37204, 6.65453 ], [ 2.37222, 6.65525 ], [ 2.37276, 6.65507 ], [ 2.37231, 6.65661 ], [ 2.37267, 6.65743 ], [ 2.37312, 6.65725 ], [ 2.37321, 6.65661 ] ] ], [ [ [ 2.37664, 6.66349 ], [ 2.37637, 6.66268 ], [ 2.37682, 6.66232 ], [ 2.37637, 6.66159 ], [ 2.37583, 6.66168 ], [ 2.37465, 6.66286 ], [ 2.37465, 6.66313 ], [ 2.37547, 6.66304 ], [ 2.37574, 6.66394 ], [ 2.37619, 6.66413 ], [ 2.37664, 6.66349 ] ] ], [ [ [ 2.35302, 6.66799 ], [ 2.35185, 6.66608 ], [ 2.35167, 6.66464 ], [ 2.35203, 6.66409 ], [ 2.35094, 6.6631 ], [ 2.35121, 6.66409 ], [ 2.35094, 6.66464 ], [ 2.35103, 6.66654 ], [ 2.3504, 6.66527 ], [ 2.35013, 6.66527 ], [ 2.35013, 6.66572 ], [ 2.34967, 6.66518 ], [ 2.34958, 6.66554 ], [ 2.35058, 6.66644 ], [ 2.35049, 6.66717 ], [ 2.35112, 6.66672 ], [ 2.35302, 6.66799 ] ] ], [ [ [ 2.35528, 6.66772 ], [ 2.35474, 6.66645 ], [ 2.35465, 6.66428 ], [ 2.3542, 6.6641 ], [ 2.35402, 6.66545 ], [ 2.35429, 6.66564 ], [ 2.35429, 6.66672 ], [ 2.35501, 6.66781 ], [ 2.35528, 6.66772 ] ] ], [ [ [ 2.36424, 6.66773 ], [ 2.36632, 6.66692 ], [ 2.36695, 6.6671 ], [ 2.36696, 6.66638 ], [ 2.3665, 6.66628 ], [ 2.36578, 6.66683 ], [ 2.36487, 6.66655 ], [ 2.36451, 6.66673 ], [ 2.36478, 6.66719 ], [ 2.36424, 6.66773 ] ] ], [ [ [ 2.37184, 6.66891 ], [ 2.37066, 6.66855 ], [ 2.37066, 6.66801 ], [ 2.37103, 6.66792 ], [ 2.37075, 6.66738 ], [ 2.3713, 6.66656 ], [ 2.37048, 6.6662 ], [ 2.3703, 6.66647 ], [ 2.37075, 6.6671 ], [ 2.37039, 6.66737 ], [ 2.37048, 6.6681 ], [ 2.36994, 6.66801 ], [ 2.36976, 6.66846 ], [ 2.37048, 6.66864 ], [ 2.37048, 6.669 ], [ 2.37139, 6.66909 ], [ 2.3712, 6.66955 ], [ 2.37148, 6.66982 ], [ 2.37184, 6.66891 ] ] ], [ [ [ 2.34903, 6.67133 ], [ 2.34813, 6.6706 ], [ 2.34813, 6.67024 ], [ 2.34922, 6.67051 ], [ 2.34913, 6.6697 ], [ 2.34858, 6.66979 ], [ 2.34813, 6.66897 ], [ 2.34813, 6.66952 ], [ 2.34759, 6.67006 ], [ 2.34704, 6.66997 ], [ 2.34686, 6.67042 ], [ 2.34704, 6.67078 ], [ 2.34768, 6.6706 ], [ 2.34885, 6.67214 ], [ 2.34903, 6.67133 ] ] ], [ [ [ 2.3512, 6.67151 ], [ 2.35075, 6.67097 ], [ 2.35012, 6.67115 ], [ 2.35021, 6.67241 ], [ 2.35102, 6.67386 ], [ 2.35129, 6.67386 ], [ 2.35138, 6.67287 ], [ 2.3512, 6.67151 ] ] ], [ [ [ 2.38224, 6.67499 ], [ 2.38188, 6.67436 ], [ 2.38296, 6.67454 ], [ 2.38269, 6.67372 ], [ 2.38387, 6.67363 ], [ 2.38387, 6.67201 ], [ 2.38351, 6.67219 ], [ 2.38269, 6.67155 ], [ 2.38242, 6.67228 ], [ 2.38305, 6.67273 ], [ 2.38287, 6.67336 ], [ 2.38124, 6.67327 ], [ 2.38061, 6.67426 ], [ 2.38079, 6.6749 ], [ 2.38178, 6.67472 ], [ 2.38224, 6.67499 ] ] ], [ [ [ 2.37074, 6.6757 ], [ 2.37138, 6.67525 ], [ 2.37129, 6.67434 ], [ 2.37084, 6.67434 ], [ 2.37029, 6.67307 ], [ 2.36975, 6.67289 ], [ 2.36921, 6.67334 ], [ 2.36975, 6.67416 ], [ 2.36948, 6.67561 ], [ 2.37074, 6.6757 ] ] ], [ [ [ 2.3663, 6.67976 ], [ 2.36721, 6.67895 ], [ 2.36784, 6.67922 ], [ 2.36766, 6.6785 ], [ 2.36821, 6.67886 ], [ 2.36803, 6.67805 ], [ 2.36848, 6.6776 ], [ 2.3683, 6.67696 ], [ 2.36866, 6.67642 ], [ 2.36812, 6.67615 ], [ 2.36757, 6.67732 ], [ 2.36703, 6.67687 ], [ 2.36604, 6.67723 ], [ 2.36604, 6.67596 ], [ 2.36559, 6.67596 ], [ 2.36541, 6.67533 ], [ 2.36495, 6.67551 ], [ 2.36468, 6.67442 ], [ 2.36414, 6.67388 ], [ 2.36423, 6.67334 ], [ 2.36369, 6.67307 ], [ 2.36342, 6.67243 ], [ 2.3636, 6.67153 ], [ 2.36333, 6.67107 ], [ 2.36279, 6.67107 ], [ 2.36279, 6.67053 ], [ 2.36216, 6.67017 ], [ 2.36215, 6.67071 ], [ 2.36098, 6.67125 ], [ 2.36152, 6.67143 ], [ 2.36197, 6.67098 ], [ 2.36252, 6.67125 ], [ 2.36306, 6.6718 ], [ 2.36279, 6.67279 ], [ 2.36351, 6.67361 ], [ 2.36315, 6.67406 ], [ 2.36215, 6.67424 ], [ 2.36224, 6.67469 ], [ 2.36342, 6.67497 ], [ 2.36432, 6.67605 ], [ 2.36495, 6.67605 ], [ 2.36495, 6.67696 ], [ 2.36622, 6.67868 ], [ 2.36613, 6.67895 ], [ 2.36558, 6.67877 ], [ 2.36549, 6.68012 ], [ 2.3664, 6.68004 ], [ 2.3663, 6.67976 ] ] ], [ [ [ 2.35319, 6.67739 ], [ 2.35274, 6.67549 ], [ 2.3531, 6.67459 ], [ 2.35283, 6.6745 ], [ 2.3522, 6.67486 ], [ 2.35237, 6.67694 ], [ 2.35255, 6.67767 ], [ 2.35319, 6.67739 ] ] ], [ [ [ 2.3568, 6.68129 ], [ 2.35762, 6.68138 ], [ 2.35789, 6.68102 ], [ 2.35726, 6.67921 ], [ 2.35689, 6.67957 ], [ 2.35599, 6.67948 ], [ 2.35617, 6.68038 ], [ 2.35581, 6.68084 ], [ 2.35653, 6.68219 ], [ 2.35689, 6.68192 ], [ 2.3568, 6.68129 ] ] ], [ [ [ 2.36874, 6.6833 ], [ 2.36929, 6.6823 ], [ 2.36865, 6.68212 ], [ 2.36911, 6.68121 ], [ 2.36956, 6.68167 ], [ 2.37028, 6.68149 ], [ 2.37037, 6.68203 ], [ 2.37074, 6.68149 ], [ 2.37155, 6.68131 ], [ 2.37119, 6.68077 ], [ 2.37146, 6.6804 ], [ 2.37128, 6.67995 ], [ 2.37038, 6.67932 ], [ 2.36956, 6.67959 ], [ 2.36984, 6.67877 ], [ 2.36929, 6.67886 ], [ 2.36938, 6.67941 ], [ 2.36848, 6.67877 ], [ 2.36812, 6.67895 ], [ 2.36875, 6.68013 ], [ 2.3682, 6.68022 ], [ 2.36784, 6.67968 ], [ 2.36721, 6.67986 ], [ 2.36712, 6.68121 ], [ 2.36639, 6.68184 ], [ 2.36739, 6.68167 ], [ 2.3673, 6.68239 ], [ 2.36802, 6.68248 ], [ 2.36811, 6.68293 ], [ 2.36874, 6.6833 ] ] ], [ [ [ 2.35227, 6.68572 ], [ 2.35246, 6.68391 ], [ 2.35182, 6.68246 ], [ 2.35155, 6.68418 ], [ 2.35209, 6.68526 ], [ 2.35101, 6.68517 ], [ 2.35101, 6.68553 ], [ 2.35227, 6.68572 ] ] ], [ [ [ 2.36864, 6.69668 ], [ 2.37036, 6.69605 ], [ 2.37009, 6.69551 ], [ 2.36954, 6.69614 ], [ 2.36918, 6.69587 ], [ 2.36954, 6.6956 ], [ 2.36945, 6.69479 ], [ 2.36972, 6.69479 ], [ 2.36945, 6.69424 ], [ 2.37099, 6.69461 ], [ 2.37099, 6.69424 ], [ 2.37172, 6.69388 ], [ 2.37163, 6.69325 ], [ 2.37072, 6.69352 ], [ 2.37036, 6.69307 ], [ 2.37054, 6.69379 ], [ 2.37018, 6.69415 ], [ 2.36982, 6.69406 ], [ 2.36955, 6.69307 ], [ 2.36936, 6.6937 ], [ 2.3681, 6.69397 ], [ 2.36791, 6.69451 ], [ 2.36665, 6.69415 ], [ 2.36683, 6.69505 ], [ 2.36746, 6.69478 ], [ 2.368, 6.69515 ], [ 2.36764, 6.69569 ], [ 2.36737, 6.69533 ], [ 2.36683, 6.6956 ], [ 2.36755, 6.69659 ], [ 2.36846, 6.6956 ], [ 2.36882, 6.69614 ], [ 2.36864, 6.69668 ] ] ], [ [ [ 2.39883, 6.49552 ], [ 2.39893, 6.49163 ], [ 2.39838, 6.49163 ], [ 2.39829, 6.49199 ], [ 2.39712, 6.49199 ], [ 2.39802, 6.49244 ], [ 2.39793, 6.49362 ], [ 2.39829, 6.49335 ], [ 2.39883, 6.49353 ], [ 2.39865, 6.49389 ], [ 2.39739, 6.4938 ], [ 2.3972, 6.49452 ], [ 2.39784, 6.49398 ], [ 2.39847, 6.49434 ], [ 2.3972, 6.49524 ], [ 2.3982, 6.49497 ], [ 2.39847, 6.49552 ], [ 2.39883, 6.49552 ] ] ], [ [ [ 2.40368, 6.52095 ], [ 2.40405, 6.51805 ], [ 2.40315, 6.51805 ], [ 2.40269, 6.51742 ], [ 2.40279, 6.51687 ], [ 2.40233, 6.51678 ], [ 2.4017, 6.5176 ], [ 2.40242, 6.51751 ], [ 2.40251, 6.51778 ], [ 2.40152, 6.51859 ], [ 2.40215, 6.51913 ], [ 2.40314, 6.51914 ], [ 2.40305, 6.51986 ], [ 2.40233, 6.51959 ], [ 2.40224, 6.51995 ], [ 2.40278, 6.52031 ], [ 2.40287, 6.52103 ], [ 2.40368, 6.52095 ] ] ], [ [ [ 2.40086, 6.53551 ], [ 2.40222, 6.53488 ], [ 2.40204, 6.53361 ], [ 2.40159, 6.53388 ], [ 2.40168, 6.53442 ], [ 2.40096, 6.53442 ], [ 2.40114, 6.53487 ], [ 2.4005, 6.53442 ], [ 2.40005, 6.53478 ], [ 2.39987, 6.53578 ], [ 2.4005, 6.53677 ], [ 2.40095, 6.53641 ], [ 2.40086, 6.53551 ] ] ], [ [ [ 2.39751, 6.53686 ], [ 2.39761, 6.53496 ], [ 2.39716, 6.53442 ], [ 2.39562, 6.53514 ], [ 2.39661, 6.53559 ], [ 2.39706, 6.53713 ], [ 2.39751, 6.53686 ] ] ], [ [ [ 2.40158, 6.54428 ], [ 2.40131, 6.54356 ], [ 2.40067, 6.54392 ], [ 2.40004, 6.54274 ], [ 2.39959, 6.54265 ], [ 2.39959, 6.5441 ], [ 2.39995, 6.54455 ], [ 2.4013, 6.54474 ], [ 2.40158, 6.54428 ] ] ], [ [ [ 2.40338, 6.54528 ], [ 2.40538, 6.54438 ], [ 2.40483, 6.54347 ], [ 2.40384, 6.5432 ], [ 2.40375, 6.54356 ], [ 2.40321, 6.54356 ], [ 2.40338, 6.54528 ] ] ], [ [ [ 2.40329, 6.54971 ], [ 2.40311, 6.54926 ], [ 2.40347, 6.54881 ], [ 2.40356, 6.54763 ], [ 2.40411, 6.54709 ], [ 2.40302, 6.54745 ], [ 2.40284, 6.54682 ], [ 2.4023, 6.54682 ], [ 2.40293, 6.54646 ], [ 2.40293, 6.54591 ], [ 2.40212, 6.54573 ], [ 2.40185, 6.546 ], [ 2.40094, 6.5451 ], [ 2.40013, 6.5451 ], [ 2.39995, 6.54537 ], [ 2.40067, 6.54546 ], [ 2.40193, 6.54718 ], [ 2.40284, 6.54745 ], [ 2.40266, 6.54799 ], [ 2.40311, 6.54836 ], [ 2.40266, 6.54854 ], [ 2.40238, 6.55008 ], [ 2.40329, 6.54971 ] ] ], [ [ [ 2.39836, 6.58825 ], [ 2.39763, 6.58825 ], [ 2.39791, 6.58725 ], [ 2.39709, 6.58653 ], [ 2.397, 6.58789 ], [ 2.39745, 6.58834 ], [ 2.39736, 6.58897 ], [ 2.39845, 6.58915 ], [ 2.39836, 6.58825 ] ] ], [ [ [ 2.40179, 6.5907 ], [ 2.40116, 6.58988 ], [ 2.40179, 6.58871 ], [ 2.40062, 6.58888 ], [ 2.40116, 6.59115 ], [ 2.40152, 6.59124 ], [ 2.40179, 6.5907 ] ] ], [ [ [ 2.39518, 6.59431 ], [ 2.39609, 6.59376 ], [ 2.39582, 6.59223 ], [ 2.39455, 6.59213 ], [ 2.3941, 6.5925 ], [ 2.39419, 6.59295 ], [ 2.39519, 6.59304 ], [ 2.39518, 6.59431 ] ] ], [ [ [ 2.40848, 6.59414 ], [ 2.40948, 6.59315 ], [ 2.40858, 6.59242 ], [ 2.40695, 6.5926 ], [ 2.40848, 6.59414 ] ] ], [ [ [ 2.38749, 6.59737 ], [ 2.3874, 6.59602 ], [ 2.38704, 6.59565 ], [ 2.38804, 6.59511 ], [ 2.38822, 6.5943 ], [ 2.38713, 6.59475 ], [ 2.38713, 6.59393 ], [ 2.38614, 6.59375 ], [ 2.38568, 6.59411 ], [ 2.38632, 6.59484 ], [ 2.38595, 6.59538 ], [ 2.38613, 6.59638 ], [ 2.38677, 6.59746 ], [ 2.38749, 6.59737 ] ] ], [ [ [ 2.39852, 6.60444 ], [ 2.39942, 6.60408 ], [ 2.39906, 6.60327 ], [ 2.40015, 6.60264 ], [ 2.39816, 6.60281 ], [ 2.39843, 6.60164 ], [ 2.39798, 6.60128 ], [ 2.39762, 6.60173 ], [ 2.39798, 6.60227 ], [ 2.39771, 6.6029 ], [ 2.39852, 6.60444 ] ] ], [ [ [ 2.39734, 6.60643 ], [ 2.39834, 6.60634 ], [ 2.39816, 6.60598 ], [ 2.3987, 6.60526 ], [ 2.39807, 6.60426 ], [ 2.39707, 6.60399 ], [ 2.39761, 6.60616 ], [ 2.39734, 6.60643 ] ] ], [ [ [ 2.40005, 6.60716 ], [ 2.40105, 6.60698 ], [ 2.40105, 6.60644 ], [ 2.40006, 6.60607 ], [ 2.39942, 6.6068 ], [ 2.39951, 6.60716 ], [ 2.39888, 6.6068 ], [ 2.39852, 6.60707 ], [ 2.39852, 6.6077 ], [ 2.39978, 6.60806 ], [ 2.40005, 6.60716 ] ] ], [ [ [ 2.38592, 6.62343 ], [ 2.38646, 6.62352 ], [ 2.38601, 6.62306 ], [ 2.38638, 6.62107 ], [ 2.38601, 6.61972 ], [ 2.38647, 6.61872 ], [ 2.3862, 6.61764 ], [ 2.38656, 6.61673 ], [ 2.38656, 6.61547 ], [ 2.3862, 6.61474 ], [ 2.38584, 6.61519 ], [ 2.38602, 6.61691 ], [ 2.38557, 6.61709 ], [ 2.38574, 6.61935 ], [ 2.38547, 6.6199 ], [ 2.38574, 6.62062 ], [ 2.38493, 6.62116 ], [ 2.38511, 6.62171 ], [ 2.38565, 6.62116 ], [ 2.38592, 6.62135 ], [ 2.38592, 6.62189 ], [ 2.38547, 6.62207 ], [ 2.38583, 6.62243 ], [ 2.38556, 6.62388 ], [ 2.38592, 6.62343 ] ] ], [ [ [ 2.3956, 6.62669 ], [ 2.39569, 6.62552 ], [ 2.39496, 6.62561 ], [ 2.39479, 6.62407 ], [ 2.39596, 6.62543 ], [ 2.39723, 6.62471 ], [ 2.39696, 6.62344 ], [ 2.39551, 6.6228 ], [ 2.39569, 6.62335 ], [ 2.39451, 6.62389 ], [ 2.39433, 6.62298 ], [ 2.39379, 6.62271 ], [ 2.39343, 6.62398 ], [ 2.39216, 6.62253 ], [ 2.39217, 6.62018 ], [ 2.39172, 6.61864 ], [ 2.39117, 6.61837 ], [ 2.39072, 6.61891 ], [ 2.39063, 6.61981 ], [ 2.38982, 6.61954 ], [ 2.38981, 6.62108 ], [ 2.38927, 6.62171 ], [ 2.38999, 6.62153 ], [ 2.39063, 6.62045 ], [ 2.39144, 6.62036 ], [ 2.39135, 6.62208 ], [ 2.39045, 6.62162 ], [ 2.38981, 6.62235 ], [ 2.39099, 6.6228 ], [ 2.39162, 6.62416 ], [ 2.39252, 6.62389 ], [ 2.39307, 6.62434 ], [ 2.39298, 6.62479 ], [ 2.39171, 6.62542 ], [ 2.39171, 6.62606 ], [ 2.39379, 6.62561 ], [ 2.39406, 6.62633 ], [ 2.39451, 6.62642 ], [ 2.39469, 6.62624 ], [ 2.39433, 6.62579 ], [ 2.39451, 6.62543 ], [ 2.39515, 6.62588 ], [ 2.39505, 6.62651 ], [ 2.3956, 6.62669 ] ] ], [ [ [ 2.40782, 6.62345 ], [ 2.40809, 6.62354 ], [ 2.40818, 6.62173 ], [ 2.40718, 6.62255 ], [ 2.40682, 6.62255 ], [ 2.40646, 6.62191 ], [ 2.40592, 6.62336 ], [ 2.4051, 6.62327 ], [ 2.40555, 6.62381 ], [ 2.40664, 6.62354 ], [ 2.40709, 6.62399 ], [ 2.40754, 6.624 ], [ 2.40782, 6.62345 ] ] ], [ [ [ 2.39053, 6.62651 ], [ 2.39017, 6.62443 ], [ 2.38954, 6.6237 ], [ 2.38909, 6.6237 ], [ 2.38908, 6.62488 ], [ 2.38936, 6.62479 ], [ 2.3899, 6.6256 ], [ 2.39017, 6.62669 ], [ 2.39053, 6.62651 ] ] ], [ [ [ 2.38564, 6.6265 ], [ 2.38646, 6.62542 ], [ 2.38737, 6.62542 ], [ 2.38719, 6.62442 ], [ 2.38637, 6.62451 ], [ 2.38646, 6.62506 ], [ 2.38537, 6.62542 ], [ 2.38564, 6.6265 ] ] ], [ [ [ 2.40238, 6.6315 ], [ 2.40229, 6.6305 ], [ 2.40292, 6.63068 ], [ 2.40356, 6.62969 ], [ 2.40283, 6.62978 ], [ 2.40256, 6.63032 ], [ 2.40202, 6.62978 ], [ 2.40138, 6.63005 ], [ 2.40138, 6.63077 ], [ 2.40211, 6.63159 ], [ 2.40238, 6.6315 ] ] ], [ [ [ 2.39993, 6.6324 ], [ 2.40093, 6.63095 ], [ 2.40129, 6.63005 ], [ 2.40039, 6.62978 ], [ 2.40021, 6.6305 ], [ 2.39921, 6.63095 ], [ 2.39957, 6.63231 ], [ 2.39993, 6.6324 ] ] ], [ [ [ 2.40355, 6.63304 ], [ 2.405, 6.63304 ], [ 2.40509, 6.63259 ], [ 2.40401, 6.63168 ], [ 2.40319, 6.6315 ], [ 2.40355, 6.63304 ] ] ], [ [ [ 2.39766, 6.64162 ], [ 2.39947, 6.64036 ], [ 2.39893, 6.63973 ], [ 2.3983, 6.63964 ], [ 2.39784, 6.64027 ], [ 2.39694, 6.64045 ], [ 2.39766, 6.64162 ] ] ], [ [ [ 2.39322, 6.64261 ], [ 2.39377, 6.64271 ], [ 2.39431, 6.64216 ], [ 2.39485, 6.64235 ], [ 2.39531, 6.6418 ], [ 2.39413, 6.64171 ], [ 2.39413, 6.64099 ], [ 2.39359, 6.64189 ], [ 2.39314, 6.64189 ], [ 2.39314, 6.64135 ], [ 2.39286, 6.64135 ], [ 2.39277, 6.64289 ], [ 2.39313, 6.64307 ], [ 2.39322, 6.64261 ] ] ], [ [ [ 2.40743, 6.64354 ], [ 2.40716, 6.64345 ], [ 2.40743, 6.6429 ], [ 2.40653, 6.64227 ], [ 2.40716, 6.64164 ], [ 2.40662, 6.64145 ], [ 2.40571, 6.64281 ], [ 2.40571, 6.64372 ], [ 2.40625, 6.64399 ], [ 2.40616, 6.64317 ], [ 2.40671, 6.6429 ], [ 2.4068, 6.64363 ], [ 2.40643, 6.64426 ], [ 2.40716, 6.64444 ], [ 2.40743, 6.64354 ] ] ], [ [ [ 2.40408, 6.64534 ], [ 2.40462, 6.64417 ], [ 2.40435, 6.64344 ], [ 2.40472, 6.64209 ], [ 2.40517, 6.64172 ], [ 2.40526, 6.64064 ], [ 2.40481, 6.64109 ], [ 2.40472, 6.642 ], [ 2.40426, 6.64218 ], [ 2.40399, 6.64335 ], [ 2.40354, 6.64353 ], [ 2.40399, 6.64435 ], [ 2.40327, 6.6448 ], [ 2.40327, 6.64516 ], [ 2.40408, 6.64534 ] ] ], [ [ [ 2.39991, 6.64751 ], [ 2.40073, 6.64669 ], [ 2.40154, 6.64742 ], [ 2.40209, 6.64697 ], [ 2.40299, 6.64742 ], [ 2.40326, 6.6467 ], [ 2.40272, 6.64615 ], [ 2.40317, 6.64606 ], [ 2.40326, 6.64561 ], [ 2.40136, 6.64561 ], [ 2.40164, 6.64624 ], [ 2.40118, 6.6467 ], [ 2.40073, 6.64606 ], [ 2.4001, 6.64624 ], [ 2.39992, 6.64597 ], [ 2.40046, 6.64498 ], [ 2.39965, 6.64461 ], [ 2.39974, 6.64362 ], [ 2.39911, 6.64271 ], [ 2.39847, 6.6428 ], [ 2.39811, 6.64343 ], [ 2.39748, 6.64334 ], [ 2.3972, 6.64389 ], [ 2.39811, 6.64452 ], [ 2.3982, 6.64552 ], [ 2.39892, 6.64588 ], [ 2.39901, 6.64651 ], [ 2.39946, 6.6466 ], [ 2.39991, 6.64751 ] ] ], [ [ [ 2.41267, 6.64689 ], [ 2.41331, 6.64716 ], [ 2.41322, 6.64581 ], [ 2.41267, 6.64608 ], [ 2.41213, 6.6449 ], [ 2.41114, 6.64445 ], [ 2.41105, 6.6449 ], [ 2.41195, 6.64544 ], [ 2.41195, 6.64617 ], [ 2.41132, 6.64644 ], [ 2.41122, 6.64716 ], [ 2.4124, 6.64743 ], [ 2.41267, 6.64689 ] ] ], [ [ [ 2.40461, 6.65502 ], [ 2.40642, 6.65466 ], [ 2.4066, 6.65403 ], [ 2.40723, 6.65466 ], [ 2.40814, 6.65457 ], [ 2.40905, 6.65358 ], [ 2.40814, 6.65367 ], [ 2.40841, 6.65304 ], [ 2.40832, 6.65286 ], [ 2.40751, 6.65322 ], [ 2.40805, 6.65376 ], [ 2.40715, 6.65403 ], [ 2.40687, 6.65358 ], [ 2.40706, 6.65304 ], [ 2.40678, 6.65276 ], [ 2.40633, 6.65294 ], [ 2.40543, 6.65213 ], [ 2.40525, 6.65267 ], [ 2.40434, 6.65303 ], [ 2.40416, 6.65448 ], [ 2.40461, 6.65502 ] ] ], [ [ [ 2.40207, 6.65945 ], [ 2.40126, 6.65918 ], [ 2.40162, 6.65819 ], [ 2.40126, 6.65746 ], [ 2.40026, 6.65846 ], [ 2.40044, 6.65963 ], [ 2.39972, 6.65972 ], [ 2.39963, 6.66008 ], [ 2.40053, 6.66017 ], [ 2.4008, 6.65972 ], [ 2.40126, 6.66045 ], [ 2.40189, 6.66054 ], [ 2.40207, 6.65945 ] ] ], [ [ [ 2.40361, 6.66307 ], [ 2.40487, 6.66262 ], [ 2.4046, 6.66208 ], [ 2.40487, 6.66136 ], [ 2.40551, 6.66217 ], [ 2.40614, 6.66172 ], [ 2.40614, 6.66081 ], [ 2.40469, 6.66081 ], [ 2.4037, 6.66172 ], [ 2.40279, 6.66162 ], [ 2.40243, 6.66199 ], [ 2.40243, 6.66271 ], [ 2.40297, 6.66253 ], [ 2.40297, 6.66334 ], [ 2.40324, 6.66334 ], [ 2.40315, 6.66289 ], [ 2.40361, 6.66307 ] ] ], [ [ [ 2.39836, 6.66316 ], [ 2.39854, 6.66081 ], [ 2.39818, 6.66135 ], [ 2.39709, 6.66126 ], [ 2.39655, 6.6618 ], [ 2.39673, 6.66234 ], [ 2.39718, 6.66225 ], [ 2.39772, 6.66343 ], [ 2.39836, 6.66316 ] ] ], [ [ [ 2.39048, 6.66993 ], [ 2.39084, 6.66831 ], [ 2.3903, 6.66803 ], [ 2.38966, 6.66858 ], [ 2.38939, 6.66794 ], [ 2.39003, 6.66794 ], [ 2.3903, 6.66758 ], [ 2.38921, 6.6674 ], [ 2.38939, 6.66876 ], [ 2.38966, 6.66912 ], [ 2.39021, 6.66894 ], [ 2.39021, 6.6693 ], [ 2.38966, 6.66948 ], [ 2.38975, 6.66984 ], [ 2.39048, 6.66993 ] ] ], [ [ [ 2.39499, 6.67899 ], [ 2.39454, 6.67681 ], [ 2.39499, 6.676 ], [ 2.39463, 6.67591 ], [ 2.394, 6.6769 ], [ 2.39345, 6.6769 ], [ 2.39345, 6.67736 ], [ 2.39472, 6.67908 ], [ 2.39499, 6.67899 ] ] ], [ [ [ 2.40232, 6.67981 ], [ 2.40304, 6.67863 ], [ 2.40286, 6.678 ], [ 2.40232, 6.67791 ], [ 2.40259, 6.6771 ], [ 2.40295, 6.67773 ], [ 2.40323, 6.67755 ], [ 2.40268, 6.67655 ], [ 2.40178, 6.67637 ], [ 2.40087, 6.67736 ], [ 2.40006, 6.67709 ], [ 2.39988, 6.67754 ], [ 2.40114, 6.67782 ], [ 2.40132, 6.67845 ], [ 2.40087, 6.67872 ], [ 2.40105, 6.67935 ], [ 2.40015, 6.6799 ], [ 2.39969, 6.67953 ], [ 2.40006, 6.67791 ], [ 2.3997, 6.678 ], [ 2.3997, 6.67854 ], [ 2.39924, 6.6789 ], [ 2.39933, 6.67962 ], [ 2.39978, 6.67999 ], [ 2.3996, 6.68071 ], [ 2.40033, 6.6808 ], [ 2.4006, 6.68044 ], [ 2.40123, 6.68098 ], [ 2.40232, 6.68117 ], [ 2.40232, 6.67981 ] ] ], [ [ [ 2.40711, 6.68443 ], [ 2.40829, 6.6828 ], [ 2.40946, 6.68307 ], [ 2.40983, 6.68262 ], [ 2.4091, 6.68181 ], [ 2.40793, 6.68181 ], [ 2.40793, 6.68054 ], [ 2.4063, 6.68099 ], [ 2.40675, 6.68171 ], [ 2.40738, 6.68135 ], [ 2.4072, 6.68217 ], [ 2.40765, 6.68244 ], [ 2.40765, 6.68325 ], [ 2.40729, 6.68262 ], [ 2.40666, 6.6828 ], [ 2.40639, 6.68407 ], [ 2.40711, 6.68443 ] ] ], [ [ [ 2.40322, 6.6837 ], [ 2.40168, 6.68171 ], [ 2.4006, 6.68171 ], [ 2.40186, 6.6827 ], [ 2.40195, 6.68325 ], [ 2.40277, 6.68352 ], [ 2.40294, 6.68542 ], [ 2.4034, 6.68533 ], [ 2.40322, 6.6837 ] ] ], [ [ [ 2.40602, 6.68479 ], [ 2.40512, 6.68298 ], [ 2.40349, 6.68334 ], [ 2.40349, 6.68361 ], [ 2.40494, 6.68415 ], [ 2.4053, 6.68479 ], [ 2.40602, 6.68479 ] ] ], [ [ [ 2.3958, 6.68595 ], [ 2.39724, 6.68541 ], [ 2.39661, 6.68523 ], [ 2.39652, 6.68442 ], [ 2.39589, 6.68378 ], [ 2.39553, 6.6845 ], [ 2.39598, 6.68487 ], [ 2.3958, 6.68595 ] ] ], [ [ [ 2.40376, 6.68877 ], [ 2.40584, 6.68796 ], [ 2.40665, 6.68796 ], [ 2.40665, 6.68759 ], [ 2.40448, 6.68804 ], [ 2.40466, 6.68705 ], [ 2.4043, 6.68642 ], [ 2.40276, 6.6865 ], [ 2.40303, 6.68614 ], [ 2.4024, 6.6846 ], [ 2.40177, 6.68433 ], [ 2.40159, 6.6846 ], [ 2.40086, 6.68451 ], [ 2.4015, 6.68515 ], [ 2.40086, 6.68587 ], [ 2.40222, 6.68551 ], [ 2.4024, 6.68596 ], [ 2.40177, 6.68677 ], [ 2.4005, 6.68686 ], [ 2.40068, 6.68759 ], [ 2.40041, 6.68813 ], [ 2.40095, 6.68858 ], [ 2.40195, 6.68849 ], [ 2.40231, 6.68822 ], [ 2.40231, 6.68759 ], [ 2.4033, 6.68759 ], [ 2.40385, 6.6866 ], [ 2.40394, 6.68804 ], [ 2.40321, 6.68859 ], [ 2.40376, 6.68877 ] ] ], [ [ [ 2.39878, 6.69157 ], [ 2.39877, 6.69184 ], [ 2.39923, 6.69184 ], [ 2.39959, 6.69111 ], [ 2.40022, 6.69084 ], [ 2.4004, 6.69121 ], [ 2.40004, 6.69157 ], [ 2.40031, 6.69184 ], [ 2.40095, 6.69184 ], [ 2.40095, 6.69121 ], [ 2.40194, 6.69184 ], [ 2.40194, 6.69103 ], [ 2.4024, 6.69076 ], [ 2.40194, 6.68967 ], [ 2.40131, 6.68994 ], [ 2.40104, 6.6894 ], [ 2.4005, 6.68949 ], [ 2.40104, 6.68967 ], [ 2.4005, 6.6903 ], [ 2.40004, 6.69021 ], [ 2.40023, 6.68976 ], [ 2.39923, 6.69012 ], [ 2.40041, 6.6884 ], [ 2.39996, 6.68768 ], [ 2.3995, 6.68786 ], [ 2.39986, 6.68831 ], [ 2.39932, 6.68849 ], [ 2.39896, 6.68912 ], [ 2.39842, 6.68822 ], [ 2.39796, 6.68813 ], [ 2.39796, 6.68867 ], [ 2.3986, 6.68903 ], [ 2.39896, 6.68985 ], [ 2.39778, 6.69093 ], [ 2.3976, 6.69175 ], [ 2.39832, 6.6922 ], [ 2.39823, 6.69166 ], [ 2.39878, 6.69157 ] ] ], [ [ [ 2.39235, 6.69165 ], [ 2.39335, 6.6912 ], [ 2.39326, 6.68984 ], [ 2.39217, 6.68921 ], [ 2.39244, 6.69047 ], [ 2.39199, 6.69074 ], [ 2.39208, 6.69147 ], [ 2.39235, 6.69165 ] ] ], [ [ [ 2.4099, 6.69384 ], [ 2.40963, 6.6923 ], [ 2.40837, 6.69122 ], [ 2.40837, 6.69058 ], [ 2.40918, 6.68959 ], [ 2.40946, 6.68959 ], [ 2.40982, 6.69067 ], [ 2.41, 6.68995 ], [ 2.41063, 6.68941 ], [ 2.40991, 6.68778 ], [ 2.40873, 6.68787 ], [ 2.4081, 6.68832 ], [ 2.40792, 6.68904 ], [ 2.40692, 6.68959 ], [ 2.40647, 6.69103 ], [ 2.40502, 6.69094 ], [ 2.40438, 6.69193 ], [ 2.40438, 6.69257 ], [ 2.40312, 6.6932 ], [ 2.4033, 6.69365 ], [ 2.40375, 6.6932 ], [ 2.40438, 6.69347 ], [ 2.40465, 6.69311 ], [ 2.4052, 6.69338 ], [ 2.40619, 6.69311 ], [ 2.40655, 6.69347 ], [ 2.40719, 6.69239 ], [ 2.40755, 6.69357 ], [ 2.40791, 6.69311 ], [ 2.40836, 6.69366 ], [ 2.4099, 6.69384 ] ] ], [ [ [ 2.40049, 6.69519 ], [ 2.40085, 6.69455 ], [ 2.40185, 6.69455 ], [ 2.40203, 6.69528 ], [ 2.40239, 6.69537 ], [ 2.40266, 6.69383 ], [ 2.40194, 6.69365 ], [ 2.40375, 6.6923 ], [ 2.40321, 6.69175 ], [ 2.40393, 6.69157 ], [ 2.40421, 6.69094 ], [ 2.40357, 6.69112 ], [ 2.40339, 6.69076 ], [ 2.40348, 6.6913 ], [ 2.40267, 6.69103 ], [ 2.40285, 6.69148 ], [ 2.40149, 6.69229 ], [ 2.40158, 6.6932 ], [ 2.40104, 6.6932 ], [ 2.40103, 6.69365 ], [ 2.4004, 6.6941 ], [ 2.39941, 6.69428 ], [ 2.40013, 6.69491 ], [ 2.39904, 6.69509 ], [ 2.39931, 6.69564 ], [ 2.39958, 6.69528 ], [ 2.40049, 6.69519 ] ] ], [ [ [ 2.39859, 6.69356 ], [ 2.39733, 6.69265 ], [ 2.39642, 6.69283 ], [ 2.39805, 6.69446 ], [ 2.39832, 6.69446 ], [ 2.39859, 6.69356 ] ] ], [ [ [ 2.4061, 6.69755 ], [ 2.40664, 6.69682 ], [ 2.40746, 6.697 ], [ 2.40809, 6.6961 ], [ 2.40863, 6.69655 ], [ 2.40863, 6.69619 ], [ 2.408, 6.69592 ], [ 2.408, 6.69565 ], [ 2.40863, 6.69556 ], [ 2.40827, 6.69474 ], [ 2.40701, 6.69501 ], [ 2.40592, 6.697 ], [ 2.4061, 6.69755 ] ] ] ] } },
{ "type": "Feature", "properties": { "classe": 2, "nom": "Sols nus", "superficie_ha": 1905.8, "pourcentage": 3.86 }, "geometry": { "type": "MultiPolygon", "coordinates": [ [ [ [ 2.30812, 6.35002 ], [ 2.30812, 6.34866 ], [ 2.30776, 6.34857 ], [ 2.30803, 6.34812 ], [ 2.31599, 6.34831 ], [ 2.31644, 6.34804 ], [ 2.31681, 6.34849 ], [ 2.31753, 6.34822 ], [ 2.31852, 6.34849 ], [ 2.31907, 6.34759 ], [ 2.31943, 6.3485 ], [ 2.32015, 6.34877 ], [ 2.32124, 6.34868 ], [ 2.32205, 6.34904 ], [ 2.32232, 6.34832 ], [ 2.32286, 6.34931 ], [ 2.32693, 6.34977 ], [ 2.3282, 6.34977 ], [ 2.32811, 6.34914 ], [ 2.32928, 6.34905 ], [ 2.32892, 6.34995 ], [ 2.33037, 6.35005 ], [ 2.33064, 6.35005 ], [ 2.33064, 6.34815 ], [ 2.3301, 6.34779 ], [ 2.32621, 6.34751 ], [ 2.32169, 6.34669 ], [ 2.31075, 6.34658 ], [ 2.29249, 6.34475 ], [ 2.29329, 6.349 ], [ 2.29745, 6.34901 ], [ 2.29845, 6.34928 ], [ 2.29872, 6.34982 ], [ 2.2998, 6.35001 ], [ 2.30179, 6.34974 ], [ 2.30469, 6.35001 ], [ 2.30532, 6.35038 ], [ 2.30668, 6.35038 ], [ 2.30713, 6.35002 ], [ 2.30776, 6.35056 ], [ 2.30812, 6.35002 ] ] ], [ [ [ 2.31045, 6.37119 ], [ 2.3109, 6.37083 ], [ 2.30963, 6.37047 ], [ 2.30882, 6.36956 ], [ 2.30819, 6.36983 ], [ 2.30882, 6.3711 ], [ 2.31045, 6.37119 ] ] ], [ [ [ 2.28773, 6.38627 ], [ 2.28863, 6.38582 ], [ 2.28818, 6.385 ], [ 2.28809, 6.38374 ], [ 2.28773, 6.38319 ], [ 2.28692, 6.38337 ], [ 2.28718, 6.38582 ], [ 2.28773, 6.38627 ] ] ], [ [ [ 2.24058, 6.40674 ], [ 2.24022, 6.40601 ], [ 2.24049, 6.40547 ], [ 2.24131, 6.40565 ], [ 2.24167, 6.40538 ], [ 2.2414, 6.40475 ], [ 2.24068, 6.40475 ], [ 2.23941, 6.40574 ], [ 2.23968, 6.40655 ], [ 2.24058, 6.40674 ] ] ], [ [ [ 2.30612, 6.4261 ], [ 2.3073, 6.42438 ], [ 2.30712, 6.42411 ], [ 2.30766, 6.42411 ], [ 2.30766, 6.42366 ], [ 2.30703, 6.4233 ], [ 2.30585, 6.42384 ], [ 2.30477, 6.42528 ], [ 2.30513, 6.42619 ], [ 2.30612, 6.4261 ] ] ], [ [ [ 2.29679, 6.43477 ], [ 2.29942, 6.43224 ], [ 2.29924, 6.43188 ], [ 2.2977, 6.43333 ], [ 2.29679, 6.43477 ] ] ], [ [ [ 2.28052, 6.43366 ], [ 2.2816, 6.43357 ], [ 2.28115, 6.43312 ], [ 2.28133, 6.4324 ], [ 2.28034, 6.43276 ], [ 2.27988, 6.43348 ], [ 2.27862, 6.43312 ], [ 2.27798, 6.43384 ], [ 2.27825, 6.43411 ], [ 2.27862, 6.43357 ], [ 2.27889, 6.43375 ], [ 2.27925, 6.43339 ], [ 2.28024, 6.4343 ], [ 2.28052, 6.43366 ] ] ], [ [ [ 2.28583, 6.44751 ], [ 2.28674, 6.44607 ], [ 2.28773, 6.44543 ], [ 2.28792, 6.44571 ], [ 2.289, 6.44562 ], [ 2.28982, 6.4448 ], [ 2.28991, 6.443 ], [ 2.29154, 6.44119 ], [ 2.29127, 6.44083 ], [ 2.29063, 6.44164 ], [ 2.29009, 6.44137 ], [ 2.29036, 6.44209 ], [ 2.28964, 6.44227 ], [ 2.28955, 6.44299 ], [ 2.28919, 6.44308 ], [ 2.2891, 6.44209 ], [ 2.28792, 6.44182 ], [ 2.2872, 6.44109 ], [ 2.28765, 6.44046 ], [ 2.28774, 6.43946 ], [ 2.28892, 6.43965 ], [ 2.28865, 6.43956 ], [ 2.28892, 6.43938 ], [ 2.28874, 6.43901 ], [ 2.28783, 6.43892 ], [ 2.28756, 6.43847 ], [ 2.2882, 6.43711 ], [ 2.28738, 6.4372 ], [ 2.28757, 6.43657 ], [ 2.28874, 6.43675 ], [ 2.2891, 6.43648 ], [ 2.28892, 6.43603 ], [ 2.28929, 6.4353 ], [ 2.28893, 6.43404 ], [ 2.28757, 6.43395 ], [ 2.28739, 6.43349 ], [ 2.28621, 6.43331 ], [ 2.28603, 6.43421 ], [ 2.28676, 6.43476 ], [ 2.28666, 6.43566 ], [ 2.28594, 6.43602 ], [ 2.28476, 6.4353 ], [ 2.2844, 6.43557 ], [ 2.28467, 6.4362 ], [ 2.28422, 6.43629 ], [ 2.28404, 6.43575 ], [ 2.2835, 6.43611 ], [ 2.28341, 6.43358 ], [ 2.2826, 6.43321 ], [ 2.28287, 6.43403 ], [ 2.28196, 6.43457 ], [ 2.28196, 6.43502 ], [ 2.28277, 6.4353 ], [ 2.28314, 6.4362 ], [ 2.28286, 6.43656 ], [ 2.28169, 6.43674 ], [ 2.28115, 6.43584 ], [ 2.28024, 6.43593 ], [ 2.28006, 6.43529 ], [ 2.27952, 6.43529 ], [ 2.27961, 6.43475 ], [ 2.27889, 6.43493 ], [ 2.27934, 6.43592 ], [ 2.2787, 6.43592 ], [ 2.27852, 6.43538 ], [ 2.2788, 6.43511 ], [ 2.27843, 6.43502 ], [ 2.27834, 6.43429 ], [ 2.27798, 6.43447 ], [ 2.27807, 6.4352 ], [ 2.27744, 6.43502 ], [ 2.2778, 6.43592 ], [ 2.27653, 6.43592 ], [ 2.27599, 6.4351 ], [ 2.27599, 6.4342 ], [ 2.27518, 6.4342 ], [ 2.27419, 6.43275 ], [ 2.27337, 6.43311 ], [ 2.27346, 6.43365 ], [ 2.27211, 6.43365 ], [ 2.27202, 6.43302 ], [ 2.2712, 6.43256 ], [ 2.27111, 6.43302 ], [ 2.27156, 6.43311 ], [ 2.27165, 6.43392 ], [ 2.27229, 6.43401 ], [ 2.27228, 6.43519 ], [ 2.27274, 6.43528 ], [ 2.27255, 6.43573 ], [ 2.27156, 6.43591 ], [ 2.27228, 6.43655 ], [ 2.27147, 6.43727 ], [ 2.2721, 6.43754 ], [ 2.27165, 6.43808 ], [ 2.27282, 6.43863 ], [ 2.27255, 6.43962 ], [ 2.27318, 6.44053 ], [ 2.27273, 6.44089 ], [ 2.27345, 6.44089 ], [ 2.27372, 6.44125 ], [ 2.27363, 6.44243 ], [ 2.273, 6.44342 ], [ 2.27327, 6.44424 ], [ 2.2739, 6.44388 ], [ 2.27372, 6.44478 ], [ 2.27417, 6.44469 ], [ 2.27426, 6.44361 ], [ 2.27526, 6.44334 ], [ 2.27571, 6.44252 ], [ 2.27634, 6.44252 ], [ 2.27634, 6.44198 ], [ 2.2758, 6.44225 ], [ 2.27553, 6.44162 ], [ 2.27634, 6.44189 ], [ 2.27671, 6.44153 ], [ 2.27689, 6.44198 ], [ 2.27743, 6.44198 ], [ 2.27752, 6.44443 ], [ 2.27833, 6.44397 ], [ 2.27806, 6.44334 ], [ 2.27869, 6.44298 ], [ 2.27824, 6.4428 ], [ 2.27906, 6.44189 ], [ 2.27996, 6.44171 ], [ 2.28069, 6.44199 ], [ 2.28024, 6.44009 ], [ 2.28051, 6.43927 ], [ 2.28159, 6.43864 ], [ 2.28169, 6.43828 ], [ 2.28123, 6.43828 ], [ 2.28123, 6.43801 ], [ 2.28205, 6.43801 ], [ 2.28232, 6.43891 ], [ 2.28358, 6.43882 ], [ 2.28476, 6.43919 ], [ 2.28585, 6.43801 ], [ 2.28567, 6.43756 ], [ 2.28512, 6.43792 ], [ 2.28512, 6.43684 ], [ 2.28675, 6.4372 ], [ 2.28738, 6.43874 ], [ 2.28711, 6.43901 ], [ 2.28729, 6.44019 ], [ 2.28656, 6.44163 ], [ 2.28512, 6.44172 ], [ 2.28458, 6.44091 ], [ 2.28412, 6.44118 ], [ 2.28439, 6.44199 ], [ 2.28539, 6.44217 ], [ 2.28602, 6.4429 ], [ 2.28557, 6.44299 ], [ 2.28539, 6.44263 ], [ 2.28394, 6.44281 ], [ 2.28394, 6.44362 ], [ 2.28448, 6.44389 ], [ 2.28511, 6.44371 ], [ 2.28466, 6.44444 ], [ 2.28602, 6.4448 ], [ 2.28611, 6.44543 ], [ 2.28737, 6.44471 ], [ 2.28611, 6.44634 ], [ 2.28457, 6.44634 ], [ 2.28439, 6.44588 ], [ 2.28375, 6.44606 ], [ 2.28412, 6.4467 ], [ 2.28502, 6.44661 ], [ 2.2852, 6.44742 ], [ 2.28583, 6.44751 ] ], [ [ 2.2749, 6.44044 ], [ 2.27463, 6.44017 ], [ 2.27445, 6.44098 ], [ 2.27372, 6.44062 ], [ 2.27372, 6.44017 ], [ 2.27427, 6.44017 ], [ 2.27427, 6.43972 ], [ 2.27381, 6.43999 ], [ 2.27336, 6.43972 ], [ 2.27364, 6.43782 ], [ 2.27463, 6.43782 ], [ 2.27554, 6.43827 ], [ 2.27572, 6.43918 ], [ 2.27517, 6.43908 ], [ 2.27472, 6.43945 ], [ 2.27481, 6.43999 ], [ 2.27544, 6.43963 ], [ 2.27544, 6.44026 ], [ 2.27508, 6.44053 ], [ 2.27535, 6.44107 ], [ 2.27463, 6.44144 ], [ 2.27454, 6.44089 ], [ 2.2749, 6.44044 ] ] ], [ [ [ 2.272, 6.44406 ], [ 2.27254, 6.4436 ], [ 2.27254, 6.44288 ], [ 2.27146, 6.44234 ], [ 2.27092, 6.44351 ], [ 2.27101, 6.44414 ], [ 2.272, 6.44406 ] ] ], [ [ [ 2.2814, 6.44986 ], [ 2.28267, 6.44896 ], [ 2.28258, 6.44787 ], [ 2.28294, 6.44751 ], [ 2.28267, 6.44715 ], [ 2.28167, 6.44733 ], [ 2.28077, 6.44705 ], [ 2.2805, 6.44741 ], [ 2.28113, 6.4485 ], [ 2.28113, 6.44959 ], [ 2.2814, 6.44986 ] ] ], [ [ [ 2.28157, 6.45384 ], [ 2.28212, 6.45294 ], [ 2.28384, 6.45294 ], [ 2.28411, 6.45185 ], [ 2.28483, 6.45149 ], [ 2.28529, 6.45041 ], [ 2.28673, 6.45077 ], [ 2.28655, 6.45213 ], [ 2.28773, 6.45222 ], [ 2.28772, 6.45322 ], [ 2.28809, 6.45303 ], [ 2.28809, 6.45349 ], [ 2.28953, 6.45295 ], [ 2.28881, 6.45285 ], [ 2.28899, 6.45222 ], [ 2.28845, 6.45068 ], [ 2.288, 6.45068 ], [ 2.28764, 6.45122 ], [ 2.28718, 6.45104 ], [ 2.28728, 6.45023 ], [ 2.28664, 6.44987 ], [ 2.28628, 6.45014 ], [ 2.28339, 6.45004 ], [ 2.28339, 6.4495 ], [ 2.28484, 6.44805 ], [ 2.28411, 6.44814 ], [ 2.2843, 6.44715 ], [ 2.28393, 6.44715 ], [ 2.2833, 6.44724 ], [ 2.28366, 6.44869 ], [ 2.28076, 6.45185 ], [ 2.28094, 6.45212 ], [ 2.28158, 6.45167 ], [ 2.28257, 6.4523 ], [ 2.28076, 6.45284 ], [ 2.28148, 6.4533 ], [ 2.28121, 6.45384 ], [ 2.28157, 6.45384 ] ] ], [ [ [ 2.23473, 6.45205 ], [ 2.23545, 6.45124 ], [ 2.23455, 6.45024 ], [ 2.23373, 6.45151 ], [ 2.23418, 6.45205 ], [ 2.23473, 6.45205 ] ] ], [ [ [ 2.27786, 6.45492 ], [ 2.27958, 6.45357 ], [ 2.28022, 6.45366 ], [ 2.28058, 6.45284 ], [ 2.28031, 6.45239 ], [ 2.27995, 6.45239 ], [ 2.27949, 6.45338 ], [ 2.27877, 6.4532 ], [ 2.27877, 6.45375 ], [ 2.27786, 6.45492 ] ] ], [ [ [ 2.28039, 6.45972 ], [ 2.28084, 6.45872 ], [ 2.28021, 6.45818 ], [ 2.2803, 6.45755 ], [ 2.27976, 6.45727 ], [ 2.28003, 6.45628 ], [ 2.2794, 6.4561 ], [ 2.27931, 6.45709 ], [ 2.27876, 6.457 ], [ 2.2784, 6.45736 ], [ 2.27895, 6.45718 ], [ 2.27922, 6.45755 ], [ 2.27921, 6.45954 ], [ 2.28012, 6.45972 ], [ 2.28003, 6.46035 ], [ 2.28057, 6.46026 ], [ 2.28039, 6.45972 ] ] ], [ [ [ 2.25703, 6.47669 ], [ 2.25875, 6.47416 ], [ 2.25993, 6.47371 ], [ 2.2602, 6.47281 ], [ 2.26083, 6.47272 ], [ 2.26102, 6.47199 ], [ 2.26228, 6.471 ], [ 2.26247, 6.47037 ], [ 2.26491, 6.46865 ], [ 2.26582, 6.4673 ], [ 2.26953, 6.46368 ], [ 2.2698, 6.46368 ], [ 2.26962, 6.46468 ], [ 2.2698, 6.46495 ], [ 2.27025, 6.46468 ], [ 2.2707, 6.46513 ], [ 2.27061, 6.46568 ], [ 2.27179, 6.46486 ], [ 2.27206, 6.46513 ], [ 2.27315, 6.46486 ], [ 2.27333, 6.46559 ], [ 2.27378, 6.46559 ], [ 2.27369, 6.46523 ], [ 2.27468, 6.46478 ], [ 2.27469, 6.46378 ], [ 2.27496, 6.46369 ], [ 2.27514, 6.46532 ], [ 2.27586, 6.46523 ], [ 2.27622, 6.4646 ], [ 2.27667, 6.46505 ], [ 2.27839, 6.46478 ], [ 2.27876, 6.4637 ], [ 2.27776, 6.46207 ], [ 2.27713, 6.4617 ], [ 2.27903, 6.46162 ], [ 2.27948, 6.46207 ], [ 2.27948, 6.45981 ], [ 2.27876, 6.46044 ], [ 2.27822, 6.46026 ], [ 2.27813, 6.45881 ], [ 2.27632, 6.45881 ], [ 2.27605, 6.4598 ], [ 2.27551, 6.45926 ], [ 2.27487, 6.4598 ], [ 2.27478, 6.46089 ], [ 2.27388, 6.46098 ], [ 2.27369, 6.46052 ], [ 2.27315, 6.46043 ], [ 2.27324, 6.4598 ], [ 2.27379, 6.45944 ], [ 2.27352, 6.45917 ], [ 2.27152, 6.46106 ], [ 2.27143, 6.46197 ], [ 2.27134, 6.46161 ], [ 2.27026, 6.46133 ], [ 2.27026, 6.46079 ], [ 2.26954, 6.45979 ], [ 2.26917, 6.46043 ], [ 2.2699, 6.46097 ], [ 2.2698, 6.46215 ], [ 2.26908, 6.46242 ], [ 2.26908, 6.46314 ], [ 2.26835, 6.46377 ], [ 2.26844, 6.46404 ], [ 2.26654, 6.46612 ], [ 2.26582, 6.4663 ], [ 2.26509, 6.46775 ], [ 2.26383, 6.46838 ], [ 2.26337, 6.46928 ], [ 2.26219, 6.47055 ], [ 2.26156, 6.47073 ], [ 2.26138, 6.47136 ], [ 2.2602, 6.47254 ], [ 2.25875, 6.47362 ], [ 2.25712, 6.47552 ], [ 2.25594, 6.47624 ], [ 2.25622, 6.47678 ], [ 2.25703, 6.47669 ] ], [ [ 2.27206, 6.4636 ], [ 2.2717, 6.46278 ], [ 2.27197, 6.46242 ], [ 2.27279, 6.46206 ], [ 2.27342, 6.46251 ], [ 2.27333, 6.46306 ], [ 2.27297, 6.46306 ], [ 2.27297, 6.46387 ], [ 2.27206, 6.4636 ] ] ], [ [ [ 2.23623, 6.47766 ], [ 2.23758, 6.47703 ], [ 2.23758, 6.4763 ], [ 2.23578, 6.47549 ], [ 2.23569, 6.47512 ], [ 2.2355, 6.47702 ], [ 2.23623, 6.47766 ] ] ], [ [ [ 2.25694, 6.47904 ], [ 2.25648, 6.47886 ], [ 2.25585, 6.47805 ], [ 2.2554, 6.47805 ], [ 2.25612, 6.47723 ], [ 2.25622, 6.47678 ], [ 2.25576, 6.47678 ], [ 2.25531, 6.47741 ], [ 2.25422, 6.47759 ], [ 2.25459, 6.47823 ], [ 2.25386, 6.47886 ], [ 2.25422, 6.47895 ], [ 2.25513, 6.47823 ], [ 2.25558, 6.47886 ], [ 2.25648, 6.47923 ], [ 2.25694, 6.47904 ] ] ], [ [ [ 2.2714, 6.48088 ], [ 2.27113, 6.48051 ], [ 2.27141, 6.47997 ], [ 2.27086, 6.47997 ], [ 2.27086, 6.48087 ], [ 2.26951, 6.48033 ], [ 2.26896, 6.4806 ], [ 2.26887, 6.48123 ], [ 2.26923, 6.4816 ], [ 2.26951, 6.48105 ], [ 2.27023, 6.48133 ], [ 2.27059, 6.48096 ], [ 2.27059, 6.48142 ], [ 2.27113, 6.48169 ], [ 2.2714, 6.48088 ] ] ], [ [ [ 2.22545, 6.4828 ], [ 2.22491, 6.48171 ], [ 2.22491, 6.4809 ], [ 2.22546, 6.4809 ], [ 2.22519, 6.4799 ], [ 2.22437, 6.47963 ], [ 2.22365, 6.47999 ], [ 2.22356, 6.48117 ], [ 2.22446, 6.48171 ], [ 2.225, 6.48289 ], [ 2.22545, 6.4828 ] ] ], [ [ [ 2.2438, 6.48979 ], [ 2.2448, 6.48825 ], [ 2.24598, 6.48789 ], [ 2.24589, 6.48744 ], [ 2.24689, 6.48636 ], [ 2.24779, 6.48627 ], [ 2.24788, 6.48564 ], [ 2.24888, 6.48437 ], [ 2.25096, 6.48229 ], [ 2.25159, 6.48211 ], [ 2.25205, 6.48311 ], [ 2.25259, 6.48311 ], [ 2.25232, 6.48347 ], [ 2.25304, 6.48338 ], [ 2.25304, 6.48257 ], [ 2.25476, 6.48157 ], [ 2.25531, 6.48049 ], [ 2.25585, 6.48031 ], [ 2.25576, 6.47977 ], [ 2.25431, 6.47967 ], [ 2.25431, 6.48022 ], [ 2.25377, 6.48013 ], [ 2.25449, 6.48085 ], [ 2.25395, 6.48157 ], [ 2.25268, 6.4813 ], [ 2.25295, 6.47994 ], [ 2.25241, 6.48021 ], [ 2.2516, 6.48003 ], [ 2.25078, 6.48075 ], [ 2.25078, 6.48175 ], [ 2.25006, 6.48084 ], [ 2.24925, 6.48048 ], [ 2.24961, 6.48102 ], [ 2.24915, 6.48166 ], [ 2.24924, 6.48211 ], [ 2.25033, 6.4822 ], [ 2.24517, 6.48717 ], [ 2.24507, 6.48762 ], [ 2.24435, 6.48789 ], [ 2.24435, 6.48843 ], [ 2.24317, 6.48961 ], [ 2.2438, 6.48979 ] ] ], [ [ [ 2.27374, 6.49137 ], [ 2.2732, 6.48983 ], [ 2.27383, 6.48993 ], [ 2.27411, 6.48956 ], [ 2.27411, 6.48929 ], [ 2.27347, 6.4892 ], [ 2.27357, 6.48793 ], [ 2.27402, 6.48757 ], [ 2.27483, 6.48776 ], [ 2.27465, 6.48721 ], [ 2.27411, 6.48748 ], [ 2.27447, 6.48667 ], [ 2.27366, 6.48594 ], [ 2.27284, 6.48739 ], [ 2.2723, 6.48685 ], [ 2.27121, 6.48712 ], [ 2.27049, 6.48684 ], [ 2.27067, 6.48838 ], [ 2.27139, 6.48866 ], [ 2.27121, 6.4892 ], [ 2.27067, 6.48911 ], [ 2.27157, 6.49056 ], [ 2.27112, 6.49119 ], [ 2.27157, 6.49146 ], [ 2.27211, 6.49119 ], [ 2.2722, 6.49155 ], [ 2.27275, 6.49137 ], [ 2.27338, 6.49182 ], [ 2.27374, 6.49137 ] ] ], [ [ [ 2.2673, 6.50385 ], [ 2.26875, 6.50276 ], [ 2.26947, 6.50277 ], [ 2.26948, 6.50177 ], [ 2.26884, 6.50168 ], [ 2.26812, 6.5024 ], [ 2.26748, 6.50204 ], [ 2.26721, 6.50113 ], [ 2.26622, 6.50131 ], [ 2.26622, 6.50068 ], [ 2.26586, 6.50059 ], [ 2.26604, 6.50231 ], [ 2.26658, 6.50222 ], [ 2.26703, 6.50258 ], [ 2.26721, 6.50213 ], [ 2.26758, 6.50222 ], [ 2.26794, 6.50303 ], [ 2.26703, 6.50285 ], [ 2.26694, 6.50321 ], [ 2.2673, 6.50385 ] ] ], [ [ [ 2.27626, 6.50449 ], [ 2.27734, 6.50323 ], [ 2.27689, 6.50241 ], [ 2.27626, 6.50268 ], [ 2.27698, 6.50169 ], [ 2.27671, 6.50106 ], [ 2.27635, 6.50142 ], [ 2.27644, 6.50223 ], [ 2.27581, 6.50277 ], [ 2.27617, 6.50287 ], [ 2.27617, 6.50359 ], [ 2.2758, 6.5035 ], [ 2.27562, 6.50277 ], [ 2.27535, 6.50341 ], [ 2.27626, 6.50449 ] ] ], [ [ [ 2.27742, 6.50893 ], [ 2.27806, 6.50775 ], [ 2.27896, 6.50785 ], [ 2.27924, 6.50739 ], [ 2.27652, 6.50612 ], [ 2.27607, 6.50513 ], [ 2.27571, 6.50504 ], [ 2.27471, 6.50757 ], [ 2.27643, 6.50802 ], [ 2.2767, 6.50884 ], [ 2.27742, 6.50893 ] ] ], [ [ [ 2.31949, 6.36614 ], [ 2.31886, 6.36577 ], [ 2.31832, 6.36442 ], [ 2.31805, 6.36442 ], [ 2.31805, 6.36632 ], [ 2.31931, 6.36659 ], [ 2.31949, 6.36614 ] ] ], [ [ [ 2.31922, 6.37102 ], [ 2.31949, 6.36939 ], [ 2.31994, 6.3693 ], [ 2.32058, 6.36976 ], [ 2.32058, 6.36912 ], [ 2.32121, 6.36885 ], [ 2.32103, 6.3684 ], [ 2.31958, 6.36758 ], [ 2.31958, 6.3684 ], [ 2.31904, 6.36903 ], [ 2.31904, 6.37039 ], [ 2.31849, 6.37066 ], [ 2.31876, 6.37129 ], [ 2.31922, 6.37102 ] ] ], [ [ [ 2.33087, 6.38054 ], [ 2.33358, 6.38018 ], [ 2.33349, 6.37991 ], [ 2.33304, 6.38 ], [ 2.33304, 6.37873 ], [ 2.33096, 6.37909 ], [ 2.33096, 6.37954 ], [ 2.3306, 6.37963 ], [ 2.33087, 6.38054 ] ] ], [ [ [ 2.32833, 6.38497 ], [ 2.3277, 6.38406 ], [ 2.3277, 6.38334 ], [ 2.32725, 6.38361 ], [ 2.32662, 6.38343 ], [ 2.32725, 6.38379 ], [ 2.32734, 6.38424 ], [ 2.32661, 6.38442 ], [ 2.32616, 6.38415 ], [ 2.32652, 6.38469 ], [ 2.32761, 6.38469 ], [ 2.32761, 6.38506 ], [ 2.32815, 6.38533 ], [ 2.32833, 6.38497 ] ] ], [ [ [ 2.32788, 6.38822 ], [ 2.3305, 6.38777 ], [ 2.3305, 6.38696 ], [ 2.33113, 6.38714 ], [ 2.3314, 6.38768 ], [ 2.33159, 6.38669 ], [ 2.33086, 6.38651 ], [ 2.33041, 6.38678 ], [ 2.32987, 6.38578 ], [ 2.3296, 6.38605 ], [ 2.32978, 6.38678 ], [ 2.32905, 6.38614 ], [ 2.3277, 6.38696 ], [ 2.32788, 6.38822 ] ] ], [ [ [ 2.31514, 6.44791 ], [ 2.31478, 6.44556 ], [ 2.31433, 6.44502 ], [ 2.31451, 6.44439 ], [ 2.31415, 6.4442 ], [ 2.31361, 6.44267 ], [ 2.31324, 6.44303 ], [ 2.31324, 6.44393 ], [ 2.31396, 6.44457 ], [ 2.31387, 6.44538 ], [ 2.31423, 6.44647 ], [ 2.31469, 6.44674 ], [ 2.31468, 6.44746 ], [ 2.31514, 6.44791 ] ] ], [ [ [ 2.3133, 6.46628 ], [ 2.31321, 6.46528 ], [ 2.31367, 6.46456 ], [ 2.31312, 6.4642 ], [ 2.31322, 6.46338 ], [ 2.31285, 6.46329 ], [ 2.31231, 6.46356 ], [ 2.31222, 6.4642 ], [ 2.31285, 6.46546 ], [ 2.31285, 6.46646 ], [ 2.3133, 6.46628 ] ] ], [ [ [ 2.31898, 6.48239 ], [ 2.31988, 6.48149 ], [ 2.32215, 6.48067 ], [ 2.32332, 6.47968 ], [ 2.32414, 6.47968 ], [ 2.32504, 6.48077 ], [ 2.3254, 6.48023 ], [ 2.32486, 6.47932 ], [ 2.32432, 6.47679 ], [ 2.32369, 6.47661 ], [ 2.32396, 6.47588 ], [ 2.32315, 6.47371 ], [ 2.32261, 6.47461 ], [ 2.32179, 6.47452 ], [ 2.32143, 6.47398 ], [ 2.32035, 6.47443 ], [ 2.32116, 6.47244 ], [ 2.32189, 6.47235 ], [ 2.32297, 6.47317 ], [ 2.32207, 6.46955 ], [ 2.32352, 6.46991 ], [ 2.32388, 6.46919 ], [ 2.32171, 6.46873 ], [ 2.3218, 6.46792 ], [ 2.32108, 6.46701 ], [ 2.32126, 6.46593 ], [ 2.32036, 6.4643 ], [ 2.32018, 6.46285 ], [ 2.31955, 6.4624 ], [ 2.31955, 6.46095 ], [ 2.31892, 6.4604 ], [ 2.31883, 6.45878 ], [ 2.31793, 6.45787 ], [ 2.31765, 6.45814 ], [ 2.31811, 6.45914 ], [ 2.31774, 6.45968 ], [ 2.31838, 6.46004 ], [ 2.31901, 6.46122 ], [ 2.3191, 6.46276 ], [ 2.31955, 6.46321 ], [ 2.31937, 6.46384 ], [ 2.31991, 6.46457 ], [ 2.32, 6.46556 ], [ 2.31963, 6.46611 ], [ 2.32027, 6.4662 ], [ 2.32045, 6.46692 ], [ 2.32017, 6.46728 ], [ 2.32081, 6.46737 ], [ 2.32117, 6.469 ], [ 2.32089, 6.47018 ], [ 2.32017, 6.46982 ], [ 2.32062, 6.47045 ], [ 2.32017, 6.47334 ], [ 2.31953, 6.47443 ], [ 2.31844, 6.47868 ], [ 2.31817, 6.47886 ], [ 2.31772, 6.47832 ], [ 2.31727, 6.4785 ], [ 2.31826, 6.47913 ], [ 2.31799, 6.48085 ], [ 2.31871, 6.48329 ], [ 2.31898, 6.48329 ], [ 2.31898, 6.48239 ] ] ], [ [ [ 2.34061, 6.47428 ], [ 2.3407, 6.47391 ], [ 2.33988, 6.47328 ], [ 2.33889, 6.47337 ], [ 2.33898, 6.47192 ], [ 2.33826, 6.4721 ], [ 2.33781, 6.47183 ], [ 2.33744, 6.4721 ], [ 2.3378, 6.47391 ], [ 2.3388, 6.47364 ], [ 2.33898, 6.47427 ], [ 2.33952, 6.47382 ], [ 2.33979, 6.47455 ], [ 2.34061, 6.47428 ] ] ], [ [ [ 2.33734, 6.48386 ], [ 2.33743, 6.48278 ], [ 2.33797, 6.4825 ], [ 2.33824, 6.48296 ], [ 2.33951, 6.48305 ], [ 2.33843, 6.48051 ], [ 2.33761, 6.47961 ], [ 2.33725, 6.47979 ], [ 2.33725, 6.4816 ], [ 2.33761, 6.48187 ], [ 2.33779, 6.48142 ], [ 2.33824, 6.48196 ], [ 2.33752, 6.48205 ], [ 2.33707, 6.48296 ], [ 2.33698, 6.48413 ], [ 2.33734, 6.48386 ] ] ], [ [ [ 2.32267, 6.4947 ], [ 2.32186, 6.49216 ], [ 2.32123, 6.49289 ], [ 2.32023, 6.49279 ], [ 2.31851, 6.49333 ], [ 2.3186, 6.49361 ], [ 2.31951, 6.49325 ], [ 2.32023, 6.49343 ], [ 2.32059, 6.49424 ], [ 2.32168, 6.49361 ], [ 2.32177, 6.49406 ], [ 2.32267, 6.4947 ] ] ], [ [ [ 2.3376, 6.49408 ], [ 2.3376, 6.49309 ], [ 2.33669, 6.49291 ], [ 2.33615, 6.49354 ], [ 2.33669, 6.49454 ], [ 2.3376, 6.49408 ] ] ], [ [ [ 2.33855, 6.52331 ], [ 2.33792, 6.52123 ], [ 2.33828, 6.52068 ], [ 2.33774, 6.52041 ], [ 2.33756, 6.51969 ], [ 2.33756, 6.51932 ], [ 2.3382, 6.51905 ], [ 2.3372, 6.51878 ], [ 2.33738, 6.51824 ], [ 2.33675, 6.51751 ], [ 2.33675, 6.51688 ], [ 2.33739, 6.51679 ], [ 2.33702, 6.51571 ], [ 2.33757, 6.51525 ], [ 2.33802, 6.51589 ], [ 2.33865, 6.51571 ], [ 2.33874, 6.51489 ], [ 2.33847, 6.51462 ], [ 2.33603, 6.51462 ], [ 2.33567, 6.5129 ], [ 2.33577, 6.51064 ], [ 2.33504, 6.51055 ], [ 2.33504, 6.50991 ], [ 2.33586, 6.51 ], [ 2.33613, 6.50955 ], [ 2.33848, 6.50983 ], [ 2.33884, 6.50748 ], [ 2.33912, 6.50757 ], [ 2.33911, 6.50865 ], [ 2.33948, 6.50874 ], [ 2.33948, 6.50775 ], [ 2.34011, 6.50721 ], [ 2.33957, 6.50702 ], [ 2.33948, 6.50648 ], [ 2.33912, 6.50702 ], [ 2.33876, 6.50675 ], [ 2.33885, 6.50576 ], [ 2.33921, 6.50549 ], [ 2.33894, 6.50349 ], [ 2.33939, 6.50277 ], [ 2.33921, 6.50205 ], [ 2.33949, 6.50196 ], [ 2.33948, 6.50268 ], [ 2.33976, 6.50277 ], [ 2.33985, 6.50196 ], [ 2.34048, 6.50178 ], [ 2.33994, 6.50132 ], [ 2.33885, 6.50141 ], [ 2.33849, 6.49969 ], [ 2.33885, 6.49988 ], [ 2.33922, 6.4997 ], [ 2.33913, 6.49879 ], [ 2.33859, 6.49798 ], [ 2.33623, 6.49779 ], [ 2.33596, 6.49888 ], [ 2.3365, 6.50087 ], [ 2.33722, 6.50214 ], [ 2.33804, 6.50196 ], [ 2.33831, 6.50223 ], [ 2.33749, 6.50322 ], [ 2.33831, 6.50313 ], [ 2.3384, 6.50349 ], [ 2.33758, 6.50431 ], [ 2.33713, 6.50295 ], [ 2.3365, 6.50268 ], [ 2.33541, 6.50331 ], [ 2.33288, 6.50376 ], [ 2.33144, 6.4995 ], [ 2.33216, 6.4996 ], [ 2.33551, 6.49833 ], [ 2.33542, 6.49797 ], [ 2.33461, 6.49797 ], [ 2.33135, 6.49896 ], [ 2.3309, 6.4995 ], [ 2.33125, 6.50113 ], [ 2.33053, 6.50158 ], [ 2.33053, 6.50231 ], [ 2.3299, 6.50167 ], [ 2.32881, 6.50176 ], [ 2.32845, 6.50212 ], [ 2.32845, 6.50312 ], [ 2.32727, 6.50466 ], [ 2.32609, 6.50502 ], [ 2.326, 6.50565 ], [ 2.3269, 6.50818 ], [ 2.32835, 6.50809 ], [ 2.32817, 6.50846 ], [ 2.32745, 6.50855 ], [ 2.32745, 6.50891 ], [ 2.32998, 6.50927 ], [ 2.33007, 6.50982 ], [ 2.32971, 6.51018 ], [ 2.33043, 6.51018 ], [ 2.33061, 6.50954 ], [ 2.33097, 6.50945 ], [ 2.33133, 6.51009 ], [ 2.33124, 6.5109 ], [ 2.33197, 6.51054 ], [ 2.33278, 6.5109 ], [ 2.33278, 6.51 ], [ 2.33242, 6.50982 ], [ 2.33269, 6.50946 ], [ 2.33396, 6.51018 ], [ 2.33468, 6.51181 ], [ 2.33423, 6.51226 ], [ 2.33377, 6.51208 ], [ 2.3335, 6.51262 ], [ 2.33468, 6.51245 ], [ 2.33522, 6.51389 ], [ 2.33513, 6.51498 ], [ 2.33558, 6.51525 ], [ 2.33648, 6.51769 ], [ 2.33648, 6.5186 ], [ 2.33566, 6.51959 ], [ 2.33593, 6.52041 ], [ 2.33485, 6.5205 ], [ 2.33485, 6.51995 ], [ 2.33585, 6.51869 ], [ 2.3334, 6.51841 ], [ 2.33286, 6.51896 ], [ 2.3325, 6.51796 ], [ 2.33159, 6.51805 ], [ 2.33214, 6.51769 ], [ 2.33178, 6.51606 ], [ 2.33033, 6.51588 ], [ 2.33015, 6.51633 ], [ 2.33069, 6.51787 ], [ 2.33015, 6.51805 ], [ 2.3296, 6.51769 ], [ 2.32915, 6.51805 ], [ 2.32942, 6.51841 ], [ 2.33087, 6.5185 ], [ 2.33096, 6.51995 ], [ 2.33042, 6.51977 ], [ 2.33032, 6.5204 ], [ 2.33123, 6.5204 ], [ 2.33159, 6.51986 ], [ 2.33177, 6.52022 ], [ 2.33331, 6.5204 ], [ 2.33358, 6.51986 ], [ 2.33412, 6.51986 ], [ 2.3344, 6.52041 ], [ 2.33575, 6.52095 ], [ 2.3372, 6.52077 ], [ 2.33819, 6.5234 ], [ 2.33855, 6.52331 ] ], [ [ 2.33532, 6.50847 ], [ 2.33387, 6.50792 ], [ 2.33333, 6.50674 ], [ 2.33342, 6.50584 ], [ 2.33405, 6.50503 ], [ 2.33442, 6.50512 ], [ 2.33442, 6.50466 ], [ 2.33451, 6.50503 ], [ 2.33505, 6.50512 ], [ 2.33514, 6.50566 ], [ 2.3355, 6.50566 ], [ 2.33541, 6.50539 ], [ 2.33631, 6.50557 ], [ 2.33604, 6.50711 ], [ 2.33686, 6.50666 ], [ 2.33622, 6.50756 ], [ 2.33541, 6.5072 ], [ 2.33496, 6.50747 ], [ 2.33532, 6.50847 ] ] ], [ [ [ 2.34236, 6.51861 ], [ 2.34209, 6.5177 ], [ 2.34254, 6.51707 ], [ 2.34336, 6.5168 ], [ 2.34336, 6.51635 ], [ 2.34191, 6.51589 ], [ 2.34145, 6.51752 ], [ 2.342, 6.5187 ], [ 2.34236, 6.51861 ] ] ], [ [ [ 2.3287, 6.52013 ], [ 2.32825, 6.51995 ], [ 2.3287, 6.51949 ], [ 2.32843, 6.51904 ], [ 2.32761, 6.51922 ], [ 2.32689, 6.51895 ], [ 2.32607, 6.5194 ], [ 2.32616, 6.5203 ], [ 2.32861, 6.5204 ], [ 2.3287, 6.52013 ] ] ], [ [ [ 2.33375, 6.53343 ], [ 2.33447, 6.53262 ], [ 2.33429, 6.5319 ], [ 2.33348, 6.53235 ], [ 2.33266, 6.53207 ], [ 2.33248, 6.53253 ], [ 2.33212, 6.53253 ], [ 2.33221, 6.53307 ], [ 2.3332, 6.5328 ], [ 2.33338, 6.53343 ], [ 2.33375, 6.53343 ] ] ], [ [ [ 2.32284, 6.56798 ], [ 2.32393, 6.56617 ], [ 2.32456, 6.56599 ], [ 2.32465, 6.56653 ], [ 2.32502, 6.56653 ], [ 2.32547, 6.56599 ], [ 2.3252, 6.56545 ], [ 2.32438, 6.56554 ], [ 2.32439, 6.56463 ], [ 2.32375, 6.56526 ], [ 2.32248, 6.56807 ], [ 2.32284, 6.56798 ] ] ], [ [ [ 2.33614, 6.56836 ], [ 2.33732, 6.56727 ], [ 2.33895, 6.56728 ], [ 2.33958, 6.56809 ], [ 2.33985, 6.56755 ], [ 2.33949, 6.56719 ], [ 2.34148, 6.56701 ], [ 2.34157, 6.56665 ], [ 2.34021, 6.56664 ], [ 2.33994, 6.56592 ], [ 2.33967, 6.56664 ], [ 2.33804, 6.56691 ], [ 2.33705, 6.56619 ], [ 2.33723, 6.56691 ], [ 2.3366, 6.56709 ], [ 2.33632, 6.56763 ], [ 2.33632, 6.56718 ], [ 2.33587, 6.56691 ], [ 2.33578, 6.56555 ], [ 2.33479, 6.56564 ], [ 2.33397, 6.56618 ], [ 2.33397, 6.56664 ], [ 2.33461, 6.56664 ], [ 2.33433, 6.56736 ], [ 2.33542, 6.56763 ], [ 2.33533, 6.56827 ], [ 2.33614, 6.56836 ] ] ], [ [ [ 2.33089, 6.57477 ], [ 2.33116, 6.57305 ], [ 2.33016, 6.57269 ], [ 2.32998, 6.57332 ], [ 2.33034, 6.57387 ], [ 2.32971, 6.57414 ], [ 2.33016, 6.5745 ], [ 2.33062, 6.57414 ], [ 2.33089, 6.57477 ] ] ], [ [ [ 2.32591, 6.57585 ], [ 2.32709, 6.57486 ], [ 2.32672, 6.57486 ], [ 2.32682, 6.57441 ], [ 2.32609, 6.57395 ], [ 2.326, 6.5735 ], [ 2.32555, 6.5735 ], [ 2.32555, 6.57404 ], [ 2.32492, 6.57386 ], [ 2.32446, 6.57431 ], [ 2.32446, 6.57476 ], [ 2.32555, 6.57459 ], [ 2.32491, 6.57576 ], [ 2.32528, 6.5754 ], [ 2.32591, 6.57585 ] ] ], [ [ [ 2.32961, 6.57857 ], [ 2.32952, 6.5783 ], [ 2.3288, 6.57839 ], [ 2.32853, 6.57785 ], [ 2.32808, 6.57794 ], [ 2.32781, 6.57694 ], [ 2.32672, 6.57703 ], [ 2.32636, 6.57612 ], [ 2.32537, 6.57612 ], [ 2.32573, 6.57649 ], [ 2.32573, 6.57784 ], [ 2.32717, 6.57784 ], [ 2.32889, 6.57884 ], [ 2.32961, 6.57857 ] ] ], [ [ [ 2.31993, 6.57955 ], [ 2.32057, 6.57892 ], [ 2.31948, 6.5782 ], [ 2.31957, 6.57756 ], [ 2.31822, 6.57729 ], [ 2.31993, 6.57955 ] ] ], [ [ [ 2.32328, 6.58327 ], [ 2.32282, 6.58263 ], [ 2.32301, 6.58182 ], [ 2.32237, 6.58073 ], [ 2.32247, 6.5801 ], [ 2.32111, 6.57946 ], [ 2.32219, 6.58082 ], [ 2.32246, 6.58309 ], [ 2.323, 6.58372 ], [ 2.32328, 6.58327 ] ] ], [ [ [ 2.33636, 6.60464 ], [ 2.33501, 6.60337 ], [ 2.33465, 6.60373 ], [ 2.33338, 6.60355 ], [ 2.33437, 6.60463 ], [ 2.33465, 6.60427 ], [ 2.33546, 6.60436 ], [ 2.33582, 6.60491 ], [ 2.33636, 6.60464 ] ] ], [ [ [ 2.34664, 6.42262 ], [ 2.34646, 6.42082 ], [ 2.34511, 6.42127 ], [ 2.34574, 6.42235 ], [ 2.34664, 6.42262 ] ] ], [ [ [ 2.35093, 6.46642 ], [ 2.35111, 6.46461 ], [ 2.35003, 6.46397 ], [ 2.34984, 6.46452 ], [ 2.35057, 6.46551 ], [ 2.34993, 6.4656 ], [ 2.34984, 6.46605 ], [ 2.3502, 6.46642 ], [ 2.35093, 6.46642 ] ] ], [ [ [ 2.34948, 6.46596 ], [ 2.34957, 6.46452 ], [ 2.34912, 6.46424 ], [ 2.34876, 6.46479 ], [ 2.34813, 6.4647 ], [ 2.34794, 6.46578 ], [ 2.34713, 6.46614 ], [ 2.34876, 6.46651 ], [ 2.34885, 6.46614 ], [ 2.34948, 6.46596 ] ] ], [ [ [ 2.34359, 6.47473 ], [ 2.34522, 6.47446 ], [ 2.3454, 6.47247 ], [ 2.34486, 6.47247 ], [ 2.3445, 6.47301 ], [ 2.34405, 6.47292 ], [ 2.34414, 6.47247 ], [ 2.34377, 6.47256 ], [ 2.34386, 6.47319 ], [ 2.34332, 6.47374 ], [ 2.34196, 6.47428 ], [ 2.34214, 6.47464 ], [ 2.34359, 6.47473 ] ] ], [ [ [ 2.346, 6.49753 ], [ 2.34591, 6.49636 ], [ 2.3451, 6.4959 ], [ 2.34411, 6.49635 ], [ 2.34401, 6.4969 ], [ 2.34438, 6.49717 ], [ 2.3451, 6.49708 ], [ 2.34528, 6.49672 ], [ 2.34555, 6.4969 ], [ 2.34555, 6.49826 ], [ 2.346, 6.49753 ] ] ], [ [ [ 2.37883, 6.50608 ], [ 2.37865, 6.50454 ], [ 2.37792, 6.50445 ], [ 2.37738, 6.5049 ], [ 2.37675, 6.50418 ], [ 2.37675, 6.50381 ], [ 2.3772, 6.5039 ], [ 2.37756, 6.50345 ], [ 2.3763, 6.50354 ], [ 2.37602, 6.50463 ], [ 2.37566, 6.50445 ], [ 2.37575, 6.50363 ], [ 2.37413, 6.50408 ], [ 2.37575, 6.5058 ], [ 2.37666, 6.50562 ], [ 2.37774, 6.50617 ], [ 2.37883, 6.50608 ] ] ], [ [ [ 2.35413, 6.50976 ], [ 2.35368, 6.50939 ], [ 2.35377, 6.50849 ], [ 2.35513, 6.50822 ], [ 2.35522, 6.50795 ], [ 2.35259, 6.50795 ], [ 2.35259, 6.50822 ], [ 2.35332, 6.50831 ], [ 2.3534, 6.50994 ], [ 2.35395, 6.51012 ], [ 2.35413, 6.50976 ] ] ], [ [ [ 2.34788, 6.51337 ], [ 2.34734, 6.51337 ], [ 2.34761, 6.51319 ], [ 2.34716, 6.51264 ], [ 2.34761, 6.51246 ], [ 2.34815, 6.51282 ], [ 2.34843, 6.51165 ], [ 2.34924, 6.5121 ], [ 2.34942, 6.51174 ], [ 2.34897, 6.51138 ], [ 2.34788, 6.51147 ], [ 2.34743, 6.51246 ], [ 2.34689, 6.51228 ], [ 2.34635, 6.51282 ], [ 2.34716, 6.51391 ], [ 2.34797, 6.51382 ], [ 2.34788, 6.51337 ] ] ], [ [ [ 2.35277, 6.51437 ], [ 2.35349, 6.51346 ], [ 2.3534, 6.51292 ], [ 2.35295, 6.51274 ], [ 2.35241, 6.51156 ], [ 2.3515, 6.51156 ], [ 2.35096, 6.5121 ], [ 2.35087, 6.5131 ], [ 2.35123, 6.51346 ], [ 2.35078, 6.51346 ], [ 2.35032, 6.514 ], [ 2.35277, 6.51437 ] ] ], [ [ [ 2.37528, 6.52353 ], [ 2.37591, 6.52164 ], [ 2.37582, 6.5201 ], [ 2.3751, 6.51847 ], [ 2.37511, 6.51711 ], [ 2.37465, 6.51675 ], [ 2.37475, 6.51485 ], [ 2.37421, 6.51322 ], [ 2.37475, 6.5106 ], [ 2.37584, 6.50933 ], [ 2.37566, 6.51051 ], [ 2.37656, 6.51033 ], [ 2.37674, 6.51141 ], [ 2.37737, 6.51196 ], [ 2.37728, 6.51277 ], [ 2.378, 6.51341 ], [ 2.37882, 6.5135 ], [ 2.37963, 6.51214 ], [ 2.37801, 6.50952 ], [ 2.37774, 6.50961 ], [ 2.37539, 6.50707 ], [ 2.37439, 6.50707 ], [ 2.37448, 6.50671 ], [ 2.37403, 6.50662 ], [ 2.37304, 6.50824 ], [ 2.37331, 6.50879 ], [ 2.37403, 6.50897 ], [ 2.3743, 6.51005 ], [ 2.37385, 6.5106 ], [ 2.37403, 6.51213 ], [ 2.3733, 6.51277 ], [ 2.37375, 6.51313 ], [ 2.37375, 6.51575 ], [ 2.37411, 6.51621 ], [ 2.37402, 6.51756 ], [ 2.37429, 6.51792 ], [ 2.3742, 6.52037 ], [ 2.37374, 6.52064 ], [ 2.37383, 6.52109 ], [ 2.37311, 6.52091 ], [ 2.37293, 6.52118 ], [ 2.37365, 6.52199 ], [ 2.37419, 6.52172 ], [ 2.37438, 6.52218 ], [ 2.37483, 6.52218 ], [ 2.37401, 6.52245 ], [ 2.37446, 6.52335 ], [ 2.37528, 6.52353 ] ] ], [ [ [ 2.34489, 6.5187 ], [ 2.34471, 6.51789 ], [ 2.34516, 6.51762 ], [ 2.3448, 6.51707 ], [ 2.34489, 6.5159 ], [ 2.34616, 6.51608 ], [ 2.34643, 6.51563 ], [ 2.34607, 6.51526 ], [ 2.34643, 6.51364 ], [ 2.34598, 6.51336 ], [ 2.34644, 6.51201 ], [ 2.3458, 6.5121 ], [ 2.34571, 6.51264 ], [ 2.34517, 6.51264 ], [ 2.34508, 6.51201 ], [ 2.34472, 6.51228 ], [ 2.34499, 6.51309 ], [ 2.34562, 6.513 ], [ 2.34571, 6.51327 ], [ 2.34526, 6.51391 ], [ 2.34472, 6.51363 ], [ 2.34471, 6.51481 ], [ 2.34381, 6.51553 ], [ 2.34381, 6.5158 ], [ 2.34426, 6.51553 ], [ 2.34453, 6.51617 ], [ 2.34444, 6.51662 ], [ 2.34381, 6.51671 ], [ 2.34381, 6.51843 ], [ 2.34444, 6.51834 ], [ 2.34444, 6.51915 ], [ 2.34489, 6.5187 ] ] ], [ [ [ 2.35068, 6.51672 ], [ 2.35222, 6.51618 ], [ 2.3524, 6.51563 ], [ 2.35204, 6.51563 ], [ 2.35204, 6.51527 ], [ 2.35249, 6.51491 ], [ 2.3515, 6.51482 ], [ 2.3515, 6.51609 ], [ 2.35068, 6.51527 ], [ 2.35014, 6.51581 ], [ 2.35068, 6.51672 ] ] ], [ [ [ 2.34978, 6.51726 ], [ 2.34996, 6.51581 ], [ 2.34906, 6.51581 ], [ 2.34906, 6.51536 ], [ 2.34987, 6.51527 ], [ 2.35014, 6.51473 ], [ 2.34897, 6.51482 ], [ 2.34833, 6.51599 ], [ 2.34869, 6.51608 ], [ 2.34905, 6.51717 ], [ 2.34978, 6.51726 ] ] ], [ [ [ 2.34579, 6.52223 ], [ 2.34588, 6.52142 ], [ 2.34642, 6.52187 ], [ 2.34642, 6.52142 ], [ 2.34715, 6.52133 ], [ 2.34724, 6.52214 ], [ 2.34787, 6.52106 ], [ 2.34254, 6.52042 ], [ 2.34245, 6.51915 ], [ 2.342, 6.51915 ], [ 2.34199, 6.51978 ], [ 2.34163, 6.52005 ], [ 2.34145, 6.51933 ], [ 2.34191, 6.5187 ], [ 2.34073, 6.51761 ], [ 2.34028, 6.51788 ], [ 2.34019, 6.51951 ], [ 2.33874, 6.51933 ], [ 2.33892, 6.51987 ], [ 2.341, 6.52023 ], [ 2.34127, 6.52042 ], [ 2.34109, 6.52087 ], [ 2.34208, 6.52051 ], [ 2.34199, 6.52105 ], [ 2.34235, 6.5215 ], [ 2.34299, 6.52123 ], [ 2.34344, 6.52159 ], [ 2.34425, 6.52123 ], [ 2.34525, 6.52133 ], [ 2.34579, 6.52223 ] ] ], [ [ [ 2.36714, 6.52298 ], [ 2.36777, 6.52163 ], [ 2.36822, 6.52172 ], [ 2.3685, 6.52126 ], [ 2.36841, 6.52018 ], [ 2.36795, 6.52036 ], [ 2.36823, 6.52072 ], [ 2.36786, 6.52135 ], [ 2.36759, 6.52018 ], [ 2.36714, 6.52009 ], [ 2.36705, 6.52144 ], [ 2.36614, 6.52189 ], [ 2.36714, 6.52298 ] ] ], [ [ [ 2.3798, 6.5249 ], [ 2.37971, 6.52354 ], [ 2.37917, 6.52273 ], [ 2.37844, 6.52281 ], [ 2.3779, 6.52345 ], [ 2.37808, 6.52408 ], [ 2.37772, 6.5248 ], [ 2.3789, 6.52453 ], [ 2.37944, 6.52535 ], [ 2.3798, 6.5249 ] ] ], [ [ [ 2.38177, 6.53829 ], [ 2.38087, 6.53775 ], [ 2.3806, 6.53648 ], [ 2.3816, 6.53521 ], [ 2.38178, 6.53422 ], [ 2.3825, 6.5334 ], [ 2.38259, 6.53232 ], [ 2.38368, 6.53069 ], [ 2.38396, 6.52707 ], [ 2.3836, 6.52671 ], [ 2.38296, 6.52725 ], [ 2.38278, 6.52843 ], [ 2.38151, 6.52933 ], [ 2.38034, 6.52888 ], [ 2.38025, 6.5296 ], [ 2.3797, 6.52951 ], [ 2.37898, 6.53014 ], [ 2.37961, 6.53304 ], [ 2.37943, 6.53403 ], [ 2.37996, 6.53774 ], [ 2.38078, 6.53874 ], [ 2.38159, 6.53865 ], [ 2.38177, 6.53829 ] ] ], [ [ [ 2.35274, 6.53699 ], [ 2.35328, 6.53635 ], [ 2.35364, 6.53663 ], [ 2.35355, 6.53599 ], [ 2.35211, 6.53554 ], [ 2.35193, 6.53499 ], [ 2.35156, 6.53626 ], [ 2.35274, 6.53699 ] ] ], [ [ [ 2.34265, 6.56918 ], [ 2.3432, 6.56855 ], [ 2.3432, 6.56773 ], [ 2.34302, 6.56692 ], [ 2.34239, 6.56674 ], [ 2.34238, 6.56764 ], [ 2.34193, 6.56827 ], [ 2.34256, 6.56837 ], [ 2.34256, 6.56873 ], [ 2.34175, 6.569 ], [ 2.34175, 6.56936 ], [ 2.34265, 6.56918 ] ] ], [ [ [ 2.37963, 6.58678 ], [ 2.37927, 6.58343 ], [ 2.3781, 6.58343 ], [ 2.37755, 6.58397 ], [ 2.37773, 6.58497 ], [ 2.37936, 6.58714 ], [ 2.37963, 6.58678 ] ] ], [ [ [ 2.38153, 6.59148 ], [ 2.38171, 6.59085 ], [ 2.38126, 6.5904 ], [ 2.38108, 6.58904 ], [ 2.38053, 6.58886 ], [ 2.37981, 6.58931 ], [ 2.37981, 6.58886 ], [ 2.37945, 6.58877 ], [ 2.37927, 6.58967 ], [ 2.37981, 6.59166 ], [ 2.38026, 6.59175 ], [ 2.38017, 6.59121 ], [ 2.38098, 6.59185 ], [ 2.38153, 6.59148 ] ] ], [ [ [ 2.38142, 6.60397 ], [ 2.38251, 6.60307 ], [ 2.38251, 6.60189 ], [ 2.38224, 6.60171 ], [ 2.3816, 6.60243 ], [ 2.38142, 6.60225 ], [ 2.38106, 6.60334 ], [ 2.38043, 6.60306 ], [ 2.38088, 6.60343 ], [ 2.3807, 6.60406 ], [ 2.38106, 6.60496 ], [ 2.38142, 6.60496 ], [ 2.38142, 6.60397 ] ] ], [ [ [ 2.38733, 6.65048 ], [ 2.38842, 6.64939 ], [ 2.38806, 6.64731 ], [ 2.38752, 6.64632 ], [ 2.38761, 6.64577 ], [ 2.38653, 6.64568 ], [ 2.38616, 6.64785 ], [ 2.38643, 6.64803 ], [ 2.38634, 6.64876 ], [ 2.38697, 6.64858 ], [ 2.38661, 6.65021 ], [ 2.38733, 6.65048 ] ] ], [ [ [ 2.40339, 6.69076 ], [ 2.40421, 6.69094 ], [ 2.40448, 6.69012 ], [ 2.40403, 6.68994 ], [ 2.40285, 6.69067 ], [ 2.40267, 6.68976 ], [ 2.40213, 6.68994 ], [ 2.40212, 6.69039 ], [ 2.40294, 6.69094 ], [ 2.40294, 6.6913 ], [ 2.40348, 6.6913 ], [ 2.40339, 6.69076 ] ] ] ] } },
{ "type": "Feature", "properties": { "classe": 3, "nom": "Végétation", "superficie_ha": 20050.7, "pourcentage": 40.59 }, "geometry": { "type": "MultiPolygon", "coordinates": [ [ [ [ 2.26809, 6.39646 ], [ 2.26782, 6.39583 ], [ 2.26502, 6.39555 ], [ 2.26465, 6.3961 ], [ 2.26266, 6.39591 ], [ 2.26339, 6.39655 ], [ 2.26402, 6.39619 ], [ 2.26483, 6.39664 ], [ 2.26511, 6.39592 ], [ 2.26565, 6.39628 ], [ 2.26628, 6.39619 ], [ 2.26646, 6.39691 ], [ 2.26809, 6.39646 ] ] ], [ [ [ 2.25326, 6.39825 ], [ 2.25217, 6.39771 ], [ 2.25208, 6.39707 ], [ 2.25326, 6.39744 ], [ 2.25416, 6.39644 ], [ 2.25443, 6.39717 ], [ 2.25597, 6.3969 ], [ 2.25814, 6.39744 ], [ 2.25841, 6.39708 ], [ 2.25886, 6.39781 ], [ 2.2595, 6.39799 ], [ 2.25886, 6.39717 ], [ 2.25886, 6.3969 ], [ 2.25941, 6.39699 ], [ 2.25941, 6.39645 ], [ 2.25868, 6.39636 ], [ 2.25769, 6.39681 ], [ 2.25814, 6.39627 ], [ 2.25706, 6.39581 ], [ 2.25697, 6.39618 ], [ 2.25642, 6.39609 ], [ 2.25624, 6.39663 ], [ 2.25525, 6.39672 ], [ 2.25443, 6.39626 ], [ 2.25281, 6.39662 ], [ 2.25154, 6.39635 ], [ 2.25045, 6.39689 ], [ 2.2472, 6.39734 ], [ 2.24747, 6.39761 ], [ 2.24855, 6.39734 ], [ 2.24891, 6.39806 ], [ 2.24937, 6.39807 ], [ 2.24946, 6.39734 ], [ 2.25036, 6.39698 ], [ 2.25027, 6.39789 ], [ 2.25271, 6.39825 ], [ 2.25271, 6.39943 ], [ 2.25334, 6.39916 ], [ 2.25326, 6.39825 ] ] ], [ [ [ 2.2339, 6.40284 ], [ 2.23453, 6.4032 ], [ 2.23462, 6.40284 ], [ 2.23561, 6.40239 ], [ 2.23553, 6.40103 ], [ 2.23616, 6.40121 ], [ 2.23634, 6.40076 ], [ 2.23734, 6.40058 ], [ 2.23743, 6.39895 ], [ 2.2377, 6.39959 ], [ 2.23851, 6.39977 ], [ 2.23842, 6.40067 ], [ 2.2396, 6.40004 ], [ 2.2396, 6.40067 ], [ 2.24014, 6.40086 ], [ 2.24032, 6.39986 ], [ 2.24104, 6.3995 ], [ 2.24077, 6.39914 ], [ 2.24105, 6.39832 ], [ 2.24041, 6.39778 ], [ 2.24069, 6.39742 ], [ 2.24168, 6.3976 ], [ 2.24159, 6.39833 ], [ 2.24213, 6.39833 ], [ 2.24268, 6.39733 ], [ 2.24376, 6.3976 ], [ 2.24403, 6.39724 ], [ 2.24295, 6.39688 ], [ 2.24231, 6.39706 ], [ 2.24051, 6.39633 ], [ 2.23879, 6.39642 ], [ 2.23834, 6.39687 ], [ 2.23734, 6.39678 ], [ 2.23644, 6.39714 ], [ 2.23526, 6.39813 ], [ 2.23291, 6.3984 ], [ 2.23155, 6.3994 ], [ 2.23064, 6.39958 ], [ 2.23046, 6.39994 ], [ 2.23119, 6.40003 ], [ 2.23245, 6.39931 ], [ 2.23245, 6.40048 ], [ 2.2329, 6.40066 ], [ 2.23263, 6.39967 ], [ 2.23336, 6.39985 ], [ 2.233, 6.39922 ], [ 2.23336, 6.39886 ], [ 2.23417, 6.39922 ], [ 2.23426, 6.39994 ], [ 2.23498, 6.40031 ], [ 2.23517, 6.39931 ], [ 2.23481, 6.39868 ], [ 2.23553, 6.39841 ], [ 2.23598, 6.4004 ], [ 2.23544, 6.40049 ], [ 2.23507, 6.40121 ], [ 2.23372, 6.40202 ], [ 2.23372, 6.40238 ], [ 2.2329, 6.40302 ], [ 2.23299, 6.40347 ], [ 2.2339, 6.40284 ] ] ], [ [ [ 2.24276, 6.40077 ], [ 2.24457, 6.4005 ], [ 2.24493, 6.40005 ], [ 2.24367, 6.40005 ], [ 2.24358, 6.39923 ], [ 2.24303, 6.39923 ], [ 2.24285, 6.40005 ], [ 2.24231, 6.40041 ], [ 2.24249, 6.40113 ], [ 2.24213, 6.4014 ], [ 2.24357, 6.40113 ], [ 2.24276, 6.40077 ] ] ], [ [ [ 2.24032, 6.40221 ], [ 2.24014, 6.40185 ], [ 2.24068, 6.40239 ], [ 2.24086, 6.40131 ], [ 2.24158, 6.4014 ], [ 2.24131, 6.4005 ], [ 2.24095, 6.40059 ], [ 2.24041, 6.40167 ], [ 2.23942, 6.40076 ], [ 2.23896, 6.40076 ], [ 2.23923, 6.40194 ], [ 2.23842, 6.40203 ], [ 2.23833, 6.40257 ], [ 2.23941, 6.40266 ], [ 2.24032, 6.40221 ] ] ], [ [ [ 2.24646, 6.40457 ], [ 2.24719, 6.40476 ], [ 2.24646, 6.40412 ], [ 2.2471, 6.40277 ], [ 2.24529, 6.40322 ], [ 2.24529, 6.40394 ], [ 2.24411, 6.4043 ], [ 2.2452, 6.40512 ], [ 2.24529, 6.40575 ], [ 2.24556, 6.40584 ], [ 2.24646, 6.40457 ] ] ], [ [ [ 2.21137, 6.40651 ], [ 2.21092, 6.40651 ], [ 2.21083, 6.40606 ], [ 2.21147, 6.40353 ], [ 2.21074, 6.40362 ], [ 2.21056, 6.40461 ], [ 2.2102, 6.4047 ], [ 2.20965, 6.40606 ], [ 2.21056, 6.40705 ], [ 2.21137, 6.40651 ] ] ], [ [ [ 2.23769, 6.40836 ], [ 2.23823, 6.40818 ], [ 2.23832, 6.40872 ], [ 2.23868, 6.40882 ], [ 2.2394, 6.40782 ], [ 2.23949, 6.40882 ], [ 2.2404, 6.40864 ], [ 2.24103, 6.409 ], [ 2.24112, 6.40828 ], [ 2.24058, 6.40818 ], [ 2.24085, 6.4071 ], [ 2.2404, 6.4071 ], [ 2.24031, 6.40782 ], [ 2.23977, 6.40737 ], [ 2.23931, 6.40746 ], [ 2.23968, 6.40646 ], [ 2.23923, 6.40601 ], [ 2.23886, 6.40628 ], [ 2.23923, 6.40674 ], [ 2.2385, 6.40773 ], [ 2.23787, 6.40719 ], [ 2.23778, 6.40655 ], [ 2.23715, 6.40637 ], [ 2.23796, 6.40782 ], [ 2.23732, 6.40773 ], [ 2.23705, 6.40881 ], [ 2.23732, 6.40936 ], [ 2.23777, 6.40918 ], [ 2.23769, 6.40836 ] ] ], [ [ [ 2.24537, 6.40846 ], [ 2.24555, 6.40765 ], [ 2.24492, 6.40692 ], [ 2.24311, 6.40792 ], [ 2.24356, 6.40882 ], [ 2.24537, 6.40846 ] ] ], [ [ [ 2.22828, 6.40907 ], [ 2.22828, 6.40744 ], [ 2.22729, 6.40699 ], [ 2.22774, 6.40608 ], [ 2.22756, 6.40599 ], [ 2.22711, 6.40654 ], [ 2.22666, 6.40644 ], [ 2.22602, 6.40744 ], [ 2.22665, 6.40807 ], [ 2.22629, 6.40898 ], [ 2.22701, 6.40925 ], [ 2.22692, 6.40979 ], [ 2.22792, 6.40979 ], [ 2.22828, 6.40907 ] ] ], [ [ [ 2.22982, 6.40907 ], [ 2.23081, 6.40862 ], [ 2.2309, 6.40817 ], [ 2.23009, 6.40799 ], [ 2.22955, 6.40862 ], [ 2.22864, 6.40835 ], [ 2.22909, 6.40961 ], [ 2.23018, 6.40998 ], [ 2.22982, 6.40907 ] ] ], [ [ [ 2.23967, 6.40981 ], [ 2.24022, 6.40963 ], [ 2.23985, 6.40909 ], [ 2.23913, 6.40945 ], [ 2.23922, 6.41008 ], [ 2.2385, 6.40972 ], [ 2.23777, 6.4099 ], [ 2.23895, 6.41099 ], [ 2.23931, 6.41017 ], [ 2.23958, 6.41026 ], [ 2.23967, 6.40981 ] ] ], [ [ [ 2.23171, 6.41224 ], [ 2.23099, 6.41197 ], [ 2.23099, 6.41088 ], [ 2.23009, 6.41043 ], [ 2.22927, 6.41079 ], [ 2.22927, 6.41016 ], [ 2.22837, 6.41025 ], [ 2.22819, 6.41079 ], [ 2.22792, 6.41025 ], [ 2.2271, 6.41043 ], [ 2.22755, 6.41178 ], [ 2.22846, 6.41151 ], [ 2.22909, 6.41188 ], [ 2.22909, 6.41142 ], [ 2.22972, 6.4117 ], [ 2.22972, 6.41143 ], [ 2.23072, 6.41134 ], [ 2.23045, 6.41215 ], [ 2.23081, 6.41296 ], [ 2.23171, 6.41224 ] ] ], [ [ [ 2.25342, 6.41146 ], [ 2.25287, 6.41083 ], [ 2.25179, 6.41128 ], [ 2.25197, 6.41191 ], [ 2.2517, 6.41236 ], [ 2.25197, 6.41263 ], [ 2.25233, 6.41254 ], [ 2.25224, 6.412 ], [ 2.25314, 6.41209 ], [ 2.25342, 6.41146 ] ] ], [ [ [ 2.23424, 6.4117 ], [ 2.23352, 6.41089 ], [ 2.23253, 6.41043 ], [ 2.23244, 6.41071 ], [ 2.23289, 6.41071 ], [ 2.2328, 6.41125 ], [ 2.23397, 6.41197 ], [ 2.23352, 6.41215 ], [ 2.23253, 6.4117 ], [ 2.23234, 6.41251 ], [ 2.23298, 6.4127 ], [ 2.23307, 6.41342 ], [ 2.23424, 6.4117 ] ] ], [ [ [ 2.23514, 6.41786 ], [ 2.23532, 6.4174 ], [ 2.23767, 6.41714 ], [ 2.23749, 6.41777 ], [ 2.23812, 6.41795 ], [ 2.23858, 6.41705 ], [ 2.23804, 6.41641 ], [ 2.23849, 6.4165 ], [ 2.23867, 6.41614 ], [ 2.23831, 6.4156 ], [ 2.23777, 6.41551 ], [ 2.2393, 6.41497 ], [ 2.23958, 6.41433 ], [ 2.23876, 6.41433 ], [ 2.2384, 6.41397 ], [ 2.23768, 6.41415 ], [ 2.23804, 6.41478 ], [ 2.23759, 6.41487 ], [ 2.23713, 6.4156 ], [ 2.23632, 6.41542 ], [ 2.2355, 6.41614 ], [ 2.23451, 6.41641 ], [ 2.23514, 6.41668 ], [ 2.23514, 6.41704 ], [ 2.2336, 6.41695 ], [ 2.23288, 6.41776 ], [ 2.23396, 6.41822 ], [ 2.23514, 6.41786 ] ] ], [ [ [ 2.23225, 6.4165 ], [ 2.23234, 6.41613 ], [ 2.23198, 6.41586 ], [ 2.23134, 6.41631 ], [ 2.23089, 6.41541 ], [ 2.23044, 6.41577 ], [ 2.22954, 6.41559 ], [ 2.22899, 6.41586 ], [ 2.22935, 6.41622 ], [ 2.22981, 6.41577 ], [ 2.23134, 6.41704 ], [ 2.2317, 6.4164 ], [ 2.23225, 6.4165 ] ] ], [ [ [ 2.23948, 6.4194 ], [ 2.23957, 6.41994 ], [ 2.23993, 6.41976 ], [ 2.23948, 6.41886 ], [ 2.24011, 6.41841 ], [ 2.24156, 6.42004 ], [ 2.24138, 6.41895 ], [ 2.24228, 6.41805 ], [ 2.24183, 6.41741 ], [ 2.24156, 6.4185 ], [ 2.23921, 6.41822 ], [ 2.23957, 6.41786 ], [ 2.23939, 6.41687 ], [ 2.24066, 6.41587 ], [ 2.24057, 6.41524 ], [ 2.23966, 6.41524 ], [ 2.23966, 6.41605 ], [ 2.23921, 6.41632 ], [ 2.23858, 6.41804 ], [ 2.23894, 6.41895 ], [ 2.23848, 6.4194 ], [ 2.23785, 6.4194 ], [ 2.23839, 6.41958 ], [ 2.23848, 6.42058 ], [ 2.23911, 6.42058 ], [ 2.23912, 6.4194 ], [ 2.23948, 6.4194 ] ] ], [ [ [ 2.25259, 6.41852 ], [ 2.25277, 6.4177 ], [ 2.25187, 6.41743 ], [ 2.25078, 6.41797 ], [ 2.25006, 6.41788 ], [ 2.25024, 6.41869 ], [ 2.25169, 6.41833 ], [ 2.25259, 6.41852 ] ] ], [ [ [ 2.25937, 6.42061 ], [ 2.26019, 6.42097 ], [ 2.26028, 6.42061 ], [ 2.25874, 6.41898 ], [ 2.25829, 6.41952 ], [ 2.25757, 6.41952 ], [ 2.25693, 6.42133 ], [ 2.25729, 6.42151 ], [ 2.25829, 6.42106 ], [ 2.25874, 6.42178 ], [ 2.25937, 6.42061 ] ] ], [ [ [ 2.24662, 6.42095 ], [ 2.2468, 6.41986 ], [ 2.24771, 6.42041 ], [ 2.24807, 6.41996 ], [ 2.24771, 6.4195 ], [ 2.2468, 6.41932 ], [ 2.24626, 6.41986 ], [ 2.24572, 6.4195 ], [ 2.24499, 6.41977 ], [ 2.24463, 6.41932 ], [ 2.24373, 6.41968 ], [ 2.244, 6.42022 ], [ 2.24436, 6.41977 ], [ 2.2449, 6.42013 ], [ 2.24427, 6.42149 ], [ 2.2449, 6.42113 ], [ 2.24517, 6.42167 ], [ 2.24544, 6.42095 ], [ 2.24662, 6.42095 ] ] ], [ [ [ 2.23477, 6.42111 ], [ 2.23432, 6.42066 ], [ 2.23432, 6.41994 ], [ 2.23387, 6.42057 ], [ 2.23342, 6.42048 ], [ 2.23396, 6.41921 ], [ 2.23378, 6.41903 ], [ 2.23324, 6.41939 ], [ 2.23315, 6.42039 ], [ 2.23224, 6.42147 ], [ 2.23287, 6.42165 ], [ 2.23351, 6.42129 ], [ 2.23387, 6.42211 ], [ 2.23423, 6.42211 ], [ 2.23477, 6.42111 ] ] ], [ [ [ 2.24797, 6.42647 ], [ 2.24797, 6.42538 ], [ 2.24833, 6.42502 ], [ 2.24896, 6.42548 ], [ 2.24987, 6.42548 ], [ 2.24996, 6.42466 ], [ 2.24951, 6.42457 ], [ 2.24951, 6.42385 ], [ 2.24987, 6.42303 ], [ 2.25051, 6.42304 ], [ 2.25078, 6.4224 ], [ 2.25033, 6.42186 ], [ 2.24951, 6.42204 ], [ 2.24924, 6.42122 ], [ 2.24888, 6.42195 ], [ 2.24752, 6.42204 ], [ 2.24607, 6.42312 ], [ 2.24616, 6.4243 ], [ 2.24734, 6.42457 ], [ 2.24679, 6.42529 ], [ 2.24526, 6.42529 ], [ 2.24481, 6.42448 ], [ 2.24444, 6.42466 ], [ 2.24535, 6.42592 ], [ 2.24598, 6.42565 ], [ 2.24589, 6.42638 ], [ 2.24725, 6.42556 ], [ 2.24725, 6.42593 ], [ 2.24625, 6.42647 ], [ 2.24661, 6.4271 ], [ 2.24797, 6.42647 ] ] ], [ [ [ 2.24055, 6.42664 ], [ 2.24119, 6.42592 ], [ 2.24037, 6.4261 ], [ 2.2401, 6.42546 ], [ 2.24101, 6.42537 ], [ 2.2411, 6.42483 ], [ 2.24191, 6.42456 ], [ 2.24209, 6.42556 ], [ 2.24155, 6.42592 ], [ 2.24155, 6.42628 ], [ 2.24209, 6.42637 ], [ 2.242, 6.42565 ], [ 2.24263, 6.42556 ], [ 2.24236, 6.42492 ], [ 2.24282, 6.42447 ], [ 2.24264, 6.42375 ], [ 2.24327, 6.4233 ], [ 2.24345, 6.42266 ], [ 2.24273, 6.42257 ], [ 2.24246, 6.42185 ], [ 2.24192, 6.42194 ], [ 2.24182, 6.42348 ], [ 2.24146, 6.42347 ], [ 2.24083, 6.42266 ], [ 2.24029, 6.42266 ], [ 2.24092, 6.42366 ], [ 2.24019, 6.42393 ], [ 2.24001, 6.42456 ], [ 2.24028, 6.4251 ], [ 2.23947, 6.42456 ], [ 2.23947, 6.42528 ], [ 2.23911, 6.42528 ], [ 2.23866, 6.42438 ], [ 2.2382, 6.42428 ], [ 2.23757, 6.42455 ], [ 2.23766, 6.4251 ], [ 2.23712, 6.42573 ], [ 2.2373, 6.42618 ], [ 2.23784, 6.42564 ], [ 2.23838, 6.42573 ], [ 2.2391, 6.42727 ], [ 2.2401, 6.42592 ], [ 2.24028, 6.42628 ], [ 2.23983, 6.42754 ], [ 2.24046, 6.42754 ], [ 2.24055, 6.42664 ] ] ], [ [ [ 2.2496, 6.42656 ], [ 2.2505, 6.42702 ], [ 2.25077, 6.42756 ], [ 2.25131, 6.42729 ], [ 2.25113, 6.42801 ], [ 2.25303, 6.42756 ], [ 2.25294, 6.42666 ], [ 2.25195, 6.42648 ], [ 2.25159, 6.42675 ], [ 2.25104, 6.42593 ], [ 2.25068, 6.42593 ], [ 2.25059, 6.42638 ], [ 2.24933, 6.42602 ], [ 2.24869, 6.42629 ], [ 2.24851, 6.4271 ], [ 2.24761, 6.42701 ], [ 2.24815, 6.42783 ], [ 2.2486, 6.42783 ], [ 2.24932, 6.42855 ], [ 2.24914, 6.42919 ], [ 2.25005, 6.42864 ], [ 2.2496, 6.42656 ] ] ], [ [ [ 2.24363, 6.428 ], [ 2.2429, 6.42719 ], [ 2.24109, 6.42736 ], [ 2.24281, 6.42863 ], [ 2.24363, 6.428 ] ] ], [ [ [ 2.24444, 6.42855 ], [ 2.24489, 6.42791 ], [ 2.24444, 6.42728 ], [ 2.24516, 6.42656 ], [ 2.24417, 6.42637 ], [ 2.24399, 6.42755 ], [ 2.24426, 6.42809 ], [ 2.24371, 6.42927 ], [ 2.24471, 6.42981 ], [ 2.24471, 6.43017 ], [ 2.24543, 6.42981 ], [ 2.24444, 6.42855 ] ] ], [ [ [ 2.24742, 6.42801 ], [ 2.24616, 6.42728 ], [ 2.24616, 6.42819 ], [ 2.24679, 6.42855 ], [ 2.24679, 6.429 ], [ 2.24616, 6.42909 ], [ 2.24597, 6.42954 ], [ 2.24724, 6.42964 ], [ 2.24724, 6.42909 ], [ 2.2476, 6.42891 ], [ 2.24742, 6.42801 ] ] ], [ [ [ 2.2437, 6.43741 ], [ 2.24388, 6.43614 ], [ 2.2456, 6.43578 ], [ 2.24642, 6.43497 ], [ 2.24542, 6.43443 ], [ 2.24488, 6.4347 ], [ 2.24533, 6.43497 ], [ 2.24515, 6.43533 ], [ 2.24425, 6.43542 ], [ 2.24443, 6.43488 ], [ 2.24334, 6.43497 ], [ 2.24344, 6.43433 ], [ 2.24289, 6.43424 ], [ 2.24298, 6.43298 ], [ 2.2419, 6.43279 ], [ 2.24145, 6.43234 ], [ 2.24208, 6.43243 ], [ 2.24208, 6.43162 ], [ 2.24244, 6.43144 ], [ 2.24272, 6.43153 ], [ 2.24262, 6.43243 ], [ 2.24344, 6.43225 ], [ 2.24362, 6.43171 ], [ 2.24317, 6.43071 ], [ 2.24389, 6.43063 ], [ 2.24317, 6.43062 ], [ 2.24281, 6.4299 ], [ 2.24236, 6.43035 ], [ 2.24172, 6.43008 ], [ 2.24127, 6.42963 ], [ 2.24181, 6.42917 ], [ 2.24136, 6.42818 ], [ 2.23974, 6.42827 ], [ 2.23928, 6.42863 ], [ 2.23946, 6.4299 ], [ 2.23892, 6.42971 ], [ 2.23946, 6.43044 ], [ 2.2382, 6.43026 ], [ 2.23729, 6.43116 ], [ 2.23756, 6.43161 ], [ 2.23855, 6.43188 ], [ 2.23829, 6.4308 ], [ 2.23901, 6.43089 ], [ 2.23928, 6.43134 ], [ 2.23964, 6.43107 ], [ 2.24027, 6.43216 ], [ 2.24009, 6.43252 ], [ 2.23901, 6.43188 ], [ 2.23801, 6.43225 ], [ 2.23955, 6.43324 ], [ 2.23909, 6.43378 ], [ 2.23927, 6.43505 ], [ 2.23882, 6.43668 ], [ 2.23972, 6.43695 ], [ 2.23972, 6.43605 ], [ 2.24018, 6.43614 ], [ 2.24018, 6.43668 ], [ 2.24153, 6.43659 ], [ 2.24153, 6.43587 ], [ 2.24099, 6.43614 ], [ 2.24054, 6.43542 ], [ 2.24108, 6.4356 ], [ 2.2419, 6.43496 ], [ 2.24289, 6.43515 ], [ 2.24198, 6.4365 ], [ 2.24271, 6.43605 ], [ 2.2428, 6.4365 ], [ 2.24244, 6.43668 ], [ 2.24271, 6.43741 ], [ 2.24316, 6.43687 ], [ 2.2437, 6.43741 ] ] ], [ [ [ 2.2476, 6.43416 ], [ 2.24814, 6.43326 ], [ 2.2466, 6.43371 ], [ 2.2466, 6.43298 ], [ 2.24615, 6.43307 ], [ 2.24588, 6.43244 ], [ 2.24452, 6.43189 ], [ 2.24407, 6.43135 ], [ 2.24398, 6.43253 ], [ 2.24516, 6.43244 ], [ 2.2447, 6.43397 ], [ 2.24588, 6.43361 ], [ 2.24606, 6.43443 ], [ 2.24678, 6.43407 ], [ 2.2476, 6.43416 ] ] ], [ [ [ 2.25193, 6.44131 ], [ 2.25265, 6.4414 ], [ 2.25301, 6.44104 ], [ 2.25283, 6.44014 ], [ 2.25374, 6.44023 ], [ 2.25383, 6.43914 ], [ 2.2531, 6.43923 ], [ 2.2531, 6.4396 ], [ 2.2522, 6.43941 ], [ 2.25184, 6.43977 ], [ 2.2513, 6.43887 ], [ 2.24967, 6.4385 ], [ 2.24931, 6.43941 ], [ 2.24976, 6.44004 ], [ 2.2512, 6.43968 ], [ 2.25075, 6.44041 ], [ 2.25084, 6.44185 ], [ 2.25147, 6.44185 ], [ 2.25201, 6.44249 ], [ 2.25229, 6.44204 ], [ 2.25193, 6.44131 ] ] ], [ [ [ 2.24233, 6.44483 ], [ 2.2427, 6.44401 ], [ 2.24315, 6.44419 ], [ 2.24279, 6.44483 ], [ 2.2436, 6.44483 ], [ 2.24378, 6.44401 ], [ 2.24306, 6.44374 ], [ 2.2436, 6.44329 ], [ 2.24306, 6.44239 ], [ 2.24397, 6.44266 ], [ 2.24469, 6.44148 ], [ 2.24532, 6.44176 ], [ 2.24523, 6.44121 ], [ 2.24569, 6.44112 ], [ 2.2446, 6.44076 ], [ 2.24505, 6.44013 ], [ 2.24487, 6.43967 ], [ 2.24415, 6.43985 ], [ 2.24397, 6.43886 ], [ 2.2446, 6.43877 ], [ 2.2447, 6.43823 ], [ 2.2437, 6.4375 ], [ 2.24397, 6.43813 ], [ 2.24307, 6.43804 ], [ 2.24307, 6.43877 ], [ 2.2428, 6.43886 ], [ 2.2418, 6.43786 ], [ 2.24153, 6.4384 ], [ 2.24108, 6.43831 ], [ 2.24108, 6.4375 ], [ 2.24017, 6.43722 ], [ 2.24063, 6.43849 ], [ 2.23999, 6.43822 ], [ 2.23945, 6.43876 ], [ 2.23963, 6.43958 ], [ 2.24071, 6.44057 ], [ 2.24071, 6.44111 ], [ 2.24134, 6.44139 ], [ 2.24089, 6.44238 ], [ 2.24125, 6.44311 ], [ 2.24179, 6.44302 ], [ 2.24143, 6.44256 ], [ 2.24171, 6.44166 ], [ 2.2427, 6.44302 ], [ 2.24225, 6.44338 ], [ 2.24224, 6.44401 ], [ 2.2417, 6.44374 ], [ 2.24188, 6.44474 ], [ 2.24315, 6.446 ], [ 2.24351, 6.44591 ], [ 2.24333, 6.44528 ], [ 2.24233, 6.44483 ] ] ], [ [ [ 2.23121, 6.44454 ], [ 2.23184, 6.44472 ], [ 2.23212, 6.44427 ], [ 2.23193, 6.444 ], [ 2.23157, 6.44436 ], [ 2.23112, 6.44418 ], [ 2.23148, 6.44382 ], [ 2.23148, 6.44309 ], [ 2.23185, 6.44318 ], [ 2.23212, 6.44264 ], [ 2.23167, 6.44201 ], [ 2.23203, 6.44155 ], [ 2.23121, 6.44164 ], [ 2.23049, 6.44128 ], [ 2.22922, 6.44236 ], [ 2.22913, 6.44327 ], [ 2.2294, 6.44354 ], [ 2.22877, 6.44354 ], [ 2.22877, 6.44381 ], [ 2.22994, 6.44535 ], [ 2.23076, 6.44544 ], [ 2.23121, 6.44454 ] ] ], [ [ [ 2.24866, 6.44655 ], [ 2.24903, 6.44529 ], [ 2.24957, 6.44475 ], [ 2.25065, 6.44502 ], [ 2.2512, 6.44457 ], [ 2.2503, 6.44321 ], [ 2.24903, 6.44285 ], [ 2.24822, 6.44312 ], [ 2.24849, 6.44294 ], [ 2.24822, 6.44194 ], [ 2.24776, 6.44212 ], [ 2.2474, 6.44302 ], [ 2.24785, 6.44339 ], [ 2.24794, 6.44429 ], [ 2.24912, 6.44475 ], [ 2.24848, 6.44502 ], [ 2.24848, 6.44592 ], [ 2.24713, 6.44592 ], [ 2.24667, 6.44664 ], [ 2.24622, 6.44673 ], [ 2.24712, 6.44737 ], [ 2.24722, 6.44655 ], [ 2.24866, 6.44655 ] ] ], [ [ [ 2.24079, 6.4488 ], [ 2.24106, 6.44808 ], [ 2.24152, 6.44799 ], [ 2.24134, 6.44727 ], [ 2.24088, 6.44745 ], [ 2.24079, 6.44799 ], [ 2.24043, 6.4479 ], [ 2.2407, 6.44745 ], [ 2.24007, 6.44754 ], [ 2.2398, 6.44862 ], [ 2.23898, 6.44844 ], [ 2.23952, 6.44971 ], [ 2.24079, 6.4488 ] ] ], [ [ [ 2.24766, 6.44936 ], [ 2.24766, 6.44863 ], [ 2.24839, 6.44854 ], [ 2.24776, 6.44836 ], [ 2.24749, 6.44755 ], [ 2.2473, 6.44836 ], [ 2.24676, 6.44845 ], [ 2.24667, 6.44746 ], [ 2.24532, 6.44673 ], [ 2.24468, 6.44763 ], [ 2.24622, 6.44773 ], [ 2.24622, 6.4489 ], [ 2.24586, 6.4489 ], [ 2.24577, 6.44845 ], [ 2.2454, 6.44854 ], [ 2.24622, 6.45026 ], [ 2.24712, 6.45026 ], [ 2.24721, 6.44963 ], [ 2.24766, 6.44936 ] ] ], [ [ [ 2.23826, 6.44898 ], [ 2.23753, 6.44916 ], [ 2.23717, 6.44889 ], [ 2.23763, 6.44844 ], [ 2.23817, 6.44862 ], [ 2.23826, 6.44799 ], [ 2.23754, 6.44826 ], [ 2.23672, 6.44808 ], [ 2.23654, 6.44925 ], [ 2.23708, 6.44943 ], [ 2.23726, 6.45007 ], [ 2.23826, 6.44898 ] ] ], [ [ [ 2.2463, 6.45098 ], [ 2.24531, 6.45062 ], [ 2.24513, 6.45234 ], [ 2.24657, 6.45207 ], [ 2.2463, 6.45098 ] ] ], [ [ [ 2.23581, 6.45287 ], [ 2.23617, 6.45215 ], [ 2.23581, 6.45043 ], [ 2.23536, 6.45006 ], [ 2.23482, 6.45015 ], [ 2.23545, 6.45124 ], [ 2.23482, 6.45169 ], [ 2.23518, 6.45251 ], [ 2.23445, 6.45314 ], [ 2.23382, 6.45259 ], [ 2.23346, 6.45277 ], [ 2.23382, 6.45395 ], [ 2.23409, 6.45413 ], [ 2.23581, 6.45287 ] ] ], [ [ [ 2.26222, 6.45209 ], [ 2.26267, 6.45155 ], [ 2.26096, 6.45146 ], [ 2.26105, 6.45191 ], [ 2.26168, 6.45191 ], [ 2.26131, 6.45345 ], [ 2.2624, 6.45318 ], [ 2.26222, 6.45209 ] ] ], [ [ [ 2.23319, 6.45314 ], [ 2.23265, 6.45277 ], [ 2.2321, 6.45386 ], [ 2.23165, 6.45386 ], [ 2.23174, 6.45467 ], [ 2.233, 6.45522 ], [ 2.23346, 6.45486 ], [ 2.23319, 6.45314 ] ] ], [ [ [ 2.25996, 6.45354 ], [ 2.25878, 6.45372 ], [ 2.25842, 6.45326 ], [ 2.2577, 6.45353 ], [ 2.25815, 6.45462 ], [ 2.25941, 6.45444 ], [ 2.25959, 6.4548 ], [ 2.2595, 6.4539 ], [ 2.25996, 6.45354 ] ] ], [ [ [ 2.23943, 6.45459 ], [ 2.23961, 6.45342 ], [ 2.23907, 6.4536 ], [ 2.23888, 6.4545 ], [ 2.23852, 6.4545 ], [ 2.2387, 6.45387 ], [ 2.23843, 6.45387 ], [ 2.23834, 6.45486 ], [ 2.23789, 6.45531 ], [ 2.23861, 6.45513 ], [ 2.23915, 6.45577 ], [ 2.23906, 6.45495 ], [ 2.23943, 6.45459 ] ] ], [ [ [ 2.24602, 6.45913 ], [ 2.24656, 6.45886 ], [ 2.2463, 6.45714 ], [ 2.24657, 6.45732 ], [ 2.24693, 6.45696 ], [ 2.24675, 6.45668 ], [ 2.24584, 6.45686 ], [ 2.24575, 6.45623 ], [ 2.24539, 6.45623 ], [ 2.2453, 6.45677 ], [ 2.24494, 6.45677 ], [ 2.24539, 6.45732 ], [ 2.24512, 6.45786 ], [ 2.2444, 6.45722 ], [ 2.24376, 6.45722 ], [ 2.24385, 6.45659 ], [ 2.24512, 6.45614 ], [ 2.24458, 6.45532 ], [ 2.24503, 6.45523 ], [ 2.24494, 6.45469 ], [ 2.24549, 6.45361 ], [ 2.24513, 6.45243 ], [ 2.24476, 6.45234 ], [ 2.24449, 6.45261 ], [ 2.24476, 6.45361 ], [ 2.2444, 6.4537 ], [ 2.2444, 6.45415 ], [ 2.24386, 6.45415 ], [ 2.24422, 6.45559 ], [ 2.24395, 6.45596 ], [ 2.2434, 6.45568 ], [ 2.24367, 6.45659 ], [ 2.24322, 6.45704 ], [ 2.24286, 6.45695 ], [ 2.24268, 6.4574 ], [ 2.2434, 6.45786 ], [ 2.24322, 6.45849 ], [ 2.24476, 6.45822 ], [ 2.24457, 6.45903 ], [ 2.2453, 6.45876 ], [ 2.24602, 6.45913 ] ] ], [ [ [ 2.26755, 6.45771 ], [ 2.26737, 6.45653 ], [ 2.26683, 6.45635 ], [ 2.26692, 6.45554 ], [ 2.26628, 6.45617 ], [ 2.26583, 6.45617 ], [ 2.26629, 6.45545 ], [ 2.26602, 6.45481 ], [ 2.26448, 6.45535 ], [ 2.2642, 6.45626 ], [ 2.26475, 6.45653 ], [ 2.2652, 6.45599 ], [ 2.26601, 6.4568 ], [ 2.26556, 6.45707 ], [ 2.26547, 6.45771 ], [ 2.26655, 6.4578 ], [ 2.26646, 6.45852 ], [ 2.26583, 6.45843 ], [ 2.26574, 6.45915 ], [ 2.26655, 6.45916 ], [ 2.26755, 6.45771 ] ] ], [ [ [ 2.26447, 6.45951 ], [ 2.26547, 6.45924 ], [ 2.26483, 6.45852 ], [ 2.2652, 6.45816 ], [ 2.26502, 6.45707 ], [ 2.26411, 6.45671 ], [ 2.2633, 6.45716 ], [ 2.26303, 6.45807 ], [ 2.26203, 6.45806 ], [ 2.26221, 6.45843 ], [ 2.2633, 6.45843 ], [ 2.26275, 6.45924 ], [ 2.26293, 6.45978 ], [ 2.26339, 6.4596 ], [ 2.26348, 6.45897 ], [ 2.26402, 6.45897 ], [ 2.26447, 6.45951 ] ] ], [ [ [ 2.26908, 6.46296 ], [ 2.26718, 6.46332 ], [ 2.26727, 6.46278 ], [ 2.26682, 6.46268 ], [ 2.26718, 6.46223 ], [ 2.267, 6.4616 ], [ 2.26628, 6.46187 ], [ 2.26628, 6.46106 ], [ 2.26483, 6.46178 ], [ 2.26347, 6.46114 ], [ 2.26374, 6.46196 ], [ 2.26501, 6.46241 ], [ 2.26492, 6.46277 ], [ 2.26429, 6.46241 ], [ 2.26374, 6.46259 ], [ 2.26501, 6.46359 ], [ 2.26455, 6.46422 ], [ 2.26528, 6.46422 ], [ 2.26555, 6.46458 ], [ 2.26636, 6.46422 ], [ 2.26763, 6.46477 ], [ 2.26908, 6.46296 ] ] ], [ [ [ 2.25741, 6.46285 ], [ 2.25642, 6.46258 ], [ 2.25624, 6.46213 ], [ 2.25597, 6.46231 ], [ 2.25596, 6.46321 ], [ 2.25687, 6.46403 ], [ 2.2575, 6.46412 ], [ 2.25741, 6.46285 ] ] ], [ [ [ 2.26518, 6.46702 ], [ 2.26573, 6.46639 ], [ 2.26573, 6.46612 ], [ 2.265, 6.4663 ], [ 2.26573, 6.46549 ], [ 2.26564, 6.46503 ], [ 2.26492, 6.46521 ], [ 2.26491, 6.46603 ], [ 2.26365, 6.4663 ], [ 2.26328, 6.4672 ], [ 2.26446, 6.46666 ], [ 2.26518, 6.46702 ] ] ], [ [ [ 2.26021, 6.4681 ], [ 2.26021, 6.46666 ], [ 2.25976, 6.46611 ], [ 2.25931, 6.46611 ], [ 2.2594, 6.46656 ], [ 2.25867, 6.46611 ], [ 2.25867, 6.46665 ], [ 2.25921, 6.46729 ], [ 2.25849, 6.46837 ], [ 2.25985, 6.46846 ], [ 2.26021, 6.4681 ] ] ], [ [ [ 2.26038, 6.47181 ], [ 2.26029, 6.47046 ], [ 2.25948, 6.47018 ], [ 2.25957, 6.47163 ], [ 2.25839, 6.47154 ], [ 2.25839, 6.47181 ], [ 2.2593, 6.47199 ], [ 2.25966, 6.47254 ], [ 2.25984, 6.4719 ], [ 2.26038, 6.47181 ] ] ], [ [ [ 2.26598, 6.47852 ], [ 2.26625, 6.47906 ], [ 2.26689, 6.47879 ], [ 2.26734, 6.47933 ], [ 2.26797, 6.4787 ], [ 2.26752, 6.47779 ], [ 2.26698, 6.47806 ], [ 2.26598, 6.47779 ], [ 2.2677, 6.47635 ], [ 2.26761, 6.47589 ], [ 2.26653, 6.47616 ], [ 2.26617, 6.47553 ], [ 2.26662, 6.47499 ], [ 2.26608, 6.47535 ], [ 2.26572, 6.47444 ], [ 2.26481, 6.47508 ], [ 2.2649, 6.47544 ], [ 2.26553, 6.47526 ], [ 2.26571, 6.47589 ], [ 2.26544, 6.47616 ], [ 2.26445, 6.47544 ], [ 2.26454, 6.47453 ], [ 2.26508, 6.47444 ], [ 2.26599, 6.47327 ], [ 2.26617, 6.47372 ], [ 2.26581, 6.47444 ], [ 2.26671, 6.47417 ], [ 2.26698, 6.47345 ], [ 2.26753, 6.47363 ], [ 2.2678, 6.47327 ], [ 2.26726, 6.47309 ], [ 2.26753, 6.47237 ], [ 2.26717, 6.47191 ], [ 2.26671, 6.47182 ], [ 2.26644, 6.47227 ], [ 2.26617, 6.47191 ], [ 2.26663, 6.47074 ], [ 2.265, 6.47119 ], [ 2.26491, 6.47182 ], [ 2.26301, 6.47164 ], [ 2.26319, 6.47209 ], [ 2.26382, 6.47227 ], [ 2.26382, 6.4729 ], [ 2.26509, 6.47272 ], [ 2.26518, 6.47209 ], [ 2.26581, 6.47164 ], [ 2.26563, 6.47291 ], [ 2.26472, 6.47327 ], [ 2.26436, 6.47381 ], [ 2.26192, 6.47371 ], [ 2.26201, 6.47453 ], [ 2.26318, 6.47444 ], [ 2.26318, 6.4748 ], [ 2.26391, 6.47516 ], [ 2.2639, 6.4758 ], [ 2.26327, 6.47598 ], [ 2.26327, 6.47697 ], [ 2.26372, 6.47779 ], [ 2.26417, 6.47752 ], [ 2.26381, 6.47716 ], [ 2.26399, 6.47616 ], [ 2.26526, 6.47652 ], [ 2.26481, 6.47734 ], [ 2.26445, 6.47725 ], [ 2.26454, 6.4777 ], [ 2.26508, 6.47761 ], [ 2.2649, 6.47806 ], [ 2.26426, 6.47824 ], [ 2.26417, 6.4786 ], [ 2.2649, 6.47897 ], [ 2.26499, 6.47815 ], [ 2.26544, 6.47797 ], [ 2.26553, 6.47861 ], [ 2.26499, 6.47933 ], [ 2.26544, 6.47942 ], [ 2.26598, 6.47852 ] ] ], [ [ [ 2.26011, 6.47579 ], [ 2.26092, 6.47597 ], [ 2.26146, 6.47534 ], [ 2.26092, 6.47407 ], [ 2.26038, 6.47416 ], [ 2.2602, 6.47462 ], [ 2.25993, 6.47398 ], [ 2.25911, 6.47462 ], [ 2.25857, 6.47452 ], [ 2.2583, 6.4757 ], [ 2.26002, 6.47597 ], [ 2.25983, 6.47697 ], [ 2.26029, 6.47679 ], [ 2.26011, 6.47579 ] ] ], [ [ [ 2.25875, 6.47869 ], [ 2.25775, 6.47877 ], [ 2.25712, 6.47823 ], [ 2.25757, 6.4776 ], [ 2.25811, 6.47778 ], [ 2.25857, 6.47751 ], [ 2.25857, 6.47769 ], [ 2.25884, 6.47778 ], [ 2.25866, 6.47814 ], [ 2.25902, 6.47796 ], [ 2.25776, 6.47543 ], [ 2.2573, 6.47597 ], [ 2.2573, 6.47669 ], [ 2.25622, 6.47678 ], [ 2.2554, 6.47805 ], [ 2.25585, 6.47805 ], [ 2.25648, 6.47886 ], [ 2.25802, 6.47896 ], [ 2.2582, 6.47941 ], [ 2.25793, 6.47932 ], [ 2.25784, 6.47968 ], [ 2.25811, 6.47968 ], [ 2.25875, 6.47869 ] ] ], [ [ [ 2.25449, 6.48085 ], [ 2.25377, 6.4804 ], [ 2.25377, 6.48013 ], [ 2.25431, 6.48022 ], [ 2.25431, 6.47967 ], [ 2.25594, 6.47986 ], [ 2.25612, 6.47959 ], [ 2.25612, 6.47904 ], [ 2.2554, 6.47868 ], [ 2.25531, 6.47823 ], [ 2.25422, 6.47886 ], [ 2.25268, 6.48085 ], [ 2.25295, 6.48148 ], [ 2.25395, 6.48157 ], [ 2.25449, 6.48085 ] ] ], [ [ [ 2.23106, 6.481 ], [ 2.2307, 6.48118 ], [ 2.23061, 6.48027 ], [ 2.22926, 6.48054 ], [ 2.22926, 6.47964 ], [ 2.2289, 6.47955 ], [ 2.22853, 6.48027 ], [ 2.22944, 6.48099 ], [ 2.22944, 6.48127 ], [ 2.2288, 6.48126 ], [ 2.22916, 6.48145 ], [ 2.22916, 6.48208 ], [ 2.22989, 6.48181 ], [ 2.23034, 6.48226 ], [ 2.23106, 6.481 ] ] ], [ [ [ 2.28939, 6.35759 ], [ 2.28958, 6.35705 ], [ 2.28786, 6.35696 ], [ 2.28695, 6.35777 ], [ 2.2856, 6.3575 ], [ 2.2855, 6.35822 ], [ 2.28795, 6.3584 ], [ 2.28786, 6.35768 ], [ 2.28939, 6.35759 ] ] ], [ [ [ 2.27844, 6.36997 ], [ 2.27934, 6.36961 ], [ 2.2797, 6.37015 ], [ 2.28033, 6.37025 ], [ 2.28052, 6.3697 ], [ 2.28151, 6.36943 ], [ 2.28205, 6.36853 ], [ 2.28187, 6.36799 ], [ 2.28142, 6.36808 ], [ 2.28106, 6.36753 ], [ 2.28115, 6.36699 ], [ 2.28079, 6.36654 ], [ 2.28079, 6.36826 ], [ 2.27988, 6.36825 ], [ 2.28025, 6.36744 ], [ 2.27998, 6.3678 ], [ 2.27907, 6.3678 ], [ 2.27952, 6.36699 ], [ 2.27925, 6.36717 ], [ 2.2788, 6.36699 ], [ 2.28025, 6.3659 ], [ 2.27998, 6.36545 ], [ 2.27935, 6.36563 ], [ 2.27925, 6.36617 ], [ 2.27889, 6.36554 ], [ 2.27717, 6.36689 ], [ 2.27699, 6.36906 ], [ 2.27798, 6.36943 ], [ 2.27753, 6.37096 ], [ 2.27771, 6.37133 ], [ 2.27844, 6.36997 ] ] ], [ [ [ 2.28883, 6.36999 ], [ 2.28929, 6.37035 ], [ 2.29001, 6.36981 ], [ 2.29001, 6.36926 ], [ 2.28902, 6.36971 ], [ 2.28911, 6.36917 ], [ 2.28847, 6.36926 ], [ 2.28811, 6.36872 ], [ 2.28802, 6.36917 ], [ 2.28757, 6.36908 ], [ 2.28712, 6.36826 ], [ 2.28775, 6.36817 ], [ 2.28739, 6.36817 ], [ 2.28694, 6.36736 ], [ 2.28631, 6.36727 ], [ 2.28685, 6.3689 ], [ 2.28739, 6.36899 ], [ 2.28703, 6.36962 ], [ 2.28775, 6.36962 ], [ 2.28748, 6.36989 ], [ 2.28775, 6.37044 ], [ 2.28883, 6.36999 ] ] ], [ [ [ 2.28015, 6.37368 ], [ 2.27952, 6.37305 ], [ 2.27979, 6.37205 ], [ 2.27798, 6.37205 ], [ 2.2787, 6.37241 ], [ 2.2787, 6.37278 ], [ 2.2768, 6.37368 ], [ 2.28015, 6.37368 ] ] ], [ [ [ 2.27517, 6.37476 ], [ 2.27517, 6.37539 ], [ 2.2759, 6.37531 ], [ 2.27535, 6.37512 ], [ 2.27544, 6.37422 ], [ 2.2749, 6.37431 ], [ 2.27499, 6.37304 ], [ 2.27418, 6.37304 ], [ 2.27364, 6.3725 ], [ 2.2731, 6.37286 ], [ 2.27129, 6.37277 ], [ 2.27129, 6.37313 ], [ 2.27038, 6.37313 ], [ 2.2702, 6.37249 ], [ 2.26875, 6.37321 ], [ 2.27111, 6.3734 ], [ 2.27382, 6.37295 ], [ 2.27481, 6.3734 ], [ 2.27481, 6.37431 ], [ 2.27436, 6.37467 ], [ 2.27364, 6.37449 ], [ 2.27345, 6.37485 ], [ 2.27282, 6.37458 ], [ 2.27291, 6.37512 ], [ 2.27436, 6.37548 ], [ 2.27517, 6.37476 ] ] ], [ [ [ 2.28675, 6.37523 ], [ 2.28747, 6.37541 ], [ 2.28774, 6.37514 ], [ 2.28675, 6.37505 ], [ 2.2863, 6.37451 ], [ 2.28503, 6.37505 ], [ 2.2853, 6.37523 ], [ 2.28602, 6.37487 ], [ 2.28566, 6.37595 ], [ 2.28611, 6.37622 ], [ 2.28657, 6.37604 ], [ 2.28684, 6.37632 ], [ 2.28702, 6.37577 ], [ 2.28675, 6.37523 ] ] ], [ [ [ 2.29235, 6.37605 ], [ 2.29154, 6.37614 ], [ 2.29036, 6.37551 ], [ 2.28982, 6.3756 ], [ 2.28874, 6.37487 ], [ 2.2881, 6.37523 ], [ 2.28846, 6.37568 ], [ 2.28928, 6.37541 ], [ 2.291, 6.37614 ], [ 2.29109, 6.37714 ], [ 2.29172, 6.37759 ], [ 2.29235, 6.37605 ] ] ], [ [ [ 2.2682, 6.37946 ], [ 2.26784, 6.37991 ], [ 2.26712, 6.37945 ], [ 2.26739, 6.379 ], [ 2.26703, 6.37873 ], [ 2.26703, 6.37801 ], [ 2.26784, 6.37774 ], [ 2.26793, 6.37864 ], [ 2.26884, 6.379 ], [ 2.26965, 6.37774 ], [ 2.27001, 6.37801 ], [ 2.27047, 6.37783 ], [ 2.26992, 6.37738 ], [ 2.27011, 6.37593 ], [ 2.2711, 6.37602 ], [ 2.27237, 6.37783 ], [ 2.27327, 6.37711 ], [ 2.27345, 6.37774 ], [ 2.27408, 6.37811 ], [ 2.27481, 6.37757 ], [ 2.27481, 6.37612 ], [ 2.27354, 6.37648 ], [ 2.274, 6.37575 ], [ 2.27255, 6.37575 ], [ 2.27219, 6.37611 ], [ 2.27192, 6.37548 ], [ 2.27092, 6.37575 ], [ 2.27119, 6.37494 ], [ 2.27174, 6.37494 ], [ 2.27147, 6.37439 ], [ 2.27038, 6.37466 ], [ 2.27083, 6.37503 ], [ 2.27056, 6.3753 ], [ 2.26993, 6.37503 ], [ 2.26956, 6.37575 ], [ 2.26911, 6.37511 ], [ 2.2693, 6.37466 ], [ 2.26839, 6.37493 ], [ 2.26812, 6.37439 ], [ 2.26758, 6.37448 ], [ 2.26776, 6.37511 ], [ 2.26749, 6.37502 ], [ 2.26721, 6.37611 ], [ 2.26803, 6.37638 ], [ 2.26803, 6.37683 ], [ 2.26748, 6.37683 ], [ 2.26739, 6.37755 ], [ 2.26676, 6.37773 ], [ 2.26622, 6.37755 ], [ 2.2664, 6.37683 ], [ 2.26604, 6.37674 ], [ 2.26558, 6.37728 ], [ 2.26549, 6.379 ], [ 2.26513, 6.37909 ], [ 2.26477, 6.37873 ], [ 2.26459, 6.37882 ], [ 2.26558, 6.37954 ], [ 2.26667, 6.37936 ], [ 2.26721, 6.38054 ], [ 2.26838, 6.38063 ], [ 2.2682, 6.37946 ] ] ], [ [ [ 2.2786, 6.37875 ], [ 2.2786, 6.37829 ], [ 2.27734, 6.37784 ], [ 2.27788, 6.37694 ], [ 2.27662, 6.37712 ], [ 2.27635, 6.37648 ], [ 2.2758, 6.37666 ], [ 2.27553, 6.37585 ], [ 2.27517, 6.37594 ], [ 2.27499, 6.37784 ], [ 2.2758, 6.37784 ], [ 2.27589, 6.37829 ], [ 2.27499, 6.37883 ], [ 2.2758, 6.37929 ], [ 2.27616, 6.37911 ], [ 2.27589, 6.37856 ], [ 2.27616, 6.37838 ], [ 2.2777, 6.37974 ], [ 2.27806, 6.37956 ], [ 2.27797, 6.37902 ], [ 2.2786, 6.37875 ] ] ], [ [ [ 2.28774, 6.37795 ], [ 2.28837, 6.37786 ], [ 2.28828, 6.3774 ], [ 2.2872, 6.37722 ], [ 2.28702, 6.37776 ], [ 2.28656, 6.37785 ], [ 2.2871, 6.3784 ], [ 2.28674, 6.37894 ], [ 2.28728, 6.37921 ], [ 2.28783, 6.37867 ], [ 2.28774, 6.37795 ] ] ], [ [ [ 2.2776, 6.38264 ], [ 2.27779, 6.38173 ], [ 2.27688, 6.38191 ], [ 2.27634, 6.38101 ], [ 2.27516, 6.38137 ], [ 2.27525, 6.38227 ], [ 2.27607, 6.38336 ], [ 2.2776, 6.38264 ] ] ], [ [ [ 2.2804, 6.38698 ], [ 2.28067, 6.3859 ], [ 2.28022, 6.38544 ], [ 2.28031, 6.38508 ], [ 2.28122, 6.38508 ], [ 2.28185, 6.38436 ], [ 2.28149, 6.38409 ], [ 2.28194, 6.38364 ], [ 2.28158, 6.38156 ], [ 2.28213, 6.38174 ], [ 2.28204, 6.38128 ], [ 2.28321, 6.3812 ], [ 2.2833, 6.38092 ], [ 2.28375, 6.38129 ], [ 2.28366, 6.38074 ], [ 2.28466, 6.3812 ], [ 2.28475, 6.38056 ], [ 2.28565, 6.38038 ], [ 2.28593, 6.37966 ], [ 2.28511, 6.38011 ], [ 2.28548, 6.37921 ], [ 2.28466, 6.37948 ], [ 2.28439, 6.37912 ], [ 2.28511, 6.37867 ], [ 2.28602, 6.37867 ], [ 2.28602, 6.3783 ], [ 2.28475, 6.37839 ], [ 2.28367, 6.37948 ], [ 2.28376, 6.37993 ], [ 2.28466, 6.3802 ], [ 2.28457, 6.38056 ], [ 2.28358, 6.38038 ], [ 2.28285, 6.38083 ], [ 2.28249, 6.38038 ], [ 2.28213, 6.38092 ], [ 2.28077, 6.38128 ], [ 2.28059, 6.3821 ], [ 2.28086, 6.38255 ], [ 2.28041, 6.38309 ], [ 2.28122, 6.383 ], [ 2.2814, 6.38346 ], [ 2.28086, 6.38364 ], [ 2.28031, 6.38463 ], [ 2.27968, 6.38481 ], [ 2.27959, 6.3859 ], [ 2.27905, 6.3858 ], [ 2.27859, 6.38617 ], [ 2.27914, 6.38635 ], [ 2.27868, 6.38716 ], [ 2.2804, 6.38698 ] ] ], [ [ [ 2.2909, 6.38256 ], [ 2.29026, 6.38238 ], [ 2.28981, 6.38265 ], [ 2.289, 6.38184 ], [ 2.28855, 6.38193 ], [ 2.28918, 6.38319 ], [ 2.2899, 6.38329 ], [ 2.29008, 6.38383 ], [ 2.2909, 6.38256 ] ] ], [ [ [ 2.29198, 6.38636 ], [ 2.29198, 6.38609 ], [ 2.29125, 6.38591 ], [ 2.29117, 6.38474 ], [ 2.29162, 6.38437 ], [ 2.29117, 6.38365 ], [ 2.28999, 6.38491 ], [ 2.29017, 6.386 ], [ 2.2899, 6.38609 ], [ 2.28945, 6.38537 ], [ 2.28926, 6.38573 ], [ 2.28954, 6.386 ], [ 2.2889, 6.38627 ], [ 2.29198, 6.38636 ] ] ], [ [ [ 2.27733, 6.38589 ], [ 2.27679, 6.38481 ], [ 2.27488, 6.38679 ], [ 2.27624, 6.38698 ], [ 2.27733, 6.38589 ] ] ], [ [ [ 2.28239, 6.38789 ], [ 2.28212, 6.38717 ], [ 2.28112, 6.38762 ], [ 2.28049, 6.38734 ], [ 2.27941, 6.38761 ], [ 2.27986, 6.38834 ], [ 2.28022, 6.38771 ], [ 2.28076, 6.38816 ], [ 2.28167, 6.38771 ], [ 2.28185, 6.38807 ], [ 2.28094, 6.38825 ], [ 2.28094, 6.38861 ], [ 2.28121, 6.38897 ], [ 2.28239, 6.38789 ] ] ], [ [ [ 2.2898, 6.3888 ], [ 2.29044, 6.38917 ], [ 2.29071, 6.38872 ], [ 2.28917, 6.38844 ], [ 2.28944, 6.38754 ], [ 2.2899, 6.38745 ], [ 2.2908, 6.38808 ], [ 2.29107, 6.38908 ], [ 2.29053, 6.38935 ], [ 2.29098, 6.38962 ], [ 2.29116, 6.38908 ], [ 2.29161, 6.38908 ], [ 2.2917, 6.38989 ], [ 2.29179, 6.38917 ], [ 2.29215, 6.38908 ], [ 2.29188, 6.38854 ], [ 2.29252, 6.38808 ], [ 2.29225, 6.38754 ], [ 2.29297, 6.38745 ], [ 2.29315, 6.387 ], [ 2.29198, 6.38682 ], [ 2.29197, 6.38781 ], [ 2.2917, 6.3879 ], [ 2.29125, 6.38727 ], [ 2.29143, 6.38691 ], [ 2.29062, 6.38727 ], [ 2.28953, 6.3869 ], [ 2.28863, 6.38772 ], [ 2.28818, 6.38735 ], [ 2.28899, 6.38717 ], [ 2.28881, 6.3869 ], [ 2.287, 6.38726 ], [ 2.28718, 6.38907 ], [ 2.28745, 6.38898 ], [ 2.28754, 6.38763 ], [ 2.28791, 6.38754 ], [ 2.28808, 6.38953 ], [ 2.28881, 6.39007 ], [ 2.2898, 6.3888 ] ] ], [ [ [ 2.27397, 6.39493 ], [ 2.27442, 6.39385 ], [ 2.27578, 6.39322 ], [ 2.27596, 6.39231 ], [ 2.27659, 6.39295 ], [ 2.2775, 6.39241 ], [ 2.27768, 6.39313 ], [ 2.27813, 6.39268 ], [ 2.27922, 6.39277 ], [ 2.27967, 6.39196 ], [ 2.27895, 6.3915 ], [ 2.27931, 6.39159 ], [ 2.27958, 6.39069 ], [ 2.28031, 6.39042 ], [ 2.28022, 6.3897 ], [ 2.27958, 6.38997 ], [ 2.27931, 6.3896 ], [ 2.27913, 6.39006 ], [ 2.27949, 6.39024 ], [ 2.27904, 6.39024 ], [ 2.27895, 6.39141 ], [ 2.2785, 6.39132 ], [ 2.27831, 6.39186 ], [ 2.27741, 6.39141 ], [ 2.27759, 6.39078 ], [ 2.27687, 6.39087 ], [ 2.27642, 6.3905 ], [ 2.27614, 6.39096 ], [ 2.27587, 6.39068 ], [ 2.27551, 6.39087 ], [ 2.27515, 6.3915 ], [ 2.27551, 6.39277 ], [ 2.27415, 6.39394 ], [ 2.27361, 6.39394 ], [ 2.27361, 6.39448 ], [ 2.27288, 6.39448 ], [ 2.27234, 6.39502 ], [ 2.27397, 6.39493 ] ] ], [ [ [ 2.28128, 6.40227 ], [ 2.28056, 6.402 ], [ 2.28056, 6.40155 ], [ 2.28192, 6.40083 ], [ 2.28174, 6.40037 ], [ 2.28201, 6.4001 ], [ 2.28355, 6.40101 ], [ 2.28346, 6.40056 ], [ 2.28219, 6.39965 ], [ 2.28228, 6.39929 ], [ 2.28292, 6.39947 ], [ 2.28346, 6.39902 ], [ 2.285, 6.39929 ], [ 2.28626, 6.39884 ], [ 2.2868, 6.39957 ], [ 2.28771, 6.3993 ], [ 2.28825, 6.39984 ], [ 2.2887, 6.39875 ], [ 2.28699, 6.39893 ], [ 2.28509, 6.39857 ], [ 2.28328, 6.39748 ], [ 2.28319, 6.39648 ], [ 2.28138, 6.39766 ], [ 2.2812, 6.3982 ], [ 2.2802, 6.39784 ], [ 2.27921, 6.39928 ], [ 2.2793, 6.40028 ], [ 2.27984, 6.40037 ], [ 2.28002, 6.40082 ], [ 2.27939, 6.40055 ], [ 2.27911, 6.40146 ], [ 2.27966, 6.40164 ], [ 2.28011, 6.40137 ], [ 2.2802, 6.40191 ], [ 2.27984, 6.40236 ], [ 2.27947, 6.40236 ], [ 2.27948, 6.402 ], [ 2.2792, 6.40227 ], [ 2.27956, 6.40317 ], [ 2.28056, 6.40336 ], [ 2.28128, 6.40227 ] ] ], [ [ [ 2.28652, 6.40816 ], [ 2.28616, 6.40744 ], [ 2.28517, 6.40725 ], [ 2.28471, 6.40843 ], [ 2.28544, 6.40834 ], [ 2.28552, 6.40924 ], [ 2.28589, 6.40943 ], [ 2.28643, 6.40897 ], [ 2.28652, 6.40816 ] ] ], [ [ [ 2.2894, 6.41549 ], [ 2.2885, 6.41495 ], [ 2.28877, 6.41441 ], [ 2.28796, 6.4144 ], [ 2.28733, 6.41341 ], [ 2.28742, 6.41268 ], [ 2.2867, 6.4125 ], [ 2.2867, 6.41205 ], [ 2.28697, 6.41232 ], [ 2.28769, 6.41187 ], [ 2.28688, 6.41178 ], [ 2.28688, 6.41133 ], [ 2.28615, 6.41124 ], [ 2.28616, 6.41024 ], [ 2.28561, 6.41015 ], [ 2.28525, 6.40888 ], [ 2.28426, 6.4087 ], [ 2.28363, 6.40807 ], [ 2.28381, 6.40644 ], [ 2.28282, 6.40653 ], [ 2.28236, 6.40616 ], [ 2.28372, 6.40517 ], [ 2.283, 6.40499 ], [ 2.28227, 6.40535 ], [ 2.28128, 6.40345 ], [ 2.28065, 6.40345 ], [ 2.28236, 6.40644 ], [ 2.28218, 6.40698 ], [ 2.28299, 6.40734 ], [ 2.28299, 6.40852 ], [ 2.28344, 6.40897 ], [ 2.28408, 6.40888 ], [ 2.28399, 6.40942 ], [ 2.28435, 6.40988 ], [ 2.2848, 6.4097 ], [ 2.28489, 6.41051 ], [ 2.28534, 6.41033 ], [ 2.28705, 6.41431 ], [ 2.28814, 6.41486 ], [ 2.28913, 6.41594 ], [ 2.28886, 6.41649 ], [ 2.28913, 6.41712 ], [ 2.28949, 6.4173 ], [ 2.29004, 6.41694 ], [ 2.2894, 6.41549 ] ] ], [ [ [ 2.26589, 6.41953 ], [ 2.26589, 6.41799 ], [ 2.26661, 6.41691 ], [ 2.26706, 6.41691 ], [ 2.26688, 6.41655 ], [ 2.26815, 6.41483 ], [ 2.26815, 6.41383 ], [ 2.2687, 6.41338 ], [ 2.26915, 6.41221 ], [ 2.26879, 6.41067 ], [ 2.26934, 6.41022 ], [ 2.26934, 6.40922 ], [ 2.26898, 6.40868 ], [ 2.27006, 6.4075 ], [ 2.26925, 6.40786 ], [ 2.26943, 6.40687 ], [ 2.26988, 6.40624 ], [ 2.27024, 6.40651 ], [ 2.26997, 6.40597 ], [ 2.27061, 6.40497 ], [ 2.27043, 6.40461 ], [ 2.27151, 6.40416 ], [ 2.27142, 6.40343 ], [ 2.27188, 6.40344 ], [ 2.27242, 6.40262 ], [ 2.27206, 6.40226 ], [ 2.27016, 6.40407 ], [ 2.26998, 6.4047 ], [ 2.26916, 6.40488 ], [ 2.26979, 6.40597 ], [ 2.2688, 6.40605 ], [ 2.26835, 6.40651 ], [ 2.26853, 6.40732 ], [ 2.26807, 6.40759 ], [ 2.26861, 6.40832 ], [ 2.26816, 6.40868 ], [ 2.26807, 6.40994 ], [ 2.26879, 6.41166 ], [ 2.26843, 6.41184 ], [ 2.26843, 6.41257 ], [ 2.2677, 6.41257 ], [ 2.26698, 6.4132 ], [ 2.26716, 6.41356 ], [ 2.2677, 6.41356 ], [ 2.2677, 6.41474 ], [ 2.26716, 6.41564 ], [ 2.26625, 6.41555 ], [ 2.26652, 6.41627 ], [ 2.26625, 6.417 ], [ 2.26562, 6.417 ], [ 2.26553, 6.41609 ], [ 2.26499, 6.41645 ], [ 2.26498, 6.417 ], [ 2.26562, 6.41772 ], [ 2.26562, 6.41872 ], [ 2.26498, 6.41917 ], [ 2.26489, 6.42016 ], [ 2.26534, 6.42016 ], [ 2.26589, 6.41953 ] ] ], [ [ [ 2.28115, 6.43186 ], [ 2.28142, 6.4314 ], [ 2.28197, 6.4314 ], [ 2.28206, 6.43086 ], [ 2.28151, 6.43113 ], [ 2.2807, 6.43005 ], [ 2.28088, 6.42986 ], [ 2.27962, 6.42968 ], [ 2.2807, 6.4305 ], [ 2.27952, 6.43113 ], [ 2.27971, 6.43167 ], [ 2.27943, 6.43212 ], [ 2.28043, 6.43231 ], [ 2.28043, 6.43131 ], [ 2.28115, 6.43186 ] ] ], [ [ [ 2.27138, 6.43211 ], [ 2.27102, 6.43193 ], [ 2.27129, 6.43139 ], [ 2.27093, 6.43085 ], [ 2.27139, 6.42985 ], [ 2.27103, 6.42913 ], [ 2.27094, 6.42985 ], [ 2.27039, 6.43021 ], [ 2.27075, 6.43148 ], [ 2.27003, 6.43193 ], [ 2.26976, 6.43256 ], [ 2.26958, 6.43202 ], [ 2.2693, 6.43211 ], [ 2.2693, 6.43301 ], [ 2.26849, 6.43401 ], [ 2.26912, 6.43392 ], [ 2.26939, 6.4332 ], [ 2.27021, 6.43274 ], [ 2.27057, 6.43329 ], [ 2.27057, 6.43455 ], [ 2.27002, 6.43501 ], [ 2.27102, 6.43555 ], [ 2.27129, 6.4351 ], [ 2.27138, 6.43211 ] ] ], [ [ [ 2.27101, 6.4398 ], [ 2.27029, 6.4398 ], [ 2.27029, 6.43953 ], [ 2.27092, 6.43917 ], [ 2.27101, 6.43863 ], [ 2.2702, 6.43862 ], [ 2.26975, 6.43772 ], [ 2.26857, 6.4379 ], [ 2.26929, 6.44061 ], [ 2.27001, 6.44116 ], [ 2.27074, 6.44116 ], [ 2.27101, 6.4398 ] ] ], [ [ [ 2.26857, 6.43917 ], [ 2.2673, 6.43925 ], [ 2.26766, 6.44025 ], [ 2.2673, 6.44025 ], [ 2.26721, 6.4407 ], [ 2.26857, 6.44079 ], [ 2.26857, 6.43917 ] ] ], [ [ [ 2.27074, 6.44315 ], [ 2.2701, 6.44224 ], [ 2.27074, 6.44233 ], [ 2.27083, 6.44188 ], [ 2.27056, 6.44152 ], [ 2.26974, 6.44161 ], [ 2.26902, 6.44278 ], [ 2.26965, 6.44324 ], [ 2.26965, 6.44378 ], [ 2.27019, 6.44387 ], [ 2.27019, 6.4446 ], [ 2.27074, 6.44315 ] ] ], [ [ [ 2.29144, 6.44562 ], [ 2.29108, 6.44463 ], [ 2.29135, 6.44408 ], [ 2.29099, 6.44435 ], [ 2.29036, 6.44309 ], [ 2.28991, 6.44309 ], [ 2.28982, 6.4448 ], [ 2.28927, 6.44517 ], [ 2.28927, 6.44589 ], [ 2.28954, 6.44607 ], [ 2.29, 6.44571 ], [ 2.29027, 6.44598 ], [ 2.29036, 6.44553 ], [ 2.29072, 6.44553 ], [ 2.29036, 6.44634 ], [ 2.29108, 6.44662 ], [ 2.29099, 6.44598 ], [ 2.29144, 6.44562 ] ] ], [ [ [ 2.26946, 6.44604 ], [ 2.26947, 6.4455 ], [ 2.26901, 6.44532 ], [ 2.26892, 6.4445 ], [ 2.26938, 6.44405 ], [ 2.26902, 6.44378 ], [ 2.26883, 6.44441 ], [ 2.26847, 6.4445 ], [ 2.26865, 6.44595 ], [ 2.26838, 6.44622 ], [ 2.26892, 6.44649 ], [ 2.26919, 6.44595 ], [ 2.26946, 6.44686 ], [ 2.27001, 6.44622 ], [ 2.26946, 6.44604 ] ] ], [ [ [ 2.28981, 6.44888 ], [ 2.28963, 6.44833 ], [ 2.28999, 6.4486 ], [ 2.29044, 6.44842 ], [ 2.29008, 6.44761 ], [ 2.28945, 6.44797 ], [ 2.28818, 6.44761 ], [ 2.28809, 6.44824 ], [ 2.289, 6.44842 ], [ 2.289, 6.44951 ], [ 2.28981, 6.44888 ] ] ], [ [ [ 2.28863, 6.4486 ], [ 2.28809, 6.4486 ], [ 2.28809, 6.44833 ], [ 2.28782, 6.44878 ], [ 2.28592, 6.44887 ], [ 2.28628, 6.44968 ], [ 2.28592, 6.44996 ], [ 2.2861, 6.45014 ], [ 2.28637, 6.44987 ], [ 2.28719, 6.45023 ], [ 2.28854, 6.45014 ], [ 2.28863, 6.4486 ] ] ], [ [ [ 2.27461, 6.45492 ], [ 2.27443, 6.45428 ], [ 2.27407, 6.45419 ], [ 2.27397, 6.45464 ], [ 2.27352, 6.4541 ], [ 2.27298, 6.45446 ], [ 2.27271, 6.45383 ], [ 2.27208, 6.45365 ], [ 2.27235, 6.45319 ], [ 2.27262, 6.45374 ], [ 2.27452, 6.45374 ], [ 2.27452, 6.45283 ], [ 2.27334, 6.45247 ], [ 2.27335, 6.45193 ], [ 2.2738, 6.45166 ], [ 2.27326, 6.45148 ], [ 2.27308, 6.45093 ], [ 2.27289, 6.45175 ], [ 2.27226, 6.45193 ], [ 2.27154, 6.45147 ], [ 2.27136, 6.45084 ], [ 2.27199, 6.45102 ], [ 2.27199, 6.45066 ], [ 2.27244, 6.45066 ], [ 2.27289, 6.45093 ], [ 2.2728, 6.45057 ], [ 2.27335, 6.45039 ], [ 2.27281, 6.45003 ], [ 2.27281, 6.44948 ], [ 2.27308, 6.44949 ], [ 2.27371, 6.45003 ], [ 2.27344, 6.45093 ], [ 2.27461, 6.45121 ], [ 2.27416, 6.45075 ], [ 2.27416, 6.45012 ], [ 2.2738, 6.45003 ], [ 2.2738, 6.44921 ], [ 2.27425, 6.44912 ], [ 2.27416, 6.44822 ], [ 2.27498, 6.44786 ], [ 2.27507, 6.44741 ], [ 2.2757, 6.44786 ], [ 2.2757, 6.44895 ], [ 2.27633, 6.44913 ], [ 2.27543, 6.4503 ], [ 2.27498, 6.45039 ], [ 2.27515, 6.45157 ], [ 2.2757, 6.45121 ], [ 2.27606, 6.45139 ], [ 2.27615, 6.45094 ], [ 2.27597, 6.45067 ], [ 2.27561, 6.45085 ], [ 2.27561, 6.4503 ], [ 2.27651, 6.45067 ], [ 2.27715, 6.45021 ], [ 2.27706, 6.44976 ], [ 2.27769, 6.44994 ], [ 2.27769, 6.44958 ], [ 2.27715, 6.44949 ], [ 2.27769, 6.44895 ], [ 2.2785, 6.44985 ], [ 2.27832, 6.44886 ], [ 2.27905, 6.44868 ], [ 2.27814, 6.44832 ], [ 2.27941, 6.44759 ], [ 2.27923, 6.44705 ], [ 2.27968, 6.44651 ], [ 2.27941, 6.44588 ], [ 2.27833, 6.44633 ], [ 2.27833, 6.44569 ], [ 2.27887, 6.44506 ], [ 2.2786, 6.4447 ], [ 2.27788, 6.44533 ], [ 2.27787, 6.44759 ], [ 2.27733, 6.44732 ], [ 2.27733, 6.44768 ], [ 2.27634, 6.44714 ], [ 2.27643, 6.44678 ], [ 2.27733, 6.44714 ], [ 2.27742, 6.44642 ], [ 2.27706, 6.44641 ], [ 2.27733, 6.44515 ], [ 2.2767, 6.4456 ], [ 2.27607, 6.44542 ], [ 2.27598, 6.44659 ], [ 2.27552, 6.44641 ], [ 2.27571, 6.44596 ], [ 2.27543, 6.44569 ], [ 2.27525, 6.44596 ], [ 2.27435, 6.44578 ], [ 2.27408, 6.44533 ], [ 2.27435, 6.44533 ], [ 2.27444, 6.4446 ], [ 2.27336, 6.4446 ], [ 2.27299, 6.44496 ], [ 2.27272, 6.44641 ], [ 2.27154, 6.44623 ], [ 2.27146, 6.44568 ], [ 2.27073, 6.44568 ], [ 2.27082, 6.44523 ], [ 2.27037, 6.44523 ], [ 2.27073, 6.44613 ], [ 2.27136, 6.44614 ], [ 2.27109, 6.44668 ], [ 2.27163, 6.44704 ], [ 2.27118, 6.44813 ], [ 2.27181, 6.44804 ], [ 2.27136, 6.44794 ], [ 2.27181, 6.44731 ], [ 2.27272, 6.44768 ], [ 2.27236, 6.44695 ], [ 2.27435, 6.44713 ], [ 2.27371, 6.44795 ], [ 2.27326, 6.44786 ], [ 2.27353, 6.44831 ], [ 2.27407, 6.44822 ], [ 2.27371, 6.44894 ], [ 2.27263, 6.44813 ], [ 2.27227, 6.44831 ], [ 2.27254, 6.44921 ], [ 2.2719, 6.44921 ], [ 2.27199, 6.44867 ], [ 2.27163, 6.44858 ], [ 2.27063, 6.45111 ], [ 2.2709, 6.45165 ], [ 2.27172, 6.45193 ], [ 2.27108, 6.4541 ], [ 2.27199, 6.45374 ], [ 2.27189, 6.45446 ], [ 2.27253, 6.45428 ], [ 2.27253, 6.45473 ], [ 2.27352, 6.455 ], [ 2.27461, 6.45492 ] ] ], [ [ [ 2.26946, 6.45093 ], [ 2.26991, 6.45048 ], [ 2.26982, 6.44948 ], [ 2.26928, 6.4493 ], [ 2.26919, 6.44984 ], [ 2.26856, 6.44948 ], [ 2.2691, 6.45002 ], [ 2.26837, 6.45038 ], [ 2.26837, 6.45084 ], [ 2.26901, 6.45056 ], [ 2.26973, 6.45147 ], [ 2.26955, 6.45201 ], [ 2.27018, 6.45265 ], [ 2.27054, 6.45174 ], [ 2.26946, 6.45093 ] ] ], [ [ [ 2.26964, 6.45292 ], [ 2.26946, 6.45237 ], [ 2.26837, 6.45201 ], [ 2.26792, 6.45093 ], [ 2.26647, 6.4511 ], [ 2.26638, 6.45065 ], [ 2.26693, 6.45074 ], [ 2.26729, 6.45029 ], [ 2.2662, 6.45038 ], [ 2.26566, 6.45228 ], [ 2.26593, 6.45237 ], [ 2.2662, 6.45147 ], [ 2.26711, 6.45165 ], [ 2.26801, 6.45373 ], [ 2.26846, 6.454 ], [ 2.26927, 6.45364 ], [ 2.26964, 6.45292 ] ] ], [ [ [ 2.29676, 6.45947 ], [ 2.29649, 6.45875 ], [ 2.29703, 6.45857 ], [ 2.29622, 6.45829 ], [ 2.29577, 6.45694 ], [ 2.29541, 6.45693 ], [ 2.29559, 6.45766 ], [ 2.29459, 6.45702 ], [ 2.29378, 6.4572 ], [ 2.29369, 6.45648 ], [ 2.29224, 6.45594 ], [ 2.29306, 6.45585 ], [ 2.29297, 6.45539 ], [ 2.29342, 6.45594 ], [ 2.29378, 6.45585 ], [ 2.29405, 6.45458 ], [ 2.29514, 6.45467 ], [ 2.29523, 6.45404 ], [ 2.2946, 6.45404 ], [ 2.29514, 6.4535 ], [ 2.29442, 6.45259 ], [ 2.2946, 6.45223 ], [ 2.29541, 6.45277 ], [ 2.29659, 6.45287 ], [ 2.2974, 6.45187 ], [ 2.29704, 6.4516 ], [ 2.29722, 6.45079 ], [ 2.29668, 6.45042 ], [ 2.2965, 6.44961 ], [ 2.29596, 6.45069 ], [ 2.29451, 6.45105 ], [ 2.29361, 6.45087 ], [ 2.29361, 6.45132 ], [ 2.29424, 6.4516 ], [ 2.29369, 6.45232 ], [ 2.29369, 6.45322 ], [ 2.29315, 6.4525 ], [ 2.29333, 6.45196 ], [ 2.2927, 6.45168 ], [ 2.29279, 6.45286 ], [ 2.29297, 6.45331 ], [ 2.29333, 6.45304 ], [ 2.29342, 6.45349 ], [ 2.29252, 6.45494 ], [ 2.29224, 6.45485 ], [ 2.2927, 6.45376 ], [ 2.29243, 6.45322 ], [ 2.29107, 6.4534 ], [ 2.29071, 6.45268 ], [ 2.29026, 6.45277 ], [ 2.29044, 6.45331 ], [ 2.2898, 6.45331 ], [ 2.28944, 6.45376 ], [ 2.28854, 6.45358 ], [ 2.28817, 6.45421 ], [ 2.28718, 6.45403 ], [ 2.28745, 6.45321 ], [ 2.28655, 6.45249 ], [ 2.28646, 6.45195 ], [ 2.28673, 6.45077 ], [ 2.28628, 6.4505 ], [ 2.28556, 6.45068 ], [ 2.28547, 6.45041 ], [ 2.28501, 6.45059 ], [ 2.28483, 6.45149 ], [ 2.28411, 6.45185 ], [ 2.28384, 6.45294 ], [ 2.28212, 6.45294 ], [ 2.28203, 6.45375 ], [ 2.28076, 6.45447 ], [ 2.28058, 6.45492 ], [ 2.28022, 6.45483 ], [ 2.28022, 6.45411 ], [ 2.28067, 6.45366 ], [ 2.27995, 6.45384 ], [ 2.28003, 6.45492 ], [ 2.2804, 6.4551 ], [ 2.28067, 6.45628 ], [ 2.28139, 6.45556 ], [ 2.2841, 6.45583 ], [ 2.28446, 6.45547 ], [ 2.28419, 6.45638 ], [ 2.28464, 6.45656 ], [ 2.285, 6.45773 ], [ 2.28573, 6.45783 ], [ 2.28663, 6.45855 ], [ 2.28726, 6.45837 ], [ 2.28754, 6.45882 ], [ 2.28817, 6.45892 ], [ 2.28844, 6.45837 ], [ 2.2888, 6.45837 ], [ 2.28898, 6.45892 ], [ 2.2907, 6.45937 ], [ 2.29052, 6.45856 ], [ 2.29106, 6.45856 ], [ 2.29115, 6.45765 ], [ 2.29161, 6.45874 ], [ 2.29242, 6.45892 ], [ 2.2926, 6.45829 ], [ 2.29305, 6.45847 ], [ 2.29287, 6.45965 ], [ 2.29341, 6.45956 ], [ 2.29323, 6.45892 ], [ 2.29396, 6.45874 ], [ 2.29323, 6.45847 ], [ 2.29323, 6.45802 ], [ 2.2945, 6.45811 ], [ 2.29432, 6.45892 ], [ 2.29378, 6.45892 ], [ 2.29368, 6.46001 ], [ 2.29441, 6.45983 ], [ 2.29468, 6.45892 ], [ 2.29558, 6.4601 ], [ 2.29594, 6.4601 ], [ 2.29622, 6.45947 ], [ 2.29676, 6.45947 ] ] ], [ [ [ 2.28247, 6.45809 ], [ 2.28319, 6.45837 ], [ 2.28329, 6.45791 ], [ 2.28247, 6.45737 ], [ 2.28175, 6.45773 ], [ 2.28112, 6.4571 ], [ 2.28084, 6.45782 ], [ 2.28102, 6.45863 ], [ 2.28157, 6.45882 ], [ 2.28247, 6.45809 ] ] ], [ [ [ 2.27541, 6.45944 ], [ 2.27469, 6.45881 ], [ 2.2746, 6.45817 ], [ 2.27542, 6.457 ], [ 2.27488, 6.45663 ], [ 2.27334, 6.45654 ], [ 2.27334, 6.45799 ], [ 2.27288, 6.45826 ], [ 2.27243, 6.45717 ], [ 2.27307, 6.45681 ], [ 2.2728, 6.45654 ], [ 2.27298, 6.45618 ], [ 2.27343, 6.45627 ], [ 2.27397, 6.45573 ], [ 2.27235, 6.45527 ], [ 2.27162, 6.45554 ], [ 2.27162, 6.45654 ], [ 2.27225, 6.45708 ], [ 2.27198, 6.45826 ], [ 2.27243, 6.45844 ], [ 2.27297, 6.45953 ], [ 2.27379, 6.45917 ], [ 2.27315, 6.46043 ], [ 2.27369, 6.46052 ], [ 2.27388, 6.46098 ], [ 2.27451, 6.46098 ], [ 2.27487, 6.46071 ], [ 2.27487, 6.46007 ], [ 2.27541, 6.45944 ] ] ], [ [ [ 2.26917, 6.46043 ], [ 2.26954, 6.45979 ], [ 2.27035, 6.46079 ], [ 2.27134, 6.45971 ], [ 2.27008, 6.45952 ], [ 2.26981, 6.45979 ], [ 2.26981, 6.45943 ], [ 2.26845, 6.4597 ], [ 2.26836, 6.45907 ], [ 2.2689, 6.45853 ], [ 2.26954, 6.45853 ], [ 2.26972, 6.45889 ], [ 2.27062, 6.45871 ], [ 2.26963, 6.45771 ], [ 2.26918, 6.45771 ], [ 2.26909, 6.45835 ], [ 2.26773, 6.45907 ], [ 2.26782, 6.45961 ], [ 2.26737, 6.45952 ], [ 2.26709, 6.45961 ], [ 2.26736, 6.46015 ], [ 2.26809, 6.46024 ], [ 2.26818, 6.46178 ], [ 2.26935, 6.46151 ], [ 2.26971, 6.46224 ], [ 2.26981, 6.46088 ], [ 2.26917, 6.46043 ] ] ], [ [ [ 2.28717, 6.46154 ], [ 2.28762, 6.46154 ], [ 2.28789, 6.46217 ], [ 2.28834, 6.46208 ], [ 2.28826, 6.46118 ], [ 2.28789, 6.461 ], [ 2.2879, 6.45991 ], [ 2.28835, 6.45964 ], [ 2.2879, 6.45919 ], [ 2.28735, 6.45928 ], [ 2.28654, 6.45882 ], [ 2.28645, 6.46036 ], [ 2.28744, 6.46 ], [ 2.28699, 6.4609 ], [ 2.28699, 6.46217 ], [ 2.28771, 6.46208 ], [ 2.28717, 6.46154 ] ] ], [ [ [ 2.27576, 6.46822 ], [ 2.27622, 6.46804 ], [ 2.27622, 6.46767 ], [ 2.27558, 6.46767 ], [ 2.27577, 6.46713 ], [ 2.2764, 6.46731 ], [ 2.27631, 6.46686 ], [ 2.27577, 6.46686 ], [ 2.27631, 6.46541 ], [ 2.27604, 6.46523 ], [ 2.27722, 6.46532 ], [ 2.27739, 6.46668 ], [ 2.27794, 6.46686 ], [ 2.2783, 6.46641 ], [ 2.27794, 6.46632 ], [ 2.27776, 6.46541 ], [ 2.27839, 6.4656 ], [ 2.27848, 6.46614 ], [ 2.27884, 6.46596 ], [ 2.2783, 6.46551 ], [ 2.27839, 6.46478 ], [ 2.27667, 6.46505 ], [ 2.27622, 6.4646 ], [ 2.27586, 6.46523 ], [ 2.2745, 6.46532 ], [ 2.2736, 6.46704 ], [ 2.27323, 6.46695 ], [ 2.27323, 6.46613 ], [ 2.27278, 6.46577 ], [ 2.27315, 6.46486 ], [ 2.27233, 6.46486 ], [ 2.27233, 6.46514 ], [ 2.27179, 6.46486 ], [ 2.27125, 6.46522 ], [ 2.27179, 6.46568 ], [ 2.27215, 6.46523 ], [ 2.27251, 6.46532 ], [ 2.27215, 6.46586 ], [ 2.27323, 6.46704 ], [ 2.27314, 6.46749 ], [ 2.27251, 6.46767 ], [ 2.27251, 6.46803 ], [ 2.27296, 6.46812 ], [ 2.27278, 6.46839 ], [ 2.27332, 6.46857 ], [ 2.27341, 6.46767 ], [ 2.27387, 6.46713 ], [ 2.27459, 6.46704 ], [ 2.27459, 6.46767 ], [ 2.27396, 6.46767 ], [ 2.27396, 6.46794 ], [ 2.27441, 6.46785 ], [ 2.27468, 6.46894 ], [ 2.27585, 6.46849 ], [ 2.27576, 6.46912 ], [ 2.27603, 6.46912 ], [ 2.27631, 6.46858 ], [ 2.27576, 6.46822 ] ] ], [ [ [ 2.27061, 6.4664 ], [ 2.27052, 6.46703 ], [ 2.26998, 6.46748 ], [ 2.26971, 6.46667 ], [ 2.26925, 6.46667 ], [ 2.26898, 6.46622 ], [ 2.26853, 6.4664 ], [ 2.26898, 6.46748 ], [ 2.26952, 6.46721 ], [ 2.27025, 6.46803 ], [ 2.27097, 6.46739 ], [ 2.27061, 6.4664 ] ] ], [ [ [ 2.26925, 6.4702 ], [ 2.26862, 6.46938 ], [ 2.2678, 6.46947 ], [ 2.26771, 6.46911 ], [ 2.26708, 6.46938 ], [ 2.26699, 6.46911 ], [ 2.26744, 6.46848 ], [ 2.26844, 6.46875 ], [ 2.26871, 6.46802 ], [ 2.2679, 6.46811 ], [ 2.26744, 6.46748 ], [ 2.26772, 6.46703 ], [ 2.26717, 6.46648 ], [ 2.26681, 6.46648 ], [ 2.26681, 6.46667 ], [ 2.26726, 6.46667 ], [ 2.26735, 6.46739 ], [ 2.26645, 6.46712 ], [ 2.26618, 6.46838 ], [ 2.26554, 6.46775 ], [ 2.26491, 6.46865 ], [ 2.26355, 6.46956 ], [ 2.26391, 6.46983 ], [ 2.26446, 6.46938 ], [ 2.26518, 6.46947 ], [ 2.26491, 6.46883 ], [ 2.26609, 6.46929 ], [ 2.26663, 6.46866 ], [ 2.26681, 6.46992 ], [ 2.26572, 6.46992 ], [ 2.26599, 6.47046 ], [ 2.26681, 6.47028 ], [ 2.26717, 6.47101 ], [ 2.26925, 6.4702 ] ] ], [ [ [ 2.27522, 6.47138 ], [ 2.27486, 6.47075 ], [ 2.2744, 6.47066 ], [ 2.27468, 6.46993 ], [ 2.27594, 6.47039 ], [ 2.27603, 6.47102 ], [ 2.27639, 6.47066 ], [ 2.2773, 6.47066 ], [ 2.27712, 6.46985 ], [ 2.27658, 6.47003 ], [ 2.27631, 6.4693 ], [ 2.27513, 6.46984 ], [ 2.27522, 6.46903 ], [ 2.27359, 6.4693 ], [ 2.2735, 6.46993 ], [ 2.2744, 6.47084 ], [ 2.27368, 6.47111 ], [ 2.27305, 6.47038 ], [ 2.27314, 6.47093 ], [ 2.27259, 6.47111 ], [ 2.27259, 6.47156 ], [ 2.27377, 6.47183 ], [ 2.27413, 6.47129 ], [ 2.27522, 6.47138 ] ] ], [ [ [ 2.26934, 6.47146 ], [ 2.2688, 6.47164 ], [ 2.26934, 6.4711 ], [ 2.26907, 6.47065 ], [ 2.26816, 6.47155 ], [ 2.26744, 6.47137 ], [ 2.2678, 6.472 ], [ 2.2687, 6.47173 ], [ 2.26834, 6.47219 ], [ 2.26852, 6.47255 ], [ 2.26925, 6.47201 ], [ 2.26934, 6.47146 ] ] ], [ [ [ 2.27775, 6.47265 ], [ 2.27712, 6.47202 ], [ 2.27666, 6.47202 ], [ 2.27675, 6.47238 ], [ 2.27612, 6.47274 ], [ 2.27603, 6.47337 ], [ 2.27621, 6.47283 ], [ 2.27657, 6.47292 ], [ 2.27648, 6.47346 ], [ 2.27729, 6.47392 ], [ 2.27756, 6.47455 ], [ 2.27802, 6.47437 ], [ 2.27775, 6.47265 ] ] ], [ [ [ 2.28805, 6.4761 ], [ 2.28851, 6.4752 ], [ 2.28842, 6.47366 ], [ 2.28779, 6.47267 ], [ 2.28697, 6.47266 ], [ 2.28661, 6.47312 ], [ 2.2858, 6.47302 ], [ 2.28543, 6.47339 ], [ 2.28589, 6.47411 ], [ 2.2857, 6.47447 ], [ 2.28389, 6.4751 ], [ 2.28335, 6.47465 ], [ 2.28281, 6.47546 ], [ 2.28326, 6.47574 ], [ 2.28326, 6.47537 ], [ 2.28371, 6.47519 ], [ 2.28417, 6.47556 ], [ 2.28371, 6.4761 ], [ 2.28407, 6.47619 ], [ 2.2848, 6.4751 ], [ 2.28525, 6.47655 ], [ 2.28679, 6.47619 ], [ 2.28706, 6.47583 ], [ 2.28724, 6.47656 ], [ 2.28787, 6.47647 ], [ 2.28724, 6.47728 ], [ 2.28787, 6.47755 ], [ 2.28832, 6.47719 ], [ 2.28805, 6.4761 ] ] ], [ [ [ 2.27114, 6.47518 ], [ 2.27105, 6.47581 ], [ 2.2715, 6.4759 ], [ 2.27232, 6.47518 ], [ 2.2706, 6.47499 ], [ 2.27051, 6.47418 ], [ 2.2697, 6.47354 ], [ 2.26951, 6.47436 ], [ 2.26987, 6.47554 ], [ 2.26951, 6.47617 ], [ 2.26978, 6.47689 ], [ 2.27033, 6.4768 ], [ 2.2706, 6.47554 ], [ 2.27114, 6.47518 ] ] ], [ [ [ 2.28624, 6.478 ], [ 2.2857, 6.47719 ], [ 2.2848, 6.47782 ], [ 2.28398, 6.47691 ], [ 2.28344, 6.47736 ], [ 2.28353, 6.47782 ], [ 2.28425, 6.47782 ], [ 2.2847, 6.47845 ], [ 2.28597, 6.47836 ], [ 2.28624, 6.478 ] ] ], [ [ [ 2.27484, 6.47898 ], [ 2.2743, 6.47844 ], [ 2.27457, 6.47771 ], [ 2.27548, 6.47762 ], [ 2.2753, 6.47726 ], [ 2.27494, 6.47735 ], [ 2.27503, 6.47681 ], [ 2.27412, 6.47681 ], [ 2.27403, 6.47807 ], [ 2.27358, 6.47798 ], [ 2.2734, 6.4769 ], [ 2.27213, 6.4769 ], [ 2.27222, 6.47807 ], [ 2.27331, 6.47844 ], [ 2.27249, 6.47889 ], [ 2.27249, 6.47934 ], [ 2.27385, 6.4797 ], [ 2.27484, 6.47898 ] ] ], [ [ [ 2.27982, 6.4817 ], [ 2.2809, 6.48116 ], [ 2.28108, 6.48225 ], [ 2.28135, 6.48225 ], [ 2.28135, 6.48044 ], [ 2.28081, 6.48107 ], [ 2.28, 6.48116 ], [ 2.28009, 6.48071 ], [ 2.27964, 6.48089 ], [ 2.27991, 6.48134 ], [ 2.27936, 6.48152 ], [ 2.27909, 6.48306 ], [ 2.27945, 6.48351 ], [ 2.28008, 6.48351 ], [ 2.27982, 6.4817 ] ] ], [ [ [ 2.27809, 6.48378 ], [ 2.27755, 6.48369 ], [ 2.27701, 6.48242 ], [ 2.27656, 6.48323 ], [ 2.27728, 6.4836 ], [ 2.27728, 6.48523 ], [ 2.27791, 6.48477 ], [ 2.27809, 6.48378 ] ] ], [ [ [ 2.27475, 6.48477 ], [ 2.27511, 6.48486 ], [ 2.27502, 6.4835 ], [ 2.27466, 6.48296 ], [ 2.27339, 6.48287 ], [ 2.27339, 6.48386 ], [ 2.27375, 6.48423 ], [ 2.27357, 6.48495 ], [ 2.27429, 6.48504 ], [ 2.27429, 6.48414 ], [ 2.27466, 6.48405 ], [ 2.27475, 6.48477 ] ] ], [ [ [ 2.27139, 6.48866 ], [ 2.27067, 6.48838 ], [ 2.27058, 6.48766 ], [ 2.26904, 6.4873 ], [ 2.26877, 6.48775 ], [ 2.26904, 6.48847 ], [ 2.26995, 6.48856 ], [ 2.26995, 6.48802 ], [ 2.26959, 6.48811 ], [ 2.26977, 6.48775 ], [ 2.2704, 6.48856 ], [ 2.27004, 6.48911 ], [ 2.2704, 6.48938 ], [ 2.27085, 6.48902 ], [ 2.27112, 6.4892 ], [ 2.27139, 6.48866 ] ] ], [ [ [ 2.28016, 6.49156 ], [ 2.28098, 6.49111 ], [ 2.28062, 6.49093 ], [ 2.28053, 6.4903 ], [ 2.28152, 6.4903 ], [ 2.28197, 6.48985 ], [ 2.28161, 6.48876 ], [ 2.28026, 6.48939 ], [ 2.2798, 6.49021 ], [ 2.2798, 6.49111 ], [ 2.27917, 6.49138 ], [ 2.27926, 6.49174 ], [ 2.27962, 6.49165 ], [ 2.27935, 6.49247 ], [ 2.27971, 6.49283 ], [ 2.28016, 6.49156 ] ] ], [ [ [ 2.28206, 6.49319 ], [ 2.28116, 6.49355 ], [ 2.28125, 6.49392 ], [ 2.28188, 6.49365 ], [ 2.2817, 6.49446 ], [ 2.28233, 6.49428 ], [ 2.28224, 6.49509 ], [ 2.28269, 6.49519 ], [ 2.28305, 6.49473 ], [ 2.28206, 6.49319 ] ] ], [ [ [ 2.27717, 6.49491 ], [ 2.27627, 6.49409 ], [ 2.27663, 6.49364 ], [ 2.27564, 6.49337 ], [ 2.27582, 6.49545 ], [ 2.27717, 6.49536 ], [ 2.27717, 6.49491 ] ] ], [ [ [ 2.29247, 6.35398 ], [ 2.29193, 6.35235 ], [ 2.29013, 6.35135 ], [ 2.29049, 6.35244 ], [ 2.2913, 6.3528 ], [ 2.29094, 6.35334 ], [ 2.29166, 6.35316 ], [ 2.29139, 6.35398 ], [ 2.29211, 6.35479 ], [ 2.29302, 6.35416 ], [ 2.29247, 6.35398 ] ] ], [ [ [ 2.29714, 6.37805 ], [ 2.2975, 6.37823 ], [ 2.29714, 6.37895 ], [ 2.29741, 6.37968 ], [ 2.29777, 6.37977 ], [ 2.29814, 6.37923 ], [ 2.29714, 6.37751 ], [ 2.29678, 6.37787 ], [ 2.29597, 6.3775 ], [ 2.29633, 6.37778 ], [ 2.29633, 6.37859 ], [ 2.29588, 6.37841 ], [ 2.29497, 6.37931 ], [ 2.2938, 6.37904 ], [ 2.29271, 6.37922 ], [ 2.29298, 6.37967 ], [ 2.29352, 6.37913 ], [ 2.29587, 6.38004 ], [ 2.29633, 6.37977 ], [ 2.29714, 6.37805 ] ] ], [ [ [ 2.3183, 6.38016 ], [ 2.31911, 6.38061 ], [ 2.31939, 6.3798 ], [ 2.31875, 6.37989 ], [ 2.31848, 6.37952 ], [ 2.31866, 6.37907 ], [ 2.3183, 6.37916 ], [ 2.31794, 6.37862 ], [ 2.31758, 6.3788 ], [ 2.31776, 6.37961 ], [ 2.31722, 6.37952 ], [ 2.31713, 6.37871 ], [ 2.31622, 6.37934 ], [ 2.31604, 6.37997 ], [ 2.31541, 6.37925 ], [ 2.31486, 6.37979 ], [ 2.31441, 6.37961 ], [ 2.31432, 6.38024 ], [ 2.31514, 6.38052 ], [ 2.31514, 6.38006 ], [ 2.31541, 6.38006 ], [ 2.3155, 6.38079 ], [ 2.31667, 6.38079 ], [ 2.3183, 6.38016 ] ] ], [ [ [ 2.30102, 6.38529 ], [ 2.30166, 6.38484 ], [ 2.3022, 6.38529 ], [ 2.30193, 6.38475 ], [ 2.30283, 6.3833 ], [ 2.30274, 6.38303 ], [ 2.30193, 6.38321 ], [ 2.30211, 6.38249 ], [ 2.30175, 6.38222 ], [ 2.30211, 6.38186 ], [ 2.3022, 6.38059 ], [ 2.30311, 6.3805 ], [ 2.30311, 6.37987 ], [ 2.30356, 6.37987 ], [ 2.30365, 6.38041 ], [ 2.30437, 6.38005 ], [ 2.30383, 6.37978 ], [ 2.30383, 6.37914 ], [ 2.30257, 6.37914 ], [ 2.30275, 6.37851 ], [ 2.30248, 6.37806 ], [ 2.30212, 6.37815 ], [ 2.30203, 6.37878 ], [ 2.30085, 6.37833 ], [ 2.29985, 6.37869 ], [ 2.29976, 6.38004 ], [ 2.29814, 6.37923 ], [ 2.29877, 6.38022 ], [ 2.3003, 6.38031 ], [ 2.30076, 6.38004 ], [ 2.30085, 6.38068 ], [ 2.30121, 6.38086 ], [ 2.30139, 6.38194 ], [ 2.30102, 6.38285 ], [ 2.30057, 6.38276 ], [ 2.30067, 6.38131 ], [ 2.30039, 6.38104 ], [ 2.29985, 6.38167 ], [ 2.30003, 6.38312 ], [ 2.29876, 6.38438 ], [ 2.29994, 6.3852 ], [ 2.30021, 6.38475 ], [ 2.29949, 6.38438 ], [ 2.30003, 6.38384 ], [ 2.30066, 6.38393 ], [ 2.30048, 6.38583 ], [ 2.30165, 6.38602 ], [ 2.30102, 6.38529 ] ] ], [ [ [ 2.3069, 6.3853 ], [ 2.30627, 6.38439 ], [ 2.30672, 6.38421 ], [ 2.30681, 6.38331 ], [ 2.30582, 6.38313 ], [ 2.30573, 6.38258 ], [ 2.30473, 6.38267 ], [ 2.30437, 6.3834 ], [ 2.305, 6.38376 ], [ 2.30591, 6.38512 ], [ 2.305, 6.38548 ], [ 2.305, 6.38593 ], [ 2.30545, 6.38611 ], [ 2.30554, 6.38575 ], [ 2.30554, 6.3862 ], [ 2.30627, 6.3862 ], [ 2.3069, 6.3853 ] ] ], [ [ [ 2.29722, 6.3861 ], [ 2.29776, 6.38628 ], [ 2.29795, 6.38574 ], [ 2.29686, 6.38583 ], [ 2.29641, 6.38628 ], [ 2.29632, 6.38556 ], [ 2.29569, 6.38492 ], [ 2.29496, 6.38546 ], [ 2.29496, 6.38492 ], [ 2.2946, 6.38483 ], [ 2.2946, 6.38528 ], [ 2.29397, 6.38592 ], [ 2.29324, 6.38591 ], [ 2.29333, 6.38637 ], [ 2.29379, 6.38646 ], [ 2.29478, 6.38601 ], [ 2.29505, 6.38619 ], [ 2.29478, 6.38655 ], [ 2.2955, 6.38682 ], [ 2.29722, 6.3861 ] ] ], [ [ [ 2.31531, 6.38649 ], [ 2.31477, 6.38631 ], [ 2.31549, 6.38504 ], [ 2.31441, 6.38513 ], [ 2.31413, 6.38486 ], [ 2.31323, 6.38522 ], [ 2.31278, 6.38495 ], [ 2.31296, 6.38449 ], [ 2.31233, 6.38467 ], [ 2.31214, 6.3854 ], [ 2.31278, 6.3854 ], [ 2.31305, 6.3863 ], [ 2.31332, 6.38594 ], [ 2.31395, 6.38612 ], [ 2.31341, 6.38694 ], [ 2.31386, 6.38721 ], [ 2.31531, 6.38649 ] ] ], [ [ [ 2.31712, 6.38622 ], [ 2.31676, 6.38504 ], [ 2.3164, 6.38513 ], [ 2.3163, 6.38613 ], [ 2.31531, 6.38594 ], [ 2.31576, 6.38667 ], [ 2.31522, 6.38685 ], [ 2.3154, 6.38712 ], [ 2.31612, 6.38703 ], [ 2.31712, 6.38622 ] ] ], [ [ [ 2.30843, 6.38684 ], [ 2.30952, 6.38503 ], [ 2.30997, 6.3853 ], [ 2.30961, 6.38566 ], [ 2.30979, 6.38621 ], [ 2.31024, 6.38612 ], [ 2.31052, 6.38657 ], [ 2.31142, 6.38648 ], [ 2.3106, 6.38711 ], [ 2.31196, 6.38739 ], [ 2.31205, 6.38684 ], [ 2.31151, 6.38621 ], [ 2.31196, 6.38567 ], [ 2.31169, 6.38476 ], [ 2.31043, 6.38476 ], [ 2.31025, 6.38449 ], [ 2.30943, 6.38467 ], [ 2.30907, 6.38521 ], [ 2.30808, 6.38485 ], [ 2.30789, 6.38521 ], [ 2.30708, 6.38539 ], [ 2.3078, 6.38648 ], [ 2.30717, 6.38702 ], [ 2.30789, 6.3872 ], [ 2.3078, 6.38783 ], [ 2.30897, 6.38883 ], [ 2.30852, 6.38829 ], [ 2.30843, 6.38684 ] ] ], [ [ [ 2.30933, 6.39145 ], [ 2.30843, 6.39145 ], [ 2.30834, 6.39118 ], [ 2.3077, 6.3919 ], [ 2.30698, 6.39181 ], [ 2.30734, 6.39245 ], [ 2.30897, 6.39218 ], [ 2.3096, 6.39263 ], [ 2.30933, 6.39145 ] ] ], [ [ [ 2.30653, 6.39344 ], [ 2.30526, 6.39118 ], [ 2.30463, 6.39199 ], [ 2.30481, 6.39416 ], [ 2.30526, 6.39443 ], [ 2.30653, 6.39344 ] ] ], [ [ [ 2.30625, 6.39715 ], [ 2.30688, 6.39715 ], [ 2.30742, 6.39815 ], [ 2.3077, 6.39824 ], [ 2.30743, 6.39706 ], [ 2.30806, 6.39679 ], [ 2.31068, 6.39716 ], [ 2.31159, 6.39761 ], [ 2.31249, 6.39752 ], [ 2.31186, 6.39707 ], [ 2.31041, 6.39688 ], [ 2.31068, 6.39562 ], [ 2.30996, 6.39652 ], [ 2.30951, 6.39616 ], [ 2.30752, 6.39652 ], [ 2.30697, 6.39697 ], [ 2.30499, 6.39552 ], [ 2.30481, 6.39588 ], [ 2.30526, 6.39588 ], [ 2.30562, 6.3967 ], [ 2.30544, 6.39733 ], [ 2.30507, 6.39751 ], [ 2.30489, 6.39697 ], [ 2.30399, 6.39678 ], [ 2.30354, 6.39742 ], [ 2.30435, 6.39715 ], [ 2.30453, 6.39832 ], [ 2.30543, 6.39851 ], [ 2.30543, 6.39878 ], [ 2.30571, 6.39833 ], [ 2.30625, 6.39842 ], [ 2.30625, 6.39715 ] ] ], [ [ [ 2.29702, 6.39822 ], [ 2.29793, 6.39804 ], [ 2.29703, 6.39759 ], [ 2.29585, 6.39759 ], [ 2.2945, 6.39641 ], [ 2.29476, 6.39822 ], [ 2.29666, 6.39795 ], [ 2.29702, 6.39822 ] ] ], [ [ [ 2.30923, 6.40041 ], [ 2.30797, 6.39896 ], [ 2.30806, 6.39969 ], [ 2.30715, 6.40041 ], [ 2.30661, 6.40041 ], [ 2.30742, 6.40095 ], [ 2.30733, 6.40032 ], [ 2.30851, 6.39996 ], [ 2.30896, 6.40059 ], [ 2.31032, 6.40086 ], [ 2.3104, 6.4015 ], [ 2.31086, 6.40059 ], [ 2.30923, 6.40041 ] ] ], [ [ [ 2.31484, 6.39951 ], [ 2.31393, 6.39996 ], [ 2.31203, 6.40014 ], [ 2.3133, 6.40051 ], [ 2.31402, 6.40205 ], [ 2.31438, 6.40196 ], [ 2.3142, 6.40114 ], [ 2.31484, 6.39951 ] ] ], [ [ [ 2.31191, 6.42529 ], [ 2.31264, 6.42412 ], [ 2.31173, 6.42412 ], [ 2.31119, 6.42339 ], [ 2.30938, 6.42285 ], [ 2.30956, 6.42321 ], [ 2.30893, 6.4242 ], [ 2.30929, 6.42547 ], [ 2.30992, 6.4262 ], [ 2.31073, 6.42647 ], [ 2.31064, 6.42701 ], [ 2.31182, 6.42656 ], [ 2.31191, 6.42529 ] ], [ [ 2.31047, 6.42339 ], [ 2.31128, 6.42385 ], [ 2.31101, 6.42412 ], [ 2.31119, 6.42457 ], [ 2.31046, 6.42448 ], [ 2.31028, 6.4252 ], [ 2.30983, 6.42538 ], [ 2.30965, 6.42384 ], [ 2.31047, 6.42339 ] ] ], [ [ [ 2.30521, 6.43207 ], [ 2.30449, 6.43125 ], [ 2.30512, 6.42999 ], [ 2.30467, 6.42972 ], [ 2.30467, 6.42917 ], [ 2.30404, 6.42917 ], [ 2.30395, 6.42881 ], [ 2.30476, 6.42881 ], [ 2.3053, 6.42818 ], [ 2.30467, 6.42827 ], [ 2.30395, 6.42754 ], [ 2.30223, 6.42962 ], [ 2.30168, 6.43252 ], [ 2.30385, 6.43225 ], [ 2.30412, 6.43234 ], [ 2.30394, 6.43315 ], [ 2.30421, 6.43333 ], [ 2.3043, 6.43225 ], [ 2.30521, 6.43207 ] ] ], [ [ [ 2.29498, 6.43549 ], [ 2.29453, 6.43441 ], [ 2.29327, 6.43395 ], [ 2.2929, 6.43522 ], [ 2.2939, 6.43585 ], [ 2.29417, 6.43803 ], [ 2.29489, 6.43803 ], [ 2.29498, 6.43549 ] ] ], [ [ [ 2.3126, 6.44664 ], [ 2.31261, 6.4461 ], [ 2.31215, 6.4461 ], [ 2.31252, 6.44547 ], [ 2.3117, 6.44465 ], [ 2.3108, 6.44438 ], [ 2.31017, 6.4451 ], [ 2.3098, 6.44483 ], [ 2.31007, 6.44537 ], [ 2.31062, 6.44538 ], [ 2.31053, 6.4461 ], [ 2.31098, 6.447 ], [ 2.3117, 6.44655 ], [ 2.3126, 6.44664 ] ] ], [ [ [ 2.29931, 6.44943 ], [ 2.29913, 6.4488 ], [ 2.29713, 6.44988 ], [ 2.29822, 6.4507 ], [ 2.29858, 6.45061 ], [ 2.2984, 6.45006 ], [ 2.29931, 6.44943 ] ] ], [ [ [ 2.2899, 6.45195 ], [ 2.29053, 6.45159 ], [ 2.29261, 6.45168 ], [ 2.29324, 6.45141 ], [ 2.29324, 6.45087 ], [ 2.2937, 6.45078 ], [ 2.29325, 6.44997 ], [ 2.2946, 6.44807 ], [ 2.29406, 6.44798 ], [ 2.29361, 6.44843 ], [ 2.29343, 6.44942 ], [ 2.29279, 6.44951 ], [ 2.29252, 6.44888 ], [ 2.29289, 6.44879 ], [ 2.29289, 6.44825 ], [ 2.29334, 6.44834 ], [ 2.29307, 6.44779 ], [ 2.29243, 6.44825 ], [ 2.2918, 6.44779 ], [ 2.29117, 6.44797 ], [ 2.29153, 6.45023 ], [ 2.29089, 6.45023 ], [ 2.29062, 6.44987 ], [ 2.28963, 6.45023 ], [ 2.28927, 6.44987 ], [ 2.28872, 6.45068 ], [ 2.28881, 6.45285 ], [ 2.28971, 6.45258 ], [ 2.2899, 6.45195 ] ] ], [ [ [ 2.29677, 6.4554 ], [ 2.29613, 6.45567 ], [ 2.2955, 6.45531 ], [ 2.29586, 6.45458 ], [ 2.29459, 6.45531 ], [ 2.29514, 6.45567 ], [ 2.29523, 6.45621 ], [ 2.29577, 6.4563 ], [ 2.29631, 6.4573 ], [ 2.29721, 6.45775 ], [ 2.29677, 6.4554 ] ] ], [ [ [ 2.29839, 6.46119 ], [ 2.29956, 6.46119 ], [ 2.29929, 6.45974 ], [ 2.2983, 6.4592 ], [ 2.29775, 6.45947 ], [ 2.29721, 6.45893 ], [ 2.29694, 6.46056 ], [ 2.2973, 6.46092 ], [ 2.2973, 6.46164 ], [ 2.29811, 6.4621 ], [ 2.29839, 6.46119 ] ] ], [ [ [ 2.29323, 6.46118 ], [ 2.29124, 6.4601 ], [ 2.29097, 6.46091 ], [ 2.29034, 6.46109 ], [ 2.29061, 6.46181 ], [ 2.29024, 6.46254 ], [ 2.2906, 6.46281 ], [ 2.29205, 6.46263 ], [ 2.29323, 6.46118 ] ] ], [ [ [ 2.30562, 6.46274 ], [ 2.30562, 6.46238 ], [ 2.30508, 6.46229 ], [ 2.30508, 6.46274 ], [ 2.3048, 6.46274 ], [ 2.30499, 6.4621 ], [ 2.30472, 6.46165 ], [ 2.30372, 6.46201 ], [ 2.30381, 6.46319 ], [ 2.30562, 6.46274 ] ] ], [ [ [ 2.29946, 6.46554 ], [ 2.2982, 6.46535 ], [ 2.29766, 6.46617 ], [ 2.29765, 6.46716 ], [ 2.29883, 6.4668 ], [ 2.29946, 6.46554 ] ] ], [ [ [ 2.30616, 6.46545 ], [ 2.30543, 6.46509 ], [ 2.3048, 6.46382 ], [ 2.30363, 6.46373 ], [ 2.30372, 6.46455 ], [ 2.30489, 6.46491 ], [ 2.30453, 6.46527 ], [ 2.30489, 6.46581 ], [ 2.30435, 6.46636 ], [ 2.30408, 6.46617 ], [ 2.30417, 6.46536 ], [ 2.30363, 6.46509 ], [ 2.30318, 6.46382 ], [ 2.30263, 6.46445 ], [ 2.301, 6.46472 ], [ 2.301, 6.46518 ], [ 2.30146, 6.46509 ], [ 2.30127, 6.46554 ], [ 2.30028, 6.46526 ], [ 2.29992, 6.46554 ], [ 2.30001, 6.46662 ], [ 2.30073, 6.4668 ], [ 2.30055, 6.46716 ], [ 2.301, 6.46726 ], [ 2.30163, 6.46653 ], [ 2.30245, 6.46672 ], [ 2.30281, 6.46744 ], [ 2.30299, 6.46635 ], [ 2.30344, 6.46672 ], [ 2.30552, 6.46645 ], [ 2.30579, 6.46853 ], [ 2.30624, 6.46907 ], [ 2.30616, 6.46545 ] ] ], [ [ [ 2.29466, 6.47041 ], [ 2.29494, 6.47023 ], [ 2.29548, 6.47123 ], [ 2.29539, 6.4706 ], [ 2.29575, 6.47042 ], [ 2.29602, 6.47078 ], [ 2.29647, 6.47069 ], [ 2.29647, 6.47123 ], [ 2.29674, 6.47123 ], [ 2.29756, 6.46933 ], [ 2.29639, 6.46834 ], [ 2.29539, 6.46833 ], [ 2.29403, 6.46942 ], [ 2.29439, 6.47132 ], [ 2.29493, 6.47123 ], [ 2.29466, 6.47041 ] ] ], [ [ [ 2.31745, 6.47262 ], [ 2.31782, 6.47253 ], [ 2.31827, 6.47271 ], [ 2.31836, 6.47334 ], [ 2.31872, 6.47334 ], [ 2.31899, 6.47253 ], [ 2.32017, 6.47253 ], [ 2.32035, 6.47199 ], [ 2.3199, 6.47171 ], [ 2.31917, 6.47208 ], [ 2.31936, 6.47144 ], [ 2.3189, 6.47135 ], [ 2.31881, 6.47027 ], [ 2.31854, 6.47027 ], [ 2.31818, 6.47189 ], [ 2.31755, 6.47225 ], [ 2.31727, 6.47207 ], [ 2.31755, 6.47072 ], [ 2.31682, 6.47044 ], [ 2.31646, 6.47071 ], [ 2.31673, 6.47135 ], [ 2.31601, 6.47198 ], [ 2.31592, 6.47252 ], [ 2.31664, 6.47243 ], [ 2.31727, 6.47343 ], [ 2.31772, 6.47325 ], [ 2.31745, 6.47262 ] ] ], [ [ [ 2.29756, 6.47123 ], [ 2.29692, 6.47186 ], [ 2.29575, 6.47159 ], [ 2.29575, 6.47213 ], [ 2.29674, 6.47223 ], [ 2.29674, 6.47304 ], [ 2.29846, 6.47322 ], [ 2.29756, 6.47123 ] ] ], [ [ [ 2.3009, 6.4754 ], [ 2.30162, 6.47449 ], [ 2.30162, 6.47323 ], [ 2.30108, 6.47268 ], [ 2.3009, 6.47314 ], [ 2.30036, 6.47323 ], [ 2.30045, 6.47404 ], [ 2.30009, 6.47467 ], [ 2.30072, 6.47567 ], [ 2.30063, 6.47612 ], [ 2.30135, 6.4763 ], [ 2.30162, 6.47594 ], [ 2.3009, 6.4754 ] ] ], [ [ [ 2.30026, 6.47884 ], [ 2.30117, 6.47884 ], [ 2.30026, 6.47748 ], [ 2.29936, 6.47847 ], [ 2.29908, 6.47965 ], [ 2.29999, 6.47938 ], [ 2.30026, 6.47884 ] ] ], [ [ [ 2.31699, 6.48058 ], [ 2.31699, 6.47931 ], [ 2.31735, 6.4794 ], [ 2.31726, 6.47994 ], [ 2.31799, 6.47967 ], [ 2.31772, 6.47877 ], [ 2.31627, 6.47886 ], [ 2.31654, 6.4794 ], [ 2.31627, 6.47985 ], [ 2.31555, 6.47967 ], [ 2.31573, 6.47913 ], [ 2.31518, 6.47886 ], [ 2.31509, 6.47958 ], [ 2.31455, 6.4794 ], [ 2.31365, 6.47994 ], [ 2.31455, 6.48048 ], [ 2.31509, 6.48039 ], [ 2.31518, 6.48076 ], [ 2.31464, 6.48084 ], [ 2.31491, 6.4813 ], [ 2.31545, 6.48112 ], [ 2.31545, 6.48076 ], [ 2.31699, 6.48058 ] ] ], [ [ [ 2.29799, 6.48308 ], [ 2.29772, 6.48308 ], [ 2.29745, 6.48209 ], [ 2.29754, 6.48082 ], [ 2.29709, 6.48082 ], [ 2.29619, 6.48172 ], [ 2.29555, 6.48181 ], [ 2.29537, 6.48172 ], [ 2.29565, 6.48073 ], [ 2.297, 6.48064 ], [ 2.29791, 6.47983 ], [ 2.29691, 6.47964 ], [ 2.29664, 6.47901 ], [ 2.29691, 6.47838 ], [ 2.29601, 6.47747 ], [ 2.29565, 6.47774 ], [ 2.29475, 6.47747 ], [ 2.29447, 6.47792 ], [ 2.29502, 6.47838 ], [ 2.29583, 6.4782 ], [ 2.29592, 6.47865 ], [ 2.29583, 6.47928 ], [ 2.29538, 6.47937 ], [ 2.29546, 6.48019 ], [ 2.29483, 6.48046 ], [ 2.29501, 6.48136 ], [ 2.29465, 6.48208 ], [ 2.29564, 6.48263 ], [ 2.29555, 6.48308 ], [ 2.29609, 6.48326 ], [ 2.29591, 6.4839 ], [ 2.29645, 6.48435 ], [ 2.29709, 6.48417 ], [ 2.29754, 6.48471 ], [ 2.29736, 6.48408 ], [ 2.29772, 6.48417 ], [ 2.29799, 6.48308 ] ] ], [ [ [ 2.32259, 6.48619 ], [ 2.32259, 6.48583 ], [ 2.32196, 6.48592 ], [ 2.32142, 6.48556 ], [ 2.32042, 6.48583 ], [ 2.32042, 6.48646 ], [ 2.32096, 6.48691 ], [ 2.3216, 6.48673 ], [ 2.32151, 6.48637 ], [ 2.32259, 6.48619 ] ] ], [ [ [ 2.30803, 6.48771 ], [ 2.30884, 6.48735 ], [ 2.30884, 6.48636 ], [ 2.30821, 6.48599 ], [ 2.30731, 6.48626 ], [ 2.3064, 6.48599 ], [ 2.30676, 6.4869 ], [ 2.30739, 6.48717 ], [ 2.30676, 6.48771 ], [ 2.30739, 6.4878 ], [ 2.30767, 6.48735 ], [ 2.30803, 6.48771 ] ] ], [ [ [ 2.30061, 6.49087 ], [ 2.30115, 6.49096 ], [ 2.30124, 6.49051 ], [ 2.30196, 6.49069 ], [ 2.30314, 6.49006 ], [ 2.30287, 6.48942 ], [ 2.30377, 6.48852 ], [ 2.30341, 6.48807 ], [ 2.30396, 6.4878 ], [ 2.3036, 6.48762 ], [ 2.30251, 6.48807 ], [ 2.30206, 6.48852 ], [ 2.30224, 6.48906 ], [ 2.30278, 6.48888 ], [ 2.30242, 6.48924 ], [ 2.30151, 6.48879 ], [ 2.30178, 6.48942 ], [ 2.3016, 6.48987 ], [ 2.30124, 6.48987 ], [ 2.30115, 6.48888 ], [ 2.30188, 6.48843 ], [ 2.30133, 6.48806 ], [ 2.30179, 6.48761 ], [ 2.3007, 6.4868 ], [ 2.30161, 6.48662 ], [ 2.30206, 6.48544 ], [ 2.30251, 6.48544 ], [ 2.30197, 6.48517 ], [ 2.30215, 6.48427 ], [ 2.30251, 6.48418 ], [ 2.30233, 6.48381 ], [ 2.30116, 6.48372 ], [ 2.30089, 6.48408 ], [ 2.30125, 6.48472 ], [ 2.30043, 6.48499 ], [ 2.30016, 6.48562 ], [ 2.29953, 6.48544 ], [ 2.29935, 6.48471 ], [ 2.29871, 6.48489 ], [ 2.29872, 6.48426 ], [ 2.29745, 6.48516 ], [ 2.29754, 6.48607 ], [ 2.29853, 6.48716 ], [ 2.29971, 6.48698 ], [ 2.30007, 6.48652 ], [ 2.30016, 6.48725 ], [ 2.29934, 6.48788 ], [ 2.29889, 6.48897 ], [ 2.29952, 6.48888 ], [ 2.29943, 6.48951 ], [ 2.30061, 6.48996 ], [ 2.30043, 6.49051 ], [ 2.2997, 6.49023 ], [ 2.29988, 6.49069 ], [ 2.30033, 6.4906 ], [ 2.30015, 6.49186 ], [ 2.30133, 6.49214 ], [ 2.30061, 6.49087 ] ] ], [ [ [ 2.31815, 6.49143 ], [ 2.31779, 6.49098 ], [ 2.31824, 6.49035 ], [ 2.31815, 6.4899 ], [ 2.31852, 6.49035 ], [ 2.31924, 6.49026 ], [ 2.3196, 6.49126 ], [ 2.3206, 6.4908 ], [ 2.32231, 6.49171 ], [ 2.32268, 6.4909 ], [ 2.32195, 6.49035 ], [ 2.31987, 6.49053 ], [ 2.31924, 6.48999 ], [ 2.31924, 6.48936 ], [ 2.31816, 6.48926 ], [ 2.31725, 6.48971 ], [ 2.31734, 6.49062 ], [ 2.31671, 6.49062 ], [ 2.31698, 6.49143 ], [ 2.3167, 6.49261 ], [ 2.31706, 6.49333 ], [ 2.31833, 6.49297 ], [ 2.31815, 6.49143 ] ] ], [ [ [ 2.30422, 6.49205 ], [ 2.30476, 6.49223 ], [ 2.30486, 6.49187 ], [ 2.30413, 6.49169 ], [ 2.30395, 6.49096 ], [ 2.30341, 6.49105 ], [ 2.30368, 6.49223 ], [ 2.30314, 6.49205 ], [ 2.30287, 6.49141 ], [ 2.30259, 6.49159 ], [ 2.30332, 6.49286 ], [ 2.30413, 6.4925 ], [ 2.30422, 6.49205 ] ] ], [ [ [ 2.30748, 6.49242 ], [ 2.30748, 6.49178 ], [ 2.30648, 6.49151 ], [ 2.30531, 6.49232 ], [ 2.30612, 6.49341 ], [ 2.30748, 6.49242 ] ] ], [ [ [ 2.30132, 6.49449 ], [ 2.30241, 6.49358 ], [ 2.30322, 6.49386 ], [ 2.30341, 6.4935 ], [ 2.30295, 6.49295 ], [ 2.30124, 6.49322 ], [ 2.30033, 6.49385 ], [ 2.30024, 6.49449 ], [ 2.2997, 6.49494 ], [ 2.3006, 6.49512 ], [ 2.30069, 6.49403 ], [ 2.30132, 6.49449 ] ] ], [ [ [ 2.30503, 6.49603 ], [ 2.30621, 6.49621 ], [ 2.3063, 6.4954 ], [ 2.30693, 6.49558 ], [ 2.30802, 6.49486 ], [ 2.30775, 6.4945 ], [ 2.30621, 6.49477 ], [ 2.3063, 6.49404 ], [ 2.30594, 6.49341 ], [ 2.3054, 6.49332 ], [ 2.30558, 6.49368 ], [ 2.30503, 6.49386 ], [ 2.30476, 6.49531 ], [ 2.30395, 6.49531 ], [ 2.30449, 6.49567 ], [ 2.30494, 6.49549 ], [ 2.30422, 6.4963 ], [ 2.30431, 6.49666 ], [ 2.30503, 6.49603 ] ] ], [ [ [ 2.29815, 6.49756 ], [ 2.29888, 6.49711 ], [ 2.29834, 6.49693 ], [ 2.29788, 6.49729 ], [ 2.29752, 6.49665 ], [ 2.29635, 6.49765 ], [ 2.2968, 6.49864 ], [ 2.29779, 6.49846 ], [ 2.29815, 6.49756 ] ] ], [ [ [ 2.2987, 6.49783 ], [ 2.29797, 6.49901 ], [ 2.29734, 6.49901 ], [ 2.29707, 6.49973 ], [ 2.29833, 6.50018 ], [ 2.2987, 6.49783 ] ] ], [ [ [ 2.30482, 6.51449 ], [ 2.3051, 6.51403 ], [ 2.3041, 6.51385 ], [ 2.30347, 6.51466 ], [ 2.30292, 6.51466 ], [ 2.30265, 6.51521 ], [ 2.30283, 6.51584 ], [ 2.30383, 6.51548 ], [ 2.30365, 6.51476 ], [ 2.30482, 6.51449 ] ] ], [ [ [ 2.32153, 6.53441 ], [ 2.32171, 6.53396 ], [ 2.32117, 6.53342 ], [ 2.32054, 6.53342 ], [ 2.3199, 6.53468 ], [ 2.32026, 6.53522 ], [ 2.32072, 6.53513 ], [ 2.3209, 6.53432 ], [ 2.32153, 6.53441 ] ] ], [ [ [ 2.32234, 6.53704 ], [ 2.3227, 6.53668 ], [ 2.32234, 6.5364 ], [ 2.3228, 6.53613 ], [ 2.32225, 6.53559 ], [ 2.32162, 6.53631 ], [ 2.32189, 6.53685 ], [ 2.32135, 6.53685 ], [ 2.32135, 6.53722 ], [ 2.32171, 6.53785 ], [ 2.32252, 6.53776 ], [ 2.32234, 6.53704 ] ] ], [ [ [ 2.31717, 6.55042 ], [ 2.31645, 6.54988 ], [ 2.31654, 6.54906 ], [ 2.31699, 6.5487 ], [ 2.31618, 6.54879 ], [ 2.3159, 6.54924 ], [ 2.31536, 6.54915 ], [ 2.31617, 6.54997 ], [ 2.31527, 6.55033 ], [ 2.31518, 6.55087 ], [ 2.31717, 6.55042 ] ] ], [ [ [ 2.31418, 6.55231 ], [ 2.31517, 6.55286 ], [ 2.3159, 6.55241 ], [ 2.31491, 6.55114 ], [ 2.31427, 6.55105 ], [ 2.31436, 6.55014 ], [ 2.314, 6.55023 ], [ 2.314, 6.55087 ], [ 2.31364, 6.55114 ], [ 2.31382, 6.55168 ], [ 2.31318, 6.55249 ], [ 2.31291, 6.55222 ], [ 2.31309, 6.55295 ], [ 2.31418, 6.55231 ] ] ], [ [ [ 2.34207, 6.60247 ], [ 2.34234, 6.60419 ], [ 2.3417, 6.60401 ], [ 2.3417, 6.60292 ], [ 2.34125, 6.60292 ], [ 2.34098, 6.60347 ], [ 2.34008, 6.60355 ], [ 2.33998, 6.60401 ], [ 2.34089, 6.60401 ], [ 2.34116, 6.60446 ], [ 2.3408, 6.60509 ], [ 2.34016, 6.605 ], [ 2.33944, 6.60373 ], [ 2.33845, 6.60428 ], [ 2.33772, 6.604 ], [ 2.3379, 6.60473 ], [ 2.33754, 6.60446 ], [ 2.33736, 6.60464 ], [ 2.33772, 6.60509 ], [ 2.33835, 6.60509 ], [ 2.33835, 6.60563 ], [ 2.33763, 6.60581 ], [ 2.33709, 6.605 ], [ 2.33718, 6.60455 ], [ 2.33627, 6.60454 ], [ 2.33636, 6.605 ], [ 2.33591, 6.60527 ], [ 2.33474, 6.60481 ], [ 2.33509, 6.60699 ], [ 2.33428, 6.60735 ], [ 2.33446, 6.60617 ], [ 2.33401, 6.60572 ], [ 2.33265, 6.6059 ], [ 2.33256, 6.60635 ], [ 2.33157, 6.60571 ], [ 2.33166, 6.60535 ], [ 2.33211, 6.60562 ], [ 2.33302, 6.60535 ], [ 2.33275, 6.60354 ], [ 2.33338, 6.60382 ], [ 2.33347, 6.603 ], [ 2.33392, 6.60273 ], [ 2.33302, 6.60255 ], [ 2.33284, 6.60273 ], [ 2.3332, 6.60282 ], [ 2.3332, 6.60309 ], [ 2.33284, 6.60282 ], [ 2.33248, 6.60336 ], [ 2.33175, 6.60291 ], [ 2.33148, 6.60318 ], [ 2.33166, 6.60372 ], [ 2.33121, 6.60381 ], [ 2.33094, 6.60345 ], [ 2.33112, 6.60291 ], [ 2.33058, 6.60246 ], [ 2.32958, 6.60291 ], [ 2.3285, 6.60209 ], [ 2.3275, 6.602 ], [ 2.32714, 6.60227 ], [ 2.32741, 6.60281 ], [ 2.32687, 6.60245 ], [ 2.32687, 6.60327 ], [ 2.32578, 6.60435 ], [ 2.32695, 6.60562 ], [ 2.32713, 6.6067 ], [ 2.3265, 6.60688 ], [ 2.32641, 6.60725 ], [ 2.32722, 6.60679 ], [ 2.32749, 6.60761 ], [ 2.32786, 6.6077 ], [ 2.32804, 6.60689 ], [ 2.32831, 6.60689 ], [ 2.32822, 6.60743 ], [ 2.32912, 6.60779 ], [ 2.3293, 6.60834 ], [ 2.32885, 6.60833 ], [ 2.3284, 6.60779 ], [ 2.32822, 6.60833 ], [ 2.32777, 6.60797 ], [ 2.3274, 6.60842 ], [ 2.32713, 6.60815 ], [ 2.3265, 6.60842 ], [ 2.32614, 6.60797 ], [ 2.32623, 6.60743 ], [ 2.32478, 6.60797 ], [ 2.32505, 6.60878 ], [ 2.32577, 6.60851 ], [ 2.32577, 6.60878 ], [ 2.32532, 6.60887 ], [ 2.32523, 6.61005 ], [ 2.32496, 6.60996 ], [ 2.32487, 6.60896 ], [ 2.32423, 6.60932 ], [ 2.32414, 6.60978 ], [ 2.32514, 6.61014 ], [ 2.32532, 6.61068 ], [ 2.32396, 6.61095 ], [ 2.32432, 6.61168 ], [ 2.32369, 6.6124 ], [ 2.32287, 6.6124 ], [ 2.32323, 6.61303 ], [ 2.32296, 6.61385 ], [ 2.32423, 6.61529 ], [ 2.32386, 6.61566 ], [ 2.32387, 6.61493 ], [ 2.32341, 6.61493 ], [ 2.32368, 6.61566 ], [ 2.32287, 6.61547 ], [ 2.32332, 6.6162 ], [ 2.32287, 6.61611 ], [ 2.32278, 6.61638 ], [ 2.32332, 6.61656 ], [ 2.32341, 6.6162 ], [ 2.32395, 6.6162 ], [ 2.32431, 6.61756 ], [ 2.32477, 6.61756 ], [ 2.32468, 6.61665 ], [ 2.3254, 6.6172 ], [ 2.32549, 6.61774 ], [ 2.32504, 6.61801 ], [ 2.32549, 6.61882 ], [ 2.32531, 6.61955 ], [ 2.3273, 6.61901 ], [ 2.32793, 6.61964 ], [ 2.32802, 6.62037 ], [ 2.32684, 6.62018 ], [ 2.3263, 6.62235 ], [ 2.32756, 6.62344 ], [ 2.32838, 6.62317 ], [ 2.32838, 6.6238 ], [ 2.32883, 6.62399 ], [ 2.32792, 6.62426 ], [ 2.32792, 6.62516 ], [ 2.32738, 6.62453 ], [ 2.32711, 6.62489 ], [ 2.32729, 6.62552 ], [ 2.32783, 6.62543 ], [ 2.32783, 6.62588 ], [ 2.32837, 6.62607 ], [ 2.32837, 6.62652 ], [ 2.32729, 6.62679 ], [ 2.32647, 6.62643 ], [ 2.32693, 6.62624 ], [ 2.32684, 6.62579 ], [ 2.3262, 6.6257 ], [ 2.32702, 6.62462 ], [ 2.32666, 6.62434 ], [ 2.32602, 6.62507 ], [ 2.32539, 6.62516 ], [ 2.32521, 6.62434 ], [ 2.32602, 6.62443 ], [ 2.32594, 6.62308 ], [ 2.32494, 6.62362 ], [ 2.32503, 6.62425 ], [ 2.3244, 6.62461 ], [ 2.32476, 6.62597 ], [ 2.32367, 6.62515 ], [ 2.32385, 6.62443 ], [ 2.3244, 6.62425 ], [ 2.32422, 6.62353 ], [ 2.32467, 6.62335 ], [ 2.32467, 6.62298 ], [ 2.32376, 6.6228 ], [ 2.32385, 6.62335 ], [ 2.32286, 6.62425 ], [ 2.32295, 6.62298 ], [ 2.32358, 6.62307 ], [ 2.32349, 6.6219 ], [ 2.32313, 6.62144 ], [ 2.32241, 6.6219 ], [ 2.32205, 6.6228 ], [ 2.32177, 6.62271 ], [ 2.32259, 6.62334 ], [ 2.32259, 6.62398 ], [ 2.32204, 6.62416 ], [ 2.32078, 6.62379 ], [ 2.32096, 6.62434 ], [ 2.32023, 6.62443 ], [ 2.32078, 6.62343 ], [ 2.32168, 6.62289 ], [ 2.3215, 6.62217 ], [ 2.32178, 6.6218 ], [ 2.32132, 6.62126 ], [ 2.32051, 6.62135 ], [ 2.32051, 6.62072 ], [ 2.3197, 6.62044 ], [ 2.31942, 6.6209 ], [ 2.31915, 6.62072 ], [ 2.31915, 6.62008 ], [ 2.31997, 6.62017 ], [ 2.32006, 6.61954 ], [ 2.32069, 6.62017 ], [ 2.32133, 6.61981 ], [ 2.32133, 6.61945 ], [ 2.32078, 6.61918 ], [ 2.32097, 6.61855 ], [ 2.32033, 6.61945 ], [ 2.32006, 6.61791 ], [ 2.32078, 6.61837 ], [ 2.32133, 6.61828 ], [ 2.32151, 6.61882 ], [ 2.32214, 6.61846 ], [ 2.32259, 6.61945 ], [ 2.32187, 6.61972 ], [ 2.32178, 6.62009 ], [ 2.3225, 6.62108 ], [ 2.32377, 6.62117 ], [ 2.32368, 6.62045 ], [ 2.3244, 6.61991 ], [ 2.32359, 6.61964 ], [ 2.32341, 6.62036 ], [ 2.32295, 6.62045 ], [ 2.32259, 6.61954 ], [ 2.32404, 6.61828 ], [ 2.32377, 6.61801 ], [ 2.32296, 6.61828 ], [ 2.32269, 6.61647 ], [ 2.32233, 6.61638 ], [ 2.32241, 6.61773 ], [ 2.32151, 6.61773 ], [ 2.32133, 6.61683 ], [ 2.32052, 6.61701 ], [ 2.32061, 6.6161 ], [ 2.3197, 6.61628 ], [ 2.3197, 6.61583 ], [ 2.32025, 6.61556 ], [ 2.31979, 6.61484 ], [ 2.31943, 6.61502 ], [ 2.31925, 6.61592 ], [ 2.32015, 6.61728 ], [ 2.31961, 6.61755 ], [ 2.3188, 6.61529 ], [ 2.3188, 6.61411 ], [ 2.31762, 6.61438 ], [ 2.31762, 6.61402 ], [ 2.31808, 6.61411 ], [ 2.31826, 6.61366 ], [ 2.31916, 6.61402 ], [ 2.31952, 6.61339 ], [ 2.31925, 6.61312 ], [ 2.31835, 6.61321 ], [ 2.31862, 6.6123 ], [ 2.3179, 6.61158 ], [ 2.31817, 6.6114 ], [ 2.31862, 6.61185 ], [ 2.31853, 6.61103 ], [ 2.31889, 6.61094 ], [ 2.31908, 6.61149 ], [ 2.3198, 6.61149 ], [ 2.32043, 6.61221 ], [ 2.32106, 6.61221 ], [ 2.32106, 6.6133 ], [ 2.32206, 6.61421 ], [ 2.32188, 6.61466 ], [ 2.32106, 6.61475 ], [ 2.32133, 6.61511 ], [ 2.32115, 6.6161 ], [ 2.32223, 6.61638 ], [ 2.32269, 6.61394 ], [ 2.32215, 6.61402 ], [ 2.32224, 6.61294 ], [ 2.32188, 6.61258 ], [ 2.32269, 6.6124 ], [ 2.3226, 6.61149 ], [ 2.32161, 6.61041 ], [ 2.32116, 6.61031 ], [ 2.3208, 6.61068 ], [ 2.32052, 6.6104 ], [ 2.32161, 6.6095 ], [ 2.32161, 6.61032 ], [ 2.32224, 6.61068 ], [ 2.32251, 6.61059 ], [ 2.32242, 6.60986 ], [ 2.32333, 6.61032 ], [ 2.32288, 6.60878 ], [ 2.32387, 6.60869 ], [ 2.32342, 6.60797 ], [ 2.32225, 6.60787 ], [ 2.32225, 6.6076 ], [ 2.32315, 6.60751 ], [ 2.32315, 6.60688 ], [ 2.32388, 6.60724 ], [ 2.32424, 6.60679 ], [ 2.32351, 6.60679 ], [ 2.32415, 6.60625 ], [ 2.32279, 6.60489 ], [ 2.32307, 6.60407 ], [ 2.32261, 6.60344 ], [ 2.32343, 6.60326 ], [ 2.32307, 6.60254 ], [ 2.32252, 6.60299 ], [ 2.32252, 6.6038 ], [ 2.32207, 6.60444 ], [ 2.32243, 6.60552 ], [ 2.32198, 6.60588 ], [ 2.32144, 6.60579 ], [ 2.32125, 6.60615 ], [ 2.32098, 6.60588 ], [ 2.32017, 6.60606 ], [ 2.32044, 6.60398 ], [ 2.31972, 6.60389 ], [ 2.31954, 6.60452 ], [ 2.31899, 6.60407 ], [ 2.31918, 6.60353 ], [ 2.31963, 6.60371 ], [ 2.31927, 6.60172 ], [ 2.31963, 6.60181 ], [ 2.32008, 6.60118 ], [ 2.32135, 6.60118 ], [ 2.32153, 6.60208 ], [ 2.32072, 6.60172 ], [ 2.32072, 6.60244 ], [ 2.32207, 6.60281 ], [ 2.32225, 6.60245 ], [ 2.32189, 6.60199 ], [ 2.32234, 6.60245 ], [ 2.32334, 6.60208 ], [ 2.32343, 6.60181 ], [ 2.32271, 6.60136 ], [ 2.32316, 6.601 ], [ 2.32415, 6.60227 ], [ 2.32415, 6.60272 ], [ 2.32506, 6.60281 ], [ 2.32451, 6.60362 ], [ 2.32506, 6.60462 ], [ 2.32551, 6.60471 ], [ 2.32551, 6.60335 ], [ 2.32651, 6.60263 ], [ 2.32623, 6.60227 ], [ 2.32642, 6.60173 ], [ 2.32578, 6.60182 ], [ 2.3256, 6.60227 ], [ 2.32533, 6.60218 ], [ 2.32533, 6.60145 ], [ 2.32443, 6.60181 ], [ 2.32416, 6.60046 ], [ 2.32262, 6.60064 ], [ 2.32244, 6.60027 ], [ 2.32289, 6.59982 ], [ 2.32253, 6.59982 ], [ 2.32226, 6.59928 ], [ 2.32172, 6.59955 ], [ 2.32163, 6.59919 ], [ 2.32226, 6.59837 ], [ 2.32289, 6.59847 ], [ 2.32307, 6.59783 ], [ 2.32362, 6.59819 ], [ 2.32425, 6.59801 ], [ 2.32362, 6.5991 ], [ 2.3228, 6.59865 ], [ 2.3228, 6.59937 ], [ 2.32506, 6.59973 ], [ 2.32515, 6.60037 ], [ 2.32569, 6.60028 ], [ 2.32506, 6.59937 ], [ 2.32561, 6.59874 ], [ 2.32452, 6.59847 ], [ 2.32452, 6.5982 ], [ 2.32543, 6.59793 ], [ 2.32624, 6.59847 ], [ 2.32642, 6.59784 ], [ 2.32597, 6.5972 ], [ 2.32688, 6.59657 ], [ 2.32642, 6.59567 ], [ 2.32697, 6.59576 ], [ 2.32724, 6.5954 ], [ 2.3267, 6.59503 ], [ 2.32679, 6.59449 ], [ 2.32579, 6.59449 ], [ 2.32597, 6.59503 ], [ 2.32543, 6.59503 ], [ 2.32534, 6.59367 ], [ 2.32426, 6.59358 ], [ 2.32399, 6.59241 ], [ 2.32326, 6.59249 ], [ 2.32326, 6.59204 ], [ 2.32299, 6.59204 ], [ 2.32272, 6.59304 ], [ 2.32209, 6.59313 ], [ 2.32154, 6.59222 ], [ 2.32109, 6.59276 ], [ 2.32055, 6.59231 ], [ 2.32136, 6.59123 ], [ 2.32227, 6.59177 ], [ 2.32245, 6.59114 ], [ 2.32118, 6.59095 ], [ 2.32046, 6.59023 ], [ 2.32164, 6.5896 ], [ 2.32218, 6.58978 ], [ 2.32245, 6.58933 ], [ 2.32119, 6.58905 ], [ 2.32001, 6.59005 ], [ 2.32001, 6.58887 ], [ 2.3192, 6.5886 ], [ 2.3201, 6.58824 ], [ 2.3201, 6.5877 ], [ 2.31956, 6.5876 ], [ 2.31956, 6.58733 ], [ 2.32019, 6.58724 ], [ 2.3202, 6.58616 ], [ 2.31992, 6.58598 ], [ 2.31947, 6.58607 ], [ 2.31938, 6.58679 ], [ 2.31911, 6.58679 ], [ 2.31839, 6.58625 ], [ 2.31821, 6.58534 ], [ 2.31721, 6.58579 ], [ 2.31703, 6.58633 ], [ 2.31784, 6.58625 ], [ 2.31757, 6.58688 ], [ 2.31703, 6.58679 ], [ 2.31757, 6.58751 ], [ 2.31703, 6.58715 ], [ 2.31594, 6.58742 ], [ 2.31603, 6.58805 ], [ 2.31703, 6.58823 ], [ 2.31657, 6.58896 ], [ 2.31585, 6.58896 ], [ 2.31594, 6.58977 ], [ 2.31522, 6.58832 ], [ 2.31594, 6.5885 ], [ 2.31612, 6.58814 ], [ 2.31549, 6.58778 ], [ 2.31531, 6.58688 ], [ 2.31477, 6.58742 ], [ 2.3154, 6.58769 ], [ 2.31467, 6.58814 ], [ 2.31431, 6.58805 ], [ 2.3144, 6.58724 ], [ 2.31305, 6.58751 ], [ 2.31323, 6.58669 ], [ 2.31359, 6.58705 ], [ 2.31486, 6.58669 ], [ 2.31486, 6.58606 ], [ 2.31413, 6.58552 ], [ 2.31368, 6.58452 ], [ 2.31459, 6.58416 ], [ 2.3154, 6.58434 ], [ 2.31567, 6.58525 ], [ 2.31603, 6.58534 ], [ 2.31622, 6.58434 ], [ 2.31595, 6.58353 ], [ 2.31649, 6.58308 ], [ 2.31613, 6.58299 ], [ 2.31613, 6.58217 ], [ 2.3155, 6.58217 ], [ 2.3155, 6.58172 ], [ 2.31477, 6.5828 ], [ 2.31414, 6.5828 ], [ 2.31432, 6.58208 ], [ 2.31495, 6.58154 ], [ 2.3145, 6.58063 ], [ 2.31514, 6.58018 ], [ 2.31414, 6.57955 ], [ 2.31414, 6.57909 ], [ 2.3146, 6.57909 ], [ 2.31469, 6.57873 ], [ 2.31342, 6.57783 ], [ 2.3136, 6.57728 ], [ 2.31333, 6.57701 ], [ 2.3127, 6.57728 ], [ 2.31342, 6.57574 ], [ 2.31234, 6.57565 ], [ 2.31261, 6.57475 ], [ 2.31171, 6.57511 ], [ 2.31116, 6.57475 ], [ 2.31117, 6.57411 ], [ 2.31189, 6.57402 ], [ 2.31171, 6.5733 ], [ 2.31198, 6.57312 ], [ 2.3118, 6.57267 ], [ 2.31117, 6.57258 ], [ 2.31225, 6.57176 ], [ 2.31262, 6.57222 ], [ 2.31207, 6.57276 ], [ 2.31343, 6.57394 ], [ 2.31415, 6.57321 ], [ 2.31424, 6.57222 ], [ 2.31451, 6.57222 ], [ 2.3146, 6.57321 ], [ 2.31524, 6.57294 ], [ 2.31677, 6.57412 ], [ 2.31922, 6.57204 ], [ 2.31976, 6.57096 ], [ 2.32049, 6.57087 ], [ 2.32058, 6.56951 ], [ 2.3213, 6.5687 ], [ 2.32176, 6.56888 ], [ 2.32085, 6.56978 ], [ 2.32076, 6.57042 ], [ 2.32212, 6.56924 ], [ 2.3213, 6.5706 ], [ 2.32139, 6.57105 ], [ 2.32175, 6.57051 ], [ 2.3223, 6.57051 ], [ 2.3223, 6.57105 ], [ 2.3232, 6.57214 ], [ 2.32338, 6.57114 ], [ 2.32438, 6.5716 ], [ 2.32492, 6.57142 ], [ 2.32465, 6.57287 ], [ 2.3241, 6.57268 ], [ 2.32447, 6.57214 ], [ 2.32447, 6.57178 ], [ 2.32438, 6.57205 ], [ 2.32338, 6.57214 ], [ 2.32338, 6.57286 ], [ 2.32266, 6.57259 ], [ 2.32247, 6.57313 ], [ 2.32302, 6.57332 ], [ 2.32347, 6.57295 ], [ 2.32374, 6.57368 ], [ 2.32329, 6.5735 ], [ 2.32265, 6.57395 ], [ 2.32256, 6.57359 ], [ 2.32211, 6.57368 ], [ 2.32166, 6.57449 ], [ 2.32211, 6.57422 ], [ 2.32338, 6.5744 ], [ 2.32455, 6.57359 ], [ 2.32573, 6.5735 ], [ 2.32528, 6.57278 ], [ 2.32582, 6.57305 ], [ 2.32664, 6.5716 ], [ 2.32691, 6.5716 ], [ 2.32691, 6.5726 ], [ 2.32763, 6.57196 ], [ 2.32745, 6.57133 ], [ 2.32682, 6.57124 ], [ 2.32637, 6.5707 ], [ 2.3261, 6.56934 ], [ 2.32347, 6.56934 ], [ 2.32311, 6.56997 ], [ 2.32239, 6.56933 ], [ 2.32266, 6.56906 ], [ 2.3232, 6.56924 ], [ 2.32393, 6.56843 ], [ 2.32474, 6.56843 ], [ 2.32483, 6.56753 ], [ 2.32529, 6.56717 ], [ 2.32583, 6.56717 ], [ 2.32547, 6.56807 ], [ 2.32628, 6.56898 ], [ 2.32737, 6.56853 ], [ 2.32628, 6.56753 ], [ 2.32782, 6.56681 ], [ 2.32764, 6.56636 ], [ 2.328, 6.56618 ], [ 2.32791, 6.56509 ], [ 2.32592, 6.56518 ], [ 2.32502, 6.56653 ], [ 2.32465, 6.56653 ], [ 2.32456, 6.56599 ], [ 2.32393, 6.56617 ], [ 2.32284, 6.56798 ], [ 2.32248, 6.56807 ], [ 2.3233, 6.56644 ], [ 2.32303, 6.56608 ], [ 2.32339, 6.56545 ], [ 2.32294, 6.56526 ], [ 2.32321, 6.56454 ], [ 2.32393, 6.56472 ], [ 2.32493, 6.56355 ], [ 2.32484, 6.56454 ], [ 2.32583, 6.56472 ], [ 2.32638, 6.56409 ], [ 2.32592, 6.56418 ], [ 2.32547, 6.56373 ], [ 2.32565, 6.56328 ], [ 2.32638, 6.56391 ], [ 2.32665, 6.56364 ], [ 2.32737, 6.56391 ], [ 2.32683, 6.56409 ], [ 2.32647, 6.56445 ], [ 2.32665, 6.56464 ], [ 2.32782, 6.56437 ], [ 2.32819, 6.56482 ], [ 2.32819, 6.56446 ], [ 2.32864, 6.56428 ], [ 2.32828, 6.56382 ], [ 2.32855, 6.56301 ], [ 2.32801, 6.56292 ], [ 2.32828, 6.56229 ], [ 2.32756, 6.56183 ], [ 2.32783, 6.56156 ], [ 2.32828, 6.56192 ], [ 2.32855, 6.56138 ], [ 2.32738, 6.56138 ], [ 2.32665, 6.56093 ], [ 2.32611, 6.56138 ], [ 2.32502, 6.56138 ], [ 2.32484, 6.56074 ], [ 2.3243, 6.56092 ], [ 2.32394, 6.56056 ], [ 2.32421, 6.56011 ], [ 2.32394, 6.55947 ], [ 2.32512, 6.55921 ], [ 2.32521, 6.55866 ], [ 2.32449, 6.55785 ], [ 2.32376, 6.55812 ], [ 2.32403, 6.55721 ], [ 2.32331, 6.55712 ], [ 2.32304, 6.55567 ], [ 2.32367, 6.55595 ], [ 2.32386, 6.55549 ], [ 2.32422, 6.55559 ], [ 2.32449, 6.55685 ], [ 2.32485, 6.55676 ], [ 2.32548, 6.55532 ], [ 2.32503, 6.55513 ], [ 2.32549, 6.55396 ], [ 2.32512, 6.55351 ], [ 2.32549, 6.55278 ], [ 2.32531, 6.55242 ], [ 2.32594, 6.55197 ], [ 2.32793, 6.5517 ], [ 2.32875, 6.55034 ], [ 2.32884, 6.54899 ], [ 2.32956, 6.54826 ], [ 2.32975, 6.547 ], [ 2.32902, 6.54763 ], [ 2.32812, 6.54754 ], [ 2.32794, 6.54808 ], [ 2.3273, 6.54745 ], [ 2.32549, 6.54726 ], [ 2.32332, 6.54789 ], [ 2.32351, 6.54663 ], [ 2.32477, 6.5469 ], [ 2.32522, 6.54654 ], [ 2.32586, 6.54699 ], [ 2.32622, 6.54672 ], [ 2.32694, 6.54699 ], [ 2.32776, 6.54681 ], [ 2.32767, 6.54546 ], [ 2.32676, 6.54582 ], [ 2.32604, 6.54536 ], [ 2.3245, 6.54572 ], [ 2.32387, 6.54554 ], [ 2.32333, 6.54627 ], [ 2.32306, 6.54491 ], [ 2.32477, 6.54464 ], [ 2.32405, 6.54256 ], [ 2.32487, 6.54183 ], [ 2.32451, 6.54129 ], [ 2.32351, 6.54111 ], [ 2.32333, 6.5402 ], [ 2.32252, 6.53948 ], [ 2.32216, 6.53957 ], [ 2.32216, 6.54011 ], [ 2.32161, 6.54029 ], [ 2.32216, 6.54075 ], [ 2.32207, 6.5412 ], [ 2.32098, 6.54156 ], [ 2.32089, 6.54092 ], [ 2.32044, 6.54092 ], [ 2.32044, 6.54147 ], [ 2.3208, 6.54165 ], [ 2.32025, 6.54219 ], [ 2.32098, 6.54192 ], [ 2.32116, 6.5431 ], [ 2.3217, 6.5431 ], [ 2.32179, 6.54346 ], [ 2.32143, 6.54364 ], [ 2.32143, 6.54418 ], [ 2.32034, 6.54346 ], [ 2.32025, 6.54481 ], [ 2.31962, 6.54481 ], [ 2.31989, 6.54382 ], [ 2.31944, 6.54355 ], [ 2.31881, 6.54336 ], [ 2.31808, 6.54373 ], [ 2.31817, 6.54228 ], [ 2.31899, 6.54237 ], [ 2.31953, 6.54318 ], [ 2.32016, 6.54319 ], [ 2.3198, 6.54291 ], [ 2.3198, 6.54165 ], [ 2.32053, 6.54056 ], [ 2.3199, 6.54047 ], [ 2.32008, 6.53993 ], [ 2.31972, 6.53957 ], [ 2.31872, 6.54029 ], [ 2.31818, 6.5402 ], [ 2.31691, 6.54083 ], [ 2.31682, 6.54029 ], [ 2.31773, 6.53993 ], [ 2.31782, 6.53911 ], [ 2.31755, 6.53911 ], [ 2.31764, 6.53956 ], [ 2.31718, 6.53956 ], [ 2.317, 6.53875 ], [ 2.31646, 6.53866 ], [ 2.31619, 6.53929 ], [ 2.31556, 6.53911 ], [ 2.31583, 6.53965 ], [ 2.3151, 6.54028 ], [ 2.31582, 6.54065 ], [ 2.31483, 6.54137 ], [ 2.3142, 6.54137 ], [ 2.31311, 6.54218 ], [ 2.31293, 6.54146 ], [ 2.3123, 6.54137 ], [ 2.31184, 6.54182 ], [ 2.31166, 6.54145 ], [ 2.31257, 6.54064 ], [ 2.31356, 6.54155 ], [ 2.31374, 6.5411 ], [ 2.31329, 6.54091 ], [ 2.31347, 6.5401 ], [ 2.31374, 6.54001 ], [ 2.31402, 6.54055 ], [ 2.31456, 6.54037 ], [ 2.3142, 6.54001 ], [ 2.31456, 6.53947 ], [ 2.31393, 6.53902 ], [ 2.31429, 6.53829 ], [ 2.31339, 6.53775 ], [ 2.3133, 6.53648 ], [ 2.31438, 6.53802 ], [ 2.31501, 6.53793 ], [ 2.3151, 6.53757 ], [ 2.31574, 6.53793 ], [ 2.31565, 6.53721 ], [ 2.3161, 6.5373 ], [ 2.31583, 6.53775 ], [ 2.31628, 6.53829 ], [ 2.31719, 6.53784 ], [ 2.31655, 6.53721 ], [ 2.31682, 6.53685 ], [ 2.31655, 6.53567 ], [ 2.31737, 6.53495 ], [ 2.31728, 6.53423 ], [ 2.31828, 6.53414 ], [ 2.318, 6.53504 ], [ 2.319, 6.53531 ], [ 2.31936, 6.53423 ], [ 2.319, 6.53378 ], [ 2.31909, 6.53224 ], [ 2.32036, 6.53296 ], [ 2.3209, 6.5326 ], [ 2.32099, 6.53188 ], [ 2.32154, 6.53188 ], [ 2.3209, 6.53124 ], [ 2.32099, 6.53088 ], [ 2.32063, 6.53088 ], [ 2.32063, 6.52998 ], [ 2.32109, 6.52944 ], [ 2.32073, 6.52871 ], [ 2.32127, 6.52871 ], [ 2.32136, 6.52835 ], [ 2.32154, 6.52871 ], [ 2.32118, 6.52944 ], [ 2.32181, 6.52944 ], [ 2.32136, 6.53016 ], [ 2.32271, 6.53034 ], [ 2.3228, 6.53197 ], [ 2.32371, 6.53233 ], [ 2.32389, 6.53179 ], [ 2.32443, 6.5327 ], [ 2.32506, 6.53297 ], [ 2.32515, 6.5336 ], [ 2.32443, 6.5336 ], [ 2.32443, 6.53387 ], [ 2.32515, 6.53405 ], [ 2.32533, 6.5346 ], [ 2.32596, 6.53451 ], [ 2.32596, 6.53496 ], [ 2.32678, 6.53478 ], [ 2.32768, 6.53532 ], [ 2.32795, 6.53478 ], [ 2.32877, 6.53515 ], [ 2.32895, 6.53442 ], [ 2.32777, 6.53406 ], [ 2.32786, 6.5337 ], [ 2.32841, 6.5337 ], [ 2.32814, 6.53315 ], [ 2.32768, 6.53297 ], [ 2.32705, 6.5337 ], [ 2.32578, 6.53369 ], [ 2.32533, 6.53324 ], [ 2.32542, 6.53234 ], [ 2.32488, 6.53261 ], [ 2.3247, 6.5317 ], [ 2.32316, 6.53152 ], [ 2.32344, 6.53098 ], [ 2.32425, 6.53134 ], [ 2.32461, 6.53007 ], [ 2.32525, 6.53035 ], [ 2.32525, 6.52998 ], [ 2.32461, 6.52953 ], [ 2.32461, 6.52908 ], [ 2.32425, 6.52908 ], [ 2.32398, 6.52971 ], [ 2.32416, 6.53071 ], [ 2.32326, 6.5307 ], [ 2.32362, 6.52935 ], [ 2.32271, 6.52962 ], [ 2.32262, 6.52926 ], [ 2.32281, 6.5288 ], [ 2.32362, 6.52908 ], [ 2.32407, 6.52817 ], [ 2.32344, 6.5279 ], [ 2.32353, 6.52727 ], [ 2.3229, 6.52718 ], [ 2.32317, 6.52645 ], [ 2.32236, 6.52645 ], [ 2.3229, 6.52555 ], [ 2.32227, 6.52482 ], [ 2.32118, 6.52564 ], [ 2.32172, 6.52591 ], [ 2.32136, 6.52636 ], [ 2.32082, 6.52564 ], [ 2.31973, 6.52591 ], [ 2.32037, 6.525 ], [ 2.32028, 6.52337 ], [ 2.31983, 6.52301 ], [ 2.31901, 6.52337 ], [ 2.31874, 6.52301 ], [ 2.31965, 6.52247 ], [ 2.31992, 6.52156 ], [ 2.31911, 6.52066 ], [ 2.32083, 6.52021 ], [ 2.32064, 6.52156 ], [ 2.32119, 6.5212 ], [ 2.32164, 6.52157 ], [ 2.3211, 6.52193 ], [ 2.32128, 6.52238 ], [ 2.32055, 6.52283 ], [ 2.32046, 6.52346 ], [ 2.32091, 6.52383 ], [ 2.32182, 6.52365 ], [ 2.32146, 6.52229 ], [ 2.32236, 6.52238 ], [ 2.322, 6.52175 ], [ 2.32254, 6.52166 ], [ 2.32218, 6.52129 ], [ 2.32236, 6.52057 ], [ 2.32164, 6.52057 ], [ 2.32237, 6.52012 ], [ 2.32228, 6.51912 ], [ 2.32146, 6.51948 ], [ 2.32056, 6.5184 ], [ 2.32029, 6.5193 ], [ 2.31956, 6.51912 ], [ 2.31866, 6.51957 ], [ 2.31857, 6.52048 ], [ 2.3182, 6.52057 ], [ 2.3182, 6.52011 ], [ 2.31757, 6.51957 ], [ 2.31721, 6.51966 ], [ 2.3173, 6.52029 ], [ 2.31676, 6.5202 ], [ 2.31712, 6.51866 ], [ 2.31676, 6.51875 ], [ 2.31649, 6.51957 ], [ 2.31612, 6.51948 ], [ 2.31603, 6.51884 ], [ 2.3154, 6.5192 ], [ 2.31585, 6.5202 ], [ 2.31468, 6.51948 ], [ 2.31522, 6.51848 ], [ 2.31432, 6.51875 ], [ 2.31423, 6.51776 ], [ 2.31468, 6.51785 ], [ 2.31477, 6.5183 ], [ 2.31549, 6.51794 ], [ 2.31486, 6.51667 ], [ 2.31559, 6.51568 ], [ 2.31613, 6.51604 ], [ 2.31559, 6.51622 ], [ 2.3154, 6.51685 ], [ 2.3164, 6.51676 ], [ 2.31577, 6.51776 ], [ 2.31703, 6.51821 ], [ 2.31748, 6.51758 ], [ 2.31694, 6.51676 ], [ 2.31712, 6.51622 ], [ 2.31821, 6.51695 ], [ 2.31848, 6.51631 ], [ 2.31911, 6.51641 ], [ 2.31893, 6.5174 ], [ 2.31938, 6.51749 ], [ 2.31993, 6.51713 ], [ 2.31966, 6.51632 ], [ 2.32029, 6.51577 ], [ 2.3202, 6.51541 ], [ 2.32101, 6.51559 ], [ 2.3212, 6.51487 ], [ 2.32093, 6.51469 ], [ 2.32056, 6.51505 ], [ 2.32011, 6.51451 ], [ 2.32038, 6.51405 ], [ 2.31921, 6.51405 ], [ 2.31975, 6.51342 ], [ 2.31866, 6.51387 ], [ 2.31758, 6.51351 ], [ 2.31731, 6.51423 ], [ 2.31767, 6.51414 ], [ 2.31794, 6.51478 ], [ 2.31704, 6.51486 ], [ 2.31613, 6.51423 ], [ 2.31595, 6.51269 ], [ 2.31496, 6.51296 ], [ 2.31496, 6.5136 ], [ 2.3155, 6.51396 ], [ 2.31477, 6.51423 ], [ 2.31423, 6.51287 ], [ 2.31451, 6.5116 ], [ 2.31532, 6.51179 ], [ 2.31496, 6.51124 ], [ 2.31505, 6.51043 ], [ 2.31541, 6.51016 ], [ 2.31541, 6.5098 ], [ 2.31496, 6.5097 ], [ 2.31515, 6.50799 ], [ 2.3146, 6.50817 ], [ 2.31351, 6.51016 ], [ 2.31288, 6.50934 ], [ 2.31297, 6.50889 ], [ 2.31379, 6.50916 ], [ 2.31361, 6.50826 ], [ 2.31424, 6.50844 ], [ 2.31415, 6.50744 ], [ 2.3146, 6.50726 ], [ 2.31397, 6.50663 ], [ 2.31488, 6.50591 ], [ 2.31533, 6.50491 ], [ 2.31605, 6.50455 ], [ 2.31506, 6.50428 ], [ 2.31515, 6.50256 ], [ 2.31551, 6.50247 ], [ 2.31588, 6.50301 ], [ 2.31651, 6.50319 ], [ 2.31642, 6.50356 ], [ 2.31597, 6.50355 ], [ 2.31605, 6.50419 ], [ 2.3166, 6.50464 ], [ 2.3166, 6.50518 ], [ 2.3175, 6.50582 ], [ 2.31786, 6.50519 ], [ 2.31687, 6.505 ], [ 2.31678, 6.50455 ], [ 2.31732, 6.50437 ], [ 2.31696, 6.50383 ], [ 2.31805, 6.50383 ], [ 2.31814, 6.50247 ], [ 2.31904, 6.50193 ], [ 2.31923, 6.50094 ], [ 2.31868, 6.5003 ], [ 2.32031, 6.50039 ], [ 2.31896, 6.49931 ], [ 2.3186, 6.49849 ], [ 2.31742, 6.49903 ], [ 2.31715, 6.49804 ], [ 2.31661, 6.49831 ], [ 2.3166, 6.49985 ], [ 2.31606, 6.49975 ], [ 2.31606, 6.49876 ], [ 2.31525, 6.49813 ], [ 2.31579, 6.49785 ], [ 2.3157, 6.49749 ], [ 2.31389, 6.49858 ], [ 2.31362, 6.49984 ], [ 2.31299, 6.49939 ], [ 2.31262, 6.50002 ], [ 2.31235, 6.49993 ], [ 2.31244, 6.49894 ], [ 2.3129, 6.49857 ], [ 2.31263, 6.49803 ], [ 2.31353, 6.49722 ], [ 2.31344, 6.49577 ], [ 2.31299, 6.49487 ], [ 2.31381, 6.49378 ], [ 2.31471, 6.49387 ], [ 2.3148, 6.4936 ], [ 2.31399, 6.49261 ], [ 2.31327, 6.49297 ], [ 2.31236, 6.4926 ], [ 2.31191, 6.4917 ], [ 2.31236, 6.49061 ], [ 2.312, 6.48916 ], [ 2.31309, 6.48944 ], [ 2.31318, 6.48835 ], [ 2.31363, 6.48826 ], [ 2.31391, 6.48763 ], [ 2.31436, 6.48772 ], [ 2.31472, 6.48853 ], [ 2.31544, 6.48835 ], [ 2.31553, 6.4879 ], [ 2.31472, 6.48754 ], [ 2.31508, 6.48754 ], [ 2.31508, 6.48682 ], [ 2.31563, 6.48709 ], [ 2.31554, 6.48591 ], [ 2.31608, 6.48555 ], [ 2.31608, 6.48483 ], [ 2.31554, 6.48474 ], [ 2.31517, 6.486 ], [ 2.31436, 6.48609 ], [ 2.31436, 6.48573 ], [ 2.31499, 6.48537 ], [ 2.31491, 6.48437 ], [ 2.31382, 6.48374 ], [ 2.31373, 6.48428 ], [ 2.31436, 6.48446 ], [ 2.31409, 6.48482 ], [ 2.31436, 6.48546 ], [ 2.31382, 6.48555 ], [ 2.31373, 6.48519 ], [ 2.31255, 6.48537 ], [ 2.31274, 6.48392 ], [ 2.31319, 6.48374 ], [ 2.31255, 6.48374 ], [ 2.3131, 6.48292 ], [ 2.31247, 6.48265 ], [ 2.31265, 6.48229 ], [ 2.3122, 6.48175 ], [ 2.31265, 6.48148 ], [ 2.31265, 6.48084 ], [ 2.31337, 6.48021 ], [ 2.31347, 6.47958 ], [ 2.31464, 6.47904 ], [ 2.31464, 6.47867 ], [ 2.31338, 6.47885 ], [ 2.31329, 6.47786 ], [ 2.31293, 6.47759 ], [ 2.31311, 6.47668 ], [ 2.31284, 6.47605 ], [ 2.31229, 6.47587 ], [ 2.31229, 6.47541 ], [ 2.3132, 6.47541 ], [ 2.3132, 6.47587 ], [ 2.31365, 6.47569 ], [ 2.31365, 6.47704 ], [ 2.31437, 6.47714 ], [ 2.31473, 6.47768 ], [ 2.31501, 6.47659 ], [ 2.31465, 6.47542 ], [ 2.31519, 6.47524 ], [ 2.31501, 6.47596 ], [ 2.31537, 6.47605 ], [ 2.31573, 6.47578 ], [ 2.31555, 6.47506 ], [ 2.31591, 6.47415 ], [ 2.31673, 6.47415 ], [ 2.317, 6.47488 ], [ 2.31727, 6.47488 ], [ 2.31727, 6.47443 ], [ 2.31682, 6.47379 ], [ 2.31546, 6.47361 ], [ 2.31501, 6.47397 ], [ 2.3151, 6.47451 ], [ 2.31438, 6.4746 ], [ 2.3142, 6.47424 ], [ 2.31483, 6.47361 ], [ 2.31429, 6.47297 ], [ 2.31402, 6.47297 ], [ 2.31429, 6.4737 ], [ 2.31374, 6.47406 ], [ 2.31374, 6.47469 ], [ 2.31329, 6.47469 ], [ 2.31266, 6.47397 ], [ 2.31167, 6.47062 ], [ 2.31194, 6.4698 ], [ 2.31131, 6.46926 ], [ 2.31185, 6.46854 ], [ 2.31167, 6.46818 ], [ 2.31249, 6.46772 ], [ 2.31113, 6.46781 ], [ 2.31122, 6.46727 ], [ 2.31176, 6.46745 ], [ 2.31204, 6.46673 ], [ 2.31158, 6.46682 ], [ 2.31086, 6.46609 ], [ 2.31104, 6.46546 ], [ 2.31159, 6.4651 ], [ 2.31041, 6.46455 ], [ 2.31077, 6.46401 ], [ 2.31032, 6.46293 ], [ 2.30978, 6.46311 ], [ 2.30924, 6.4622 ], [ 2.30779, 6.46274 ], [ 2.30779, 6.46238 ], [ 2.30897, 6.46193 ], [ 2.30933, 6.46139 ], [ 2.30969, 6.46157 ], [ 2.30879, 6.46075 ], [ 2.30933, 6.46012 ], [ 2.30861, 6.45976 ], [ 2.30825, 6.45903 ], [ 2.30816, 6.45704 ], [ 2.3078, 6.45686 ], [ 2.30952, 6.45686 ], [ 2.31033, 6.45732 ], [ 2.30997, 6.45668 ], [ 2.31033, 6.45506 ], [ 2.30988, 6.45478 ], [ 2.30843, 6.4565 ], [ 2.30807, 6.45569 ], [ 2.30879, 6.4556 ], [ 2.3087, 6.45496 ], [ 2.30789, 6.45514 ], [ 2.30816, 6.45406 ], [ 2.30726, 6.45424 ], [ 2.30663, 6.45351 ], [ 2.30708, 6.45279 ], [ 2.30572, 6.45134 ], [ 2.30573, 6.45034 ], [ 2.30482, 6.44944 ], [ 2.30519, 6.44853 ], [ 2.30645, 6.44863 ], [ 2.30754, 6.44727 ], [ 2.30654, 6.447 ], [ 2.30528, 6.44808 ], [ 2.30483, 6.44799 ], [ 2.30428, 6.44654 ], [ 2.30383, 6.446 ], [ 2.30338, 6.446 ], [ 2.30383, 6.44537 ], [ 2.3032, 6.44518 ], [ 2.30302, 6.44446 ], [ 2.30248, 6.44428 ], [ 2.30194, 6.44328 ], [ 2.30194, 6.44211 ], [ 2.3014, 6.44183 ], [ 2.30077, 6.44021 ], [ 2.29977, 6.43948 ], [ 2.29959, 6.43812 ], [ 2.30032, 6.43812 ], [ 2.30041, 6.43749 ], [ 2.30005, 6.43704 ], [ 2.29941, 6.43758 ], [ 2.29842, 6.43749 ], [ 2.29779, 6.43595 ], [ 2.29724, 6.43559 ], [ 2.29725, 6.43513 ], [ 2.29788, 6.43541 ], [ 2.29779, 6.43504 ], [ 2.29679, 6.43477 ], [ 2.29725, 6.43387 ], [ 2.29589, 6.43405 ], [ 2.29553, 6.43359 ], [ 2.29571, 6.43287 ], [ 2.29499, 6.43251 ], [ 2.29607, 6.43197 ], [ 2.29608, 6.43124 ], [ 2.29481, 6.43088 ], [ 2.29454, 6.43006 ], [ 2.29418, 6.43043 ], [ 2.29382, 6.43015 ], [ 2.29345, 6.42943 ], [ 2.29319, 6.42653 ], [ 2.29246, 6.42671 ], [ 2.29192, 6.42626 ], [ 2.29219, 6.425 ], [ 2.29156, 6.42499 ], [ 2.29129, 6.42427 ], [ 2.29075, 6.42427 ], [ 2.29039, 6.42364 ], [ 2.29048, 6.42255 ], [ 2.29003, 6.42183 ], [ 2.29039, 6.4211 ], [ 2.28994, 6.4202 ], [ 2.29112, 6.41947 ], [ 2.29121, 6.41875 ], [ 2.28985, 6.41821 ], [ 2.28958, 6.4173 ], [ 2.28904, 6.41766 ], [ 2.28967, 6.42065 ], [ 2.28985, 6.42373 ], [ 2.29075, 6.42445 ], [ 2.2912, 6.42572 ], [ 2.29111, 6.42662 ], [ 2.29174, 6.42717 ], [ 2.29129, 6.42771 ], [ 2.29291, 6.42843 ], [ 2.29363, 6.43142 ], [ 2.29481, 6.4335 ], [ 2.29679, 6.43568 ], [ 2.29697, 6.43667 ], [ 2.2977, 6.43676 ], [ 2.29806, 6.43812 ], [ 2.29977, 6.44002 ], [ 2.29923, 6.44075 ], [ 2.2995, 6.44102 ], [ 2.30022, 6.44075 ], [ 2.30049, 6.4422 ], [ 2.30094, 6.44238 ], [ 2.30058, 6.44292 ], [ 2.30121, 6.44274 ], [ 2.30221, 6.44428 ], [ 2.30221, 6.44491 ], [ 2.30293, 6.44564 ], [ 2.30365, 6.44817 ], [ 2.30455, 6.44971 ], [ 2.30428, 6.45025 ], [ 2.30572, 6.4517 ], [ 2.30581, 6.45243 ], [ 2.30654, 6.45333 ], [ 2.30654, 6.45387 ], [ 2.30599, 6.45369 ], [ 2.30518, 6.45469 ], [ 2.30554, 6.45514 ], [ 2.30699, 6.45487 ], [ 2.30689, 6.45559 ], [ 2.30744, 6.45713 ], [ 2.30707, 6.45758 ], [ 2.30798, 6.45894 ], [ 2.30815, 6.46139 ], [ 2.30698, 6.46175 ], [ 2.30625, 6.46138 ], [ 2.30626, 6.4603 ], [ 2.3058, 6.46012 ], [ 2.30544, 6.4593 ], [ 2.30499, 6.45604 ], [ 2.304, 6.45459 ], [ 2.30391, 6.45324 ], [ 2.3031, 6.45324 ], [ 2.30292, 6.45251 ], [ 2.30238, 6.45233 ], [ 2.30202, 6.4517 ], [ 2.30238, 6.45115 ], [ 2.3012, 6.45061 ], [ 2.30066, 6.44817 ], [ 2.29994, 6.4478 ], [ 2.29958, 6.4469 ], [ 2.29985, 6.44618 ], [ 2.29904, 6.4459 ], [ 2.29823, 6.44473 ], [ 2.2985, 6.44418 ], [ 2.29769, 6.44382 ], [ 2.29678, 6.44255 ], [ 2.29687, 6.44201 ], [ 2.29615, 6.44128 ], [ 2.29697, 6.43893 ], [ 2.29552, 6.43857 ], [ 2.29552, 6.43984 ], [ 2.29516, 6.43993 ], [ 2.29435, 6.43938 ], [ 2.29426, 6.43875 ], [ 2.29245, 6.43766 ], [ 2.292, 6.43712 ], [ 2.29209, 6.43667 ], [ 2.29082, 6.43585 ], [ 2.28965, 6.43341 ], [ 2.2883, 6.43177 ], [ 2.28739, 6.43141 ], [ 2.28685, 6.43069 ], [ 2.28694, 6.43023 ], [ 2.28505, 6.42779 ], [ 2.28405, 6.42535 ], [ 2.28397, 6.42336 ], [ 2.28343, 6.42254 ], [ 2.2837, 6.42064 ], [ 2.28316, 6.41892 ], [ 2.28343, 6.41874 ], [ 2.28388, 6.41937 ], [ 2.28416, 6.41838 ], [ 2.28352, 6.4182 ], [ 2.2837, 6.41793 ], [ 2.28406, 6.41829 ], [ 2.28443, 6.41811 ], [ 2.28361, 6.41766 ], [ 2.28352, 6.41711 ], [ 2.28524, 6.41802 ], [ 2.28578, 6.41911 ], [ 2.28669, 6.41875 ], [ 2.28659, 6.41983 ], [ 2.28587, 6.42064 ], [ 2.28641, 6.42137 ], [ 2.28587, 6.42182 ], [ 2.28623, 6.42236 ], [ 2.28704, 6.42209 ], [ 2.28714, 6.4211 ], [ 2.28813, 6.42173 ], [ 2.28777, 6.42101 ], [ 2.28858, 6.42047 ], [ 2.28831, 6.41902 ], [ 2.28804, 6.41902 ], [ 2.28832, 6.4182 ], [ 2.28777, 6.41793 ], [ 2.28741, 6.41847 ], [ 2.28678, 6.41847 ], [ 2.28669, 6.41793 ], [ 2.28705, 6.4182 ], [ 2.28705, 6.41784 ], [ 2.28615, 6.4173 ], [ 2.2856, 6.41757 ], [ 2.28579, 6.41684 ], [ 2.28479, 6.41702 ], [ 2.28371, 6.41639 ], [ 2.28307, 6.41648 ], [ 2.28289, 6.41521 ], [ 2.28253, 6.41539 ], [ 2.28262, 6.41584 ], [ 2.28235, 6.41584 ], [ 2.28244, 6.4153 ], [ 2.28181, 6.41476 ], [ 2.28172, 6.41412 ], [ 2.28226, 6.41394 ], [ 2.28181, 6.41304 ], [ 2.28254, 6.4125 ], [ 2.28172, 6.41168 ], [ 2.282, 6.41023 ], [ 2.28109, 6.40996 ], [ 2.28091, 6.40924 ], [ 2.28064, 6.40942 ], [ 2.28091, 6.41014 ], [ 2.2801, 6.40951 ], [ 2.27919, 6.40996 ], [ 2.2782, 6.40969 ], [ 2.27793, 6.4105 ], [ 2.27711, 6.40996 ], [ 2.27757, 6.40833 ], [ 2.27847, 6.40851 ], [ 2.27847, 6.40878 ], [ 2.27865, 6.40851 ], [ 2.27892, 6.40905 ], [ 2.27902, 6.40743 ], [ 2.27965, 6.40734 ], [ 2.27965, 6.40616 ], [ 2.27929, 6.40598 ], [ 2.27938, 6.40652 ], [ 2.27893, 6.40688 ], [ 2.27829, 6.40552 ], [ 2.27784, 6.4067 ], [ 2.27703, 6.40724 ], [ 2.27703, 6.40788 ], [ 2.27576, 6.40724 ], [ 2.2754, 6.40814 ], [ 2.27467, 6.40841 ], [ 2.27458, 6.40887 ], [ 2.27567, 6.40887 ], [ 2.27549, 6.40977 ], [ 2.27359, 6.40977 ], [ 2.27331, 6.41122 ], [ 2.27376, 6.41158 ], [ 2.27286, 6.41239 ], [ 2.27322, 6.41294 ], [ 2.2725, 6.41384 ], [ 2.27286, 6.41411 ], [ 2.2724, 6.41556 ], [ 2.27204, 6.41565 ], [ 2.27177, 6.4152 ], [ 2.27195, 6.4161 ], [ 2.27132, 6.41682 ], [ 2.27159, 6.41728 ], [ 2.2714, 6.418 ], [ 2.27023, 6.41845 ], [ 2.27005, 6.41935 ], [ 2.2705, 6.41954 ], [ 2.2705, 6.42008 ], [ 2.27013, 6.42116 ], [ 2.26932, 6.42171 ], [ 2.26896, 6.42279 ], [ 2.2685, 6.42306 ], [ 2.26759, 6.42722 ], [ 2.26669, 6.42776 ], [ 2.26678, 6.4284 ], [ 2.26551, 6.4302 ], [ 2.26478, 6.43066 ], [ 2.26424, 6.43265 ], [ 2.26379, 6.43264 ], [ 2.26324, 6.43337 ], [ 2.26333, 6.43472 ], [ 2.26297, 6.435 ], [ 2.26315, 6.43545 ], [ 2.26251, 6.43699 ], [ 2.26206, 6.43762 ], [ 2.26134, 6.43789 ], [ 2.26188, 6.43943 ], [ 2.26115, 6.44196 ], [ 2.25997, 6.44331 ], [ 2.26006, 6.44386 ], [ 2.25906, 6.44576 ], [ 2.25725, 6.44792 ], [ 2.25671, 6.44765 ], [ 2.25671, 6.44847 ], [ 2.2559, 6.44847 ], [ 2.25599, 6.44801 ], [ 2.25535, 6.4472 ], [ 2.25581, 6.4472 ], [ 2.25572, 6.44666 ], [ 2.25635, 6.44575 ], [ 2.25608, 6.44512 ], [ 2.25662, 6.44494 ], [ 2.2578, 6.44168 ], [ 2.25844, 6.44096 ], [ 2.2588, 6.43897 ], [ 2.25917, 6.43861 ], [ 2.25926, 6.4368 ], [ 2.25989, 6.43572 ], [ 2.25999, 6.43382 ], [ 2.26071, 6.43364 ], [ 2.26044, 6.43155 ], [ 2.26126, 6.43092 ], [ 2.26135, 6.4302 ], [ 2.2618, 6.42984 ], [ 2.26171, 6.42902 ], [ 2.26244, 6.42839 ], [ 2.26235, 6.42721 ], [ 2.26362, 6.42559 ], [ 2.26362, 6.42423 ], [ 2.26434, 6.42405 ], [ 2.26488, 6.42487 ], [ 2.26606, 6.42414 ], [ 2.26534, 6.42152 ], [ 2.26444, 6.42134 ], [ 2.26543, 6.4208 ], [ 2.26462, 6.42089 ], [ 2.26453, 6.42034 ], [ 2.26335, 6.42043 ], [ 2.26299, 6.42152 ], [ 2.26217, 6.42115 ], [ 2.26208, 6.42206 ], [ 2.26281, 6.42206 ], [ 2.26344, 6.42161 ], [ 2.26407, 6.42179 ], [ 2.26326, 6.42251 ], [ 2.2638, 6.42306 ], [ 2.26271, 6.42378 ], [ 2.26344, 6.42414 ], [ 2.26334, 6.4255 ], [ 2.26271, 6.42658 ], [ 2.26217, 6.42685 ], [ 2.26198, 6.42776 ], [ 2.26126, 6.42767 ], [ 2.26153, 6.4283 ], [ 2.2609, 6.42839 ], [ 2.26108, 6.42975 ], [ 2.26035, 6.42993 ], [ 2.25954, 6.42956 ], [ 2.25981, 6.43074 ], [ 2.25891, 6.43092 ], [ 2.25881, 6.43219 ], [ 2.25827, 6.432 ], [ 2.25854, 6.43255 ], [ 2.25917, 6.43273 ], [ 2.2589, 6.43309 ], [ 2.25935, 6.43363 ], [ 2.25854, 6.43535 ], [ 2.2589, 6.4358 ], [ 2.25845, 6.43635 ], [ 2.25781, 6.43644 ], [ 2.25836, 6.43562 ], [ 2.25772, 6.43553 ], [ 2.25736, 6.43616 ], [ 2.25763, 6.43689 ], [ 2.25853, 6.43698 ], [ 2.25881, 6.43743 ], [ 2.25754, 6.43743 ], [ 2.25718, 6.43779 ], [ 2.25727, 6.43852 ], [ 2.25672, 6.43815 ], [ 2.25672, 6.43752 ], [ 2.25564, 6.43788 ], [ 2.25519, 6.43725 ], [ 2.25474, 6.43743 ], [ 2.25482, 6.43833 ], [ 2.25654, 6.43806 ], [ 2.25654, 6.4396 ], [ 2.25681, 6.43969 ], [ 2.2569, 6.43897 ], [ 2.25727, 6.43888 ], [ 2.25726, 6.43987 ], [ 2.25799, 6.44069 ], [ 2.25717, 6.44078 ], [ 2.25717, 6.44032 ], [ 2.25663, 6.4406 ], [ 2.25636, 6.44014 ], [ 2.25564, 6.44032 ], [ 2.25554, 6.44114 ], [ 2.25618, 6.44168 ], [ 2.25599, 6.44213 ], [ 2.25708, 6.44259 ], [ 2.2569, 6.4434 ], [ 2.25626, 6.44358 ], [ 2.25617, 6.44439 ], [ 2.25527, 6.44466 ], [ 2.25518, 6.44503 ], [ 2.25482, 6.44367 ], [ 2.25446, 6.44367 ], [ 2.25445, 6.44421 ], [ 2.254, 6.44421 ], [ 2.25536, 6.44566 ], [ 2.25436, 6.44548 ], [ 2.25427, 6.44629 ], [ 2.25327, 6.44674 ], [ 2.25409, 6.4472 ], [ 2.25418, 6.44828 ], [ 2.25363, 6.44837 ], [ 2.25327, 6.44774 ], [ 2.253, 6.44837 ], [ 2.25345, 6.44873 ], [ 2.25264, 6.44882 ], [ 2.25264, 6.44946 ], [ 2.25209, 6.44964 ], [ 2.2521, 6.44891 ], [ 2.25119, 6.44891 ], [ 2.25119, 6.44828 ], [ 2.25002, 6.44809 ], [ 2.25056, 6.44918 ], [ 2.25182, 6.44936 ], [ 2.25173, 6.44991 ], [ 2.2511, 6.45 ], [ 2.25209, 6.45045 ], [ 2.25209, 6.45126 ], [ 2.25173, 6.45163 ], [ 2.25218, 6.45181 ], [ 2.25155, 6.45217 ], [ 2.25218, 6.45235 ], [ 2.252, 6.4528 ], [ 2.25119, 6.45289 ], [ 2.25091, 6.45244 ], [ 2.25046, 6.45271 ], [ 2.251, 6.45352 ], [ 2.25155, 6.45334 ], [ 2.25182, 6.45371 ], [ 2.25118, 6.45371 ], [ 2.25118, 6.45398 ], [ 2.25037, 6.4537 ], [ 2.25073, 6.4547 ], [ 2.25001, 6.4547 ], [ 2.2501, 6.45542 ], [ 2.25082, 6.4566 ], [ 2.25218, 6.45633 ], [ 2.25299, 6.45733 ], [ 2.25208, 6.4576 ], [ 2.25073, 6.45723 ], [ 2.25036, 6.45841 ], [ 2.25054, 6.4594 ], [ 2.25118, 6.45968 ], [ 2.25127, 6.4604 ], [ 2.25054, 6.4604 ], [ 2.24973, 6.45976 ], [ 2.24928, 6.45994 ], [ 2.24973, 6.46076 ], [ 2.24855, 6.46058 ], [ 2.24828, 6.46121 ], [ 2.24864, 6.46157 ], [ 2.24927, 6.46148 ], [ 2.24954, 6.46248 ], [ 2.24918, 6.46302 ], [ 2.24963, 6.46375 ], [ 2.25063, 6.46357 ], [ 2.2509, 6.46393 ], [ 2.25198, 6.46393 ], [ 2.2528, 6.4652 ], [ 2.25171, 6.46547 ], [ 2.25135, 6.46655 ], [ 2.25108, 6.46646 ], [ 2.25108, 6.4651 ], [ 2.25062, 6.46519 ], [ 2.25062, 6.46682 ], [ 2.24981, 6.46637 ], [ 2.24981, 6.46709 ], [ 2.24954, 6.46718 ], [ 2.24936, 6.46673 ], [ 2.24836, 6.46664 ], [ 2.248, 6.46754 ], [ 2.24691, 6.46754 ], [ 2.247, 6.46673 ], [ 2.24719, 6.46691 ], [ 2.24755, 6.46609 ], [ 2.2471, 6.46564 ], [ 2.24646, 6.46591 ], [ 2.24646, 6.46555 ], [ 2.2461, 6.46555 ], [ 2.24592, 6.46582 ], [ 2.24646, 6.46627 ], [ 2.24592, 6.46673 ], [ 2.24502, 6.46654 ], [ 2.24502, 6.46609 ], [ 2.24556, 6.46618 ], [ 2.24565, 6.46591 ], [ 2.24484, 6.46564 ], [ 2.24493, 6.46455 ], [ 2.24457, 6.46446 ], [ 2.24484, 6.46383 ], [ 2.2443, 6.46383 ], [ 2.24403, 6.46337 ], [ 2.24457, 6.46247 ], [ 2.24403, 6.46247 ], [ 2.24384, 6.46319 ], [ 2.2433, 6.46301 ], [ 2.24366, 6.46337 ], [ 2.2433, 6.46491 ], [ 2.24267, 6.46419 ], [ 2.24221, 6.46527 ], [ 2.24276, 6.46563 ], [ 2.24221, 6.46591 ], [ 2.24158, 6.46563 ], [ 2.24131, 6.4669 ], [ 2.24212, 6.46771 ], [ 2.2423, 6.46744 ], [ 2.24194, 6.46699 ], [ 2.2423, 6.4669 ], [ 2.24293, 6.46799 ], [ 2.24393, 6.46781 ], [ 2.24366, 6.46835 ], [ 2.24447, 6.46953 ], [ 2.24356, 6.47152 ], [ 2.2441, 6.47251 ], [ 2.24383, 6.4726 ], [ 2.2432, 6.47161 ], [ 2.24193, 6.47115 ], [ 2.24293, 6.47007 ], [ 2.24257, 6.46934 ], [ 2.24121, 6.46979 ], [ 2.24166, 6.47016 ], [ 2.24166, 6.47142 ], [ 2.24193, 6.4716 ], [ 2.24148, 6.47251 ], [ 2.24112, 6.47242 ], [ 2.24139, 6.47169 ], [ 2.24039, 6.47205 ], [ 2.24012, 6.47115 ], [ 2.2394, 6.47151 ], [ 2.23841, 6.47015 ], [ 2.23805, 6.47015 ], [ 2.23632, 6.47187 ], [ 2.23678, 6.47241 ], [ 2.23623, 6.47259 ], [ 2.23605, 6.47232 ], [ 2.23578, 6.47313 ], [ 2.23596, 6.47431 ], [ 2.2356, 6.47449 ], [ 2.23578, 6.47549 ], [ 2.23758, 6.4763 ], [ 2.23749, 6.47712 ], [ 2.23623, 6.47766 ], [ 2.2355, 6.47702 ], [ 2.23569, 6.47612 ], [ 2.23514, 6.47548 ], [ 2.23469, 6.47557 ], [ 2.23424, 6.4763 ], [ 2.2337, 6.47584 ], [ 2.23333, 6.47584 ], [ 2.23315, 6.4763 ], [ 2.23288, 6.47602 ], [ 2.23306, 6.47548 ], [ 2.23243, 6.47539 ], [ 2.23225, 6.47593 ], [ 2.23252, 6.47638 ], [ 2.23143, 6.47611 ], [ 2.23125, 6.47674 ], [ 2.23062, 6.47647 ], [ 2.2308, 6.47512 ], [ 2.23126, 6.47466 ], [ 2.23225, 6.47494 ], [ 2.23261, 6.47449 ], [ 2.23379, 6.47422 ], [ 2.2337, 6.47394 ], [ 2.2327, 6.47394 ], [ 2.23298, 6.47186 ], [ 2.23244, 6.47204 ], [ 2.23244, 6.47177 ], [ 2.23316, 6.47159 ], [ 2.23325, 6.47222 ], [ 2.23388, 6.47223 ], [ 2.23388, 6.47286 ], [ 2.23316, 6.4725 ], [ 2.23316, 6.47322 ], [ 2.23415, 6.47422 ], [ 2.23478, 6.47431 ], [ 2.2356, 6.47232 ], [ 2.2347, 6.47177 ], [ 2.23578, 6.47196 ], [ 2.23696, 6.47051 ], [ 2.23542, 6.46933 ], [ 2.23497, 6.47042 ], [ 2.23434, 6.47042 ], [ 2.23415, 6.47123 ], [ 2.23443, 6.47141 ], [ 2.23415, 6.47159 ], [ 2.23343, 6.47132 ], [ 2.23352, 6.47105 ], [ 2.23406, 6.47114 ], [ 2.23388, 6.47078 ], [ 2.23253, 6.47114 ], [ 2.23226, 6.47069 ], [ 2.23262, 6.47023 ], [ 2.23153, 6.46996 ], [ 2.23217, 6.46933 ], [ 2.23145, 6.46797 ], [ 2.23199, 6.46806 ], [ 2.23353, 6.46716 ], [ 2.23389, 6.46761 ], [ 2.23452, 6.46761 ], [ 2.2347, 6.46852 ], [ 2.23416, 6.46897 ], [ 2.23425, 6.46933 ], [ 2.2357, 6.46879 ], [ 2.23651, 6.46979 ], [ 2.23741, 6.46988 ], [ 2.23931, 6.46843 ], [ 2.23886, 6.46789 ], [ 2.23968, 6.46789 ], [ 2.23959, 6.46735 ], [ 2.23995, 6.46744 ], [ 2.24076, 6.46663 ], [ 2.24031, 6.4659 ], [ 2.24104, 6.46617 ], [ 2.24167, 6.465 ], [ 2.23968, 6.46292 ], [ 2.2405, 6.46256 ], [ 2.24131, 6.46409 ], [ 2.24167, 6.46301 ], [ 2.24149, 6.46247 ], [ 2.24231, 6.46319 ], [ 2.24357, 6.46247 ], [ 2.24367, 6.46175 ], [ 2.24312, 6.46111 ], [ 2.24421, 6.46129 ], [ 2.24575, 6.45985 ], [ 2.24575, 6.45931 ], [ 2.24512, 6.4594 ], [ 2.24448, 6.46075 ], [ 2.24367, 6.46084 ], [ 2.24276, 6.45994 ], [ 2.24376, 6.45976 ], [ 2.24385, 6.45894 ], [ 2.24249, 6.45903 ], [ 2.24195, 6.45939 ], [ 2.2415, 6.46093 ], [ 2.24077, 6.46057 ], [ 2.24096, 6.45948 ], [ 2.24032, 6.45848 ], [ 2.23933, 6.45903 ], [ 2.23996, 6.45821 ], [ 2.23933, 6.45785 ], [ 2.23978, 6.45731 ], [ 2.23978, 6.45658 ], [ 2.2387, 6.45667 ], [ 2.23915, 6.4574 ], [ 2.23843, 6.45785 ], [ 2.23852, 6.45848 ], [ 2.23797, 6.45884 ], [ 2.23707, 6.45839 ], [ 2.23725, 6.45803 ], [ 2.23797, 6.45821 ], [ 2.23752, 6.45721 ], [ 2.23671, 6.45766 ], [ 2.23653, 6.45875 ], [ 2.23679, 6.45975 ], [ 2.23652, 6.46029 ], [ 2.23679, 6.46047 ], [ 2.23716, 6.46002 ], [ 2.2386, 6.4602 ], [ 2.23788, 6.46092 ], [ 2.23806, 6.46129 ], [ 2.23896, 6.46074 ], [ 2.23833, 6.46255 ], [ 2.23878, 6.46273 ], [ 2.23914, 6.46219 ], [ 2.2395, 6.46228 ], [ 2.23941, 6.46373 ], [ 2.23905, 6.46346 ], [ 2.23914, 6.46301 ], [ 2.23896, 6.46282 ], [ 2.23869, 6.46291 ], [ 2.23914, 6.46545 ], [ 2.23959, 6.46554 ], [ 2.2395, 6.46473 ], [ 2.24004, 6.46464 ], [ 2.24004, 6.46545 ], [ 2.23905, 6.46581 ], [ 2.23986, 6.46626 ], [ 2.23986, 6.46663 ], [ 2.23896, 6.46662 ], [ 2.23841, 6.46545 ], [ 2.2386, 6.465 ], [ 2.23796, 6.46481 ], [ 2.23751, 6.46508 ], [ 2.2376, 6.46445 ], [ 2.23697, 6.46472 ], [ 2.23634, 6.46436 ], [ 2.23615, 6.46481 ], [ 2.23588, 6.46472 ], [ 2.23616, 6.46318 ], [ 2.23588, 6.46345 ], [ 2.23525, 6.46318 ], [ 2.23589, 6.46282 ], [ 2.2358, 6.46173 ], [ 2.23634, 6.46183 ], [ 2.23643, 6.46291 ], [ 2.23715, 6.463 ], [ 2.23706, 6.46382 ], [ 2.23742, 6.46418 ], [ 2.23742, 6.46327 ], [ 2.23797, 6.46355 ], [ 2.23833, 6.4631 ], [ 2.2377, 6.46174 ], [ 2.23761, 6.46228 ], [ 2.23688, 6.46201 ], [ 2.23697, 6.4611 ], [ 2.23598, 6.46128 ], [ 2.23643, 6.46074 ], [ 2.23598, 6.46029 ], [ 2.23535, 6.46047 ], [ 2.23553, 6.46119 ], [ 2.23498, 6.46155 ], [ 2.23507, 6.46092 ], [ 2.23444, 6.46074 ], [ 2.23426, 6.46019 ], [ 2.23508, 6.45938 ], [ 2.23598, 6.45965 ], [ 2.23625, 6.45902 ], [ 2.2358, 6.45866 ], [ 2.23499, 6.45884 ], [ 2.23481, 6.45829 ], [ 2.23236, 6.45992 ], [ 2.23236, 6.45947 ], [ 2.23191, 6.45947 ], [ 2.23128, 6.4582 ], [ 2.23119, 6.45892 ], [ 2.23164, 6.45974 ], [ 2.2311, 6.45992 ], [ 2.23119, 6.46055 ], [ 2.23173, 6.46064 ], [ 2.23182, 6.46119 ], [ 2.23082, 6.46109 ], [ 2.23046, 6.46055 ], [ 2.22974, 6.462 ], [ 2.22901, 6.46136 ], [ 2.22847, 6.46145 ], [ 2.22865, 6.46227 ], [ 2.2282, 6.46263 ], [ 2.2291, 6.46426 ], [ 2.22856, 6.46435 ], [ 2.22811, 6.46398 ], [ 2.22829, 6.46308 ], [ 2.22766, 6.46272 ], [ 2.22775, 6.46136 ], [ 2.22802, 6.461 ], [ 2.22856, 6.46118 ], [ 2.22901, 6.461 ], [ 2.22793, 6.46009 ], [ 2.2282, 6.45982 ], [ 2.22802, 6.45946 ], [ 2.22748, 6.45964 ], [ 2.22712, 6.45937 ], [ 2.2282, 6.45892 ], [ 2.22811, 6.45856 ], [ 2.2273, 6.45819 ], [ 2.22703, 6.45874 ], [ 2.22658, 6.45873 ], [ 2.22631, 6.45792 ], [ 2.22694, 6.4581 ], [ 2.22766, 6.45774 ], [ 2.22812, 6.45801 ], [ 2.2283, 6.45747 ], [ 2.22784, 6.45729 ], [ 2.22784, 6.45765 ], [ 2.22748, 6.45756 ], [ 2.22757, 6.45693 ], [ 2.2273, 6.45684 ], [ 2.22803, 6.45648 ], [ 2.2283, 6.45702 ], [ 2.22893, 6.45693 ], [ 2.22884, 6.45811 ], [ 2.22929, 6.45711 ], [ 2.22983, 6.45729 ], [ 2.23047, 6.45675 ], [ 2.23128, 6.45693 ], [ 2.23128, 6.45648 ], [ 2.23047, 6.45612 ], [ 2.23083, 6.45576 ], [ 2.23047, 6.45494 ], [ 2.23002, 6.45512 ], [ 2.23011, 6.45566 ], [ 2.22984, 6.45575 ], [ 2.23002, 6.45675 ], [ 2.22938, 6.45666 ], [ 2.22948, 6.45548 ], [ 2.22984, 6.45521 ], [ 2.22948, 6.4544 ], [ 2.23065, 6.45467 ], [ 2.23065, 6.45386 ], [ 2.23183, 6.45331 ], [ 2.2321, 6.45241 ], [ 2.23165, 6.45196 ], [ 2.23138, 6.45259 ], [ 2.23129, 6.45187 ], [ 2.23165, 6.4516 ], [ 2.23165, 6.45087 ], [ 2.2322, 6.45078 ], [ 2.23193, 6.44988 ], [ 2.23337, 6.45015 ], [ 2.23337, 6.44934 ], [ 2.23428, 6.44834 ], [ 2.23582, 6.44844 ], [ 2.23618, 6.44798 ], [ 2.236, 6.44726 ], [ 2.23672, 6.44672 ], [ 2.2369, 6.44717 ], [ 2.23727, 6.44699 ], [ 2.23736, 6.44627 ], [ 2.23808, 6.44609 ], [ 2.23872, 6.44509 ], [ 2.23944, 6.445 ], [ 2.23962, 6.44428 ], [ 2.24025, 6.44455 ], [ 2.24016, 6.44509 ], [ 2.24061, 6.44555 ], [ 2.2398, 6.44555 ], [ 2.23944, 6.44609 ], [ 2.24025, 6.4469 ], [ 2.24107, 6.44654 ], [ 2.24125, 6.44618 ], [ 2.24071, 6.44555 ], [ 2.24152, 6.44537 ], [ 2.24143, 6.44401 ], [ 2.24062, 6.44347 ], [ 2.2408, 6.44247 ], [ 2.23953, 6.44238 ], [ 2.23953, 6.44211 ], [ 2.24035, 6.44193 ], [ 2.23981, 6.44102 ], [ 2.23981, 6.4403 ], [ 2.23945, 6.4403 ], [ 2.23945, 6.44084 ], [ 2.23881, 6.44111 ], [ 2.238, 6.44066 ], [ 2.23827, 6.44003 ], [ 2.23809, 6.4393 ], [ 2.23674, 6.43903 ], [ 2.2371, 6.44011 ], [ 2.23637, 6.4402 ], [ 2.23637, 6.44147 ], [ 2.23529, 6.44056 ], [ 2.23574, 6.43939 ], [ 2.23628, 6.43939 ], [ 2.23637, 6.43821 ], [ 2.23692, 6.43803 ], [ 2.23683, 6.43758 ], [ 2.23647, 6.43767 ], [ 2.23683, 6.43704 ], [ 2.23737, 6.43677 ], [ 2.23764, 6.43776 ], [ 2.23837, 6.43776 ], [ 2.23782, 6.43749 ], [ 2.23855, 6.43677 ], [ 2.23774, 6.43568 ], [ 2.23774, 6.43505 ], [ 2.2371, 6.43586 ], [ 2.23728, 6.43641 ], [ 2.23683, 6.43622 ], [ 2.23611, 6.43658 ], [ 2.23565, 6.43631 ], [ 2.23602, 6.43695 ], [ 2.23511, 6.43767 ], [ 2.23466, 6.43713 ], [ 2.23475, 6.43676 ], [ 2.23538, 6.43667 ], [ 2.23538, 6.43604 ], [ 2.23656, 6.43577 ], [ 2.23701, 6.43532 ], [ 2.23701, 6.43496 ], [ 2.23638, 6.43532 ], [ 2.23638, 6.43378 ], [ 2.2371, 6.43405 ], [ 2.2371, 6.43451 ], [ 2.23792, 6.4346 ], [ 2.23756, 6.43369 ], [ 2.23756, 6.43288 ], [ 2.23792, 6.43261 ], [ 2.23684, 6.43242 ], [ 2.23693, 6.43143 ], [ 2.23539, 6.43061 ], [ 2.23485, 6.43088 ], [ 2.23485, 6.43134 ], [ 2.23431, 6.43115 ], [ 2.23412, 6.43188 ], [ 2.23385, 6.43188 ], [ 2.23394, 6.43097 ], [ 2.23322, 6.43052 ], [ 2.23322, 6.42952 ], [ 2.23349, 6.42916 ], [ 2.23458, 6.42953 ], [ 2.23476, 6.42889 ], [ 2.23539, 6.42871 ], [ 2.23548, 6.42953 ], [ 2.23458, 6.42989 ], [ 2.2344, 6.43079 ], [ 2.23476, 6.43079 ], [ 2.23512, 6.43016 ], [ 2.23548, 6.43043 ], [ 2.23593, 6.43007 ], [ 2.23702, 6.43034 ], [ 2.23666, 6.42962 ], [ 2.23585, 6.42953 ], [ 2.23594, 6.42917 ], [ 2.23548, 6.4288 ], [ 2.23558, 6.42844 ], [ 2.23612, 6.42853 ], [ 2.23666, 6.42799 ], [ 2.23594, 6.42808 ], [ 2.23531, 6.42681 ], [ 2.23449, 6.4269 ], [ 2.23467, 6.42609 ], [ 2.23368, 6.42509 ], [ 2.23386, 6.42437 ], [ 2.23468, 6.42446 ], [ 2.23431, 6.42509 ], [ 2.23504, 6.42618 ], [ 2.23531, 6.42618 ], [ 2.23531, 6.42573 ], [ 2.23612, 6.42591 ], [ 2.23648, 6.42564 ], [ 2.23649, 6.42446 ], [ 2.23694, 6.42365 ], [ 2.23685, 6.42193 ], [ 2.2364, 6.42202 ], [ 2.2364, 6.4213 ], [ 2.23613, 6.4213 ], [ 2.2354, 6.42175 ], [ 2.2354, 6.42265 ], [ 2.23486, 6.42283 ], [ 2.23486, 6.4222 ], [ 2.23341, 6.42229 ], [ 2.23323, 6.42301 ], [ 2.23278, 6.42301 ], [ 2.23314, 6.42211 ], [ 2.2317, 6.42183 ], [ 2.23161, 6.42011 ], [ 2.23089, 6.42029 ], [ 2.23089, 6.41885 ], [ 2.22953, 6.41902 ], [ 2.22935, 6.41848 ], [ 2.22854, 6.41848 ], [ 2.22827, 6.41785 ], [ 2.22799, 6.41803 ], [ 2.22835, 6.41893 ], [ 2.22781, 6.41884 ], [ 2.22718, 6.41812 ], [ 2.22664, 6.41821 ], [ 2.227, 6.41757 ], [ 2.22754, 6.41766 ], [ 2.22818, 6.41694 ], [ 2.22881, 6.41703 ], [ 2.22899, 6.41631 ], [ 2.22782, 6.41667 ], [ 2.22782, 6.41558 ], [ 2.22736, 6.41604 ], [ 2.22655, 6.41594 ], [ 2.22538, 6.41495 ], [ 2.22483, 6.41495 ], [ 2.22483, 6.4144 ], [ 2.22529, 6.41449 ], [ 2.22547, 6.41413 ], [ 2.22538, 6.41305 ], [ 2.22429, 6.41268 ], [ 2.22393, 6.41314 ], [ 2.22312, 6.41241 ], [ 2.22285, 6.41313 ], [ 2.22267, 6.41232 ], [ 2.22258, 6.41259 ], [ 2.22167, 6.4125 ], [ 2.22113, 6.41196 ], [ 2.22194, 6.41178 ], [ 2.22249, 6.41214 ], [ 2.22231, 6.41132 ], [ 2.22276, 6.41123 ], [ 2.2233, 6.41205 ], [ 2.2243, 6.4125 ], [ 2.22448, 6.41196 ], [ 2.22403, 6.41124 ], [ 2.22439, 6.41096 ], [ 2.22502, 6.41115 ], [ 2.22547, 6.41051 ], [ 2.22593, 6.41079 ], [ 2.22665, 6.41052 ], [ 2.22647, 6.41006 ], [ 2.22602, 6.41033 ], [ 2.22511, 6.40852 ], [ 2.22403, 6.40834 ], [ 2.2243, 6.4078 ], [ 2.22503, 6.40816 ], [ 2.22557, 6.40762 ], [ 2.22512, 6.40671 ], [ 2.22421, 6.4068 ], [ 2.22376, 6.40644 ], [ 2.22431, 6.40581 ], [ 2.22485, 6.4059 ], [ 2.22422, 6.40545 ], [ 2.22422, 6.4049 ], [ 2.22512, 6.40445 ], [ 2.22548, 6.40527 ], [ 2.22593, 6.40545 ], [ 2.22575, 6.40599 ], [ 2.22611, 6.40599 ], [ 2.22639, 6.40491 ], [ 2.22639, 6.40445 ], [ 2.22557, 6.40418 ], [ 2.22548, 6.40364 ], [ 2.22476, 6.40364 ], [ 2.22476, 6.40282 ], [ 2.22422, 6.40355 ], [ 2.2244, 6.40409 ], [ 2.22395, 6.40391 ], [ 2.22395, 6.40264 ], [ 2.22467, 6.40273 ], [ 2.22476, 6.40237 ], [ 2.22404, 6.40219 ], [ 2.22413, 6.40119 ], [ 2.22467, 6.40056 ], [ 2.22513, 6.40047 ], [ 2.22504, 6.40092 ], [ 2.22567, 6.40102 ], [ 2.22594, 6.40029 ], [ 2.22648, 6.40111 ], [ 2.22576, 6.4021 ], [ 2.22576, 6.40264 ], [ 2.22512, 6.40273 ], [ 2.22512, 6.40319 ], [ 2.22621, 6.40319 ], [ 2.22603, 6.40382 ], [ 2.22693, 6.40409 ], [ 2.22675, 6.40518 ], [ 2.22756, 6.40446 ], [ 2.22729, 6.40364 ], [ 2.22657, 6.40346 ], [ 2.2272, 6.40274 ], [ 2.22801, 6.40446 ], [ 2.22883, 6.40364 ], [ 2.22883, 6.40319 ], [ 2.22919, 6.40319 ], [ 2.22973, 6.40455 ], [ 2.22865, 6.40437 ], [ 2.22892, 6.40509 ], [ 2.22865, 6.40572 ], [ 2.22829, 6.40518 ], [ 2.22783, 6.40518 ], [ 2.22837, 6.40636 ], [ 2.22819, 6.40699 ], [ 2.22882, 6.40717 ], [ 2.229, 6.4079 ], [ 2.22955, 6.40744 ], [ 2.23036, 6.40772 ], [ 2.23145, 6.40745 ], [ 2.23154, 6.40826 ], [ 2.2319, 6.40835 ], [ 2.23199, 6.407 ], [ 2.23253, 6.40727 ], [ 2.23271, 6.40799 ], [ 2.23353, 6.4079 ], [ 2.23208, 6.40636 ], [ 2.23118, 6.40609 ], [ 2.23091, 6.40618 ], [ 2.23109, 6.4069 ], [ 2.22937, 6.4069 ], [ 2.22892, 6.40609 ], [ 2.22964, 6.40627 ], [ 2.22946, 6.40536 ], [ 2.23009, 6.405 ], [ 2.23082, 6.40573 ], [ 2.23272, 6.40492 ], [ 2.23299, 6.40546 ], [ 2.23398, 6.40564 ], [ 2.23434, 6.40537 ], [ 2.23498, 6.40637 ], [ 2.23534, 6.40637 ], [ 2.23552, 6.40592 ], [ 2.2348, 6.40492 ], [ 2.23317, 6.40492 ], [ 2.23281, 6.40392 ], [ 2.23245, 6.40401 ], [ 2.23263, 6.40455 ], [ 2.23163, 6.40419 ], [ 2.23181, 6.40491 ], [ 2.23145, 6.40528 ], [ 2.23082, 6.40491 ], [ 2.23082, 6.40437 ], [ 2.23163, 6.40392 ], [ 2.232, 6.40265 ], [ 2.23127, 6.40292 ], [ 2.23055, 6.40238 ], [ 2.22937, 6.40319 ], [ 2.22928, 6.40202 ], [ 2.23037, 6.40138 ], [ 2.2301, 6.40057 ], [ 2.23037, 6.39985 ], [ 2.22965, 6.4003 ], [ 2.22793, 6.39948 ], [ 2.22748, 6.39957 ], [ 2.22775, 6.39975 ], [ 2.22748, 6.4002 ], [ 2.22694, 6.39948 ], [ 2.22603, 6.39993 ], [ 2.22549, 6.39975 ], [ 2.22341, 6.40119 ], [ 2.22286, 6.40255 ], [ 2.22115, 6.40119 ], [ 2.21943, 6.40146 ], [ 2.2197, 6.40218 ], [ 2.22051, 6.40182 ], [ 2.22106, 6.402 ], [ 2.22087, 6.40255 ], [ 2.22024, 6.40273 ], [ 2.22006, 6.40336 ], [ 2.22123, 6.40336 ], [ 2.22178, 6.40237 ], [ 2.22232, 6.40255 ], [ 2.22268, 6.40372 ], [ 2.22114, 6.40526 ], [ 2.22042, 6.40526 ], [ 2.21978, 6.40481 ], [ 2.21988, 6.40408 ], [ 2.21942, 6.40399 ], [ 2.21906, 6.40254 ], [ 2.21843, 6.40272 ], [ 2.21726, 6.40164 ], [ 2.21653, 6.40209 ], [ 2.21617, 6.40127 ], [ 2.21627, 6.4001 ], [ 2.2159, 6.39973 ], [ 2.21355, 6.40018 ], [ 2.21274, 6.40118 ], [ 2.21445, 6.40199 ], [ 2.215, 6.40181 ], [ 2.21527, 6.40335 ], [ 2.21581, 6.40353 ], [ 2.21599, 6.40408 ], [ 2.21753, 6.40408 ], [ 2.21816, 6.40489 ], [ 2.21761, 6.40553 ], [ 2.21653, 6.40589 ], [ 2.21635, 6.40643 ], [ 2.21589, 6.40634 ], [ 2.21562, 6.40724 ], [ 2.21435, 6.4076 ], [ 2.21309, 6.40887 ], [ 2.21272, 6.41095 ], [ 2.21335, 6.41203 ], [ 2.21326, 6.41484 ], [ 2.21362, 6.41556 ], [ 2.21317, 6.41665 ], [ 2.21624, 6.41973 ], [ 2.21768, 6.42054 ], [ 2.21849, 6.42181 ], [ 2.22066, 6.42308 ], [ 2.22138, 6.42507 ], [ 2.22138, 6.42661 ], [ 2.22192, 6.42643 ], [ 2.22265, 6.42707 ], [ 2.22382, 6.42888 ], [ 2.22454, 6.43105 ], [ 2.22445, 6.4315 ], [ 2.2239, 6.43177 ], [ 2.2239, 6.43268 ], [ 2.22463, 6.43277 ], [ 2.22417, 6.43367 ], [ 2.22462, 6.43376 ], [ 2.22444, 6.43593 ], [ 2.22498, 6.43675 ], [ 2.22444, 6.4372 ], [ 2.22507, 6.43982 ], [ 2.22489, 6.44073 ], [ 2.22606, 6.4439 ], [ 2.22551, 6.44444 ], [ 2.22614, 6.44525 ], [ 2.22515, 6.44589 ], [ 2.22515, 6.44625 ], [ 2.22578, 6.44643 ], [ 2.2256, 6.44842 ], [ 2.22506, 6.44724 ], [ 2.22415, 6.44778 ], [ 2.2246, 6.44851 ], [ 2.22451, 6.45059 ], [ 2.22514, 6.45086 ], [ 2.22442, 6.45222 ], [ 2.22478, 6.45267 ], [ 2.22441, 6.45376 ], [ 2.22477, 6.45403 ], [ 2.22486, 6.45611 ], [ 2.22477, 6.45665 ], [ 2.22441, 6.45665 ], [ 2.22468, 6.45674 ], [ 2.22468, 6.45747 ], [ 2.22423, 6.45765 ], [ 2.22459, 6.45937 ], [ 2.22413, 6.45982 ], [ 2.22431, 6.46036 ], [ 2.22332, 6.46054 ], [ 2.22359, 6.46117 ], [ 2.22295, 6.46135 ], [ 2.22395, 6.46244 ], [ 2.22395, 6.4628 ], [ 2.2234, 6.46289 ], [ 2.22358, 6.46371 ], [ 2.22295, 6.46515 ], [ 2.22304, 6.46551 ], [ 2.22358, 6.46542 ], [ 2.22321, 6.46877 ], [ 2.22267, 6.46913 ], [ 2.22285, 6.46986 ], [ 2.2224, 6.47067 ], [ 2.22095, 6.47094 ], [ 2.22113, 6.47139 ], [ 2.22068, 6.47184 ], [ 2.22131, 6.47239 ], [ 2.22131, 6.47293 ], [ 2.22076, 6.47429 ], [ 2.22004, 6.47492 ], [ 2.21968, 6.47655 ], [ 2.21886, 6.47736 ], [ 2.21886, 6.47817 ], [ 2.21822, 6.47881 ], [ 2.21759, 6.48089 ], [ 2.21668, 6.48088 ], [ 2.21587, 6.48152 ], [ 2.21614, 6.48188 ], [ 2.21714, 6.48134 ], [ 2.21686, 6.48251 ], [ 2.21605, 6.48251 ], [ 2.2165, 6.48296 ], [ 2.21686, 6.48287 ], [ 2.21695, 6.48342 ], [ 2.21604, 6.48613 ], [ 2.21468, 6.4883 ], [ 2.2136, 6.48875 ], [ 2.2135, 6.48974 ], [ 2.21296, 6.48983 ], [ 2.21169, 6.49146 ], [ 2.21594, 6.49454 ], [ 2.21567, 6.494 ], [ 2.21666, 6.49373 ], [ 2.21685, 6.49301 ], [ 2.21648, 6.49283 ], [ 2.21739, 6.49219 ], [ 2.21748, 6.49156 ], [ 2.21839, 6.49156 ], [ 2.21839, 6.49066 ], [ 2.21947, 6.4903 ], [ 2.21884, 6.4893 ], [ 2.22011, 6.48976 ], [ 2.22011, 6.48894 ], [ 2.22029, 6.48921 ], [ 2.22137, 6.48921 ], [ 2.22165, 6.48858 ], [ 2.22309, 6.48831 ], [ 2.22264, 6.48768 ], [ 2.22282, 6.48741 ], [ 2.22391, 6.48777 ], [ 2.22518, 6.48705 ], [ 2.22527, 6.48678 ], [ 2.22436, 6.4866 ], [ 2.22482, 6.48542 ], [ 2.22427, 6.48524 ], [ 2.22391, 6.48442 ], [ 2.22328, 6.48424 ], [ 2.2231, 6.48343 ], [ 2.22509, 6.48415 ], [ 2.22518, 6.48479 ], [ 2.22554, 6.48415 ], [ 2.22618, 6.48425 ], [ 2.22527, 6.48651 ], [ 2.22635, 6.48615 ], [ 2.2269, 6.48506 ], [ 2.22862, 6.48407 ], [ 2.2288, 6.48362 ], [ 2.22835, 6.48325 ], [ 2.22952, 6.48317 ], [ 2.22971, 6.48253 ], [ 2.2288, 6.4828 ], [ 2.22817, 6.48235 ], [ 2.22826, 6.48334 ], [ 2.2279, 6.48362 ], [ 2.22726, 6.48343 ], [ 2.22726, 6.48298 ], [ 2.22808, 6.48307 ], [ 2.22781, 6.48262 ], [ 2.22744, 6.48271 ], [ 2.22745, 6.48171 ], [ 2.22808, 6.48135 ], [ 2.22754, 6.48081 ], [ 2.22781, 6.47991 ], [ 2.22718, 6.48027 ], [ 2.22718, 6.48108 ], [ 2.22609, 6.48099 ], [ 2.22582, 6.48144 ], [ 2.22519, 6.48144 ], [ 2.22536, 6.48289 ], [ 2.225, 6.48289 ], [ 2.22446, 6.48171 ], [ 2.22356, 6.48117 ], [ 2.22356, 6.48008 ], [ 2.22437, 6.47963 ], [ 2.22555, 6.48026 ], [ 2.22709, 6.48 ], [ 2.22691, 6.47846 ], [ 2.22727, 6.47828 ], [ 2.22718, 6.47782 ], [ 2.22826, 6.47846 ], [ 2.22854, 6.479 ], [ 2.22953, 6.47918 ], [ 2.22962, 6.47882 ], [ 2.22917, 6.47891 ], [ 2.2289, 6.47828 ], [ 2.22845, 6.47828 ], [ 2.22908, 6.47747 ], [ 2.22899, 6.47683 ], [ 2.22854, 6.47674 ], [ 2.2289, 6.47656 ], [ 2.22854, 6.47611 ], [ 2.22863, 6.47547 ], [ 2.22962, 6.47729 ], [ 2.22962, 6.47828 ], [ 2.23016, 6.47864 ], [ 2.23116, 6.47801 ], [ 2.23179, 6.47874 ], [ 2.23233, 6.47874 ], [ 2.23243, 6.47792 ], [ 2.23324, 6.47756 ], [ 2.23351, 6.47675 ], [ 2.23378, 6.47693 ], [ 2.23315, 6.47838 ], [ 2.23433, 6.4782 ], [ 2.2355, 6.47919 ], [ 2.2365, 6.47856 ], [ 2.23623, 6.47775 ], [ 2.23677, 6.47829 ], [ 2.23686, 6.47802 ], [ 2.23794, 6.47811 ], [ 2.23867, 6.4773 ], [ 2.23894, 6.47739 ], [ 2.23821, 6.47866 ], [ 2.23758, 6.47884 ], [ 2.23776, 6.47956 ], [ 2.23876, 6.47947 ], [ 2.23875, 6.47974 ], [ 2.23812, 6.47983 ], [ 2.23821, 6.48074 ], [ 2.23767, 6.48046 ], [ 2.2374, 6.48092 ], [ 2.23957, 6.48191 ], [ 2.23947, 6.48246 ], [ 2.23984, 6.48246 ], [ 2.23984, 6.48282 ], [ 2.23884, 6.48255 ], [ 2.23794, 6.48318 ], [ 2.23767, 6.48191 ], [ 2.23622, 6.48119 ], [ 2.23658, 6.48037 ], [ 2.23586, 6.48055 ], [ 2.23532, 6.4801 ], [ 2.23505, 6.48019 ], [ 2.23522, 6.48164 ], [ 2.23468, 6.48191 ], [ 2.23477, 6.48254 ], [ 2.23432, 6.48254 ], [ 2.23414, 6.48209 ], [ 2.23459, 6.48136 ], [ 2.23414, 6.48073 ], [ 2.23486, 6.48046 ], [ 2.23441, 6.48037 ], [ 2.23487, 6.47946 ], [ 2.23396, 6.47992 ], [ 2.23315, 6.47964 ], [ 2.23288, 6.47856 ], [ 2.23278, 6.48018 ], [ 2.23233, 6.48055 ], [ 2.2317, 6.48045 ], [ 2.23143, 6.48127 ], [ 2.23197, 6.48163 ], [ 2.23215, 6.48236 ], [ 2.23305, 6.48254 ], [ 2.23287, 6.48326 ], [ 2.23332, 6.48353 ], [ 2.23323, 6.48389 ], [ 2.23251, 6.48389 ], [ 2.23251, 6.48299 ], [ 2.23152, 6.48181 ], [ 2.23106, 6.48172 ], [ 2.23115, 6.48281 ], [ 2.23215, 6.48317 ], [ 2.23205, 6.48462 ], [ 2.23151, 6.4848 ], [ 2.23178, 6.48398 ], [ 2.23052, 6.48262 ], [ 2.23025, 6.48389 ], [ 2.2297, 6.48353 ], [ 2.22862, 6.48452 ], [ 2.22898, 6.48543 ], [ 2.2288, 6.48597 ], [ 2.22825, 6.48597 ], [ 2.22807, 6.48488 ], [ 2.22699, 6.48633 ], [ 2.22653, 6.48633 ], [ 2.22689, 6.48841 ], [ 2.22744, 6.48832 ], [ 2.22825, 6.48877 ], [ 2.22906, 6.48778 ], [ 2.22879, 6.48986 ], [ 2.22752, 6.49022 ], [ 2.22698, 6.48968 ], [ 2.22761, 6.48959 ], [ 2.22771, 6.48922 ], [ 2.22698, 6.48904 ], [ 2.22599, 6.48777 ], [ 2.22518, 6.48786 ], [ 2.22463, 6.48868 ], [ 2.22409, 6.48859 ], [ 2.22418, 6.48913 ], [ 2.22336, 6.48994 ], [ 2.22282, 6.48994 ], [ 2.22264, 6.48913 ], [ 2.22201, 6.48967 ], [ 2.22128, 6.48949 ], [ 2.22047, 6.49012 ], [ 2.22092, 6.49111 ], [ 2.22038, 6.49156 ], [ 2.22074, 6.49184 ], [ 2.22083, 6.4931 ], [ 2.22155, 6.49347 ], [ 2.22137, 6.49455 ], [ 2.22191, 6.49419 ], [ 2.22173, 6.4951 ], [ 2.22064, 6.49428 ], [ 2.22082, 6.49365 ], [ 2.22055, 6.4931 ], [ 2.21992, 6.49319 ], [ 2.22047, 6.49238 ], [ 2.22047, 6.49202 ], [ 2.22001, 6.49184 ], [ 2.22002, 6.49093 ], [ 2.22038, 6.49066 ], [ 2.22029, 6.49048 ], [ 2.21956, 6.49093 ], [ 2.21947, 6.49156 ], [ 2.21893, 6.49156 ], [ 2.21811, 6.49238 ], [ 2.21865, 6.49319 ], [ 2.21748, 6.49319 ], [ 2.21721, 6.494 ], [ 2.21684, 6.49409 ], [ 2.21666, 6.49536 ], [ 2.21702, 6.49536 ], [ 2.21693, 6.49563 ], [ 2.21901, 6.49735 ], [ 2.21973, 6.49781 ], [ 2.22019, 6.49763 ], [ 2.22018, 6.49817 ], [ 2.22353, 6.50007 ], [ 2.22732, 6.50316 ], [ 2.2275, 6.50288 ], [ 2.22787, 6.50307 ], [ 2.22796, 6.50361 ], [ 2.23103, 6.50542 ], [ 2.23085, 6.50569 ], [ 2.23157, 6.50588 ], [ 2.23311, 6.50733 ], [ 2.23347, 6.50724 ], [ 2.23383, 6.50778 ], [ 2.23455, 6.50769 ], [ 2.2341, 6.50805 ], [ 2.23455, 6.50796 ], [ 2.23464, 6.50841 ], [ 2.23482, 6.50823 ], [ 2.235, 6.50869 ], [ 2.23573, 6.50887 ], [ 2.23663, 6.50986 ], [ 2.23681, 6.50932 ], [ 2.23699, 6.51014 ], [ 2.23771, 6.51032 ], [ 2.23771, 6.51068 ], [ 2.23844, 6.51086 ], [ 2.23997, 6.51231 ], [ 2.24033, 6.51195 ], [ 2.24088, 6.51295 ], [ 2.24151, 6.51313 ], [ 2.24223, 6.51394 ], [ 2.2425, 6.51358 ], [ 2.24268, 6.51422 ], [ 2.24304, 6.51413 ], [ 2.24313, 6.51458 ], [ 2.24467, 6.51567 ], [ 2.24494, 6.51576 ], [ 2.24512, 6.51494 ], [ 2.24639, 6.51449 ], [ 2.24702, 6.5154 ], [ 2.24639, 6.51757 ], [ 2.2472, 6.51911 ], [ 2.24747, 6.52218 ], [ 2.24792, 6.52282 ], [ 2.24773, 6.52327 ], [ 2.24801, 6.52327 ], [ 2.24773, 6.52372 ], [ 2.24828, 6.52372 ], [ 2.24773, 6.5239 ], [ 2.24828, 6.52445 ], [ 2.248, 6.52472 ], [ 2.24846, 6.5249 ], [ 2.24827, 6.52526 ], [ 2.24873, 6.52508 ], [ 2.24855, 6.52571 ], [ 2.24936, 6.52725 ], [ 2.24972, 6.52734 ], [ 2.25017, 6.5287 ], [ 2.25089, 6.52925 ], [ 2.25098, 6.52997 ], [ 2.25134, 6.52997 ], [ 2.25107, 6.53033 ], [ 2.2517, 6.53133 ], [ 2.25215, 6.5335 ], [ 2.2526, 6.53377 ], [ 2.25269, 6.53341 ], [ 2.25269, 6.53386 ], [ 2.25242, 6.53422 ], [ 2.25287, 6.53422 ], [ 2.25251, 6.53449 ], [ 2.25287, 6.53468 ], [ 2.25278, 6.53531 ], [ 2.25314, 6.53531 ], [ 2.25323, 6.53667 ], [ 2.25396, 6.53667 ], [ 2.25332, 6.53676 ], [ 2.25332, 6.53703 ], [ 2.25396, 6.53748 ], [ 2.25359, 6.53775 ], [ 2.25414, 6.53775 ], [ 2.25377, 6.53784 ], [ 2.25386, 6.53857 ], [ 2.25413, 6.53911 ], [ 2.2545, 6.53911 ], [ 2.25413, 6.53929 ], [ 2.25522, 6.54183 ], [ 2.25521, 6.54273 ], [ 2.25467, 6.54373 ], [ 2.25702, 6.54391 ], [ 2.25711, 6.54418 ], [ 2.25747, 6.54391 ], [ 2.25747, 6.54427 ], [ 2.25793, 6.544 ], [ 2.25793, 6.54427 ], [ 2.25883, 6.54455 ], [ 2.26046, 6.54473 ], [ 2.26407, 6.54926 ], [ 2.26461, 6.54944 ], [ 2.2647, 6.54998 ], [ 2.26506, 6.54998 ], [ 2.26497, 6.55035 ], [ 2.26615, 6.55125 ], [ 2.26633, 6.55189 ], [ 2.26831, 6.55406 ], [ 2.26922, 6.55451 ], [ 2.26913, 6.55487 ], [ 2.26967, 6.55515 ], [ 2.26976, 6.5556 ], [ 2.27012, 6.55551 ], [ 2.26994, 6.55578 ], [ 2.27274, 6.55841 ], [ 2.27274, 6.55886 ], [ 2.27382, 6.56004 ], [ 2.27572, 6.56104 ], [ 2.27635, 6.56194 ], [ 2.27789, 6.56276 ], [ 2.27852, 6.56357 ], [ 2.28006, 6.56412 ], [ 2.27997, 6.56439 ], [ 2.28078, 6.5643 ], [ 2.28042, 6.56457 ], [ 2.2806, 6.56475 ], [ 2.2825, 6.56512 ], [ 2.28331, 6.56584 ], [ 2.28431, 6.56575 ], [ 2.28413, 6.56611 ], [ 2.28467, 6.56639 ], [ 2.28521, 6.56639 ], [ 2.28521, 6.56539 ], [ 2.28567, 6.56557 ], [ 2.28603, 6.5653 ], [ 2.28648, 6.56567 ], [ 2.28711, 6.56521 ], [ 2.28802, 6.5663 ], [ 2.28775, 6.56657 ], [ 2.28802, 6.56721 ], [ 2.29181, 6.56775 ], [ 2.29155, 6.56612 ], [ 2.291, 6.56612 ], [ 2.29118, 6.5654 ], [ 2.29164, 6.56522 ], [ 2.29164, 6.56576 ], [ 2.29218, 6.56594 ], [ 2.29236, 6.56658 ], [ 2.29191, 6.56676 ], [ 2.292, 6.56703 ], [ 2.2929, 6.56703 ], [ 2.29326, 6.5664 ], [ 2.29227, 6.56576 ], [ 2.29245, 6.56549 ], [ 2.29345, 6.56577 ], [ 2.29372, 6.56477 ], [ 2.29308, 6.56504 ], [ 2.29281, 6.56432 ], [ 2.29381, 6.56423 ], [ 2.29381, 6.56341 ], [ 2.29444, 6.56296 ], [ 2.29463, 6.56233 ], [ 2.2949, 6.56287 ], [ 2.29553, 6.56242 ], [ 2.29517, 6.56206 ], [ 2.29445, 6.56206 ], [ 2.29463, 6.56106 ], [ 2.29617, 6.56025 ], [ 2.29535, 6.55998 ], [ 2.29545, 6.55907 ], [ 2.29572, 6.55907 ], [ 2.29581, 6.55971 ], [ 2.29626, 6.55971 ], [ 2.29617, 6.55917 ], [ 2.29662, 6.55926 ], [ 2.29689, 6.55989 ], [ 2.29753, 6.55917 ], [ 2.29744, 6.55881 ], [ 2.2968, 6.55871 ], [ 2.29735, 6.55835 ], [ 2.29699, 6.55754 ], [ 2.29626, 6.55745 ], [ 2.29662, 6.55718 ], [ 2.29653, 6.55672 ], [ 2.2959, 6.55681 ], [ 2.29581, 6.55745 ], [ 2.29491, 6.55699 ], [ 2.29581, 6.55681 ], [ 2.29599, 6.55645 ], [ 2.29581, 6.556 ], [ 2.295, 6.556 ], [ 2.29509, 6.55527 ], [ 2.29427, 6.5569 ], [ 2.294, 6.55636 ], [ 2.29355, 6.55645 ], [ 2.29301, 6.55599 ], [ 2.29301, 6.55554 ], [ 2.29455, 6.55582 ], [ 2.29455, 6.55545 ], [ 2.29364, 6.55545 ], [ 2.29247, 6.55455 ], [ 2.2921, 6.55473 ], [ 2.29192, 6.55464 ], [ 2.29373, 6.5541 ], [ 2.29373, 6.55491 ], [ 2.29409, 6.55518 ], [ 2.29527, 6.5531 ], [ 2.29582, 6.55274 ], [ 2.29645, 6.5531 ], [ 2.29636, 6.55347 ], [ 2.29753, 6.5551 ], [ 2.29916, 6.55456 ], [ 2.29961, 6.55546 ], [ 2.29997, 6.55537 ], [ 2.30007, 6.55419 ], [ 2.29898, 6.55356 ], [ 2.29871, 6.55266 ], [ 2.29898, 6.55257 ], [ 2.29925, 6.55338 ], [ 2.30016, 6.55356 ], [ 2.30052, 6.55356 ], [ 2.30043, 6.55275 ], [ 2.29989, 6.5532 ], [ 2.2998, 6.55284 ], [ 2.30016, 6.55239 ], [ 2.30088, 6.55266 ], [ 2.30088, 6.55193 ], [ 2.30242, 6.55275 ], [ 2.30242, 6.55176 ], [ 2.30179, 6.55139 ], [ 2.30287, 6.55085 ], [ 2.30279, 6.54977 ], [ 2.30315, 6.54949 ], [ 2.30306, 6.54904 ], [ 2.30378, 6.54859 ], [ 2.3036, 6.54814 ], [ 2.30478, 6.54814 ], [ 2.30451, 6.54751 ], [ 2.3036, 6.54741 ], [ 2.30342, 6.54696 ], [ 2.30406, 6.54642 ], [ 2.30469, 6.54669 ], [ 2.30532, 6.54633 ], [ 2.30523, 6.54606 ], [ 2.30451, 6.54615 ], [ 2.30442, 6.5457 ], [ 2.30379, 6.54542 ], [ 2.30406, 6.54497 ], [ 2.30469, 6.54497 ], [ 2.30487, 6.54561 ], [ 2.3056, 6.54579 ], [ 2.30578, 6.54498 ], [ 2.30614, 6.54489 ], [ 2.30623, 6.54597 ], [ 2.30713, 6.54597 ], [ 2.30713, 6.54534 ], [ 2.30759, 6.54552 ], [ 2.30804, 6.54462 ], [ 2.30849, 6.54471 ], [ 2.30903, 6.54543 ], [ 2.30849, 6.54516 ], [ 2.30758, 6.54652 ], [ 2.30831, 6.54643 ], [ 2.3084, 6.54742 ], [ 2.30876, 6.54787 ], [ 2.3093, 6.54778 ], [ 2.30921, 6.54806 ], [ 2.30831, 6.54787 ], [ 2.30722, 6.54851 ], [ 2.30749, 6.54805 ], [ 2.30722, 6.54769 ], [ 2.30831, 6.54706 ], [ 2.30722, 6.5467 ], [ 2.30704, 6.54715 ], [ 2.30623, 6.54715 ], [ 2.30587, 6.54688 ], [ 2.30596, 6.54642 ], [ 2.3055, 6.54642 ], [ 2.30568, 6.54706 ], [ 2.30505, 6.54769 ], [ 2.30541, 6.54859 ], [ 2.30622, 6.54896 ], [ 2.30622, 6.54941 ], [ 2.30568, 6.54923 ], [ 2.30505, 6.54995 ], [ 2.30541, 6.55176 ], [ 2.3045, 6.55185 ], [ 2.3045, 6.55212 ], [ 2.30513, 6.55212 ], [ 2.30513, 6.55257 ], [ 2.30486, 6.55348 ], [ 2.30396, 6.55393 ], [ 2.30414, 6.55474 ], [ 2.3035, 6.55519 ], [ 2.30332, 6.55583 ], [ 2.30332, 6.55619 ], [ 2.30377, 6.55628 ], [ 2.30368, 6.55719 ], [ 2.30422, 6.55773 ], [ 2.30504, 6.55673 ], [ 2.30504, 6.55773 ], [ 2.30748, 6.55692 ], [ 2.30748, 6.55665 ], [ 2.30658, 6.55638 ], [ 2.30703, 6.55619 ], [ 2.30694, 6.55565 ], [ 2.30757, 6.55502 ], [ 2.30703, 6.5543 ], [ 2.30667, 6.55439 ], [ 2.30631, 6.55384 ], [ 2.30567, 6.55402 ], [ 2.30513, 6.5533 ], [ 2.30577, 6.55285 ], [ 2.30568, 6.55248 ], [ 2.30604, 6.55248 ], [ 2.30568, 6.55212 ], [ 2.30577, 6.55113 ], [ 2.30776, 6.5514 ], [ 2.30866, 6.55258 ], [ 2.30893, 6.55149 ], [ 2.30966, 6.55113 ], [ 2.31029, 6.5514 ], [ 2.31047, 6.55095 ], [ 2.31084, 6.55095 ], [ 2.31083, 6.55131 ], [ 2.30975, 6.55177 ], [ 2.31029, 6.55294 ], [ 2.31065, 6.55294 ], [ 2.31147, 6.5524 ], [ 2.31129, 6.55068 ], [ 2.31156, 6.55014 ], [ 2.31183, 6.55005 ], [ 2.31183, 6.55114 ], [ 2.31264, 6.55096 ], [ 2.31274, 6.55041 ], [ 2.31219, 6.54996 ], [ 2.31219, 6.54951 ], [ 2.31274, 6.54978 ], [ 2.31265, 6.55032 ], [ 2.3131, 6.55032 ], [ 2.31319, 6.54969 ], [ 2.31346, 6.55005 ], [ 2.31391, 6.54996 ], [ 2.31364, 6.54915 ], [ 2.31337, 6.54933 ], [ 2.3131, 6.54915 ], [ 2.31328, 6.54842 ], [ 2.31428, 6.54833 ], [ 2.31419, 6.54734 ], [ 2.31464, 6.54662 ], [ 2.31518, 6.5468 ], [ 2.31491, 6.54743 ], [ 2.31545, 6.54806 ], [ 2.31563, 6.54698 ], [ 2.31609, 6.54698 ], [ 2.31618, 6.54743 ], [ 2.31672, 6.54734 ], [ 2.3169, 6.54644 ], [ 2.31663, 6.54571 ], [ 2.31627, 6.5458 ], [ 2.31636, 6.54544 ], [ 2.31745, 6.54581 ], [ 2.31754, 6.54635 ], [ 2.31717, 6.5468 ], [ 2.31826, 6.5468 ], [ 2.31907, 6.54644 ], [ 2.31916, 6.54599 ], [ 2.3179, 6.54599 ], [ 2.31808, 6.54481 ], [ 2.31862, 6.5449 ], [ 2.31862, 6.54545 ], [ 2.31944, 6.54508 ], [ 2.31953, 6.54635 ], [ 2.32016, 6.54617 ], [ 2.31971, 6.54545 ], [ 2.3207, 6.54527 ], [ 2.32043, 6.54608 ], [ 2.32188, 6.5469 ], [ 2.3216, 6.5478 ], [ 2.32106, 6.54798 ], [ 2.32061, 6.5469 ], [ 2.31952, 6.54689 ], [ 2.31853, 6.54698 ], [ 2.31708, 6.54761 ], [ 2.31708, 6.54789 ], [ 2.31789, 6.54852 ], [ 2.31744, 6.54906 ], [ 2.31844, 6.54943 ], [ 2.31934, 6.54906 ], [ 2.32034, 6.54916 ], [ 2.32061, 6.54852 ], [ 2.32187, 6.54898 ], [ 2.32106, 6.54961 ], [ 2.31943, 6.5497 ], [ 2.31925, 6.55069 ], [ 2.31889, 6.55078 ], [ 2.31916, 6.55115 ], [ 2.31979, 6.55097 ], [ 2.31952, 6.55214 ], [ 2.32006, 6.55169 ], [ 2.32024, 6.55232 ], [ 2.32106, 6.55232 ], [ 2.32087, 6.5535 ], [ 2.3216, 6.55441 ], [ 2.32033, 6.55449 ], [ 2.32033, 6.55341 ], [ 2.32006, 6.55368 ], [ 2.31879, 6.55341 ], [ 2.31906, 6.5525 ], [ 2.31879, 6.55277 ], [ 2.31807, 6.55232 ], [ 2.31934, 6.55205 ], [ 2.31889, 6.55105 ], [ 2.31807, 6.55142 ], [ 2.31789, 6.55205 ], [ 2.31744, 6.55178 ], [ 2.31689, 6.55196 ], [ 2.31689, 6.55232 ], [ 2.31798, 6.55241 ], [ 2.31771, 6.55313 ], [ 2.31698, 6.55304 ], [ 2.3178, 6.55422 ], [ 2.31761, 6.55485 ], [ 2.31798, 6.55485 ], [ 2.31816, 6.5544 ], [ 2.31888, 6.55531 ], [ 2.31752, 6.55521 ], [ 2.31716, 6.55539 ], [ 2.31707, 6.55603 ], [ 2.31671, 6.55594 ], [ 2.31671, 6.55521 ], [ 2.31617, 6.55485 ], [ 2.31599, 6.55404 ], [ 2.31689, 6.55458 ], [ 2.31725, 6.55431 ], [ 2.31644, 6.55259 ], [ 2.31544, 6.55358 ], [ 2.31508, 6.55295 ], [ 2.314, 6.5534 ], [ 2.314, 6.55376 ], [ 2.31327, 6.55367 ], [ 2.313, 6.55403 ], [ 2.31327, 6.55448 ], [ 2.31291, 6.55485 ], [ 2.31318, 6.55566 ], [ 2.31246, 6.55611 ], [ 2.31255, 6.55702 ], [ 2.31318, 6.55693 ], [ 2.31327, 6.55738 ], [ 2.31264, 6.55747 ], [ 2.31236, 6.55819 ], [ 2.31345, 6.56027 ], [ 2.31372, 6.55973 ], [ 2.31435, 6.55955 ], [ 2.31408, 6.55919 ], [ 2.31426, 6.55874 ], [ 2.31499, 6.5591 ], [ 2.3148, 6.55982 ], [ 2.31526, 6.5601 ], [ 2.31462, 6.56046 ], [ 2.31408, 6.56019 ], [ 2.31254, 6.56118 ], [ 2.31227, 6.55982 ], [ 2.31191, 6.56073 ], [ 2.31109, 6.56045 ], [ 2.31055, 6.56081 ], [ 2.3101, 6.56253 ], [ 2.30964, 6.56253 ], [ 2.30982, 6.5619 ], [ 2.30955, 6.56154 ], [ 2.30874, 6.56217 ], [ 2.30847, 6.56172 ], [ 2.3072, 6.56153 ], [ 2.3072, 6.56226 ], [ 2.30792, 6.56235 ], [ 2.30829, 6.56289 ], [ 2.30648, 6.56253 ], [ 2.30639, 6.56226 ], [ 2.30693, 6.56189 ], [ 2.30693, 6.56108 ], [ 2.30657, 6.56171 ], [ 2.30621, 6.56171 ], [ 2.30576, 6.56108 ], [ 2.30512, 6.56126 ], [ 2.30494, 6.5609 ], [ 2.30521, 6.56072 ], [ 2.30503, 6.5599 ], [ 2.30648, 6.55945 ], [ 2.30675, 6.55828 ], [ 2.30603, 6.55809 ], [ 2.30567, 6.55927 ], [ 2.30531, 6.55891 ], [ 2.30485, 6.559 ], [ 2.30476, 6.55836 ], [ 2.3044, 6.55845 ], [ 2.30386, 6.559 ], [ 2.30503, 6.56216 ], [ 2.30394, 6.5618 ], [ 2.30385, 6.56225 ], [ 2.30458, 6.56252 ], [ 2.30512, 6.56361 ], [ 2.30476, 6.56442 ], [ 2.30376, 6.56424 ], [ 2.30349, 6.56478 ], [ 2.3043, 6.56515 ], [ 2.30448, 6.5647 ], [ 2.30475, 6.56578 ], [ 2.30566, 6.56669 ], [ 2.30493, 6.56696 ], [ 2.30502, 6.56642 ], [ 2.30439, 6.56596 ], [ 2.30385, 6.56723 ], [ 2.3034, 6.56533 ], [ 2.30267, 6.56469 ], [ 2.30322, 6.56334 ], [ 2.30259, 6.56325 ], [ 2.30268, 6.56252 ], [ 2.30349, 6.5627 ], [ 2.30358, 6.56234 ], [ 2.30286, 6.56216 ], [ 2.30168, 6.56107 ], [ 2.3015, 6.56134 ], [ 2.30186, 6.56198 ], [ 2.30132, 6.56198 ], [ 2.30078, 6.56261 ], [ 2.30033, 6.56243 ], [ 2.30024, 6.56179 ], [ 2.29843, 6.56206 ], [ 2.29987, 6.56342 ], [ 2.29969, 6.56396 ], [ 2.30023, 6.56388 ], [ 2.30005, 6.56342 ], [ 2.30042, 6.56297 ], [ 2.30078, 6.56351 ], [ 2.30159, 6.56361 ], [ 2.30168, 6.56496 ], [ 2.30059, 6.56415 ], [ 2.30059, 6.56478 ], [ 2.29978, 6.56469 ], [ 2.29969, 6.56596 ], [ 2.29905, 6.56577 ], [ 2.29959, 6.56749 ], [ 2.30032, 6.56804 ], [ 2.30005, 6.56831 ], [ 2.29959, 6.56813 ], [ 2.29941, 6.56867 ], [ 2.29778, 6.56812 ], [ 2.29751, 6.56776 ], [ 2.29779, 6.56713 ], [ 2.29697, 6.56622 ], [ 2.29869, 6.56577 ], [ 2.29842, 6.56541 ], [ 2.29806, 6.56568 ], [ 2.29652, 6.5655 ], [ 2.29607, 6.56604 ], [ 2.29652, 6.56613 ], [ 2.29661, 6.56667 ], [ 2.29598, 6.56758 ], [ 2.2957, 6.56749 ], [ 2.2957, 6.56803 ], [ 2.29471, 6.56794 ], [ 2.29516, 6.56848 ], [ 2.29489, 6.56911 ], [ 2.29624, 6.56939 ], [ 2.29661, 6.56894 ], [ 2.29697, 6.56903 ], [ 2.29715, 6.56848 ], [ 2.2986, 6.56867 ], [ 2.2986, 6.56939 ], [ 2.2995, 6.56921 ], [ 2.2995, 6.57111 ], [ 2.29986, 6.57111 ], [ 2.30077, 6.57057 ], [ 2.29995, 6.57021 ], [ 2.29977, 6.56957 ], [ 2.3005, 6.5693 ], [ 2.30095, 6.56967 ], [ 2.30122, 6.5694 ], [ 2.30068, 6.56804 ], [ 2.30176, 6.56858 ], [ 2.30204, 6.56831 ], [ 2.30177, 6.56804 ], [ 2.30258, 6.56759 ], [ 2.30258, 6.56858 ], [ 2.30366, 6.56849 ], [ 2.30375, 6.56886 ], [ 2.30321, 6.56886 ], [ 2.30312, 6.56949 ], [ 2.3024, 6.5694 ], [ 2.30267, 6.56994 ], [ 2.30221, 6.56994 ], [ 2.30167, 6.57075 ], [ 2.30104, 6.57075 ], [ 2.30104, 6.57139 ], [ 2.30049, 6.57111 ], [ 2.30049, 6.57166 ], [ 2.30104, 6.57166 ], [ 2.30239, 6.57274 ], [ 2.30275, 6.57274 ], [ 2.30285, 6.57202 ], [ 2.30302, 6.57311 ], [ 2.30366, 6.57293 ], [ 2.30357, 6.57338 ], [ 2.30483, 6.57401 ], [ 2.30556, 6.57365 ], [ 2.30574, 6.57311 ], [ 2.30682, 6.57302 ], [ 2.30719, 6.57357 ], [ 2.30791, 6.57339 ], [ 2.30809, 6.57284 ], [ 2.30872, 6.57321 ], [ 2.30854, 6.57411 ], [ 2.30746, 6.57393 ], [ 2.30736, 6.57474 ], [ 2.30655, 6.57483 ], [ 2.30745, 6.57565 ], [ 2.30745, 6.57646 ], [ 2.30781, 6.57673 ], [ 2.30827, 6.57637 ], [ 2.3089, 6.57728 ], [ 2.30854, 6.57782 ], [ 2.30872, 6.57909 ], [ 2.30844, 6.57963 ], [ 2.30926, 6.57945 ], [ 2.30926, 6.57972 ], [ 2.3088, 6.58008 ], [ 2.3088, 6.58171 ], [ 2.30916, 6.58198 ], [ 2.30961, 6.58488 ], [ 2.31061, 6.58506 ], [ 2.30997, 6.58515 ], [ 2.30997, 6.58614 ], [ 2.31024, 6.58614 ], [ 2.31033, 6.58732 ], [ 2.31051, 6.58687 ], [ 2.31069, 6.58759 ], [ 2.31042, 6.58795 ], [ 2.31087, 6.5885 ], [ 2.31105, 6.58995 ], [ 2.31169, 6.59013 ], [ 2.31141, 6.59085 ], [ 2.31168, 6.59085 ], [ 2.31186, 6.59221 ], [ 2.31223, 6.5923 ], [ 2.3125, 6.59348 ], [ 2.31286, 6.59348 ], [ 2.31249, 6.59393 ], [ 2.31286, 6.59393 ], [ 2.31267, 6.59456 ], [ 2.31304, 6.59501 ], [ 2.31331, 6.59456 ], [ 2.31394, 6.59474 ], [ 2.31421, 6.5942 ], [ 2.31457, 6.59474 ], [ 2.31485, 6.59456 ], [ 2.31485, 6.59285 ], [ 2.31431, 6.59239 ], [ 2.31431, 6.59122 ], [ 2.31476, 6.59067 ], [ 2.31503, 6.59149 ], [ 2.31548, 6.59167 ], [ 2.31521, 6.59104 ], [ 2.3154, 6.58986 ], [ 2.31585, 6.59031 ], [ 2.31548, 6.59077 ], [ 2.31603, 6.59086 ], [ 2.31576, 6.59122 ], [ 2.31594, 6.59167 ], [ 2.31666, 6.59059 ], [ 2.31784, 6.59059 ], [ 2.31838, 6.59149 ], [ 2.31901, 6.59131 ], [ 2.31883, 6.59249 ], [ 2.31847, 6.59249 ], [ 2.31856, 6.59204 ], [ 2.31811, 6.59222 ], [ 2.31838, 6.59276 ], [ 2.31783, 6.59321 ], [ 2.31783, 6.59366 ], [ 2.31819, 6.59385 ], [ 2.31865, 6.59339 ], [ 2.31937, 6.59385 ], [ 2.31964, 6.59539 ], [ 2.31928, 6.59529 ], [ 2.31892, 6.5943 ], [ 2.3181, 6.59439 ], [ 2.31774, 6.59484 ], [ 2.31747, 6.5943 ], [ 2.31702, 6.59421 ], [ 2.31575, 6.59466 ], [ 2.3162, 6.59511 ], [ 2.31602, 6.59565 ], [ 2.31521, 6.59493 ], [ 2.31376, 6.5952 ], [ 2.31331, 6.59637 ], [ 2.31358, 6.59701 ], [ 2.31385, 6.5971 ], [ 2.31394, 6.59673 ], [ 2.31385, 6.59782 ], [ 2.31412, 6.59791 ], [ 2.31421, 6.599 ], [ 2.31448, 6.599 ], [ 2.31421, 6.59909 ], [ 2.3142, 6.60135 ], [ 2.31447, 6.60144 ], [ 2.31447, 6.60216 ], [ 2.31511, 6.60234 ], [ 2.31465, 6.60243 ], [ 2.31465, 6.60316 ], [ 2.31501, 6.60424 ], [ 2.31556, 6.60443 ], [ 2.31528, 6.60452 ], [ 2.31556, 6.6047 ], [ 2.31528, 6.60524 ], [ 2.31556, 6.60533 ], [ 2.31573, 6.60687 ], [ 2.3161, 6.60705 ], [ 2.31609, 6.60814 ], [ 2.31654, 6.60931 ], [ 2.31682, 6.60931 ], [ 2.31654, 6.60967 ], [ 2.31709, 6.60977 ], [ 2.31663, 6.61004 ], [ 2.31736, 6.61022 ], [ 2.31691, 6.61031 ], [ 2.31726, 6.61194 ], [ 2.31717, 6.61538 ], [ 2.31744, 6.61764 ], [ 2.31789, 6.61764 ], [ 2.31789, 6.618 ], [ 2.31744, 6.61782 ], [ 2.31744, 6.61881 ], [ 2.31807, 6.61909 ], [ 2.31771, 6.61918 ], [ 2.31771, 6.61972 ], [ 2.31807, 6.61981 ], [ 2.31852, 6.62234 ], [ 2.31888, 6.62262 ], [ 2.31888, 6.62334 ], [ 2.32032, 6.62669 ], [ 2.32186, 6.62723 ], [ 2.3224, 6.62778 ], [ 2.32484, 6.62751 ], [ 2.32593, 6.62841 ], [ 2.32846, 6.62887 ], [ 2.32855, 6.62923 ], [ 2.32955, 6.62951 ], [ 2.33, 6.63005 ], [ 2.33063, 6.63005 ], [ 2.3319, 6.63114 ], [ 2.33361, 6.63114 ], [ 2.33371, 6.63087 ], [ 2.33705, 6.63087 ], [ 2.33751, 6.6297 ], [ 2.33687, 6.62906 ], [ 2.33823, 6.62807 ], [ 2.33878, 6.62807 ], [ 2.33868, 6.62861 ], [ 2.33941, 6.62916 ], [ 2.34013, 6.62898 ], [ 2.34031, 6.62852 ], [ 2.34013, 6.62816 ], [ 2.33995, 6.62843 ], [ 2.33968, 6.62753 ], [ 2.34031, 6.62753 ], [ 2.34059, 6.62717 ], [ 2.34086, 6.62726 ], [ 2.34086, 6.62798 ], [ 2.34231, 6.62753 ], [ 2.34339, 6.6279 ], [ 2.34421, 6.62753 ], [ 2.34439, 6.6279 ], [ 2.34547, 6.62681 ], [ 2.34556, 6.62717 ], [ 2.3462, 6.62736 ], [ 2.34701, 6.62627 ], [ 2.34765, 6.62609 ], [ 2.35072, 6.62664 ], [ 2.35154, 6.62564 ], [ 2.35208, 6.62601 ], [ 2.35262, 6.62574 ], [ 2.35353, 6.62601 ], [ 2.35407, 6.62547 ], [ 2.3557, 6.62574 ], [ 2.35597, 6.6261 ], [ 2.35624, 6.62809 ], [ 2.35597, 6.62873 ], [ 2.35515, 6.62809 ], [ 2.35361, 6.62845 ], [ 2.35226, 6.62809 ], [ 2.35162, 6.62845 ], [ 2.35144, 6.62782 ], [ 2.35081, 6.628 ], [ 2.35081, 6.62854 ], [ 2.34999, 6.62818 ], [ 2.34918, 6.62917 ], [ 2.34873, 6.62917 ], [ 2.34782, 6.62844 ], [ 2.34819, 6.6279 ], [ 2.34746, 6.62754 ], [ 2.34701, 6.62799 ], [ 2.34737, 6.62835 ], [ 2.34619, 6.62944 ], [ 2.34574, 6.62907 ], [ 2.3452, 6.62916 ], [ 2.34457, 6.62835 ], [ 2.34393, 6.62943 ], [ 2.3433, 6.62961 ], [ 2.3423, 6.62925 ], [ 2.34131, 6.6297 ], [ 2.34104, 6.63024 ], [ 2.34031, 6.63051 ], [ 2.34004, 6.63133 ], [ 2.33922, 6.63097 ], [ 2.33832, 6.63096 ], [ 2.33805, 6.63142 ], [ 2.3376, 6.63114 ], [ 2.33669, 6.63132 ], [ 2.33714, 6.63594 ], [ 2.33722, 6.64309 ], [ 2.33758, 6.64309 ], [ 2.33694, 6.64435 ], [ 2.33685, 6.64906 ], [ 2.33576, 6.65105 ], [ 2.33567, 6.65222 ], [ 2.33467, 6.65367 ], [ 2.33458, 6.6543 ], [ 2.33494, 6.65439 ], [ 2.3344, 6.65457 ], [ 2.33449, 6.65502 ], [ 2.33413, 6.65502 ], [ 2.33385, 6.65557 ], [ 2.33358, 6.65828 ], [ 2.33385, 6.6581 ], [ 2.33385, 6.65855 ], [ 2.33421, 6.65864 ], [ 2.33358, 6.65882 ], [ 2.3334, 6.65846 ], [ 2.33339, 6.66054 ], [ 2.33303, 6.66027 ], [ 2.33303, 6.66081 ], [ 2.33339, 6.6609 ], [ 2.33303, 6.6609 ], [ 2.33285, 6.66325 ], [ 2.33194, 6.66579 ], [ 2.33221, 6.66642 ], [ 2.33158, 6.66678 ], [ 2.33158, 6.66732 ], [ 2.33221, 6.6676 ], [ 2.33139, 6.66741 ], [ 2.33211, 6.67121 ], [ 2.33256, 6.67158 ], [ 2.33274, 6.67302 ], [ 2.33311, 6.67303 ], [ 2.33274, 6.6733 ], [ 2.33401, 6.67339 ], [ 2.33419, 6.67402 ], [ 2.33392, 6.67447 ], [ 2.3341, 6.67475 ], [ 2.33455, 6.67457 ], [ 2.33464, 6.6752 ], [ 2.33582, 6.67484 ], [ 2.33528, 6.6733 ], [ 2.33564, 6.67321 ], [ 2.33618, 6.67439 ], [ 2.33618, 6.67565 ], [ 2.33573, 6.67601 ], [ 2.33609, 6.67647 ], [ 2.33609, 6.67755 ], [ 2.33536, 6.67746 ], [ 2.33518, 6.67628 ], [ 2.33482, 6.6761 ], [ 2.33464, 6.67773 ], [ 2.33419, 6.67782 ], [ 2.33418, 6.67818 ], [ 2.33455, 6.67864 ], [ 2.33436, 6.679 ], [ 2.33445, 6.67927 ], [ 2.33554, 6.67855 ], [ 2.33536, 6.67782 ], [ 2.33618, 6.67791 ], [ 2.33654, 6.679 ], [ 2.33554, 6.67918 ], [ 2.33509, 6.67963 ], [ 2.33527, 6.6799 ], [ 2.33482, 6.68008 ], [ 2.33581, 6.68171 ], [ 2.33581, 6.68226 ], [ 2.33608, 6.68217 ], [ 2.33635, 6.68343 ], [ 2.33707, 6.68416 ], [ 2.33689, 6.68443 ], [ 2.33752, 6.68461 ], [ 2.33725, 6.68461 ], [ 2.33725, 6.68515 ], [ 2.33689, 6.68524 ], [ 2.3358, 6.68768 ], [ 2.33499, 6.68859 ], [ 2.33498, 6.69022 ], [ 2.33534, 6.69022 ], [ 2.33498, 6.69049 ], [ 2.33498, 6.69266 ], [ 2.33606, 6.69329 ], [ 2.34004, 6.69411 ], [ 2.34041, 6.69448 ], [ 2.34095, 6.69412 ], [ 2.34149, 6.69466 ], [ 2.34222, 6.69439 ], [ 2.34394, 6.69475 ], [ 2.34412, 6.6953 ], [ 2.34466, 6.69502 ], [ 2.34692, 6.69557 ], [ 2.34755, 6.69648 ], [ 2.35117, 6.69648 ], [ 2.35208, 6.69531 ], [ 2.3528, 6.69522 ], [ 2.35262, 6.69485 ], [ 2.35416, 6.69449 ], [ 2.35452, 6.69477 ], [ 2.35461, 6.69386 ], [ 2.35597, 6.69441 ], [ 2.35669, 6.69432 ], [ 2.3576, 6.69323 ], [ 2.35715, 6.69269 ], [ 2.35833, 6.69215 ], [ 2.3605, 6.69197 ], [ 2.36068, 6.69125 ], [ 2.36104, 6.69125 ], [ 2.36095, 6.69206 ], [ 2.36158, 6.69215 ], [ 2.36177, 6.69107 ], [ 2.36213, 6.69116 ], [ 2.36249, 6.69206 ], [ 2.36267, 6.69134 ], [ 2.36321, 6.69116 ], [ 2.36294, 6.69016 ], [ 2.36331, 6.68863 ], [ 2.36394, 6.68836 ], [ 2.36421, 6.68754 ], [ 2.36467, 6.68736 ], [ 2.36439, 6.68863 ], [ 2.36494, 6.68881 ], [ 2.36521, 6.68827 ], [ 2.36494, 6.68772 ], [ 2.36539, 6.68736 ], [ 2.36521, 6.68682 ], [ 2.36612, 6.68637 ], [ 2.36585, 6.68555 ], [ 2.3663, 6.68546 ], [ 2.36693, 6.68456 ], [ 2.36811, 6.68438 ], [ 2.36874, 6.68384 ], [ 2.36901, 6.68411 ], [ 2.3691, 6.68691 ], [ 2.36856, 6.68773 ], [ 2.36837, 6.68945 ], [ 2.36783, 6.69008 ], [ 2.36674, 6.69017 ], [ 2.36774, 6.68881 ], [ 2.36756, 6.68827 ], [ 2.36693, 6.68836 ], [ 2.36675, 6.68872 ], [ 2.36539, 6.68854 ], [ 2.36521, 6.6889 ], [ 2.36557, 6.68917 ], [ 2.36439, 6.69071 ], [ 2.36403, 6.69206 ], [ 2.3633, 6.69279 ], [ 2.36258, 6.69242 ], [ 2.36222, 6.69324 ], [ 2.36176, 6.69279 ], [ 2.36059, 6.69324 ], [ 2.35941, 6.69287 ], [ 2.3576, 6.69586 ], [ 2.35696, 6.69613 ], [ 2.35642, 6.69576 ], [ 2.35588, 6.69658 ], [ 2.35533, 6.69658 ], [ 2.35434, 6.6973 ], [ 2.35271, 6.69739 ], [ 2.35108, 6.69838 ], [ 2.35062, 6.70046 ], [ 2.34963, 6.702 ], [ 2.34963, 6.70281 ], [ 2.3489, 6.70353 ], [ 2.35641, 6.70336 ], [ 2.3565, 6.703 ], [ 2.35786, 6.70255 ], [ 2.35922, 6.70138 ], [ 2.36121, 6.70057 ], [ 2.36148, 6.70002 ], [ 2.36393, 6.69894 ], [ 2.36384, 6.69858 ], [ 2.36447, 6.69867 ], [ 2.36483, 6.69795 ], [ 2.36583, 6.69786 ], [ 2.36628, 6.69722 ], [ 2.36737, 6.69668 ], [ 2.36864, 6.69668 ], [ 2.36873, 6.6956 ], [ 2.36818, 6.69578 ], [ 2.36764, 6.69659 ], [ 2.36692, 6.69605 ], [ 2.36701, 6.69533 ], [ 2.36764, 6.69569 ], [ 2.368, 6.69515 ], [ 2.36746, 6.69478 ], [ 2.36683, 6.69505 ], [ 2.36665, 6.69415 ], [ 2.36791, 6.69451 ], [ 2.3681, 6.69397 ], [ 2.36936, 6.6937 ], [ 2.36936, 6.69307 ], [ 2.36991, 6.69415 ], [ 2.37054, 6.69379 ], [ 2.37036, 6.69307 ], [ 2.37072, 6.69352 ], [ 2.37126, 6.69316 ], [ 2.37172, 6.69352 ], [ 2.37099, 6.69461 ], [ 2.36945, 6.69424 ], [ 2.36972, 6.69461 ], [ 2.36945, 6.69479 ], [ 2.36954, 6.6956 ], [ 2.36918, 6.69569 ], [ 2.36945, 6.69614 ], [ 2.3699, 6.69551 ], [ 2.37036, 6.69578 ], [ 2.36999, 6.69641 ], [ 2.3709, 6.69642 ], [ 2.37144, 6.69596 ], [ 2.37253, 6.69615 ], [ 2.37262, 6.69588 ], [ 2.37334, 6.69588 ], [ 2.37334, 6.69551 ], [ 2.37343, 6.69588 ], [ 2.37452, 6.69588 ], [ 2.37443, 6.69561 ], [ 2.37506, 6.69561 ], [ 2.37669, 6.69389 ], [ 2.37669, 6.69344 ], [ 2.3776, 6.6929 ], [ 2.3786, 6.69172 ], [ 2.3786, 6.69118 ], [ 2.38032, 6.68982 ], [ 2.38041, 6.68919 ], [ 2.3815, 6.68892 ], [ 2.38349, 6.68757 ], [ 2.38457, 6.68775 ], [ 2.38629, 6.6892 ], [ 2.38683, 6.6892 ], [ 2.3871, 6.68974 ], [ 2.38982, 6.6911 ], [ 2.38991, 6.69146 ], [ 2.39235, 6.69273 ], [ 2.39407, 6.69418 ], [ 2.39461, 6.69418 ], [ 2.39488, 6.69473 ], [ 2.39877, 6.69527 ], [ 2.39886, 6.69564 ], [ 2.39931, 6.69564 ], [ 2.39904, 6.69509 ], [ 2.40013, 6.69491 ], [ 2.39941, 6.69428 ], [ 2.40085, 6.69383 ], [ 2.40104, 6.6932 ], [ 2.40158, 6.6932 ], [ 2.40149, 6.69229 ], [ 2.40285, 6.69148 ], [ 2.40231, 6.69076 ], [ 2.40194, 6.69103 ], [ 2.40194, 6.69184 ], [ 2.40104, 6.69121 ], [ 2.40095, 6.69184 ], [ 2.40031, 6.69184 ], [ 2.40004, 6.6913 ], [ 2.4004, 6.69112 ], [ 2.39995, 6.69084 ], [ 2.39923, 6.69184 ], [ 2.39877, 6.69184 ], [ 2.39878, 6.69148 ], [ 2.39823, 6.69166 ], [ 2.39832, 6.6922 ], [ 2.3976, 6.69175 ], [ 2.39778, 6.69093 ], [ 2.39896, 6.68985 ], [ 2.3986, 6.68903 ], [ 2.39796, 6.68867 ], [ 2.39796, 6.68813 ], [ 2.39833, 6.68813 ], [ 2.39896, 6.68912 ], [ 2.39932, 6.68849 ], [ 2.39986, 6.68831 ], [ 2.3995, 6.68786 ], [ 2.39996, 6.68768 ], [ 2.40041, 6.6884 ], [ 2.39959, 6.6893 ], [ 2.39932, 6.69021 ], [ 2.40023, 6.68976 ], [ 2.40004, 6.69021 ], [ 2.4005, 6.6903 ], [ 2.40104, 6.68994 ], [ 2.4005, 6.68949 ], [ 2.40104, 6.6894 ], [ 2.40131, 6.68994 ], [ 2.40267, 6.68976 ], [ 2.40285, 6.69067 ], [ 2.40403, 6.68994 ], [ 2.40448, 6.6904 ], [ 2.40402, 6.69148 ], [ 2.40321, 6.69175 ], [ 2.40375, 6.6923 ], [ 2.40194, 6.69365 ], [ 2.40266, 6.69383 ], [ 2.40239, 6.69537 ], [ 2.40203, 6.69528 ], [ 2.40185, 6.69455 ], [ 2.40085, 6.69455 ], [ 2.40049, 6.69528 ], [ 2.39958, 6.69528 ], [ 2.3994, 6.69564 ], [ 2.40239, 6.69609 ], [ 2.40248, 6.69646 ], [ 2.4032, 6.69646 ], [ 2.40329, 6.69673 ], [ 2.40592, 6.69727 ], [ 2.40701, 6.69501 ], [ 2.40809, 6.69465 ], [ 2.40863, 6.69556 ], [ 2.408, 6.69565 ], [ 2.408, 6.69592 ], [ 2.40863, 6.69619 ], [ 2.40863, 6.69655 ], [ 2.40809, 6.6961 ], [ 2.40746, 6.697 ], [ 2.40646, 6.69691 ], [ 2.40628, 6.69755 ], [ 2.40863, 6.69863 ], [ 2.41017, 6.69646 ], [ 2.41171, 6.69565 ], [ 2.41171, 6.6952 ], [ 2.4109, 6.69556 ], [ 2.41072, 6.69366 ], [ 2.41117, 6.69321 ], [ 2.41117, 6.69258 ], [ 2.41144, 6.69348 ], [ 2.41162, 6.69366 ], [ 2.4118, 6.69348 ], [ 2.4109, 6.69158 ], [ 2.41063, 6.6895 ], [ 2.41018, 6.68968 ], [ 2.40982, 6.69067 ], [ 2.40946, 6.68959 ], [ 2.40837, 6.69058 ], [ 2.40846, 6.69149 ], [ 2.409, 6.69158 ], [ 2.40972, 6.69248 ], [ 2.4099, 6.69384 ], [ 2.40836, 6.69366 ], [ 2.40818, 6.69311 ], [ 2.40737, 6.69348 ], [ 2.40719, 6.69239 ], [ 2.40655, 6.69347 ], [ 2.40619, 6.69311 ], [ 2.40565, 6.69338 ], [ 2.40465, 6.69311 ], [ 2.40438, 6.69347 ], [ 2.40375, 6.6932 ], [ 2.40357, 6.69365 ], [ 2.40312, 6.69347 ], [ 2.40339, 6.69293 ], [ 2.40438, 6.69257 ], [ 2.40438, 6.69193 ], [ 2.40502, 6.69094 ], [ 2.40647, 6.69103 ], [ 2.40692, 6.68959 ], [ 2.40792, 6.68904 ], [ 2.40801, 6.68841 ], [ 2.40873, 6.68787 ], [ 2.40991, 6.68778 ], [ 2.41063, 6.68923 ], [ 2.41063, 6.68679 ], [ 2.41227, 6.68425 ], [ 2.41227, 6.68335 ], [ 2.41173, 6.68226 ], [ 2.41109, 6.68136 ], [ 2.40947, 6.68018 ], [ 2.40902, 6.67837 ], [ 2.40802, 6.6771 ], [ 2.40803, 6.67339 ], [ 2.40975, 6.67312 ], [ 2.41056, 6.67249 ], [ 2.41029, 6.67113 ], [ 2.40975, 6.67095 ], [ 2.40966, 6.66987 ], [ 2.41002, 6.66887 ], [ 2.40948, 6.6676 ], [ 2.40948, 6.66534 ], [ 2.41093, 6.66353 ], [ 2.41121, 6.66145 ], [ 2.41076, 6.66118 ], [ 2.41076, 6.66019 ], [ 2.41031, 6.65973 ], [ 2.40886, 6.66018 ], [ 2.40868, 6.66082 ], [ 2.40741, 6.66027 ], [ 2.4085, 6.65982 ], [ 2.40994, 6.65856 ], [ 2.40958, 6.65801 ], [ 2.41004, 6.65792 ], [ 2.41013, 6.65829 ], [ 2.41121, 6.65811 ], [ 2.41248, 6.65729 ], [ 2.4123, 6.6544 ], [ 2.41194, 6.65386 ], [ 2.41267, 6.65241 ], [ 2.41176, 6.65214 ], [ 2.41185, 6.65168 ], [ 2.41231, 6.65159 ], [ 2.41222, 6.65024 ], [ 2.41258, 6.64997 ], [ 2.41303, 6.65078 ], [ 2.41394, 6.65024 ], [ 2.41475, 6.64707 ], [ 2.41557, 6.64608 ], [ 2.41584, 6.64346 ], [ 2.4172, 6.64192 ], [ 2.41702, 6.64038 ], [ 2.41594, 6.64128 ], [ 2.41612, 6.64156 ], [ 2.41666, 6.64138 ], [ 2.41648, 6.64183 ], [ 2.41576, 6.64174 ], [ 2.41512, 6.6421 ], [ 2.41386, 6.64155 ], [ 2.41422, 6.64246 ], [ 2.41358, 6.64273 ], [ 2.41322, 6.64372 ], [ 2.41277, 6.64363 ], [ 2.41295, 6.64128 ], [ 2.41367, 6.64128 ], [ 2.41377, 6.64074 ], [ 2.41467, 6.6411 ], [ 2.41404, 6.64038 ], [ 2.41386, 6.63947 ], [ 2.41422, 6.63938 ], [ 2.41413, 6.63993 ], [ 2.41531, 6.63957 ], [ 2.41603, 6.64029 ], [ 2.41666, 6.63921 ], [ 2.41648, 6.63884 ], [ 2.41594, 6.63884 ], [ 2.41603, 6.63948 ], [ 2.41549, 6.63938 ], [ 2.41513, 6.63884 ], [ 2.41458, 6.63911 ], [ 2.41449, 6.63794 ], [ 2.41323, 6.63739 ], [ 2.41323, 6.63703 ], [ 2.41449, 6.63649 ], [ 2.4144, 6.63721 ], [ 2.41513, 6.63685 ], [ 2.41585, 6.63794 ], [ 2.41676, 6.6374 ], [ 2.41657, 6.63803 ], [ 2.41712, 6.6383 ], [ 2.41721, 6.63685 ], [ 2.41404, 6.63468 ], [ 2.41332, 6.63377 ], [ 2.4126, 6.63359 ], [ 2.41115, 6.63178 ], [ 2.41116, 6.62988 ], [ 2.4107, 6.62961 ], [ 2.4107, 6.62816 ], [ 2.41152, 6.62789 ], [ 2.41188, 6.62671 ], [ 2.41233, 6.62681 ], [ 2.41252, 6.62554 ], [ 2.41252, 6.62409 ], [ 2.41198, 6.62273 ], [ 2.40981, 6.62002 ], [ 2.40918, 6.62002 ], [ 2.40872, 6.61956 ], [ 2.40809, 6.61974 ], [ 2.40764, 6.61893 ], [ 2.40692, 6.61911 ], [ 2.40664, 6.61884 ], [ 2.40719, 6.61866 ], [ 2.40701, 6.61848 ], [ 2.40619, 6.6192 ], [ 2.40556, 6.61911 ], [ 2.40538, 6.61757 ], [ 2.40475, 6.61775 ], [ 2.40457, 6.61675 ], [ 2.40348, 6.61621 ], [ 2.40394, 6.61467 ], [ 2.40303, 6.61458 ], [ 2.40294, 6.61413 ], [ 2.40348, 6.61322 ], [ 2.40403, 6.61377 ], [ 2.40457, 6.61286 ], [ 2.40502, 6.61332 ], [ 2.40484, 6.61241 ], [ 2.40403, 6.61277 ], [ 2.40367, 6.61214 ], [ 2.40321, 6.61205 ], [ 2.40294, 6.6125 ], [ 2.40132, 6.61105 ], [ 2.40159, 6.61051 ], [ 2.40322, 6.61132 ], [ 2.40313, 6.61024 ], [ 2.4043, 6.61033 ], [ 2.40593, 6.60925 ], [ 2.40611, 6.60816 ], [ 2.40648, 6.60807 ], [ 2.40639, 6.60626 ], [ 2.40476, 6.60526 ], [ 2.40485, 6.60463 ], [ 2.40449, 6.60418 ], [ 2.40386, 6.60418 ], [ 2.40304, 6.60354 ], [ 2.40187, 6.60363 ], [ 2.40178, 6.60318 ], [ 2.40124, 6.60291 ], [ 2.40386, 6.60264 ], [ 2.40096, 6.60264 ], [ 2.40015, 6.60218 ], [ 2.3997, 6.60173 ], [ 2.39961, 6.59974 ], [ 2.39907, 6.59938 ], [ 2.39997, 6.59811 ], [ 2.3997, 6.59757 ], [ 2.40016, 6.59748 ], [ 2.40007, 6.59703 ], [ 2.40052, 6.59666 ], [ 2.40043, 6.5954 ], [ 2.40097, 6.5954 ], [ 2.40161, 6.59468 ], [ 2.40233, 6.59468 ], [ 2.40287, 6.59413 ], [ 2.40477, 6.59441 ], [ 2.40523, 6.59396 ], [ 2.40586, 6.59477 ], [ 2.40803, 6.59495 ], [ 2.40893, 6.59478 ], [ 2.40975, 6.59387 ], [ 2.40975, 6.59324 ], [ 2.4084, 6.59179 ], [ 2.40767, 6.59034 ], [ 2.40505, 6.5878 ], [ 2.40388, 6.5859 ], [ 2.4037, 6.58473 ], [ 2.40307, 6.584 ], [ 2.4028, 6.58292 ], [ 2.40198, 6.58219 ], [ 2.39999, 6.58165 ], [ 2.39764, 6.58182 ], [ 2.39746, 6.58237 ], [ 2.39809, 6.583 ], [ 2.3971, 6.58291 ], [ 2.39628, 6.58427 ], [ 2.39547, 6.58481 ], [ 2.39528, 6.58562 ], [ 2.39447, 6.58562 ], [ 2.39438, 6.58517 ], [ 2.39664, 6.58318 ], [ 2.39701, 6.58191 ], [ 2.39692, 6.58155 ], [ 2.39574, 6.58128 ], [ 2.39529, 6.58019 ], [ 2.39556, 6.58028 ], [ 2.39557, 6.57757 ], [ 2.39729, 6.57504 ], [ 2.39729, 6.5745 ], [ 2.39783, 6.57423 ], [ 2.39838, 6.5726 ], [ 2.39874, 6.57251 ], [ 2.40001, 6.56817 ], [ 2.4011, 6.56672 ], [ 2.4011, 6.56618 ], [ 2.40146, 6.56609 ], [ 2.40146, 6.56383 ], [ 2.4011, 6.56364 ], [ 2.40092, 6.56165 ], [ 2.40029, 6.56011 ], [ 2.40029, 6.55894 ], [ 2.40056, 6.55885 ], [ 2.40029, 6.55785 ], [ 2.40066, 6.55758 ], [ 2.40057, 6.55641 ], [ 2.40093, 6.55632 ], [ 2.4022, 6.55152 ], [ 2.40284, 6.55089 ], [ 2.40302, 6.54989 ], [ 2.40256, 6.55017 ], [ 2.40238, 6.5498 ], [ 2.40266, 6.54854 ], [ 2.40311, 6.54818 ], [ 2.40266, 6.54799 ], [ 2.40284, 6.54745 ], [ 2.40193, 6.54718 ], [ 2.40067, 6.54546 ], [ 2.39995, 6.54528 ], [ 2.40094, 6.5451 ], [ 2.40185, 6.546 ], [ 2.40212, 6.54573 ], [ 2.40293, 6.54591 ], [ 2.40293, 6.54646 ], [ 2.4023, 6.54682 ], [ 2.40284, 6.54682 ], [ 2.40302, 6.54745 ], [ 2.40411, 6.54709 ], [ 2.40356, 6.54763 ], [ 2.40347, 6.54881 ], [ 2.40311, 6.54926 ], [ 2.40329, 6.54962 ], [ 2.40429, 6.548 ], [ 2.40392, 6.54782 ], [ 2.40474, 6.54655 ], [ 2.40465, 6.54564 ], [ 2.4051, 6.54528 ], [ 2.40529, 6.54447 ], [ 2.40338, 6.54528 ], [ 2.40321, 6.54356 ], [ 2.40402, 6.5432 ], [ 2.40483, 6.54347 ], [ 2.40538, 6.54438 ], [ 2.40556, 6.5442 ], [ 2.40529, 6.5423 ], [ 2.40411, 6.54022 ], [ 2.40448, 6.53976 ], [ 2.40285, 6.53687 ], [ 2.40304, 6.53325 ], [ 2.4034, 6.53316 ], [ 2.40449, 6.53045 ], [ 2.4053, 6.52954 ], [ 2.40549, 6.52737 ], [ 2.40431, 6.5252 ], [ 2.40413, 6.52574 ], [ 2.40341, 6.52556 ], [ 2.4035, 6.52493 ], [ 2.40413, 6.52475 ], [ 2.40377, 6.52384 ], [ 2.40386, 6.52167 ], [ 2.40368, 6.52095 ], [ 2.40287, 6.52103 ], [ 2.40278, 6.52031 ], [ 2.40224, 6.51995 ], [ 2.40233, 6.51959 ], [ 2.40305, 6.51986 ], [ 2.40314, 6.51914 ], [ 2.40215, 6.51913 ], [ 2.40152, 6.51859 ], [ 2.40251, 6.51778 ], [ 2.40242, 6.51751 ], [ 2.4017, 6.5176 ], [ 2.4017, 6.51732 ], [ 2.40269, 6.51678 ], [ 2.40315, 6.51805 ], [ 2.40405, 6.51805 ], [ 2.40387, 6.51914 ], [ 2.40423, 6.51914 ], [ 2.40478, 6.51362 ], [ 2.40424, 6.51326 ], [ 2.4046, 6.51217 ], [ 2.40415, 6.51181 ], [ 2.40433, 6.51081 ], [ 2.4037, 6.51036 ], [ 2.40325, 6.51036 ], [ 2.40315, 6.51081 ], [ 2.40379, 6.51172 ], [ 2.4036, 6.51398 ], [ 2.40414, 6.51479 ], [ 2.40378, 6.51516 ], [ 2.40378, 6.51624 ], [ 2.40288, 6.51615 ], [ 2.40252, 6.5157 ], [ 2.40288, 6.51325 ], [ 2.40243, 6.51181 ], [ 2.40171, 6.51126 ], [ 2.40134, 6.51171 ], [ 2.4017, 6.51298 ], [ 2.40143, 6.51506 ], [ 2.39998, 6.51615 ], [ 2.39881, 6.51633 ], [ 2.3998, 6.51687 ], [ 2.40116, 6.51642 ], [ 2.40143, 6.51669 ], [ 2.4007, 6.51732 ], [ 2.3988, 6.51741 ], [ 2.39817, 6.51795 ], [ 2.39754, 6.51786 ], [ 2.39763, 6.51868 ], [ 2.39726, 6.51886 ], [ 2.39735, 6.51967 ], [ 2.39844, 6.52003 ], [ 2.39853, 6.52076 ], [ 2.39961, 6.52185 ], [ 2.40042, 6.52375 ], [ 2.4016, 6.52483 ], [ 2.40169, 6.52556 ], [ 2.40087, 6.52592 ], [ 2.40169, 6.52746 ], [ 2.40132, 6.52809 ], [ 2.40187, 6.52809 ], [ 2.40178, 6.52854 ], [ 2.39997, 6.528 ], [ 2.40042, 6.52718 ], [ 2.40006, 6.52628 ], [ 2.40015, 6.52501 ], [ 2.40051, 6.52465 ], [ 2.3997, 6.52338 ], [ 2.39889, 6.52284 ], [ 2.39853, 6.52212 ], [ 2.39826, 6.52211 ], [ 2.39844, 6.52275 ], [ 2.39789, 6.52311 ], [ 2.39672, 6.52266 ], [ 2.3969, 6.52374 ], [ 2.39862, 6.5232 ], [ 2.39925, 6.52384 ], [ 2.39961, 6.52601 ], [ 2.39897, 6.527 ], [ 2.39915, 6.52782 ], [ 2.40096, 6.52881 ], [ 2.40069, 6.53008 ], [ 2.40123, 6.5308 ], [ 2.40042, 6.5308 ], [ 2.39987, 6.53144 ], [ 2.3987, 6.53125 ], [ 2.39806, 6.53189 ], [ 2.39752, 6.53179 ], [ 2.39743, 6.53225 ], [ 2.39806, 6.53252 ], [ 2.39797, 6.53324 ], [ 2.3968, 6.53288 ], [ 2.39508, 6.53342 ], [ 2.39471, 6.53306 ], [ 2.39445, 6.52971 ], [ 2.394, 6.52871 ], [ 2.39345, 6.52862 ], [ 2.39345, 6.53423 ], [ 2.39254, 6.53857 ], [ 2.39525, 6.54138 ], [ 2.39525, 6.54174 ], [ 2.39452, 6.54192 ], [ 2.39326, 6.54029 ], [ 2.39226, 6.5402 ], [ 2.39199, 6.54065 ], [ 2.39244, 6.54156 ], [ 2.39217, 6.54228 ], [ 2.39316, 6.54364 ], [ 2.39407, 6.54382 ], [ 2.39371, 6.54446 ], [ 2.39271, 6.54409 ], [ 2.39298, 6.54482 ], [ 2.39407, 6.54563 ], [ 2.39425, 6.54455 ], [ 2.3947, 6.54446 ], [ 2.39497, 6.54464 ], [ 2.3947, 6.54527 ], [ 2.39497, 6.54545 ], [ 2.39551, 6.545 ], [ 2.39606, 6.54545 ], [ 2.39615, 6.54609 ], [ 2.3956, 6.5469 ], [ 2.39515, 6.54699 ], [ 2.39524, 6.5478 ], [ 2.39497, 6.54744 ], [ 2.39461, 6.54762 ], [ 2.39452, 6.54844 ], [ 2.39234, 6.55124 ], [ 2.39135, 6.55151 ], [ 2.39234, 6.55242 ], [ 2.39234, 6.55287 ], [ 2.39152, 6.55359 ], [ 2.39179, 6.55413 ], [ 2.3927, 6.55441 ], [ 2.39288, 6.55377 ], [ 2.39234, 6.55368 ], [ 2.39243, 6.55296 ], [ 2.39279, 6.55296 ], [ 2.39315, 6.55359 ], [ 2.39605, 6.55179 ], [ 2.39614, 6.55097 ], [ 2.39696, 6.55043 ], [ 2.39786, 6.54835 ], [ 2.39723, 6.54735 ], [ 2.39832, 6.54699 ], [ 2.3985, 6.54627 ], [ 2.39922, 6.54654 ], [ 2.39913, 6.54718 ], [ 2.39967, 6.54781 ], [ 2.39958, 6.54817 ], [ 2.39877, 6.54799 ], [ 2.39786, 6.5488 ], [ 2.39795, 6.5498 ], [ 2.39904, 6.55034 ], [ 2.39922, 6.55134 ], [ 2.39985, 6.55125 ], [ 2.39985, 6.55161 ], [ 2.39903, 6.55197 ], [ 2.39921, 6.55233 ], [ 2.39976, 6.55224 ], [ 2.39985, 6.5536 ], [ 2.39858, 6.5536 ], [ 2.39849, 6.5545 ], [ 2.39903, 6.55487 ], [ 2.39867, 6.55532 ], [ 2.39876, 6.55622 ], [ 2.39831, 6.55595 ], [ 2.39831, 6.55658 ], [ 2.39659, 6.55667 ], [ 2.39559, 6.55586 ], [ 2.39478, 6.55414 ], [ 2.39324, 6.55386 ], [ 2.39324, 6.55468 ], [ 2.39406, 6.55477 ], [ 2.39424, 6.55576 ], [ 2.39487, 6.55522 ], [ 2.39496, 6.55577 ], [ 2.39577, 6.55622 ], [ 2.39577, 6.55712 ], [ 2.39785, 6.55685 ], [ 2.39812, 6.55731 ], [ 2.39776, 6.55776 ], [ 2.39894, 6.55794 ], [ 2.39894, 6.55848 ], [ 2.39812, 6.55894 ], [ 2.3983, 6.55957 ], [ 2.39758, 6.5602 ], [ 2.39794, 6.56093 ], [ 2.39739, 6.56174 ], [ 2.39757, 6.56283 ], [ 2.39712, 6.56337 ], [ 2.39757, 6.56418 ], [ 2.39712, 6.56472 ], [ 2.39739, 6.56518 ], [ 2.39712, 6.56563 ], [ 2.39784, 6.56608 ], [ 2.39829, 6.56572 ], [ 2.39875, 6.5659 ], [ 2.39847, 6.56789 ], [ 2.39793, 6.56825 ], [ 2.39793, 6.5697 ], [ 2.39747, 6.56997 ], [ 2.39756, 6.57088 ], [ 2.39575, 6.57142 ], [ 2.39512, 6.57015 ], [ 2.39404, 6.5697 ], [ 2.39368, 6.57006 ], [ 2.39413, 6.57087 ], [ 2.39385, 6.57169 ], [ 2.39458, 6.57187 ], [ 2.39449, 6.57277 ], [ 2.39376, 6.57286 ], [ 2.39367, 6.57494 ], [ 2.39322, 6.57503 ], [ 2.39232, 6.57241 ], [ 2.39087, 6.57259 ], [ 2.39087, 6.57132 ], [ 2.38969, 6.57105 ], [ 2.38942, 6.57023 ], [ 2.38906, 6.57023 ], [ 2.38852, 6.57087 ], [ 2.3887, 6.57259 ], [ 2.38924, 6.57331 ], [ 2.38924, 6.57421 ], [ 2.38887, 6.57458 ], [ 2.38906, 6.5753 ], [ 2.38842, 6.57557 ], [ 2.38878, 6.57458 ], [ 2.38842, 6.57449 ], [ 2.38851, 6.57358 ], [ 2.38815, 6.57349 ], [ 2.38788, 6.5753 ], [ 2.38761, 6.57539 ], [ 2.38752, 6.57457 ], [ 2.38697, 6.57539 ], [ 2.38661, 6.5753 ], [ 2.38643, 6.57358 ], [ 2.38616, 6.57457 ], [ 2.38652, 6.57539 ], [ 2.38598, 6.57539 ], [ 2.38589, 6.57367 ], [ 2.38535, 6.57331 ], [ 2.3849, 6.57367 ], [ 2.38489, 6.57502 ], [ 2.38544, 6.57502 ], [ 2.38544, 6.57539 ], [ 2.3848, 6.57575 ], [ 2.38498, 6.57774 ], [ 2.38453, 6.57792 ], [ 2.38408, 6.57719 ], [ 2.38362, 6.5771 ], [ 2.38335, 6.57855 ], [ 2.3829, 6.57855 ], [ 2.38236, 6.57746 ], [ 2.38218, 6.5762 ], [ 2.38245, 6.57538 ], [ 2.38227, 6.57493 ], [ 2.38173, 6.57493 ], [ 2.38191, 6.5743 ], [ 2.38155, 6.5743 ], [ 2.38128, 6.57493 ], [ 2.38155, 6.5762 ], [ 2.38091, 6.57638 ], [ 2.38082, 6.57701 ], [ 2.38172, 6.57746 ], [ 2.38172, 6.57945 ], [ 2.38253, 6.58081 ], [ 2.38226, 6.58117 ], [ 2.38199, 6.58054 ], [ 2.38136, 6.5809 ], [ 2.38091, 6.58036 ], [ 2.38063, 6.58072 ], [ 2.38118, 6.58099 ], [ 2.38109, 6.58144 ], [ 2.37955, 6.58054 ], [ 2.37964, 6.57972 ], [ 2.38064, 6.57954 ], [ 2.38073, 6.57882 ], [ 2.37982, 6.579 ], [ 2.37901, 6.57809 ], [ 2.37847, 6.57628 ], [ 2.37639, 6.57348 ], [ 2.37657, 6.57284 ], [ 2.37612, 6.57212 ], [ 2.37449, 6.57148 ], [ 2.37404, 6.57175 ], [ 2.37386, 6.57275 ], [ 2.37386, 6.57546 ], [ 2.3734, 6.57573 ], [ 2.37295, 6.57519 ], [ 2.37295, 6.57618 ], [ 2.37123, 6.57763 ], [ 2.3706, 6.57763 ], [ 2.37123, 6.57817 ], [ 2.3725, 6.57817 ], [ 2.37249, 6.57935 ], [ 2.37186, 6.57953 ], [ 2.37322, 6.5798 ], [ 2.37349, 6.58062 ], [ 2.37421, 6.58116 ], [ 2.3743, 6.58189 ], [ 2.37394, 6.58189 ], [ 2.37276, 6.58053 ], [ 2.37204, 6.58035 ], [ 2.37032, 6.57871 ], [ 2.36978, 6.57772 ], [ 2.36906, 6.57763 ], [ 2.36951, 6.57573 ], [ 2.36888, 6.57437 ], [ 2.36897, 6.57374 ], [ 2.36843, 6.57392 ], [ 2.36834, 6.57365 ], [ 2.36897, 6.57365 ], [ 2.36879, 6.57193 ], [ 2.3697, 6.56976 ], [ 2.37079, 6.56849 ], [ 2.37079, 6.56786 ], [ 2.37007, 6.56722 ], [ 2.37007, 6.5646 ], [ 2.36935, 6.56442 ], [ 2.36953, 6.56361 ], [ 2.37007, 6.56297 ], [ 2.37143, 6.5627 ], [ 2.37152, 6.56343 ], [ 2.37215, 6.56379 ], [ 2.37197, 6.56307 ], [ 2.37224, 6.56289 ], [ 2.37242, 6.56352 ], [ 2.37351, 6.56461 ], [ 2.37496, 6.56334 ], [ 2.37496, 6.5628 ], [ 2.37469, 6.56271 ], [ 2.37423, 6.56334 ], [ 2.37288, 6.56352 ], [ 2.37279, 6.56307 ], [ 2.37333, 6.56298 ], [ 2.37297, 6.56108 ], [ 2.37451, 6.56035 ], [ 2.37451, 6.55999 ], [ 2.3736, 6.55972 ], [ 2.37342, 6.56044 ], [ 2.37225, 6.5608 ], [ 2.37098, 6.56252 ], [ 2.37062, 6.56243 ], [ 2.37062, 6.56189 ], [ 2.37007, 6.5618 ], [ 2.37053, 6.56017 ], [ 2.37152, 6.55908 ], [ 2.37135, 6.557 ], [ 2.37171, 6.55664 ], [ 2.37135, 6.55601 ], [ 2.37171, 6.55538 ], [ 2.37126, 6.55456 ], [ 2.37144, 6.55402 ], [ 2.36963, 6.55311 ], [ 2.3699, 6.5542 ], [ 2.36873, 6.55401 ], [ 2.36855, 6.55438 ], [ 2.36809, 6.55401 ], [ 2.36755, 6.55501 ], [ 2.36719, 6.55492 ], [ 2.36728, 6.55437 ], [ 2.36674, 6.55365 ], [ 2.36484, 6.55437 ], [ 2.36447, 6.55482 ], [ 2.36484, 6.55537 ], [ 2.36538, 6.5551 ], [ 2.3661, 6.55537 ], [ 2.36655, 6.55474 ], [ 2.36646, 6.55582 ], [ 2.36773, 6.55582 ], [ 2.36709, 6.55682 ], [ 2.36655, 6.55654 ], [ 2.36664, 6.55709 ], [ 2.3661, 6.55673 ], [ 2.36592, 6.55555 ], [ 2.36447, 6.55582 ], [ 2.36384, 6.55518 ], [ 2.36266, 6.55564 ], [ 2.36284, 6.55627 ], [ 2.3623, 6.55672 ], [ 2.36257, 6.55799 ], [ 2.36347, 6.55835 ], [ 2.36293, 6.55735 ], [ 2.36375, 6.55727 ], [ 2.36339, 6.55672 ], [ 2.36375, 6.55627 ], [ 2.36357, 6.55573 ], [ 2.36511, 6.55654 ], [ 2.36574, 6.55781 ], [ 2.36492, 6.55781 ], [ 2.36474, 6.55817 ], [ 2.36393, 6.5579 ], [ 2.36384, 6.55853 ], [ 2.36474, 6.55862 ], [ 2.3651, 6.55953 ], [ 2.36474, 6.55971 ], [ 2.36393, 6.55917 ], [ 2.36384, 6.55862 ], [ 2.36356, 6.55871 ], [ 2.36338, 6.55944 ], [ 2.36212, 6.5598 ], [ 2.36266, 6.56133 ], [ 2.36175, 6.56161 ], [ 2.36284, 6.56161 ], [ 2.36311, 6.56197 ], [ 2.36401, 6.56179 ], [ 2.36465, 6.56242 ], [ 2.36528, 6.56215 ], [ 2.36573, 6.56242 ], [ 2.36618, 6.56188 ], [ 2.36691, 6.56234 ], [ 2.36808, 6.56207 ], [ 2.36971, 6.56252 ], [ 2.36917, 6.56288 ], [ 2.36899, 6.56379 ], [ 2.36844, 6.56406 ], [ 2.36862, 6.56478 ], [ 2.36926, 6.56523 ], [ 2.36916, 6.5656 ], [ 2.36835, 6.56578 ], [ 2.36826, 6.5655 ], [ 2.3679, 6.5655 ], [ 2.36826, 6.56568 ], [ 2.36799, 6.56659 ], [ 2.36871, 6.56641 ], [ 2.36844, 6.56758 ], [ 2.36871, 6.56768 ], [ 2.36898, 6.56695 ], [ 2.36934, 6.56704 ], [ 2.36961, 6.56894 ], [ 2.36889, 6.56795 ], [ 2.36826, 6.56786 ], [ 2.36789, 6.56822 ], [ 2.36771, 6.56976 ], [ 2.36835, 6.56967 ], [ 2.36889, 6.57084 ], [ 2.36825, 6.57256 ], [ 2.3678, 6.57256 ], [ 2.36708, 6.57165 ], [ 2.36717, 6.57039 ], [ 2.36672, 6.57057 ], [ 2.36653, 6.57129 ], [ 2.36563, 6.57093 ], [ 2.36572, 6.57156 ], [ 2.36545, 6.57156 ], [ 2.36464, 6.57002 ], [ 2.36391, 6.57038 ], [ 2.36418, 6.57111 ], [ 2.36382, 6.57111 ], [ 2.36328, 6.57038 ], [ 2.36337, 6.56993 ], [ 2.365, 6.56993 ], [ 2.365, 6.56894 ], [ 2.36545, 6.56858 ], [ 2.36572, 6.56903 ], [ 2.36563, 6.5684 ], [ 2.36627, 6.56849 ], [ 2.36672, 6.56776 ], [ 2.36609, 6.56622 ], [ 2.36699, 6.56586 ], [ 2.36681, 6.5646 ], [ 2.36627, 6.56514 ], [ 2.36609, 6.56315 ], [ 2.36519, 6.56324 ], [ 2.36482, 6.56396 ], [ 2.36555, 6.56432 ], [ 2.36573, 6.56577 ], [ 2.36536, 6.56604 ], [ 2.36473, 6.56487 ], [ 2.36491, 6.56414 ], [ 2.36383, 6.56315 ], [ 2.3632, 6.56324 ], [ 2.36274, 6.56405 ], [ 2.36202, 6.56387 ], [ 2.36166, 6.56441 ], [ 2.36139, 6.56423 ], [ 2.36138, 6.56749 ], [ 2.36229, 6.56767 ], [ 2.36256, 6.56703 ], [ 2.36301, 6.56694 ], [ 2.36337, 6.56767 ], [ 2.36391, 6.56785 ], [ 2.36373, 6.56848 ], [ 2.36437, 6.56885 ], [ 2.36337, 6.56939 ], [ 2.36301, 6.56912 ], [ 2.36337, 6.56857 ], [ 2.36292, 6.56857 ], [ 2.36292, 6.56903 ], [ 2.36256, 6.56912 ], [ 2.3631, 6.57056 ], [ 2.36264, 6.57065 ], [ 2.36283, 6.57102 ], [ 2.36174, 6.57083 ], [ 2.36174, 6.57101 ], [ 2.36255, 6.57174 ], [ 2.3631, 6.57129 ], [ 2.36355, 6.57129 ], [ 2.36373, 6.57174 ], [ 2.36291, 6.57237 ], [ 2.3621, 6.57237 ], [ 2.3621, 6.57291 ], [ 2.36237, 6.57301 ], [ 2.36255, 6.57255 ], [ 2.36273, 6.57301 ], [ 2.36318, 6.57264 ], [ 2.364, 6.57283 ], [ 2.36391, 6.57328 ], [ 2.36337, 6.5731 ], [ 2.36318, 6.57346 ], [ 2.36373, 6.57382 ], [ 2.36463, 6.57364 ], [ 2.3649, 6.574 ], [ 2.36463, 6.57464 ], [ 2.36282, 6.57482 ], [ 2.36246, 6.57536 ], [ 2.36381, 6.57663 ], [ 2.36372, 6.57699 ], [ 2.36336, 6.57708 ], [ 2.36246, 6.57626 ], [ 2.36191, 6.57653 ], [ 2.36137, 6.57617 ], [ 2.36119, 6.57671 ], [ 2.36155, 6.57708 ], [ 2.362, 6.57997 ], [ 2.36299, 6.58133 ], [ 2.36354, 6.58133 ], [ 2.36272, 6.58042 ], [ 2.36327, 6.58015 ], [ 2.36318, 6.57925 ], [ 2.36245, 6.5788 ], [ 2.36435, 6.5778 ], [ 2.36463, 6.57835 ], [ 2.36544, 6.57835 ], [ 2.36508, 6.57988 ], [ 2.36544, 6.58034 ], [ 2.36616, 6.58007 ], [ 2.36616, 6.58142 ], [ 2.36679, 6.58188 ], [ 2.36706, 6.58152 ], [ 2.3677, 6.58161 ], [ 2.36752, 6.58215 ], [ 2.36815, 6.58233 ], [ 2.3696, 6.58098 ], [ 2.37005, 6.58197 ], [ 2.36932, 6.58206 ], [ 2.36914, 6.58278 ], [ 2.36869, 6.58233 ], [ 2.36833, 6.58242 ], [ 2.36833, 6.58287 ], [ 2.36706, 6.58251 ], [ 2.36724, 6.58287 ], [ 2.36679, 6.58323 ], [ 2.36625, 6.58251 ], [ 2.36552, 6.58242 ], [ 2.36543, 6.58314 ], [ 2.36471, 6.58332 ], [ 2.36471, 6.58269 ], [ 2.36381, 6.58242 ], [ 2.36344, 6.58178 ], [ 2.36308, 6.58232 ], [ 2.36353, 6.58314 ], [ 2.36317, 6.58314 ], [ 2.362, 6.58097 ], [ 2.36182, 6.58178 ], [ 2.36118, 6.58151 ], [ 2.36127, 6.58214 ], [ 2.36064, 6.58178 ], [ 2.36073, 6.58223 ], [ 2.35964, 6.58286 ], [ 2.35883, 6.58223 ], [ 2.35892, 6.5816 ], [ 2.35711, 6.58141 ], [ 2.35684, 6.58051 ], [ 2.3563, 6.58195 ], [ 2.3553, 6.58204 ], [ 2.35584, 6.58232 ], [ 2.35566, 6.58304 ], [ 2.35639, 6.58331 ], [ 2.35575, 6.58376 ], [ 2.35575, 6.58467 ], [ 2.35629, 6.58494 ], [ 2.35602, 6.58575 ], [ 2.35503, 6.5843 ], [ 2.35358, 6.58494 ], [ 2.35331, 6.58385 ], [ 2.35286, 6.58349 ], [ 2.35231, 6.58376 ], [ 2.35268, 6.58303 ], [ 2.35394, 6.58421 ], [ 2.35467, 6.58421 ], [ 2.35476, 6.58376 ], [ 2.35548, 6.58367 ], [ 2.35557, 6.58313 ], [ 2.35494, 6.58277 ], [ 2.35503, 6.58195 ], [ 2.35449, 6.58159 ], [ 2.35485, 6.58105 ], [ 2.35331, 6.5815 ], [ 2.35313, 6.58222 ], [ 2.35223, 6.58276 ], [ 2.35205, 6.58186 ], [ 2.35177, 6.58186 ], [ 2.35186, 6.58303 ], [ 2.35132, 6.58294 ], [ 2.35078, 6.58213 ], [ 2.34978, 6.58167 ], [ 2.35069, 6.58077 ], [ 2.35015, 6.57977 ], [ 2.34933, 6.57977 ], [ 2.34834, 6.58032 ], [ 2.34789, 6.57968 ], [ 2.34834, 6.57878 ], [ 2.34861, 6.57923 ], [ 2.34915, 6.57878 ], [ 2.34843, 6.57842 ], [ 2.34879, 6.57778 ], [ 2.34807, 6.57751 ], [ 2.34852, 6.57706 ], [ 2.34834, 6.57679 ], [ 2.34762, 6.57679 ], [ 2.3478, 6.57751 ], [ 2.34717, 6.57814 ], [ 2.34671, 6.57724 ], [ 2.34608, 6.57814 ], [ 2.34581, 6.57796 ], [ 2.34599, 6.57633 ], [ 2.34572, 6.5757 ], [ 2.34608, 6.57461 ], [ 2.34554, 6.57479 ], [ 2.34581, 6.57407 ], [ 2.345, 6.57425 ], [ 2.34464, 6.5738 ], [ 2.34409, 6.57515 ], [ 2.34337, 6.57551 ], [ 2.34328, 6.57606 ], [ 2.34391, 6.57606 ], [ 2.34355, 6.5766 ], [ 2.34382, 6.57696 ], [ 2.34391, 6.57651 ], [ 2.34518, 6.57642 ], [ 2.34527, 6.57669 ], [ 2.34481, 6.57705 ], [ 2.344, 6.57696 ], [ 2.34436, 6.57732 ], [ 2.34445, 6.57841 ], [ 2.34336, 6.57931 ], [ 2.34273, 6.5794 ], [ 2.34282, 6.57986 ], [ 2.34345, 6.57968 ], [ 2.34363, 6.58004 ], [ 2.34327, 6.58103 ], [ 2.34237, 6.58094 ], [ 2.34318, 6.58194 ], [ 2.34273, 6.58239 ], [ 2.342, 6.58221 ], [ 2.34219, 6.58112 ], [ 2.34146, 6.58121 ], [ 2.34074, 6.58248 ], [ 2.3401, 6.58248 ], [ 2.33857, 6.58075 ], [ 2.33884, 6.58048 ], [ 2.3392, 6.58085 ], [ 2.33929, 6.58003 ], [ 2.33884, 6.57985 ], [ 2.33884, 6.58039 ], [ 2.33821, 6.58048 ], [ 2.33857, 6.57994 ], [ 2.33785, 6.57913 ], [ 2.33766, 6.57958 ], [ 2.33794, 6.57958 ], [ 2.33794, 6.57985 ], [ 2.33739, 6.57976 ], [ 2.33658, 6.58075 ], [ 2.33648, 6.5831 ], [ 2.33694, 6.58329 ], [ 2.33694, 6.58374 ], [ 2.33621, 6.58365 ], [ 2.33503, 6.58473 ], [ 2.3344, 6.58428 ], [ 2.33359, 6.585 ], [ 2.33358, 6.58717 ], [ 2.33431, 6.58699 ], [ 2.33431, 6.58735 ], [ 2.33331, 6.58789 ], [ 2.33277, 6.58726 ], [ 2.33186, 6.58771 ], [ 2.33195, 6.58807 ], [ 2.33259, 6.58798 ], [ 2.33286, 6.58862 ], [ 2.3334, 6.58826 ], [ 2.33367, 6.58844 ], [ 2.33277, 6.58961 ], [ 2.33295, 6.59043 ], [ 2.33222, 6.59025 ], [ 2.33231, 6.59097 ], [ 2.33295, 6.5907 ], [ 2.33349, 6.59133 ], [ 2.33349, 6.59224 ], [ 2.33303, 6.59224 ], [ 2.3324, 6.59151 ], [ 2.33186, 6.59205 ], [ 2.33222, 6.59242 ], [ 2.33195, 6.59296 ], [ 2.33312, 6.59332 ], [ 2.33321, 6.59296 ], [ 2.33358, 6.59305 ], [ 2.3334, 6.59251 ], [ 2.33403, 6.59242 ], [ 2.33448, 6.59351 ], [ 2.33484, 6.59351 ], [ 2.33529, 6.59287 ], [ 2.33511, 6.59242 ], [ 2.33557, 6.59224 ], [ 2.33593, 6.59405 ], [ 2.33538, 6.59477 ], [ 2.33574, 6.5955 ], [ 2.33502, 6.59541 ], [ 2.33466, 6.59486 ], [ 2.33412, 6.59495 ], [ 2.33394, 6.59423 ], [ 2.33339, 6.59432 ], [ 2.33267, 6.59341 ], [ 2.33249, 6.59386 ], [ 2.33213, 6.59386 ], [ 2.33104, 6.59232 ], [ 2.33086, 6.59287 ], [ 2.33149, 6.59332 ], [ 2.33122, 6.59386 ], [ 2.33158, 6.59395 ], [ 2.33258, 6.59576 ], [ 2.3333, 6.59567 ], [ 2.3333, 6.59613 ], [ 2.33267, 6.59631 ], [ 2.33194, 6.59721 ], [ 2.33113, 6.5964 ], [ 2.3314, 6.59585 ], [ 2.33077, 6.59612 ], [ 2.33086, 6.59558 ], [ 2.33022, 6.59531 ], [ 2.32977, 6.59549 ], [ 2.33041, 6.59567 ], [ 2.3304, 6.59612 ], [ 2.32932, 6.59585 ], [ 2.32986, 6.59621 ], [ 2.3285, 6.59612 ], [ 2.32823, 6.59639 ], [ 2.32841, 6.59703 ], [ 2.3295, 6.5973 ], [ 2.32959, 6.59766 ], [ 2.32995, 6.59766 ], [ 2.32959, 6.59694 ], [ 2.33013, 6.59685 ], [ 2.3314, 6.59848 ], [ 2.33176, 6.59793 ], [ 2.33266, 6.59757 ], [ 2.33276, 6.59658 ], [ 2.33312, 6.5964 ], [ 2.33339, 6.59676 ], [ 2.33303, 6.59739 ], [ 2.33366, 6.59712 ], [ 2.33393, 6.59776 ], [ 2.33456, 6.59758 ], [ 2.33493, 6.59812 ], [ 2.33755, 6.59767 ], [ 2.3389, 6.59921 ], [ 2.33836, 6.59975 ], [ 2.33918, 6.59975 ], [ 2.33954, 6.60048 ], [ 2.34017, 6.60048 ], [ 2.3399, 6.59966 ], [ 2.3408, 6.59976 ], [ 2.34035, 6.60003 ], [ 2.34062, 6.60039 ], [ 2.34035, 6.60111 ], [ 2.33935, 6.60147 ], [ 2.33953, 6.60238 ], [ 2.3399, 6.60256 ], [ 2.3399, 6.60193 ], [ 2.34053, 6.60211 ], [ 2.34062, 6.60265 ], [ 2.34198, 6.6022 ], [ 2.34216, 6.60175 ], [ 2.34153, 6.60111 ], [ 2.34198, 6.60084 ], [ 2.34261, 6.60112 ], [ 2.34261, 6.60256 ], [ 2.34207, 6.60247 ] ], [ [ 2.40068, 6.68759 ], [ 2.4005, 6.68686 ], [ 2.40177, 6.68677 ], [ 2.4024, 6.68596 ], [ 2.40222, 6.68551 ], [ 2.40086, 6.68587 ], [ 2.4015, 6.68533 ], [ 2.40086, 6.6846 ], [ 2.40105, 6.68433 ], [ 2.4024, 6.6846 ], [ 2.40303, 6.68614 ], [ 2.40276, 6.6865 ], [ 2.40439, 6.68651 ], [ 2.40466, 6.68705 ], [ 2.40448, 6.68804 ], [ 2.40665, 6.68759 ], [ 2.40647, 6.68805 ], [ 2.40584, 6.68796 ], [ 2.40493, 6.68859 ], [ 2.40339, 6.68877 ], [ 2.40321, 6.6884 ], [ 2.40394, 6.68804 ], [ 2.40367, 6.6866 ], [ 2.40339, 6.6875 ], [ 2.40249, 6.68741 ], [ 2.40195, 6.68849 ], [ 2.40095, 6.68858 ], [ 2.40041, 6.68795 ], [ 2.40068, 6.68759 ] ], [ [ 2.40848, 6.59414 ], [ 2.40695, 6.5926 ], [ 2.40858, 6.59242 ], [ 2.40948, 6.59342 ], [ 2.40848, 6.59414 ] ], [ [ 2.40366, 6.53931 ], [ 2.4033, 6.5385 ], [ 2.40276, 6.53976 ], [ 2.40213, 6.53877 ], [ 2.40249, 6.53741 ], [ 2.4033, 6.53795 ], [ 2.40421, 6.53976 ], [ 2.40366, 6.53931 ] ], [ [ 2.34306, 6.60103 ], [ 2.34352, 6.60112 ], [ 2.34342, 6.6022 ], [ 2.34397, 6.60202 ], [ 2.34442, 6.60257 ], [ 2.34523, 6.60211 ], [ 2.34514, 6.60112 ], [ 2.34569, 6.60058 ], [ 2.34686, 6.60076 ], [ 2.34668, 6.60148 ], [ 2.34605, 6.60103 ], [ 2.34578, 6.60166 ], [ 2.34578, 6.60221 ], [ 2.34623, 6.60248 ], [ 2.34587, 6.60293 ], [ 2.34596, 6.60365 ], [ 2.34514, 6.60257 ], [ 2.34324, 6.60284 ], [ 2.34279, 6.60148 ], [ 2.34306, 6.60103 ] ], [ [ 2.3966, 6.69328 ], [ 2.39642, 6.69283 ], [ 2.39733, 6.69265 ], [ 2.39751, 6.69301 ], [ 2.39805, 6.69292 ], [ 2.39859, 6.69356 ], [ 2.39832, 6.69446 ], [ 2.3966, 6.69328 ] ], [ [ 2.39244, 6.69047 ], [ 2.39208, 6.68975 ], [ 2.39226, 6.68921 ], [ 2.39317, 6.68966 ], [ 2.39335, 6.6912 ], [ 2.39226, 6.69165 ], [ 2.39217, 6.69065 ], [ 2.39244, 6.69047 ] ], [ [ 2.37245, 6.68728 ], [ 2.37263, 6.68665 ], [ 2.37317, 6.68701 ], [ 2.3739, 6.68674 ], [ 2.37272, 6.68538 ], [ 2.37218, 6.68547 ], [ 2.37218, 6.68629 ], [ 2.37145, 6.6861 ], [ 2.371, 6.68683 ], [ 2.36983, 6.68664 ], [ 2.36955, 6.68628 ], [ 2.3701, 6.68556 ], [ 2.36937, 6.6852 ], [ 2.36929, 6.68384 ], [ 2.37046, 6.68384 ], [ 2.372, 6.6833 ], [ 2.37363, 6.68203 ], [ 2.37399, 6.68122 ], [ 2.37454, 6.68149 ], [ 2.37608, 6.68131 ], [ 2.37879, 6.67869 ], [ 2.37924, 6.67996 ], [ 2.38024, 6.6796 ], [ 2.37961, 6.67888 ], [ 2.37979, 6.67806 ], [ 2.38106, 6.67788 ], [ 2.38142, 6.67725 ], [ 2.38386, 6.67635 ], [ 2.3845, 6.67563 ], [ 2.38441, 6.6749 ], [ 2.38495, 6.67427 ], [ 2.38649, 6.67463 ], [ 2.38821, 6.67228 ], [ 2.38794, 6.67138 ], [ 2.3893, 6.67111 ], [ 2.38966, 6.67038 ], [ 2.3903, 6.67066 ], [ 2.3912, 6.67048 ], [ 2.39075, 6.66966 ], [ 2.39093, 6.66812 ], [ 2.39048, 6.66659 ], [ 2.39012, 6.66613 ], [ 2.38931, 6.66595 ], [ 2.39003, 6.66541 ], [ 2.39012, 6.66478 ], [ 2.38876, 6.66477 ], [ 2.38822, 6.66378 ], [ 2.38687, 6.66341 ], [ 2.3865, 6.6626 ], [ 2.38533, 6.66187 ], [ 2.38506, 6.66034 ], [ 2.38551, 6.66124 ], [ 2.38705, 6.66251 ], [ 2.38813, 6.66305 ], [ 2.38877, 6.66287 ], [ 2.38922, 6.66414 ], [ 2.39048, 6.6636 ], [ 2.39148, 6.66433 ], [ 2.39266, 6.66288 ], [ 2.39221, 6.66215 ], [ 2.39338, 6.66225 ], [ 2.39365, 6.66261 ], [ 2.39284, 6.66306 ], [ 2.39302, 6.66378 ], [ 2.39275, 6.66433 ], [ 2.39193, 6.66405 ], [ 2.39148, 6.66514 ], [ 2.3922, 6.6665 ], [ 2.39319, 6.66704 ], [ 2.39365, 6.66786 ], [ 2.39518, 6.66768 ], [ 2.39582, 6.66587 ], [ 2.39537, 6.66505 ], [ 2.39483, 6.66487 ], [ 2.39492, 6.66397 ], [ 2.39429, 6.66324 ], [ 2.39374, 6.66324 ], [ 2.39374, 6.66288 ], [ 2.39492, 6.66288 ], [ 2.39573, 6.66397 ], [ 2.397, 6.66442 ], [ 2.39754, 6.66587 ], [ 2.39826, 6.66578 ], [ 2.39808, 6.66524 ], [ 2.39863, 6.66488 ], [ 2.39899, 6.66542 ], [ 2.39835, 6.66623 ], [ 2.39917, 6.66687 ], [ 2.39962, 6.66669 ], [ 2.39926, 6.66587 ], [ 2.39998, 6.66551 ], [ 2.40116, 6.66678 ], [ 2.40252, 6.66579 ], [ 2.40279, 6.66606 ], [ 2.40242, 6.66705 ], [ 2.4026, 6.66778 ], [ 2.40523, 6.66715 ], [ 2.4074, 6.66842 ], [ 2.40776, 6.66733 ], [ 2.40867, 6.66751 ], [ 2.40848, 6.66869 ], [ 2.40921, 6.6705 ], [ 2.40803, 6.67176 ], [ 2.40694, 6.67176 ], [ 2.40721, 6.67231 ], [ 2.40667, 6.6742 ], [ 2.40567, 6.67375 ], [ 2.40513, 6.67393 ], [ 2.40377, 6.67357 ], [ 2.40332, 6.67429 ], [ 2.40151, 6.67429 ], [ 2.40088, 6.67474 ], [ 2.40088, 6.67528 ], [ 2.40151, 6.67601 ], [ 2.39897, 6.67691 ], [ 2.3987, 6.67809 ], [ 2.39825, 6.67799 ], [ 2.39771, 6.67709 ], [ 2.39734, 6.67727 ], [ 2.39653, 6.67944 ], [ 2.39662, 6.68044 ], [ 2.39707, 6.68098 ], [ 2.39689, 6.68152 ], [ 2.39743, 6.68225 ], [ 2.39707, 6.68297 ], [ 2.39706, 6.68451 ], [ 2.39589, 6.68288 ], [ 2.39616, 6.68188 ], [ 2.3958, 6.68125 ], [ 2.3939, 6.68097 ], [ 2.39245, 6.68152 ], [ 2.39218, 6.68088 ], [ 2.393, 6.68079 ], [ 2.39381, 6.68007 ], [ 2.39535, 6.68034 ], [ 2.39526, 6.6779 ], [ 2.39463, 6.6779 ], [ 2.39499, 6.67871 ], [ 2.39472, 6.67908 ], [ 2.39345, 6.67736 ], [ 2.39345, 6.6769 ], [ 2.394, 6.6769 ], [ 2.3949, 6.67591 ], [ 2.39499, 6.67645 ], [ 2.39454, 6.67718 ], [ 2.39499, 6.67718 ], [ 2.39517, 6.67582 ], [ 2.39617, 6.67519 ], [ 2.39907, 6.67501 ], [ 2.39952, 6.67528 ], [ 2.39916, 6.67483 ], [ 2.39943, 6.67275 ], [ 2.40088, 6.67266 ], [ 2.40088, 6.67185 ], [ 2.40043, 6.67139 ], [ 2.39979, 6.67175 ], [ 2.39907, 6.67148 ], [ 2.3978, 6.67184 ], [ 2.39653, 6.67374 ], [ 2.39536, 6.67356 ], [ 2.39482, 6.67392 ], [ 2.39292, 6.67392 ], [ 2.39273, 6.67455 ], [ 2.39309, 6.67555 ], [ 2.39282, 6.67591 ], [ 2.39183, 6.67545 ], [ 2.39137, 6.676 ], [ 2.39092, 6.67554 ], [ 2.38938, 6.67581 ], [ 2.38893, 6.67617 ], [ 2.38911, 6.67726 ], [ 2.38875, 6.67771 ], [ 2.38839, 6.67771 ], [ 2.38812, 6.6769 ], [ 2.38784, 6.67699 ], [ 2.38793, 6.6778 ], [ 2.38685, 6.67735 ], [ 2.38676, 6.67834 ], [ 2.38612, 6.67807 ], [ 2.38486, 6.67861 ], [ 2.38495, 6.67952 ], [ 2.38377, 6.67843 ], [ 2.38323, 6.6787 ], [ 2.38259, 6.67843 ], [ 2.38296, 6.67779 ], [ 2.38178, 6.67779 ], [ 2.38196, 6.67951 ], [ 2.38323, 6.67933 ], [ 2.3835, 6.68006 ], [ 2.38404, 6.67988 ], [ 2.38422, 6.68033 ], [ 2.38494, 6.68051 ], [ 2.38494, 6.68105 ], [ 2.38594, 6.68214 ], [ 2.38612, 6.68323 ], [ 2.38503, 6.68277 ], [ 2.38449, 6.68322 ], [ 2.38449, 6.68377 ], [ 2.38503, 6.68467 ], [ 2.38584, 6.68504 ], [ 2.38593, 6.68567 ], [ 2.38675, 6.68657 ], [ 2.38611, 6.68639 ], [ 2.38485, 6.68485 ], [ 2.38412, 6.68449 ], [ 2.3834, 6.68277 ], [ 2.38304, 6.68277 ], [ 2.38286, 6.68322 ], [ 2.3825, 6.68304 ], [ 2.38232, 6.68123 ], [ 2.38214, 6.68087 ], [ 2.38141, 6.68078 ], [ 2.38114, 6.68213 ], [ 2.37987, 6.68295 ], [ 2.37996, 6.68412 ], [ 2.37906, 6.68376 ], [ 2.37915, 6.68412 ], [ 2.37978, 6.6843 ], [ 2.37915, 6.68548 ], [ 2.37697, 6.68566 ], [ 2.37625, 6.68629 ], [ 2.37616, 6.68683 ], [ 2.37516, 6.68674 ], [ 2.3739, 6.68764 ], [ 2.37245, 6.68728 ] ], [ [ 2.39598, 6.68487 ], [ 2.39553, 6.68478 ], [ 2.39589, 6.68378 ], [ 2.39652, 6.68442 ], [ 2.39661, 6.68523 ], [ 2.39724, 6.68568 ], [ 2.39589, 6.68604 ], [ 2.39598, 6.68487 ] ], [ [ 2.35209, 6.68526 ], [ 2.35155, 6.68418 ], [ 2.35164, 6.68264 ], [ 2.35191, 6.68246 ], [ 2.35182, 6.68291 ], [ 2.35218, 6.68309 ], [ 2.35255, 6.68427 ], [ 2.35236, 6.68563 ], [ 2.35119, 6.68572 ], [ 2.35101, 6.68517 ], [ 2.35209, 6.68526 ] ], [ [ 2.40277, 6.68352 ], [ 2.40186, 6.68316 ], [ 2.40186, 6.6827 ], [ 2.4006, 6.6818 ], [ 2.40078, 6.68153 ], [ 2.40168, 6.68171 ], [ 2.40213, 6.68261 ], [ 2.40286, 6.68298 ], [ 2.40331, 6.68397 ], [ 2.40331, 6.68542 ], [ 2.40285, 6.68515 ], [ 2.40277, 6.68352 ] ], [ [ 2.40349, 6.68361 ], [ 2.40349, 6.68334 ], [ 2.40512, 6.68298 ], [ 2.40593, 6.68397 ], [ 2.40602, 6.68479 ], [ 2.40512, 6.6847 ], [ 2.40494, 6.68415 ], [ 2.40349, 6.68361 ] ], [ [ 2.40702, 6.68262 ], [ 2.40765, 6.68325 ], [ 2.40765, 6.68244 ], [ 2.4072, 6.68217 ], [ 2.40738, 6.68135 ], [ 2.40675, 6.68171 ], [ 2.4063, 6.68099 ], [ 2.40738, 6.6809 ], [ 2.40766, 6.68054 ], [ 2.40802, 6.68081 ], [ 2.40793, 6.68181 ], [ 2.4091, 6.68181 ], [ 2.40983, 6.68253 ], [ 2.40946, 6.68307 ], [ 2.40829, 6.6828 ], [ 2.40711, 6.68443 ], [ 2.40648, 6.68425 ], [ 2.40648, 6.68343 ], [ 2.40702, 6.68262 ] ], [ [ 2.36721, 6.6823 ], [ 2.36739, 6.68167 ], [ 2.36639, 6.68194 ], [ 2.36712, 6.68121 ], [ 2.36712, 6.67995 ], [ 2.36784, 6.67968 ], [ 2.3682, 6.68022 ], [ 2.36875, 6.68013 ], [ 2.36812, 6.67895 ], [ 2.36848, 6.67877 ], [ 2.36938, 6.67941 ], [ 2.36929, 6.67886 ], [ 2.36984, 6.67877 ], [ 2.36956, 6.67959 ], [ 2.37038, 6.67932 ], [ 2.37128, 6.67995 ], [ 2.37146, 6.6804 ], [ 2.37119, 6.68077 ], [ 2.37155, 6.68131 ], [ 2.37074, 6.68149 ], [ 2.37037, 6.68203 ], [ 2.37028, 6.68149 ], [ 2.36956, 6.68167 ], [ 2.36911, 6.68121 ], [ 2.36865, 6.68212 ], [ 2.36929, 6.6823 ], [ 2.36929, 6.68284 ], [ 2.36874, 6.6833 ], [ 2.36721, 6.6823 ] ], [ [ 2.35581, 6.68084 ], [ 2.35617, 6.68038 ], [ 2.35608, 6.6793 ], [ 2.35689, 6.67957 ], [ 2.35726, 6.67921 ], [ 2.35789, 6.68102 ], [ 2.35762, 6.68138 ], [ 2.35698, 6.68111 ], [ 2.35671, 6.68219 ], [ 2.35581, 6.68084 ] ], [ [ 2.4006, 6.68044 ], [ 2.40033, 6.6808 ], [ 2.3996, 6.68071 ], [ 2.39978, 6.67999 ], [ 2.39933, 6.67962 ], [ 2.39924, 6.6789 ], [ 2.3997, 6.67854 ], [ 2.3997, 6.678 ], [ 2.40006, 6.67791 ], [ 2.39969, 6.67953 ], [ 2.40015, 6.6799 ], [ 2.40105, 6.67935 ], [ 2.40087, 6.67872 ], [ 2.40132, 6.67845 ], [ 2.40114, 6.67782 ], [ 2.40051, 6.67791 ], [ 2.39988, 6.67727 ], [ 2.40051, 6.67709 ], [ 2.40087, 6.67736 ], [ 2.4016, 6.67646 ], [ 2.40259, 6.67646 ], [ 2.40323, 6.67755 ], [ 2.40295, 6.67773 ], [ 2.40259, 6.6771 ], [ 2.40232, 6.67782 ], [ 2.40304, 6.67827 ], [ 2.40232, 6.67981 ], [ 2.4025, 6.68108 ], [ 2.4006, 6.68044 ] ], [ [ 2.40359, 6.67954 ], [ 2.40413, 6.6799 ], [ 2.40431, 6.67864 ], [ 2.40341, 6.678 ], [ 2.40413, 6.67737 ], [ 2.40485, 6.67746 ], [ 2.4054, 6.679 ], [ 2.40476, 6.68017 ], [ 2.40349, 6.68053 ], [ 2.40304, 6.67981 ], [ 2.40359, 6.67954 ] ], [ [ 2.36558, 6.67877 ], [ 2.36613, 6.67895 ], [ 2.36622, 6.67868 ], [ 2.36495, 6.67696 ], [ 2.36495, 6.67605 ], [ 2.36432, 6.67605 ], [ 2.36342, 6.67497 ], [ 2.36224, 6.67469 ], [ 2.36215, 6.67424 ], [ 2.36315, 6.67406 ], [ 2.36351, 6.67361 ], [ 2.36279, 6.67279 ], [ 2.36306, 6.6718 ], [ 2.36252, 6.67125 ], [ 2.36215, 6.67098 ], [ 2.36152, 6.67143 ], [ 2.36098, 6.67125 ], [ 2.36215, 6.67071 ], [ 2.36216, 6.67017 ], [ 2.36279, 6.67053 ], [ 2.36279, 6.67107 ], [ 2.36333, 6.67107 ], [ 2.3636, 6.67153 ], [ 2.36342, 6.67243 ], [ 2.36369, 6.67307 ], [ 2.36423, 6.67334 ], [ 2.36414, 6.67388 ], [ 2.36468, 6.67442 ], [ 2.36495, 6.67551 ], [ 2.36541, 6.67533 ], [ 2.36559, 6.67596 ], [ 2.36604, 6.67596 ], [ 2.36604, 6.67723 ], [ 2.36703, 6.67687 ], [ 2.36757, 6.67732 ], [ 2.36812, 6.67615 ], [ 2.36866, 6.67642 ], [ 2.3683, 6.67696 ], [ 2.36848, 6.6776 ], [ 2.36803, 6.67805 ], [ 2.3683, 6.67868 ], [ 2.36757, 6.67859 ], [ 2.36784, 6.67922 ], [ 2.36721, 6.67895 ], [ 2.3664, 6.67949 ], [ 2.3664, 6.68004 ], [ 2.36567, 6.68022 ], [ 2.36558, 6.67877 ] ], [ [ 2.35229, 6.67468 ], [ 2.3531, 6.67459 ], [ 2.35274, 6.67549 ], [ 2.35328, 6.67712 ], [ 2.35283, 6.67776 ], [ 2.35237, 6.67694 ], [ 2.35229, 6.67468 ] ], [ [ 2.33672, 6.6752 ], [ 2.33718, 6.67457 ], [ 2.33772, 6.6752 ], [ 2.33772, 6.67575 ], [ 2.33835, 6.67602 ], [ 2.33862, 6.67692 ], [ 2.33781, 6.67692 ], [ 2.33672, 6.6752 ] ], [ [ 2.36948, 6.67488 ], [ 2.36975, 6.67416 ], [ 2.36921, 6.67334 ], [ 2.37011, 6.67289 ], [ 2.37084, 6.67434 ], [ 2.37129, 6.67434 ], [ 2.37138, 6.67525 ], [ 2.37083, 6.6757 ], [ 2.36957, 6.6757 ], [ 2.36975, 6.67506 ], [ 2.36948, 6.67488 ] ], [ [ 2.3807, 6.67481 ], [ 2.38061, 6.67426 ], [ 2.38124, 6.67327 ], [ 2.38287, 6.67336 ], [ 2.38305, 6.67273 ], [ 2.38242, 6.67228 ], [ 2.38242, 6.67182 ], [ 2.38287, 6.67155 ], [ 2.38351, 6.67219 ], [ 2.38387, 6.67201 ], [ 2.38387, 6.67363 ], [ 2.38269, 6.67372 ], [ 2.38296, 6.67454 ], [ 2.38188, 6.67436 ], [ 2.38224, 6.67499 ], [ 2.38178, 6.67472 ], [ 2.3807, 6.67481 ] ], [ [ 2.33863, 6.67195 ], [ 2.33881, 6.67168 ], [ 2.33935, 6.67159 ], [ 2.33998, 6.67267 ], [ 2.34071, 6.67276 ], [ 2.34098, 6.6734 ], [ 2.33998, 6.67394 ], [ 2.33962, 6.67294 ], [ 2.33863, 6.67195 ] ], [ [ 2.35021, 6.67241 ], [ 2.35012, 6.6716 ], [ 2.35048, 6.67097 ], [ 2.3512, 6.67151 ], [ 2.35129, 6.67386 ], [ 2.35093, 6.67377 ], [ 2.35021, 6.67241 ] ], [ [ 2.38604, 6.67273 ], [ 2.38622, 6.67138 ], [ 2.38767, 6.67165 ], [ 2.38685, 6.67201 ], [ 2.38613, 6.67364 ], [ 2.38531, 6.67382 ], [ 2.38604, 6.67273 ] ], [ [ 2.34768, 6.6706 ], [ 2.34704, 6.67078 ], [ 2.34686, 6.67042 ], [ 2.34704, 6.66997 ], [ 2.34759, 6.67006 ], [ 2.34813, 6.66952 ], [ 2.34813, 6.66897 ], [ 2.34858, 6.66979 ], [ 2.34913, 6.6697 ], [ 2.34931, 6.67024 ], [ 2.34922, 6.67051 ], [ 2.34813, 6.67024 ], [ 2.34912, 6.67151 ], [ 2.34894, 6.67214 ], [ 2.34768, 6.6706 ] ], [ [ 2.36568, 6.66954 ], [ 2.36514, 6.66936 ], [ 2.36288, 6.66945 ], [ 2.3627, 6.66917 ], [ 2.36397, 6.66881 ], [ 2.36523, 6.66791 ], [ 2.36542, 6.66755 ], [ 2.36424, 6.66773 ], [ 2.36478, 6.66719 ], [ 2.36451, 6.66673 ], [ 2.36524, 6.66655 ], [ 2.36578, 6.66683 ], [ 2.36687, 6.66628 ], [ 2.36705, 6.66701 ], [ 2.36632, 6.66692 ], [ 2.36668, 6.66728 ], [ 2.36614, 6.668 ], [ 2.36632, 6.669 ], [ 2.36668, 6.66918 ], [ 2.36731, 6.66837 ], [ 2.36777, 6.66837 ], [ 2.36777, 6.66864 ], [ 2.36668, 6.66945 ], [ 2.36614, 6.67054 ], [ 2.3655, 6.6699 ], [ 2.36568, 6.66954 ] ], [ [ 2.39021, 6.66894 ], [ 2.38966, 6.66912 ], [ 2.38921, 6.66839 ], [ 2.38921, 6.6674 ], [ 2.3903, 6.66758 ], [ 2.39003, 6.66794 ], [ 2.38939, 6.66794 ], [ 2.38966, 6.66858 ], [ 2.3903, 6.66803 ], [ 2.39084, 6.66831 ], [ 2.39048, 6.66993 ], [ 2.38975, 6.66984 ], [ 2.38966, 6.66948 ], [ 2.39021, 6.66894 ] ], [ [ 2.37048, 6.669 ], [ 2.37048, 6.66864 ], [ 2.36976, 6.66846 ], [ 2.36994, 6.66801 ], [ 2.37048, 6.6681 ], [ 2.37039, 6.66737 ], [ 2.37075, 6.66719 ], [ 2.3703, 6.66647 ], [ 2.37048, 6.6662 ], [ 2.3713, 6.66656 ], [ 2.37075, 6.66738 ], [ 2.37103, 6.66792 ], [ 2.37066, 6.66801 ], [ 2.37066, 6.66855 ], [ 2.37184, 6.66891 ], [ 2.37157, 6.66982 ], [ 2.3712, 6.66955 ], [ 2.37139, 6.66909 ], [ 2.37048, 6.669 ] ], [ [ 2.33872, 6.66779 ], [ 2.33909, 6.66733 ], [ 2.33999, 6.66743 ], [ 2.3399, 6.66625 ], [ 2.34044, 6.66607 ], [ 2.34062, 6.66688 ], [ 2.3409, 6.66716 ], [ 2.34135, 6.66698 ], [ 2.34144, 6.66734 ], [ 2.34098, 6.66806 ], [ 2.34017, 6.6677 ], [ 2.33872, 6.66779 ] ], [ [ 2.35112, 6.66672 ], [ 2.35049, 6.66717 ], [ 2.35058, 6.66644 ], [ 2.34958, 6.66554 ], [ 2.34967, 6.66518 ], [ 2.35013, 6.66572 ], [ 2.35013, 6.66527 ], [ 2.3504, 6.66527 ], [ 2.35103, 6.66654 ], [ 2.35094, 6.66464 ], [ 2.35121, 6.66409 ], [ 2.35094, 6.6631 ], [ 2.35203, 6.66409 ], [ 2.35167, 6.66464 ], [ 2.35185, 6.66608 ], [ 2.35302, 6.66799 ], [ 2.35112, 6.66672 ] ], [ [ 2.35402, 6.66545 ], [ 2.3542, 6.6641 ], [ 2.35465, 6.66428 ], [ 2.35474, 6.66645 ], [ 2.35528, 6.66726 ], [ 2.35519, 6.66781 ], [ 2.35456, 6.66754 ], [ 2.35402, 6.66545 ] ], [ [ 2.37465, 6.66313 ], [ 2.37465, 6.66286 ], [ 2.37583, 6.66168 ], [ 2.37637, 6.66159 ], [ 2.37682, 6.66232 ], [ 2.37637, 6.66268 ], [ 2.37664, 6.66385 ], [ 2.37637, 6.66413 ], [ 2.37574, 6.66394 ], [ 2.37556, 6.66313 ], [ 2.37465, 6.66313 ] ], [ [ 2.39718, 6.66225 ], [ 2.39655, 6.66216 ], [ 2.39727, 6.6608 ], [ 2.39709, 6.66044 ], [ 2.39764, 6.66008 ], [ 2.39718, 6.6599 ], [ 2.39728, 6.65909 ], [ 2.39637, 6.65945 ], [ 2.3961, 6.66017 ], [ 2.39529, 6.65963 ], [ 2.39556, 6.65908 ], [ 2.39673, 6.65845 ], [ 2.3971, 6.65899 ], [ 2.39791, 6.65881 ], [ 2.39809, 6.65927 ], [ 2.39909, 6.65945 ], [ 2.39863, 6.65999 ], [ 2.3989, 6.66072 ], [ 2.39854, 6.66081 ], [ 2.39836, 6.66316 ], [ 2.39772, 6.66343 ], [ 2.39718, 6.66225 ] ], [ [ 2.4065, 6.66272 ], [ 2.40786, 6.66136 ], [ 2.40759, 6.66073 ], [ 2.40786, 6.66073 ], [ 2.40831, 6.66208 ], [ 2.40795, 6.6619 ], [ 2.40795, 6.66245 ], [ 2.40741, 6.66263 ], [ 2.40695, 6.66344 ], [ 2.40569, 6.66299 ], [ 2.4065, 6.66272 ] ], [ [ 2.4037, 6.66172 ], [ 2.40469, 6.66081 ], [ 2.40596, 6.66072 ], [ 2.40632, 6.66109 ], [ 2.4056, 6.66217 ], [ 2.40487, 6.66136 ], [ 2.4046, 6.66172 ], [ 2.40487, 6.66262 ], [ 2.40397, 6.66307 ], [ 2.40315, 6.66289 ], [ 2.40324, 6.66334 ], [ 2.40297, 6.66334 ], [ 2.40297, 6.66253 ], [ 2.40243, 6.66271 ], [ 2.40261, 6.66181 ], [ 2.4037, 6.66172 ] ], [ [ 2.34461, 6.66101 ], [ 2.3447, 6.66056 ], [ 2.34597, 6.66155 ], [ 2.3457, 6.663 ], [ 2.34497, 6.66291 ], [ 2.34507, 6.66146 ], [ 2.34461, 6.66101 ] ], [ [ 2.33593, 6.661 ], [ 2.33728, 6.66109 ], [ 2.33792, 6.66136 ], [ 2.3381, 6.66227 ], [ 2.33602, 6.66281 ], [ 2.33565, 6.66172 ], [ 2.33593, 6.661 ] ], [ [ 2.40062, 6.65972 ], [ 2.40053, 6.66017 ], [ 2.3999, 6.66026 ], [ 2.39963, 6.65981 ], [ 2.40044, 6.65963 ], [ 2.40026, 6.65846 ], [ 2.40135, 6.65746 ], [ 2.40162, 6.65819 ], [ 2.40126, 6.65918 ], [ 2.40198, 6.65927 ], [ 2.40207, 6.66045 ], [ 2.40144, 6.66054 ], [ 2.40062, 6.65972 ] ], [ [ 2.38968, 6.65681 ], [ 2.38986, 6.6551 ], [ 2.39086, 6.65428 ], [ 2.39167, 6.65419 ], [ 2.39212, 6.65465 ], [ 2.39158, 6.65528 ], [ 2.39203, 6.65618 ], [ 2.39131, 6.65673 ], [ 2.39176, 6.65691 ], [ 2.39221, 6.65655 ], [ 2.39248, 6.657 ], [ 2.39104, 6.65754 ], [ 2.3914, 6.65854 ], [ 2.39094, 6.65881 ], [ 2.39004, 6.65853 ], [ 2.39013, 6.65754 ], [ 2.38968, 6.65681 ] ], [ [ 2.40705, 6.65756 ], [ 2.40578, 6.65837 ], [ 2.40551, 6.65828 ], [ 2.4056, 6.65783 ], [ 2.40452, 6.65765 ], [ 2.40415, 6.6581 ], [ 2.40289, 6.65783 ], [ 2.40216, 6.65846 ], [ 2.40198, 6.65764 ], [ 2.40126, 6.65701 ], [ 2.40144, 6.65656 ], [ 2.39818, 6.65655 ], [ 2.39746, 6.65601 ], [ 2.39828, 6.65628 ], [ 2.40036, 6.65601 ], [ 2.4018, 6.65629 ], [ 2.40244, 6.65692 ], [ 2.40406, 6.65719 ], [ 2.40569, 6.6562 ], [ 2.40696, 6.65611 ], [ 2.40742, 6.6553 ], [ 2.40895, 6.6562 ], [ 2.40986, 6.65566 ], [ 2.40986, 6.65621 ], [ 2.40931, 6.65675 ], [ 2.40841, 6.65638 ], [ 2.40741, 6.65665 ], [ 2.40732, 6.65738 ], [ 2.40886, 6.6581 ], [ 2.40904, 6.65865 ], [ 2.40868, 6.65874 ], [ 2.40705, 6.65756 ] ], [ [ 2.3724, 6.6558 ], [ 2.37276, 6.65507 ], [ 2.37222, 6.65525 ], [ 2.37195, 6.65444 ], [ 2.37086, 6.65462 ], [ 2.37068, 6.65507 ], [ 2.37014, 6.65489 ], [ 2.37032, 6.65426 ], [ 2.37095, 6.65426 ], [ 2.37131, 6.65372 ], [ 2.37222, 6.6539 ], [ 2.37222, 6.65317 ], [ 2.37331, 6.65363 ], [ 2.37349, 6.65417 ], [ 2.37403, 6.65417 ], [ 2.37376, 6.65471 ], [ 2.37412, 6.65508 ], [ 2.37412, 6.65598 ], [ 2.37312, 6.6567 ], [ 2.37312, 6.65725 ], [ 2.37267, 6.65743 ], [ 2.3724, 6.6558 ] ], [ [ 2.36598, 6.65425 ], [ 2.36498, 6.65389 ], [ 2.36435, 6.65461 ], [ 2.36408, 6.65461 ], [ 2.36417, 6.65398 ], [ 2.3629, 6.65452 ], [ 2.36163, 6.6537 ], [ 2.36118, 6.65379 ], [ 2.36118, 6.65352 ], [ 2.36082, 6.65352 ], [ 2.36082, 6.65397 ], [ 2.35955, 6.65388 ], [ 2.35883, 6.65261 ], [ 2.35983, 6.65207 ], [ 2.36019, 6.65108 ], [ 2.3591, 6.65126 ], [ 2.35883, 6.65035 ], [ 2.35838, 6.65044 ], [ 2.35838, 6.65126 ], [ 2.35657, 6.65225 ], [ 2.3563, 6.65288 ], [ 2.35684, 6.6527 ], [ 2.35684, 6.65306 ], [ 2.3563, 6.65361 ], [ 2.35575, 6.65333 ], [ 2.35575, 6.65288 ], [ 2.35539, 6.65297 ], [ 2.35548, 6.65207 ], [ 2.35494, 6.6517 ], [ 2.35521, 6.65116 ], [ 2.35557, 6.65116 ], [ 2.35585, 6.65189 ], [ 2.35657, 6.65189 ], [ 2.35657, 6.65152 ], [ 2.35757, 6.6508 ], [ 2.35666, 6.65053 ], [ 2.35648, 6.6499 ], [ 2.35594, 6.64971 ], [ 2.35666, 6.64854 ], [ 2.35621, 6.64745 ], [ 2.35567, 6.64727 ], [ 2.35495, 6.6479 ], [ 2.35585, 6.64781 ], [ 2.35603, 6.64809 ], [ 2.35503, 6.64863 ], [ 2.35485, 6.64908 ], [ 2.35413, 6.64836 ], [ 2.35395, 6.64736 ], [ 2.35459, 6.64673 ], [ 2.35422, 6.64627 ], [ 2.3545, 6.64573 ], [ 2.35468, 6.64646 ], [ 2.35522, 6.64682 ], [ 2.35667, 6.64655 ], [ 2.3573, 6.64745 ], [ 2.35802, 6.64764 ], [ 2.35793, 6.64908 ], [ 2.35865, 6.64881 ], [ 2.35856, 6.64818 ], [ 2.35902, 6.64854 ], [ 2.35983, 6.64818 ], [ 2.35965, 6.64773 ], [ 2.35911, 6.64764 ], [ 2.35929, 6.64728 ], [ 2.35974, 6.64728 ], [ 2.35983, 6.64764 ], [ 2.36019, 6.64746 ], [ 2.35992, 6.64637 ], [ 2.35848, 6.64655 ], [ 2.35866, 6.64565 ], [ 2.3592, 6.64547 ], [ 2.3592, 6.64511 ], [ 2.35812, 6.64483 ], [ 2.35848, 6.64357 ], [ 2.35776, 6.64338 ], [ 2.35722, 6.64157 ], [ 2.35658, 6.64157 ], [ 2.3564, 6.64121 ], [ 2.35749, 6.64004 ], [ 2.35839, 6.63968 ], [ 2.35885, 6.63977 ], [ 2.35894, 6.64067 ], [ 2.3583, 6.6404 ], [ 2.3583, 6.64067 ], [ 2.35885, 6.64085 ], [ 2.35903, 6.6414 ], [ 2.35984, 6.64122 ], [ 2.35993, 6.64076 ], [ 2.35912, 6.64031 ], [ 2.35912, 6.63959 ], [ 2.36002, 6.63895 ], [ 2.36002, 6.6395 ], [ 2.35957, 6.63941 ], [ 2.35957, 6.63968 ], [ 2.36029, 6.64013 ], [ 2.3602, 6.64058 ], [ 2.36093, 6.64058 ], [ 2.3612, 6.64022 ], [ 2.36102, 6.63977 ], [ 2.36219, 6.6404 ], [ 2.36165, 6.64194 ], [ 2.36192, 6.64276 ], [ 2.36337, 6.64249 ], [ 2.36436, 6.64113 ], [ 2.36455, 6.63959 ], [ 2.36382, 6.6395 ], [ 2.36265, 6.64013 ], [ 2.36201, 6.63968 ], [ 2.36238, 6.63977 ], [ 2.36428, 6.63842 ], [ 2.3641, 6.63778 ], [ 2.36446, 6.63715 ], [ 2.36392, 6.63715 ], [ 2.36401, 6.6367 ], [ 2.36564, 6.6367 ], [ 2.36627, 6.63616 ], [ 2.36699, 6.63679 ], [ 2.3669, 6.63625 ], [ 2.36745, 6.63589 ], [ 2.36754, 6.63535 ], [ 2.36727, 6.6339 ], [ 2.36609, 6.63353 ], [ 2.36582, 6.63426 ], [ 2.36627, 6.6348 ], [ 2.36528, 6.63489 ], [ 2.36509, 6.63561 ], [ 2.36464, 6.63579 ], [ 2.36482, 6.6348 ], [ 2.36455, 6.63426 ], [ 2.36338, 6.63362 ], [ 2.36374, 6.6329 ], [ 2.36546, 6.63344 ], [ 2.36591, 6.63299 ], [ 2.36745, 6.63308 ], [ 2.36718, 6.63263 ], [ 2.36745, 6.62974 ], [ 2.36655, 6.62919 ], [ 2.36601, 6.63001 ], [ 2.36546, 6.63019 ], [ 2.36411, 6.62892 ], [ 2.36447, 6.62865 ], [ 2.36492, 6.62937 ], [ 2.36528, 6.62937 ], [ 2.36528, 6.62865 ], [ 2.36601, 6.62847 ], [ 2.36619, 6.62729 ], [ 2.36583, 6.62675 ], [ 2.36357, 6.62665 ], [ 2.36194, 6.62774 ], [ 2.35959, 6.62819 ], [ 2.35949, 6.62882 ], [ 2.35832, 6.62828 ], [ 2.35678, 6.62882 ], [ 2.35615, 6.62601 ], [ 2.35751, 6.62502 ], [ 2.35733, 6.62402 ], [ 2.35896, 6.62357 ], [ 2.35905, 6.62294 ], [ 2.35968, 6.62303 ], [ 2.35986, 6.6243 ], [ 2.36013, 6.6243 ], [ 2.3605, 6.62367 ], [ 2.36004, 6.62339 ], [ 2.36068, 6.62267 ], [ 2.36077, 6.62177 ], [ 2.36149, 6.62258 ], [ 2.36231, 6.62249 ], [ 2.36176, 6.62349 ], [ 2.36194, 6.62376 ], [ 2.36294, 6.62313 ], [ 2.36312, 6.62213 ], [ 2.36421, 6.62177 ], [ 2.3652, 6.62195 ], [ 2.36484, 6.62249 ], [ 2.3643, 6.62213 ], [ 2.36475, 6.62295 ], [ 2.36575, 6.6225 ], [ 2.36701, 6.62349 ], [ 2.36737, 6.62313 ], [ 2.36746, 6.62367 ], [ 2.36791, 6.62367 ], [ 2.3681, 6.62413 ], [ 2.36927, 6.62359 ], [ 2.36945, 6.62232 ], [ 2.36918, 6.62205 ], [ 2.37, 6.62133 ], [ 2.37009, 6.62051 ], [ 2.36982, 6.62006 ], [ 2.36683, 6.62005 ], [ 2.36693, 6.61942 ], [ 2.36901, 6.61933 ], [ 2.36901, 6.61897 ], [ 2.36855, 6.61843 ], [ 2.36865, 6.6177 ], [ 2.36774, 6.61779 ], [ 2.36747, 6.61644 ], [ 2.36702, 6.61607 ], [ 2.36738, 6.61517 ], [ 2.36666, 6.61454 ], [ 2.3682, 6.61454 ], [ 2.36775, 6.61309 ], [ 2.36865, 6.61318 ], [ 2.36892, 6.61354 ], [ 2.36901, 6.61291 ], [ 2.37001, 6.61228 ], [ 2.36965, 6.61183 ], [ 2.36965, 6.61092 ], [ 2.37046, 6.61074 ], [ 2.37001, 6.61011 ], [ 2.37019, 6.60938 ], [ 2.37146, 6.6092 ], [ 2.37164, 6.60749 ], [ 2.37264, 6.60667 ], [ 2.37228, 6.60604 ], [ 2.37328, 6.60559 ], [ 2.37328, 6.60432 ], [ 2.37373, 6.60378 ], [ 2.37436, 6.60396 ], [ 2.37473, 6.6036 ], [ 2.37527, 6.60251 ], [ 2.375, 6.6008 ], [ 2.37572, 6.60062 ], [ 2.37572, 6.60125 ], [ 2.37618, 6.60134 ], [ 2.37608, 6.60279 ], [ 2.37536, 6.60333 ], [ 2.37563, 6.60387 ], [ 2.375, 6.60478 ], [ 2.37499, 6.60559 ], [ 2.37608, 6.60514 ], [ 2.37689, 6.60586 ], [ 2.37762, 6.60478 ], [ 2.37871, 6.60442 ], [ 2.38051, 6.60596 ], [ 2.38178, 6.60614 ], [ 2.38241, 6.60741 ], [ 2.38241, 6.60786 ], [ 2.38187, 6.60777 ], [ 2.38223, 6.60822 ], [ 2.38196, 6.60904 ], [ 2.3834, 6.6113 ], [ 2.38385, 6.61356 ], [ 2.38521, 6.61338 ], [ 2.3853, 6.61384 ], [ 2.38575, 6.61384 ], [ 2.38575, 6.61537 ], [ 2.38548, 6.61628 ], [ 2.38502, 6.61637 ], [ 2.38539, 6.61483 ], [ 2.38484, 6.61492 ], [ 2.38394, 6.617 ], [ 2.38366, 6.61872 ], [ 2.38285, 6.62007 ], [ 2.38203, 6.62071 ], [ 2.38077, 6.62052 ], [ 2.37959, 6.62161 ], [ 2.37977, 6.62242 ], [ 2.3795, 6.62315 ], [ 2.37805, 6.62423 ], [ 2.37696, 6.6245 ], [ 2.37687, 6.62522 ], [ 2.37759, 6.62586 ], [ 2.37705, 6.62595 ], [ 2.37687, 6.62649 ], [ 2.37741, 6.62703 ], [ 2.37651, 6.62685 ], [ 2.37578, 6.6254 ], [ 2.37542, 6.62631 ], [ 2.37298, 6.62739 ], [ 2.37316, 6.62884 ], [ 2.3727, 6.62893 ], [ 2.37288, 6.62956 ], [ 2.37252, 6.63047 ], [ 2.3746, 6.63137 ], [ 2.37469, 6.63183 ], [ 2.37424, 6.63219 ], [ 2.3727, 6.63182 ], [ 2.37216, 6.63227 ], [ 2.37252, 6.63273 ], [ 2.37197, 6.63345 ], [ 2.37116, 6.63291 ], [ 2.3708, 6.63318 ], [ 2.36917, 6.6329 ], [ 2.36917, 6.63336 ], [ 2.36998, 6.63327 ], [ 2.37007, 6.63363 ], [ 2.3689, 6.63372 ], [ 2.36881, 6.63453 ], [ 2.36817, 6.63526 ], [ 2.36817, 6.63643 ], [ 2.36708, 6.63779 ], [ 2.36636, 6.63788 ], [ 2.36636, 6.6396 ], [ 2.36563, 6.64005 ], [ 2.36617, 6.64077 ], [ 2.36798, 6.64186 ], [ 2.36771, 6.64276 ], [ 2.36735, 6.64195 ], [ 2.36681, 6.64231 ], [ 2.36699, 6.64303 ], [ 2.36762, 6.64285 ], [ 2.36744, 6.64322 ], [ 2.36789, 6.64475 ], [ 2.36852, 6.64494 ], [ 2.36924, 6.6462 ], [ 2.36943, 6.64512 ], [ 2.37096, 6.64503 ], [ 2.37087, 6.64566 ], [ 2.36988, 6.64611 ], [ 2.36979, 6.64684 ], [ 2.36933, 6.64648 ], [ 2.36888, 6.64774 ], [ 2.36761, 6.64783 ], [ 2.36734, 6.64692 ], [ 2.36616, 6.64783 ], [ 2.36634, 6.64891 ], [ 2.36653, 6.64828 ], [ 2.36743, 6.64901 ], [ 2.36734, 6.64928 ], [ 2.36671, 6.64919 ], [ 2.3668, 6.64955 ], [ 2.36734, 6.65036 ], [ 2.36806, 6.65054 ], [ 2.36779, 6.65163 ], [ 2.36815, 6.65199 ], [ 2.36815, 6.65272 ], [ 2.36914, 6.65317 ], [ 2.36869, 6.65389 ], [ 2.36887, 6.65444 ], [ 2.36968, 6.6548 ], [ 2.36896, 6.65561 ], [ 2.36643, 6.65543 ], [ 2.36598, 6.65425 ] ], [ [ 2.40434, 6.65303 ], [ 2.40525, 6.65267 ], [ 2.40543, 6.65213 ], [ 2.40633, 6.65294 ], [ 2.40678, 6.65276 ], [ 2.40706, 6.65304 ], [ 2.40687, 6.65358 ], [ 2.40715, 6.65403 ], [ 2.40805, 6.65376 ], [ 2.40751, 6.65322 ], [ 2.40832, 6.65286 ], [ 2.40814, 6.65367 ], [ 2.40905, 6.65358 ], [ 2.40814, 6.65457 ], [ 2.40723, 6.65466 ], [ 2.4066, 6.65403 ], [ 2.40642, 6.65466 ], [ 2.40461, 6.65502 ], [ 2.40425, 6.65448 ], [ 2.40434, 6.65303 ] ], [ [ 2.39493, 6.65166 ], [ 2.39457, 6.65203 ], [ 2.39394, 6.65184 ], [ 2.39349, 6.65112 ], [ 2.39493, 6.65076 ], [ 2.39539, 6.65121 ], [ 2.39539, 6.65185 ], [ 2.39593, 6.65148 ], [ 2.3962, 6.65167 ], [ 2.39584, 6.65257 ], [ 2.39656, 6.65257 ], [ 2.39665, 6.65284 ], [ 2.39566, 6.65293 ], [ 2.39493, 6.65166 ] ], [ [ 2.40199, 6.65176 ], [ 2.40145, 6.65131 ], [ 2.4019, 6.65059 ], [ 2.40308, 6.65068 ], [ 2.40498, 6.65005 ], [ 2.40507, 6.65122 ], [ 2.40407, 6.65131 ], [ 2.40389, 6.65167 ], [ 2.40317, 6.65131 ], [ 2.40289, 6.65222 ], [ 2.40235, 6.65267 ], [ 2.40172, 6.6524 ], [ 2.40199, 6.65176 ] ], [ [ 2.39647, 6.64986 ], [ 2.39684, 6.64913 ], [ 2.39756, 6.6495 ], [ 2.39711, 6.64968 ], [ 2.39674, 6.65094 ], [ 2.39548, 6.65085 ], [ 2.39584, 6.65067 ], [ 2.39575, 6.65004 ], [ 2.39647, 6.64986 ] ], [ [ 2.37792, 6.65029 ], [ 2.37811, 6.64974 ], [ 2.37756, 6.64947 ], [ 2.37747, 6.64992 ], [ 2.37711, 6.64983 ], [ 2.37711, 6.65038 ], [ 2.37675, 6.65037 ], [ 2.37657, 6.64983 ], [ 2.37602, 6.65037 ], [ 2.37684, 6.64866 ], [ 2.37747, 6.64893 ], [ 2.37793, 6.64784 ], [ 2.37938, 6.64757 ], [ 2.37983, 6.64694 ], [ 2.38019, 6.64785 ], [ 2.38109, 6.64803 ], [ 2.38254, 6.64948 ], [ 2.38091, 6.6492 ], [ 2.38028, 6.64993 ], [ 2.37901, 6.65047 ], [ 2.37838, 6.65001 ], [ 2.37792, 6.65029 ] ], [ [ 2.38634, 6.64876 ], [ 2.38625, 6.64613 ], [ 2.38653, 6.64568 ], [ 2.38752, 6.64568 ], [ 2.38842, 6.64939 ], [ 2.38752, 6.64985 ], [ 2.38733, 6.65048 ], [ 2.38661, 6.65021 ], [ 2.38679, 6.64867 ], [ 2.38634, 6.64876 ] ], [ [ 2.41014, 6.64752 ], [ 2.40987, 6.6468 ], [ 2.41231, 6.64861 ], [ 2.41231, 6.64988 ], [ 2.41186, 6.64969 ], [ 2.41186, 6.64897 ], [ 2.41014, 6.64752 ] ], [ [ 2.37195, 6.6491 ], [ 2.37187, 6.64793 ], [ 2.37286, 6.64702 ], [ 2.37358, 6.64838 ], [ 2.37286, 6.64865 ], [ 2.37277, 6.64965 ], [ 2.37195, 6.6491 ] ], [ [ 2.39394, 6.64678 ], [ 2.39422, 6.64614 ], [ 2.39386, 6.64515 ], [ 2.39657, 6.64434 ], [ 2.39648, 6.6447 ], [ 2.39711, 6.64551 ], [ 2.39693, 6.64669 ], [ 2.3963, 6.64678 ], [ 2.39611, 6.64732 ], [ 2.39485, 6.64795 ], [ 2.39449, 6.64777 ], [ 2.3944, 6.64687 ], [ 2.39394, 6.64678 ] ], [ [ 2.39892, 6.64588 ], [ 2.3982, 6.64552 ], [ 2.39811, 6.64452 ], [ 2.3972, 6.64389 ], [ 2.39748, 6.64334 ], [ 2.39811, 6.64343 ], [ 2.39874, 6.64271 ], [ 2.39911, 6.64271 ], [ 2.39974, 6.64362 ], [ 2.39965, 6.64461 ], [ 2.40046, 6.64498 ], [ 2.40046, 6.64534 ], [ 2.39983, 6.6457 ], [ 2.4001, 6.64624 ], [ 2.40073, 6.64606 ], [ 2.40136, 6.6467 ], [ 2.40164, 6.64624 ], [ 2.40136, 6.64561 ], [ 2.40326, 6.64561 ], [ 2.40326, 6.64597 ], [ 2.40272, 6.64615 ], [ 2.40326, 6.6467 ], [ 2.40299, 6.64742 ], [ 2.40254, 6.64697 ], [ 2.40154, 6.64742 ], [ 2.40073, 6.64669 ], [ 2.4, 6.64751 ], [ 2.39892, 6.64588 ] ], [ [ 2.41195, 6.64617 ], [ 2.41195, 6.64544 ], [ 2.41105, 6.6449 ], [ 2.41141, 6.64445 ], [ 2.41213, 6.6449 ], [ 2.41267, 6.64608 ], [ 2.41322, 6.64581 ], [ 2.41304, 6.64626 ], [ 2.4134, 6.64635 ], [ 2.4134, 6.64698 ], [ 2.41267, 6.64689 ], [ 2.41213, 6.64743 ], [ 2.41132, 6.64725 ], [ 2.41113, 6.6468 ], [ 2.41195, 6.64617 ] ], [ [ 2.37567, 6.64485 ], [ 2.3763, 6.64431 ], [ 2.37567, 6.64449 ], [ 2.37558, 6.64413 ], [ 2.37639, 6.64377 ], [ 2.37621, 6.64323 ], [ 2.37676, 6.64278 ], [ 2.37648, 6.64377 ], [ 2.37748, 6.64395 ], [ 2.37757, 6.64603 ], [ 2.37712, 6.64603 ], [ 2.37675, 6.64657 ], [ 2.37684, 6.64567 ], [ 2.37567, 6.64485 ] ], [ [ 2.3735, 6.64494 ], [ 2.37341, 6.64422 ], [ 2.37458, 6.64413 ], [ 2.37486, 6.64449 ], [ 2.37395, 6.64503 ], [ 2.37395, 6.6453 ], [ 2.37449, 6.64522 ], [ 2.37413, 6.64594 ], [ 2.37322, 6.64603 ], [ 2.37295, 6.6453 ], [ 2.3735, 6.64494 ] ], [ [ 2.40399, 6.64435 ], [ 2.40354, 6.64353 ], [ 2.40399, 6.64335 ], [ 2.40426, 6.64218 ], [ 2.40472, 6.642 ], [ 2.40481, 6.64109 ], [ 2.40526, 6.64064 ], [ 2.40517, 6.64172 ], [ 2.40472, 6.64209 ], [ 2.40435, 6.64344 ], [ 2.40462, 6.64417 ], [ 2.40408, 6.64534 ], [ 2.40327, 6.64516 ], [ 2.40399, 6.64435 ] ], [ [ 2.40671, 6.6429 ], [ 2.40625, 6.64299 ], [ 2.40625, 6.64399 ], [ 2.40598, 6.64408 ], [ 2.40571, 6.64281 ], [ 2.40616, 6.64254 ], [ 2.40625, 6.64182 ], [ 2.40689, 6.64146 ], [ 2.40716, 6.64182 ], [ 2.40653, 6.64227 ], [ 2.40743, 6.6429 ], [ 2.40716, 6.64317 ], [ 2.40743, 6.64381 ], [ 2.40716, 6.64444 ], [ 2.40643, 6.64426 ], [ 2.40671, 6.6429 ] ], [ [ 2.39286, 6.64135 ], [ 2.39314, 6.64135 ], [ 2.39314, 6.64189 ], [ 2.39359, 6.64189 ], [ 2.39404, 6.64099 ], [ 2.39413, 6.64171 ], [ 2.39531, 6.6418 ], [ 2.39485, 6.64235 ], [ 2.39431, 6.64216 ], [ 2.39377, 6.64271 ], [ 2.39332, 6.64252 ], [ 2.39313, 6.64307 ], [ 2.39277, 6.64289 ], [ 2.39286, 6.64135 ] ], [ [ 2.39694, 6.64045 ], [ 2.39784, 6.64027 ], [ 2.3983, 6.63964 ], [ 2.39947, 6.64018 ], [ 2.3992, 6.64072 ], [ 2.39866, 6.64072 ], [ 2.39866, 6.64108 ], [ 2.3982, 6.64099 ], [ 2.39802, 6.64163 ], [ 2.39721, 6.64117 ], [ 2.39694, 6.64045 ] ], [ [ 2.40915, 6.6382 ], [ 2.40897, 6.63712 ], [ 2.40952, 6.63703 ], [ 2.40997, 6.63847 ], [ 2.40897, 6.63883 ], [ 2.4077, 6.64082 ], [ 2.40725, 6.641 ], [ 2.40915, 6.6382 ] ], [ [ 2.41078, 6.64046 ], [ 2.41178, 6.63965 ], [ 2.41241, 6.63974 ], [ 2.41214, 6.63884 ], [ 2.41223, 6.63848 ], [ 2.4125, 6.63857 ], [ 2.41313, 6.64002 ], [ 2.41259, 6.6401 ], [ 2.41205, 6.64092 ], [ 2.41078, 6.64046 ] ], [ [ 2.38708, 6.63926 ], [ 2.38617, 6.63835 ], [ 2.38681, 6.63763 ], [ 2.38735, 6.63781 ], [ 2.38762, 6.63727 ], [ 2.38645, 6.63736 ], [ 2.3859, 6.63636 ], [ 2.38636, 6.63645 ], [ 2.38663, 6.63573 ], [ 2.38726, 6.63564 ], [ 2.3878, 6.63637 ], [ 2.38916, 6.63682 ], [ 2.38943, 6.63763 ], [ 2.38925, 6.6389 ], [ 2.38961, 6.63944 ], [ 2.38889, 6.63935 ], [ 2.38898, 6.6398 ], [ 2.38807, 6.6408 ], [ 2.38735, 6.64053 ], [ 2.38708, 6.63926 ] ], [ [ 2.38373, 6.63772 ], [ 2.38337, 6.63745 ], [ 2.384, 6.6369 ], [ 2.384, 6.63871 ], [ 2.38481, 6.63917 ], [ 2.38454, 6.63989 ], [ 2.38508, 6.64043 ], [ 2.38382, 6.64016 ], [ 2.38373, 6.63772 ] ], [ [ 2.39495, 6.63646 ], [ 2.39504, 6.63547 ], [ 2.3945, 6.63511 ], [ 2.39541, 6.63429 ], [ 2.39486, 6.63384 ], [ 2.39486, 6.63339 ], [ 2.39577, 6.63249 ], [ 2.39595, 6.63321 ], [ 2.39649, 6.63348 ], [ 2.39622, 6.63529 ], [ 2.39685, 6.63592 ], [ 2.39694, 6.63665 ], [ 2.3964, 6.63782 ], [ 2.39531, 6.63728 ], [ 2.39495, 6.63646 ] ], [ [ 2.35985, 6.63579 ], [ 2.36048, 6.63606 ], [ 2.36057, 6.63534 ], [ 2.36111, 6.63552 ], [ 2.36129, 6.63597 ], [ 2.36093, 6.63642 ], [ 2.36156, 6.6366 ], [ 2.36156, 6.63724 ], [ 2.36102, 6.63751 ], [ 2.36039, 6.63715 ], [ 2.36048, 6.6376 ], [ 2.35994, 6.6376 ], [ 2.36012, 6.63633 ], [ 2.35985, 6.63579 ] ], [ [ 2.39749, 6.63403 ], [ 2.39758, 6.63348 ], [ 2.39821, 6.63321 ], [ 2.39803, 6.63249 ], [ 2.39903, 6.63222 ], [ 2.39966, 6.63421 ], [ 2.39893, 6.63529 ], [ 2.3983, 6.6352 ], [ 2.39749, 6.63403 ] ], [ [ 2.35904, 6.63398 ], [ 2.35931, 6.63334 ], [ 2.35886, 6.63307 ], [ 2.36003, 6.63172 ], [ 2.36058, 6.63163 ], [ 2.36058, 6.63063 ], [ 2.36166, 6.63009 ], [ 2.36175, 6.63072 ], [ 2.36248, 6.63091 ], [ 2.3613, 6.63262 ], [ 2.36157, 6.63344 ], [ 2.36103, 6.63407 ], [ 2.36057, 6.63407 ], [ 2.36066, 6.63497 ], [ 2.36003, 6.63479 ], [ 2.35994, 6.63389 ], [ 2.35904, 6.63398 ] ], [ [ 2.3869, 6.63329 ], [ 2.38781, 6.63329 ], [ 2.38799, 6.63284 ], [ 2.3869, 6.63175 ], [ 2.3879, 6.63157 ], [ 2.38835, 6.63284 ], [ 2.39089, 6.63176 ], [ 2.39116, 6.63275 ], [ 2.39097, 6.63393 ], [ 2.39034, 6.63302 ], [ 2.38998, 6.63338 ], [ 2.38962, 6.6332 ], [ 2.38998, 6.63347 ], [ 2.3898, 6.63374 ], [ 2.38853, 6.63356 ], [ 2.38763, 6.63419 ], [ 2.3869, 6.63329 ] ], [ [ 2.35605, 6.63207 ], [ 2.3565, 6.63171 ], [ 2.35569, 6.63162 ], [ 2.35569, 6.63117 ], [ 2.35641, 6.63117 ], [ 2.35651, 6.63054 ], [ 2.35678, 6.63054 ], [ 2.3575, 6.6309 ], [ 2.35687, 6.63117 ], [ 2.35678, 6.6318 ], [ 2.35759, 6.63262 ], [ 2.35723, 6.63298 ], [ 2.35659, 6.63289 ], [ 2.35623, 6.63388 ], [ 2.35596, 6.63388 ], [ 2.35587, 6.63334 ], [ 2.35632, 6.63307 ], [ 2.35605, 6.63207 ] ], [ [ 2.40319, 6.6315 ], [ 2.40401, 6.63168 ], [ 2.40509, 6.63259 ], [ 2.40509, 6.63295 ], [ 2.40355, 6.63304 ], [ 2.40319, 6.6315 ] ], [ [ 2.39921, 6.63095 ], [ 2.40003, 6.63068 ], [ 2.40039, 6.62978 ], [ 2.40129, 6.63005 ], [ 2.39993, 6.6324 ], [ 2.3993, 6.63195 ], [ 2.39921, 6.63095 ] ], [ [ 2.40138, 6.63005 ], [ 2.40175, 6.62978 ], [ 2.40256, 6.63032 ], [ 2.40283, 6.62978 ], [ 2.40356, 6.62969 ], [ 2.40292, 6.63068 ], [ 2.4022, 6.63059 ], [ 2.40229, 6.63159 ], [ 2.40138, 6.63005 ] ], [ [ 2.39813, 6.62697 ], [ 2.39831, 6.62724 ], [ 2.39867, 6.62697 ], [ 2.39822, 6.62688 ], [ 2.39831, 6.62625 ], [ 2.39786, 6.62588 ], [ 2.3984, 6.62579 ], [ 2.39885, 6.62625 ], [ 2.39867, 6.62561 ], [ 2.39922, 6.62561 ], [ 2.3994, 6.62525 ], [ 2.3994, 6.62634 ], [ 2.39885, 6.62661 ], [ 2.39885, 6.62697 ], [ 2.3994, 6.62688 ], [ 2.3994, 6.62715 ], [ 2.3984, 6.62824 ], [ 2.39804, 6.62805 ], [ 2.39813, 6.62697 ] ], [ [ 2.32991, 6.62571 ], [ 2.32919, 6.6257 ], [ 2.32955, 6.62498 ], [ 2.33082, 6.62571 ], [ 2.33073, 6.6267 ], [ 2.33136, 6.62716 ], [ 2.33045, 6.62715 ], [ 2.33036, 6.62625 ], [ 2.32991, 6.62571 ] ], [ [ 2.39062, 6.62434 ], [ 2.38954, 6.62352 ], [ 2.39053, 6.62551 ], [ 2.39053, 6.62651 ], [ 2.39017, 6.62669 ], [ 2.3899, 6.6256 ], [ 2.38936, 6.62479 ], [ 2.38908, 6.62488 ], [ 2.389, 6.62424 ], [ 2.38845, 6.62433 ], [ 2.38845, 6.62325 ], [ 2.38764, 6.62252 ], [ 2.38665, 6.61999 ], [ 2.38701, 6.61719 ], [ 2.38828, 6.6161 ], [ 2.38874, 6.61465 ], [ 2.38937, 6.61447 ], [ 2.38919, 6.6142 ], [ 2.38855, 6.61456 ], [ 2.38801, 6.61411 ], [ 2.38738, 6.6142 ], [ 2.38756, 6.61239 ], [ 2.3882, 6.61212 ], [ 2.38847, 6.61275 ], [ 2.39019, 6.61248 ], [ 2.39055, 6.61321 ], [ 2.39136, 6.61348 ], [ 2.3939, 6.61222 ], [ 2.39299, 6.61375 ], [ 2.39154, 6.61448 ], [ 2.39018, 6.61619 ], [ 2.39045, 6.61728 ], [ 2.38955, 6.61674 ], [ 2.38927, 6.61737 ], [ 2.38846, 6.61755 ], [ 2.3881, 6.61954 ], [ 2.38918, 6.62234 ], [ 2.38981, 6.62235 ], [ 2.39045, 6.62162 ], [ 2.39135, 6.62208 ], [ 2.39135, 6.62027 ], [ 2.39063, 6.62045 ], [ 2.38999, 6.62153 ], [ 2.38927, 6.62171 ], [ 2.38981, 6.62108 ], [ 2.38982, 6.61954 ], [ 2.39081, 6.61963 ], [ 2.39072, 6.61927 ], [ 2.39027, 6.61927 ], [ 2.39018, 6.61873 ], [ 2.39045, 6.61746 ], [ 2.39154, 6.61692 ], [ 2.39136, 6.61638 ], [ 2.3928, 6.61638 ], [ 2.39308, 6.61575 ], [ 2.3938, 6.61566 ], [ 2.39416, 6.61502 ], [ 2.39507, 6.6152 ], [ 2.39525, 6.61557 ], [ 2.39579, 6.61539 ], [ 2.39615, 6.61584 ], [ 2.39733, 6.61566 ], [ 2.39796, 6.61494 ], [ 2.40023, 6.61512 ], [ 2.4004, 6.61675 ], [ 2.40004, 6.61765 ], [ 2.40076, 6.61802 ], [ 2.40067, 6.61973 ], [ 2.40112, 6.62001 ], [ 2.40058, 6.62218 ], [ 2.40013, 6.62227 ], [ 2.40022, 6.62163 ], [ 2.39958, 6.62145 ], [ 2.3995, 6.61946 ], [ 2.39886, 6.61838 ], [ 2.39751, 6.61901 ], [ 2.39714, 6.61973 ], [ 2.39669, 6.61964 ], [ 2.39642, 6.61883 ], [ 2.39705, 6.61828 ], [ 2.39687, 6.61792 ], [ 2.39751, 6.61792 ], [ 2.3976, 6.61729 ], [ 2.39697, 6.61747 ], [ 2.39552, 6.61638 ], [ 2.39552, 6.61692 ], [ 2.39479, 6.61765 ], [ 2.39425, 6.61719 ], [ 2.39289, 6.61755 ], [ 2.39334, 6.61864 ], [ 2.39316, 6.62 ], [ 2.39407, 6.62136 ], [ 2.39316, 6.62362 ], [ 2.39361, 6.62398 ], [ 2.39352, 6.62298 ], [ 2.39406, 6.62271 ], [ 2.39433, 6.6238 ], [ 2.39488, 6.62389 ], [ 2.39497, 6.62353 ], [ 2.39569, 6.62335 ], [ 2.39542, 6.6229 ], [ 2.39587, 6.62281 ], [ 2.39632, 6.62335 ], [ 2.39696, 6.62344 ], [ 2.39723, 6.62471 ], [ 2.39687, 6.62516 ], [ 2.39578, 6.62543 ], [ 2.39515, 6.62416 ], [ 2.39479, 6.62407 ], [ 2.39496, 6.62561 ], [ 2.39569, 6.62552 ], [ 2.39578, 6.62579 ], [ 2.3956, 6.62669 ], [ 2.39505, 6.62651 ], [ 2.39515, 6.62588 ], [ 2.39451, 6.62543 ], [ 2.39451, 6.62642 ], [ 2.39406, 6.62633 ], [ 2.39379, 6.62561 ], [ 2.39171, 6.62606 ], [ 2.39171, 6.62542 ], [ 2.39298, 6.62479 ], [ 2.39307, 6.62434 ], [ 2.39252, 6.62389 ], [ 2.39162, 6.62416 ], [ 2.39126, 6.62316 ], [ 2.39054, 6.62262 ], [ 2.39153, 6.62443 ], [ 2.39125, 6.62687 ], [ 2.39062, 6.62434 ] ], [ [ 2.38646, 6.62506 ], [ 2.38637, 6.62451 ], [ 2.38719, 6.62442 ], [ 2.38737, 6.62469 ], [ 2.38737, 6.62542 ], [ 2.38646, 6.62542 ], [ 2.38583, 6.6265 ], [ 2.38537, 6.62605 ], [ 2.38547, 6.62533 ], [ 2.38646, 6.62506 ] ], [ [ 2.34348, 6.62527 ], [ 2.34321, 6.6259 ], [ 2.34267, 6.62599 ], [ 2.3424, 6.62473 ], [ 2.34321, 6.62446 ], [ 2.3434, 6.62382 ], [ 2.34394, 6.62392 ], [ 2.34403, 6.62328 ], [ 2.3443, 6.62355 ], [ 2.34503, 6.62337 ], [ 2.34548, 6.62175 ], [ 2.34584, 6.62157 ], [ 2.34584, 6.62202 ], [ 2.34638, 6.62202 ], [ 2.34629, 6.62157 ], [ 2.34675, 6.6213 ], [ 2.34639, 6.6203 ], [ 2.34738, 6.62039 ], [ 2.34802, 6.61994 ], [ 2.34756, 6.62157 ], [ 2.34657, 6.62157 ], [ 2.34702, 6.62238 ], [ 2.34693, 6.62292 ], [ 2.34593, 6.62338 ], [ 2.34611, 6.62428 ], [ 2.3453, 6.62401 ], [ 2.34457, 6.62446 ], [ 2.34484, 6.62582 ], [ 2.34448, 6.62627 ], [ 2.34403, 6.62609 ], [ 2.34348, 6.62527 ] ], [ [ 2.349, 6.62437 ], [ 2.34919, 6.62347 ], [ 2.3481, 6.62329 ], [ 2.3481, 6.62284 ], [ 2.34874, 6.62275 ], [ 2.34828, 6.62175 ], [ 2.34892, 6.62166 ], [ 2.3491, 6.62302 ], [ 2.34982, 6.62284 ], [ 2.35, 6.62239 ], [ 2.34928, 6.62202 ], [ 2.34919, 6.62139 ], [ 2.34982, 6.62094 ], [ 2.35001, 6.62021 ], [ 2.35064, 6.62003 ], [ 2.35154, 6.62049 ], [ 2.35163, 6.6213 ], [ 2.351, 6.62103 ], [ 2.35136, 6.62175 ], [ 2.35109, 6.62257 ], [ 2.3519, 6.62284 ], [ 2.35199, 6.62384 ], [ 2.35072, 6.62365 ], [ 2.35091, 6.62311 ], [ 2.35045, 6.62284 ], [ 2.35054, 6.62338 ], [ 2.34955, 6.62356 ], [ 2.34928, 6.62419 ], [ 2.34964, 6.62447 ], [ 2.34973, 6.62392 ], [ 2.35036, 6.62383 ], [ 2.35054, 6.62438 ], [ 2.35163, 6.62438 ], [ 2.35208, 6.62492 ], [ 2.35109, 6.62474 ], [ 2.35027, 6.6251 ], [ 2.35054, 6.62456 ], [ 2.34982, 6.62456 ], [ 2.34964, 6.62483 ], [ 2.35018, 6.62519 ], [ 2.35027, 6.62582 ], [ 2.34955, 6.62537 ], [ 2.349, 6.62437 ] ], [ [ 2.3301, 6.62453 ], [ 2.33019, 6.62317 ], [ 2.33118, 6.62327 ], [ 2.33136, 6.62399 ], [ 2.33218, 6.62453 ], [ 2.33172, 6.62517 ], [ 2.33118, 6.62507 ], [ 2.331, 6.62562 ], [ 2.3301, 6.62453 ] ], [ [ 2.33281, 6.6239 ], [ 2.33326, 6.6239 ], [ 2.33335, 6.62453 ], [ 2.33417, 6.62445 ], [ 2.33399, 6.62345 ], [ 2.33435, 6.62336 ], [ 2.33489, 6.62526 ], [ 2.33435, 6.62535 ], [ 2.33426, 6.62472 ], [ 2.33317, 6.62481 ], [ 2.33389, 6.62544 ], [ 2.33308, 6.62544 ], [ 2.33263, 6.62471 ], [ 2.33281, 6.6239 ] ], [ [ 2.40555, 6.62381 ], [ 2.4051, 6.62327 ], [ 2.40592, 6.62336 ], [ 2.40646, 6.62191 ], [ 2.40682, 6.62255 ], [ 2.40718, 6.62255 ], [ 2.40818, 6.62173 ], [ 2.40809, 6.62354 ], [ 2.40782, 6.62345 ], [ 2.40754, 6.624 ], [ 2.40664, 6.62354 ], [ 2.40555, 6.62381 ] ], [ [ 2.38547, 6.62207 ], [ 2.38592, 6.62189 ], [ 2.38592, 6.62135 ], [ 2.38565, 6.62116 ], [ 2.38511, 6.62171 ], [ 2.38493, 6.62116 ], [ 2.38574, 6.62062 ], [ 2.38547, 6.6199 ], [ 2.38574, 6.61935 ], [ 2.38557, 6.61709 ], [ 2.38602, 6.61691 ], [ 2.38584, 6.61519 ], [ 2.3862, 6.61474 ], [ 2.38656, 6.61547 ], [ 2.38656, 6.61673 ], [ 2.3862, 6.61764 ], [ 2.38647, 6.61872 ], [ 2.38601, 6.61972 ], [ 2.38638, 6.62035 ], [ 2.38601, 6.62306 ], [ 2.38646, 6.62352 ], [ 2.38592, 6.62343 ], [ 2.38556, 6.62388 ], [ 2.38574, 6.62234 ], [ 2.38547, 6.62207 ] ], [ [ 2.38149, 6.62206 ], [ 2.38321, 6.62188 ], [ 2.3833, 6.62261 ], [ 2.38275, 6.62333 ], [ 2.38149, 6.62206 ] ], [ [ 2.33173, 6.62218 ], [ 2.332, 6.62155 ], [ 2.33155, 6.621 ], [ 2.33191, 6.62082 ], [ 2.33245, 6.62128 ], [ 2.33336, 6.62092 ], [ 2.33245, 6.62037 ], [ 2.33336, 6.61893 ], [ 2.33327, 6.62028 ], [ 2.33417, 6.62164 ], [ 2.33372, 6.62164 ], [ 2.33345, 6.62119 ], [ 2.33308, 6.62254 ], [ 2.33272, 6.62227 ], [ 2.33173, 6.62218 ] ], [ [ 2.33462, 6.62191 ], [ 2.33462, 6.62146 ], [ 2.33435, 6.62146 ], [ 2.33435, 6.61992 ], [ 2.33562, 6.62029 ], [ 2.33653, 6.61992 ], [ 2.33707, 6.6202 ], [ 2.33689, 6.62119 ], [ 2.33634, 6.62146 ], [ 2.33607, 6.62219 ], [ 2.33553, 6.62173 ], [ 2.33462, 6.62191 ] ], [ [ 2.34494, 6.62093 ], [ 2.34476, 6.6203 ], [ 2.34367, 6.61966 ], [ 2.34286, 6.61966 ], [ 2.34277, 6.61912 ], [ 2.34304, 6.6193 ], [ 2.34367, 6.61894 ], [ 2.34404, 6.6193 ], [ 2.34404, 6.61858 ], [ 2.34494, 6.61822 ], [ 2.34485, 6.61767 ], [ 2.3453, 6.61795 ], [ 2.34603, 6.61768 ], [ 2.34612, 6.61813 ], [ 2.34548, 6.61849 ], [ 2.34548, 6.61957 ], [ 2.34485, 6.61957 ], [ 2.34557, 6.6212 ], [ 2.34521, 6.62166 ], [ 2.34448, 6.62156 ], [ 2.34421, 6.62147 ], [ 2.3444, 6.62084 ], [ 2.34494, 6.62093 ] ], [ [ 2.33951, 6.62029 ], [ 2.33842, 6.6202 ], [ 2.33797, 6.62083 ], [ 2.33743, 6.62056 ], [ 2.33779, 6.62011 ], [ 2.33824, 6.6202 ], [ 2.33843, 6.61957 ], [ 2.3396, 6.61921 ], [ 2.33978, 6.61821 ], [ 2.33924, 6.61712 ], [ 2.33951, 6.61685 ], [ 2.34006, 6.61713 ], [ 2.3406, 6.61658 ], [ 2.34069, 6.61722 ], [ 2.34096, 6.61722 ], [ 2.34178, 6.61686 ], [ 2.34205, 6.61631 ], [ 2.3425, 6.61631 ], [ 2.34259, 6.61677 ], [ 2.34178, 6.61731 ], [ 2.34178, 6.61803 ], [ 2.33996, 6.61948 ], [ 2.34114, 6.62093 ], [ 2.34005, 6.62092 ], [ 2.33915, 6.62038 ], [ 2.33951, 6.62029 ] ], [ [ 2.352, 6.62031 ], [ 2.352, 6.61967 ], [ 2.35154, 6.61958 ], [ 2.35109, 6.62013 ], [ 2.35064, 6.61913 ], [ 2.35082, 6.61877 ], [ 2.35155, 6.61895 ], [ 2.35182, 6.61841 ], [ 2.35173, 6.61805 ], [ 2.35064, 6.61841 ], [ 2.35055, 6.61732 ], [ 2.35073, 6.61696 ], [ 2.35155, 6.61732 ], [ 2.35218, 6.61678 ], [ 2.35336, 6.61723 ], [ 2.35336, 6.61696 ], [ 2.3539, 6.61696 ], [ 2.3539, 6.61606 ], [ 2.353, 6.61651 ], [ 2.35245, 6.61633 ], [ 2.352, 6.61678 ], [ 2.35164, 6.61633 ], [ 2.35091, 6.61669 ], [ 2.35073, 6.61614 ], [ 2.34956, 6.61551 ], [ 2.34911, 6.6156 ], [ 2.34902, 6.61614 ], [ 2.34856, 6.61587 ], [ 2.34947, 6.61515 ], [ 2.35019, 6.61551 ], [ 2.35065, 6.61533 ], [ 2.35046, 6.61479 ], [ 2.35101, 6.61497 ], [ 2.35083, 6.61415 ], [ 2.35128, 6.61379 ], [ 2.3511, 6.61207 ], [ 2.35137, 6.61171 ], [ 2.35164, 6.6118 ], [ 2.35182, 6.61388 ], [ 2.353, 6.61343 ], [ 2.35309, 6.6128 ], [ 2.35382, 6.61235 ], [ 2.35345, 6.61217 ], [ 2.35282, 6.6128 ], [ 2.35219, 6.61262 ], [ 2.35219, 6.61189 ], [ 2.353, 6.61126 ], [ 2.35373, 6.61126 ], [ 2.35391, 6.61181 ], [ 2.35445, 6.61172 ], [ 2.35436, 6.6128 ], [ 2.35508, 6.61235 ], [ 2.35517, 6.61145 ], [ 2.35436, 6.61153 ], [ 2.35346, 6.61045 ], [ 2.35364, 6.61018 ], [ 2.35445, 6.61027 ], [ 2.35436, 6.60945 ], [ 2.35282, 6.60891 ], [ 2.35273, 6.60936 ], [ 2.35337, 6.60981 ], [ 2.35318, 6.61018 ], [ 2.35273, 6.61027 ], [ 2.35183, 6.60963 ], [ 2.3511, 6.61144 ], [ 2.35119, 6.61026 ], [ 2.35038, 6.60927 ], [ 2.34993, 6.60972 ], [ 2.35056, 6.61017 ], [ 2.35065, 6.61072 ], [ 2.3502, 6.61062 ], [ 2.3502, 6.6109 ], [ 2.34975, 6.6109 ], [ 2.35002, 6.61026 ], [ 2.34966, 6.60999 ], [ 2.34803, 6.61089 ], [ 2.34757, 6.61089 ], [ 2.34758, 6.61044 ], [ 2.34694, 6.61026 ], [ 2.34586, 6.6108 ], [ 2.34513, 6.61017 ], [ 2.34558, 6.61107 ], [ 2.34658, 6.61089 ], [ 2.34658, 6.61116 ], [ 2.34468, 6.61333 ], [ 2.34504, 6.6136 ], [ 2.34513, 6.61324 ], [ 2.34567, 6.61324 ], [ 2.34576, 6.61369 ], [ 2.34468, 6.61378 ], [ 2.3444, 6.61342 ], [ 2.34549, 6.61189 ], [ 2.34513, 6.61062 ], [ 2.34459, 6.61026 ], [ 2.34378, 6.60844 ], [ 2.34441, 6.60845 ], [ 2.34459, 6.60935 ], [ 2.34513, 6.60971 ], [ 2.34522, 6.60926 ], [ 2.34477, 6.60872 ], [ 2.34541, 6.60863 ], [ 2.34541, 6.60827 ], [ 2.34495, 6.60808 ], [ 2.34532, 6.6079 ], [ 2.34559, 6.60818 ], [ 2.34613, 6.60763 ], [ 2.34631, 6.608 ], [ 2.34704, 6.60773 ], [ 2.34667, 6.60718 ], [ 2.34677, 6.6061 ], [ 2.34758, 6.60583 ], [ 2.3474, 6.60537 ], [ 2.34785, 6.60501 ], [ 2.34785, 6.60474 ], [ 2.34731, 6.60474 ], [ 2.34758, 6.60402 ], [ 2.34849, 6.60411 ], [ 2.34785, 6.60556 ], [ 2.3484, 6.60547 ], [ 2.34867, 6.6061 ], [ 2.34867, 6.60547 ], [ 2.34966, 6.60565 ], [ 2.34966, 6.60529 ], [ 2.34867, 6.60447 ], [ 2.34885, 6.60402 ], [ 2.34885, 6.60438 ], [ 2.34975, 6.60474 ], [ 2.34967, 6.60348 ], [ 2.34849, 6.6032 ], [ 2.34849, 6.60284 ], [ 2.34912, 6.60248 ], [ 2.34867, 6.60203 ], [ 2.34894, 6.60103 ], [ 2.34949, 6.60131 ], [ 2.34921, 6.60257 ], [ 2.35003, 6.60257 ], [ 2.34994, 6.60339 ], [ 2.35075, 6.60366 ], [ 2.35075, 6.60429 ], [ 2.35147, 6.60429 ], [ 2.35147, 6.60366 ], [ 2.35084, 6.60357 ], [ 2.35184, 6.6033 ], [ 2.35193, 6.60258 ], [ 2.35166, 6.60239 ], [ 2.35138, 6.60294 ], [ 2.35039, 6.60275 ], [ 2.3503, 6.60248 ], [ 2.35084, 6.60212 ], [ 2.35057, 6.60131 ], [ 2.35175, 6.60149 ], [ 2.35338, 6.60303 ], [ 2.35292, 6.60402 ], [ 2.35184, 6.6042 ], [ 2.35256, 6.60556 ], [ 2.35183, 6.60556 ], [ 2.35174, 6.60628 ], [ 2.3512, 6.6061 ], [ 2.35174, 6.60746 ], [ 2.35111, 6.60737 ], [ 2.35084, 6.608 ], [ 2.35138, 6.60864 ], [ 2.35219, 6.60837 ], [ 2.35201, 6.60755 ], [ 2.35246, 6.60737 ], [ 2.35256, 6.60665 ], [ 2.35192, 6.60628 ], [ 2.35283, 6.60647 ], [ 2.35301, 6.6052 ], [ 2.35337, 6.60529 ], [ 2.35355, 6.60728 ], [ 2.35292, 6.60737 ], [ 2.35337, 6.60782 ], [ 2.354, 6.60783 ], [ 2.35418, 6.609 ], [ 2.35482, 6.6081 ], [ 2.35427, 6.60764 ], [ 2.35545, 6.60783 ], [ 2.35545, 6.60747 ], [ 2.35645, 6.60674 ], [ 2.35581, 6.60611 ], [ 2.35672, 6.6052 ], [ 2.35672, 6.60629 ], [ 2.35762, 6.60647 ], [ 2.3578, 6.60593 ], [ 2.35826, 6.60602 ], [ 2.35808, 6.60466 ], [ 2.35862, 6.60466 ], [ 2.35844, 6.60403 ], [ 2.35744, 6.60448 ], [ 2.35672, 6.60412 ], [ 2.3569, 6.60367 ], [ 2.35745, 6.60412 ], [ 2.35781, 6.60394 ], [ 2.35808, 6.60313 ], [ 2.35907, 6.60385 ], [ 2.35962, 6.60295 ], [ 2.35998, 6.60295 ], [ 2.3598, 6.60421 ], [ 2.36052, 6.60449 ], [ 2.35979, 6.60593 ], [ 2.36097, 6.6063 ], [ 2.36133, 6.60675 ], [ 2.36097, 6.60702 ], [ 2.36034, 6.60675 ], [ 2.35989, 6.60602 ], [ 2.35943, 6.60611 ], [ 2.35961, 6.60684 ], [ 2.35934, 6.60711 ], [ 2.35988, 6.60765 ], [ 2.3597, 6.60856 ], [ 2.36033, 6.60883 ], [ 2.36051, 6.60919 ], [ 2.36006, 6.60901 ], [ 2.3597, 6.60955 ], [ 2.36015, 6.60991 ], [ 2.36006, 6.61046 ], [ 2.35952, 6.611 ], [ 2.35825, 6.611 ], [ 2.35834, 6.6119 ], [ 2.35771, 6.61217 ], [ 2.35771, 6.61244 ], [ 2.35852, 6.61226 ], [ 2.36006, 6.6129 ], [ 2.36096, 6.61408 ], [ 2.36078, 6.61453 ], [ 2.35996, 6.61453 ], [ 2.35969, 6.61516 ], [ 2.35861, 6.61597 ], [ 2.3587, 6.61634 ], [ 2.35942, 6.61652 ], [ 2.35942, 6.61697 ], [ 2.35833, 6.61796 ], [ 2.35779, 6.61742 ], [ 2.35797, 6.61787 ], [ 2.35733, 6.61986 ], [ 2.35706, 6.61977 ], [ 2.35697, 6.61796 ], [ 2.35661, 6.61787 ], [ 2.35616, 6.61796 ], [ 2.3558, 6.61868 ], [ 2.35507, 6.61877 ], [ 2.3548, 6.6185 ], [ 2.35517, 6.61814 ], [ 2.3548, 6.61796 ], [ 2.35471, 6.61859 ], [ 2.35344, 6.61904 ], [ 2.35408, 6.61941 ], [ 2.35335, 6.61977 ], [ 2.35335, 6.62049 ], [ 2.35263, 6.62004 ], [ 2.352, 6.62031 ] ], [ [ 2.33055, 6.61946 ], [ 2.33001, 6.61964 ], [ 2.32992, 6.61928 ], [ 2.32874, 6.61973 ], [ 2.32811, 6.61847 ], [ 2.32838, 6.6182 ], [ 2.3292, 6.61892 ], [ 2.33046, 6.61928 ], [ 2.33092, 6.61865 ], [ 2.33137, 6.61965 ], [ 2.33182, 6.61974 ], [ 2.33191, 6.61929 ], [ 2.33227, 6.61947 ], [ 2.33191, 6.62001 ], [ 2.33055, 6.61946 ] ], [ [ 2.40149, 6.61883 ], [ 2.40131, 6.61838 ], [ 2.40275, 6.61802 ], [ 2.40303, 6.61856 ], [ 2.40366, 6.61865 ], [ 2.40393, 6.61938 ], [ 2.40311, 6.62001 ], [ 2.40312, 6.6192 ], [ 2.40149, 6.61883 ] ], [ [ 2.32667, 6.61675 ], [ 2.32631, 6.61674 ], [ 2.32631, 6.61611 ], [ 2.3254, 6.61502 ], [ 2.32549, 6.61466 ], [ 2.32631, 6.61512 ], [ 2.3273, 6.61421 ], [ 2.32703, 6.61503 ], [ 2.32785, 6.61476 ], [ 2.32884, 6.61602 ], [ 2.3292, 6.61584 ], [ 2.3302, 6.61639 ], [ 2.33001, 6.61729 ], [ 2.32884, 6.61657 ], [ 2.32857, 6.61657 ], [ 2.32848, 6.6172 ], [ 2.32775, 6.61693 ], [ 2.32748, 6.61729 ], [ 2.32694, 6.61693 ], [ 2.32685, 6.61801 ], [ 2.32721, 6.6181 ], [ 2.32694, 6.61846 ], [ 2.32658, 6.61828 ], [ 2.32667, 6.61675 ] ], [ [ 2.33128, 6.61666 ], [ 2.33092, 6.61639 ], [ 2.33101, 6.61594 ], [ 2.33201, 6.61666 ], [ 2.33237, 6.61621 ], [ 2.333, 6.61639 ], [ 2.33336, 6.61576 ], [ 2.33309, 6.61522 ], [ 2.33364, 6.61522 ], [ 2.33364, 6.61431 ], [ 2.33436, 6.61368 ], [ 2.33464, 6.61241 ], [ 2.33644, 6.61269 ], [ 2.33681, 6.61341 ], [ 2.33653, 6.61404 ], [ 2.33671, 6.61486 ], [ 2.33554, 6.61531 ], [ 2.33536, 6.61477 ], [ 2.33517, 6.61576 ], [ 2.33445, 6.61522 ], [ 2.33472, 6.61676 ], [ 2.33436, 6.61685 ], [ 2.33418, 6.61648 ], [ 2.33382, 6.61675 ], [ 2.33445, 6.6182 ], [ 2.33309, 6.6182 ], [ 2.33336, 6.61775 ], [ 2.33381, 6.61793 ], [ 2.3339, 6.61748 ], [ 2.33345, 6.61739 ], [ 2.33273, 6.61793 ], [ 2.33164, 6.61702 ], [ 2.33137, 6.61757 ], [ 2.33173, 6.61811 ], [ 2.33092, 6.61829 ], [ 2.33065, 6.61802 ], [ 2.33128, 6.61666 ] ], [ [ 2.3444, 6.61659 ], [ 2.3444, 6.61577 ], [ 2.34522, 6.61596 ], [ 2.34567, 6.61523 ], [ 2.34703, 6.61514 ], [ 2.34793, 6.61515 ], [ 2.34829, 6.6156 ], [ 2.34811, 6.61623 ], [ 2.34711, 6.61659 ], [ 2.34684, 6.61614 ], [ 2.34766, 6.61587 ], [ 2.34739, 6.61542 ], [ 2.34567, 6.61559 ], [ 2.34521, 6.61668 ], [ 2.34612, 6.61713 ], [ 2.3453, 6.61722 ], [ 2.34521, 6.61677 ], [ 2.3444, 6.61659 ] ], [ [ 2.38521, 6.61302 ], [ 2.38485, 6.61239 ], [ 2.3844, 6.61067 ], [ 2.38467, 6.61022 ], [ 2.38512, 6.61031 ], [ 2.38503, 6.6113 ], [ 2.38629, 6.61329 ], [ 2.3862, 6.6142 ], [ 2.38584, 6.61402 ], [ 2.38575, 6.61302 ], [ 2.38521, 6.61302 ] ], [ [ 2.32532, 6.6124 ], [ 2.32586, 6.61231 ], [ 2.32586, 6.61303 ], [ 2.32676, 6.61249 ], [ 2.32685, 6.61304 ], [ 2.32758, 6.6134 ], [ 2.3274, 6.61367 ], [ 2.32694, 6.6134 ], [ 2.32541, 6.61367 ], [ 2.32532, 6.6124 ] ], [ [ 2.32911, 6.6134 ], [ 2.32921, 6.61232 ], [ 2.32894, 6.61232 ], [ 2.32875, 6.61304 ], [ 2.3283, 6.6134 ], [ 2.32776, 6.61331 ], [ 2.32749, 6.61222 ], [ 2.32821, 6.61222 ], [ 2.32903, 6.6115 ], [ 2.32975, 6.61168 ], [ 2.33029, 6.61078 ], [ 2.32894, 6.61032 ], [ 2.32867, 6.61132 ], [ 2.32704, 6.61159 ], [ 2.32731, 6.61114 ], [ 2.32867, 6.61069 ], [ 2.32785, 6.61032 ], [ 2.32803, 6.60987 ], [ 2.32731, 6.60969 ], [ 2.32731, 6.60942 ], [ 2.32822, 6.60915 ], [ 2.32812, 6.60969 ], [ 2.32849, 6.60987 ], [ 2.32849, 6.6087 ], [ 2.32957, 6.60924 ], [ 2.32994, 6.60897 ], [ 2.32966, 6.60843 ], [ 2.33093, 6.60779 ], [ 2.3322, 6.60879 ], [ 2.33193, 6.60798 ], [ 2.33256, 6.60798 ], [ 2.33265, 6.6087 ], [ 2.33229, 6.60933 ], [ 2.33364, 6.60943 ], [ 2.33337, 6.60979 ], [ 2.33364, 6.61015 ], [ 2.33346, 6.61124 ], [ 2.334, 6.6116 ], [ 2.33391, 6.61205 ], [ 2.33337, 6.61277 ], [ 2.33264, 6.61259 ], [ 2.33219, 6.61304 ], [ 2.33183, 6.61241 ], [ 2.33147, 6.61241 ], [ 2.33192, 6.61178 ], [ 2.33102, 6.61178 ], [ 2.33065, 6.61223 ], [ 2.33138, 6.61223 ], [ 2.33138, 6.61259 ], [ 2.33093, 6.61286 ], [ 2.33092, 6.6134 ], [ 2.33056, 6.61358 ], [ 2.33047, 6.61322 ], [ 2.32911, 6.6134 ] ], [ [ 2.34911, 6.61261 ], [ 2.34911, 6.61207 ], [ 2.34848, 6.6127 ], [ 2.34839, 6.61198 ], [ 2.34766, 6.61135 ], [ 2.34839, 6.6118 ], [ 2.34911, 6.61162 ], [ 2.34956, 6.61216 ], [ 2.35011, 6.6118 ], [ 2.35038, 6.61243 ], [ 2.34992, 6.61289 ], [ 2.3501, 6.61343 ], [ 2.34965, 6.61334 ], [ 2.34956, 6.6127 ], [ 2.34911, 6.61261 ] ], [ [ 2.3606, 6.61209 ], [ 2.36051, 6.61109 ], [ 2.3616, 6.61064 ], [ 2.3616, 6.60992 ], [ 2.36205, 6.60946 ], [ 2.36268, 6.60992 ], [ 2.36196, 6.61055 ], [ 2.36205, 6.61082 ], [ 2.36268, 6.61019 ], [ 2.36323, 6.61028 ], [ 2.36269, 6.60919 ], [ 2.36314, 6.60883 ], [ 2.36296, 6.60847 ], [ 2.36341, 6.60838 ], [ 2.3635, 6.60928 ], [ 2.36395, 6.60956 ], [ 2.36377, 6.61055 ], [ 2.3644, 6.61119 ], [ 2.3644, 6.612 ], [ 2.36377, 6.61236 ], [ 2.36304, 6.612 ], [ 2.36268, 6.61245 ], [ 2.36232, 6.61127 ], [ 2.36187, 6.61154 ], [ 2.36151, 6.611 ], [ 2.36069, 6.6129 ], [ 2.36015, 6.61263 ], [ 2.3606, 6.61209 ] ], [ [ 2.39905, 6.61105 ], [ 2.39869, 6.6105 ], [ 2.39924, 6.61023 ], [ 2.39924, 6.60969 ], [ 2.39978, 6.6096 ], [ 2.39978, 6.61032 ], [ 2.40059, 6.61024 ], [ 2.40122, 6.6115 ], [ 2.40032, 6.6115 ], [ 2.40023, 6.61087 ], [ 2.39905, 6.61105 ] ], [ [ 2.3872, 6.60968 ], [ 2.38639, 6.60986 ], [ 2.38467, 6.60913 ], [ 2.38286, 6.60777 ], [ 2.38277, 6.60687 ], [ 2.38241, 6.60668 ], [ 2.38287, 6.60551 ], [ 2.38377, 6.60488 ], [ 2.38368, 6.60433 ], [ 2.38414, 6.60352 ], [ 2.38477, 6.6037 ], [ 2.38441, 6.60415 ], [ 2.38459, 6.60461 ], [ 2.38558, 6.60425 ], [ 2.38567, 6.60307 ], [ 2.38676, 6.60425 ], [ 2.38721, 6.60425 ], [ 2.38739, 6.6038 ], [ 2.38649, 6.60117 ], [ 2.38649, 6.59927 ], [ 2.38568, 6.59656 ], [ 2.38631, 6.59773 ], [ 2.38658, 6.59773 ], [ 2.38659, 6.5971 ], [ 2.38577, 6.59466 ], [ 2.3855, 6.59484 ], [ 2.38559, 6.59628 ], [ 2.38532, 6.5961 ], [ 2.38505, 6.59366 ], [ 2.38632, 6.59194 ], [ 2.39003, 6.59059 ], [ 2.39157, 6.58779 ], [ 2.39375, 6.58634 ], [ 2.39275, 6.58815 ], [ 2.39311, 6.58915 ], [ 2.39239, 6.58887 ], [ 2.39239, 6.58824 ], [ 2.39166, 6.58842 ], [ 2.39076, 6.59077 ], [ 2.38632, 6.59231 ], [ 2.38568, 6.59393 ], [ 2.38704, 6.59384 ], [ 2.38713, 6.59475 ], [ 2.38822, 6.5943 ], [ 2.38804, 6.59511 ], [ 2.38704, 6.59565 ], [ 2.3874, 6.59602 ], [ 2.38749, 6.59737 ], [ 2.38677, 6.59746 ], [ 2.38695, 6.59882 ], [ 2.38667, 6.6 ], [ 2.38731, 6.59991 ], [ 2.38739, 6.60271 ], [ 2.38848, 6.60443 ], [ 2.38811, 6.60479 ], [ 2.3882, 6.60534 ], [ 2.38757, 6.60461 ], [ 2.38667, 6.60443 ], [ 2.38495, 6.60515 ], [ 2.38404, 6.60497 ], [ 2.38341, 6.60632 ], [ 2.38413, 6.60651 ], [ 2.3844, 6.60714 ], [ 2.3854, 6.60777 ], [ 2.38621, 6.60768 ], [ 2.38784, 6.60669 ], [ 2.38884, 6.60724 ], [ 2.38929, 6.60696 ], [ 2.39037, 6.60778 ], [ 2.39028, 6.60841 ], [ 2.391, 6.60878 ], [ 2.3901, 6.60905 ], [ 2.39028, 6.60995 ], [ 2.38956, 6.60986 ], [ 2.38802, 6.61067 ], [ 2.3872, 6.60968 ] ], [ [ 2.38259, 6.60904 ], [ 2.38268, 6.60804 ], [ 2.38413, 6.60922 ], [ 2.38431, 6.61003 ], [ 2.38376, 6.61031 ], [ 2.38259, 6.60904 ] ], [ [ 2.3635, 6.60793 ], [ 2.36359, 6.60693 ], [ 2.36287, 6.6072 ], [ 2.36296, 6.60775 ], [ 2.36269, 6.60784 ], [ 2.36278, 6.60657 ], [ 2.36233, 6.6063 ], [ 2.36242, 6.60576 ], [ 2.36188, 6.60612 ], [ 2.3616, 6.60584 ], [ 2.3617, 6.60539 ], [ 2.36305, 6.60557 ], [ 2.36341, 6.6053 ], [ 2.36341, 6.60503 ], [ 2.36278, 6.60494 ], [ 2.36314, 6.60395 ], [ 2.3626, 6.60367 ], [ 2.36251, 6.60322 ], [ 2.36396, 6.60241 ], [ 2.36378, 6.60141 ], [ 2.36306, 6.60187 ], [ 2.36315, 6.60114 ], [ 2.36206, 6.60078 ], [ 2.3617, 6.59969 ], [ 2.36098, 6.59951 ], [ 2.36089, 6.6006 ], [ 2.3617, 6.60078 ], [ 2.36098, 6.60087 ], [ 2.3608, 6.6015 ], [ 2.36107, 6.60186 ], [ 2.36043, 6.60195 ], [ 2.36007, 6.6025 ], [ 2.35962, 6.60186 ], [ 2.35998, 6.6006 ], [ 2.35944, 6.60041 ], [ 2.3589, 6.6005 ], [ 2.35881, 6.6015 ], [ 2.35826, 6.6015 ], [ 2.35799, 6.60204 ], [ 2.35754, 6.60141 ], [ 2.35718, 6.60168 ], [ 2.35727, 6.60213 ], [ 2.35799, 6.60249 ], [ 2.35781, 6.60294 ], [ 2.35745, 6.60249 ], [ 2.35654, 6.60249 ], [ 2.35654, 6.60168 ], [ 2.35555, 6.60204 ], [ 2.35709, 6.60095 ], [ 2.357, 6.6005 ], [ 2.35618, 6.60041 ], [ 2.35628, 6.5986 ], [ 2.35799, 6.59951 ], [ 2.35854, 6.59924 ], [ 2.3589, 6.59987 ], [ 2.36044, 6.59942 ], [ 2.36053, 6.5987 ], [ 2.35944, 6.5986 ], [ 2.35854, 6.5977 ], [ 2.35872, 6.59743 ], [ 2.35773, 6.59734 ], [ 2.35881, 6.59851 ], [ 2.35763, 6.59878 ], [ 2.35763, 6.59806 ], [ 2.35619, 6.59797 ], [ 2.35664, 6.5967 ], [ 2.3551, 6.59634 ], [ 2.35483, 6.59661 ], [ 2.3551, 6.59706 ], [ 2.35474, 6.59724 ], [ 2.35447, 6.59652 ], [ 2.35492, 6.59579 ], [ 2.35565, 6.59552 ], [ 2.35655, 6.5958 ], [ 2.35709, 6.59679 ], [ 2.35764, 6.59616 ], [ 2.35845, 6.59643 ], [ 2.35827, 6.59607 ], [ 2.35899, 6.59625 ], [ 2.35935, 6.59679 ], [ 2.3599, 6.5967 ], [ 2.36071, 6.59544 ], [ 2.36035, 6.59526 ], [ 2.35999, 6.5958 ], [ 2.35881, 6.59598 ], [ 2.35945, 6.59417 ], [ 2.35891, 6.59372 ], [ 2.35809, 6.59408 ], [ 2.35728, 6.5939 ], [ 2.35701, 6.59435 ], [ 2.35737, 6.59507 ], [ 2.35845, 6.59507 ], [ 2.35728, 6.59553 ], [ 2.35646, 6.5948 ], [ 2.35682, 6.59399 ], [ 2.3561, 6.59326 ], [ 2.3571, 6.59326 ], [ 2.35773, 6.59254 ], [ 2.35836, 6.59299 ], [ 2.35782, 6.59317 ], [ 2.358, 6.59372 ], [ 2.35854, 6.59317 ], [ 2.35945, 6.593 ], [ 2.36053, 6.59408 ], [ 2.36081, 6.5939 ], [ 2.36081, 6.59227 ], [ 2.36153, 6.59236 ], [ 2.3618, 6.59191 ], [ 2.36135, 6.59155 ], [ 2.36217, 6.59146 ], [ 2.36217, 6.5911 ], [ 2.36162, 6.5911 ], [ 2.36208, 6.59047 ], [ 2.36262, 6.59083 ], [ 2.36325, 6.59056 ], [ 2.36334, 6.59101 ], [ 2.36379, 6.5911 ], [ 2.36289, 6.592 ], [ 2.36343, 6.59191 ], [ 2.36343, 6.59246 ], [ 2.3628, 6.59228 ], [ 2.36253, 6.593 ], [ 2.36325, 6.59336 ], [ 2.36361, 6.59291 ], [ 2.36406, 6.59336 ], [ 2.36397, 6.59418 ], [ 2.36307, 6.59436 ], [ 2.36298, 6.59399 ], [ 2.36234, 6.59399 ], [ 2.36216, 6.59517 ], [ 2.36307, 6.59535 ], [ 2.36307, 6.59499 ], [ 2.36252, 6.59508 ], [ 2.36252, 6.59463 ], [ 2.36298, 6.5949 ], [ 2.36316, 6.59454 ], [ 2.3637, 6.59454 ], [ 2.36352, 6.59508 ], [ 2.36406, 6.59526 ], [ 2.36415, 6.5959 ], [ 2.36225, 6.59562 ], [ 2.36198, 6.59635 ], [ 2.36397, 6.59689 ], [ 2.36333, 6.59789 ], [ 2.36342, 6.59861 ], [ 2.36379, 6.59861 ], [ 2.36433, 6.5978 ], [ 2.36496, 6.59798 ], [ 2.36505, 6.59771 ], [ 2.3655, 6.59825 ], [ 2.36514, 6.5987 ], [ 2.36514, 6.59961 ], [ 2.36306, 6.59978 ], [ 2.36306, 6.60024 ], [ 2.36387, 6.6006 ], [ 2.36369, 6.60132 ], [ 2.3646, 6.60114 ], [ 2.36505, 6.60142 ], [ 2.36523, 6.6006 ], [ 2.36604, 6.60133 ], [ 2.36604, 6.60078 ], [ 2.36668, 6.60088 ], [ 2.36677, 6.60051 ], [ 2.36604, 6.60042 ], [ 2.36586, 6.60006 ], [ 2.36731, 6.59934 ], [ 2.36767, 6.59988 ], [ 2.3674, 6.60133 ], [ 2.36839, 6.60232 ], [ 2.36867, 6.60233 ], [ 2.36885, 6.6016 ], [ 2.3693, 6.6016 ], [ 2.36903, 6.60214 ], [ 2.36939, 6.60196 ], [ 2.36966, 6.6026 ], [ 2.36902, 6.6045 ], [ 2.36875, 6.60459 ], [ 2.36857, 6.60395 ], [ 2.36749, 6.60386 ], [ 2.36758, 6.60431 ], [ 2.36857, 6.6045 ], [ 2.36812, 6.60486 ], [ 2.36848, 6.60531 ], [ 2.36803, 6.60558 ], [ 2.36812, 6.60612 ], [ 2.36758, 6.6063 ], [ 2.36794, 6.60676 ], [ 2.36857, 6.60649 ], [ 2.36748, 6.60721 ], [ 2.36775, 6.60848 ], [ 2.36721, 6.6082 ], [ 2.3673, 6.60712 ], [ 2.36631, 6.60703 ], [ 2.36685, 6.60657 ], [ 2.36685, 6.60594 ], [ 2.36767, 6.60558 ], [ 2.36731, 6.60495 ], [ 2.36658, 6.60531 ], [ 2.36631, 6.60476 ], [ 2.36595, 6.60513 ], [ 2.36658, 6.6054 ], [ 2.3664, 6.60621 ], [ 2.36613, 6.6063 ], [ 2.36622, 6.60576 ], [ 2.36586, 6.60567 ], [ 2.36568, 6.6063 ], [ 2.36585, 6.60829 ], [ 2.36549, 6.6082 ], [ 2.36495, 6.60657 ], [ 2.36432, 6.60693 ], [ 2.36423, 6.60757 ], [ 2.3654, 6.60856 ], [ 2.36531, 6.60902 ], [ 2.36468, 6.60892 ], [ 2.36459, 6.60965 ], [ 2.36413, 6.60938 ], [ 2.36404, 6.60802 ], [ 2.3635, 6.60793 ] ], [ [ 2.33817, 6.6088 ], [ 2.33826, 6.60808 ], [ 2.33763, 6.6078 ], [ 2.33754, 6.60726 ], [ 2.33826, 6.60735 ], [ 2.33862, 6.60799 ], [ 2.33971, 6.60817 ], [ 2.33971, 6.6079 ], [ 2.33998, 6.6079 ], [ 2.3398, 6.60817 ], [ 2.34025, 6.60835 ], [ 2.34016, 6.60871 ], [ 2.33934, 6.60889 ], [ 2.33925, 6.60934 ], [ 2.3388, 6.60934 ], [ 2.33871, 6.60889 ], [ 2.33844, 6.60916 ], [ 2.33817, 6.6088 ] ], [ [ 2.393, 6.60715 ], [ 2.39327, 6.60634 ], [ 2.39282, 6.60534 ], [ 2.39282, 6.60426 ], [ 2.39445, 6.60326 ], [ 2.39481, 6.60263 ], [ 2.39535, 6.60263 ], [ 2.39554, 6.60236 ], [ 2.39508, 6.60227 ], [ 2.39517, 6.602 ], [ 2.3959, 6.60209 ], [ 2.3968, 6.6029 ], [ 2.39608, 6.60344 ], [ 2.39626, 6.6039 ], [ 2.3978, 6.60408 ], [ 2.3987, 6.60553 ], [ 2.39816, 6.60598 ], [ 2.39825, 6.60643 ], [ 2.39734, 6.60643 ], [ 2.39761, 6.60616 ], [ 2.39716, 6.60526 ], [ 2.39725, 6.60426 ], [ 2.39553, 6.6048 ], [ 2.39508, 6.60598 ], [ 2.39571, 6.60643 ], [ 2.3958, 6.60752 ], [ 2.39499, 6.60806 ], [ 2.3948, 6.60896 ], [ 2.393, 6.60715 ] ], [ [ 2.34369, 6.60718 ], [ 2.34342, 6.60664 ], [ 2.34387, 6.60636 ], [ 2.34333, 6.60546 ], [ 2.34396, 6.60483 ], [ 2.3446, 6.60519 ], [ 2.34523, 6.60492 ], [ 2.34523, 6.60537 ], [ 2.34586, 6.60519 ], [ 2.34613, 6.60564 ], [ 2.34478, 6.60682 ], [ 2.34496, 6.60781 ], [ 2.34468, 6.60808 ], [ 2.34351, 6.60781 ], [ 2.34369, 6.60718 ] ], [ [ 2.39888, 6.6068 ], [ 2.39951, 6.60716 ], [ 2.39942, 6.6068 ], [ 2.40006, 6.60607 ], [ 2.40105, 6.60644 ], [ 2.40105, 6.60698 ], [ 2.40014, 6.60698 ], [ 2.39978, 6.60806 ], [ 2.39861, 6.60779 ], [ 2.39852, 6.60707 ], [ 2.39888, 6.6068 ] ], [ [ 2.32912, 6.60598 ], [ 2.3284, 6.6058 ], [ 2.32858, 6.60526 ], [ 2.32885, 6.60553 ], [ 2.32949, 6.60535 ], [ 2.32967, 6.6058 ], [ 2.33012, 6.60526 ], [ 2.33039, 6.60698 ], [ 2.33012, 6.60716 ], [ 2.32976, 6.60662 ], [ 2.32912, 6.60644 ], [ 2.32912, 6.60598 ] ], [ [ 2.38006, 6.60469 ], [ 2.37916, 6.60342 ], [ 2.37961, 6.60342 ], [ 2.37952, 6.60297 ], [ 2.38088, 6.60243 ], [ 2.38115, 6.60189 ], [ 2.38242, 6.6018 ], [ 2.38242, 6.60343 ], [ 2.38142, 6.60397 ], [ 2.38142, 6.60496 ], [ 2.38088, 6.60478 ], [ 2.38061, 6.60415 ], [ 2.38006, 6.60469 ] ], [ [ 2.32813, 6.60254 ], [ 2.32868, 6.60309 ], [ 2.3284, 6.60336 ], [ 2.32859, 6.60381 ], [ 2.32895, 6.60336 ], [ 2.33003, 6.60336 ], [ 2.32994, 6.60372 ], [ 2.32895, 6.60381 ], [ 2.32886, 6.60435 ], [ 2.32822, 6.60453 ], [ 2.32786, 6.60381 ], [ 2.32813, 6.60254 ] ], [ [ 2.39771, 6.6029 ], [ 2.39798, 6.60227 ], [ 2.39762, 6.60191 ], [ 2.39798, 6.60128 ], [ 2.39843, 6.60164 ], [ 2.39816, 6.60281 ], [ 2.40015, 6.60264 ], [ 2.39906, 6.60327 ], [ 2.39942, 6.60408 ], [ 2.39888, 6.60435 ], [ 2.39834, 6.60426 ], [ 2.39771, 6.6029 ] ], [ [ 2.37011, 6.6026 ], [ 2.3712, 6.60242 ], [ 2.37156, 6.6017 ], [ 2.37238, 6.60133 ], [ 2.37265, 6.60287 ], [ 2.37174, 6.60396 ], [ 2.37111, 6.60396 ], [ 2.37129, 6.60314 ], [ 2.37102, 6.60296 ], [ 2.37038, 6.60423 ], [ 2.36957, 6.60368 ], [ 2.37011, 6.6026 ] ], [ [ 2.37808, 6.59935 ], [ 2.37736, 6.59908 ], [ 2.3779, 6.59863 ], [ 2.37763, 6.5979 ], [ 2.37844, 6.59718 ], [ 2.37899, 6.59781 ], [ 2.38016, 6.59791 ], [ 2.38016, 6.59736 ], [ 2.37926, 6.59727 ], [ 2.3798, 6.59664 ], [ 2.3798, 6.59573 ], [ 2.37944, 6.59528 ], [ 2.38125, 6.5951 ], [ 2.38152, 6.59375 ], [ 2.38116, 6.59338 ], [ 2.38017, 6.59356 ], [ 2.38035, 6.59203 ], [ 2.3799, 6.59166 ], [ 2.3789, 6.59248 ], [ 2.3789, 6.59347 ], [ 2.37781, 6.59347 ], [ 2.37763, 6.59266 ], [ 2.37718, 6.59238 ], [ 2.37728, 6.59012 ], [ 2.37664, 6.59012 ], [ 2.37673, 6.58931 ], [ 2.37646, 6.58867 ], [ 2.37619, 6.58858 ], [ 2.37646, 6.59039 ], [ 2.3761, 6.59021 ], [ 2.37565, 6.58804 ], [ 2.37511, 6.58795 ], [ 2.37493, 6.58858 ], [ 2.37375, 6.58849 ], [ 2.37393, 6.58921 ], [ 2.37339, 6.58894 ], [ 2.37257, 6.58948 ], [ 2.37248, 6.59057 ], [ 2.37221, 6.58876 ], [ 2.37158, 6.58912 ], [ 2.3714, 6.59012 ], [ 2.37031, 6.58993 ], [ 2.37076, 6.59057 ], [ 2.37167, 6.59048 ], [ 2.37158, 6.59093 ], [ 2.37067, 6.59075 ], [ 2.37076, 6.59102 ], [ 2.36967, 6.59138 ], [ 2.37076, 6.5921 ], [ 2.37076, 6.59328 ], [ 2.36967, 6.59373 ], [ 2.36949, 6.59274 ], [ 2.36904, 6.59265 ], [ 2.36886, 6.5931 ], [ 2.36823, 6.59283 ], [ 2.36849, 6.59436 ], [ 2.36859, 6.59355 ], [ 2.36904, 6.59346 ], [ 2.36895, 6.59536 ], [ 2.36967, 6.59563 ], [ 2.36967, 6.59617 ], [ 2.37039, 6.59572 ], [ 2.37075, 6.59618 ], [ 2.37175, 6.59627 ], [ 2.37247, 6.59554 ], [ 2.37247, 6.59636 ], [ 2.37311, 6.59609 ], [ 2.37392, 6.5969 ], [ 2.37446, 6.59654 ], [ 2.37437, 6.59591 ], [ 2.3751, 6.59636 ], [ 2.37591, 6.59627 ], [ 2.376, 6.59673 ], [ 2.377, 6.59636 ], [ 2.37609, 6.59718 ], [ 2.37681, 6.59826 ], [ 2.37618, 6.59844 ], [ 2.37591, 6.59808 ], [ 2.37573, 6.59862 ], [ 2.37491, 6.59853 ], [ 2.37555, 6.59944 ], [ 2.37509, 6.59971 ], [ 2.37455, 6.59935 ], [ 2.3741, 6.5998 ], [ 2.37419, 6.60052 ], [ 2.37509, 6.60161 ], [ 2.37482, 6.60206 ], [ 2.37419, 6.60197 ], [ 2.37446, 6.60288 ], [ 2.37337, 6.60242 ], [ 2.37319, 6.60152 ], [ 2.37265, 6.60124 ], [ 2.37337, 6.59962 ], [ 2.37437, 6.59926 ], [ 2.37437, 6.59853 ], [ 2.37392, 6.5979 ], [ 2.37428, 6.59736 ], [ 2.37338, 6.59708 ], [ 2.37193, 6.59762 ], [ 2.37274, 6.59681 ], [ 2.37211, 6.59654 ], [ 2.37148, 6.5969 ], [ 2.37094, 6.59645 ], [ 2.37066, 6.5969 ], [ 2.37157, 6.59753 ], [ 2.37157, 6.59808 ], [ 2.37111, 6.59826 ], [ 2.37021, 6.5978 ], [ 2.37003, 6.59717 ], [ 2.36931, 6.59726 ], [ 2.3694, 6.5978 ], [ 2.36894, 6.59789 ], [ 2.36885, 6.59699 ], [ 2.3675, 6.59762 ], [ 2.36704, 6.59726 ], [ 2.36641, 6.59753 ], [ 2.36695, 6.59662 ], [ 2.36741, 6.59708 ], [ 2.36768, 6.5969 ], [ 2.36732, 6.5959 ], [ 2.36813, 6.59436 ], [ 2.36678, 6.59463 ], [ 2.36596, 6.59373 ], [ 2.36596, 6.59291 ], [ 2.36524, 6.59219 ], [ 2.36524, 6.59174 ], [ 2.36578, 6.59147 ], [ 2.36669, 6.59192 ], [ 2.3666, 6.59119 ], [ 2.36588, 6.59128 ], [ 2.36579, 6.59101 ], [ 2.36615, 6.58975 ], [ 2.36669, 6.5902 ], [ 2.36624, 6.59074 ], [ 2.3675, 6.5912 ], [ 2.36723, 6.59129 ], [ 2.36723, 6.59174 ], [ 2.36741, 6.59138 ], [ 2.36913, 6.59147 ], [ 2.37004, 6.59093 ], [ 2.37004, 6.59011 ], [ 2.36959, 6.58975 ], [ 2.37004, 6.5893 ], [ 2.36959, 6.58894 ], [ 2.36977, 6.58839 ], [ 2.36868, 6.58785 ], [ 2.36959, 6.58713 ], [ 2.37022, 6.58758 ], [ 2.3704, 6.58821 ], [ 2.37104, 6.58812 ], [ 2.37149, 6.58849 ], [ 2.37167, 6.58776 ], [ 2.37239, 6.58713 ], [ 2.37312, 6.58704 ], [ 2.37348, 6.58749 ], [ 2.37384, 6.58623 ], [ 2.37457, 6.58668 ], [ 2.37502, 6.58614 ], [ 2.37592, 6.58695 ], [ 2.37574, 6.5875 ], [ 2.37628, 6.58795 ], [ 2.37665, 6.58677 ], [ 2.37619, 6.58677 ], [ 2.37574, 6.58623 ], [ 2.37565, 6.58505 ], [ 2.37457, 6.58324 ], [ 2.37448, 6.58234 ], [ 2.37548, 6.58207 ], [ 2.37638, 6.58126 ], [ 2.37638, 6.58189 ], [ 2.37711, 6.58153 ], [ 2.37719, 6.58388 ], [ 2.37864, 6.58325 ], [ 2.37918, 6.58325 ], [ 2.37927, 6.58388 ], [ 2.37991, 6.58379 ], [ 2.37982, 6.58289 ], [ 2.38027, 6.58253 ], [ 2.37991, 6.58162 ], [ 2.38027, 6.58144 ], [ 2.38099, 6.58217 ], [ 2.38108, 6.58289 ], [ 2.38063, 6.58307 ], [ 2.38081, 6.58452 ], [ 2.37982, 6.58461 ], [ 2.37945, 6.58533 ], [ 2.37963, 6.58696 ], [ 2.37936, 6.58714 ], [ 2.379, 6.58678 ], [ 2.37792, 6.58506 ], [ 2.37782, 6.58632 ], [ 2.37674, 6.58668 ], [ 2.37719, 6.58687 ], [ 2.37837, 6.58632 ], [ 2.37909, 6.58859 ], [ 2.37954, 6.58814 ], [ 2.38008, 6.58841 ], [ 2.38144, 6.58714 ], [ 2.38144, 6.58678 ], [ 2.38207, 6.58687 ], [ 2.38244, 6.58787 ], [ 2.38352, 6.58805 ], [ 2.38424, 6.58778 ], [ 2.38397, 6.58715 ], [ 2.38452, 6.58687 ], [ 2.3847, 6.58787 ], [ 2.38424, 6.58868 ], [ 2.38451, 6.58986 ], [ 2.38587, 6.58905 ], [ 2.38596, 6.5886 ], [ 2.38696, 6.58869 ], [ 2.38714, 6.58905 ], [ 2.38696, 6.58986 ], [ 2.38641, 6.58968 ], [ 2.38668, 6.59041 ], [ 2.38605, 6.59068 ], [ 2.38551, 6.5904 ], [ 2.38397, 6.59058 ], [ 2.38361, 6.59131 ], [ 2.38306, 6.59094 ], [ 2.38225, 6.59103 ], [ 2.38126, 6.58995 ], [ 2.38171, 6.59085 ], [ 2.38153, 6.59158 ], [ 2.38189, 6.59149 ], [ 2.38189, 6.59176 ], [ 2.38089, 6.59275 ], [ 2.38152, 6.59284 ], [ 2.3817, 6.59447 ], [ 2.38234, 6.59474 ], [ 2.38143, 6.59547 ], [ 2.38053, 6.59555 ], [ 2.38034, 6.59601 ], [ 2.38116, 6.59592 ], [ 2.38125, 6.59664 ], [ 2.38206, 6.597 ], [ 2.38188, 6.598 ], [ 2.38215, 6.59818 ], [ 2.38251, 6.59782 ], [ 2.38287, 6.59909 ], [ 2.38396, 6.59945 ], [ 2.38387, 6.60017 ], [ 2.38305, 6.60035 ], [ 2.38314, 6.60162 ], [ 2.38278, 6.60189 ], [ 2.38242, 6.60162 ], [ 2.38233, 6.60053 ], [ 2.38278, 6.60008 ], [ 2.38233, 6.59972 ], [ 2.3817, 6.59999 ], [ 2.38142, 6.60062 ], [ 2.38142, 6.60098 ], [ 2.38161, 6.60071 ], [ 2.38206, 6.60089 ], [ 2.38206, 6.60135 ], [ 2.38133, 6.60162 ], [ 2.38052, 6.60071 ], [ 2.38052, 6.59972 ], [ 2.37962, 6.59881 ], [ 2.37889, 6.5999 ], [ 2.37961, 6.60207 ], [ 2.37889, 6.60207 ], [ 2.37862, 6.60243 ], [ 2.37835, 6.60216 ], [ 2.37835, 6.60252 ], [ 2.37889, 6.6027 ], [ 2.37862, 6.60297 ], [ 2.37789, 6.6027 ], [ 2.37808, 6.59935 ] ], [ [ 2.31665, 6.60199 ], [ 2.31692, 6.60126 ], [ 2.31719, 6.60162 ], [ 2.31764, 6.60117 ], [ 2.31818, 6.60144 ], [ 2.31828, 6.60063 ], [ 2.31891, 6.60072 ], [ 2.31864, 6.60199 ], [ 2.31755, 6.60226 ], [ 2.3171, 6.6018 ], [ 2.31665, 6.60199 ] ], [ [ 2.37925, 6.60008 ], [ 2.37998, 6.59972 ], [ 2.38088, 6.60144 ], [ 2.38034, 6.6018 ], [ 2.38025, 6.60234 ], [ 2.37988, 6.60225 ], [ 2.37925, 6.60008 ] ], [ [ 2.35464, 6.60113 ], [ 2.35428, 6.60095 ], [ 2.35428, 6.59986 ], [ 2.35338, 6.60013 ], [ 2.3522, 6.59986 ], [ 2.35284, 6.59905 ], [ 2.35338, 6.59959 ], [ 2.35383, 6.59914 ], [ 2.35519, 6.60023 ], [ 2.35564, 6.59978 ], [ 2.35591, 6.60032 ], [ 2.35537, 6.60122 ], [ 2.35591, 6.60113 ], [ 2.35591, 6.6014 ], [ 2.35528, 6.6014 ], [ 2.35492, 6.60086 ], [ 2.35464, 6.60113 ] ], [ [ 2.34714, 6.59967 ], [ 2.34714, 6.60013 ], [ 2.34659, 6.59994 ], [ 2.3465, 6.60031 ], [ 2.34614, 6.6004 ], [ 2.34623, 6.59958 ], [ 2.34732, 6.59931 ], [ 2.34777, 6.59986 ], [ 2.34877, 6.5994 ], [ 2.34976, 6.59986 ], [ 2.34922, 6.5995 ], [ 2.3494, 6.59922 ], [ 2.34904, 6.59886 ], [ 2.34822, 6.59895 ], [ 2.34804, 6.59787 ], [ 2.34949, 6.59868 ], [ 2.34958, 6.59922 ], [ 2.35021, 6.59968 ], [ 2.35012, 6.60013 ], [ 2.34904, 6.60004 ], [ 2.34922, 6.60076 ], [ 2.34876, 6.6004 ], [ 2.34822, 6.60058 ], [ 2.34786, 6.60013 ], [ 2.3475, 6.60085 ], [ 2.34695, 6.60094 ], [ 2.34732, 6.60004 ], [ 2.34714, 6.59967 ] ], [ [ 2.37274, 6.59889 ], [ 2.37274, 6.59853 ], [ 2.3722, 6.59826 ], [ 2.37247, 6.5979 ], [ 2.3741, 6.59862 ], [ 2.37346, 6.59935 ], [ 2.37274, 6.59916 ], [ 2.3722, 6.60016 ], [ 2.37174, 6.59998 ], [ 2.37175, 6.59925 ], [ 2.37274, 6.59889 ] ], [ [ 2.32, 6.59774 ], [ 2.31991, 6.59729 ], [ 2.32118, 6.59665 ], [ 2.321, 6.59575 ], [ 2.32163, 6.59584 ], [ 2.32082, 6.59502 ], [ 2.32018, 6.59539 ], [ 2.32018, 6.59457 ], [ 2.32091, 6.5943 ], [ 2.32118, 6.59484 ], [ 2.32208, 6.59476 ], [ 2.32299, 6.59403 ], [ 2.32244, 6.59602 ], [ 2.32326, 6.59684 ], [ 2.32271, 6.59684 ], [ 2.32262, 6.59629 ], [ 2.32208, 6.59593 ], [ 2.32199, 6.59512 ], [ 2.32118, 6.59711 ], [ 2.32054, 6.5972 ], [ 2.32063, 6.59801 ], [ 2.32027, 6.59801 ], [ 2.32027, 6.59855 ], [ 2.31973, 6.59819 ], [ 2.31973, 6.59774 ], [ 2.32, 6.59774 ] ], [ [ 2.33873, 6.59713 ], [ 2.33818, 6.59695 ], [ 2.33882, 6.59677 ], [ 2.33882, 6.59623 ], [ 2.3399, 6.59677 ], [ 2.34072, 6.59605 ], [ 2.34027, 6.5955 ], [ 2.34063, 6.59487 ], [ 2.34009, 6.59424 ], [ 2.34054, 6.59378 ], [ 2.34135, 6.59496 ], [ 2.34081, 6.59596 ], [ 2.34171, 6.5965 ], [ 2.34189, 6.59759 ], [ 2.34135, 6.59786 ], [ 2.3399, 6.59686 ], [ 2.33909, 6.59749 ], [ 2.33891, 6.59831 ], [ 2.33845, 6.59803 ], [ 2.33873, 6.59713 ] ], [ [ 2.38876, 6.59719 ], [ 2.38821, 6.59656 ], [ 2.38867, 6.5962 ], [ 2.39102, 6.59629 ], [ 2.39048, 6.59747 ], [ 2.38975, 6.59692 ], [ 2.38876, 6.59719 ] ], [ [ 2.31855, 6.59701 ], [ 2.31819, 6.59683 ], [ 2.31846, 6.59602 ], [ 2.31982, 6.59584 ], [ 2.32054, 6.59638 ], [ 2.31991, 6.59701 ], [ 2.31928, 6.5971 ], [ 2.3191, 6.59647 ], [ 2.31855, 6.59701 ] ], [ [ 2.39265, 6.59467 ], [ 2.39165, 6.59484 ], [ 2.39301, 6.59358 ], [ 2.39265, 6.59331 ], [ 2.39265, 6.59123 ], [ 2.39329, 6.59069 ], [ 2.39356, 6.59159 ], [ 2.3931, 6.59358 ], [ 2.39473, 6.59621 ], [ 2.39265, 6.59467 ] ], [ [ 2.33792, 6.59396 ], [ 2.33783, 6.59324 ], [ 2.33746, 6.59423 ], [ 2.33629, 6.59405 ], [ 2.33701, 6.59351 ], [ 2.33656, 6.59269 ], [ 2.33701, 6.59269 ], [ 2.33738, 6.59188 ], [ 2.33747, 6.58989 ], [ 2.33783, 6.5898 ], [ 2.33801, 6.59061 ], [ 2.33765, 6.59107 ], [ 2.33774, 6.59161 ], [ 2.33901, 6.59089 ], [ 2.33874, 6.59007 ], [ 2.33855, 6.59089 ], [ 2.33819, 6.5908 ], [ 2.33828, 6.58998 ], [ 2.33774, 6.58944 ], [ 2.33765, 6.58808 ], [ 2.3362, 6.58862 ], [ 2.33648, 6.58917 ], [ 2.33693, 6.58926 ], [ 2.33675, 6.58971 ], [ 2.33711, 6.59025 ], [ 2.33584, 6.59025 ], [ 2.33575, 6.59088 ], [ 2.3353, 6.59097 ], [ 2.3353, 6.59143 ], [ 2.3362, 6.59097 ], [ 2.33647, 6.59161 ], [ 2.33548, 6.59206 ], [ 2.33502, 6.59152 ], [ 2.33484, 6.59224 ], [ 2.3343, 6.59206 ], [ 2.33457, 6.59152 ], [ 2.3343, 6.59088 ], [ 2.33557, 6.5898 ], [ 2.33557, 6.58935 ], [ 2.33485, 6.58925 ], [ 2.33512, 6.58889 ], [ 2.33494, 6.58826 ], [ 2.33566, 6.58817 ], [ 2.33521, 6.58763 ], [ 2.33467, 6.58781 ], [ 2.3344, 6.58744 ], [ 2.33521, 6.58754 ], [ 2.33476, 6.58672 ], [ 2.33521, 6.58672 ], [ 2.3353, 6.58717 ], [ 2.33557, 6.58681 ], [ 2.33512, 6.58654 ], [ 2.33503, 6.58591 ], [ 2.33612, 6.58564 ], [ 2.33621, 6.58609 ], [ 2.33558, 6.586 ], [ 2.33603, 6.58645 ], [ 2.33602, 6.58781 ], [ 2.33639, 6.58699 ], [ 2.33702, 6.58727 ], [ 2.33702, 6.58672 ], [ 2.33775, 6.58645 ], [ 2.33838, 6.58709 ], [ 2.33802, 6.5879 ], [ 2.33856, 6.58881 ], [ 2.33819, 6.58881 ], [ 2.33838, 6.58935 ], [ 2.33883, 6.58926 ], [ 2.33874, 6.58854 ], [ 2.3391, 6.58817 ], [ 2.34019, 6.58827 ], [ 2.3401, 6.58709 ], [ 2.33937, 6.58664 ], [ 2.33874, 6.58682 ], [ 2.33874, 6.58636 ], [ 2.33829, 6.58636 ], [ 2.33892, 6.58501 ], [ 2.33793, 6.58573 ], [ 2.33729, 6.58573 ], [ 2.33793, 6.58482 ], [ 2.33748, 6.58446 ], [ 2.33748, 6.5832 ], [ 2.33847, 6.58383 ], [ 2.33802, 6.58473 ], [ 2.33865, 6.58446 ], [ 2.34055, 6.58564 ], [ 2.34064, 6.58519 ], [ 2.33965, 6.58383 ], [ 2.34046, 6.58311 ], [ 2.34101, 6.58329 ], [ 2.34137, 6.58302 ], [ 2.34101, 6.5823 ], [ 2.34137, 6.58193 ], [ 2.34264, 6.58275 ], [ 2.34264, 6.58311 ], [ 2.34209, 6.58293 ], [ 2.34073, 6.58383 ], [ 2.34155, 6.58429 ], [ 2.34173, 6.58492 ], [ 2.34137, 6.58528 ], [ 2.34227, 6.58619 ], [ 2.34155, 6.58637 ], [ 2.34136, 6.58718 ], [ 2.34064, 6.58718 ], [ 2.34082, 6.58655 ], [ 2.34037, 6.58655 ], [ 2.34019, 6.58736 ], [ 2.34127, 6.58827 ], [ 2.34127, 6.58926 ], [ 2.34181, 6.58962 ], [ 2.34172, 6.59026 ], [ 2.34208, 6.59053 ], [ 2.34199, 6.59134 ], [ 2.34127, 6.59134 ], [ 2.341, 6.5908 ], [ 2.34109, 6.59026 ], [ 2.34073, 6.58989 ], [ 2.34109, 6.58953 ], [ 2.34055, 6.58953 ], [ 2.34018, 6.59026 ], [ 2.33973, 6.59016 ], [ 2.33946, 6.59053 ], [ 2.33973, 6.59134 ], [ 2.34018, 6.59161 ], [ 2.34091, 6.59134 ], [ 2.34081, 6.59189 ], [ 2.34136, 6.59216 ], [ 2.34145, 6.5927 ], [ 2.34081, 6.59297 ], [ 2.34081, 6.59351 ], [ 2.34018, 6.59297 ], [ 2.33982, 6.59306 ], [ 2.33991, 6.59378 ], [ 2.33945, 6.59378 ], [ 2.33963, 6.5946 ], [ 2.33936, 6.59487 ], [ 2.33837, 6.59487 ], [ 2.33855, 6.59423 ], [ 2.33792, 6.59396 ] ], [ [ 2.39419, 6.59295 ], [ 2.3941, 6.5925 ], [ 2.39455, 6.59213 ], [ 2.396, 6.59241 ], [ 2.39609, 6.59376 ], [ 2.39537, 6.59394 ], [ 2.39527, 6.59431 ], [ 2.39519, 6.59304 ], [ 2.39419, 6.59295 ] ], [ [ 2.34208, 6.59279 ], [ 2.34199, 6.59198 ], [ 2.34289, 6.59225 ], [ 2.34298, 6.59297 ], [ 2.34371, 6.59261 ], [ 2.3438, 6.59216 ], [ 2.34308, 6.59171 ], [ 2.34299, 6.59116 ], [ 2.34344, 6.59089 ], [ 2.3438, 6.59144 ], [ 2.34425, 6.59135 ], [ 2.34344, 6.59026 ], [ 2.34471, 6.59071 ], [ 2.34489, 6.58945 ], [ 2.34416, 6.58954 ], [ 2.34299, 6.58854 ], [ 2.34299, 6.58818 ], [ 2.3439, 6.588 ], [ 2.34435, 6.5871 ], [ 2.34525, 6.58719 ], [ 2.34507, 6.58646 ], [ 2.34553, 6.58628 ], [ 2.34553, 6.58583 ], [ 2.34453, 6.5861 ], [ 2.34435, 6.58565 ], [ 2.3429, 6.58546 ], [ 2.3429, 6.58501 ], [ 2.34363, 6.58501 ], [ 2.34372, 6.58447 ], [ 2.34471, 6.58447 ], [ 2.34399, 6.58384 ], [ 2.34417, 6.58339 ], [ 2.34526, 6.58339 ], [ 2.34535, 6.58366 ], [ 2.34589, 6.58339 ], [ 2.34625, 6.58438 ], [ 2.34652, 6.58429 ], [ 2.34634, 6.58384 ], [ 2.34734, 6.58393 ], [ 2.34734, 6.58493 ], [ 2.3467, 6.58484 ], [ 2.34652, 6.58538 ], [ 2.34589, 6.58574 ], [ 2.34589, 6.58619 ], [ 2.3467, 6.58628 ], [ 2.34697, 6.5861 ], [ 2.34688, 6.58529 ], [ 2.34734, 6.58529 ], [ 2.34743, 6.58601 ], [ 2.34833, 6.58683 ], [ 2.34743, 6.58692 ], [ 2.34688, 6.58656 ], [ 2.3467, 6.58692 ], [ 2.34752, 6.5871 ], [ 2.34761, 6.58746 ], [ 2.34652, 6.58737 ], [ 2.3467, 6.58701 ], [ 2.34598, 6.58728 ], [ 2.34579, 6.58854 ], [ 2.34634, 6.5899 ], [ 2.3457, 6.58963 ], [ 2.3448, 6.59099 ], [ 2.34507, 6.59171 ], [ 2.34561, 6.59162 ], [ 2.34588, 6.59216 ], [ 2.34651, 6.59216 ], [ 2.34678, 6.5928 ], [ 2.34597, 6.59298 ], [ 2.34588, 6.59243 ], [ 2.34498, 6.59207 ], [ 2.3447, 6.59325 ], [ 2.34425, 6.5937 ], [ 2.34371, 6.59352 ], [ 2.34425, 6.59288 ], [ 2.34407, 6.59261 ], [ 2.34316, 6.59388 ], [ 2.34271, 6.59352 ], [ 2.34298, 6.59315 ], [ 2.34208, 6.59279 ] ], [ [ 2.34905, 6.5909 ], [ 2.3476, 6.59081 ], [ 2.34751, 6.59036 ], [ 2.34796, 6.58999 ], [ 2.34796, 6.58936 ], [ 2.3486, 6.58909 ], [ 2.34896, 6.58982 ], [ 2.3495, 6.58973 ], [ 2.3495, 6.58864 ], [ 2.3486, 6.58728 ], [ 2.34923, 6.58683 ], [ 2.34951, 6.58728 ], [ 2.34914, 6.58755 ], [ 2.34987, 6.58855 ], [ 2.35041, 6.58855 ], [ 2.35068, 6.58783 ], [ 2.35077, 6.58855 ], [ 2.35158, 6.58873 ], [ 2.35203, 6.59045 ], [ 2.35041, 6.59045 ], [ 2.35032, 6.59072 ], [ 2.35095, 6.59081 ], [ 2.35104, 6.59127 ], [ 2.34968, 6.59199 ], [ 2.34968, 6.59099 ], [ 2.34923, 6.5909 ], [ 2.34932, 6.59162 ], [ 2.34841, 6.59235 ], [ 2.34841, 6.59271 ], [ 2.34814, 6.5918 ], [ 2.34905, 6.5909 ] ], [ [ 2.40062, 6.58888 ], [ 2.4017, 6.58861 ], [ 2.40116, 6.58988 ], [ 2.40179, 6.59097 ], [ 2.40125, 6.59124 ], [ 2.40062, 6.58888 ] ], [ [ 2.36352, 6.59029 ], [ 2.36316, 6.58965 ], [ 2.36244, 6.58965 ], [ 2.3619, 6.59037 ], [ 2.36153, 6.59037 ], [ 2.36162, 6.59028 ], [ 2.36153, 6.58983 ], [ 2.36, 6.59055 ], [ 2.35936, 6.58983 ], [ 2.35891, 6.58983 ], [ 2.359, 6.58929 ], [ 2.35982, 6.58929 ], [ 2.36, 6.58829 ], [ 2.35909, 6.58847 ], [ 2.35891, 6.5882 ], [ 2.359, 6.58775 ], [ 2.36, 6.58784 ], [ 2.36054, 6.58694 ], [ 2.36, 6.58648 ], [ 2.36009, 6.58567 ], [ 2.36054, 6.58576 ], [ 2.36082, 6.5854 ], [ 2.36163, 6.58657 ], [ 2.36154, 6.58567 ], [ 2.36254, 6.58549 ], [ 2.36262, 6.5863 ], [ 2.36299, 6.58658 ], [ 2.36217, 6.58676 ], [ 2.36217, 6.58748 ], [ 2.36298, 6.58775 ], [ 2.36344, 6.58902 ], [ 2.3638, 6.58902 ], [ 2.36425, 6.58712 ], [ 2.36371, 6.58622 ], [ 2.36425, 6.58558 ], [ 2.36335, 6.5854 ], [ 2.36326, 6.58459 ], [ 2.36344, 6.5835 ], [ 2.36435, 6.58341 ], [ 2.36416, 6.58468 ], [ 2.36453, 6.58522 ], [ 2.36543, 6.58513 ], [ 2.36462, 6.58549 ], [ 2.36516, 6.58586 ], [ 2.36525, 6.58712 ], [ 2.36597, 6.58748 ], [ 2.36651, 6.58631 ], [ 2.36688, 6.58694 ], [ 2.3666, 6.58749 ], [ 2.36742, 6.58767 ], [ 2.36751, 6.58902 ], [ 2.36832, 6.58948 ], [ 2.36841, 6.58993 ], [ 2.36796, 6.59011 ], [ 2.36723, 6.58939 ], [ 2.36615, 6.58929 ], [ 2.36606, 6.58902 ], [ 2.36579, 6.58975 ], [ 2.36497, 6.58956 ], [ 2.36488, 6.58993 ], [ 2.36443, 6.58993 ], [ 2.3647, 6.59029 ], [ 2.36533, 6.5902 ], [ 2.36461, 6.59092 ], [ 2.36425, 6.59092 ], [ 2.36389, 6.5902 ], [ 2.36352, 6.59029 ] ], [ [ 2.35394, 6.5891 ], [ 2.3543, 6.58955 ], [ 2.35421, 6.59009 ], [ 2.35357, 6.59064 ], [ 2.35258, 6.59072 ], [ 2.35276, 6.58946 ], [ 2.35394, 6.5891 ] ], [ [ 2.39736, 6.58897 ], [ 2.39745, 6.58834 ], [ 2.397, 6.58789 ], [ 2.39709, 6.58653 ], [ 2.39791, 6.58725 ], [ 2.39763, 6.58825 ], [ 2.39836, 6.58825 ], [ 2.39854, 6.58861 ], [ 2.39845, 6.58915 ], [ 2.39736, 6.58897 ] ], [ [ 2.36751, 6.58541 ], [ 2.36742, 6.58504 ], [ 2.36806, 6.5845 ], [ 2.36896, 6.58496 ], [ 2.36987, 6.58405 ], [ 2.37041, 6.58423 ], [ 2.37041, 6.58478 ], [ 2.36977, 6.5845 ], [ 2.36941, 6.58496 ], [ 2.37014, 6.58514 ], [ 2.36959, 6.58604 ], [ 2.36923, 6.58595 ], [ 2.36932, 6.58523 ], [ 2.36751, 6.58541 ] ], [ [ 2.37059, 6.58514 ], [ 2.37059, 6.58487 ], [ 2.37122, 6.58478 ], [ 2.37059, 6.58405 ], [ 2.37267, 6.58333 ], [ 2.37294, 6.58397 ], [ 2.37231, 6.58478 ], [ 2.37285, 6.5855 ], [ 2.37059, 6.58514 ] ], [ [ 2.37095, 6.58233 ], [ 2.37149, 6.58324 ], [ 2.37005, 6.58396 ], [ 2.37005, 6.58279 ], [ 2.37095, 6.58233 ] ], [ [ 2.3724, 6.58179 ], [ 2.37141, 6.58197 ], [ 2.37104, 6.58116 ], [ 2.37204, 6.58089 ], [ 2.37412, 6.58243 ], [ 2.37367, 6.58315 ], [ 2.3724, 6.58179 ] ], [ [ 2.38959, 6.58245 ], [ 2.38968, 6.58209 ], [ 2.38869, 6.5819 ], [ 2.38878, 6.58055 ], [ 2.38833, 6.58028 ], [ 2.38851, 6.57964 ], [ 2.3876, 6.57946 ], [ 2.3876, 6.5791 ], [ 2.39014, 6.57847 ], [ 2.38977, 6.57973 ], [ 2.39077, 6.58019 ], [ 2.39104, 6.58127 ], [ 2.39013, 6.58154 ], [ 2.39013, 6.58299 ], [ 2.38923, 6.58299 ], [ 2.38859, 6.58245 ], [ 2.38959, 6.58245 ] ], [ [ 2.3847, 6.58217 ], [ 2.38471, 6.58118 ], [ 2.38498, 6.58109 ], [ 2.38525, 6.58163 ], [ 2.38588, 6.58136 ], [ 2.3857, 6.57928 ], [ 2.38634, 6.57973 ], [ 2.38642, 6.58127 ], [ 2.38706, 6.58109 ], [ 2.3867, 6.58027 ], [ 2.3876, 6.57991 ], [ 2.38742, 6.58127 ], [ 2.38805, 6.58181 ], [ 2.38805, 6.58254 ], [ 2.38733, 6.58199 ], [ 2.38633, 6.58217 ], [ 2.38597, 6.5829 ], [ 2.3847, 6.58217 ] ], [ [ 2.37494, 6.57999 ], [ 2.37448, 6.57972 ], [ 2.3743, 6.57854 ], [ 2.37648, 6.57936 ], [ 2.37711, 6.58044 ], [ 2.37675, 6.58053 ], [ 2.37638, 6.57981 ], [ 2.37494, 6.57999 ] ], [ [ 2.36463, 6.57645 ], [ 2.36508, 6.57617 ], [ 2.36571, 6.57645 ], [ 2.36626, 6.57554 ], [ 2.36689, 6.57582 ], [ 2.36707, 6.5769 ], [ 2.36653, 6.57645 ], [ 2.36617, 6.57672 ], [ 2.36625, 6.57726 ], [ 2.3658, 6.57726 ], [ 2.36544, 6.57681 ], [ 2.36571, 6.57808 ], [ 2.36499, 6.57807 ], [ 2.36463, 6.57645 ] ], [ [ 2.36807, 6.57518 ], [ 2.3677, 6.57536 ], [ 2.36779, 6.57573 ], [ 2.36725, 6.57545 ], [ 2.36771, 6.57509 ], [ 2.36744, 6.57355 ], [ 2.36689, 6.57373 ], [ 2.36689, 6.57437 ], [ 2.36626, 6.57437 ], [ 2.36617, 6.57247 ], [ 2.36708, 6.57256 ], [ 2.36707, 6.57328 ], [ 2.36762, 6.57337 ], [ 2.36825, 6.57428 ], [ 2.36816, 6.57509 ], [ 2.36915, 6.57518 ], [ 2.36879, 6.57636 ], [ 2.36807, 6.57518 ] ], [ [ 2.31605, 6.57168 ], [ 2.3156, 6.57131 ], [ 2.31515, 6.57222 ], [ 2.31443, 6.57177 ], [ 2.31515, 6.57086 ], [ 2.3147, 6.57023 ], [ 2.3156, 6.57041 ], [ 2.31641, 6.5724 ], [ 2.31687, 6.57222 ], [ 2.31714, 6.57304 ], [ 2.31605, 6.57303 ], [ 2.31605, 6.57168 ] ], [ [ 2.3071, 6.56669 ], [ 2.30683, 6.5656 ], [ 2.30611, 6.56587 ], [ 2.30539, 6.56452 ], [ 2.3062, 6.56452 ], [ 2.30629, 6.56388 ], [ 2.30702, 6.56416 ], [ 2.30819, 6.56551 ], [ 2.30801, 6.56606 ], [ 2.30882, 6.56642 ], [ 2.30909, 6.56742 ], [ 2.30846, 6.56787 ], [ 2.30828, 6.56678 ], [ 2.3071, 6.56669 ] ], [ [ 2.31796, 6.56661 ], [ 2.31778, 6.56607 ], [ 2.3185, 6.56562 ], [ 2.3185, 6.56625 ], [ 2.3195, 6.56616 ], [ 2.31905, 6.56553 ], [ 2.3185, 6.56544 ], [ 2.3195, 6.56426 ], [ 2.31751, 6.56318 ], [ 2.31724, 6.56218 ], [ 2.31661, 6.56227 ], [ 2.31652, 6.56164 ], [ 2.31679, 6.56137 ], [ 2.31742, 6.56164 ], [ 2.31824, 6.56091 ], [ 2.31869, 6.56119 ], [ 2.32005, 6.56092 ], [ 2.32005, 6.56146 ], [ 2.32041, 6.56146 ], [ 2.32095, 6.56029 ], [ 2.32159, 6.56065 ], [ 2.32213, 6.56011 ], [ 2.32195, 6.56083 ], [ 2.32231, 6.56164 ], [ 2.32195, 6.56191 ], [ 2.3215, 6.56155 ], [ 2.32068, 6.56173 ], [ 2.32122, 6.56255 ], [ 2.32177, 6.56237 ], [ 2.32122, 6.56309 ], [ 2.32176, 6.56363 ], [ 2.32185, 6.56472 ], [ 2.32122, 6.56445 ], [ 2.3214, 6.5639 ], [ 2.32077, 6.56291 ], [ 2.32068, 6.56381 ], [ 2.32004, 6.5639 ], [ 2.32041, 6.5649 ], [ 2.31968, 6.56499 ], [ 2.3204, 6.56607 ], [ 2.31977, 6.56616 ], [ 2.31959, 6.56662 ], [ 2.32022, 6.56671 ], [ 2.31859, 6.56671 ], [ 2.31832, 6.56625 ], [ 2.31832, 6.56707 ], [ 2.31742, 6.56734 ], [ 2.31796, 6.56661 ] ], [ [ 2.31588, 6.56534 ], [ 2.31498, 6.56516 ], [ 2.31543, 6.56417 ], [ 2.31579, 6.56426 ], [ 2.31561, 6.56489 ], [ 2.31624, 6.56462 ], [ 2.31697, 6.56516 ], [ 2.31669, 6.56652 ], [ 2.31615, 6.56643 ], [ 2.31642, 6.56589 ], [ 2.31588, 6.56534 ] ], [ [ 2.36283, 6.56486 ], [ 2.36238, 6.56477 ], [ 2.36374, 6.56369 ], [ 2.36356, 6.56523 ], [ 2.36428, 6.56523 ], [ 2.36455, 6.56559 ], [ 2.36392, 6.56586 ], [ 2.36301, 6.56541 ], [ 2.36265, 6.56586 ], [ 2.36166, 6.56586 ], [ 2.36166, 6.56559 ], [ 2.36256, 6.56532 ], [ 2.36283, 6.56486 ] ], [ [ 2.31526, 6.55811 ], [ 2.31562, 6.55738 ], [ 2.31517, 6.55729 ], [ 2.31517, 6.55557 ], [ 2.31481, 6.55584 ], [ 2.31399, 6.55566 ], [ 2.31399, 6.55675 ], [ 2.31291, 6.55647 ], [ 2.31309, 6.55602 ], [ 2.31336, 6.55611 ], [ 2.31336, 6.55557 ], [ 2.31399, 6.55557 ], [ 2.314, 6.55503 ], [ 2.31463, 6.55539 ], [ 2.31517, 6.55458 ], [ 2.31581, 6.55476 ], [ 2.31598, 6.55603 ], [ 2.31716, 6.55675 ], [ 2.31716, 6.55757 ], [ 2.31644, 6.55684 ], [ 2.31598, 6.55729 ], [ 2.31662, 6.55775 ], [ 2.31643, 6.55829 ], [ 2.31589, 6.5582 ], [ 2.31634, 6.5591 ], [ 2.3158, 6.55901 ], [ 2.31526, 6.55811 ] ], [ [ 2.31906, 6.55712 ], [ 2.31779, 6.55693 ], [ 2.31752, 6.55657 ], [ 2.31834, 6.5563 ], [ 2.31816, 6.55576 ], [ 2.31915, 6.55594 ], [ 2.31942, 6.55576 ], [ 2.31924, 6.55522 ], [ 2.32015, 6.55504 ], [ 2.32069, 6.55585 ], [ 2.32024, 6.55612 ], [ 2.32033, 6.55667 ], [ 2.31951, 6.55685 ], [ 2.31897, 6.55639 ], [ 2.31888, 6.55675 ], [ 2.32051, 6.55721 ], [ 2.3205, 6.55793 ], [ 2.31951, 6.55784 ], [ 2.31897, 6.55847 ], [ 2.31906, 6.55712 ] ], [ [ 2.27501, 6.55461 ], [ 2.27437, 6.55506 ], [ 2.27374, 6.55434 ], [ 2.27338, 6.5547 ], [ 2.27302, 6.55434 ], [ 2.27338, 6.5537 ], [ 2.27456, 6.55425 ], [ 2.27582, 6.5538 ], [ 2.27619, 6.55326 ], [ 2.27664, 6.55371 ], [ 2.27663, 6.55498 ], [ 2.27636, 6.55516 ], [ 2.27573, 6.55461 ], [ 2.27501, 6.55461 ] ], [ [ 2.28984, 6.55328 ], [ 2.28921, 6.55273 ], [ 2.2893, 6.55237 ], [ 2.28994, 6.55228 ], [ 2.28939, 6.5521 ], [ 2.28967, 6.5511 ], [ 2.28903, 6.55128 ], [ 2.28804, 6.55038 ], [ 2.28722, 6.55092 ], [ 2.28659, 6.55029 ], [ 2.28669, 6.54866 ], [ 2.28732, 6.54893 ], [ 2.28741, 6.54848 ], [ 2.28831, 6.54839 ], [ 2.28822, 6.54794 ], [ 2.2875, 6.54793 ], [ 2.28714, 6.54721 ], [ 2.28533, 6.54721 ], [ 2.28497, 6.54666 ], [ 2.28515, 6.5463 ], [ 2.28461, 6.54621 ], [ 2.2847, 6.54594 ], [ 2.2856, 6.54594 ], [ 2.28606, 6.54639 ], [ 2.28669, 6.54603 ], [ 2.28687, 6.54549 ], [ 2.28696, 6.54585 ], [ 2.2875, 6.54594 ], [ 2.2875, 6.54667 ], [ 2.28669, 6.54649 ], [ 2.28651, 6.54685 ], [ 2.28832, 6.54685 ], [ 2.28841, 6.54613 ], [ 2.28895, 6.5464 ], [ 2.28931, 6.54568 ], [ 2.28967, 6.54568 ], [ 2.28976, 6.54685 ], [ 2.2903, 6.54776 ], [ 2.29067, 6.54749 ], [ 2.29049, 6.54667 ], [ 2.29085, 6.54667 ], [ 2.29076, 6.54731 ], [ 2.29148, 6.54767 ], [ 2.2913, 6.54803 ], [ 2.29157, 6.54821 ], [ 2.29275, 6.5483 ], [ 2.2932, 6.54776 ], [ 2.29302, 6.54876 ], [ 2.29356, 6.54867 ], [ 2.29365, 6.54803 ], [ 2.29429, 6.54785 ], [ 2.2942, 6.54749 ], [ 2.29456, 6.54776 ], [ 2.2951, 6.54677 ], [ 2.29591, 6.54731 ], [ 2.29655, 6.54722 ], [ 2.29655, 6.54768 ], [ 2.296, 6.54795 ], [ 2.29673, 6.54894 ], [ 2.29736, 6.54867 ], [ 2.29718, 6.54768 ], [ 2.29863, 6.54696 ], [ 2.29899, 6.54723 ], [ 2.29799, 6.54768 ], [ 2.29772, 6.5484 ], [ 2.29826, 6.54831 ], [ 2.29881, 6.54886 ], [ 2.29962, 6.54859 ], [ 2.29971, 6.54732 ], [ 2.3008, 6.54823 ], [ 2.2998, 6.54931 ], [ 2.29763, 6.54931 ], [ 2.29727, 6.54958 ], [ 2.29754, 6.55021 ], [ 2.29681, 6.55084 ], [ 2.295, 6.55075 ], [ 2.29464, 6.55174 ], [ 2.29536, 6.5522 ], [ 2.29482, 6.55274 ], [ 2.29482, 6.55328 ], [ 2.2941, 6.55319 ], [ 2.29401, 6.55283 ], [ 2.29355, 6.5531 ], [ 2.29283, 6.55283 ], [ 2.2922, 6.55346 ], [ 2.2922, 6.55292 ], [ 2.29102, 6.55273 ], [ 2.29084, 6.55328 ], [ 2.2912, 6.55364 ], [ 2.29156, 6.55346 ], [ 2.29183, 6.55382 ], [ 2.29057, 6.55391 ], [ 2.29002, 6.555 ], [ 2.28984, 6.55328 ] ], [ [ 2.27619, 6.55109 ], [ 2.27673, 6.551 ], [ 2.27682, 6.55054 ], [ 2.27764, 6.55009 ], [ 2.27809, 6.55073 ], [ 2.27809, 6.55163 ], [ 2.27872, 6.5519 ], [ 2.27881, 6.55236 ], [ 2.27682, 6.5529 ], [ 2.27637, 6.55271 ], [ 2.27619, 6.55109 ] ], [ [ 2.27302, 6.55027 ], [ 2.27348, 6.54963 ], [ 2.27402, 6.54973 ], [ 2.27393, 6.55045 ], [ 2.27456, 6.55045 ], [ 2.27438, 6.55135 ], [ 2.27474, 6.55172 ], [ 2.27302, 6.55027 ] ], [ [ 2.39968, 6.54256 ], [ 2.40067, 6.54392 ], [ 2.40131, 6.54356 ], [ 2.40158, 6.54437 ], [ 2.4013, 6.54474 ], [ 2.40049, 6.54474 ], [ 2.39977, 6.54428 ], [ 2.39968, 6.54256 ] ], [ [ 2.3027, 6.54307 ], [ 2.30225, 6.5437 ], [ 2.30171, 6.54352 ], [ 2.30171, 6.54325 ], [ 2.30252, 6.54307 ], [ 2.30189, 6.54253 ], [ 2.30216, 6.54262 ], [ 2.30262, 6.54189 ], [ 2.30334, 6.5419 ], [ 2.30343, 6.54235 ], [ 2.30397, 6.54235 ], [ 2.30325, 6.54126 ], [ 2.30352, 6.54036 ], [ 2.30397, 6.54045 ], [ 2.3037, 6.54108 ], [ 2.30424, 6.5419 ], [ 2.30461, 6.54154 ], [ 2.3056, 6.54181 ], [ 2.30614, 6.54145 ], [ 2.30605, 6.5409 ], [ 2.30651, 6.54091 ], [ 2.30651, 6.5419 ], [ 2.30587, 6.54208 ], [ 2.30578, 6.54353 ], [ 2.30515, 6.54326 ], [ 2.30542, 6.54253 ], [ 2.3046, 6.54262 ], [ 2.3046, 6.54316 ], [ 2.30515, 6.54371 ], [ 2.30424, 6.54362 ], [ 2.30388, 6.54416 ], [ 2.30297, 6.54389 ], [ 2.30307, 6.54316 ], [ 2.3027, 6.54307 ] ], [ [ 2.30732, 6.54253 ], [ 2.30669, 6.541 ], [ 2.30732, 6.541 ], [ 2.30759, 6.54163 ], [ 2.30822, 6.54145 ], [ 2.30895, 6.5419 ], [ 2.30976, 6.54181 ], [ 2.30967, 6.54263 ], [ 2.30904, 6.54299 ], [ 2.30913, 6.54326 ], [ 2.30732, 6.54253 ] ], [ [ 2.28806, 6.53871 ], [ 2.28833, 6.53871 ], [ 2.28959, 6.53925 ], [ 2.28995, 6.53989 ], [ 2.28787, 6.54034 ], [ 2.28806, 6.53871 ] ], [ [ 2.31022, 6.5401 ], [ 2.30995, 6.53973 ], [ 2.31221, 6.53856 ], [ 2.31257, 6.53928 ], [ 2.31239, 6.5401 ], [ 2.31139, 6.53983 ], [ 2.31022, 6.5401 ] ], [ [ 2.3986, 6.53894 ], [ 2.3986, 6.53858 ], [ 2.39815, 6.53858 ], [ 2.39806, 6.53804 ], [ 2.39498, 6.5384 ], [ 2.3948, 6.53722 ], [ 2.39869, 6.53759 ], [ 2.39887, 6.53894 ], [ 2.39851, 6.53949 ], [ 2.39824, 6.53885 ], [ 2.3986, 6.53894 ] ], [ [ 2.39634, 6.53532 ], [ 2.39571, 6.53541 ], [ 2.39562, 6.53514 ], [ 2.39716, 6.53442 ], [ 2.39761, 6.53496 ], [ 2.39742, 6.53704 ], [ 2.39688, 6.53695 ], [ 2.39634, 6.53532 ] ], [ [ 2.39897, 6.53288 ], [ 2.39888, 6.5318 ], [ 2.39951, 6.53189 ], [ 2.39933, 6.53243 ], [ 2.39996, 6.53243 ], [ 2.40023, 6.53171 ], [ 2.40141, 6.53126 ], [ 2.40268, 6.53162 ], [ 2.40286, 6.53261 ], [ 2.40177, 6.53352 ], [ 2.40231, 6.53424 ], [ 2.40222, 6.53488 ], [ 2.40095, 6.53533 ], [ 2.40077, 6.53677 ], [ 2.40014, 6.53596 ], [ 2.39897, 6.53288 ] ], [ [ 2.29458, 6.53437 ], [ 2.29458, 6.5341 ], [ 2.29593, 6.5342 ], [ 2.29602, 6.53456 ], [ 2.29648, 6.53393 ], [ 2.29747, 6.5342 ], [ 2.29811, 6.53266 ], [ 2.29847, 6.53302 ], [ 2.301, 6.53303 ], [ 2.30091, 6.53339 ], [ 2.30046, 6.53339 ], [ 2.301, 6.53375 ], [ 2.30064, 6.53402 ], [ 2.30009, 6.53384 ], [ 2.30018, 6.53447 ], [ 2.29955, 6.53547 ], [ 2.29892, 6.53538 ], [ 2.29874, 6.53474 ], [ 2.2981, 6.5351 ], [ 2.29792, 6.53447 ], [ 2.29738, 6.53546 ], [ 2.29711, 6.5351 ], [ 2.29656, 6.53519 ], [ 2.29458, 6.53437 ] ], [ [ 2.31068, 6.53494 ], [ 2.31059, 6.5344 ], [ 2.30914, 6.53449 ], [ 2.30869, 6.53313 ], [ 2.30778, 6.53358 ], [ 2.30706, 6.53294 ], [ 2.30543, 6.53294 ], [ 2.30543, 6.53249 ], [ 2.30607, 6.53267 ], [ 2.3076, 6.53231 ], [ 2.30733, 6.53195 ], [ 2.3067, 6.53204 ], [ 2.30634, 6.53095 ], [ 2.3058, 6.53068 ], [ 2.30607, 6.53041 ], [ 2.30661, 6.53086 ], [ 2.30652, 6.52923 ], [ 2.30833, 6.52987 ], [ 2.3077, 6.52933 ], [ 2.30806, 6.5286 ], [ 2.30969, 6.52852 ], [ 2.30987, 6.52824 ], [ 2.31041, 6.52852 ], [ 2.31014, 6.52942 ], [ 2.31086, 6.52942 ], [ 2.31095, 6.53015 ], [ 2.30878, 6.53078 ], [ 2.30878, 6.53141 ], [ 2.30923, 6.53168 ], [ 2.30942, 6.53096 ], [ 2.31014, 6.53087 ], [ 2.31005, 6.53195 ], [ 2.31077, 6.53286 ], [ 2.31167, 6.53268 ], [ 2.31222, 6.53295 ], [ 2.31213, 6.53214 ], [ 2.31276, 6.53214 ], [ 2.31312, 6.53259 ], [ 2.31249, 6.5334 ], [ 2.31176, 6.5334 ], [ 2.31185, 6.53503 ], [ 2.31149, 6.53512 ], [ 2.31149, 6.53449 ], [ 2.31068, 6.53494 ] ], [ [ 2.30182, 6.53185 ], [ 2.30191, 6.53086 ], [ 2.30317, 6.53032 ], [ 2.30344, 6.53122 ], [ 2.3039, 6.53131 ], [ 2.30353, 6.53131 ], [ 2.30308, 6.53231 ], [ 2.30182, 6.53185 ] ], [ [ 2.27613, 6.52621 ], [ 2.27713, 6.52711 ], [ 2.27776, 6.52711 ], [ 2.27541, 6.52838 ], [ 2.27523, 6.52783 ], [ 2.27577, 6.52738 ], [ 2.27613, 6.52621 ] ], [ [ 2.30209, 6.52679 ], [ 2.30201, 6.52552 ], [ 2.30282, 6.52552 ], [ 2.303, 6.52643 ], [ 2.3039, 6.52643 ], [ 2.30426, 6.52679 ], [ 2.30408, 6.52715 ], [ 2.30327, 6.52688 ], [ 2.30291, 6.52733 ], [ 2.30119, 6.52796 ], [ 2.30137, 6.52706 ], [ 2.30209, 6.52679 ] ], [ [ 2.3144, 6.52626 ], [ 2.31458, 6.52563 ], [ 2.31404, 6.52508 ], [ 2.31476, 6.52499 ], [ 2.31512, 6.52536 ], [ 2.31494, 6.5259 ], [ 2.31548, 6.52635 ], [ 2.31566, 6.52554 ], [ 2.31539, 6.5249 ], [ 2.31585, 6.52481 ], [ 2.31666, 6.52599 ], [ 2.31648, 6.52681 ], [ 2.31575, 6.52671 ], [ 2.31548, 6.52753 ], [ 2.3144, 6.52626 ] ], [ [ 2.3087, 6.52354 ], [ 2.3097, 6.52354 ], [ 2.30961, 6.52408 ], [ 2.31033, 6.52408 ], [ 2.30988, 6.523 ], [ 2.31042, 6.52291 ], [ 2.31042, 6.52454 ], [ 2.3096, 6.52472 ], [ 2.30979, 6.52453 ], [ 2.30924, 6.52417 ], [ 2.30888, 6.52517 ], [ 2.30861, 6.5248 ], [ 2.30834, 6.52499 ], [ 2.30888, 6.52571 ], [ 2.30816, 6.52544 ], [ 2.3087, 6.52354 ] ], [ [ 2.25163, 6.52273 ], [ 2.25235, 6.52255 ], [ 2.25235, 6.52092 ], [ 2.25317, 6.51975 ], [ 2.25389, 6.51975 ], [ 2.25389, 6.52075 ], [ 2.25443, 6.52066 ], [ 2.25497, 6.52129 ], [ 2.25579, 6.52138 ], [ 2.25597, 6.52202 ], [ 2.25642, 6.5222 ], [ 2.25615, 6.52247 ], [ 2.25561, 6.52211 ], [ 2.25461, 6.52219 ], [ 2.25407, 6.52355 ], [ 2.25307, 6.52373 ], [ 2.2528, 6.52436 ], [ 2.25208, 6.524 ], [ 2.25163, 6.52273 ] ], [ [ 2.28709, 6.52025 ], [ 2.28636, 6.52016 ], [ 2.286, 6.51962 ], [ 2.28591, 6.51799 ], [ 2.28673, 6.5179 ], [ 2.28709, 6.51826 ], [ 2.28772, 6.51899 ], [ 2.28754, 6.5198 ], [ 2.28826, 6.51944 ], [ 2.28944, 6.52016 ], [ 2.28926, 6.51935 ], [ 2.29016, 6.51953 ], [ 2.28989, 6.52007 ], [ 2.29025, 6.52044 ], [ 2.28989, 6.52053 ], [ 2.2898, 6.52116 ], [ 2.28908, 6.52089 ], [ 2.28899, 6.52043 ], [ 2.28853, 6.52134 ], [ 2.2879, 6.52116 ], [ 2.28718, 6.5217 ], [ 2.28709, 6.52025 ] ], [ [ 2.29867, 6.52009 ], [ 2.29948, 6.51936 ], [ 2.2993, 6.51855 ], [ 2.30011, 6.519 ], [ 2.30039, 6.519 ], [ 2.30039, 6.51855 ], [ 2.30201, 6.51873 ], [ 2.30201, 6.5191 ], [ 2.30165, 6.51882 ], [ 2.30057, 6.51927 ], [ 2.30057, 6.52 ], [ 2.29966, 6.52027 ], [ 2.2993, 6.5209 ], [ 2.29885, 6.52081 ], [ 2.29885, 6.52018 ], [ 2.29939, 6.51982 ], [ 2.29867, 6.52009 ] ], [ [ 2.39862, 6.51922 ], [ 2.40016, 6.51877 ], [ 2.40007, 6.51931 ], [ 2.40106, 6.52058 ], [ 2.39952, 6.52103 ], [ 2.39862, 6.51922 ] ], [ [ 2.29008, 6.51799 ], [ 2.2898, 6.51781 ], [ 2.2898, 6.51836 ], [ 2.28944, 6.51845 ], [ 2.28791, 6.51763 ], [ 2.28872, 6.51772 ], [ 2.28881, 6.517 ], [ 2.28972, 6.51682 ], [ 2.29017, 6.51582 ], [ 2.29062, 6.516 ], [ 2.29098, 6.51573 ], [ 2.29098, 6.51655 ], [ 2.2918, 6.51718 ], [ 2.29152, 6.51736 ], [ 2.2908, 6.51691 ], [ 2.2908, 6.51655 ], [ 2.29044, 6.51664 ], [ 2.29035, 6.51908 ], [ 2.28989, 6.5189 ], [ 2.29008, 6.51799 ] ], [ [ 2.28411, 6.51708 ], [ 2.28465, 6.51663 ], [ 2.28555, 6.51654 ], [ 2.28573, 6.51717 ], [ 2.28528, 6.51799 ], [ 2.28438, 6.5179 ], [ 2.28411, 6.51708 ] ], [ [ 2.30102, 6.51647 ], [ 2.30129, 6.51584 ], [ 2.30075, 6.51593 ], [ 2.30084, 6.51502 ], [ 2.30057, 6.51475 ], [ 2.30012, 6.51502 ], [ 2.30003, 6.51466 ], [ 2.30048, 6.51466 ], [ 2.30048, 6.51439 ], [ 2.29976, 6.51448 ], [ 2.29958, 6.51421 ], [ 2.30021, 6.51376 ], [ 2.30075, 6.51412 ], [ 2.30094, 6.51349 ], [ 2.30021, 6.51294 ], [ 2.29967, 6.51348 ], [ 2.29913, 6.51222 ], [ 2.30076, 6.51077 ], [ 2.30121, 6.51077 ], [ 2.30103, 6.51104 ], [ 2.30139, 6.51122 ], [ 2.30139, 6.5105 ], [ 2.30175, 6.51032 ], [ 2.30121, 6.51005 ], [ 2.30121, 6.50969 ], [ 2.30203, 6.50942 ], [ 2.30284, 6.51005 ], [ 2.30302, 6.51096 ], [ 2.30275, 6.5115 ], [ 2.30311, 6.51249 ], [ 2.30383, 6.51268 ], [ 2.30428, 6.5134 ], [ 2.30465, 6.51322 ], [ 2.30456, 6.51259 ], [ 2.30627, 6.51304 ], [ 2.30582, 6.51413 ], [ 2.30709, 6.51349 ], [ 2.30727, 6.51404 ], [ 2.3069, 6.51458 ], [ 2.30781, 6.51458 ], [ 2.30799, 6.51539 ], [ 2.30754, 6.51567 ], [ 2.30718, 6.51485 ], [ 2.30618, 6.51521 ], [ 2.30546, 6.51485 ], [ 2.30338, 6.51584 ], [ 2.30374, 6.51629 ], [ 2.30446, 6.51575 ], [ 2.30473, 6.51611 ], [ 2.30428, 6.51611 ], [ 2.30392, 6.51675 ], [ 2.30247, 6.51711 ], [ 2.30211, 6.51792 ], [ 2.30129, 6.51729 ], [ 2.30102, 6.51647 ] ], [ [ 2.29135, 6.51474 ], [ 2.29071, 6.51501 ], [ 2.29017, 6.51438 ], [ 2.28963, 6.51465 ], [ 2.29026, 6.51374 ], [ 2.29026, 6.51302 ], [ 2.28999, 6.51293 ], [ 2.29026, 6.51266 ], [ 2.28981, 6.51293 ], [ 2.28927, 6.51265 ], [ 2.28936, 6.5122 ], [ 2.28999, 6.51211 ], [ 2.2899, 6.51112 ], [ 2.2909, 6.51157 ], [ 2.29099, 6.51302 ], [ 2.29189, 6.51338 ], [ 2.29189, 6.51365 ], [ 2.29135, 6.51356 ], [ 2.29126, 6.51438 ], [ 2.29225, 6.51456 ], [ 2.29279, 6.51546 ], [ 2.29162, 6.51573 ], [ 2.29135, 6.51555 ], [ 2.29162, 6.51519 ], [ 2.29135, 6.51474 ] ], [ [ 2.28755, 6.51365 ], [ 2.28719, 6.51347 ], [ 2.28728, 6.51283 ], [ 2.28791, 6.51256 ], [ 2.28854, 6.5132 ], [ 2.28827, 6.51455 ], [ 2.28773, 6.51464 ], [ 2.28728, 6.51419 ], [ 2.28755, 6.51365 ] ], [ [ 2.30447, 6.51014 ], [ 2.30447, 6.51069 ], [ 2.30501, 6.51051 ], [ 2.30492, 6.50888 ], [ 2.30592, 6.50879 ], [ 2.30592, 6.50806 ], [ 2.30547, 6.50761 ], [ 2.30628, 6.50716 ], [ 2.30574, 6.50589 ], [ 2.30538, 6.50616 ], [ 2.30466, 6.50598 ], [ 2.3052, 6.50472 ], [ 2.30502, 6.50408 ], [ 2.30565, 6.50426 ], [ 2.30592, 6.50372 ], [ 2.30647, 6.5039 ], [ 2.30665, 6.50481 ], [ 2.3061, 6.50499 ], [ 2.30619, 6.50553 ], [ 2.3071, 6.50526 ], [ 2.30773, 6.5059 ], [ 2.30791, 6.50508 ], [ 2.3071, 6.50508 ], [ 2.3071, 6.5039 ], [ 2.30629, 6.50318 ], [ 2.30593, 6.50327 ], [ 2.30538, 6.50236 ], [ 2.30484, 6.50254 ], [ 2.3052, 6.50273 ], [ 2.30529, 6.50345 ], [ 2.30484, 6.50354 ], [ 2.30457, 6.50408 ], [ 2.3043, 6.50336 ], [ 2.30466, 6.50282 ], [ 2.3043, 6.50272 ], [ 2.30403, 6.50336 ], [ 2.30348, 6.50263 ], [ 2.30502, 6.502 ], [ 2.30547, 6.50227 ], [ 2.30611, 6.50182 ], [ 2.30638, 6.50218 ], [ 2.30728, 6.50191 ], [ 2.30728, 6.50146 ], [ 2.30638, 6.50128 ], [ 2.3062, 6.50028 ], [ 2.30638, 6.50001 ], [ 2.3072, 6.50029 ], [ 2.30801, 6.49974 ], [ 2.30765, 6.50074 ], [ 2.30819, 6.50092 ], [ 2.30837, 6.50201 ], [ 2.30936, 6.50219 ], [ 2.30927, 6.50364 ], [ 2.30981, 6.504 ], [ 2.30954, 6.50436 ], [ 2.30981, 6.50536 ], [ 2.31099, 6.50581 ], [ 2.31162, 6.50527 ], [ 2.31198, 6.50563 ], [ 2.31198, 6.50653 ], [ 2.31162, 6.50662 ], [ 2.31135, 6.50599 ], [ 2.3109, 6.5059 ], [ 2.31081, 6.50671 ], [ 2.30963, 6.50707 ], [ 2.30872, 6.50843 ], [ 2.30809, 6.50834 ], [ 2.307, 6.51015 ], [ 2.30619, 6.50987 ], [ 2.30637, 6.51078 ], [ 2.30592, 6.51033 ], [ 2.30537, 6.51123 ], [ 2.30392, 6.51114 ], [ 2.30402, 6.51041 ], [ 2.30447, 6.51014 ] ], [ [ 2.29597, 6.50941 ], [ 2.29624, 6.51022 ], [ 2.2956, 6.5104 ], [ 2.29533, 6.50959 ], [ 2.2947, 6.50995 ], [ 2.29434, 6.50941 ], [ 2.29443, 6.50868 ], [ 2.29534, 6.50823 ], [ 2.29543, 6.50778 ], [ 2.2938, 6.50841 ], [ 2.29298, 6.50768 ], [ 2.29163, 6.50768 ], [ 2.29117, 6.50804 ], [ 2.29109, 6.50732 ], [ 2.29054, 6.50732 ], [ 2.29118, 6.50678 ], [ 2.2929, 6.50678 ], [ 2.29317, 6.50759 ], [ 2.29362, 6.50769 ], [ 2.29362, 6.50687 ], [ 2.29407, 6.50633 ], [ 2.29317, 6.50533 ], [ 2.29244, 6.50569 ], [ 2.29217, 6.50524 ], [ 2.29209, 6.50397 ], [ 2.29317, 6.50244 ], [ 2.29245, 6.50244 ], [ 2.29209, 6.50289 ], [ 2.29154, 6.50216 ], [ 2.29245, 6.50235 ], [ 2.29317, 6.50189 ], [ 2.29344, 6.50244 ], [ 2.2939, 6.50235 ], [ 2.29426, 6.5028 ], [ 2.29453, 6.50208 ], [ 2.29562, 6.50208 ], [ 2.29553, 6.50136 ], [ 2.29471, 6.50045 ], [ 2.29517, 6.49936 ], [ 2.29453, 6.499 ], [ 2.29417, 6.49972 ], [ 2.2939, 6.49909 ], [ 2.29345, 6.499 ], [ 2.29291, 6.49954 ], [ 2.29209, 6.49954 ], [ 2.29209, 6.49909 ], [ 2.29273, 6.49873 ], [ 2.29191, 6.49764 ], [ 2.29209, 6.49728 ], [ 2.29291, 6.49719 ], [ 2.29399, 6.49855 ], [ 2.29417, 6.49782 ], [ 2.29463, 6.49764 ], [ 2.29354, 6.49746 ], [ 2.29363, 6.4971 ], [ 2.29463, 6.49755 ], [ 2.29472, 6.49719 ], [ 2.29544, 6.4971 ], [ 2.29562, 6.49656 ], [ 2.29653, 6.49674 ], [ 2.29689, 6.49647 ], [ 2.29698, 6.4953 ], [ 2.29761, 6.4953 ], [ 2.29906, 6.49439 ], [ 2.29807, 6.49403 ], [ 2.29807, 6.49448 ], [ 2.2978, 6.49448 ], [ 2.29744, 6.49403 ], [ 2.29734, 6.49439 ], [ 2.2968, 6.49448 ], [ 2.29662, 6.49385 ], [ 2.29717, 6.49349 ], [ 2.29744, 6.49385 ], [ 2.29861, 6.49349 ], [ 2.29888, 6.49394 ], [ 2.29952, 6.49403 ], [ 2.29997, 6.49331 ], [ 2.30078, 6.49349 ], [ 2.30078, 6.49304 ], [ 2.29988, 6.49268 ], [ 2.30015, 6.49195 ], [ 2.29979, 6.4925 ], [ 2.29898, 6.49222 ], [ 2.2988, 6.49132 ], [ 2.29934, 6.49114 ], [ 2.29934, 6.49069 ], [ 2.2988, 6.49077 ], [ 2.29826, 6.48933 ], [ 2.29726, 6.48951 ], [ 2.29645, 6.48914 ], [ 2.29645, 6.48978 ], [ 2.29527, 6.49014 ], [ 2.29536, 6.48887 ], [ 2.29599, 6.48932 ], [ 2.29609, 6.48833 ], [ 2.29564, 6.48797 ], [ 2.29591, 6.48742 ], [ 2.29627, 6.48724 ], [ 2.29672, 6.48797 ], [ 2.29681, 6.48652 ], [ 2.29636, 6.48634 ], [ 2.29636, 6.48571 ], [ 2.29691, 6.48507 ], [ 2.29627, 6.48516 ], [ 2.29627, 6.48444 ], [ 2.29446, 6.48453 ], [ 2.29473, 6.48543 ], [ 2.29501, 6.48543 ], [ 2.29446, 6.48661 ], [ 2.29301, 6.48597 ], [ 2.29265, 6.48534 ], [ 2.29184, 6.48516 ], [ 2.29202, 6.48353 ], [ 2.29157, 6.4838 ], [ 2.29112, 6.48326 ], [ 2.29148, 6.48253 ], [ 2.29193, 6.48244 ], [ 2.29194, 6.48181 ], [ 2.29067, 6.4809 ], [ 2.29022, 6.48099 ], [ 2.29013, 6.48027 ], [ 2.28949, 6.48081 ], [ 2.28895, 6.4799 ], [ 2.28832, 6.47999 ], [ 2.28868, 6.48072 ], [ 2.28823, 6.48144 ], [ 2.28868, 6.48189 ], [ 2.28814, 6.48235 ], [ 2.28841, 6.48298 ], [ 2.28786, 6.48316 ], [ 2.28786, 6.48207 ], [ 2.2866, 6.48099 ], [ 2.28696, 6.48008 ], [ 2.28678, 6.47972 ], [ 2.28624, 6.47981 ], [ 2.28597, 6.48044 ], [ 2.2857, 6.48035 ], [ 2.28579, 6.47918 ], [ 2.28362, 6.47935 ], [ 2.28307, 6.47981 ], [ 2.28307, 6.47935 ], [ 2.28235, 6.47899 ], [ 2.2828, 6.4789 ], [ 2.28317, 6.47809 ], [ 2.28253, 6.47809 ], [ 2.28244, 6.47736 ], [ 2.28127, 6.477 ], [ 2.28181, 6.476 ], [ 2.28272, 6.47592 ], [ 2.28245, 6.4751 ], [ 2.2829, 6.47483 ], [ 2.28299, 6.47356 ], [ 2.28362, 6.47402 ], [ 2.28426, 6.47384 ], [ 2.28462, 6.47411 ], [ 2.28462, 6.47366 ], [ 2.28381, 6.47284 ], [ 2.28426, 6.47212 ], [ 2.28408, 6.47157 ], [ 2.28553, 6.47031 ], [ 2.28589, 6.47031 ], [ 2.28607, 6.47085 ], [ 2.28689, 6.47076 ], [ 2.28689, 6.46986 ], [ 2.28725, 6.46986 ], [ 2.28743, 6.47058 ], [ 2.28698, 6.47076 ], [ 2.28725, 6.47149 ], [ 2.28779, 6.47095 ], [ 2.28906, 6.47095 ], [ 2.28969, 6.47167 ], [ 2.2896, 6.47222 ], [ 2.2905, 6.47231 ], [ 2.29068, 6.47267 ], [ 2.29068, 6.47186 ], [ 2.29177, 6.47177 ], [ 2.29132, 6.47014 ], [ 2.29032, 6.47086 ], [ 2.28987, 6.47068 ], [ 2.2905, 6.4705 ], [ 2.2906, 6.46987 ], [ 2.29168, 6.46978 ], [ 2.29177, 6.46941 ], [ 2.29132, 6.46914 ], [ 2.29168, 6.46878 ], [ 2.29141, 6.46806 ], [ 2.29214, 6.46706 ], [ 2.29385, 6.46752 ], [ 2.29404, 6.46698 ], [ 2.29395, 6.46616 ], [ 2.29358, 6.46661 ], [ 2.29259, 6.46688 ], [ 2.29286, 6.46553 ], [ 2.29187, 6.46534 ], [ 2.29187, 6.4648 ], [ 2.29241, 6.46462 ], [ 2.29268, 6.46399 ], [ 2.29214, 6.46335 ], [ 2.29024, 6.46407 ], [ 2.29015, 6.46371 ], [ 2.29069, 6.46362 ], [ 2.29106, 6.46299 ], [ 2.28988, 6.46335 ], [ 2.28871, 6.46317 ], [ 2.28834, 6.46362 ], [ 2.2887, 6.46425 ], [ 2.28807, 6.46498 ], [ 2.2878, 6.46434 ], [ 2.28816, 6.46389 ], [ 2.28753, 6.46362 ], [ 2.28717, 6.46407 ], [ 2.28699, 6.46335 ], [ 2.28662, 6.46326 ], [ 2.28662, 6.46434 ], [ 2.28518, 6.46461 ], [ 2.28563, 6.46506 ], [ 2.28517, 6.46552 ], [ 2.28526, 6.46606 ], [ 2.28445, 6.4656 ], [ 2.28418, 6.46633 ], [ 2.284, 6.46533 ], [ 2.28319, 6.46461 ], [ 2.28337, 6.46407 ], [ 2.28292, 6.46415 ], [ 2.28291, 6.4647 ], [ 2.28237, 6.4647 ], [ 2.2821, 6.46551 ], [ 2.28129, 6.46497 ], [ 2.28092, 6.46569 ], [ 2.2802, 6.46569 ], [ 2.28047, 6.46659 ], [ 2.28137, 6.46696 ], [ 2.28183, 6.4666 ], [ 2.28264, 6.46678 ], [ 2.28173, 6.46759 ], [ 2.28092, 6.46723 ], [ 2.28047, 6.46768 ], [ 2.28038, 6.46723 ], [ 2.28011, 6.46723 ], [ 2.27992, 6.46831 ], [ 2.28065, 6.46868 ], [ 2.27965, 6.46895 ], [ 2.2792, 6.46985 ], [ 2.27974, 6.47039 ], [ 2.27965, 6.47094 ], [ 2.28001, 6.47094 ], [ 2.27992, 6.46958 ], [ 2.28037, 6.46985 ], [ 2.28074, 6.46949 ], [ 2.28137, 6.46985 ], [ 2.28128, 6.47021 ], [ 2.28209, 6.46976 ], [ 2.28245, 6.47022 ], [ 2.282, 6.47103 ], [ 2.28263, 6.47139 ], [ 2.28263, 6.47212 ], [ 2.28218, 6.47266 ], [ 2.28146, 6.47248 ], [ 2.28146, 6.47311 ], [ 2.28082, 6.47293 ], [ 2.28082, 6.47356 ], [ 2.2801, 6.47356 ], [ 2.28046, 6.47537 ], [ 2.27946, 6.47609 ], [ 2.28028, 6.47627 ], [ 2.28055, 6.476 ], [ 2.28027, 6.47709 ], [ 2.28091, 6.47817 ], [ 2.28199, 6.47908 ], [ 2.28172, 6.48044 ], [ 2.28235, 6.48098 ], [ 2.28217, 6.4817 ], [ 2.28262, 6.48216 ], [ 2.28343, 6.48171 ], [ 2.28343, 6.48261 ], [ 2.28298, 6.48279 ], [ 2.28325, 6.48406 ], [ 2.28289, 6.48424 ], [ 2.28379, 6.48505 ], [ 2.2837, 6.48605 ], [ 2.28487, 6.48578 ], [ 2.28614, 6.48623 ], [ 2.28723, 6.48569 ], [ 2.28759, 6.48633 ], [ 2.28704, 6.4866 ], [ 2.2865, 6.48632 ], [ 2.28632, 6.48732 ], [ 2.28578, 6.48714 ], [ 2.28541, 6.48741 ], [ 2.28523, 6.48696 ], [ 2.28469, 6.48686 ], [ 2.28297, 6.48713 ], [ 2.28261, 6.48813 ], [ 2.28279, 6.48858 ], [ 2.28243, 6.48885 ], [ 2.28243, 6.48976 ], [ 2.28297, 6.49003 ], [ 2.28152, 6.49075 ], [ 2.28206, 6.49084 ], [ 2.28297, 6.49184 ], [ 2.2826, 6.49283 ], [ 2.2836, 6.49292 ], [ 2.28315, 6.49247 ], [ 2.28396, 6.49202 ], [ 2.28369, 6.49166 ], [ 2.28387, 6.49103 ], [ 2.28478, 6.49148 ], [ 2.28568, 6.49094 ], [ 2.2855, 6.48994 ], [ 2.28595, 6.48958 ], [ 2.28496, 6.48867 ], [ 2.28496, 6.48804 ], [ 2.28541, 6.4884 ], [ 2.28569, 6.48768 ], [ 2.28614, 6.48822 ], [ 2.28695, 6.48786 ], [ 2.28695, 6.48904 ], [ 2.28614, 6.48949 ], [ 2.28632, 6.48976 ], [ 2.28595, 6.49021 ], [ 2.28659, 6.49058 ], [ 2.28677, 6.49121 ], [ 2.28704, 6.49112 ], [ 2.28731, 6.49184 ], [ 2.28785, 6.49103 ], [ 2.28722, 6.49103 ], [ 2.28722, 6.4904 ], [ 2.28803, 6.48976 ], [ 2.28767, 6.48913 ], [ 2.28704, 6.48904 ], [ 2.2874, 6.48859 ], [ 2.28722, 6.48804 ], [ 2.28758, 6.48805 ], [ 2.28777, 6.48841 ], [ 2.28831, 6.48841 ], [ 2.28813, 6.48958 ], [ 2.28867, 6.48949 ], [ 2.28794, 6.49076 ], [ 2.28876, 6.49076 ], [ 2.28876, 6.48977 ], [ 2.28948, 6.48959 ], [ 2.28993, 6.49076 ], [ 2.29111, 6.49167 ], [ 2.2912, 6.49248 ], [ 2.29228, 6.49258 ], [ 2.29165, 6.49312 ], [ 2.29192, 6.49357 ], [ 2.29165, 6.49402 ], [ 2.29092, 6.49402 ], [ 2.29092, 6.4933 ], [ 2.29011, 6.49348 ], [ 2.2902, 6.49511 ], [ 2.29065, 6.49574 ], [ 2.29146, 6.49547 ], [ 2.29128, 6.49484 ], [ 2.29174, 6.49411 ], [ 2.29246, 6.49438 ], [ 2.29291, 6.49411 ], [ 2.29382, 6.49556 ], [ 2.29436, 6.49547 ], [ 2.2949, 6.49593 ], [ 2.29599, 6.49575 ], [ 2.29608, 6.49602 ], [ 2.29517, 6.49638 ], [ 2.29445, 6.49602 ], [ 2.29237, 6.49674 ], [ 2.29155, 6.49646 ], [ 2.29119, 6.49701 ], [ 2.29029, 6.49682 ], [ 2.28983, 6.49628 ], [ 2.29011, 6.49538 ], [ 2.28966, 6.49492 ], [ 2.28966, 6.49375 ], [ 2.28912, 6.49302 ], [ 2.28884, 6.49284 ], [ 2.28821, 6.49329 ], [ 2.28785, 6.49302 ], [ 2.28767, 6.49347 ], [ 2.28731, 6.49338 ], [ 2.28713, 6.49302 ], [ 2.28785, 6.49293 ], [ 2.28794, 6.49257 ], [ 2.28722, 6.4923 ], [ 2.28595, 6.49266 ], [ 2.28586, 6.49184 ], [ 2.28478, 6.4922 ], [ 2.2836, 6.49401 ], [ 2.28441, 6.49383 ], [ 2.28504, 6.4941 ], [ 2.28595, 6.49302 ], [ 2.28667, 6.49356 ], [ 2.28739, 6.49492 ], [ 2.28812, 6.49447 ], [ 2.28758, 6.49393 ], [ 2.28776, 6.49329 ], [ 2.28803, 6.49365 ], [ 2.28866, 6.49357 ], [ 2.28866, 6.49447 ], [ 2.28812, 6.49474 ], [ 2.28884, 6.49583 ], [ 2.28839, 6.49637 ], [ 2.28739, 6.49583 ], [ 2.28739, 6.49528 ], [ 2.28649, 6.49546 ], [ 2.2864, 6.49447 ], [ 2.28586, 6.49429 ], [ 2.28549, 6.49492 ], [ 2.28622, 6.49492 ], [ 2.28631, 6.49537 ], [ 2.28604, 6.49573 ], [ 2.2854, 6.49564 ], [ 2.28567, 6.49628 ], [ 2.28495, 6.49664 ], [ 2.28504, 6.4979 ], [ 2.28441, 6.49781 ], [ 2.28414, 6.49691 ], [ 2.28314, 6.49681 ], [ 2.28305, 6.49654 ], [ 2.2826, 6.49681 ], [ 2.28187, 6.49627 ], [ 2.28188, 6.49564 ], [ 2.2826, 6.49564 ], [ 2.28188, 6.49527 ], [ 2.28188, 6.49473 ], [ 2.28133, 6.49482 ], [ 2.28088, 6.49419 ], [ 2.28052, 6.49419 ], [ 2.28061, 6.49473 ], [ 2.27998, 6.495 ], [ 2.27925, 6.49455 ], [ 2.27943, 6.49536 ], [ 2.28079, 6.49582 ], [ 2.28052, 6.49672 ], [ 2.27998, 6.49654 ], [ 2.27989, 6.496 ], [ 2.2797, 6.49663 ], [ 2.27907, 6.49663 ], [ 2.27934, 6.4978 ], [ 2.28043, 6.4979 ], [ 2.28079, 6.49844 ], [ 2.28088, 6.49781 ], [ 2.28124, 6.49763 ], [ 2.28106, 6.49853 ], [ 2.2807, 6.49853 ], [ 2.28097, 6.49889 ], [ 2.28033, 6.49943 ], [ 2.27961, 6.49934 ], [ 2.28024, 6.50079 ], [ 2.27907, 6.50043 ], [ 2.27889, 6.49961 ], [ 2.27916, 6.49925 ], [ 2.2788, 6.49871 ], [ 2.27834, 6.49889 ], [ 2.27879, 6.49961 ], [ 2.27834, 6.50115 ], [ 2.27798, 6.50097 ], [ 2.27798, 6.50043 ], [ 2.27726, 6.5007 ], [ 2.27726, 6.50006 ], [ 2.27699, 6.50006 ], [ 2.27689, 6.5007 ], [ 2.27725, 6.50142 ], [ 2.27807, 6.50178 ], [ 2.2787, 6.50142 ], [ 2.27888, 6.50178 ], [ 2.2787, 6.50206 ], [ 2.27834, 6.50187 ], [ 2.27834, 6.50233 ], [ 2.27879, 6.50233 ], [ 2.27942, 6.50305 ], [ 2.27997, 6.50278 ], [ 2.28033, 6.5035 ], [ 2.28123, 6.50278 ], [ 2.28123, 6.50233 ], [ 2.28196, 6.50215 ], [ 2.28205, 6.50251 ], [ 2.28123, 6.50369 ], [ 2.28132, 6.50486 ], [ 2.28096, 6.50441 ], [ 2.28051, 6.50477 ], [ 2.2806, 6.50513 ], [ 2.28096, 6.50504 ], [ 2.28078, 6.50568 ], [ 2.28032, 6.50604 ], [ 2.27879, 6.50595 ], [ 2.27878, 6.50667 ], [ 2.27842, 6.50694 ], [ 2.27933, 6.50767 ], [ 2.27878, 6.50785 ], [ 2.27833, 6.50757 ], [ 2.27742, 6.50893 ], [ 2.27652, 6.50875 ], [ 2.27652, 6.50811 ], [ 2.27553, 6.50757 ], [ 2.27471, 6.50757 ], [ 2.27508, 6.5063 ], [ 2.27616, 6.50458 ], [ 2.27752, 6.50549 ], [ 2.27833, 6.50522 ], [ 2.27888, 6.50576 ], [ 2.27843, 6.50513 ], [ 2.27924, 6.50495 ], [ 2.27924, 6.5045 ], [ 2.2787, 6.50468 ], [ 2.27861, 6.50441 ], [ 2.27924, 6.50432 ], [ 2.27924, 6.50396 ], [ 2.27978, 6.50396 ], [ 2.27978, 6.50369 ], [ 2.2787, 6.50368 ], [ 2.27843, 6.50332 ], [ 2.27861, 6.50278 ], [ 2.27689, 6.50359 ], [ 2.27662, 6.50449 ], [ 2.27553, 6.50368 ], [ 2.27553, 6.50277 ], [ 2.2758, 6.5035 ], [ 2.27617, 6.50359 ], [ 2.27617, 6.50287 ], [ 2.27581, 6.50287 ], [ 2.27608, 6.50223 ], [ 2.27526, 6.50187 ], [ 2.27454, 6.50024 ], [ 2.27509, 6.50006 ], [ 2.27527, 6.49934 ], [ 2.27635, 6.49979 ], [ 2.27662, 6.49934 ], [ 2.27617, 6.49898 ], [ 2.27599, 6.49807 ], [ 2.27563, 6.49879 ], [ 2.27527, 6.49879 ], [ 2.27536, 6.49807 ], [ 2.27464, 6.4978 ], [ 2.27427, 6.49843 ], [ 2.27391, 6.49752 ], [ 2.27319, 6.49761 ], [ 2.27355, 6.49662 ], [ 2.27292, 6.49653 ], [ 2.27274, 6.49617 ], [ 2.2731, 6.49571 ], [ 2.2731, 6.494 ], [ 2.2722, 6.49418 ], [ 2.27193, 6.49345 ], [ 2.2722, 6.49255 ], [ 2.27283, 6.49273 ], [ 2.2732, 6.49246 ], [ 2.27365, 6.49291 ], [ 2.27437, 6.49255 ], [ 2.27419, 6.49174 ], [ 2.27519, 6.49183 ], [ 2.27519, 6.49119 ], [ 2.27483, 6.49146 ], [ 2.27465, 6.49137 ], [ 2.27591, 6.49029 ], [ 2.27582, 6.48939 ], [ 2.27501, 6.4892 ], [ 2.27483, 6.48776 ], [ 2.27375, 6.48766 ], [ 2.27347, 6.4892 ], [ 2.27411, 6.48929 ], [ 2.27411, 6.48956 ], [ 2.27383, 6.48993 ], [ 2.2732, 6.48983 ], [ 2.27365, 6.49047 ], [ 2.27356, 6.49182 ], [ 2.27275, 6.49137 ], [ 2.2722, 6.49155 ], [ 2.27211, 6.49119 ], [ 2.27157, 6.49146 ], [ 2.27112, 6.49119 ], [ 2.27157, 6.49056 ], [ 2.27121, 6.49046 ], [ 2.27112, 6.49092 ], [ 2.27076, 6.49046 ], [ 2.2704, 6.49101 ], [ 2.26994, 6.49073 ], [ 2.2694, 6.4911 ], [ 2.2694, 6.49155 ], [ 2.27003, 6.49164 ], [ 2.2694, 6.49227 ], [ 2.26895, 6.49218 ], [ 2.26922, 6.49137 ], [ 2.26759, 6.49191 ], [ 2.26777, 6.49308 ], [ 2.26677, 6.49299 ], [ 2.2665, 6.49209 ], [ 2.26614, 6.49209 ], [ 2.26614, 6.49417 ], [ 2.26533, 6.49407 ], [ 2.26532, 6.49462 ], [ 2.26433, 6.49453 ], [ 2.26433, 6.49407 ], [ 2.26515, 6.49326 ], [ 2.2656, 6.49335 ], [ 2.26578, 6.4929 ], [ 2.26569, 6.49263 ], [ 2.2646, 6.4929 ], [ 2.26379, 6.49109 ], [ 2.2647, 6.49163 ], [ 2.26497, 6.49145 ], [ 2.2647, 6.49082 ], [ 2.26633, 6.49091 ], [ 2.26642, 6.49001 ], [ 2.26714, 6.48992 ], [ 2.26723, 6.48955 ], [ 2.26642, 6.48901 ], [ 2.26633, 6.48811 ], [ 2.26533, 6.48847 ], [ 2.26497, 6.48729 ], [ 2.26461, 6.48729 ], [ 2.26461, 6.48638 ], [ 2.26416, 6.48629 ], [ 2.26425, 6.48684 ], [ 2.26344, 6.48711 ], [ 2.2628, 6.4862 ], [ 2.26208, 6.48584 ], [ 2.26235, 6.4853 ], [ 2.26398, 6.48548 ], [ 2.26371, 6.48448 ], [ 2.26272, 6.48439 ], [ 2.26199, 6.48475 ], [ 2.26208, 6.48394 ], [ 2.26172, 6.48403 ], [ 2.26136, 6.4833 ], [ 2.26037, 6.48384 ], [ 2.26082, 6.48294 ], [ 2.26308, 6.48303 ], [ 2.26362, 6.48213 ], [ 2.26317, 6.48132 ], [ 2.26381, 6.4815 ], [ 2.26408, 6.48123 ], [ 2.26426, 6.48005 ], [ 2.26336, 6.47987 ], [ 2.26336, 6.48023 ], [ 2.2629, 6.48023 ], [ 2.26254, 6.47996 ], [ 2.26245, 6.47896 ], [ 2.263, 6.47869 ], [ 2.26309, 6.47761 ], [ 2.26173, 6.47806 ], [ 2.26209, 6.47833 ], [ 2.26191, 6.47959 ], [ 2.25902, 6.47923 ], [ 2.25902, 6.47959 ], [ 2.25947, 6.47941 ], [ 2.25956, 6.47977 ], [ 2.26055, 6.4795 ], [ 2.26073, 6.48005 ], [ 2.26137, 6.48041 ], [ 2.26082, 6.48086 ], [ 2.26028, 6.48032 ], [ 2.25956, 6.48077 ], [ 2.25892, 6.48022 ], [ 2.25802, 6.48022 ], [ 2.25793, 6.48095 ], [ 2.25684, 6.48094 ], [ 2.25711, 6.48067 ], [ 2.25693, 6.47968 ], [ 2.25748, 6.47968 ], [ 2.25684, 6.47932 ], [ 2.25657, 6.47941 ], [ 2.25657, 6.48013 ], [ 2.25594, 6.48004 ], [ 2.25531, 6.48049 ], [ 2.25449, 6.48185 ], [ 2.25458, 6.48293 ], [ 2.25594, 6.48293 ], [ 2.25548, 6.48203 ], [ 2.25612, 6.48176 ], [ 2.25675, 6.48221 ], [ 2.25621, 6.48348 ], [ 2.25811, 6.48321 ], [ 2.2572, 6.48384 ], [ 2.25747, 6.48502 ], [ 2.2581, 6.48538 ], [ 2.2581, 6.48502 ], [ 2.25856, 6.48493 ], [ 2.2591, 6.48565 ], [ 2.25928, 6.48529 ], [ 2.25892, 6.48466 ], [ 2.25856, 6.48429 ], [ 2.25783, 6.48429 ], [ 2.25765, 6.48384 ], [ 2.25856, 6.48366 ], [ 2.25937, 6.48276 ], [ 2.26027, 6.48475 ], [ 2.26082, 6.48412 ], [ 2.26136, 6.48439 ], [ 2.26127, 6.48475 ], [ 2.26073, 6.48484 ], [ 2.26082, 6.48529 ], [ 2.26154, 6.48557 ], [ 2.26127, 6.48629 ], [ 2.26081, 6.48638 ], [ 2.26036, 6.48529 ], [ 2.25928, 6.48583 ], [ 2.25946, 6.48611 ], [ 2.26036, 6.48602 ], [ 2.26, 6.48683 ], [ 2.25873, 6.48583 ], [ 2.25756, 6.48628 ], [ 2.25738, 6.48493 ], [ 2.2562, 6.48547 ], [ 2.25638, 6.48465 ], [ 2.25557, 6.48474 ], [ 2.25584, 6.48366 ], [ 2.2553, 6.48393 ], [ 2.25458, 6.48338 ], [ 2.25413, 6.48365 ], [ 2.25295, 6.48347 ], [ 2.25241, 6.48392 ], [ 2.25259, 6.48311 ], [ 2.25205, 6.48311 ], [ 2.25159, 6.48211 ], [ 2.25123, 6.48211 ], [ 2.25132, 6.48329 ], [ 2.25014, 6.48428 ], [ 2.24951, 6.48428 ], [ 2.24906, 6.48627 ], [ 2.24815, 6.486 ], [ 2.24743, 6.48708 ], [ 2.24743, 6.48744 ], [ 2.24797, 6.48763 ], [ 2.24797, 6.48681 ], [ 2.24915, 6.48699 ], [ 2.24906, 6.48663 ], [ 2.25005, 6.48663 ], [ 2.2496, 6.48555 ], [ 2.24996, 6.4851 ], [ 2.25041, 6.48519 ], [ 2.25059, 6.48627 ], [ 2.25096, 6.48573 ], [ 2.25059, 6.487 ], [ 2.25086, 6.48718 ], [ 2.25077, 6.48826 ], [ 2.25113, 6.48844 ], [ 2.25159, 6.4879 ], [ 2.25141, 6.48682 ], [ 2.25195, 6.48664 ], [ 2.25204, 6.48618 ], [ 2.25267, 6.48619 ], [ 2.25304, 6.48673 ], [ 2.25331, 6.48673 ], [ 2.25313, 6.48628 ], [ 2.25358, 6.48619 ], [ 2.25376, 6.48727 ], [ 2.25312, 6.48745 ], [ 2.25303, 6.48881 ], [ 2.25348, 6.4889 ], [ 2.25349, 6.48818 ], [ 2.25421, 6.488 ], [ 2.25484, 6.48981 ], [ 2.25547, 6.48954 ], [ 2.25548, 6.48809 ], [ 2.25593, 6.48809 ], [ 2.25629, 6.48881 ], [ 2.25728, 6.48873 ], [ 2.25737, 6.48954 ], [ 2.25783, 6.48918 ], [ 2.25828, 6.48954 ], [ 2.25819, 6.48918 ], [ 2.25864, 6.48891 ], [ 2.25837, 6.48837 ], [ 2.259, 6.48846 ], [ 2.259, 6.48791 ], [ 2.25946, 6.48782 ], [ 2.25954, 6.48873 ], [ 2.26027, 6.48846 ], [ 2.26045, 6.48882 ], [ 2.25936, 6.48972 ], [ 2.25972, 6.49 ], [ 2.26027, 6.48945 ], [ 2.26018, 6.49009 ], [ 2.25963, 6.49045 ], [ 2.25999, 6.49072 ], [ 2.2599, 6.49181 ], [ 2.25945, 6.49189 ], [ 2.25927, 6.49153 ], [ 2.25927, 6.49226 ], [ 2.25882, 6.49235 ], [ 2.25872, 6.49289 ], [ 2.25809, 6.49253 ], [ 2.25864, 6.49153 ], [ 2.25809, 6.49153 ], [ 2.258, 6.49008 ], [ 2.25746, 6.49035 ], [ 2.25773, 6.49153 ], [ 2.25746, 6.49153 ], [ 2.25683, 6.49144 ], [ 2.25683, 6.49072 ], [ 2.25638, 6.49026 ], [ 2.25683, 6.49008 ], [ 2.25701, 6.49053 ], [ 2.25719, 6.49008 ], [ 2.25629, 6.48927 ], [ 2.25556, 6.48945 ], [ 2.2552, 6.49062 ], [ 2.25466, 6.49053 ], [ 2.25385, 6.48953 ], [ 2.25213, 6.48935 ], [ 2.25149, 6.4889 ], [ 2.2505, 6.48908 ], [ 2.25041, 6.48853 ], [ 2.24987, 6.48944 ], [ 2.24851, 6.48962 ], [ 2.24842, 6.48935 ], [ 2.24941, 6.48926 ], [ 2.24896, 6.4888 ], [ 2.24905, 6.48835 ], [ 2.24851, 6.48826 ], [ 2.2486, 6.48871 ], [ 2.24806, 6.48907 ], [ 2.24742, 6.48889 ], [ 2.24724, 6.48862 ], [ 2.24806, 6.48862 ], [ 2.24833, 6.48826 ], [ 2.24715, 6.48744 ], [ 2.24679, 6.48654 ], [ 2.24589, 6.48744 ], [ 2.24598, 6.48789 ], [ 2.2448, 6.48825 ], [ 2.24417, 6.48898 ], [ 2.24408, 6.4897 ], [ 2.24317, 6.4897 ], [ 2.24435, 6.48843 ], [ 2.24435, 6.48789 ], [ 2.24507, 6.48762 ], [ 2.24517, 6.48717 ], [ 2.24825, 6.48419 ], [ 2.24761, 6.48392 ], [ 2.2477, 6.48419 ], [ 2.24725, 6.48428 ], [ 2.24707, 6.48373 ], [ 2.24779, 6.48374 ], [ 2.24752, 6.48328 ], [ 2.24861, 6.48365 ], [ 2.2487, 6.48138 ], [ 2.24843, 6.48129 ], [ 2.2487, 6.4812 ], [ 2.24807, 6.48111 ], [ 2.24807, 6.48147 ], [ 2.24771, 6.48147 ], [ 2.24789, 6.48057 ], [ 2.24735, 6.48021 ], [ 2.24753, 6.47957 ], [ 2.24708, 6.47975 ], [ 2.24662, 6.47903 ], [ 2.24626, 6.47912 ], [ 2.24599, 6.4803 ], [ 2.24545, 6.48029 ], [ 2.24527, 6.47984 ], [ 2.24481, 6.48084 ], [ 2.24418, 6.48074 ], [ 2.24391, 6.48129 ], [ 2.24309, 6.48147 ], [ 2.24327, 6.48192 ], [ 2.24382, 6.48183 ], [ 2.24372, 6.48319 ], [ 2.24309, 6.48291 ], [ 2.24345, 6.48391 ], [ 2.24219, 6.48273 ], [ 2.24174, 6.48273 ], [ 2.24174, 6.4821 ], [ 2.24083, 6.48237 ], [ 2.24011, 6.48191 ], [ 2.24011, 6.48146 ], [ 2.24156, 6.48183 ], [ 2.24237, 6.48129 ], [ 2.2421, 6.48083 ], [ 2.24074, 6.48128 ], [ 2.24102, 6.48038 ], [ 2.24156, 6.48038 ], [ 2.24156, 6.47984 ], [ 2.24273, 6.48056 ], [ 2.24328, 6.47948 ], [ 2.24364, 6.48065 ], [ 2.24436, 6.47993 ], [ 2.24481, 6.47993 ], [ 2.24454, 6.4793 ], [ 2.24373, 6.47993 ], [ 2.24346, 6.47884 ], [ 2.24391, 6.47812 ], [ 2.24337, 6.4774 ], [ 2.24337, 6.47676 ], [ 2.24265, 6.47613 ], [ 2.24283, 6.47559 ], [ 2.24346, 6.47577 ], [ 2.24356, 6.47504 ], [ 2.24482, 6.47559 ], [ 2.24491, 6.47686 ], [ 2.24437, 6.47658 ], [ 2.2441, 6.47685 ], [ 2.24473, 6.47722 ], [ 2.245, 6.47695 ], [ 2.24518, 6.47749 ], [ 2.24572, 6.4774 ], [ 2.24617, 6.47803 ], [ 2.2469, 6.47758 ], [ 2.24654, 6.47577 ], [ 2.24726, 6.47559 ], [ 2.2478, 6.47623 ], [ 2.24871, 6.47614 ], [ 2.24907, 6.4765 ], [ 2.24898, 6.47777 ], [ 2.24943, 6.47759 ], [ 2.24925, 6.47659 ], [ 2.25034, 6.47614 ], [ 2.2498, 6.47551 ], [ 2.25016, 6.47514 ], [ 2.24989, 6.47469 ], [ 2.24907, 6.47487 ], [ 2.24862, 6.47442 ], [ 2.24871, 6.47523 ], [ 2.24835, 6.47541 ], [ 2.24817, 6.47478 ], [ 2.24763, 6.47496 ], [ 2.24745, 6.47415 ], [ 2.24708, 6.47396 ], [ 2.24699, 6.47451 ], [ 2.24627, 6.47451 ], [ 2.24627, 6.4755 ], [ 2.24582, 6.4755 ], [ 2.24582, 6.47604 ], [ 2.24636, 6.47641 ], [ 2.24554, 6.47622 ], [ 2.24554, 6.47532 ], [ 2.24518, 6.47514 ], [ 2.24591, 6.47487 ], [ 2.24546, 6.4736 ], [ 2.24591, 6.47188 ], [ 2.24528, 6.47116 ], [ 2.246, 6.47052 ], [ 2.24646, 6.47053 ], [ 2.247, 6.47125 ], [ 2.24754, 6.47116 ], [ 2.24718, 6.4717 ], [ 2.24645, 6.47161 ], [ 2.24627, 6.47252 ], [ 2.24772, 6.47197 ], [ 2.24863, 6.47062 ], [ 2.24899, 6.47071 ], [ 2.2489, 6.47125 ], [ 2.24935, 6.47089 ], [ 2.25052, 6.47171 ], [ 2.24998, 6.47234 ], [ 2.25061, 6.47334 ], [ 2.2498, 6.47406 ], [ 2.25052, 6.47397 ], [ 2.25034, 6.47533 ], [ 2.25115, 6.47533 ], [ 2.25124, 6.47578 ], [ 2.25061, 6.4756 ], [ 2.25061, 6.47596 ], [ 2.25124, 6.47668 ], [ 2.25052, 6.47723 ], [ 2.25124, 6.47768 ], [ 2.2507, 6.47786 ], [ 2.25051, 6.47867 ], [ 2.25133, 6.47976 ], [ 2.25096, 6.48003 ], [ 2.25015, 6.47903 ], [ 2.24979, 6.47903 ], [ 2.24997, 6.48039 ], [ 2.24961, 6.48084 ], [ 2.25006, 6.48084 ], [ 2.2506, 6.48175 ], [ 2.25096, 6.48166 ], [ 2.25096, 6.48057 ], [ 2.25133, 6.48057 ], [ 2.2516, 6.48003 ], [ 2.25205, 6.48012 ], [ 2.25223, 6.47958 ], [ 2.25323, 6.47931 ], [ 2.25368, 6.47723 ], [ 2.25314, 6.47705 ], [ 2.25305, 6.4766 ], [ 2.25332, 6.47651 ], [ 2.25395, 6.47723 ], [ 2.25404, 6.47814 ], [ 2.25459, 6.47823 ], [ 2.25422, 6.47759 ], [ 2.25477, 6.47768 ], [ 2.25558, 6.47687 ], [ 2.25622, 6.47678 ], [ 2.25594, 6.47624 ], [ 2.25803, 6.47461 ], [ 2.25821, 6.47398 ], [ 2.25722, 6.47307 ], [ 2.25776, 6.47145 ], [ 2.25695, 6.47126 ], [ 2.25695, 6.47217 ], [ 2.25649, 6.47208 ], [ 2.25649, 6.47154 ], [ 2.25604, 6.47126 ], [ 2.25586, 6.4719 ], [ 2.25532, 6.4719 ], [ 2.25541, 6.47099 ], [ 2.25632, 6.47018 ], [ 2.25577, 6.47018 ], [ 2.25541, 6.47063 ], [ 2.2555, 6.46909 ], [ 2.25478, 6.46873 ], [ 2.25532, 6.4681 ], [ 2.2556, 6.46665 ], [ 2.25496, 6.46647 ], [ 2.25478, 6.46583 ], [ 2.25515, 6.46511 ], [ 2.25461, 6.46457 ], [ 2.25533, 6.46457 ], [ 2.25578, 6.46348 ], [ 2.25497, 6.46267 ], [ 2.2547, 6.46339 ], [ 2.25406, 6.46366 ], [ 2.25443, 6.46276 ], [ 2.25425, 6.46203 ], [ 2.2547, 6.46176 ], [ 2.25407, 6.46149 ], [ 2.25407, 6.46104 ], [ 2.25488, 6.46113 ], [ 2.25525, 6.45986 ], [ 2.25579, 6.46014 ], [ 2.25642, 6.45986 ], [ 2.25597, 6.4595 ], [ 2.25588, 6.45796 ], [ 2.25651, 6.45806 ], [ 2.25651, 6.45778 ], [ 2.25615, 6.45742 ], [ 2.25507, 6.45742 ], [ 2.2538, 6.45796 ], [ 2.25317, 6.45733 ], [ 2.25498, 6.45688 ], [ 2.25588, 6.45579 ], [ 2.25561, 6.45489 ], [ 2.25471, 6.45507 ], [ 2.25471, 6.4548 ], [ 2.25525, 6.45444 ], [ 2.25516, 6.45344 ], [ 2.25562, 6.45335 ], [ 2.25589, 6.45199 ], [ 2.25743, 6.451 ], [ 2.25716, 6.45046 ], [ 2.25752, 6.44992 ], [ 2.25716, 6.44955 ], [ 2.25761, 6.44928 ], [ 2.25734, 6.44892 ], [ 2.25752, 6.44847 ], [ 2.25825, 6.4482 ], [ 2.25816, 6.44856 ], [ 2.25879, 6.44856 ], [ 2.25897, 6.44946 ], [ 2.25852, 6.44965 ], [ 2.25861, 6.44992 ], [ 2.25978, 6.44974 ], [ 2.25978, 6.44938 ], [ 2.25906, 6.44937 ], [ 2.25988, 6.44748 ], [ 2.25988, 6.44675 ], [ 2.25934, 6.44621 ], [ 2.26024, 6.44612 ], [ 2.25988, 6.44576 ], [ 2.26024, 6.44494 ], [ 2.26078, 6.44476 ], [ 2.26069, 6.4444 ], [ 2.26214, 6.44431 ], [ 2.26214, 6.4435 ], [ 2.2616, 6.44395 ], [ 2.26115, 6.44323 ], [ 2.26187, 6.44178 ], [ 2.26233, 6.44178 ], [ 2.26232, 6.44259 ], [ 2.26323, 6.44205 ], [ 2.26368, 6.44287 ], [ 2.26449, 6.44314 ], [ 2.26467, 6.44377 ], [ 2.26549, 6.44387 ], [ 2.26567, 6.44423 ], [ 2.26522, 6.44477 ], [ 2.26576, 6.44495 ], [ 2.26494, 6.44576 ], [ 2.26548, 6.44676 ], [ 2.26648, 6.44667 ], [ 2.26621, 6.44622 ], [ 2.26657, 6.44577 ], [ 2.2663, 6.44549 ], [ 2.2672, 6.44613 ], [ 2.26648, 6.44721 ], [ 2.26567, 6.44685 ], [ 2.26539, 6.44785 ], [ 2.26503, 6.44794 ], [ 2.26485, 6.44766 ], [ 2.26521, 6.44712 ], [ 2.26422, 6.4464 ], [ 2.26386, 6.4454 ], [ 2.26323, 6.44522 ], [ 2.26268, 6.44703 ], [ 2.26159, 6.44712 ], [ 2.26196, 6.44784 ], [ 2.2625, 6.44838 ], [ 2.26322, 6.44829 ], [ 2.2634, 6.44757 ], [ 2.26295, 6.44703 ], [ 2.26331, 6.44685 ], [ 2.26367, 6.44802 ], [ 2.26422, 6.44857 ], [ 2.26611, 6.44893 ], [ 2.26611, 6.44929 ], [ 2.26684, 6.4492 ], [ 2.2662, 6.44884 ], [ 2.26594, 6.44758 ], [ 2.26639, 6.44739 ], [ 2.26657, 6.44776 ], [ 2.26738, 6.44658 ], [ 2.26811, 6.44658 ], [ 2.26766, 6.44486 ], [ 2.26802, 6.44387 ], [ 2.26875, 6.44324 ], [ 2.26829, 6.44215 ], [ 2.26793, 6.44215 ], [ 2.26802, 6.44269 ], [ 2.26712, 6.44323 ], [ 2.26712, 6.44278 ], [ 2.26603, 6.44206 ], [ 2.26631, 6.44142 ], [ 2.26721, 6.44224 ], [ 2.26739, 6.44133 ], [ 2.26676, 6.44034 ], [ 2.26721, 6.43962 ], [ 2.26676, 6.43962 ], [ 2.26667, 6.43898 ], [ 2.26794, 6.43835 ], [ 2.26785, 6.43618 ], [ 2.26722, 6.43618 ], [ 2.26767, 6.43745 ], [ 2.2674, 6.43826 ], [ 2.26685, 6.43808 ], [ 2.26694, 6.43835 ], [ 2.26658, 6.43844 ], [ 2.26667, 6.43753 ], [ 2.26631, 6.43708 ], [ 2.26695, 6.43591 ], [ 2.26912, 6.43618 ], [ 2.26984, 6.43663 ], [ 2.26966, 6.43591 ], [ 2.26993, 6.43582 ], [ 2.26948, 6.43537 ], [ 2.26966, 6.43419 ], [ 2.26858, 6.43437 ], [ 2.26858, 6.43473 ], [ 2.26912, 6.43464 ], [ 2.2693, 6.435 ], [ 2.2683, 6.43546 ], [ 2.26804, 6.43337 ], [ 2.26695, 6.43401 ], [ 2.26677, 6.43328 ], [ 2.26578, 6.43301 ], [ 2.26505, 6.43219 ], [ 2.26614, 6.43247 ], [ 2.26614, 6.43201 ], [ 2.26686, 6.43174 ], [ 2.26722, 6.43274 ], [ 2.26768, 6.43211 ], [ 2.26777, 6.43265 ], [ 2.26867, 6.43274 ], [ 2.26876, 6.43247 ], [ 2.26813, 6.43238 ], [ 2.26804, 6.43175 ], [ 2.26867, 6.43202 ], [ 2.26858, 6.43129 ], [ 2.26939, 6.43166 ], [ 2.27021, 6.43121 ], [ 2.27012, 6.43066 ], [ 2.26985, 6.43093 ], [ 2.26885, 6.43084 ], [ 2.26894, 6.43048 ], [ 2.27012, 6.42985 ], [ 2.27048, 6.42876 ], [ 2.27021, 6.42759 ], [ 2.27094, 6.42867 ], [ 2.27157, 6.42849 ], [ 2.27175, 6.43012 ], [ 2.27211, 6.43003 ], [ 2.2722, 6.42904 ], [ 2.27311, 6.42832 ], [ 2.27265, 6.42913 ], [ 2.27311, 6.42922 ], [ 2.27338, 6.43094 ], [ 2.27374, 6.43058 ], [ 2.27446, 6.43058 ], [ 2.27464, 6.43103 ], [ 2.27536, 6.43112 ], [ 2.27528, 6.43049 ], [ 2.27573, 6.43004 ], [ 2.275, 6.43004 ], [ 2.2751, 6.4294 ], [ 2.27546, 6.42868 ], [ 2.27582, 6.42886 ], [ 2.27618, 6.4285 ], [ 2.27663, 6.42895 ], [ 2.27627, 6.42932 ], [ 2.27582, 6.42922 ], [ 2.276, 6.42986 ], [ 2.27672, 6.42977 ], [ 2.27636, 6.42932 ], [ 2.27709, 6.42932 ], [ 2.27781, 6.42977 ], [ 2.27835, 6.42968 ], [ 2.27835, 6.4304 ], [ 2.27907, 6.4305 ], [ 2.27881, 6.42841 ], [ 2.27953, 6.42832 ], [ 2.2798, 6.42914 ], [ 2.2807, 6.42887 ], [ 2.2808, 6.42688 ], [ 2.28035, 6.42588 ], [ 2.28089, 6.42507 ], [ 2.28116, 6.4257 ], [ 2.28089, 6.42634 ], [ 2.28143, 6.42652 ], [ 2.28116, 6.42706 ], [ 2.28161, 6.42715 ], [ 2.28134, 6.42824 ], [ 2.28288, 6.42824 ], [ 2.28287, 6.4286 ], [ 2.28233, 6.42887 ], [ 2.28152, 6.42869 ], [ 2.28088, 6.42896 ], [ 2.28097, 6.43005 ], [ 2.2817, 6.4305 ], [ 2.28197, 6.42987 ], [ 2.2826, 6.43023 ], [ 2.28224, 6.43086 ], [ 2.2826, 6.43177 ], [ 2.28251, 6.43276 ], [ 2.28314, 6.4334 ], [ 2.28504, 6.43331 ], [ 2.28522, 6.4324 ], [ 2.28567, 6.43259 ], [ 2.28594, 6.43349 ], [ 2.28739, 6.43349 ], [ 2.28757, 6.43395 ], [ 2.28893, 6.43404 ], [ 2.28911, 6.43458 ], [ 2.28947, 6.43449 ], [ 2.28974, 6.43494 ], [ 2.28947, 6.43684 ], [ 2.28992, 6.43702 ], [ 2.29019, 6.4363 ], [ 2.29091, 6.4363 ], [ 2.291, 6.43694 ], [ 2.29064, 6.4373 ], [ 2.29091, 6.43793 ], [ 2.29055, 6.43829 ], [ 2.291, 6.43874 ], [ 2.29163, 6.43847 ], [ 2.29218, 6.43938 ], [ 2.29145, 6.43965 ], [ 2.29109, 6.4392 ], [ 2.29019, 6.43911 ], [ 2.29028, 6.43974 ], [ 2.29082, 6.43956 ], [ 2.29073, 6.44001 ], [ 2.28955, 6.43974 ], [ 2.28855, 6.44118 ], [ 2.28901, 6.44137 ], [ 2.28919, 6.44073 ], [ 2.29, 6.44073 ], [ 2.29009, 6.44037 ], [ 2.29073, 6.44083 ], [ 2.29172, 6.44028 ], [ 2.29118, 6.44173 ], [ 2.2919, 6.44209 ], [ 2.29181, 6.44282 ], [ 2.29244, 6.44273 ], [ 2.29235, 6.44336 ], [ 2.29307, 6.44309 ], [ 2.29271, 6.44399 ], [ 2.29316, 6.44409 ], [ 2.29316, 6.44463 ], [ 2.29235, 6.44408 ], [ 2.29199, 6.44472 ], [ 2.29289, 6.44617 ], [ 2.29325, 6.44608 ], [ 2.29307, 6.44526 ], [ 2.29352, 6.4449 ], [ 2.29416, 6.44526 ], [ 2.29461, 6.44391 ], [ 2.29506, 6.44382 ], [ 2.29497, 6.44427 ], [ 2.29542, 6.44454 ], [ 2.2957, 6.44436 ], [ 2.29542, 6.44373 ], [ 2.29678, 6.44382 ], [ 2.29714, 6.44436 ], [ 2.29769, 6.44427 ], [ 2.29814, 6.44491 ], [ 2.29805, 6.44563 ], [ 2.29714, 6.44463 ], [ 2.29678, 6.44518 ], [ 2.29642, 6.44472 ], [ 2.29606, 6.44499 ], [ 2.29615, 6.44572 ], [ 2.29723, 6.44563 ], [ 2.29741, 6.44653 ], [ 2.29786, 6.44662 ], [ 2.29777, 6.44708 ], [ 2.29877, 6.44699 ], [ 2.2984, 6.44735 ], [ 2.29895, 6.44771 ], [ 2.29886, 6.44844 ], [ 2.29949, 6.44835 ], [ 2.30057, 6.4498 ], [ 2.30066, 6.45016 ], [ 2.30012, 6.45079 ], [ 2.30084, 6.45079 ], [ 2.30039, 6.4516 ], [ 2.30093, 6.45215 ], [ 2.30075, 6.4526 ], [ 2.30147, 6.45305 ], [ 2.30102, 6.45314 ], [ 2.30084, 6.45396 ], [ 2.30039, 6.45378 ], [ 2.30039, 6.45323 ], [ 2.29984, 6.45377 ], [ 2.3002, 6.45423 ], [ 2.30129, 6.45432 ], [ 2.30138, 6.45468 ], [ 2.30093, 6.45459 ], [ 2.30111, 6.45577 ], [ 2.30156, 6.45595 ], [ 2.3012, 6.4564 ], [ 2.30201, 6.45613 ], [ 2.3021, 6.45559 ], [ 2.30174, 6.4555 ], [ 2.30147, 6.45468 ], [ 2.30183, 6.45459 ], [ 2.30192, 6.45314 ], [ 2.30256, 6.45305 ], [ 2.3031, 6.4536 ], [ 2.3031, 6.45432 ], [ 2.30265, 6.4545 ], [ 2.30265, 6.45369 ], [ 2.30229, 6.4536 ], [ 2.30219, 6.45441 ], [ 2.30265, 6.45486 ], [ 2.30346, 6.45441 ], [ 2.30436, 6.45541 ], [ 2.30427, 6.45568 ], [ 2.30373, 6.4555 ], [ 2.30364, 6.4564 ], [ 2.30472, 6.45767 ], [ 2.30382, 6.45812 ], [ 2.30373, 6.45857 ], [ 2.30427, 6.4583 ], [ 2.30445, 6.45903 ], [ 2.30508, 6.45921 ], [ 2.30571, 6.4612 ], [ 2.30634, 6.46184 ], [ 2.30625, 6.46256 ], [ 2.30661, 6.46283 ], [ 2.3077, 6.46265 ], [ 2.30661, 6.46355 ], [ 2.30688, 6.46401 ], [ 2.30661, 6.46527 ], [ 2.30769, 6.4669 ], [ 2.30842, 6.4669 ], [ 2.30751, 6.46808 ], [ 2.30787, 6.46853 ], [ 2.30814, 6.46772 ], [ 2.30851, 6.46754 ], [ 2.30878, 6.46781 ], [ 2.30887, 6.46835 ], [ 2.30832, 6.46926 ], [ 2.30914, 6.47016 ], [ 2.3085, 6.47025 ], [ 2.30832, 6.47098 ], [ 2.30742, 6.47088 ], [ 2.30733, 6.47134 ], [ 2.3085, 6.47134 ], [ 2.30904, 6.47098 ], [ 2.30922, 6.47152 ], [ 2.3085, 6.47215 ], [ 2.30814, 6.47206 ], [ 2.30796, 6.4726 ], [ 2.30823, 6.47278 ], [ 2.30868, 6.47224 ], [ 2.30977, 6.47206 ], [ 2.30994, 6.47442 ], [ 2.31049, 6.47442 ], [ 2.3104, 6.47487 ], [ 2.30985, 6.47478 ], [ 2.30931, 6.47541 ], [ 2.31039, 6.47668 ], [ 2.31039, 6.47704 ], [ 2.30949, 6.47731 ], [ 2.31039, 6.47758 ], [ 2.31048, 6.47803 ], [ 2.31003, 6.47803 ], [ 2.31021, 6.47876 ], [ 2.30976, 6.47948 ], [ 2.31039, 6.47921 ], [ 2.31057, 6.47984 ], [ 2.31012, 6.48084 ], [ 2.31039, 6.48147 ], [ 2.31002, 6.48211 ], [ 2.30948, 6.48201 ], [ 2.3093, 6.48256 ], [ 2.30939, 6.48301 ], [ 2.31048, 6.48328 ], [ 2.3112, 6.48455 ], [ 2.3111, 6.486 ], [ 2.31074, 6.48591 ], [ 2.31056, 6.48527 ], [ 2.31011, 6.48527 ], [ 2.31029, 6.48627 ], [ 2.31083, 6.48627 ], [ 2.31056, 6.48699 ], [ 2.31128, 6.48763 ], [ 2.31101, 6.48862 ], [ 2.31083, 6.48835 ], [ 2.3102, 6.48853 ], [ 2.31029, 6.48907 ], [ 2.31092, 6.48916 ], [ 2.31047, 6.48943 ], [ 2.31083, 6.48998 ], [ 2.31019, 6.49088 ], [ 2.31019, 6.4917 ], [ 2.31092, 6.49133 ], [ 2.31137, 6.4917 ], [ 2.3111, 6.49215 ], [ 2.31064, 6.49206 ], [ 2.31046, 6.4935 ], [ 2.30992, 6.49387 ], [ 2.31046, 6.49477 ], [ 2.30955, 6.49613 ], [ 2.30919, 6.49631 ], [ 2.30847, 6.49594 ], [ 2.30856, 6.49495 ], [ 2.30802, 6.49504 ], [ 2.30811, 6.49549 ], [ 2.30765, 6.49594 ], [ 2.3072, 6.49594 ], [ 2.30765, 6.49649 ], [ 2.3072, 6.49712 ], [ 2.3072, 6.4982 ], [ 2.30666, 6.49848 ], [ 2.30702, 6.49875 ], [ 2.30756, 6.49821 ], [ 2.30774, 6.49857 ], [ 2.30711, 6.49938 ], [ 2.30656, 6.49929 ], [ 2.3062, 6.49847 ], [ 2.30457, 6.49865 ], [ 2.30458, 6.49775 ], [ 2.30376, 6.49775 ], [ 2.30376, 6.49838 ], [ 2.30313, 6.49847 ], [ 2.30286, 6.4982 ], [ 2.30295, 6.4972 ], [ 2.30349, 6.49766 ], [ 2.30367, 6.49711 ], [ 2.30268, 6.49675 ], [ 2.30277, 6.49621 ], [ 2.30331, 6.49594 ], [ 2.30268, 6.49521 ], [ 2.30232, 6.49521 ], [ 2.30214, 6.49576 ], [ 2.30033, 6.49711 ], [ 2.30042, 6.49774 ], [ 2.2996, 6.4981 ], [ 2.29951, 6.49865 ], [ 2.29942, 6.49838 ], [ 2.29906, 6.49865 ], [ 2.29915, 6.49946 ], [ 2.29842, 6.50036 ], [ 2.29887, 6.50082 ], [ 2.29887, 6.50217 ], [ 2.29851, 6.5029 ], [ 2.29779, 6.50208 ], [ 2.29751, 6.50308 ], [ 2.29715, 6.50271 ], [ 2.2967, 6.50317 ], [ 2.29616, 6.50298 ], [ 2.29561, 6.50389 ], [ 2.29597, 6.50452 ], [ 2.29616, 6.5038 ], [ 2.29652, 6.50371 ], [ 2.2967, 6.50461 ], [ 2.29661, 6.50579 ], [ 2.29525, 6.50696 ], [ 2.29561, 6.50778 ], [ 2.29715, 6.5076 ], [ 2.29733, 6.5067 ], [ 2.29769, 6.5067 ], [ 2.29778, 6.5076 ], [ 2.2985, 6.50814 ], [ 2.29796, 6.50869 ], [ 2.29751, 6.50832 ], [ 2.29805, 6.50832 ], [ 2.29769, 6.50778 ], [ 2.29696, 6.50814 ], [ 2.29787, 6.50968 ], [ 2.2975, 6.51059 ], [ 2.29723, 6.51049 ], [ 2.29732, 6.50923 ], [ 2.29597, 6.50941 ] ], [ [ 2.28828, 6.5094 ], [ 2.28755, 6.50931 ], [ 2.28593, 6.51003 ], [ 2.28566, 6.5093 ], [ 2.28602, 6.50921 ], [ 2.28647, 6.50967 ], [ 2.28665, 6.50912 ], [ 2.28746, 6.50903 ], [ 2.28719, 6.50849 ], [ 2.28765, 6.50786 ], [ 2.28846, 6.50795 ], [ 2.28846, 6.50876 ], [ 2.28909, 6.50867 ], [ 2.29, 6.50985 ], [ 2.28954, 6.50994 ], [ 2.289, 6.50931 ], [ 2.28909, 6.51039 ], [ 2.28873, 6.51048 ], [ 2.28819, 6.51021 ], [ 2.28828, 6.5094 ] ], [ [ 2.30999, 6.50753 ], [ 2.31126, 6.50753 ], [ 2.31153, 6.50699 ], [ 2.3118, 6.50699 ], [ 2.31171, 6.5078 ], [ 2.31116, 6.50843 ], [ 2.31017, 6.50825 ], [ 2.30972, 6.5087 ], [ 2.30927, 6.50825 ], [ 2.30999, 6.50753 ] ], [ [ 2.26205, 6.50737 ], [ 2.26214, 6.50674 ], [ 2.26178, 6.50628 ], [ 2.26214, 6.50619 ], [ 2.26305, 6.50719 ], [ 2.26377, 6.50737 ], [ 2.26296, 6.50674 ], [ 2.26287, 6.50601 ], [ 2.26486, 6.50602 ], [ 2.26594, 6.5071 ], [ 2.26603, 6.50801 ], [ 2.26558, 6.50837 ], [ 2.26522, 6.50764 ], [ 2.26467, 6.50782 ], [ 2.2644, 6.50737 ], [ 2.26395, 6.50737 ], [ 2.26422, 6.50837 ], [ 2.26377, 6.50809 ], [ 2.26331, 6.50837 ], [ 2.26332, 6.50773 ], [ 2.26205, 6.50737 ] ], [ [ 2.28448, 6.50568 ], [ 2.28412, 6.50604 ], [ 2.28349, 6.50559 ], [ 2.28286, 6.50568 ], [ 2.28241, 6.5045 ], [ 2.28186, 6.50405 ], [ 2.28205, 6.50369 ], [ 2.28331, 6.5036 ], [ 2.28322, 6.50459 ], [ 2.28367, 6.50478 ], [ 2.28449, 6.50433 ], [ 2.28467, 6.50532 ], [ 2.28566, 6.50586 ], [ 2.28548, 6.5065 ], [ 2.28466, 6.50713 ], [ 2.28466, 6.50785 ], [ 2.2843, 6.50758 ], [ 2.28448, 6.50568 ] ], [ [ 2.2313, 6.50343 ], [ 2.23347, 6.50307 ], [ 2.23347, 6.50262 ], [ 2.23402, 6.50271 ], [ 2.23411, 6.50353 ], [ 2.23356, 6.50389 ], [ 2.2332, 6.50353 ], [ 2.23193, 6.50371 ], [ 2.23211, 6.50488 ], [ 2.23139, 6.5047 ], [ 2.23175, 6.50443 ], [ 2.2313, 6.50343 ] ], [ [ 2.22958, 6.50343 ], [ 2.22931, 6.50307 ], [ 2.23013, 6.50298 ], [ 2.23004, 6.50235 ], [ 2.22977, 6.50234 ], [ 2.23013, 6.50198 ], [ 2.23103, 6.50235 ], [ 2.23049, 6.50289 ], [ 2.23094, 6.50325 ], [ 2.23076, 6.50379 ], [ 2.23121, 6.5037 ], [ 2.2313, 6.50416 ], [ 2.23049, 6.50425 ], [ 2.23067, 6.5037 ], [ 2.22958, 6.50343 ] ], [ [ 2.26794, 6.50303 ], [ 2.26758, 6.50222 ], [ 2.26721, 6.50213 ], [ 2.26703, 6.50258 ], [ 2.26658, 6.50222 ], [ 2.26604, 6.50231 ], [ 2.26586, 6.50059 ], [ 2.26622, 6.50068 ], [ 2.26622, 6.50131 ], [ 2.26721, 6.50113 ], [ 2.26748, 6.50204 ], [ 2.26812, 6.5024 ], [ 2.26884, 6.50168 ], [ 2.26957, 6.50195 ], [ 2.26929, 6.50295 ], [ 2.26875, 6.50276 ], [ 2.26748, 6.50385 ], [ 2.26694, 6.50321 ], [ 2.26703, 6.50285 ], [ 2.26794, 6.50303 ] ], [ [ 2.24171, 6.50263 ], [ 2.24062, 6.50318 ], [ 2.24035, 6.50218 ], [ 2.24008, 6.50236 ], [ 2.24017, 6.50336 ], [ 2.23899, 6.50308 ], [ 2.23899, 6.50245 ], [ 2.23836, 6.50272 ], [ 2.23845, 6.50218 ], [ 2.23899, 6.502 ], [ 2.2389, 6.50073 ], [ 2.23981, 6.501 ], [ 2.24026, 6.50046 ], [ 2.23999, 6.49983 ], [ 2.24026, 6.49865 ], [ 2.24108, 6.49929 ], [ 2.2418, 6.49929 ], [ 2.24198, 6.49992 ], [ 2.24261, 6.49974 ], [ 2.24298, 6.5001 ], [ 2.24216, 6.50037 ], [ 2.24234, 6.50083 ], [ 2.24316, 6.50028 ], [ 2.24343, 6.50047 ], [ 2.24343, 6.5011 ], [ 2.24306, 6.50137 ], [ 2.24162, 6.50073 ], [ 2.24098, 6.50173 ], [ 2.24125, 6.50209 ], [ 2.24243, 6.502 ], [ 2.24306, 6.50327 ], [ 2.24351, 6.50246 ], [ 2.24397, 6.50264 ], [ 2.24369, 6.50372 ], [ 2.2427, 6.50345 ], [ 2.24171, 6.50263 ] ], [ [ 2.28937, 6.5027 ], [ 2.28992, 6.50234 ], [ 2.28965, 6.5018 ], [ 2.28937, 6.5018 ], [ 2.28955, 6.50243 ], [ 2.28892, 6.50207 ], [ 2.28883, 6.50162 ], [ 2.2882, 6.50225 ], [ 2.28784, 6.50207 ], [ 2.28784, 6.50107 ], [ 2.28847, 6.50135 ], [ 2.28892, 6.50089 ], [ 2.28865, 6.49999 ], [ 2.28829, 6.50008 ], [ 2.28847, 6.50053 ], [ 2.28811, 6.50071 ], [ 2.28712, 6.50017 ], [ 2.28685, 6.49953 ], [ 2.28639, 6.49962 ], [ 2.28639, 6.50026 ], [ 2.28612, 6.50017 ], [ 2.28621, 6.49926 ], [ 2.28513, 6.49944 ], [ 2.28531, 6.49872 ], [ 2.28477, 6.49826 ], [ 2.28594, 6.49781 ], [ 2.28531, 6.49718 ], [ 2.28558, 6.49655 ], [ 2.28622, 6.49664 ], [ 2.28712, 6.49592 ], [ 2.28694, 6.49763 ], [ 2.28739, 6.498 ], [ 2.28848, 6.49764 ], [ 2.28848, 6.49718 ], [ 2.28793, 6.49709 ], [ 2.2883, 6.49646 ], [ 2.28884, 6.49709 ], [ 2.28911, 6.497 ], [ 2.28893, 6.49646 ], [ 2.28974, 6.49691 ], [ 2.28974, 6.49791 ], [ 2.28884, 6.4989 ], [ 2.28829, 6.49809 ], [ 2.28757, 6.49809 ], [ 2.28757, 6.49845 ], [ 2.2882, 6.49899 ], [ 2.28929, 6.49899 ], [ 2.28965, 6.49936 ], [ 2.28965, 6.49981 ], [ 2.2892, 6.49981 ], [ 2.28938, 6.50071 ], [ 2.28983, 6.50089 ], [ 2.28965, 6.50162 ], [ 2.29109, 6.50262 ], [ 2.29073, 6.50316 ], [ 2.29046, 6.5028 ], [ 2.28983, 6.50289 ], [ 2.2901, 6.50334 ], [ 2.28946, 6.50379 ], [ 2.28982, 6.50316 ], [ 2.28937, 6.5027 ] ], [ [ 2.26052, 6.50221 ], [ 2.26215, 6.50013 ], [ 2.26251, 6.50022 ], [ 2.26251, 6.50104 ], [ 2.26278, 6.50113 ], [ 2.26342, 6.50068 ], [ 2.26405, 6.50095 ], [ 2.2645, 6.50032 ], [ 2.26514, 6.50068 ], [ 2.26477, 6.50149 ], [ 2.2645, 6.50122 ], [ 2.26305, 6.5014 ], [ 2.26314, 6.50249 ], [ 2.2626, 6.50312 ], [ 2.26169, 6.50357 ], [ 2.26079, 6.50311 ], [ 2.26052, 6.50221 ] ], [ [ 2.31633, 6.50156 ], [ 2.31642, 6.50084 ], [ 2.3157, 6.50057 ], [ 2.31687, 6.50021 ], [ 2.31823, 6.50184 ], [ 2.31633, 6.50156 ] ], [ [ 2.23239, 6.50081 ], [ 2.23176, 6.50117 ], [ 2.23122, 6.50072 ], [ 2.23185, 6.50036 ], [ 2.23158, 6.49991 ], [ 2.23104, 6.49999 ], [ 2.23149, 6.499 ], [ 2.2323, 6.49882 ], [ 2.23194, 6.49936 ], [ 2.23266, 6.49973 ], [ 2.2323, 6.50045 ], [ 2.23339, 6.5009 ], [ 2.23339, 6.50126 ], [ 2.23275, 6.50117 ], [ 2.23302, 6.50163 ], [ 2.23266, 6.50163 ], [ 2.23239, 6.50081 ] ], [ [ 2.23049, 6.50017 ], [ 2.2304, 6.49981 ], [ 2.23004, 6.4999 ], [ 2.23004, 6.49855 ], [ 2.2295, 6.49864 ], [ 2.22959, 6.49918 ], [ 2.22887, 6.49891 ], [ 2.22841, 6.49927 ], [ 2.22751, 6.4989 ], [ 2.22769, 6.49827 ], [ 2.22851, 6.49809 ], [ 2.22887, 6.49872 ], [ 2.22842, 6.49746 ], [ 2.22769, 6.49818 ], [ 2.2276, 6.49746 ], [ 2.22914, 6.4971 ], [ 2.22932, 6.49583 ], [ 2.22969, 6.49565 ], [ 2.22969, 6.49529 ], [ 2.22932, 6.49538 ], [ 2.22933, 6.49456 ], [ 2.23068, 6.49411 ], [ 2.2324, 6.4943 ], [ 2.23267, 6.49466 ], [ 2.23213, 6.49593 ], [ 2.2324, 6.49611 ], [ 2.23249, 6.49565 ], [ 2.23285, 6.49556 ], [ 2.23258, 6.4952 ], [ 2.23294, 6.4952 ], [ 2.23294, 6.49593 ], [ 2.23258, 6.49602 ], [ 2.23222, 6.49692 ], [ 2.23176, 6.49683 ], [ 2.23204, 6.4962 ], [ 2.23168, 6.49611 ], [ 2.23122, 6.49656 ], [ 2.23032, 6.49782 ], [ 2.23113, 6.49882 ], [ 2.23058, 6.49972 ], [ 2.23085, 6.50027 ], [ 2.23013, 6.50072 ], [ 2.22986, 6.49999 ], [ 2.23049, 6.50017 ] ], [ [ 2.30087, 6.49892 ], [ 2.30086, 6.49973 ], [ 2.30222, 6.4991 ], [ 2.30322, 6.49938 ], [ 2.30322, 6.49965 ], [ 2.30267, 6.50028 ], [ 2.30159, 6.50001 ], [ 2.30068, 6.50064 ], [ 2.29933, 6.50082 ], [ 2.29951, 6.49928 ], [ 2.30087, 6.49892 ] ], [ [ 2.24994, 6.49948 ], [ 2.24913, 6.49984 ], [ 2.24922, 6.50038 ], [ 2.24867, 6.50038 ], [ 2.24859, 6.49894 ], [ 2.24904, 6.4983 ], [ 2.24976, 6.49821 ], [ 2.24985, 6.49713 ], [ 2.2504, 6.49722 ], [ 2.25076, 6.49803 ], [ 2.25021, 6.49794 ], [ 2.24994, 6.49948 ] ], [ [ 2.2513, 6.49831 ], [ 2.25157, 6.49804 ], [ 2.25148, 6.49659 ], [ 2.25311, 6.49641 ], [ 2.25284, 6.4955 ], [ 2.2523, 6.49568 ], [ 2.25185, 6.49505 ], [ 2.25257, 6.49487 ], [ 2.25302, 6.49541 ], [ 2.25329, 6.49487 ], [ 2.25456, 6.49469 ], [ 2.25429, 6.49614 ], [ 2.25474, 6.49732 ], [ 2.25383, 6.49731 ], [ 2.25356, 6.49686 ], [ 2.25293, 6.49749 ], [ 2.25284, 6.49704 ], [ 2.25248, 6.49704 ], [ 2.2523, 6.49758 ], [ 2.25175, 6.49731 ], [ 2.25193, 6.49849 ], [ 2.2513, 6.49849 ], [ 2.2513, 6.49903 ], [ 2.25193, 6.49903 ], [ 2.25166, 6.49939 ], [ 2.25094, 6.4993 ], [ 2.25094, 6.49812 ], [ 2.2513, 6.49831 ] ], [ [ 2.30982, 6.49794 ], [ 2.30892, 6.49766 ], [ 2.30892, 6.49649 ], [ 2.3091, 6.49712 ], [ 2.30991, 6.49739 ], [ 2.31045, 6.4983 ], [ 2.30991, 6.49929 ], [ 2.30946, 6.49902 ], [ 2.30982, 6.49794 ] ], [ [ 2.2238, 6.49836 ], [ 2.22408, 6.49727 ], [ 2.22435, 6.49718 ], [ 2.22462, 6.49781 ], [ 2.22552, 6.49736 ], [ 2.22579, 6.49772 ], [ 2.22561, 6.49836 ], [ 2.22507, 6.4979 ], [ 2.2248, 6.49836 ], [ 2.22444, 6.49827 ], [ 2.22444, 6.49854 ], [ 2.22552, 6.4989 ], [ 2.2238, 6.49836 ] ], [ [ 2.26559, 6.49851 ], [ 2.26595, 6.49797 ], [ 2.2665, 6.49788 ], [ 2.26641, 6.49733 ], [ 2.26713, 6.49706 ], [ 2.26695, 6.49589 ], [ 2.26758, 6.49607 ], [ 2.26758, 6.49544 ], [ 2.26804, 6.49516 ], [ 2.26713, 6.49471 ], [ 2.26713, 6.49408 ], [ 2.26677, 6.49435 ], [ 2.26677, 6.49371 ], [ 2.26723, 6.49353 ], [ 2.26795, 6.49399 ], [ 2.26903, 6.49372 ], [ 2.26931, 6.49408 ], [ 2.27003, 6.49281 ], [ 2.27048, 6.49273 ], [ 2.27039, 6.49363 ], [ 2.26958, 6.49417 ], [ 2.2703, 6.49426 ], [ 2.27003, 6.49499 ], [ 2.27075, 6.49544 ], [ 2.26985, 6.49607 ], [ 2.27048, 6.49707 ], [ 2.26948, 6.49661 ], [ 2.26912, 6.49679 ], [ 2.2693, 6.49716 ], [ 2.26975, 6.49698 ], [ 2.26948, 6.49752 ], [ 2.26966, 6.49824 ], [ 2.26939, 6.49842 ], [ 2.26867, 6.49797 ], [ 2.26858, 6.49688 ], [ 2.2674, 6.49706 ], [ 2.26631, 6.49869 ], [ 2.26595, 6.49824 ], [ 2.26559, 6.49851 ] ], [ [ 2.2437, 6.49667 ], [ 2.2447, 6.49558 ], [ 2.24353, 6.49531 ], [ 2.24353, 6.49449 ], [ 2.24479, 6.49459 ], [ 2.24488, 6.49513 ], [ 2.24524, 6.49504 ], [ 2.24479, 6.49576 ], [ 2.24488, 6.4964 ], [ 2.24524, 6.49631 ], [ 2.24533, 6.49558 ], [ 2.24597, 6.49577 ], [ 2.24587, 6.49667 ], [ 2.24515, 6.49685 ], [ 2.24533, 6.49748 ], [ 2.24488, 6.49748 ], [ 2.24488, 6.49658 ], [ 2.2437, 6.49667 ] ], [ [ 2.23901, 6.49376 ], [ 2.24064, 6.49214 ], [ 2.24091, 6.49223 ], [ 2.24082, 6.49286 ], [ 2.24163, 6.49314 ], [ 2.24054, 6.49431 ], [ 2.24054, 6.49485 ], [ 2.23982, 6.49458 ], [ 2.23973, 6.49368 ], [ 2.23901, 6.49376 ] ], [ [ 2.25547, 6.49325 ], [ 2.25456, 6.49315 ], [ 2.25447, 6.49207 ], [ 2.2552, 6.49198 ], [ 2.25502, 6.49261 ], [ 2.25583, 6.49243 ], [ 2.25619, 6.49289 ], [ 2.25583, 6.49334 ], [ 2.25592, 6.49397 ], [ 2.25673, 6.4937 ], [ 2.25682, 6.49406 ], [ 2.25592, 6.4946 ], [ 2.25547, 6.49325 ] ], [ [ 2.25004, 6.49405 ], [ 2.25004, 6.49342 ], [ 2.24959, 6.49315 ], [ 2.24868, 6.49351 ], [ 2.24823, 6.4926 ], [ 2.2495, 6.49278 ], [ 2.2504, 6.49242 ], [ 2.2505, 6.49134 ], [ 2.25131, 6.49107 ], [ 2.25068, 6.4908 ], [ 2.25095, 6.49034 ], [ 2.25167, 6.49062 ], [ 2.25176, 6.49152 ], [ 2.25249, 6.49125 ], [ 2.25267, 6.4917 ], [ 2.25194, 6.49188 ], [ 2.25113, 6.49279 ], [ 2.25013, 6.49288 ], [ 2.25031, 6.49351 ], [ 2.25049, 6.49315 ], [ 2.25122, 6.49351 ], [ 2.25094, 6.49414 ], [ 2.25049, 6.49369 ], [ 2.25004, 6.49405 ] ], [ [ 2.23295, 6.48851 ], [ 2.23331, 6.48851 ], [ 2.23332, 6.48797 ], [ 2.23377, 6.48797 ], [ 2.23404, 6.48815 ], [ 2.2334, 6.49032 ], [ 2.23349, 6.49086 ], [ 2.23403, 6.49104 ], [ 2.23286, 6.49122 ], [ 2.23295, 6.48851 ] ], [ [ 2.26126, 6.48991 ], [ 2.26108, 6.48864 ], [ 2.26217, 6.48828 ], [ 2.26289, 6.48873 ], [ 2.26343, 6.48846 ], [ 2.26352, 6.48882 ], [ 2.2628, 6.48928 ], [ 2.26307, 6.48982 ], [ 2.26253, 6.49054 ], [ 2.26226, 6.48991 ], [ 2.26126, 6.48991 ] ], [ [ 2.31156, 6.48392 ], [ 2.3121, 6.48365 ], [ 2.31237, 6.48573 ], [ 2.31182, 6.4888 ], [ 2.31155, 6.48871 ], [ 2.31156, 6.48392 ] ], [ [ 2.28443, 6.48352 ], [ 2.28388, 6.48315 ], [ 2.28379, 6.48261 ], [ 2.28461, 6.48243 ], [ 2.28452, 6.48162 ], [ 2.28488, 6.48216 ], [ 2.28542, 6.48207 ], [ 2.28506, 6.4827 ], [ 2.28533, 6.48325 ], [ 2.28596, 6.48271 ], [ 2.28633, 6.48289 ], [ 2.28551, 6.48406 ], [ 2.28488, 6.4837 ], [ 2.28515, 6.48415 ], [ 2.28451, 6.48442 ], [ 2.28406, 6.48397 ], [ 2.28443, 6.48352 ] ], [ [ 2.31066, 6.47876 ], [ 2.31184, 6.47831 ], [ 2.31202, 6.4793 ], [ 2.31166, 6.48012 ], [ 2.31193, 6.48021 ], [ 2.31174, 6.48084 ], [ 2.31211, 6.48157 ], [ 2.31174, 6.48238 ], [ 2.31138, 6.4822 ], [ 2.31066, 6.47876 ] ], [ [ 2.31067, 6.47668 ], [ 2.31067, 6.47396 ], [ 2.31157, 6.47478 ], [ 2.31193, 6.47659 ], [ 2.31157, 6.47776 ], [ 2.31067, 6.47668 ] ], [ [ 2.25441, 6.47452 ], [ 2.25504, 6.47434 ], [ 2.25532, 6.47361 ], [ 2.25586, 6.47362 ], [ 2.25568, 6.47515 ], [ 2.25468, 6.47524 ], [ 2.25531, 6.47597 ], [ 2.25513, 6.47651 ], [ 2.25477, 6.4766 ], [ 2.25441, 6.47452 ] ], [ [ 2.23985, 6.47495 ], [ 2.23931, 6.47431 ], [ 2.23912, 6.47486 ], [ 2.23867, 6.47495 ], [ 2.23867, 6.47413 ], [ 2.23813, 6.47413 ], [ 2.23831, 6.4735 ], [ 2.23958, 6.4735 ], [ 2.24021, 6.47314 ], [ 2.2403, 6.47432 ], [ 2.24102, 6.47423 ], [ 2.24129, 6.47495 ], [ 2.24066, 6.47631 ], [ 2.24066, 6.47567 ], [ 2.23976, 6.47531 ], [ 2.23985, 6.47495 ] ], [ [ 2.22827, 6.47303 ], [ 2.22891, 6.4733 ], [ 2.22854, 6.47376 ], [ 2.22836, 6.47357 ], [ 2.22845, 6.47394 ], [ 2.22918, 6.47376 ], [ 2.22918, 6.47294 ], [ 2.22972, 6.47321 ], [ 2.22927, 6.47457 ], [ 2.22845, 6.47466 ], [ 2.228, 6.47394 ], [ 2.22827, 6.47303 ] ], [ [ 2.3113, 6.47306 ], [ 2.3104, 6.47297 ], [ 2.31103, 6.47116 ], [ 2.31013, 6.47134 ], [ 2.30932, 6.46926 ], [ 2.30986, 6.46872 ], [ 2.31077, 6.46899 ], [ 2.31086, 6.46998 ], [ 2.31158, 6.47089 ], [ 2.3114, 6.4717 ], [ 2.31176, 6.47198 ], [ 2.31157, 6.47333 ], [ 2.31184, 6.47378 ], [ 2.31139, 6.47406 ], [ 2.3113, 6.47306 ] ], [ [ 2.25251, 6.47189 ], [ 2.25188, 6.47207 ], [ 2.25152, 6.47153 ], [ 2.25107, 6.47252 ], [ 2.25061, 6.4727 ], [ 2.25116, 6.47071 ], [ 2.25179, 6.47044 ], [ 2.25243, 6.47081 ], [ 2.25242, 6.47126 ], [ 2.25188, 6.47117 ], [ 2.25188, 6.47162 ], [ 2.25333, 6.47153 ], [ 2.25279, 6.47198 ], [ 2.25342, 6.47307 ], [ 2.25315, 6.47343 ], [ 2.25269, 6.47316 ], [ 2.25251, 6.47189 ] ], [ [ 2.24836, 6.46971 ], [ 2.24809, 6.47017 ], [ 2.24745, 6.46989 ], [ 2.24682, 6.47035 ], [ 2.24691, 6.46989 ], [ 2.24628, 6.46971 ], [ 2.24628, 6.46944 ], [ 2.24682, 6.46971 ], [ 2.247, 6.46908 ], [ 2.24619, 6.46872 ], [ 2.24619, 6.46944 ], [ 2.24546, 6.46989 ], [ 2.24574, 6.46908 ], [ 2.2451, 6.46853 ], [ 2.2461, 6.46881 ], [ 2.24628, 6.46835 ], [ 2.24673, 6.46835 ], [ 2.24709, 6.46872 ], [ 2.24818, 6.46772 ], [ 2.24863, 6.46781 ], [ 2.24908, 6.46827 ], [ 2.248, 6.46926 ], [ 2.24818, 6.46971 ], [ 2.24872, 6.46908 ], [ 2.2499, 6.46899 ], [ 2.2499, 6.46836 ], [ 2.24945, 6.46782 ], [ 2.25053, 6.46727 ], [ 2.25026, 6.46782 ], [ 2.25089, 6.46836 ], [ 2.25053, 6.46899 ], [ 2.25116, 6.46999 ], [ 2.25071, 6.47008 ], [ 2.25008, 6.46908 ], [ 2.24962, 6.47053 ], [ 2.24836, 6.46971 ] ], [ [ 2.29033, 6.46878 ], [ 2.28978, 6.46833 ], [ 2.28987, 6.46778 ], [ 2.29051, 6.46787 ], [ 2.2906, 6.46724 ], [ 2.29132, 6.46688 ], [ 2.29123, 6.46625 ], [ 2.29169, 6.46625 ], [ 2.29168, 6.46688 ], [ 2.29205, 6.46697 ], [ 2.29114, 6.46769 ], [ 2.29114, 6.46887 ], [ 2.28996, 6.46923 ], [ 2.28978, 6.46869 ], [ 2.29033, 6.46878 ] ], [ [ 2.30869, 6.4651 ], [ 2.3077, 6.46473 ], [ 2.30734, 6.46419 ], [ 2.30734, 6.46365 ], [ 2.30806, 6.46329 ], [ 2.30815, 6.46283 ], [ 2.30897, 6.46283 ], [ 2.30969, 6.46392 ], [ 2.30951, 6.46446 ], [ 2.31041, 6.46636 ], [ 2.30959, 6.46682 ], [ 2.31068, 6.467 ], [ 2.3105, 6.46799 ], [ 2.30986, 6.4679 ], [ 2.30941, 6.46826 ], [ 2.30869, 6.4651 ] ], [ [ 2.23344, 6.46689 ], [ 2.23353, 6.46625 ], [ 2.23452, 6.46607 ], [ 2.23461, 6.46671 ], [ 2.23534, 6.46635 ], [ 2.23434, 6.46598 ], [ 2.23425, 6.46562 ], [ 2.23597, 6.46526 ], [ 2.23624, 6.4659 ], [ 2.23588, 6.46608 ], [ 2.23579, 6.46689 ], [ 2.23479, 6.46716 ], [ 2.23416, 6.46716 ], [ 2.23416, 6.4668 ], [ 2.23344, 6.46689 ] ], [ [ 2.22584, 6.46498 ], [ 2.22539, 6.46498 ], [ 2.22548, 6.46434 ], [ 2.22603, 6.46407 ], [ 2.22693, 6.46453 ], [ 2.22684, 6.46543 ], [ 2.22611, 6.46624 ], [ 2.22557, 6.46606 ], [ 2.22584, 6.46498 ] ], [ [ 2.25334, 6.46357 ], [ 2.25298, 6.46339 ], [ 2.25271, 6.46203 ], [ 2.25289, 6.46085 ], [ 2.25362, 6.46131 ], [ 2.25343, 6.46221 ], [ 2.25379, 6.46438 ], [ 2.25316, 6.46429 ], [ 2.25334, 6.46357 ] ], [ [ 2.25354, 6.45027 ], [ 2.25408, 6.45 ], [ 2.25445, 6.44892 ], [ 2.25481, 6.44855 ], [ 2.25508, 6.44901 ], [ 2.2558, 6.44892 ], [ 2.25589, 6.45 ], [ 2.25426, 6.4519 ], [ 2.25408, 6.45271 ], [ 2.25381, 6.45299 ], [ 2.25318, 6.4528 ], [ 2.25354, 6.45371 ], [ 2.2529, 6.45353 ], [ 2.25354, 6.45027 ] ], [ [ 2.23011, 6.45196 ], [ 2.23002, 6.45141 ], [ 2.22966, 6.45195 ], [ 2.22939, 6.45168 ], [ 2.22975, 6.45105 ], [ 2.2303, 6.45105 ], [ 2.23003, 6.45051 ], [ 2.23039, 6.45033 ], [ 2.23066, 6.45087 ], [ 2.23038, 6.45286 ], [ 2.22957, 6.45322 ], [ 2.22921, 6.45295 ], [ 2.2293, 6.45232 ], [ 2.23011, 6.45196 ] ], [ [ 2.22804, 6.44897 ], [ 2.2293, 6.44933 ], [ 2.22912, 6.44861 ], [ 2.22949, 6.44843 ], [ 2.2294, 6.44788 ], [ 2.22867, 6.44779 ], [ 2.22858, 6.44833 ], [ 2.22768, 6.44797 ], [ 2.22831, 6.44716 ], [ 2.22867, 6.44734 ], [ 2.22895, 6.44707 ], [ 2.22877, 6.44653 ], [ 2.2284, 6.44671 ], [ 2.22822, 6.44643 ], [ 2.22859, 6.44553 ], [ 2.2275, 6.44471 ], [ 2.22795, 6.44426 ], [ 2.22814, 6.44282 ], [ 2.22787, 6.44182 ], [ 2.22877, 6.44101 ], [ 2.2276, 6.44046 ], [ 2.22787, 6.43892 ], [ 2.22833, 6.43856 ], [ 2.22706, 6.43793 ], [ 2.22679, 6.43702 ], [ 2.22643, 6.43757 ], [ 2.22534, 6.43684 ], [ 2.22697, 6.43675 ], [ 2.22715, 6.43603 ], [ 2.22652, 6.43585 ], [ 2.22616, 6.43458 ], [ 2.22652, 6.43395 ], [ 2.22725, 6.43422 ], [ 2.22761, 6.43332 ], [ 2.22725, 6.43313 ], [ 2.22634, 6.43358 ], [ 2.22662, 6.43241 ], [ 2.22607, 6.43187 ], [ 2.22671, 6.43169 ], [ 2.22725, 6.43205 ], [ 2.22788, 6.4316 ], [ 2.22689, 6.42915 ], [ 2.22744, 6.42879 ], [ 2.22789, 6.42897 ], [ 2.22807, 6.42834 ], [ 2.22852, 6.42816 ], [ 2.22843, 6.42888 ], [ 2.22906, 6.42907 ], [ 2.22933, 6.42979 ], [ 2.23024, 6.42952 ], [ 2.23105, 6.42988 ], [ 2.23069, 6.43133 ], [ 2.22978, 6.43124 ], [ 2.22942, 6.4306 ], [ 2.22915, 6.43087 ], [ 2.22942, 6.43142 ], [ 2.22924, 6.43241 ], [ 2.22996, 6.43169 ], [ 2.23042, 6.43214 ], [ 2.23005, 6.43395 ], [ 2.23068, 6.43359 ], [ 2.23159, 6.43459 ], [ 2.23222, 6.43332 ], [ 2.2315, 6.43214 ], [ 2.23186, 6.43187 ], [ 2.23159, 6.43133 ], [ 2.23186, 6.43052 ], [ 2.23241, 6.43106 ], [ 2.23204, 6.43206 ], [ 2.23231, 6.43269 ], [ 2.23322, 6.43296 ], [ 2.2334, 6.43251 ], [ 2.23412, 6.43224 ], [ 2.23457, 6.43278 ], [ 2.23439, 6.43314 ], [ 2.23385, 6.43305 ], [ 2.23304, 6.4335 ], [ 2.23285, 6.43441 ], [ 2.23222, 6.43477 ], [ 2.23222, 6.43504 ], [ 2.23285, 6.43513 ], [ 2.23312, 6.43459 ], [ 2.2334, 6.43468 ], [ 2.23367, 6.43495 ], [ 2.2333, 6.43513 ], [ 2.23339, 6.43568 ], [ 2.23258, 6.43558 ], [ 2.2324, 6.43604 ], [ 2.23186, 6.43595 ], [ 2.2314, 6.43631 ], [ 2.23141, 6.43486 ], [ 2.23104, 6.43486 ], [ 2.23095, 6.43441 ], [ 2.23059, 6.43486 ], [ 2.22969, 6.43422 ], [ 2.22906, 6.43422 ], [ 2.22797, 6.43531 ], [ 2.22878, 6.43576 ], [ 2.22887, 6.43522 ], [ 2.22942, 6.43504 ], [ 2.23032, 6.43685 ], [ 2.23059, 6.43685 ], [ 2.2305, 6.4364 ], [ 2.23086, 6.4364 ], [ 2.23104, 6.43676 ], [ 2.23077, 6.43694 ], [ 2.23213, 6.43766 ], [ 2.23167, 6.43812 ], [ 2.23068, 6.43739 ], [ 2.23014, 6.43748 ], [ 2.23068, 6.43884 ], [ 2.23031, 6.43965 ], [ 2.22959, 6.43974 ], [ 2.22968, 6.44047 ], [ 2.23031, 6.44092 ], [ 2.23122, 6.44056 ], [ 2.23149, 6.4411 ], [ 2.23212, 6.44056 ], [ 2.23266, 6.44056 ], [ 2.23266, 6.43957 ], [ 2.2333, 6.43929 ], [ 2.23348, 6.43975 ], [ 2.23303, 6.44011 ], [ 2.23302, 6.44074 ], [ 2.23339, 6.4411 ], [ 2.23375, 6.43993 ], [ 2.23456, 6.43975 ], [ 2.23456, 6.43912 ], [ 2.23493, 6.43903 ], [ 2.23502, 6.43957 ], [ 2.23456, 6.43984 ], [ 2.23492, 6.44111 ], [ 2.23547, 6.44165 ], [ 2.23664, 6.44183 ], [ 2.23691, 6.44238 ], [ 2.23809, 6.44265 ], [ 2.23791, 6.44301 ], [ 2.23673, 6.44274 ], [ 2.23601, 6.44355 ], [ 2.23619, 6.444 ], [ 2.23664, 6.44364 ], [ 2.23745, 6.4441 ], [ 2.23818, 6.44392 ], [ 2.23881, 6.44328 ], [ 2.23881, 6.44274 ], [ 2.23899, 6.44319 ], [ 2.23962, 6.44301 ], [ 2.2398, 6.44347 ], [ 2.23962, 6.44383 ], [ 2.23908, 6.44365 ], [ 2.23763, 6.44482 ], [ 2.23628, 6.44418 ], [ 2.23573, 6.44427 ], [ 2.23582, 6.44473 ], [ 2.23627, 6.44473 ], [ 2.236, 6.44527 ], [ 2.2351, 6.44427 ], [ 2.23456, 6.44427 ], [ 2.23447, 6.44481 ], [ 2.23392, 6.44472 ], [ 2.23419, 6.44635 ], [ 2.23383, 6.44689 ], [ 2.23446, 6.44726 ], [ 2.23365, 6.44843 ], [ 2.23319, 6.44816 ], [ 2.23329, 6.44762 ], [ 2.23265, 6.44735 ], [ 2.23274, 6.44798 ], [ 2.2322, 6.44852 ], [ 2.2322, 6.44933 ], [ 2.23138, 6.4497 ], [ 2.2303, 6.44879 ], [ 2.22958, 6.44933 ], [ 2.22957, 6.45005 ], [ 2.22903, 6.44978 ], [ 2.22867, 6.4506 ], [ 2.2284, 6.45051 ], [ 2.22804, 6.44897 ] ], [ [ 2.26423, 6.44124 ], [ 2.2645, 6.4416 ], [ 2.26432, 6.44224 ], [ 2.26486, 6.44205 ], [ 2.26468, 6.44142 ], [ 2.26414, 6.44115 ], [ 2.26405, 6.44061 ], [ 2.26332, 6.44097 ], [ 2.26305, 6.4406 ], [ 2.26441, 6.44006 ], [ 2.26495, 6.44034 ], [ 2.26459, 6.44124 ], [ 2.26567, 6.44178 ], [ 2.26522, 6.44178 ], [ 2.26522, 6.44224 ], [ 2.26459, 6.44278 ], [ 2.26404, 6.44251 ], [ 2.26423, 6.44124 ] ], [ [ 2.23096, 6.42925 ], [ 2.23141, 6.4288 ], [ 2.23313, 6.42862 ], [ 2.23304, 6.42916 ], [ 2.23232, 6.42916 ], [ 2.23304, 6.43016 ], [ 2.23196, 6.42997 ], [ 2.23096, 6.42925 ] ], [ [ 2.22409, 6.42752 ], [ 2.22472, 6.42752 ], [ 2.22518, 6.42797 ], [ 2.22599, 6.42752 ], [ 2.22608, 6.42653 ], [ 2.22626, 6.4268 ], [ 2.22699, 6.42671 ], [ 2.22726, 6.42771 ], [ 2.22599, 6.4277 ], [ 2.2259, 6.42834 ], [ 2.22499, 6.42806 ], [ 2.22536, 6.42861 ], [ 2.22508, 6.42915 ], [ 2.22409, 6.42752 ] ], [ [ 2.22717, 6.42463 ], [ 2.22808, 6.42418 ], [ 2.22816, 6.42545 ], [ 2.22934, 6.42653 ], [ 2.22916, 6.42698 ], [ 2.22861, 6.4268 ], [ 2.22852, 6.42753 ], [ 2.2278, 6.42744 ], [ 2.22798, 6.42816 ], [ 2.22753, 6.42843 ], [ 2.2278, 6.42526 ], [ 2.22753, 6.42481 ], [ 2.22708, 6.42499 ], [ 2.22645, 6.42454 ], [ 2.22654, 6.42544 ], [ 2.22563, 6.42607 ], [ 2.22536, 6.42526 ], [ 2.22464, 6.42499 ], [ 2.22419, 6.42544 ], [ 2.22436, 6.42616 ], [ 2.22382, 6.42625 ], [ 2.224, 6.42508 ], [ 2.22491, 6.42454 ], [ 2.22581, 6.42499 ], [ 2.226, 6.42409 ], [ 2.22663, 6.424 ], [ 2.22717, 6.42463 ] ], [ [ 2.22509, 6.42336 ], [ 2.22446, 6.42354 ], [ 2.22464, 6.423 ], [ 2.22428, 6.42227 ], [ 2.22482, 6.42227 ], [ 2.22464, 6.42128 ], [ 2.22501, 6.42128 ], [ 2.225, 6.42182 ], [ 2.22537, 6.42191 ], [ 2.22564, 6.42128 ], [ 2.22672, 6.42164 ], [ 2.22781, 6.42092 ], [ 2.22663, 6.42056 ], [ 2.22501, 6.42074 ], [ 2.22492, 6.42046 ], [ 2.22591, 6.42019 ], [ 2.22555, 6.41983 ], [ 2.22655, 6.41965 ], [ 2.22673, 6.4202 ], [ 2.22727, 6.41993 ], [ 2.22754, 6.42074 ], [ 2.22808, 6.42065 ], [ 2.22844, 6.42101 ], [ 2.22871, 6.42092 ], [ 2.22844, 6.4202 ], [ 2.22899, 6.42011 ], [ 2.22953, 6.42065 ], [ 2.22953, 6.41993 ], [ 2.23097, 6.42065 ], [ 2.23106, 6.42138 ], [ 2.23061, 6.42084 ], [ 2.22971, 6.42065 ], [ 2.22971, 6.42092 ], [ 2.22935, 6.42083 ], [ 2.22935, 6.42156 ], [ 2.2288, 6.4211 ], [ 2.22817, 6.42156 ], [ 2.22844, 6.4221 ], [ 2.22754, 6.4221 ], [ 2.22727, 6.42155 ], [ 2.22717, 6.42246 ], [ 2.226, 6.42264 ], [ 2.22564, 6.42218 ], [ 2.22491, 6.42236 ], [ 2.22491, 6.42282 ], [ 2.22699, 6.42282 ], [ 2.22699, 6.42318 ], [ 2.226, 6.42399 ], [ 2.22509, 6.42336 ] ], [ [ 2.27076, 6.42786 ], [ 2.27058, 6.42705 ], [ 2.27003, 6.4275 ], [ 2.27004, 6.42677 ], [ 2.27103, 6.42677 ], [ 2.27175, 6.42578 ], [ 2.27176, 6.42506 ], [ 2.27293, 6.42433 ], [ 2.27311, 6.42506 ], [ 2.2723, 6.4256 ], [ 2.27239, 6.42678 ], [ 2.27202, 6.42696 ], [ 2.27248, 6.42759 ], [ 2.27184, 6.42777 ], [ 2.27166, 6.42831 ], [ 2.27121, 6.42768 ], [ 2.27076, 6.42786 ] ], [ [ 2.27392, 6.42741 ], [ 2.2742, 6.42642 ], [ 2.27311, 6.42669 ], [ 2.27275, 6.42623 ], [ 2.2732, 6.42614 ], [ 2.27311, 6.42551 ], [ 2.27365, 6.42524 ], [ 2.27366, 6.42479 ], [ 2.27302, 6.42452 ], [ 2.2732, 6.42397 ], [ 2.27284, 6.42415 ], [ 2.27257, 6.42388 ], [ 2.27293, 6.42325 ], [ 2.27212, 6.42334 ], [ 2.2723, 6.42298 ], [ 2.27185, 6.4228 ], [ 2.27185, 6.42243 ], [ 2.27203, 6.4218 ], [ 2.27276, 6.4218 ], [ 2.27312, 6.42144 ], [ 2.27303, 6.42244 ], [ 2.27357, 6.42216 ], [ 2.27357, 6.42135 ], [ 2.27276, 6.42099 ], [ 2.27258, 6.42035 ], [ 2.27321, 6.42008 ], [ 2.27366, 6.42081 ], [ 2.27411, 6.42072 ], [ 2.27375, 6.41972 ], [ 2.27321, 6.41972 ], [ 2.27276, 6.41864 ], [ 2.27258, 6.41882 ], [ 2.27213, 6.41827 ], [ 2.27249, 6.41719 ], [ 2.27276, 6.41719 ], [ 2.27312, 6.41755 ], [ 2.27312, 6.41855 ], [ 2.27339, 6.41855 ], [ 2.27357, 6.41782 ], [ 2.27294, 6.41674 ], [ 2.27394, 6.41619 ], [ 2.2743, 6.41665 ], [ 2.27358, 6.41692 ], [ 2.27394, 6.41809 ], [ 2.27375, 6.41891 ], [ 2.27403, 6.41909 ], [ 2.27466, 6.41864 ], [ 2.27529, 6.41891 ], [ 2.27511, 6.42027 ], [ 2.27457, 6.4209 ], [ 2.27538, 6.4209 ], [ 2.27637, 6.42172 ], [ 2.27538, 6.42235 ], [ 2.27465, 6.42144 ], [ 2.27429, 6.42153 ], [ 2.27366, 6.42216 ], [ 2.27384, 6.42271 ], [ 2.27339, 6.42325 ], [ 2.27348, 6.4237 ], [ 2.27438, 6.42443 ], [ 2.27501, 6.42389 ], [ 2.27465, 6.42334 ], [ 2.27502, 6.42235 ], [ 2.27628, 6.42271 ], [ 2.27565, 6.42316 ], [ 2.2761, 6.42325 ], [ 2.27601, 6.42479 ], [ 2.27664, 6.42534 ], [ 2.27628, 6.42624 ], [ 2.27691, 6.42651 ], [ 2.277, 6.42742 ], [ 2.27627, 6.42705 ], [ 2.27609, 6.42787 ], [ 2.27564, 6.42751 ], [ 2.27519, 6.42769 ], [ 2.27582, 6.42705 ], [ 2.27492, 6.42651 ], [ 2.27492, 6.42741 ], [ 2.27428, 6.42823 ], [ 2.27365, 6.42741 ], [ 2.27392, 6.42741 ] ], [ [ 2.26931, 6.42469 ], [ 2.27067, 6.42487 ], [ 2.27031, 6.42406 ], [ 2.27076, 6.42388 ], [ 2.27085, 6.42325 ], [ 2.27122, 6.42334 ], [ 2.27149, 6.42415 ], [ 2.27212, 6.42415 ], [ 2.27203, 6.4246 ], [ 2.2713, 6.4246 ], [ 2.27121, 6.42551 ], [ 2.27004, 6.42533 ], [ 2.26995, 6.42605 ], [ 2.26922, 6.42514 ], [ 2.26931, 6.42469 ] ], [ [ 2.22907, 6.42264 ], [ 2.22898, 6.42174 ], [ 2.22989, 6.4221 ], [ 2.22925, 6.42255 ], [ 2.22925, 6.42328 ], [ 2.23088, 6.42292 ], [ 2.23016, 6.42355 ], [ 2.22916, 6.42364 ], [ 2.22907, 6.42427 ], [ 2.22844, 6.42346 ], [ 2.22907, 6.42264 ] ], [ [ 2.26959, 6.42243 ], [ 2.27022, 6.42207 ], [ 2.2704, 6.42144 ], [ 2.27086, 6.42144 ], [ 2.27149, 6.42243 ], [ 2.27058, 6.42234 ], [ 2.27031, 6.42261 ], [ 2.26986, 6.42324 ], [ 2.27031, 6.42379 ], [ 2.27013, 6.42406 ], [ 2.26932, 6.42388 ], [ 2.26959, 6.42243 ] ], [ [ 2.22021, 6.42145 ], [ 2.22112, 6.42164 ], [ 2.22121, 6.42109 ], [ 2.22184, 6.421 ], [ 2.22292, 6.42146 ], [ 2.22256, 6.42218 ], [ 2.22202, 6.42209 ], [ 2.22184, 6.42254 ], [ 2.22021, 6.42145 ] ], [ [ 2.27828, 6.4191 ], [ 2.27647, 6.41918 ], [ 2.27665, 6.42009 ], [ 2.27628, 6.42117 ], [ 2.27601, 6.42117 ], [ 2.27565, 6.42054 ], [ 2.27619, 6.42072 ], [ 2.27628, 6.42036 ], [ 2.27574, 6.42027 ], [ 2.27547, 6.41963 ], [ 2.27583, 6.41855 ], [ 2.27484, 6.41837 ], [ 2.27475, 6.41791 ], [ 2.27575, 6.41737 ], [ 2.27575, 6.41783 ], [ 2.27647, 6.41819 ], [ 2.2762, 6.41882 ], [ 2.27719, 6.419 ], [ 2.27728, 6.41864 ], [ 2.27674, 6.41873 ], [ 2.27665, 6.41746 ], [ 2.27837, 6.41665 ], [ 2.27837, 6.41729 ], [ 2.27774, 6.41756 ], [ 2.27773, 6.4181 ], [ 2.27864, 6.41937 ], [ 2.27927, 6.41946 ], [ 2.27909, 6.42045 ], [ 2.27945, 6.42109 ], [ 2.27918, 6.42154 ], [ 2.27882, 6.42136 ], [ 2.27828, 6.4191 ] ], [ [ 2.21904, 6.41973 ], [ 2.2185, 6.4191 ], [ 2.21913, 6.41946 ], [ 2.21976, 6.41883 ], [ 2.22058, 6.41919 ], [ 2.22067, 6.41874 ], [ 2.22076, 6.41983 ], [ 2.21976, 6.42 ], [ 2.22031, 6.41937 ], [ 2.21976, 6.41937 ], [ 2.21913, 6.42127 ], [ 2.21877, 6.42118 ], [ 2.21904, 6.41973 ] ], [ [ 2.2176, 6.41665 ], [ 2.21778, 6.41593 ], [ 2.21751, 6.41548 ], [ 2.21823, 6.41494 ], [ 2.21796, 6.41439 ], [ 2.21878, 6.41358 ], [ 2.21869, 6.41304 ], [ 2.2195, 6.41277 ], [ 2.21932, 6.4134 ], [ 2.21977, 6.41394 ], [ 2.21914, 6.41439 ], [ 2.2195, 6.41467 ], [ 2.21923, 6.41503 ], [ 2.21905, 6.41467 ], [ 2.21841, 6.41494 ], [ 2.21868, 6.41539 ], [ 2.21959, 6.41521 ], [ 2.21923, 6.41557 ], [ 2.2195, 6.4162 ], [ 2.21895, 6.41648 ], [ 2.21922, 6.41711 ], [ 2.21859, 6.4172 ], [ 2.2185, 6.41666 ], [ 2.21841, 6.41711 ], [ 2.2176, 6.41665 ] ], [ [ 2.27647, 6.41493 ], [ 2.27584, 6.41348 ], [ 2.27629, 6.41303 ], [ 2.27693, 6.4133 ], [ 2.27693, 6.41267 ], [ 2.27765, 6.41276 ], [ 2.27774, 6.4124 ], [ 2.27729, 6.41195 ], [ 2.27801, 6.41177 ], [ 2.27819, 6.4134 ], [ 2.27874, 6.41303 ], [ 2.27874, 6.41376 ], [ 2.27928, 6.41376 ], [ 2.27873, 6.41412 ], [ 2.27901, 6.41457 ], [ 2.27765, 6.4152 ], [ 2.27719, 6.41647 ], [ 2.27629, 6.41656 ], [ 2.27584, 6.41611 ], [ 2.27647, 6.41493 ] ], [ [ 2.21579, 6.41339 ], [ 2.21516, 6.41366 ], [ 2.21453, 6.41339 ], [ 2.21543, 6.41303 ], [ 2.21579, 6.41213 ], [ 2.21661, 6.4124 ], [ 2.21715, 6.41177 ], [ 2.21724, 6.41267 ], [ 2.21751, 6.41304 ], [ 2.21805, 6.41286 ], [ 2.21805, 6.41322 ], [ 2.2176, 6.4134 ], [ 2.21751, 6.41457 ], [ 2.21724, 6.4143 ], [ 2.21651, 6.41457 ], [ 2.21579, 6.41339 ] ] ], [ [ [ 2.36945, 6.55302 ], [ 2.36882, 6.55202 ], [ 2.36746, 6.55202 ], [ 2.36665, 6.55121 ], [ 2.36665, 6.55012 ], [ 2.36747, 6.54994 ], [ 2.36774, 6.55058 ], [ 2.36855, 6.55058 ], [ 2.36873, 6.54985 ], [ 2.36928, 6.54967 ], [ 2.36937, 6.54913 ], [ 2.36882, 6.54949 ], [ 2.36611, 6.54976 ], [ 2.36484, 6.55148 ], [ 2.36547, 6.55148 ], [ 2.36574, 6.55229 ], [ 2.36656, 6.55293 ], [ 2.36692, 6.55256 ], [ 2.36773, 6.55284 ], [ 2.36791, 6.55248 ], [ 2.36882, 6.55248 ], [ 2.36909, 6.55311 ], [ 2.36963, 6.55311 ], [ 2.36945, 6.55302 ] ] ], [ [ [ 2.29347, 6.55138 ], [ 2.29428, 6.55093 ], [ 2.2941, 6.55057 ], [ 2.29265, 6.55075 ], [ 2.29301, 6.55238 ], [ 2.29392, 6.55211 ], [ 2.29437, 6.55274 ], [ 2.29446, 6.55202 ], [ 2.29347, 6.55138 ] ] ], [ [ [ 2.30803, 6.55348 ], [ 2.30812, 6.55222 ], [ 2.30776, 6.55194 ], [ 2.30694, 6.55203 ], [ 2.3073, 6.55267 ], [ 2.30667, 6.55258 ], [ 2.3064, 6.55294 ], [ 2.30676, 6.55384 ], [ 2.30803, 6.55348 ] ] ], [ [ [ 2.31282, 6.55412 ], [ 2.31237, 6.55367 ], [ 2.31273, 6.55295 ], [ 2.31165, 6.55285 ], [ 2.31128, 6.55322 ], [ 2.31128, 6.5543 ], [ 2.31164, 6.55448 ], [ 2.31137, 6.55502 ], [ 2.31237, 6.5553 ], [ 2.31237, 6.55457 ], [ 2.31282, 6.55412 ] ] ], [ [ [ 2.30856, 6.55773 ], [ 2.30748, 6.55855 ], [ 2.30775, 6.55909 ], [ 2.30784, 6.55846 ], [ 2.3082, 6.55873 ], [ 2.30829, 6.55936 ], [ 2.30784, 6.55945 ], [ 2.30793, 6.55981 ], [ 2.30892, 6.55991 ], [ 2.30856, 6.55773 ] ] ], [ [ [ 2.32056, 6.58453 ], [ 2.32056, 6.58489 ], [ 2.32119, 6.58471 ], [ 2.32164, 6.58498 ], [ 2.32183, 6.58453 ], [ 2.32155, 6.58426 ], [ 2.32255, 6.58399 ], [ 2.32255, 6.58363 ], [ 2.32201, 6.58345 ], [ 2.32119, 6.58354 ], [ 2.32101, 6.5839 ], [ 2.32047, 6.58372 ], [ 2.32147, 6.58308 ], [ 2.3221, 6.58318 ], [ 2.32165, 6.58272 ], [ 2.32147, 6.58164 ], [ 2.32074, 6.58154 ], [ 2.32111, 6.58236 ], [ 2.32038, 6.58209 ], [ 2.31993, 6.58245 ], [ 2.31957, 6.58163 ], [ 2.31902, 6.58245 ], [ 2.3183, 6.58236 ], [ 2.31875, 6.58109 ], [ 2.31867, 6.57982 ], [ 2.3193, 6.57973 ], [ 2.3193, 6.57892 ], [ 2.31885, 6.57838 ], [ 2.31812, 6.57847 ], [ 2.31749, 6.57792 ], [ 2.31822, 6.57729 ], [ 2.31894, 6.57756 ], [ 2.31975, 6.57729 ], [ 2.32057, 6.57829 ], [ 2.32075, 6.57793 ], [ 2.3203, 6.57747 ], [ 2.3212, 6.57747 ], [ 2.32129, 6.57711 ], [ 2.32057, 6.57702 ], [ 2.3212, 6.5763 ], [ 2.31994, 6.57621 ], [ 2.32003, 6.57557 ], [ 2.31958, 6.57521 ], [ 2.32012, 6.5734 ], [ 2.32103, 6.57295 ], [ 2.32103, 6.57232 ], [ 2.32139, 6.57232 ], [ 2.32085, 6.5715 ], [ 2.32049, 6.57195 ], [ 2.31967, 6.57204 ], [ 2.31922, 6.57313 ], [ 2.31967, 6.57358 ], [ 2.3194, 6.57431 ], [ 2.31867, 6.57376 ], [ 2.31877, 6.57304 ], [ 2.3184, 6.57295 ], [ 2.3184, 6.57485 ], [ 2.31777, 6.57503 ], [ 2.3175, 6.57439 ], [ 2.31723, 6.57448 ], [ 2.3175, 6.57512 ], [ 2.31713, 6.57575 ], [ 2.31731, 6.57611 ], [ 2.31641, 6.5762 ], [ 2.3165, 6.57674 ], [ 2.31695, 6.57647 ], [ 2.31704, 6.5772 ], [ 2.31614, 6.57738 ], [ 2.31686, 6.57774 ], [ 2.31604, 6.57837 ], [ 2.31631, 6.57901 ], [ 2.3155, 6.57955 ], [ 2.31595, 6.58045 ], [ 2.31631, 6.58027 ], [ 2.31613, 6.57982 ], [ 2.31649, 6.57982 ], [ 2.31731, 6.58055 ], [ 2.31667, 6.581 ], [ 2.31658, 6.58154 ], [ 2.31685, 6.58226 ], [ 2.31658, 6.58281 ], [ 2.31712, 6.58326 ], [ 2.31658, 6.58362 ], [ 2.31658, 6.58407 ], [ 2.31721, 6.58507 ], [ 2.31848, 6.58516 ], [ 2.31848, 6.5857 ], [ 2.31884, 6.58579 ], [ 2.31902, 6.58498 ], [ 2.32056, 6.58453 ] ] ], [ [ [ 2.32065, 6.58091 ], [ 2.32129, 6.58118 ], [ 2.32165, 6.58037 ], [ 2.32084, 6.57946 ], [ 2.32011, 6.57992 ], [ 2.31912, 6.57991 ], [ 2.31957, 6.58037 ], [ 2.31921, 6.58091 ], [ 2.32038, 6.58127 ], [ 2.32065, 6.58091 ] ] ], [ [ [ 2.33477, 6.37177 ], [ 2.33586, 6.37122 ], [ 2.33613, 6.37159 ], [ 2.33576, 6.37231 ], [ 2.33703, 6.37285 ], [ 2.33748, 6.37267 ], [ 2.33721, 6.37195 ], [ 2.33839, 6.37249 ], [ 2.33875, 6.37168 ], [ 2.33911, 6.37231 ], [ 2.33965, 6.37213 ], [ 2.33893, 6.37105 ], [ 2.33839, 6.37114 ], [ 2.33757, 6.37068 ], [ 2.33721, 6.3696 ], [ 2.33667, 6.36923 ], [ 2.33785, 6.36824 ], [ 2.33749, 6.36725 ], [ 2.33676, 6.36779 ], [ 2.33704, 6.36833 ], [ 2.33604, 6.36951 ], [ 2.33532, 6.36905 ], [ 2.3355, 6.36969 ], [ 2.33486, 6.37023 ], [ 2.33504, 6.37086 ], [ 2.33414, 6.37104 ], [ 2.33396, 6.37158 ], [ 2.33468, 6.37186 ], [ 2.33296, 6.37312 ], [ 2.33368, 6.37375 ], [ 2.33477, 6.37177 ] ] ], [ [ [ 2.32301, 6.37121 ], [ 2.32265, 6.37003 ], [ 2.32229, 6.37003 ], [ 2.32211, 6.37057 ], [ 2.32256, 6.37075 ], [ 2.32301, 6.37211 ], [ 2.32338, 6.37211 ], [ 2.32329, 6.37139 ], [ 2.32401, 6.37112 ], [ 2.32464, 6.37139 ], [ 2.32455, 6.37202 ], [ 2.32509, 6.37202 ], [ 2.32528, 6.37085 ], [ 2.32301, 6.37121 ] ] ], [ [ [ 2.32636, 6.37194 ], [ 2.32699, 6.37185 ], [ 2.32672, 6.37293 ], [ 2.3279, 6.3732 ], [ 2.32753, 6.37302 ], [ 2.32781, 6.37266 ], [ 2.32717, 6.37266 ], [ 2.32717, 6.3723 ], [ 2.3279, 6.37194 ], [ 2.32699, 6.37148 ], [ 2.32754, 6.37067 ], [ 2.32564, 6.37013 ], [ 2.32528, 6.37085 ], [ 2.32537, 6.37085 ], [ 2.32636, 6.37194 ] ] ], [ [ [ 2.32174, 6.37899 ], [ 2.32219, 6.37953 ], [ 2.32273, 6.37899 ], [ 2.32373, 6.37926 ], [ 2.32517, 6.37908 ], [ 2.32508, 6.37962 ], [ 2.3259, 6.37972 ], [ 2.3259, 6.3789 ], [ 2.32626, 6.37854 ], [ 2.32717, 6.37836 ], [ 2.32807, 6.3789 ], [ 2.32888, 6.37836 ], [ 2.32825, 6.37836 ], [ 2.32807, 6.37728 ], [ 2.32744, 6.37746 ], [ 2.32735, 6.37791 ], [ 2.3269, 6.37727 ], [ 2.32644, 6.37764 ], [ 2.32536, 6.37763 ], [ 2.32364, 6.37618 ], [ 2.32301, 6.37682 ], [ 2.32373, 6.37763 ], [ 2.32328, 6.37808 ], [ 2.32346, 6.37863 ], [ 2.32219, 6.37844 ], [ 2.32201, 6.37881 ], [ 2.32138, 6.3789 ], [ 2.32147, 6.37781 ], [ 2.32255, 6.37727 ], [ 2.32274, 6.37664 ], [ 2.3221, 6.37654 ], [ 2.32165, 6.37727 ], [ 2.32156, 6.37627 ], [ 2.32048, 6.376 ], [ 2.3202, 6.37636 ], [ 2.32102, 6.37663 ], [ 2.32102, 6.37699 ], [ 2.31993, 6.37708 ], [ 2.31966, 6.37754 ], [ 2.31975, 6.37781 ], [ 2.32075, 6.3779 ], [ 2.32065, 6.37898 ], [ 2.31993, 6.37971 ], [ 2.32174, 6.37899 ] ] ], [ [ [ 2.34025, 6.39665 ], [ 2.34143, 6.39611 ], [ 2.34098, 6.39557 ], [ 2.34035, 6.39629 ], [ 2.3398, 6.39584 ], [ 2.33763, 6.39602 ], [ 2.33727, 6.39547 ], [ 2.33691, 6.39565 ], [ 2.33691, 6.3962 ], [ 2.33519, 6.39637 ], [ 2.33537, 6.39665 ], [ 2.34025, 6.39665 ] ] ], [ [ [ 2.33094, 6.39899 ], [ 2.33247, 6.39972 ], [ 2.33546, 6.39981 ], [ 2.33437, 6.39927 ], [ 2.33229, 6.39936 ], [ 2.3313, 6.39881 ], [ 2.32705, 6.39872 ], [ 2.32958, 6.39908 ], [ 2.32985, 6.40017 ], [ 2.33012, 6.40008 ], [ 2.33012, 6.39908 ], [ 2.33094, 6.39899 ] ] ], [ [ [ 2.33309, 6.41148 ], [ 2.33345, 6.41193 ], [ 2.33427, 6.41193 ], [ 2.33535, 6.41076 ], [ 2.33454, 6.41012 ], [ 2.33345, 6.41139 ], [ 2.33291, 6.41103 ], [ 2.33228, 6.41112 ], [ 2.33273, 6.41003 ], [ 2.33382, 6.40913 ], [ 2.33364, 6.40868 ], [ 2.33282, 6.40831 ], [ 2.33228, 6.40876 ], [ 2.33255, 6.40949 ], [ 2.33165, 6.40949 ], [ 2.33137, 6.41021 ], [ 2.33174, 6.41057 ], [ 2.33164, 6.41103 ], [ 2.3311, 6.41066 ], [ 2.33128, 6.4103 ], [ 2.33029, 6.41057 ], [ 2.3302, 6.41102 ], [ 2.33128, 6.41211 ], [ 2.3321, 6.41157 ], [ 2.33318, 6.41275 ], [ 2.33354, 6.41257 ], [ 2.33309, 6.41148 ] ] ], [ [ [ 2.33353, 6.41899 ], [ 2.33344, 6.41845 ], [ 2.33272, 6.41826 ], [ 2.33308, 6.41745 ], [ 2.33381, 6.41763 ], [ 2.33353, 6.41836 ], [ 2.33417, 6.41836 ], [ 2.33444, 6.4179 ], [ 2.33408, 6.4179 ], [ 2.33345, 6.41591 ], [ 2.33236, 6.41528 ], [ 2.33164, 6.41564 ], [ 2.33091, 6.41672 ], [ 2.33236, 6.41817 ], [ 2.33254, 6.41881 ], [ 2.33181, 6.41935 ], [ 2.33254, 6.41926 ], [ 2.33245, 6.41989 ], [ 2.33353, 6.41899 ] ] ], [ [ [ 2.32892, 6.42351 ], [ 2.32919, 6.4217 ], [ 2.32991, 6.42224 ], [ 2.33073, 6.42152 ], [ 2.33055, 6.42052 ], [ 2.33, 6.42034 ], [ 2.33028, 6.41908 ], [ 2.32946, 6.41935 ], [ 2.33046, 6.41835 ], [ 2.33091, 6.41835 ], [ 2.33046, 6.41781 ], [ 2.331, 6.41763 ], [ 2.33064, 6.41718 ], [ 2.33028, 6.41718 ], [ 2.33037, 6.41727 ], [ 2.33028, 6.41754 ], [ 2.32965, 6.41699 ], [ 2.33001, 6.41799 ], [ 2.32856, 6.41826 ], [ 2.32856, 6.41871 ], [ 2.32901, 6.41835 ], [ 2.32937, 6.41871 ], [ 2.32856, 6.41889 ], [ 2.32847, 6.41943 ], [ 2.32711, 6.41916 ], [ 2.32729, 6.41871 ], [ 2.32811, 6.41898 ], [ 2.32784, 6.41844 ], [ 2.3282, 6.4179 ], [ 2.32802, 6.41772 ], [ 2.32693, 6.41853 ], [ 2.32675, 6.41907 ], [ 2.32494, 6.42024 ], [ 2.32539, 6.42052 ], [ 2.32521, 6.42133 ], [ 2.32584, 6.42061 ], [ 2.32666, 6.42043 ], [ 2.32684, 6.42133 ], [ 2.32629, 6.42197 ], [ 2.32675, 6.42251 ], [ 2.32638, 6.42305 ], [ 2.32711, 6.4235 ], [ 2.32729, 6.42414 ], [ 2.32892, 6.42351 ] ] ], [ [ [ 2.33377, 6.44667 ], [ 2.33314, 6.44613 ], [ 2.33151, 6.44613 ], [ 2.33169, 6.44694 ], [ 2.33223, 6.4464 ], [ 2.33259, 6.44658 ], [ 2.33259, 6.44776 ], [ 2.33377, 6.44667 ] ] ], [ [ [ 2.3247, 6.4615 ], [ 2.32489, 6.46087 ], [ 2.32435, 6.45978 ], [ 2.32398, 6.45969 ], [ 2.32371, 6.46141 ], [ 2.32425, 6.46132 ], [ 2.32434, 6.46195 ], [ 2.32516, 6.46186 ], [ 2.32561, 6.46222 ], [ 2.32552, 6.46168 ], [ 2.3247, 6.4615 ] ] ], [ [ [ 2.32344, 6.46394 ], [ 2.3219, 6.46358 ], [ 2.32208, 6.4643 ], [ 2.32181, 6.46475 ], [ 2.32235, 6.46493 ], [ 2.32253, 6.46611 ], [ 2.32344, 6.46394 ] ] ], [ [ [ 2.3284, 6.46784 ], [ 2.32831, 6.4672 ], [ 2.3275, 6.46675 ], [ 2.32705, 6.46548 ], [ 2.32642, 6.46539 ], [ 2.32651, 6.46602 ], [ 2.32714, 6.46612 ], [ 2.32705, 6.46684 ], [ 2.32651, 6.46657 ], [ 2.32623, 6.46729 ], [ 2.32786, 6.46747 ], [ 2.32768, 6.46793 ], [ 2.32687, 6.46792 ], [ 2.32741, 6.4691 ], [ 2.32795, 6.46901 ], [ 2.3284, 6.46784 ] ] ], [ [ [ 2.32442, 6.47453 ], [ 2.32487, 6.47434 ], [ 2.32469, 6.47371 ], [ 2.32541, 6.47389 ], [ 2.32505, 6.47272 ], [ 2.32523, 6.47154 ], [ 2.3256, 6.47127 ], [ 2.32542, 6.471 ], [ 2.32451, 6.47127 ], [ 2.32451, 6.47226 ], [ 2.32397, 6.47253 ], [ 2.3246, 6.47326 ], [ 2.32396, 6.4738 ], [ 2.32442, 6.47416 ], [ 2.32378, 6.47434 ], [ 2.32405, 6.47471 ], [ 2.32387, 6.47534 ], [ 2.3246, 6.47561 ], [ 2.32487, 6.47516 ], [ 2.32442, 6.47453 ] ] ], [ [ [ 2.32631, 6.47561 ], [ 2.32586, 6.47543 ], [ 2.32532, 6.47579 ], [ 2.32469, 6.4757 ], [ 2.32414, 6.47624 ], [ 2.32423, 6.47661 ], [ 2.32505, 6.47643 ], [ 2.32586, 6.47724 ], [ 2.32631, 6.47561 ] ] ], [ [ [ 2.33101, 6.48304 ], [ 2.33128, 6.48304 ], [ 2.33164, 6.48195 ], [ 2.33092, 6.48222 ], [ 2.33056, 6.48159 ], [ 2.32974, 6.48177 ], [ 2.32983, 6.48258 ], [ 2.33083, 6.48249 ], [ 2.33037, 6.48286 ], [ 2.33082, 6.48467 ], [ 2.33155, 6.48467 ], [ 2.33101, 6.48304 ] ] ], [ [ [ 2.3254, 6.48231 ], [ 2.32404, 6.48285 ], [ 2.32314, 6.48366 ], [ 2.32305, 6.48429 ], [ 2.32268, 6.48429 ], [ 2.32277, 6.48457 ], [ 2.32341, 6.48448 ], [ 2.32413, 6.48538 ], [ 2.32576, 6.48502 ], [ 2.3254, 6.48231 ] ] ], [ [ [ 2.32838, 6.48584 ], [ 2.32793, 6.48575 ], [ 2.32811, 6.48512 ], [ 2.32748, 6.48502 ], [ 2.32702, 6.48584 ], [ 2.32775, 6.48747 ], [ 2.32811, 6.48738 ], [ 2.32838, 6.48584 ] ] ], [ [ [ 2.32503, 6.48963 ], [ 2.32412, 6.48981 ], [ 2.32403, 6.48918 ], [ 2.32367, 6.48927 ], [ 2.3234, 6.49008 ], [ 2.32412, 6.49054 ], [ 2.32485, 6.49009 ], [ 2.32467, 6.49063 ], [ 2.32512, 6.4909 ], [ 2.32557, 6.49027 ], [ 2.32503, 6.48963 ] ] ], [ [ [ 2.32891, 6.49272 ], [ 2.32882, 6.49226 ], [ 2.32783, 6.49244 ], [ 2.32828, 6.49163 ], [ 2.3272, 6.49127 ], [ 2.32747, 6.49199 ], [ 2.32665, 6.49262 ], [ 2.32674, 6.49307 ], [ 2.3271, 6.49307 ], [ 2.32711, 6.49271 ], [ 2.32792, 6.49317 ], [ 2.32891, 6.49272 ] ] ], [ [ [ 2.32502, 6.49416 ], [ 2.32575, 6.49371 ], [ 2.32548, 6.49289 ], [ 2.32593, 6.49262 ], [ 2.32349, 6.4928 ], [ 2.32421, 6.49189 ], [ 2.32295, 6.49126 ], [ 2.32258, 6.49253 ], [ 2.32304, 6.49271 ], [ 2.32312, 6.49343 ], [ 2.32358, 6.49352 ], [ 2.32339, 6.49488 ], [ 2.32466, 6.49479 ], [ 2.32421, 6.49524 ], [ 2.32439, 6.4956 ], [ 2.32538, 6.49552 ], [ 2.32565, 6.49515 ], [ 2.32502, 6.49416 ] ] ], [ [ [ 2.32909, 6.4967 ], [ 2.32918, 6.49724 ], [ 2.3299, 6.49679 ], [ 2.32882, 6.49561 ], [ 2.32828, 6.4966 ], [ 2.32837, 6.49742 ], [ 2.32791, 6.49859 ], [ 2.32864, 6.49814 ], [ 2.32909, 6.4967 ] ] ], [ [ [ 2.32689, 6.51904 ], [ 2.32743, 6.51804 ], [ 2.32816, 6.51823 ], [ 2.32942, 6.5176 ], [ 2.32934, 6.51624 ], [ 2.32816, 6.51705 ], [ 2.32798, 6.51759 ], [ 2.32698, 6.51741 ], [ 2.3268, 6.51669 ], [ 2.32789, 6.51687 ], [ 2.32816, 6.51596 ], [ 2.32925, 6.51615 ], [ 2.32961, 6.51561 ], [ 2.32925, 6.51515 ], [ 2.32834, 6.51497 ], [ 2.32816, 6.51443 ], [ 2.32871, 6.51407 ], [ 2.32853, 6.51343 ], [ 2.32762, 6.51388 ], [ 2.32672, 6.51343 ], [ 2.32681, 6.51307 ], [ 2.3278, 6.51343 ], [ 2.32708, 6.51253 ], [ 2.32726, 6.51189 ], [ 2.32699, 6.51162 ], [ 2.32609, 6.51171 ], [ 2.32572, 6.51071 ], [ 2.32518, 6.51062 ], [ 2.32518, 6.51017 ], [ 2.32437, 6.5108 ], [ 2.32437, 6.51107 ], [ 2.32491, 6.51098 ], [ 2.32473, 6.51153 ], [ 2.32355, 6.51153 ], [ 2.32355, 6.51125 ], [ 2.32401, 6.51126 ], [ 2.32364, 6.51062 ], [ 2.32392, 6.50999 ], [ 2.32482, 6.50954 ], [ 2.32536, 6.50999 ], [ 2.32618, 6.50972 ], [ 2.32609, 6.50936 ], [ 2.325, 6.50945 ], [ 2.325, 6.50881 ], [ 2.32446, 6.5089 ], [ 2.3241, 6.508 ], [ 2.32455, 6.50709 ], [ 2.32401, 6.5061 ], [ 2.32483, 6.50592 ], [ 2.32464, 6.50637 ], [ 2.32555, 6.50701 ], [ 2.32573, 6.50764 ], [ 2.32663, 6.50737 ], [ 2.32636, 6.50646 ], [ 2.32591, 6.50646 ], [ 2.32564, 6.50583 ], [ 2.32501, 6.50556 ], [ 2.32519, 6.50474 ], [ 2.32465, 6.50474 ], [ 2.32483, 6.50402 ], [ 2.32591, 6.50474 ], [ 2.32691, 6.50393 ], [ 2.32646, 6.50484 ], [ 2.32727, 6.50466 ], [ 2.32845, 6.50312 ], [ 2.32845, 6.50212 ], [ 2.32881, 6.50176 ], [ 2.32981, 6.50167 ], [ 2.32999, 6.50131 ], [ 2.32972, 6.50077 ], [ 2.32899, 6.50086 ], [ 2.328, 6.50022 ], [ 2.32755, 6.50077 ], [ 2.32818, 6.50149 ], [ 2.32791, 6.50176 ], [ 2.32709, 6.50104 ], [ 2.32719, 6.50076 ], [ 2.32646, 6.50085 ], [ 2.32637, 6.50031 ], [ 2.32592, 6.50031 ], [ 2.32592, 6.50085 ], [ 2.32483, 6.50176 ], [ 2.32528, 6.50239 ], [ 2.32628, 6.50176 ], [ 2.32601, 6.50275 ], [ 2.32501, 6.50275 ], [ 2.32582, 6.50339 ], [ 2.32537, 6.50366 ], [ 2.32393, 6.50302 ], [ 2.32375, 6.50148 ], [ 2.3233, 6.50085 ], [ 2.32239, 6.50103 ], [ 2.32221, 6.50031 ], [ 2.32176, 6.50031 ], [ 2.32121, 6.50094 ], [ 2.3213, 6.50166 ], [ 2.32049, 6.50121 ], [ 2.31959, 6.50166 ], [ 2.31922, 6.50256 ], [ 2.32058, 6.50492 ], [ 2.32003, 6.50501 ], [ 2.32012, 6.506 ], [ 2.31949, 6.50664 ], [ 2.31976, 6.50745 ], [ 2.31885, 6.50826 ], [ 2.31885, 6.50953 ], [ 2.3184, 6.50962 ], [ 2.31849, 6.50853 ], [ 2.31813, 6.50817 ], [ 2.31876, 6.50826 ], [ 2.31885, 6.50745 ], [ 2.3194, 6.50682 ], [ 2.31858, 6.50727 ], [ 2.31822, 6.50636 ], [ 2.3175, 6.50618 ], [ 2.31732, 6.50663 ], [ 2.31795, 6.50672 ], [ 2.31795, 6.50727 ], [ 2.31741, 6.50745 ], [ 2.31687, 6.50699 ], [ 2.31578, 6.50808 ], [ 2.31587, 6.50835 ], [ 2.31641, 6.50817 ], [ 2.31686, 6.50754 ], [ 2.3175, 6.5079 ], [ 2.3175, 6.50853 ], [ 2.31686, 6.5088 ], [ 2.31578, 6.50844 ], [ 2.31569, 6.50898 ], [ 2.31605, 6.50953 ], [ 2.31677, 6.50971 ], [ 2.31731, 6.51061 ], [ 2.31804, 6.51061 ], [ 2.3174, 6.51107 ], [ 2.31767, 6.5117 ], [ 2.3174, 6.51251 ], [ 2.31803, 6.51315 ], [ 2.31876, 6.51315 ], [ 2.31903, 6.51261 ], [ 2.32066, 6.51288 ], [ 2.32102, 6.51252 ], [ 2.32066, 6.51188 ], [ 2.32192, 6.5127 ], [ 2.32301, 6.51198 ], [ 2.32328, 6.51243 ], [ 2.32237, 6.51315 ], [ 2.32237, 6.51361 ], [ 2.3231, 6.51379 ], [ 2.32382, 6.51252 ], [ 2.32418, 6.51252 ], [ 2.32436, 6.51297 ], [ 2.32437, 6.51234 ], [ 2.32527, 6.51198 ], [ 2.32563, 6.51343 ], [ 2.32681, 6.51424 ], [ 2.3268, 6.51452 ], [ 2.32599, 6.51433 ], [ 2.3268, 6.51542 ], [ 2.32563, 6.51551 ], [ 2.32508, 6.51605 ], [ 2.32599, 6.51641 ], [ 2.3268, 6.51614 ], [ 2.32653, 6.51687 ], [ 2.32517, 6.51723 ], [ 2.32536, 6.5165 ], [ 2.3249, 6.51632 ], [ 2.3249, 6.51533 ], [ 2.32463, 6.51533 ], [ 2.32445, 6.51686 ], [ 2.32409, 6.51705 ], [ 2.32364, 6.5165 ], [ 2.32382, 6.51587 ], [ 2.32337, 6.5156 ], [ 2.32328, 6.51487 ], [ 2.32147, 6.51559 ], [ 2.32246, 6.5165 ], [ 2.32201, 6.51713 ], [ 2.32228, 6.51786 ], [ 2.32517, 6.5184 ], [ 2.32526, 6.51786 ], [ 2.32572, 6.51777 ], [ 2.32562, 6.51831 ], [ 2.32626, 6.51868 ], [ 2.3249, 6.51877 ], [ 2.32553, 6.51913 ], [ 2.32535, 6.51976 ], [ 2.32607, 6.51976 ], [ 2.32626, 6.51922 ], [ 2.32689, 6.51904 ] ], [ [ 2.32058, 6.50437 ], [ 2.32076, 6.50302 ], [ 2.32157, 6.50248 ], [ 2.32148, 6.50338 ], [ 2.32184, 6.5042 ], [ 2.32112, 6.50383 ], [ 2.32157, 6.50474 ], [ 2.32139, 6.50537 ], [ 2.32058, 6.50437 ] ] ], [ [ [ 2.33106, 6.51335 ], [ 2.33169, 6.51344 ], [ 2.33269, 6.51262 ], [ 2.33332, 6.51281 ], [ 2.33323, 6.51181 ], [ 2.33377, 6.51145 ], [ 2.33332, 6.51145 ], [ 2.33323, 6.511 ], [ 2.33387, 6.51045 ], [ 2.33332, 6.51009 ], [ 2.33278, 6.51027 ], [ 2.33278, 6.5109 ], [ 2.33224, 6.51054 ], [ 2.33124, 6.5109 ], [ 2.33133, 6.51009 ], [ 2.33097, 6.50945 ], [ 2.33061, 6.50954 ], [ 2.33043, 6.51018 ], [ 2.32971, 6.51018 ], [ 2.33007, 6.50982 ], [ 2.32998, 6.50927 ], [ 2.32898, 6.51009 ], [ 2.32871, 6.51009 ], [ 2.32889, 6.50954 ], [ 2.32862, 6.50927 ], [ 2.32853, 6.51063 ], [ 2.32943, 6.51081 ], [ 2.32961, 6.51036 ], [ 2.32998, 6.51054 ], [ 2.32979, 6.51135 ], [ 2.32862, 6.51162 ], [ 2.32853, 6.5109 ], [ 2.32771, 6.51063 ], [ 2.32772, 6.50981 ], [ 2.32735, 6.50972 ], [ 2.32753, 6.51162 ], [ 2.32862, 6.51244 ], [ 2.32862, 6.51343 ], [ 2.32934, 6.51352 ], [ 2.32952, 6.51325 ], [ 2.32997, 6.51362 ], [ 2.33024, 6.51334 ], [ 2.33042, 6.5138 ], [ 2.33015, 6.51407 ], [ 2.33079, 6.51416 ], [ 2.33042, 6.51488 ], [ 2.33096, 6.51561 ], [ 2.33133, 6.51552 ], [ 2.33151, 6.51488 ], [ 2.33106, 6.51335 ] ] ], [ [ [ 2.33603, 6.51661 ], [ 2.33549, 6.51507 ], [ 2.33513, 6.51498 ], [ 2.33504, 6.51317 ], [ 2.3344, 6.51326 ], [ 2.33395, 6.5129 ], [ 2.33377, 6.5138 ], [ 2.33323, 6.51353 ], [ 2.33323, 6.51317 ], [ 2.3326, 6.51326 ], [ 2.33305, 6.51398 ], [ 2.33413, 6.51425 ], [ 2.33495, 6.51507 ], [ 2.33431, 6.51597 ], [ 2.3354, 6.51588 ], [ 2.33558, 6.51625 ], [ 2.33449, 6.51706 ], [ 2.33603, 6.51661 ] ] ], [ [ [ 2.32752, 6.52393 ], [ 2.32851, 6.52366 ], [ 2.32842, 6.52302 ], [ 2.32969, 6.52311 ], [ 2.32996, 6.52384 ], [ 2.33041, 6.52402 ], [ 2.33059, 6.52275 ], [ 2.33114, 6.5233 ], [ 2.3324, 6.52312 ], [ 2.33312, 6.52348 ], [ 2.33322, 6.52312 ], [ 2.3315, 6.52257 ], [ 2.33114, 6.52194 ], [ 2.33014, 6.52185 ], [ 2.33014, 6.52158 ], [ 2.33105, 6.52149 ], [ 2.33078, 6.5204 ], [ 2.33042, 6.52049 ], [ 2.33032, 6.52122 ], [ 2.32996, 6.5204 ], [ 2.32861, 6.52031 ], [ 2.32806, 6.52094 ], [ 2.32716, 6.52112 ], [ 2.32707, 6.52148 ], [ 2.32806, 6.52148 ], [ 2.32806, 6.52212 ], [ 2.3286, 6.52212 ], [ 2.32887, 6.52257 ], [ 2.32589, 6.52338 ], [ 2.3267, 6.52429 ], [ 2.32706, 6.52347 ], [ 2.32752, 6.52393 ] ] ], [ [ [ 2.33095, 6.52637 ], [ 2.33032, 6.52673 ], [ 2.33041, 6.52556 ], [ 2.33086, 6.52493 ], [ 2.33131, 6.52493 ], [ 2.3314, 6.52556 ], [ 2.33177, 6.52529 ], [ 2.3333, 6.52538 ], [ 2.33312, 6.52502 ], [ 2.33258, 6.5252 ], [ 2.33267, 6.52438 ], [ 2.33213, 6.52384 ], [ 2.33132, 6.52393 ], [ 2.33122, 6.52447 ], [ 2.3305, 6.52465 ], [ 2.3296, 6.52402 ], [ 2.32959, 6.52601 ], [ 2.32842, 6.52628 ], [ 2.32842, 6.52691 ], [ 2.3295, 6.52637 ], [ 2.32968, 6.52719 ], [ 2.3305, 6.52719 ], [ 2.33104, 6.52673 ], [ 2.33095, 6.52637 ] ] ], [ [ [ 2.33746, 6.531 ], [ 2.3371, 6.53045 ], [ 2.33845, 6.53009 ], [ 2.33773, 6.52982 ], [ 2.33782, 6.52919 ], [ 2.33737, 6.52846 ], [ 2.33782, 6.52828 ], [ 2.33864, 6.52864 ], [ 2.339, 6.52819 ], [ 2.33882, 6.52783 ], [ 2.33755, 6.5281 ], [ 2.33647, 6.52701 ], [ 2.33493, 6.52647 ], [ 2.33448, 6.52719 ], [ 2.33429, 6.52864 ], [ 2.3352, 6.52864 ], [ 2.33547, 6.52909 ], [ 2.33665, 6.52828 ], [ 2.33683, 6.52928 ], [ 2.33646, 6.53054 ], [ 2.33583, 6.53081 ], [ 2.33637, 6.53154 ], [ 2.33691, 6.53145 ], [ 2.33646, 6.53172 ], [ 2.33664, 6.53217 ], [ 2.33764, 6.53208 ], [ 2.33746, 6.531 ] ] ], [ [ [ 2.33456, 6.53108 ], [ 2.33529, 6.53135 ], [ 2.33556, 6.53072 ], [ 2.33429, 6.53045 ], [ 2.3342, 6.53135 ], [ 2.33375, 6.53162 ], [ 2.33348, 6.53063 ], [ 2.33384, 6.53018 ], [ 2.33339, 6.53018 ], [ 2.33284, 6.53099 ], [ 2.33203, 6.53063 ], [ 2.3323, 6.53153 ], [ 2.33311, 6.53235 ], [ 2.33402, 6.53199 ], [ 2.33456, 6.53108 ] ] ], [ [ [ 2.33049, 6.53289 ], [ 2.33004, 6.53289 ], [ 2.3304, 6.53171 ], [ 2.3295, 6.53225 ], [ 2.3294, 6.53198 ], [ 2.32877, 6.53207 ], [ 2.32796, 6.53107 ], [ 2.32723, 6.53152 ], [ 2.32723, 6.53189 ], [ 2.32787, 6.53225 ], [ 2.32877, 6.53216 ], [ 2.32877, 6.53279 ], [ 2.32949, 6.53252 ], [ 2.32922, 6.53307 ], [ 2.32986, 6.53298 ], [ 2.33013, 6.53397 ], [ 2.33058, 6.53388 ], [ 2.33049, 6.53289 ] ] ], [ [ [ 2.33546, 6.53859 ], [ 2.33555, 6.53687 ], [ 2.33428, 6.53714 ], [ 2.33446, 6.53769 ], [ 2.33419, 6.53796 ], [ 2.33383, 6.53759 ], [ 2.3341, 6.53705 ], [ 2.33365, 6.53696 ], [ 2.33392, 6.53732 ], [ 2.33338, 6.53796 ], [ 2.33419, 6.5385 ], [ 2.33419, 6.53913 ], [ 2.33473, 6.53886 ], [ 2.33518, 6.53932 ], [ 2.33528, 6.53877 ], [ 2.33482, 6.53877 ], [ 2.33482, 6.53841 ], [ 2.33546, 6.53859 ] ] ], [ [ [ 2.32867, 6.53913 ], [ 2.3294, 6.53858 ], [ 2.32894, 6.53795 ], [ 2.32813, 6.53786 ], [ 2.32777, 6.53831 ], [ 2.32822, 6.53931 ], [ 2.32749, 6.53976 ], [ 2.3265, 6.53976 ], [ 2.32632, 6.54012 ], [ 2.32704, 6.54057 ], [ 2.32804, 6.54021 ], [ 2.32813, 6.54066 ], [ 2.32876, 6.5403 ], [ 2.32867, 6.53913 ] ] ], [ [ [ 2.33364, 6.54212 ], [ 2.33328, 6.54203 ], [ 2.33256, 6.54311 ], [ 2.33301, 6.5432 ], [ 2.33373, 6.54438 ], [ 2.33436, 6.54375 ], [ 2.33364, 6.54212 ] ] ], [ [ [ 2.33228, 6.54528 ], [ 2.33201, 6.54429 ], [ 2.33265, 6.54402 ], [ 2.33256, 6.54347 ], [ 2.33102, 6.54356 ], [ 2.33038, 6.5441 ], [ 2.33002, 6.5441 ], [ 2.32993, 6.54347 ], [ 2.32957, 6.54365 ], [ 2.33047, 6.54591 ], [ 2.33228, 6.54528 ] ] ], [ [ [ 2.33227, 6.55143 ], [ 2.33173, 6.55143 ], [ 2.33137, 6.55053 ], [ 2.33083, 6.55107 ], [ 2.33037, 6.55098 ], [ 2.33047, 6.55044 ], [ 2.33182, 6.55035 ], [ 2.33182, 6.55107 ], [ 2.33209, 6.55107 ], [ 2.33318, 6.55044 ], [ 2.33336, 6.54999 ], [ 2.333, 6.54935 ], [ 2.33372, 6.5489 ], [ 2.33445, 6.54918 ], [ 2.33463, 6.54863 ], [ 2.33562, 6.54909 ], [ 2.33535, 6.54836 ], [ 2.33463, 6.54818 ], [ 2.33454, 6.54791 ], [ 2.33508, 6.54764 ], [ 2.33499, 6.5471 ], [ 2.33445, 6.54673 ], [ 2.33445, 6.54628 ], [ 2.33481, 6.54619 ], [ 2.33581, 6.54755 ], [ 2.33626, 6.54728 ], [ 2.33581, 6.54692 ], [ 2.3359, 6.54628 ], [ 2.33536, 6.54583 ], [ 2.33536, 6.54511 ], [ 2.33409, 6.54501 ], [ 2.33373, 6.54528 ], [ 2.33418, 6.54655 ], [ 2.334, 6.54691 ], [ 2.33364, 6.54682 ], [ 2.33364, 6.54637 ], [ 2.33309, 6.54655 ], [ 2.33255, 6.54592 ], [ 2.33174, 6.54601 ], [ 2.33156, 6.54664 ], [ 2.33255, 6.548 ], [ 2.33273, 6.54926 ], [ 2.33155, 6.5489 ], [ 2.33092, 6.54953 ], [ 2.33101, 6.54854 ], [ 2.33002, 6.5479 ], [ 2.32993, 6.54836 ], [ 2.33047, 6.54899 ], [ 2.3302, 6.54872 ], [ 2.32974, 6.5489 ], [ 2.32947, 6.55016 ], [ 2.32884, 6.55043 ], [ 2.32929, 6.5508 ], [ 2.32911, 6.55152 ], [ 2.32856, 6.55143 ], [ 2.32802, 6.55206 ], [ 2.32965, 6.55215 ], [ 2.32947, 6.55143 ], [ 2.33019, 6.55134 ], [ 2.33155, 6.5518 ], [ 2.33119, 6.55306 ], [ 2.33182, 6.55288 ], [ 2.33164, 6.55243 ], [ 2.33227, 6.55143 ] ] ], [ [ [ 2.33806, 6.55262 ], [ 2.33752, 6.55262 ], [ 2.33743, 6.55198 ], [ 2.33671, 6.55216 ], [ 2.33662, 6.55162 ], [ 2.33625, 6.55171 ], [ 2.33607, 6.55271 ], [ 2.33689, 6.55253 ], [ 2.33716, 6.55352 ], [ 2.33797, 6.55316 ], [ 2.33806, 6.55262 ] ] ], [ [ [ 2.33191, 6.55469 ], [ 2.33254, 6.55424 ], [ 2.33326, 6.55451 ], [ 2.33381, 6.55533 ], [ 2.33453, 6.5546 ], [ 2.33589, 6.55533 ], [ 2.33571, 6.5547 ], [ 2.33634, 6.55452 ], [ 2.33643, 6.55388 ], [ 2.33589, 6.55442 ], [ 2.33535, 6.55424 ], [ 2.33535, 6.55388 ], [ 2.33616, 6.55352 ], [ 2.33625, 6.55307 ], [ 2.33562, 6.55343 ], [ 2.33517, 6.55325 ], [ 2.33489, 6.55379 ], [ 2.33381, 6.55397 ], [ 2.33336, 6.55442 ], [ 2.33327, 6.5537 ], [ 2.33444, 6.55352 ], [ 2.33426, 6.55307 ], [ 2.33372, 6.55297 ], [ 2.33336, 6.55207 ], [ 2.3339, 6.55234 ], [ 2.3339, 6.55171 ], [ 2.33445, 6.55126 ], [ 2.33426, 6.55098 ], [ 2.33363, 6.55126 ], [ 2.33354, 6.55089 ], [ 2.33327, 6.55162 ], [ 2.33264, 6.55125 ], [ 2.333, 6.5518 ], [ 2.33281, 6.55261 ], [ 2.33336, 6.55279 ], [ 2.33327, 6.55315 ], [ 2.33245, 6.55297 ], [ 2.33218, 6.55415 ], [ 2.33146, 6.55451 ], [ 2.33073, 6.55433 ], [ 2.33046, 6.55505 ], [ 2.331, 6.55532 ], [ 2.33182, 6.55496 ], [ 2.33182, 6.55541 ], [ 2.33218, 6.55551 ], [ 2.33227, 6.55487 ], [ 2.33191, 6.55469 ] ] ], [ [ [ 2.33815, 6.55597 ], [ 2.33878, 6.55551 ], [ 2.33833, 6.55515 ], [ 2.33842, 6.55452 ], [ 2.33797, 6.55425 ], [ 2.33697, 6.55569 ], [ 2.33742, 6.55578 ], [ 2.33724, 6.55633 ], [ 2.33779, 6.55642 ], [ 2.33769, 6.55678 ], [ 2.33833, 6.5566 ], [ 2.33833, 6.55723 ], [ 2.3386, 6.55678 ], [ 2.33815, 6.55597 ] ] ], [ [ [ 2.32946, 6.56093 ], [ 2.32982, 6.56057 ], [ 2.32955, 6.5603 ], [ 2.32973, 6.55975 ], [ 2.32937, 6.55966 ], [ 2.32946, 6.55894 ], [ 2.33018, 6.5593 ], [ 2.32991, 6.55966 ], [ 2.33009, 6.56084 ], [ 2.33063, 6.56057 ], [ 2.33036, 6.55985 ], [ 2.33118, 6.56012 ], [ 2.33163, 6.5593 ], [ 2.33118, 6.55912 ], [ 2.33091, 6.5584 ], [ 2.32883, 6.55776 ], [ 2.3291, 6.55713 ], [ 2.32847, 6.55686 ], [ 2.32928, 6.55595 ], [ 2.32775, 6.55541 ], [ 2.32811, 6.55496 ], [ 2.32874, 6.55514 ], [ 2.32928, 6.55414 ], [ 2.33046, 6.55451 ], [ 2.33001, 6.55387 ], [ 2.33001, 6.55315 ], [ 2.32956, 6.55297 ], [ 2.32938, 6.55378 ], [ 2.32865, 6.55333 ], [ 2.3292, 6.55279 ], [ 2.32884, 6.55224 ], [ 2.32702, 6.55333 ], [ 2.32639, 6.55459 ], [ 2.32639, 6.55486 ], [ 2.32756, 6.55523 ], [ 2.32738, 6.55586 ], [ 2.32783, 6.5564 ], [ 2.32747, 6.55649 ], [ 2.32711, 6.55604 ], [ 2.3263, 6.55631 ], [ 2.32612, 6.55586 ], [ 2.32539, 6.55658 ], [ 2.32548, 6.55703 ], [ 2.3263, 6.55667 ], [ 2.32611, 6.55722 ], [ 2.32729, 6.55658 ], [ 2.32729, 6.55722 ], [ 2.32792, 6.55812 ], [ 2.32856, 6.55803 ], [ 2.32846, 6.55885 ], [ 2.32819, 6.55894 ], [ 2.32747, 6.55794 ], [ 2.3262, 6.55812 ], [ 2.32566, 6.55749 ], [ 2.32539, 6.55839 ], [ 2.32593, 6.55875 ], [ 2.32548, 6.55948 ], [ 2.32593, 6.55975 ], [ 2.32566, 6.56029 ], [ 2.32602, 6.56029 ], [ 2.3262, 6.56083 ], [ 2.32756, 6.56093 ], [ 2.32738, 6.5602 ], [ 2.32828, 6.55921 ], [ 2.32873, 6.56048 ], [ 2.32855, 6.56093 ], [ 2.32928, 6.56129 ], [ 2.32891, 6.56265 ], [ 2.32955, 6.56247 ], [ 2.32946, 6.56093 ] ] ], [ [ [ 2.33714, 6.5661 ], [ 2.33669, 6.56573 ], [ 2.33669, 6.5651 ], [ 2.33633, 6.56501 ], [ 2.33651, 6.56429 ], [ 2.33624, 6.56374 ], [ 2.33669, 6.56365 ], [ 2.33732, 6.56275 ], [ 2.33624, 6.56257 ], [ 2.3366, 6.56239 ], [ 2.33697, 6.56112 ], [ 2.33733, 6.56148 ], [ 2.33778, 6.56139 ], [ 2.33778, 6.56067 ], [ 2.33687, 6.56103 ], [ 2.33669, 6.56049 ], [ 2.33579, 6.56021 ], [ 2.33543, 6.55922 ], [ 2.3348, 6.55886 ], [ 2.33507, 6.55831 ], [ 2.33453, 6.55795 ], [ 2.33434, 6.55895 ], [ 2.33507, 6.55985 ], [ 2.33488, 6.56085 ], [ 2.33561, 6.56067 ], [ 2.33579, 6.56184 ], [ 2.33615, 6.56121 ], [ 2.33642, 6.56175 ], [ 2.33561, 6.56239 ], [ 2.33561, 6.56329 ], [ 2.33524, 6.56338 ], [ 2.33479, 6.56229 ], [ 2.33488, 6.56157 ], [ 2.33452, 6.56139 ], [ 2.33479, 6.56085 ], [ 2.3338, 6.56075 ], [ 2.33389, 6.5613 ], [ 2.33317, 6.56139 ], [ 2.33316, 6.56193 ], [ 2.33407, 6.56256 ], [ 2.33361, 6.56428 ], [ 2.33461, 6.56365 ], [ 2.33524, 6.56383 ], [ 2.33542, 6.56492 ], [ 2.33461, 6.56492 ], [ 2.33424, 6.56573 ], [ 2.33578, 6.56555 ], [ 2.33587, 6.56691 ], [ 2.33632, 6.56718 ], [ 2.33632, 6.56763 ], [ 2.33714, 6.56691 ], [ 2.33714, 6.5661 ] ] ], [ [ [ 2.33099, 6.56591 ], [ 2.33171, 6.56636 ], [ 2.33253, 6.56519 ], [ 2.33189, 6.56473 ], [ 2.33226, 6.5641 ], [ 2.33135, 6.56446 ], [ 2.33135, 6.56401 ], [ 2.33054, 6.56319 ], [ 2.32982, 6.56355 ], [ 2.32972, 6.56401 ], [ 2.3309, 6.56383 ], [ 2.33081, 6.56455 ], [ 2.33009, 6.56446 ], [ 2.33008, 6.56509 ], [ 2.33054, 6.56545 ], [ 2.33008, 6.56654 ], [ 2.33053, 6.56663 ], [ 2.33099, 6.56591 ] ] ], [ [ [ 2.33026, 6.5679 ], [ 2.32999, 6.56681 ], [ 2.32891, 6.56654 ], [ 2.32918, 6.56591 ], [ 2.32882, 6.5659 ], [ 2.32827, 6.56717 ], [ 2.32927, 6.56726 ], [ 2.32963, 6.5669 ], [ 2.32972, 6.56726 ], [ 2.32918, 6.5679 ], [ 2.32927, 6.5688 ], [ 2.32954, 6.56871 ], [ 2.32954, 6.5679 ], [ 2.33026, 6.5679 ] ] ], [ [ [ 2.33288, 6.56935 ], [ 2.33216, 6.56817 ], [ 2.33098, 6.56835 ], [ 2.33135, 6.56889 ], [ 2.3308, 6.56925 ], [ 2.3308, 6.56998 ], [ 2.33288, 6.56935 ] ] ], [ [ [ 2.33876, 6.57126 ], [ 2.33912, 6.57089 ], [ 2.33885, 6.57044 ], [ 2.33913, 6.56936 ], [ 2.33768, 6.56917 ], [ 2.33695, 6.56972 ], [ 2.33704, 6.57017 ], [ 2.33759, 6.57017 ], [ 2.33768, 6.57089 ], [ 2.33686, 6.57134 ], [ 2.33668, 6.57062 ], [ 2.33641, 6.57062 ], [ 2.33659, 6.57143 ], [ 2.33632, 6.5718 ], [ 2.33722, 6.57234 ], [ 2.33795, 6.57207 ], [ 2.33785, 6.57279 ], [ 2.33867, 6.57225 ], [ 2.33876, 6.57126 ] ] ], [ [ [ 2.33071, 6.57061 ], [ 2.32971, 6.57088 ], [ 2.3289, 6.56979 ], [ 2.32809, 6.56952 ], [ 2.328, 6.56997 ], [ 2.32745, 6.56997 ], [ 2.32763, 6.57124 ], [ 2.32836, 6.57178 ], [ 2.33016, 6.57269 ], [ 2.33071, 6.5726 ], [ 2.33071, 6.57061 ] ] ], [ [ [ 2.33604, 6.5746 ], [ 2.33532, 6.57424 ], [ 2.3355, 6.5736 ], [ 2.33523, 6.57315 ], [ 2.33568, 6.57333 ], [ 2.33604, 6.57315 ], [ 2.33505, 6.57252 ], [ 2.33415, 6.57243 ], [ 2.33433, 6.57351 ], [ 2.33469, 6.5736 ], [ 2.33441, 6.57505 ], [ 2.33559, 6.57568 ], [ 2.33604, 6.5746 ] ] ], [ [ [ 2.33912, 6.57714 ], [ 2.33876, 6.57533 ], [ 2.33921, 6.5737 ], [ 2.33831, 6.57343 ], [ 2.33794, 6.57288 ], [ 2.33794, 6.5737 ], [ 2.33713, 6.57379 ], [ 2.33695, 6.57478 ], [ 2.33731, 6.57514 ], [ 2.33704, 6.57551 ], [ 2.33831, 6.57388 ], [ 2.33867, 6.57433 ], [ 2.33785, 6.57487 ], [ 2.33758, 6.57587 ], [ 2.33803, 6.57605 ], [ 2.3383, 6.57569 ], [ 2.33866, 6.57614 ], [ 2.33794, 6.57668 ], [ 2.33758, 6.57632 ], [ 2.33694, 6.57659 ], [ 2.33695, 6.57578 ], [ 2.3364, 6.57569 ], [ 2.33631, 6.57659 ], [ 2.33649, 6.57686 ], [ 2.33731, 6.57668 ], [ 2.33776, 6.57741 ], [ 2.33821, 6.57695 ], [ 2.33912, 6.57714 ] ] ], [ [ [ 2.32817, 6.57622 ], [ 2.32862, 6.57558 ], [ 2.32826, 6.57522 ], [ 2.32736, 6.57567 ], [ 2.32699, 6.57549 ], [ 2.32727, 6.57604 ], [ 2.32663, 6.57694 ], [ 2.32781, 6.57694 ], [ 2.32799, 6.57757 ], [ 2.32835, 6.57694 ], [ 2.32817, 6.57622 ] ] ], [ [ [ 2.32473, 6.57838 ], [ 2.3241, 6.57847 ], [ 2.32364, 6.57802 ], [ 2.32491, 6.57829 ], [ 2.32518, 6.57766 ], [ 2.32392, 6.57775 ], [ 2.32365, 6.57721 ], [ 2.3231, 6.5773 ], [ 2.32292, 6.57802 ], [ 2.324, 6.5792 ], [ 2.32473, 6.57838 ] ] ], [ [ [ 2.32816, 6.58192 ], [ 2.32753, 6.58173 ], [ 2.32717, 6.58101 ], [ 2.32663, 6.58128 ], [ 2.32654, 6.58083 ], [ 2.32626, 6.58092 ], [ 2.32662, 6.5821 ], [ 2.32635, 6.58237 ], [ 2.32671, 6.58228 ], [ 2.3268, 6.58273 ], [ 2.3278, 6.58255 ], [ 2.32816, 6.58192 ] ] ], [ [ [ 2.32915, 6.58662 ], [ 2.32906, 6.58599 ], [ 2.32852, 6.58608 ], [ 2.32825, 6.58545 ], [ 2.32789, 6.58617 ], [ 2.32834, 6.58653 ], [ 2.3277, 6.58662 ], [ 2.32725, 6.58572 ], [ 2.3277, 6.58563 ], [ 2.32789, 6.58508 ], [ 2.32753, 6.58472 ], [ 2.32698, 6.58481 ], [ 2.32671, 6.58562 ], [ 2.32734, 6.58689 ], [ 2.32779, 6.58716 ], [ 2.32915, 6.58662 ] ] ], [ [ [ 2.32887, 6.59024 ], [ 2.32951, 6.59042 ], [ 2.32951, 6.58997 ], [ 2.32869, 6.58979 ], [ 2.32888, 6.58916 ], [ 2.32797, 6.58979 ], [ 2.32797, 6.59033 ], [ 2.32725, 6.59051 ], [ 2.32679, 6.59024 ], [ 2.32625, 6.59087 ], [ 2.32779, 6.59078 ], [ 2.32842, 6.59114 ], [ 2.32887, 6.59024 ] ] ], [ [ [ 2.3286, 6.59295 ], [ 2.32887, 6.59286 ], [ 2.3286, 6.59241 ], [ 2.32743, 6.59169 ], [ 2.32715, 6.59205 ], [ 2.3267, 6.59187 ], [ 2.32724, 6.59241 ], [ 2.32688, 6.59304 ], [ 2.32742, 6.59377 ], [ 2.32833, 6.59413 ], [ 2.3286, 6.59295 ] ] ], [ [ [ 2.32868, 6.60046 ], [ 2.32759, 6.60001 ], [ 2.32886, 6.6001 ], [ 2.32904, 6.59974 ], [ 2.32823, 6.59902 ], [ 2.32823, 6.59703 ], [ 2.32751, 6.59585 ], [ 2.32697, 6.59621 ], [ 2.32697, 6.59657 ], [ 2.32742, 6.59666 ], [ 2.32751, 6.59766 ], [ 2.32678, 6.59802 ], [ 2.32696, 6.59883 ], [ 2.3266, 6.59856 ], [ 2.32615, 6.59883 ], [ 2.32705, 6.59956 ], [ 2.32796, 6.59883 ], [ 2.32805, 6.59938 ], [ 2.32705, 6.59983 ], [ 2.32687, 6.60037 ], [ 2.32723, 6.60028 ], [ 2.32714, 6.60146 ], [ 2.32868, 6.60046 ] ] ], [ [ [ 2.32594, 6.62054 ], [ 2.32494, 6.62054 ], [ 2.32476, 6.62009 ], [ 2.3244, 6.62018 ], [ 2.32485, 6.62163 ], [ 2.32557, 6.6219 ], [ 2.32594, 6.62054 ] ] ], [ [ [ 2.33139, 6.66805 ], [ 2.3313, 6.66805 ], [ 2.3313, 6.66832 ], [ 2.33139, 6.66805 ] ] ], [ [ [ 2.34481, 6.36689 ], [ 2.34572, 6.36708 ], [ 2.34581, 6.36662 ], [ 2.34735, 6.36662 ], [ 2.34762, 6.36608 ], [ 2.34545, 6.36635 ], [ 2.34518, 6.36671 ], [ 2.34454, 6.36653 ], [ 2.34391, 6.36707 ], [ 2.34391, 6.36825 ], [ 2.34481, 6.36689 ] ] ], [ [ [ 2.34886, 6.38382 ], [ 2.34922, 6.38345 ], [ 2.35085, 6.38382 ], [ 2.35049, 6.38318 ], [ 2.35004, 6.38318 ], [ 2.35058, 6.38282 ], [ 2.35049, 6.38237 ], [ 2.34914, 6.38183 ], [ 2.34905, 6.38083 ], [ 2.34787, 6.38074 ], [ 2.34769, 6.38101 ], [ 2.34787, 6.38164 ], [ 2.34877, 6.38201 ], [ 2.34886, 6.38264 ], [ 2.34778, 6.383 ], [ 2.34705, 6.38255 ], [ 2.3466, 6.38363 ], [ 2.34696, 6.38363 ], [ 2.3476, 6.38445 ], [ 2.34751, 6.38336 ], [ 2.34886, 6.38382 ] ] ], [ [ [ 2.35184, 6.38635 ], [ 2.35202, 6.38672 ], [ 2.35266, 6.38644 ], [ 2.35266, 6.38536 ], [ 2.35302, 6.38518 ], [ 2.35257, 6.38355 ], [ 2.35203, 6.38427 ], [ 2.35248, 6.38527 ], [ 2.35193, 6.38572 ], [ 2.35094, 6.38563 ], [ 2.34967, 6.38662 ], [ 2.35184, 6.38635 ] ] ], [ [ [ 2.34459, 6.40344 ], [ 2.34459, 6.4029 ], [ 2.34405, 6.40236 ], [ 2.34432, 6.4019 ], [ 2.34414, 6.40136 ], [ 2.34378, 6.40118 ], [ 2.34341, 6.40181 ], [ 2.34215, 6.40172 ], [ 2.34197, 6.40036 ], [ 2.34169, 6.4019 ], [ 2.34197, 6.40217 ], [ 2.34341, 6.4019 ], [ 2.34414, 6.40272 ], [ 2.34377, 6.40308 ], [ 2.34305, 6.4029 ], [ 2.34296, 6.40335 ], [ 2.34459, 6.40344 ] ] ], [ [ [ 2.33961, 6.40642 ], [ 2.33952, 6.40579 ], [ 2.33997, 6.4057 ], [ 2.34033, 6.40624 ], [ 2.33988, 6.40687 ], [ 2.34042, 6.40669 ], [ 2.34061, 6.40534 ], [ 2.33925, 6.40506 ], [ 2.33907, 6.40579 ], [ 2.33843, 6.40579 ], [ 2.33879, 6.40696 ], [ 2.33898, 6.40633 ], [ 2.33961, 6.40642 ] ] ], [ [ [ 2.34684, 6.40815 ], [ 2.34603, 6.40797 ], [ 2.34594, 6.40761 ], [ 2.34657, 6.40706 ], [ 2.3463, 6.40634 ], [ 2.34693, 6.40598 ], [ 2.34558, 6.4058 ], [ 2.34531, 6.40471 ], [ 2.34612, 6.40498 ], [ 2.34612, 6.40453 ], [ 2.34522, 6.40453 ], [ 2.34477, 6.40489 ], [ 2.34495, 6.40417 ], [ 2.34558, 6.40408 ], [ 2.34549, 6.40362 ], [ 2.34513, 6.40362 ], [ 2.3445, 6.40435 ], [ 2.34458, 6.40534 ], [ 2.34504, 6.40552 ], [ 2.34476, 6.40652 ], [ 2.34549, 6.40607 ], [ 2.34612, 6.40625 ], [ 2.34513, 6.40679 ], [ 2.34503, 6.40724 ], [ 2.34585, 6.40733 ], [ 2.3453, 6.40824 ], [ 2.34585, 6.40806 ], [ 2.34621, 6.40869 ], [ 2.3463, 6.40815 ], [ 2.34684, 6.40815 ] ] ], [ [ [ 2.34684, 6.41186 ], [ 2.34711, 6.40933 ], [ 2.34657, 6.40914 ], [ 2.34657, 6.41014 ], [ 2.34612, 6.41032 ], [ 2.34675, 6.41123 ], [ 2.34638, 6.41222 ], [ 2.34711, 6.4124 ], [ 2.34684, 6.41186 ] ] ], [ [ [ 2.34386, 6.40932 ], [ 2.34141, 6.4095 ], [ 2.34141, 6.4105 ], [ 2.3425, 6.41004 ], [ 2.34223, 6.41095 ], [ 2.34286, 6.41122 ], [ 2.34268, 6.41167 ], [ 2.34322, 6.4114 ], [ 2.34394, 6.41204 ], [ 2.34439, 6.41195 ], [ 2.34448, 6.41303 ], [ 2.34494, 6.4124 ], [ 2.34386, 6.40932 ] ] ], [ [ [ 2.34059, 6.41827 ], [ 2.3395, 6.41755 ], [ 2.33969, 6.41664 ], [ 2.33923, 6.41637 ], [ 2.33996, 6.41592 ], [ 2.34005, 6.41466 ], [ 2.34114, 6.41457 ], [ 2.34141, 6.41393 ], [ 2.34059, 6.41375 ], [ 2.34005, 6.41429 ], [ 2.33969, 6.41384 ], [ 2.33915, 6.41384 ], [ 2.33906, 6.4123 ], [ 2.33806, 6.41257 ], [ 2.33843, 6.41203 ], [ 2.3377, 6.41185 ], [ 2.33797, 6.41266 ], [ 2.3377, 6.41375 ], [ 2.33842, 6.41483 ], [ 2.33842, 6.41565 ], [ 2.33806, 6.41601 ], [ 2.33815, 6.41737 ], [ 2.3386, 6.41827 ], [ 2.33923, 6.41863 ], [ 2.34059, 6.41827 ] ] ], [ [ [ 2.34213, 6.41719 ], [ 2.34213, 6.41782 ], [ 2.34348, 6.41719 ], [ 2.34448, 6.41737 ], [ 2.34511, 6.419 ], [ 2.34493, 6.41738 ], [ 2.34367, 6.4162 ], [ 2.34303, 6.41629 ], [ 2.34267, 6.4171 ], [ 2.34177, 6.41683 ], [ 2.3414, 6.41629 ], [ 2.34113, 6.41638 ], [ 2.3414, 6.41692 ], [ 2.33987, 6.41665 ], [ 2.34041, 6.41746 ], [ 2.34122, 6.41755 ], [ 2.34122, 6.418 ], [ 2.34158, 6.41737 ], [ 2.34213, 6.41719 ] ] ], [ [ [ 2.34104, 6.42017 ], [ 2.34068, 6.42054 ], [ 2.33995, 6.42008 ], [ 2.33941, 6.42035 ], [ 2.34067, 6.42144 ], [ 2.34049, 6.42216 ], [ 2.34095, 6.42207 ], [ 2.34113, 6.42153 ], [ 2.34131, 6.4218 ], [ 2.34158, 6.42162 ], [ 2.34122, 6.42008 ], [ 2.34221, 6.41972 ], [ 2.34104, 6.41873 ], [ 2.34122, 6.418 ], [ 2.34068, 6.41837 ], [ 2.34104, 6.42017 ] ] ], [ [ [ 2.34492, 6.42398 ], [ 2.34438, 6.42344 ], [ 2.34529, 6.42308 ], [ 2.34529, 6.42235 ], [ 2.34465, 6.42127 ], [ 2.34348, 6.42181 ], [ 2.34402, 6.42235 ], [ 2.3442, 6.42325 ], [ 2.34293, 6.42343 ], [ 2.34348, 6.4238 ], [ 2.34311, 6.42443 ], [ 2.34338, 6.42497 ], [ 2.34492, 6.42398 ] ] ], [ [ [ 2.3489, 6.42398 ], [ 2.34927, 6.42236 ], [ 2.34845, 6.42154 ], [ 2.348, 6.42407 ], [ 2.3499, 6.42489 ], [ 2.3489, 6.42398 ] ] ], [ [ [ 2.34266, 6.42371 ], [ 2.34176, 6.42379 ], [ 2.34158, 6.42334 ], [ 2.34284, 6.4219 ], [ 2.34049, 6.42271 ], [ 2.34121, 6.42397 ], [ 2.34203, 6.42461 ], [ 2.34266, 6.42371 ] ] ], [ [ [ 2.34809, 6.42588 ], [ 2.34818, 6.42634 ], [ 2.34845, 6.42616 ], [ 2.34719, 6.42244 ], [ 2.34682, 6.42235 ], [ 2.34691, 6.42362 ], [ 2.34592, 6.42353 ], [ 2.34673, 6.42452 ], [ 2.34592, 6.42443 ], [ 2.34501, 6.42534 ], [ 2.34573, 6.42561 ], [ 2.34609, 6.42633 ], [ 2.34673, 6.42597 ], [ 2.34664, 6.42543 ], [ 2.34754, 6.42561 ], [ 2.34772, 6.42652 ], [ 2.34799, 6.42643 ], [ 2.34781, 6.42597 ], [ 2.34809, 6.42588 ] ] ], [ [ [ 2.347, 6.42914 ], [ 2.34763, 6.42833 ], [ 2.34844, 6.42878 ], [ 2.34844, 6.42914 ], [ 2.34799, 6.42914 ], [ 2.34808, 6.4295 ], [ 2.34899, 6.42905 ], [ 2.34917, 6.42978 ], [ 2.34998, 6.42851 ], [ 2.34899, 6.42724 ], [ 2.34845, 6.42724 ], [ 2.34844, 6.42824 ], [ 2.34745, 6.42769 ], [ 2.34682, 6.42787 ], [ 2.34609, 6.42869 ], [ 2.34681, 6.43004 ], [ 2.34727, 6.4295 ], [ 2.347, 6.42914 ] ] ], [ [ [ 2.3411, 6.44171 ], [ 2.3411, 6.44107 ], [ 2.34011, 6.44053 ], [ 2.33947, 6.44098 ], [ 2.33938, 6.4418 ], [ 2.3411, 6.44171 ] ] ], [ [ [ 2.35955, 6.44634 ], [ 2.35946, 6.44607 ], [ 2.35855, 6.44652 ], [ 2.35882, 6.4458 ], [ 2.35738, 6.44589 ], [ 2.35584, 6.44453 ], [ 2.35566, 6.4439 ], [ 2.3562, 6.44381 ], [ 2.35611, 6.44344 ], [ 2.35566, 6.44326 ], [ 2.35548, 6.44245 ], [ 2.35449, 6.4419 ], [ 2.35485, 6.44299 ], [ 2.35548, 6.44344 ], [ 2.35539, 6.44408 ], [ 2.35611, 6.44553 ], [ 2.35837, 6.44707 ], [ 2.35955, 6.44634 ] ] ], [ [ [ 2.35419, 6.46362 ], [ 2.35355, 6.46307 ], [ 2.35401, 6.46235 ], [ 2.35193, 6.46199 ], [ 2.35238, 6.46244 ], [ 2.35193, 6.46244 ], [ 2.35165, 6.46416 ], [ 2.35419, 6.46362 ] ] ], [ [ [ 2.35464, 6.46633 ], [ 2.35491, 6.4657 ], [ 2.35455, 6.46561 ], [ 2.35446, 6.46443 ], [ 2.35346, 6.46425 ], [ 2.35192, 6.46506 ], [ 2.35156, 6.46461 ], [ 2.35174, 6.46425 ], [ 2.3512, 6.46407 ], [ 2.3512, 6.4656 ], [ 2.35174, 6.46669 ], [ 2.35319, 6.46696 ], [ 2.35346, 6.46669 ], [ 2.3531, 6.46642 ], [ 2.354, 6.46624 ], [ 2.354, 6.46687 ], [ 2.35482, 6.46706 ], [ 2.35509, 6.46651 ], [ 2.35464, 6.46633 ] ] ], [ [ [ 2.34033, 6.47617 ], [ 2.3397, 6.4759 ], [ 2.33961, 6.47536 ], [ 2.33898, 6.47554 ], [ 2.3388, 6.475 ], [ 2.33861, 6.47563 ], [ 2.33907, 6.47681 ], [ 2.33834, 6.47726 ], [ 2.33961, 6.47735 ], [ 2.34033, 6.47617 ] ] ], [ [ [ 2.3416, 6.47853 ], [ 2.34006, 6.47907 ], [ 2.34024, 6.47844 ], [ 2.33988, 6.47816 ], [ 2.33915, 6.47871 ], [ 2.33933, 6.47952 ], [ 2.34078, 6.47961 ], [ 2.34105, 6.47925 ], [ 2.3415, 6.48016 ], [ 2.34223, 6.48016 ], [ 2.34178, 6.4798 ], [ 2.3416, 6.47853 ] ] ], [ [ [ 2.34286, 6.48224 ], [ 2.34222, 6.48233 ], [ 2.3425, 6.48161 ], [ 2.34286, 6.48152 ], [ 2.3425, 6.48115 ], [ 2.34186, 6.48124 ], [ 2.34195, 6.48197 ], [ 2.34105, 6.4826 ], [ 2.34123, 6.48296 ], [ 2.34249, 6.48314 ], [ 2.34322, 6.48269 ], [ 2.34286, 6.48224 ] ] ], [ [ [ 2.33878, 6.48857 ], [ 2.33932, 6.48685 ], [ 2.33896, 6.48685 ], [ 2.33842, 6.48784 ], [ 2.33824, 6.48748 ], [ 2.33779, 6.48757 ], [ 2.33779, 6.48648 ], [ 2.33733, 6.4863 ], [ 2.33706, 6.48838 ], [ 2.33787, 6.48875 ], [ 2.33842, 6.4882 ], [ 2.33878, 6.48857 ] ] ], [ [ [ 2.35162, 6.49193 ], [ 2.35035, 6.49093 ], [ 2.34999, 6.4912 ], [ 2.35053, 6.49121 ], [ 2.35062, 6.49193 ], [ 2.34909, 6.49157 ], [ 2.34981, 6.49256 ], [ 2.35062, 6.49302 ], [ 2.35116, 6.49311 ], [ 2.35117, 6.49247 ], [ 2.35162, 6.49193 ] ] ], [ [ [ 2.34673, 6.49256 ], [ 2.34737, 6.49256 ], [ 2.34764, 6.49202 ], [ 2.348, 6.49229 ], [ 2.348, 6.49165 ], [ 2.34637, 6.49147 ], [ 2.34601, 6.4921 ], [ 2.34529, 6.49238 ], [ 2.34502, 6.49228 ], [ 2.34529, 6.49165 ], [ 2.34465, 6.4921 ], [ 2.3442, 6.49319 ], [ 2.34456, 6.49391 ], [ 2.34583, 6.49382 ], [ 2.34673, 6.49256 ] ] ], [ [ [ 2.34456, 6.49455 ], [ 2.34384, 6.49328 ], [ 2.34185, 6.49382 ], [ 2.34185, 6.49508 ], [ 2.34293, 6.49536 ], [ 2.34456, 6.49455 ] ] ], [ [ [ 2.34148, 6.50006 ], [ 2.34121, 6.49988 ], [ 2.34247, 6.49988 ], [ 2.34274, 6.49934 ], [ 2.34085, 6.49897 ], [ 2.34121, 6.49943 ], [ 2.34103, 6.49997 ], [ 2.33994, 6.4997 ], [ 2.33985, 6.50024 ], [ 2.34039, 6.50024 ], [ 2.34066, 6.50096 ], [ 2.34148, 6.50006 ] ] ], [ [ [ 2.34772, 6.5007 ], [ 2.34953, 6.50143 ], [ 2.34953, 6.50061 ], [ 2.3507, 6.50098 ], [ 2.35125, 6.50025 ], [ 2.35097, 6.50034 ], [ 2.35079, 6.49962 ], [ 2.34853, 6.50079 ], [ 2.34817, 6.50034 ], [ 2.34754, 6.50061 ], [ 2.34745, 6.50016 ], [ 2.34709, 6.50016 ], [ 2.34645, 6.50079 ], [ 2.34663, 6.50215 ], [ 2.34708, 6.50197 ], [ 2.3469, 6.5016 ], [ 2.34772, 6.5007 ] ] ], [ [ [ 2.34889, 6.50477 ], [ 2.34943, 6.50423 ], [ 2.35025, 6.50432 ], [ 2.35079, 6.50342 ], [ 2.3498, 6.50324 ], [ 2.34898, 6.50405 ], [ 2.34808, 6.50423 ], [ 2.34817, 6.50369 ], [ 2.34889, 6.50351 ], [ 2.34871, 6.50287 ], [ 2.34726, 6.50432 ], [ 2.34762, 6.50504 ], [ 2.34889, 6.50477 ] ] ], [ [ [ 2.34102, 6.50621 ], [ 2.34084, 6.5054 ], [ 2.34011, 6.50521 ], [ 2.3403, 6.50476 ], [ 2.34183, 6.50513 ], [ 2.34129, 6.50549 ], [ 2.34156, 6.50594 ], [ 2.34138, 6.50712 ], [ 2.34147, 6.50748 ], [ 2.34201, 6.50712 ], [ 2.34219, 6.50603 ], [ 2.34319, 6.50676 ], [ 2.34382, 6.50649 ], [ 2.34328, 6.50621 ], [ 2.34328, 6.50594 ], [ 2.34373, 6.50612 ], [ 2.34337, 6.5044 ], [ 2.34274, 6.50477 ], [ 2.34301, 6.50549 ], [ 2.34228, 6.50585 ], [ 2.34192, 6.50531 ], [ 2.34247, 6.50422 ], [ 2.34129, 6.50458 ], [ 2.34093, 6.50368 ], [ 2.33966, 6.50386 ], [ 2.33958, 6.50214 ], [ 2.3393, 6.50196 ], [ 2.33939, 6.50277 ], [ 2.33894, 6.50368 ], [ 2.33975, 6.50431 ], [ 2.33939, 6.50512 ], [ 2.33957, 6.50558 ], [ 2.34038, 6.50585 ], [ 2.34047, 6.50793 ], [ 2.34074, 6.50784 ], [ 2.34102, 6.50621 ] ] ], [ [ [ 2.35287, 6.50704 ], [ 2.35241, 6.50668 ], [ 2.35296, 6.50623 ], [ 2.35205, 6.50595 ], [ 2.3516, 6.50523 ], [ 2.35133, 6.5065 ], [ 2.3516, 6.5065 ], [ 2.35178, 6.50758 ], [ 2.35205, 6.50731 ], [ 2.3525, 6.50749 ], [ 2.35287, 6.50704 ] ] ], [ [ [ 2.34191, 6.51182 ], [ 2.3411, 6.51119 ], [ 2.3411, 6.51083 ], [ 2.34201, 6.51001 ], [ 2.3402, 6.50983 ], [ 2.34047, 6.51091 ], [ 2.34011, 6.51128 ], [ 2.33947, 6.51119 ], [ 2.3392, 6.51218 ], [ 2.3411, 6.51164 ], [ 2.34137, 6.51173 ], [ 2.34119, 6.51254 ], [ 2.34191, 6.51182 ] ] ], [ [ [ 2.34997, 6.51138 ], [ 2.35042, 6.51174 ], [ 2.35078, 6.51156 ], [ 2.35078, 6.51084 ], [ 2.35033, 6.51066 ], [ 2.34997, 6.51102 ], [ 2.34942, 6.51075 ], [ 2.34924, 6.5121 ], [ 2.34825, 6.51174 ], [ 2.34843, 6.51255 ], [ 2.34797, 6.51282 ], [ 2.34806, 6.51319 ], [ 2.34888, 6.51283 ], [ 2.34888, 6.51346 ], [ 2.34978, 6.51373 ], [ 2.34997, 6.51138 ] ] ], [ [ [ 2.34336, 6.51553 ], [ 2.34263, 6.51589 ], [ 2.34218, 6.51571 ], [ 2.34128, 6.51589 ], [ 2.34155, 6.51625 ], [ 2.34191, 6.51589 ], [ 2.34236, 6.51626 ], [ 2.34327, 6.51617 ], [ 2.34336, 6.5168 ], [ 2.34272, 6.51707 ], [ 2.34272, 6.51743 ], [ 2.34326, 6.51725 ], [ 2.34372, 6.51752 ], [ 2.34336, 6.51553 ] ] ], [ [ [ 2.35339, 6.51889 ], [ 2.35303, 6.51862 ], [ 2.35231, 6.51898 ], [ 2.35258, 6.51781 ], [ 2.35349, 6.51772 ], [ 2.35385, 6.5169 ], [ 2.35312, 6.51654 ], [ 2.3533, 6.51726 ], [ 2.35303, 6.51754 ], [ 2.35276, 6.51726 ], [ 2.35258, 6.51618 ], [ 2.35367, 6.51573 ], [ 2.35349, 6.51509 ], [ 2.35295, 6.51518 ], [ 2.35295, 6.51428 ], [ 2.3505, 6.514 ], [ 2.34915, 6.51427 ], [ 2.34824, 6.51391 ], [ 2.34815, 6.51472 ], [ 2.3486, 6.51491 ], [ 2.34842, 6.51527 ], [ 2.34752, 6.51527 ], [ 2.34734, 6.51463 ], [ 2.3477, 6.51427 ], [ 2.34652, 6.51481 ], [ 2.34679, 6.51554 ], [ 2.34824, 6.51581 ], [ 2.34897, 6.51482 ], [ 2.35005, 6.51464 ], [ 2.35014, 6.515 ], [ 2.34906, 6.51536 ], [ 2.34906, 6.51581 ], [ 2.34996, 6.51581 ], [ 2.35014, 6.5178 ], [ 2.35041, 6.51798 ], [ 2.35068, 6.51735 ], [ 2.35113, 6.5178 ], [ 2.35168, 6.51717 ], [ 2.35213, 6.51781 ], [ 2.35204, 6.51844 ], [ 2.35149, 6.51799 ], [ 2.35104, 6.51844 ], [ 2.35177, 6.51853 ], [ 2.35195, 6.51925 ], [ 2.35339, 6.51889 ] ], [ [ 2.3505, 6.51527 ], [ 2.3515, 6.51609 ], [ 2.3515, 6.51482 ], [ 2.35249, 6.51491 ], [ 2.35204, 6.51527 ], [ 2.35204, 6.51563 ], [ 2.3524, 6.51563 ], [ 2.35213, 6.51627 ], [ 2.35104, 6.51636 ], [ 2.35068, 6.51672 ], [ 2.35023, 6.51608 ], [ 2.3505, 6.51527 ] ] ], [ [ [ 2.34217, 6.52747 ], [ 2.34262, 6.5272 ], [ 2.3428, 6.52621 ], [ 2.3409, 6.52684 ], [ 2.34063, 6.52657 ], [ 2.34081, 6.52593 ], [ 2.34018, 6.52611 ], [ 2.33945, 6.52566 ], [ 2.33945, 6.52521 ], [ 2.34081, 6.52548 ], [ 2.3409, 6.52512 ], [ 2.34036, 6.52494 ], [ 2.34027, 6.52439 ], [ 2.33973, 6.52457 ], [ 2.339, 6.52385 ], [ 2.3391, 6.52276 ], [ 2.33855, 6.52276 ], [ 2.33873, 6.52358 ], [ 2.33819, 6.52394 ], [ 2.33738, 6.52312 ], [ 2.33819, 6.52439 ], [ 2.33792, 6.52566 ], [ 2.33882, 6.52584 ], [ 2.33927, 6.52539 ], [ 2.33963, 6.52647 ], [ 2.34072, 6.52747 ], [ 2.34217, 6.52747 ] ] ], [ [ [ 2.33881, 6.53407 ], [ 2.33809, 6.53443 ], [ 2.33818, 6.53362 ], [ 2.33736, 6.53362 ], [ 2.33736, 6.53416 ], [ 2.33673, 6.53434 ], [ 2.337, 6.53525 ], [ 2.33745, 6.53507 ], [ 2.33736, 6.53425 ], [ 2.33799, 6.53516 ], [ 2.33872, 6.53498 ], [ 2.33935, 6.53543 ], [ 2.33962, 6.53489 ], [ 2.33881, 6.53407 ] ] ], [ [ [ 2.33962, 6.53905 ], [ 2.33844, 6.53914 ], [ 2.33907, 6.54068 ], [ 2.33989, 6.5405 ], [ 2.33962, 6.53905 ] ] ], [ [ [ 2.3388, 6.54511 ], [ 2.33979, 6.54556 ], [ 2.34015, 6.5452 ], [ 2.33925, 6.5452 ], [ 2.3388, 6.54475 ], [ 2.33961, 6.54457 ], [ 2.3397, 6.54403 ], [ 2.3388, 6.54393 ], [ 2.33889, 6.54421 ], [ 2.33853, 6.5443 ], [ 2.33789, 6.54366 ], [ 2.33789, 6.54402 ], [ 2.33744, 6.5442 ], [ 2.33735, 6.54547 ], [ 2.33816, 6.54583 ], [ 2.3388, 6.54511 ] ] ], [ [ [ 2.33934, 6.54683 ], [ 2.33943, 6.54629 ], [ 2.33907, 6.54583 ], [ 2.33825, 6.54601 ], [ 2.33816, 6.54656 ], [ 2.33762, 6.54619 ], [ 2.33735, 6.54637 ], [ 2.33816, 6.54819 ], [ 2.33852, 6.54819 ], [ 2.3387, 6.54692 ], [ 2.33934, 6.54683 ] ] ], [ [ [ 2.34322, 6.54828 ], [ 2.34313, 6.54756 ], [ 2.34277, 6.54765 ], [ 2.34295, 6.54819 ], [ 2.3425, 6.54855 ], [ 2.34169, 6.54801 ], [ 2.34232, 6.54891 ], [ 2.3434, 6.54892 ], [ 2.34404, 6.54973 ], [ 2.34413, 6.54846 ], [ 2.34322, 6.54828 ] ] ], [ [ [ 2.34213, 6.55443 ], [ 2.34132, 6.55335 ], [ 2.34123, 6.55262 ], [ 2.34041, 6.5528 ], [ 2.34014, 6.55353 ], [ 2.3386, 6.55389 ], [ 2.33878, 6.55443 ], [ 2.34023, 6.55443 ], [ 2.34032, 6.55515 ], [ 2.34068, 6.55506 ], [ 2.34086, 6.55443 ], [ 2.34213, 6.55443 ] ] ], [ [ [ 2.34981, 6.56041 ], [ 2.34963, 6.55969 ], [ 2.35017, 6.56023 ], [ 2.35081, 6.56023 ], [ 2.35063, 6.55761 ], [ 2.34982, 6.55571 ], [ 2.34946, 6.5558 ], [ 2.34964, 6.55643 ], [ 2.34927, 6.5567 ], [ 2.35009, 6.5568 ], [ 2.35, 6.5577 ], [ 2.34954, 6.55797 ], [ 2.3499, 6.55879 ], [ 2.34972, 6.5596 ], [ 2.34809, 6.55969 ], [ 2.34746, 6.56086 ], [ 2.34619, 6.56041 ], [ 2.3471, 6.56122 ], [ 2.34845, 6.56095 ], [ 2.34882, 6.56141 ], [ 2.34981, 6.56041 ] ] ], [ [ [ 2.3442, 6.56014 ], [ 2.3452, 6.56077 ], [ 2.34547, 6.56041 ], [ 2.34439, 6.55905 ], [ 2.34402, 6.55896 ], [ 2.34411, 6.55995 ], [ 2.34375, 6.56004 ], [ 2.34212, 6.5585 ], [ 2.34203, 6.55923 ], [ 2.34249, 6.55923 ], [ 2.34321, 6.56004 ], [ 2.34257, 6.56031 ], [ 2.34203, 6.55986 ], [ 2.34158, 6.5614 ], [ 2.3423, 6.5614 ], [ 2.34194, 6.56113 ], [ 2.34221, 6.56077 ], [ 2.3423, 6.56104 ], [ 2.34303, 6.56104 ], [ 2.34239, 6.56131 ], [ 2.34257, 6.56167 ], [ 2.34402, 6.56149 ], [ 2.34483, 6.56249 ], [ 2.34529, 6.56231 ], [ 2.3442, 6.56014 ] ] ], [ [ [ 2.34095, 6.56067 ], [ 2.33968, 6.56031 ], [ 2.34085, 6.56131 ], [ 2.34058, 6.56176 ], [ 2.34022, 6.56176 ], [ 2.34022, 6.56131 ], [ 2.33968, 6.56085 ], [ 2.33914, 6.56085 ], [ 2.33859, 6.56139 ], [ 2.33896, 6.56031 ], [ 2.33841, 6.5604 ], [ 2.33841, 6.55977 ], [ 2.33787, 6.55995 ], [ 2.33841, 6.56167 ], [ 2.3404, 6.56257 ], [ 2.34076, 6.56257 ], [ 2.34095, 6.56067 ] ] ], [ [ [ 2.33832, 6.56565 ], [ 2.33859, 6.56547 ], [ 2.3385, 6.56411 ], [ 2.33904, 6.56348 ], [ 2.33886, 6.56248 ], [ 2.33841, 6.56275 ], [ 2.33841, 6.56384 ], [ 2.33723, 6.56393 ], [ 2.33805, 6.56474 ], [ 2.33805, 6.5651 ], [ 2.33741, 6.56492 ], [ 2.33714, 6.56546 ], [ 2.33741, 6.56564 ], [ 2.33759, 6.56528 ], [ 2.33832, 6.56565 ] ] ], [ [ [ 2.34048, 6.57053 ], [ 2.34039, 6.57008 ], [ 2.33967, 6.56909 ], [ 2.34084, 6.56945 ], [ 2.34039, 6.56891 ], [ 2.34085, 6.568 ], [ 2.34067, 6.56755 ], [ 2.33976, 6.56782 ], [ 2.33958, 6.56809 ], [ 2.34003, 6.56845 ], [ 2.3394, 6.56863 ], [ 2.33958, 6.57126 ], [ 2.34048, 6.57053 ] ] ], [ [ [ 2.346, 6.57127 ], [ 2.34591, 6.57036 ], [ 2.34509, 6.57063 ], [ 2.34473, 6.57045 ], [ 2.3451, 6.57009 ], [ 2.34428, 6.57009 ], [ 2.34419, 6.57045 ], [ 2.34482, 6.57081 ], [ 2.34464, 6.57271 ], [ 2.346, 6.57127 ] ] ], [ [ [ 2.35576, 6.57508 ], [ 2.35522, 6.5749 ], [ 2.35576, 6.57426 ], [ 2.35631, 6.57426 ], [ 2.35613, 6.57381 ], [ 2.35567, 6.57408 ], [ 2.35486, 6.5739 ], [ 2.35423, 6.57462 ], [ 2.3535, 6.5748 ], [ 2.35368, 6.57526 ], [ 2.35468, 6.57544 ], [ 2.35495, 6.57661 ], [ 2.35567, 6.57643 ], [ 2.35576, 6.57508 ] ] ], [ [ [ 2.35305, 6.57643 ], [ 2.35296, 6.57607 ], [ 2.35223, 6.57616 ], [ 2.3526, 6.57598 ], [ 2.35242, 6.5748 ], [ 2.35205, 6.57507 ], [ 2.35233, 6.57525 ], [ 2.35214, 6.57562 ], [ 2.35151, 6.57561 ], [ 2.35115, 6.57724 ], [ 2.35088, 6.57661 ], [ 2.34961, 6.57697 ], [ 2.34979, 6.5776 ], [ 2.35042, 6.57806 ], [ 2.35133, 6.57815 ], [ 2.35305, 6.57643 ] ] ], [ [ [ 2.35657, 6.58024 ], [ 2.35648, 6.57924 ], [ 2.35739, 6.57888 ], [ 2.35748, 6.57834 ], [ 2.35712, 6.57825 ], [ 2.35675, 6.57897 ], [ 2.35666, 6.57825 ], [ 2.35621, 6.57824 ], [ 2.35522, 6.5787 ], [ 2.35449, 6.57951 ], [ 2.35476, 6.58014 ], [ 2.3553, 6.58023 ], [ 2.35594, 6.57969 ], [ 2.35657, 6.58024 ] ] ], [ [ [ 2.34047, 6.58049 ], [ 2.34011, 6.5803 ], [ 2.34038, 6.5794 ], [ 2.33993, 6.57931 ], [ 2.33947, 6.58048 ], [ 2.33992, 6.58112 ], [ 2.34001, 6.58211 ], [ 2.34065, 6.58193 ], [ 2.34047, 6.58049 ] ] ], [ [ [ 2.3492, 6.60981 ], [ 2.34912, 6.6089 ], [ 2.3483, 6.60954 ], [ 2.34749, 6.60935 ], [ 2.34776, 6.61026 ], [ 2.3483, 6.61044 ], [ 2.3492, 6.60981 ] ] ], [ [ [ 2.35002, 6.60881 ], [ 2.35002, 6.60818 ], [ 2.34912, 6.6089 ], [ 2.35002, 6.60881 ] ] ], [ [ [ 2.35698, 6.61063 ], [ 2.3578, 6.61018 ], [ 2.35753, 6.60991 ], [ 2.35762, 6.60892 ], [ 2.35825, 6.60874 ], [ 2.35862, 6.60801 ], [ 2.35816, 6.60765 ], [ 2.35771, 6.60801 ], [ 2.3569, 6.60783 ], [ 2.35617, 6.60701 ], [ 2.35635, 6.60792 ], [ 2.35753, 6.60846 ], [ 2.3568, 6.60964 ], [ 2.35635, 6.60937 ], [ 2.35653, 6.60909 ], [ 2.35536, 6.60909 ], [ 2.35545, 6.60946 ], [ 2.35608, 6.60964 ], [ 2.35572, 6.61 ], [ 2.35608, 6.61108 ], [ 2.35563, 6.61145 ], [ 2.35653, 6.61172 ], [ 2.35698, 6.61063 ] ] ], [ [ [ 2.34863, 6.70254 ], [ 2.34827, 6.70172 ], [ 2.34872, 6.70055 ], [ 2.34782, 6.7 ], [ 2.34782, 6.69964 ], [ 2.34854, 6.69928 ], [ 2.34836, 6.69847 ], [ 2.34683, 6.69801 ], [ 2.34619, 6.69711 ], [ 2.34429, 6.69701 ], [ 2.34203, 6.69584 ], [ 2.34131, 6.69602 ], [ 2.34086, 6.69529 ], [ 2.34013, 6.69502 ], [ 2.33896, 6.69502 ], [ 2.33787, 6.69429 ], [ 2.33652, 6.69411 ], [ 2.33606, 6.69357 ], [ 2.33498, 6.69356 ], [ 2.33497, 6.69836 ], [ 2.33542, 6.69836 ], [ 2.3366, 6.69945 ], [ 2.33714, 6.69945 ], [ 2.33741, 6.69999 ], [ 2.33796, 6.69999 ], [ 2.33841, 6.70063 ], [ 2.33958, 6.70108 ], [ 2.34049, 6.70199 ], [ 2.34103, 6.70199 ], [ 2.34302, 6.70353 ], [ 2.34836, 6.70353 ], [ 2.34863, 6.70254 ] ] ], [ [ [ 2.36278, 6.46082 ], [ 2.36278, 6.46046 ], [ 2.36306, 6.46019 ], [ 2.36396, 6.46037 ], [ 2.36414, 6.45992 ], [ 2.36224, 6.4582 ], [ 2.36206, 6.45748 ], [ 2.36297, 6.45693 ], [ 2.36216, 6.45548 ], [ 2.36252, 6.45494 ], [ 2.36189, 6.4544 ], [ 2.3618, 6.45512 ], [ 2.36116, 6.45422 ], [ 2.36071, 6.45431 ], [ 2.36053, 6.45485 ], [ 2.36161, 6.45539 ], [ 2.36188, 6.45666 ], [ 2.36161, 6.45883 ], [ 2.36279, 6.45919 ], [ 2.36287, 6.4601 ], [ 2.36251, 6.4601 ], [ 2.36206, 6.461 ], [ 2.36269, 6.46146 ], [ 2.36333, 6.46101 ], [ 2.36278, 6.46082 ] ] ], [ [ [ 2.36205, 6.4658 ], [ 2.36224, 6.46444 ], [ 2.36187, 6.46462 ], [ 2.3616, 6.46453 ], [ 2.36224, 6.46372 ], [ 2.36142, 6.46345 ], [ 2.36133, 6.46308 ], [ 2.3617, 6.4629 ], [ 2.36161, 6.46236 ], [ 2.36215, 6.46245 ], [ 2.36215, 6.46182 ], [ 2.36179, 6.46173 ], [ 2.36161, 6.46227 ], [ 2.36124, 6.46164 ], [ 2.36161, 6.46127 ], [ 2.36152, 6.46073 ], [ 2.36233, 6.46001 ], [ 2.36206, 6.45983 ], [ 2.36116, 6.46001 ], [ 2.36061, 6.46218 ], [ 2.3607, 6.4639 ], [ 2.36115, 6.46417 ], [ 2.36088, 6.46462 ], [ 2.36133, 6.4648 ], [ 2.36133, 6.46553 ], [ 2.3607, 6.46634 ], [ 2.36106, 6.46688 ], [ 2.36205, 6.4658 ] ] ], [ [ [ 2.36213, 6.47593 ], [ 2.36267, 6.47512 ], [ 2.36213, 6.47503 ], [ 2.36213, 6.47412 ], [ 2.36195, 6.47457 ], [ 2.36168, 6.47448 ], [ 2.36141, 6.47358 ], [ 2.36205, 6.47222 ], [ 2.36178, 6.46987 ], [ 2.36268, 6.46951 ], [ 2.36277, 6.46906 ], [ 2.36232, 6.46897 ], [ 2.36232, 6.46788 ], [ 2.36196, 6.46887 ], [ 2.3616, 6.46878 ], [ 2.3616, 6.46788 ], [ 2.36223, 6.4677 ], [ 2.36214, 6.46725 ], [ 2.3616, 6.46706 ], [ 2.36124, 6.46715 ], [ 2.36124, 6.4677 ], [ 2.36051, 6.4677 ], [ 2.36078, 6.46824 ], [ 2.36133, 6.46833 ], [ 2.36169, 6.46996 ], [ 2.36114, 6.47213 ], [ 2.36132, 6.47412 ], [ 2.36105, 6.47457 ], [ 2.36041, 6.47466 ], [ 2.36032, 6.47557 ], [ 2.36087, 6.47575 ], [ 2.36105, 6.47493 ], [ 2.3615, 6.47494 ], [ 2.36132, 6.47548 ], [ 2.36186, 6.47638 ], [ 2.36141, 6.47693 ], [ 2.36195, 6.47684 ], [ 2.36213, 6.4772 ], [ 2.36177, 6.47774 ], [ 2.36131, 6.47765 ], [ 2.36122, 6.4781 ], [ 2.36222, 6.47774 ], [ 2.36213, 6.47593 ] ] ], [ [ [ 2.38013, 6.47487 ], [ 2.38067, 6.47505 ], [ 2.38067, 6.47469 ], [ 2.37995, 6.47423 ], [ 2.38022, 6.47369 ], [ 2.37959, 6.4736 ], [ 2.37914, 6.47387 ], [ 2.37923, 6.47441 ], [ 2.37841, 6.47478 ], [ 2.37932, 6.47559 ], [ 2.38031, 6.47541 ], [ 2.38013, 6.47487 ] ] ], [ [ [ 2.35978, 6.47837 ], [ 2.35923, 6.47864 ], [ 2.35878, 6.4781 ], [ 2.35978, 6.47819 ], [ 2.36023, 6.47783 ], [ 2.36032, 6.47692 ], [ 2.36123, 6.47665 ], [ 2.36095, 6.47629 ], [ 2.36023, 6.47647 ], [ 2.35996, 6.47729 ], [ 2.35923, 6.47747 ], [ 2.3596, 6.47692 ], [ 2.35933, 6.47575 ], [ 2.35806, 6.47593 ], [ 2.35824, 6.47638 ], [ 2.35788, 6.47701 ], [ 2.35851, 6.47783 ], [ 2.35869, 6.47891 ], [ 2.36014, 6.47964 ], [ 2.35978, 6.47837 ] ] ], [ [ [ 2.36529, 6.4791 ], [ 2.36584, 6.47937 ], [ 2.36638, 6.47901 ], [ 2.36611, 6.47874 ], [ 2.3652, 6.47901 ], [ 2.36493, 6.47856 ], [ 2.36403, 6.47865 ], [ 2.36421, 6.4801 ], [ 2.36466, 6.4801 ], [ 2.36529, 6.4791 ] ] ], [ [ [ 2.36077, 6.48262 ], [ 2.36031, 6.48262 ], [ 2.36004, 6.48326 ], [ 2.35977, 6.48326 ], [ 2.35995, 6.4828 ], [ 2.35914, 6.48298 ], [ 2.35986, 6.48353 ], [ 2.35986, 6.48407 ], [ 2.36122, 6.48416 ], [ 2.3614, 6.4838 ], [ 2.36077, 6.48262 ] ] ], [ [ [ 2.36924, 6.502 ], [ 2.36952, 6.50109 ], [ 2.36943, 6.49946 ], [ 2.36988, 6.49919 ], [ 2.36952, 6.49856 ], [ 2.37006, 6.49856 ], [ 2.37006, 6.49793 ], [ 2.36889, 6.49847 ], [ 2.36907, 6.49729 ], [ 2.36862, 6.49666 ], [ 2.36934, 6.49593 ], [ 2.36844, 6.49602 ], [ 2.3679, 6.49548 ], [ 2.36708, 6.49566 ], [ 2.36726, 6.49494 ], [ 2.36627, 6.49331 ], [ 2.36654, 6.49186 ], [ 2.366, 6.49141 ], [ 2.36537, 6.49141 ], [ 2.36447, 6.48996 ], [ 2.36492, 6.48833 ], [ 2.36619, 6.48724 ], [ 2.36628, 6.48679 ], [ 2.36492, 6.48679 ], [ 2.36574, 6.48589 ], [ 2.3651, 6.48562 ], [ 2.36511, 6.48462 ], [ 2.36438, 6.48426 ], [ 2.36411, 6.48344 ], [ 2.36366, 6.48317 ], [ 2.36384, 6.48426 ], [ 2.36321, 6.48471 ], [ 2.36393, 6.48516 ], [ 2.3642, 6.48489 ], [ 2.36456, 6.48507 ], [ 2.36411, 6.48525 ], [ 2.36411, 6.48579 ], [ 2.36483, 6.48598 ], [ 2.36465, 6.48697 ], [ 2.36492, 6.48779 ], [ 2.36492, 6.48824 ], [ 2.36456, 6.48833 ], [ 2.36438, 6.48742 ], [ 2.36384, 6.4876 ], [ 2.36456, 6.48887 ], [ 2.36365, 6.48977 ], [ 2.3641, 6.48987 ], [ 2.3651, 6.49159 ], [ 2.36564, 6.49159 ], [ 2.3651, 6.49258 ], [ 2.36618, 6.4934 ], [ 2.36627, 6.49475 ], [ 2.366, 6.49512 ], [ 2.36518, 6.49493 ], [ 2.36491, 6.49403 ], [ 2.36401, 6.49529 ], [ 2.36482, 6.49584 ], [ 2.36518, 6.49575 ], [ 2.36518, 6.4953 ], [ 2.366, 6.49521 ], [ 2.36672, 6.49602 ], [ 2.36817, 6.49593 ], [ 2.36844, 6.49648 ], [ 2.36816, 6.49702 ], [ 2.36898, 6.49774 ], [ 2.36844, 6.49792 ], [ 2.36807, 6.4972 ], [ 2.3678, 6.49729 ], [ 2.36807, 6.49828 ], [ 2.36744, 6.49837 ], [ 2.36726, 6.49964 ], [ 2.36753, 6.5 ], [ 2.36798, 6.4991 ], [ 2.36907, 6.49937 ], [ 2.36888, 6.50037 ], [ 2.36816, 6.49982 ], [ 2.36807, 6.5 ], [ 2.36852, 6.50082 ], [ 2.36934, 6.50091 ], [ 2.36879, 6.50218 ], [ 2.3696, 6.50299 ], [ 2.36924, 6.502 ] ] ], [ [ [ 2.38083, 6.49559 ], [ 2.38074, 6.49504 ], [ 2.3811, 6.49459 ], [ 2.38228, 6.49514 ], [ 2.38282, 6.49432 ], [ 2.38192, 6.49468 ], [ 2.38092, 6.49396 ], [ 2.38011, 6.49423 ], [ 2.38011, 6.49477 ], [ 2.38047, 6.49486 ], [ 2.38002, 6.49504 ], [ 2.38002, 6.49459 ], [ 2.37947, 6.49477 ], [ 2.37938, 6.49549 ], [ 2.37993, 6.49559 ], [ 2.38029, 6.49622 ], [ 2.38083, 6.49559 ] ] ], [ [ [ 2.39358, 6.49813 ], [ 2.39376, 6.49777 ], [ 2.39476, 6.4975 ], [ 2.39358, 6.49732 ], [ 2.3934, 6.49642 ], [ 2.39295, 6.49632 ], [ 2.39268, 6.49696 ], [ 2.39322, 6.49732 ], [ 2.39295, 6.49886 ], [ 2.39439, 6.4985 ], [ 2.39358, 6.49813 ] ] ], [ [ [ 2.39132, 6.4984 ], [ 2.39168, 6.49777 ], [ 2.39123, 6.49732 ], [ 2.39051, 6.49813 ], [ 2.3905, 6.49858 ], [ 2.39123, 6.49849 ], [ 2.39159, 6.49949 ], [ 2.39222, 6.4994 ], [ 2.3924, 6.49886 ], [ 2.39132, 6.4984 ] ] ], [ [ [ 2.36933, 6.50779 ], [ 2.36887, 6.50797 ], [ 2.36869, 6.5076 ], [ 2.36924, 6.50625 ], [ 2.37069, 6.5048 ], [ 2.37177, 6.50444 ], [ 2.3725, 6.50562 ], [ 2.37349, 6.50562 ], [ 2.37331, 6.50462 ], [ 2.37358, 6.50471 ], [ 2.37431, 6.5039 ], [ 2.37521, 6.50399 ], [ 2.37566, 6.50363 ], [ 2.37566, 6.50445 ], [ 2.37602, 6.50463 ], [ 2.37648, 6.50264 ], [ 2.37539, 6.50273 ], [ 2.37558, 6.50227 ], [ 2.37639, 6.50191 ], [ 2.3772, 6.50309 ], [ 2.37802, 6.50318 ], [ 2.37793, 6.50255 ], [ 2.37838, 6.50201 ], [ 2.3782, 6.50083 ], [ 2.38227, 6.49939 ], [ 2.38245, 6.49894 ], [ 2.38336, 6.49876 ], [ 2.38354, 6.4983 ], [ 2.38463, 6.49794 ], [ 2.38544, 6.49713 ], [ 2.38626, 6.49695 ], [ 2.38562, 6.49813 ], [ 2.38653, 6.49858 ], [ 2.38671, 6.49912 ], [ 2.38824, 6.49867 ], [ 2.38852, 6.49822 ], [ 2.38915, 6.49876 ], [ 2.38978, 6.49867 ], [ 2.39005, 6.4984 ], [ 2.38987, 6.49714 ], [ 2.38779, 6.49614 ], [ 2.38807, 6.49578 ], [ 2.38978, 6.49587 ], [ 2.39015, 6.49686 ], [ 2.39078, 6.49668 ], [ 2.39078, 6.49605 ], [ 2.39186, 6.49659 ], [ 2.39223, 6.49605 ], [ 2.39349, 6.49623 ], [ 2.39476, 6.49569 ], [ 2.39485, 6.49633 ], [ 2.39539, 6.49642 ], [ 2.39539, 6.49578 ], [ 2.39648, 6.49533 ], [ 2.39738, 6.49561 ], [ 2.39756, 6.49633 ], [ 2.39919, 6.49579 ], [ 2.39892, 6.49398 ], [ 2.39883, 6.49552 ], [ 2.39847, 6.49552 ], [ 2.3982, 6.49497 ], [ 2.3972, 6.49524 ], [ 2.39847, 6.49434 ], [ 2.39784, 6.49398 ], [ 2.3972, 6.49452 ], [ 2.39739, 6.4938 ], [ 2.39865, 6.49389 ], [ 2.39883, 6.49353 ], [ 2.39829, 6.49335 ], [ 2.39793, 6.49362 ], [ 2.39802, 6.49244 ], [ 2.39712, 6.49217 ], [ 2.3973, 6.4919 ], [ 2.39829, 6.49199 ], [ 2.39838, 6.49163 ], [ 2.39784, 6.49126 ], [ 2.39784, 6.48945 ], [ 2.39703, 6.48773 ], [ 2.39667, 6.48773 ], [ 2.39712, 6.48891 ], [ 2.39667, 6.48991 ], [ 2.3963, 6.48972 ], [ 2.39612, 6.48864 ], [ 2.39585, 6.48873 ], [ 2.39594, 6.4909 ], [ 2.39648, 6.49153 ], [ 2.39603, 6.49217 ], [ 2.39639, 6.49307 ], [ 2.39594, 6.49352 ], [ 2.39648, 6.49361 ], [ 2.39621, 6.49416 ], [ 2.39684, 6.49479 ], [ 2.39603, 6.49461 ], [ 2.39539, 6.49533 ], [ 2.39223, 6.49569 ], [ 2.39223, 6.49515 ], [ 2.39304, 6.49533 ], [ 2.39313, 6.49506 ], [ 2.39223, 6.4946 ], [ 2.39241, 6.49307 ], [ 2.39196, 6.49289 ], [ 2.39141, 6.49506 ], [ 2.39087, 6.4956 ], [ 2.3896, 6.49551 ], [ 2.38897, 6.49496 ], [ 2.38879, 6.49541 ], [ 2.38707, 6.4955 ], [ 2.38644, 6.49605 ], [ 2.38553, 6.49568 ], [ 2.38535, 6.49677 ], [ 2.38101, 6.49957 ], [ 2.38092, 6.49893 ], [ 2.38019, 6.49857 ], [ 2.38028, 6.49902 ], [ 2.38001, 6.49902 ], [ 2.38001, 6.49848 ], [ 2.37911, 6.49812 ], [ 2.37884, 6.49848 ], [ 2.37965, 6.49866 ], [ 2.37956, 6.49938 ], [ 2.37884, 6.49965 ], [ 2.37829, 6.50038 ], [ 2.37784, 6.49911 ], [ 2.37621, 6.49839 ], [ 2.37657, 6.49992 ], [ 2.37522, 6.50101 ], [ 2.37458, 6.50236 ], [ 2.37377, 6.50309 ], [ 2.37223, 6.50381 ], [ 2.37159, 6.50372 ], [ 2.37141, 6.50317 ], [ 2.37205, 6.50227 ], [ 2.37187, 6.50191 ], [ 2.37105, 6.50182 ], [ 2.37078, 6.50227 ], [ 2.37096, 6.50381 ], [ 2.3706, 6.50372 ], [ 2.37042, 6.50299 ], [ 2.37006, 6.50326 ], [ 2.36988, 6.50326 ], [ 2.36988, 6.50317 ], [ 2.36979, 6.50317 ], [ 2.36979, 6.50308 ], [ 2.3697, 6.50308 ], [ 2.3697, 6.50299 ], [ 2.3696, 6.50299 ], [ 2.36969, 6.50353 ], [ 2.37051, 6.50399 ], [ 2.37042, 6.50435 ], [ 2.36834, 6.50453 ], [ 2.36834, 6.50507 ], [ 2.36906, 6.50543 ], [ 2.36824, 6.50778 ], [ 2.36869, 6.50968 ], [ 2.36914, 6.51014 ], [ 2.36887, 6.50914 ], [ 2.36933, 6.50779 ] ] ], [ [ [ 2.38652, 6.50075 ], [ 2.38625, 6.50012 ], [ 2.38526, 6.49975 ], [ 2.38598, 6.49966 ], [ 2.38553, 6.49939 ], [ 2.38562, 6.49894 ], [ 2.38634, 6.4993 ], [ 2.38544, 6.49831 ], [ 2.38535, 6.49903 ], [ 2.38426, 6.49957 ], [ 2.38426, 6.50002 ], [ 2.38489, 6.50129 ], [ 2.38652, 6.50075 ] ] ], [ [ [ 2.39954, 6.50375 ], [ 2.39846, 6.50366 ], [ 2.39864, 6.50321 ], [ 2.39927, 6.50312 ], [ 2.39918, 6.50221 ], [ 2.39864, 6.50185 ], [ 2.39846, 6.50076 ], [ 2.39873, 6.50031 ], [ 2.39846, 6.50004 ], [ 2.39819, 6.50094 ], [ 2.39855, 6.50149 ], [ 2.39837, 6.50212 ], [ 2.39882, 6.50257 ], [ 2.3981, 6.50284 ], [ 2.39764, 6.50384 ], [ 2.39719, 6.50348 ], [ 2.39593, 6.50429 ], [ 2.39601, 6.50501 ], [ 2.39936, 6.50692 ], [ 2.40017, 6.50665 ], [ 2.40009, 6.50502 ], [ 2.39954, 6.50375 ] ] ], [ [ [ 2.38805, 6.50663 ], [ 2.38896, 6.50446 ], [ 2.3886, 6.50428 ], [ 2.38733, 6.50509 ], [ 2.38715, 6.50464 ], [ 2.38579, 6.50446 ], [ 2.38552, 6.50401 ], [ 2.3848, 6.50382 ], [ 2.38588, 6.50572 ], [ 2.38624, 6.50763 ], [ 2.38669, 6.50781 ], [ 2.38805, 6.50663 ] ] ], [ [ [ 2.37512, 6.5058 ], [ 2.37367, 6.50481 ], [ 2.37403, 6.50526 ], [ 2.37349, 6.50562 ], [ 2.37385, 6.50671 ], [ 2.37458, 6.5068 ], [ 2.37512, 6.5058 ] ] ], [ [ [ 2.38516, 6.50545 ], [ 2.38426, 6.50563 ], [ 2.38417, 6.50527 ], [ 2.38353, 6.50536 ], [ 2.38308, 6.50464 ], [ 2.38263, 6.50473 ], [ 2.38308, 6.50554 ], [ 2.38389, 6.50608 ], [ 2.38444, 6.50599 ], [ 2.38561, 6.50735 ], [ 2.38516, 6.50545 ] ] ], [ [ [ 2.39863, 6.50818 ], [ 2.39755, 6.50782 ], [ 2.39863, 6.50927 ], [ 2.39845, 6.5099 ], [ 2.39963, 6.5099 ], [ 2.39981, 6.51063 ], [ 2.40035, 6.5109 ], [ 2.4008, 6.51045 ], [ 2.40071, 6.51099 ], [ 2.40116, 6.51081 ], [ 2.40107, 6.51027 ], [ 2.39863, 6.50818 ] ] ], [ [ [ 2.36968, 6.5114 ], [ 2.37059, 6.51159 ], [ 2.37077, 6.51123 ], [ 2.37195, 6.51159 ], [ 2.37285, 6.50996 ], [ 2.37267, 6.50888 ], [ 2.37322, 6.50879 ], [ 2.37349, 6.50969 ], [ 2.37403, 6.50924 ], [ 2.37304, 6.50824 ], [ 2.37376, 6.5068 ], [ 2.3734, 6.5067 ], [ 2.37304, 6.50734 ], [ 2.37231, 6.50761 ], [ 2.37177, 6.5086 ], [ 2.37195, 6.50942 ], [ 2.37113, 6.50969 ], [ 2.37113, 6.51059 ], [ 2.36987, 6.50996 ], [ 2.36978, 6.51068 ], [ 2.36941, 6.51068 ], [ 2.36914, 6.51014 ], [ 2.36824, 6.51204 ], [ 2.36968, 6.5114 ] ] ], [ [ [ 2.37493, 6.51069 ], [ 2.37538, 6.51051 ], [ 2.37547, 6.51087 ], [ 2.37629, 6.51087 ], [ 2.37674, 6.51141 ], [ 2.37656, 6.51033 ], [ 2.37566, 6.51051 ], [ 2.37584, 6.50933 ], [ 2.37475, 6.5106 ], [ 2.37439, 6.51232 ], [ 2.37493, 6.51069 ] ] ], [ [ [ 2.39338, 6.51668 ], [ 2.39293, 6.51596 ], [ 2.39302, 6.51505 ], [ 2.39383, 6.5146 ], [ 2.39356, 6.51415 ], [ 2.39402, 6.51315 ], [ 2.39383, 6.5127 ], [ 2.39293, 6.51315 ], [ 2.39293, 6.51415 ], [ 2.39202, 6.51415 ], [ 2.39148, 6.51505 ], [ 2.39094, 6.51469 ], [ 2.39012, 6.51478 ], [ 2.38922, 6.51315 ], [ 2.38895, 6.51378 ], [ 2.38759, 6.51387 ], [ 2.38841, 6.51278 ], [ 2.38805, 6.51116 ], [ 2.38895, 6.51007 ], [ 2.38878, 6.507 ], [ 2.39059, 6.50501 ], [ 2.3905, 6.5041 ], [ 2.38896, 6.50582 ], [ 2.38751, 6.50844 ], [ 2.38697, 6.50853 ], [ 2.38551, 6.51233 ], [ 2.38497, 6.51215 ], [ 2.38497, 6.51169 ], [ 2.38398, 6.51043 ], [ 2.38371, 6.51088 ], [ 2.3847, 6.51188 ], [ 2.38452, 6.51215 ], [ 2.38244, 6.51242 ], [ 2.38054, 6.5116 ], [ 2.38081, 6.51088 ], [ 2.38063, 6.51006 ], [ 2.37982, 6.51096 ], [ 2.38, 6.51033 ], [ 2.37918, 6.50997 ], [ 2.3772, 6.50689 ], [ 2.3762, 6.50644 ], [ 2.3762, 6.50707 ], [ 2.37675, 6.50707 ], [ 2.37711, 6.50761 ], [ 2.37701, 6.50879 ], [ 2.37837, 6.50997 ], [ 2.379, 6.51151 ], [ 2.37963, 6.51214 ], [ 2.379, 6.51332 ], [ 2.37818, 6.51359 ], [ 2.37909, 6.51368 ], [ 2.37927, 6.51314 ], [ 2.38081, 6.51196 ], [ 2.38244, 6.51269 ], [ 2.3847, 6.51242 ], [ 2.38524, 6.51296 ], [ 2.38533, 6.5126 ], [ 2.38597, 6.5126 ], [ 2.38633, 6.51332 ], [ 2.38678, 6.51305 ], [ 2.38714, 6.51333 ], [ 2.38723, 6.51423 ], [ 2.3866, 6.51441 ], [ 2.38678, 6.51504 ], [ 2.38705, 6.51514 ], [ 2.38732, 6.51432 ], [ 2.38795, 6.51477 ], [ 2.38741, 6.51532 ], [ 2.38732, 6.51613 ], [ 2.38804, 6.51686 ], [ 2.38967, 6.51758 ], [ 2.39274, 6.51804 ], [ 2.39374, 6.51777 ], [ 2.39428, 6.51813 ], [ 2.39491, 6.51804 ], [ 2.39473, 6.51713 ], [ 2.39338, 6.51668 ] ] ], [ [ [ 2.38053, 6.51531 ], [ 2.38099, 6.51459 ], [ 2.38017, 6.51422 ], [ 2.37963, 6.51513 ], [ 2.37972, 6.5163 ], [ 2.38026, 6.51639 ], [ 2.38062, 6.51594 ], [ 2.38053, 6.51531 ] ] ], [ [ [ 2.36859, 6.51719 ], [ 2.36823, 6.51719 ], [ 2.36841, 6.51566 ], [ 2.36778, 6.51574 ], [ 2.3676, 6.5143 ], [ 2.36787, 6.51285 ], [ 2.36706, 6.51231 ], [ 2.36534, 6.51411 ], [ 2.36543, 6.51484 ], [ 2.36579, 6.51493 ], [ 2.36606, 6.51439 ], [ 2.36642, 6.51484 ], [ 2.36724, 6.51457 ], [ 2.36751, 6.51602 ], [ 2.36669, 6.51647 ], [ 2.36778, 6.51692 ], [ 2.36751, 6.51737 ], [ 2.3685, 6.51783 ], [ 2.36823, 6.5181 ], [ 2.36868, 6.51864 ], [ 2.36968, 6.51873 ], [ 2.36859, 6.51719 ] ] ], [ [ [ 2.38559, 6.51957 ], [ 2.38623, 6.51921 ], [ 2.38614, 6.5183 ], [ 2.38478, 6.51649 ], [ 2.38388, 6.51613 ], [ 2.38379, 6.51676 ], [ 2.38424, 6.51703 ], [ 2.38397, 6.5183 ], [ 2.3846, 6.51821 ], [ 2.38406, 6.51902 ], [ 2.38424, 6.51975 ], [ 2.38469, 6.52047 ], [ 2.38559, 6.5202 ], [ 2.38559, 6.51957 ] ] ], [ [ [ 2.37727, 6.5239 ], [ 2.37627, 6.52408 ], [ 2.37546, 6.52381 ], [ 2.37555, 6.52317 ], [ 2.37528, 6.52353 ], [ 2.37446, 6.52335 ], [ 2.37401, 6.52245 ], [ 2.37483, 6.52236 ], [ 2.37474, 6.52209 ], [ 2.37347, 6.52218 ], [ 2.37284, 6.52136 ], [ 2.37202, 6.521 ], [ 2.37239, 6.52082 ], [ 2.37221, 6.52018 ], [ 2.37193, 6.52082 ], [ 2.37157, 6.52036 ], [ 2.37103, 6.52045 ], [ 2.37103, 6.51937 ], [ 2.3704, 6.51919 ], [ 2.37031, 6.519 ], [ 2.36986, 6.51873 ], [ 2.36968, 6.51873 ], [ 2.37103, 6.52091 ], [ 2.37058, 6.52154 ], [ 2.37058, 6.52208 ], [ 2.37085, 6.52145 ], [ 2.37193, 6.52136 ], [ 2.37492, 6.52408 ], [ 2.37754, 6.5248 ], [ 2.37772, 6.52444 ], [ 2.37727, 6.5239 ] ] ], [ [ [ 2.36578, 6.52352 ], [ 2.36533, 6.52352 ], [ 2.36397, 6.5247 ], [ 2.36551, 6.52551 ], [ 2.36578, 6.52352 ] ] ], [ [ [ 2.36089, 6.5265 ], [ 2.36134, 6.52587 ], [ 2.3618, 6.52632 ], [ 2.36279, 6.52641 ], [ 2.3627, 6.52596 ], [ 2.36216, 6.52596 ], [ 2.3627, 6.52524 ], [ 2.36279, 6.52442 ], [ 2.36144, 6.52433 ], [ 2.36153, 6.52288 ], [ 2.36053, 6.5227 ], [ 2.35999, 6.52478 ], [ 2.3599, 6.52379 ], [ 2.35863, 6.52451 ], [ 2.35954, 6.52496 ], [ 2.35999, 6.5265 ], [ 2.36026, 6.52587 ], [ 2.36071, 6.52596 ], [ 2.36089, 6.5265 ] ] ], [ [ [ 2.38496, 6.5249 ], [ 2.3845, 6.52436 ], [ 2.38423, 6.52445 ], [ 2.38423, 6.52572 ], [ 2.38387, 6.5259 ], [ 2.3836, 6.52535 ], [ 2.38342, 6.52617 ], [ 2.38378, 6.52698 ], [ 2.38441, 6.52662 ], [ 2.38496, 6.5249 ] ] ], [ [ [ 2.35999, 6.52777 ], [ 2.35953, 6.52722 ], [ 2.35899, 6.52713 ], [ 2.35899, 6.52614 ], [ 2.35782, 6.52686 ], [ 2.35718, 6.52668 ], [ 2.35772, 6.52722 ], [ 2.35709, 6.52776 ], [ 2.35718, 6.52822 ], [ 2.35863, 6.52749 ], [ 2.35935, 6.52768 ], [ 2.35962, 6.52831 ], [ 2.35953, 6.52786 ], [ 2.35999, 6.52777 ] ] ], [ [ [ 2.3627, 6.52786 ], [ 2.36297, 6.52705 ], [ 2.36207, 6.52677 ], [ 2.3618, 6.52732 ], [ 2.36071, 6.52714 ], [ 2.36098, 6.52831 ], [ 2.3627, 6.52786 ] ] ], [ [ [ 2.39743, 6.52836 ], [ 2.3968, 6.52827 ], [ 2.39572, 6.527 ], [ 2.39554, 6.52754 ], [ 2.39454, 6.52745 ], [ 2.39382, 6.52808 ], [ 2.39391, 6.52862 ], [ 2.39517, 6.52935 ], [ 2.39644, 6.52944 ], [ 2.39716, 6.52908 ], [ 2.39743, 6.52836 ] ] ], [ [ [ 2.3674, 6.52814 ], [ 2.36541, 6.52777 ], [ 2.36541, 6.52886 ], [ 2.36595, 6.52868 ], [ 2.36668, 6.52904 ], [ 2.36749, 6.52868 ], [ 2.3674, 6.52814 ] ] ], [ [ [ 2.37445, 6.53511 ], [ 2.37391, 6.53439 ], [ 2.37327, 6.53493 ], [ 2.3721, 6.53466 ], [ 2.37219, 6.53421 ], [ 2.37138, 6.53303 ], [ 2.37174, 6.53258 ], [ 2.37165, 6.53185 ], [ 2.37409, 6.53186 ], [ 2.37427, 6.53131 ], [ 2.37744, 6.53059 ], [ 2.37834, 6.53096 ], [ 2.37789, 6.53014 ], [ 2.37826, 6.52969 ], [ 2.37898, 6.5296 ], [ 2.37835, 6.52924 ], [ 2.37672, 6.53041 ], [ 2.37174, 6.53131 ], [ 2.37084, 6.53004 ], [ 2.37084, 6.52932 ], [ 2.3703, 6.52932 ], [ 2.37048, 6.52832 ], [ 2.36948, 6.52832 ], [ 2.36903, 6.52742 ], [ 2.36939, 6.52651 ], [ 2.36894, 6.52615 ], [ 2.36958, 6.52525 ], [ 2.37003, 6.52516 ], [ 2.37003, 6.52371 ], [ 2.37058, 6.52208 ], [ 2.36967, 6.52226 ], [ 2.36895, 6.52298 ], [ 2.36922, 6.52362 ], [ 2.36813, 6.5238 ], [ 2.36822, 6.52434 ], [ 2.36759, 6.52461 ], [ 2.36777, 6.52533 ], [ 2.3684, 6.52534 ], [ 2.36849, 6.52633 ], [ 2.3674, 6.52751 ], [ 2.36903, 6.52787 ], [ 2.36903, 6.52868 ], [ 2.36948, 6.52877 ], [ 2.36939, 6.52977 ], [ 2.37029, 6.53022 ], [ 2.37038, 6.53095 ], [ 2.36957, 6.53086 ], [ 2.3693, 6.5314 ], [ 2.36912, 6.53085 ], [ 2.36839, 6.5304 ], [ 2.36858, 6.5295 ], [ 2.36785, 6.5295 ], [ 2.36812, 6.53013 ], [ 2.36767, 6.53049 ], [ 2.36776, 6.53176 ], [ 2.36948, 6.5323 ], [ 2.37011, 6.53131 ], [ 2.37102, 6.53104 ], [ 2.37147, 6.53176 ], [ 2.37084, 6.53194 ], [ 2.37056, 6.53276 ], [ 2.37147, 6.53366 ], [ 2.37056, 6.53438 ], [ 2.37147, 6.53448 ], [ 2.37137, 6.53493 ], [ 2.37192, 6.53484 ], [ 2.37201, 6.53592 ], [ 2.37264, 6.53529 ], [ 2.37345, 6.53529 ], [ 2.37354, 6.53611 ], [ 2.37445, 6.53511 ] ] ], [ [ [ 2.36188, 6.53085 ], [ 2.36224, 6.53012 ], [ 2.36324, 6.53067 ], [ 2.36297, 6.53003 ], [ 2.36396, 6.5294 ], [ 2.36297, 6.52958 ], [ 2.36225, 6.52895 ], [ 2.3607, 6.53093 ], [ 2.36098, 6.53139 ], [ 2.36161, 6.53094 ], [ 2.36161, 6.53148 ], [ 2.36215, 6.53157 ], [ 2.36269, 6.53103 ], [ 2.36188, 6.53085 ] ] ], [ [ [ 2.38286, 6.53422 ], [ 2.38286, 6.53331 ], [ 2.38332, 6.53277 ], [ 2.38314, 6.53205 ], [ 2.38368, 6.53187 ], [ 2.38386, 6.53069 ], [ 2.38259, 6.53232 ], [ 2.3825, 6.5334 ], [ 2.38178, 6.53422 ], [ 2.38169, 6.53503 ], [ 2.38286, 6.53422 ] ] ], [ [ [ 2.37227, 6.53864 ], [ 2.3721, 6.53674 ], [ 2.37273, 6.53638 ], [ 2.37246, 6.53593 ], [ 2.37173, 6.53629 ], [ 2.37173, 6.53719 ], [ 2.37119, 6.53737 ], [ 2.37137, 6.53773 ], [ 2.37191, 6.53764 ], [ 2.3711, 6.53828 ], [ 2.37137, 6.53882 ], [ 2.37182, 6.53873 ], [ 2.37128, 6.539 ], [ 2.37137, 6.53954 ], [ 2.37001, 6.54026 ], [ 2.37065, 6.53918 ], [ 2.37028, 6.539 ], [ 2.36956, 6.53972 ], [ 2.36938, 6.54044 ], [ 2.36838, 6.54072 ], [ 2.36892, 6.54144 ], [ 2.37037, 6.5409 ], [ 2.37019, 6.54054 ], [ 2.37101, 6.54072 ], [ 2.37128, 6.5418 ], [ 2.37155, 6.54162 ], [ 2.37137, 6.54126 ], [ 2.37227, 6.53864 ] ] ], [ [ [ 2.36991, 6.54723 ], [ 2.37091, 6.54741 ], [ 2.37154, 6.54597 ], [ 2.37154, 6.54551 ], [ 2.371, 6.54524 ], [ 2.37127, 6.54425 ], [ 2.37091, 6.54316 ], [ 2.37145, 6.54289 ], [ 2.37118, 6.54208 ], [ 2.37028, 6.54226 ], [ 2.37082, 6.54325 ], [ 2.37064, 6.54425 ], [ 2.37091, 6.5447 ], [ 2.37091, 6.54515 ], [ 2.37037, 6.54515 ], [ 2.37082, 6.54569 ], [ 2.37055, 6.54687 ], [ 2.37009, 6.54669 ], [ 2.37, 6.54587 ], [ 2.36946, 6.5456 ], [ 2.36928, 6.54696 ], [ 2.36883, 6.54696 ], [ 2.36837, 6.54759 ], [ 2.369, 6.54868 ], [ 2.37, 6.54832 ], [ 2.36991, 6.54723 ] ] ], [ [ [ 2.36584, 6.54813 ], [ 2.36584, 6.54768 ], [ 2.36684, 6.54668 ], [ 2.36648, 6.54533 ], [ 2.3672, 6.54515 ], [ 2.3672, 6.54478 ], [ 2.36593, 6.54524 ], [ 2.36566, 6.54569 ], [ 2.36521, 6.54551 ], [ 2.36467, 6.54641 ], [ 2.36476, 6.54704 ], [ 2.36412, 6.54695 ], [ 2.36376, 6.54758 ], [ 2.36385, 6.54813 ], [ 2.36457, 6.5475 ], [ 2.36484, 6.54813 ], [ 2.3653, 6.54822 ], [ 2.36548, 6.5494 ], [ 2.36665, 6.5494 ], [ 2.36656, 6.54867 ], [ 2.36584, 6.54813 ] ] ], [ [ [ 2.37739, 6.56995 ], [ 2.37802, 6.57004 ], [ 2.37821, 6.5676 ], [ 2.37948, 6.5657 ], [ 2.37957, 6.56452 ], [ 2.3793, 6.56416 ], [ 2.37975, 6.56389 ], [ 2.37975, 6.56335 ], [ 2.38002, 6.56326 ], [ 2.37993, 6.56416 ], [ 2.3802, 6.56443 ], [ 2.38129, 6.56253 ], [ 2.38201, 6.56226 ], [ 2.38183, 6.56163 ], [ 2.38247, 6.56172 ], [ 2.38364, 6.56091 ], [ 2.38365, 6.56019 ], [ 2.38256, 6.55991 ], [ 2.38175, 6.56073 ], [ 2.38147, 6.55982 ], [ 2.38175, 6.55892 ], [ 2.38148, 6.55855 ], [ 2.38075, 6.55873 ], [ 2.3813, 6.55774 ], [ 2.38193, 6.55792 ], [ 2.38166, 6.55747 ], [ 2.38193, 6.5572 ], [ 2.38283, 6.55837 ], [ 2.3832, 6.55819 ], [ 2.38256, 6.5572 ], [ 2.38184, 6.55693 ], [ 2.38184, 6.55439 ], [ 2.38348, 6.54906 ], [ 2.38429, 6.54906 ], [ 2.38519, 6.5525 ], [ 2.38492, 6.55286 ], [ 2.38619, 6.55322 ], [ 2.38628, 6.55404 ], [ 2.38528, 6.55431 ], [ 2.38519, 6.55476 ], [ 2.38591, 6.55458 ], [ 2.38619, 6.55485 ], [ 2.38627, 6.55557 ], [ 2.38718, 6.55666 ], [ 2.38691, 6.55747 ], [ 2.38772, 6.5591 ], [ 2.38889, 6.55947 ], [ 2.39034, 6.55875 ], [ 2.38998, 6.55739 ], [ 2.38917, 6.55739 ], [ 2.3889, 6.55567 ], [ 2.38827, 6.55503 ], [ 2.38854, 6.55404 ], [ 2.38917, 6.55368 ], [ 2.38917, 6.55268 ], [ 2.38872, 6.55223 ], [ 2.38926, 6.55178 ], [ 2.38764, 6.5516 ], [ 2.38727, 6.55214 ], [ 2.38637, 6.55232 ], [ 2.38682, 6.55159 ], [ 2.38682, 6.54988 ], [ 2.38583, 6.54924 ], [ 2.38538, 6.54707 ], [ 2.3843, 6.54616 ], [ 2.38457, 6.54526 ], [ 2.38394, 6.5449 ], [ 2.38321, 6.54254 ], [ 2.38294, 6.54263 ], [ 2.38303, 6.54318 ], [ 2.38249, 6.54318 ], [ 2.38258, 6.54381 ], [ 2.38321, 6.54426 ], [ 2.38321, 6.54616 ], [ 2.38276, 6.54661 ], [ 2.38303, 6.54716 ], [ 2.38203, 6.54734 ], [ 2.38203, 6.54779 ], [ 2.38267, 6.54761 ], [ 2.38294, 6.54851 ], [ 2.38194, 6.55023 ], [ 2.38067, 6.55086 ], [ 2.3804, 6.55222 ], [ 2.38076, 6.55385 ], [ 2.38012, 6.55466 ], [ 2.38039, 6.55539 ], [ 2.37976, 6.55575 ], [ 2.37958, 6.55683 ], [ 2.37894, 6.55747 ], [ 2.3794, 6.55864 ], [ 2.37885, 6.55918 ], [ 2.37822, 6.559 ], [ 2.37777, 6.55963 ], [ 2.37822, 6.56163 ], [ 2.3793, 6.56136 ], [ 2.37921, 6.56217 ], [ 2.37858, 6.56271 ], [ 2.37876, 6.56344 ], [ 2.37794, 6.56343 ], [ 2.37731, 6.56244 ], [ 2.37668, 6.56235 ], [ 2.37677, 6.56343 ], [ 2.37749, 6.56407 ], [ 2.37586, 6.56407 ], [ 2.37423, 6.5675 ], [ 2.37278, 6.56768 ], [ 2.37332, 6.56831 ], [ 2.37314, 6.56913 ], [ 2.37522, 6.57112 ], [ 2.37658, 6.57139 ], [ 2.37739, 6.56995 ] ] ], [ [ [ 2.3565, 6.56685 ], [ 2.35641, 6.56603 ], [ 2.35695, 6.56621 ], [ 2.35704, 6.5654 ], [ 2.35659, 6.56495 ], [ 2.35686, 6.56431 ], [ 2.35759, 6.56477 ], [ 2.35759, 6.56549 ], [ 2.35795, 6.56576 ], [ 2.35786, 6.5663 ], [ 2.35722, 6.5663 ], [ 2.35722, 6.56775 ], [ 2.35786, 6.5664 ], [ 2.3584, 6.56676 ], [ 2.35867, 6.56522 ], [ 2.35948, 6.56567 ], [ 2.36003, 6.56495 ], [ 2.35994, 6.56423 ], [ 2.36084, 6.5645 ], [ 2.36057, 6.56387 ], [ 2.36093, 6.56378 ], [ 2.36121, 6.56305 ], [ 2.36094, 6.56233 ], [ 2.36121, 6.5616 ], [ 2.35994, 6.56187 ], [ 2.3603, 6.56097 ], [ 2.35958, 6.56115 ], [ 2.35958, 6.56142 ], [ 2.35895, 6.56115 ], [ 2.35804, 6.56133 ], [ 2.35822, 6.56061 ], [ 2.35768, 6.56015 ], [ 2.35732, 6.55907 ], [ 2.35759, 6.55843 ], [ 2.35805, 6.55834 ], [ 2.35877, 6.55907 ], [ 2.36058, 6.55943 ], [ 2.36085, 6.55907 ], [ 2.36022, 6.55898 ], [ 2.36013, 6.55826 ], [ 2.35986, 6.55853 ], [ 2.35977, 6.55826 ], [ 2.36031, 6.55771 ], [ 2.36022, 6.55708 ], [ 2.36067, 6.55708 ], [ 2.36094, 6.55907 ], [ 2.36157, 6.55925 ], [ 2.36139, 6.55781 ], [ 2.36194, 6.55762 ], [ 2.36194, 6.55717 ], [ 2.36131, 6.55636 ], [ 2.36194, 6.55563 ], [ 2.36185, 6.55491 ], [ 2.36095, 6.55455 ], [ 2.36095, 6.55301 ], [ 2.36113, 6.55229 ], [ 2.36158, 6.55229 ], [ 2.36158, 6.55346 ], [ 2.36231, 6.55274 ], [ 2.36176, 6.55202 ], [ 2.36249, 6.55165 ], [ 2.36322, 6.54867 ], [ 2.36249, 6.54813 ], [ 2.36249, 6.54749 ], [ 2.3605, 6.5474 ], [ 2.36032, 6.54785 ], [ 2.36105, 6.54785 ], [ 2.36086, 6.5484 ], [ 2.35905, 6.54857 ], [ 2.35815, 6.54948 ], [ 2.3576, 6.55138 ], [ 2.35851, 6.55246 ], [ 2.35941, 6.55256 ], [ 2.3595, 6.55337 ], [ 2.35905, 6.55391 ], [ 2.35787, 6.55346 ], [ 2.35661, 6.55228 ], [ 2.35615, 6.55246 ], [ 2.35625, 6.55183 ], [ 2.35489, 6.55246 ], [ 2.35543, 6.55391 ], [ 2.35462, 6.55327 ], [ 2.35425, 6.55345 ], [ 2.35498, 6.55427 ], [ 2.35488, 6.55481 ], [ 2.35588, 6.55563 ], [ 2.35615, 6.55536 ], [ 2.35579, 6.55463 ], [ 2.35669, 6.5549 ], [ 2.3566, 6.55527 ], [ 2.35823, 6.55527 ], [ 2.3576, 6.55436 ], [ 2.35814, 6.55436 ], [ 2.35868, 6.55518 ], [ 2.35914, 6.55509 ], [ 2.35887, 6.55445 ], [ 2.35941, 6.55464 ], [ 2.3595, 6.55563 ], [ 2.36104, 6.55509 ], [ 2.36149, 6.55545 ], [ 2.3614, 6.55572 ], [ 2.35995, 6.55581 ], [ 2.35968, 6.55663 ], [ 2.35805, 6.55635 ], [ 2.35805, 6.55762 ], [ 2.3576, 6.55744 ], [ 2.35769, 6.55699 ], [ 2.35678, 6.55744 ], [ 2.3566, 6.55807 ], [ 2.35705, 6.55852 ], [ 2.35669, 6.55907 ], [ 2.35578, 6.55888 ], [ 2.35542, 6.55979 ], [ 2.35569, 6.56024 ], [ 2.35551, 6.56105 ], [ 2.35479, 6.5597 ], [ 2.35443, 6.56006 ], [ 2.35415, 6.55988 ], [ 2.3547, 6.55897 ], [ 2.35407, 6.55897 ], [ 2.35533, 6.5578 ], [ 2.35461, 6.5578 ], [ 2.35343, 6.5587 ], [ 2.35379, 6.56123 ], [ 2.35352, 6.56114 ], [ 2.35325, 6.56123 ], [ 2.35361, 6.56141 ], [ 2.3537, 6.56205 ], [ 2.3547, 6.56169 ], [ 2.35479, 6.56205 ], [ 2.35433, 6.5625 ], [ 2.35506, 6.56259 ], [ 2.35433, 6.56386 ], [ 2.35343, 6.56404 ], [ 2.35343, 6.56431 ], [ 2.35388, 6.56485 ], [ 2.35514, 6.5644 ], [ 2.35514, 6.56485 ], [ 2.35424, 6.56512 ], [ 2.35415, 6.56594 ], [ 2.35397, 6.56521 ], [ 2.35342, 6.56494 ], [ 2.35315, 6.56521 ], [ 2.35487, 6.56784 ], [ 2.35568, 6.56766 ], [ 2.3565, 6.56685 ] ], [ [ 2.35668, 6.56296 ], [ 2.35705, 6.56332 ], [ 2.3575, 6.56314 ], [ 2.3575, 6.56259 ], [ 2.35687, 6.56259 ], [ 2.35687, 6.56214 ], [ 2.35732, 6.56205 ], [ 2.35723, 6.56151 ], [ 2.3575, 6.56196 ], [ 2.35804, 6.56178 ], [ 2.3575, 6.56404 ], [ 2.35668, 6.56404 ], [ 2.35632, 6.56341 ], [ 2.35668, 6.56296 ] ] ], [ [ [ 2.36049, 6.56079 ], [ 2.36139, 6.56097 ], [ 2.36166, 6.5607 ], [ 2.36121, 6.5597 ], [ 2.36094, 6.56025 ], [ 2.35949, 6.5597 ], [ 2.35877, 6.56061 ], [ 2.35967, 6.56106 ], [ 2.35958, 6.56015 ], [ 2.36049, 6.56079 ] ] ], [ [ [ 2.39205, 6.56626 ], [ 2.39232, 6.5658 ], [ 2.39214, 6.56508 ], [ 2.39115, 6.5639 ], [ 2.39215, 6.56336 ], [ 2.39197, 6.56219 ], [ 2.39142, 6.56182 ], [ 2.39142, 6.5611 ], [ 2.39034, 6.56028 ], [ 2.38889, 6.56128 ], [ 2.3897, 6.56282 ], [ 2.38853, 6.56408 ], [ 2.38853, 6.56462 ], [ 2.3878, 6.56444 ], [ 2.3878, 6.56399 ], [ 2.38825, 6.56399 ], [ 2.38825, 6.56372 ], [ 2.38744, 6.56318 ], [ 2.38735, 6.56354 ], [ 2.3878, 6.56381 ], [ 2.38672, 6.56453 ], [ 2.3869, 6.56516 ], [ 2.38735, 6.56553 ], [ 2.38726, 6.56589 ], [ 2.38898, 6.56607 ], [ 2.39006, 6.56535 ], [ 2.38979, 6.56426 ], [ 2.39015, 6.56408 ], [ 2.39042, 6.56499 ], [ 2.39106, 6.5649 ], [ 2.39088, 6.56544 ], [ 2.39124, 6.56553 ], [ 2.39124, 6.56662 ], [ 2.39196, 6.56689 ], [ 2.3925, 6.56834 ], [ 2.39331, 6.56924 ], [ 2.39377, 6.56915 ], [ 2.39377, 6.56843 ], [ 2.39205, 6.56626 ] ] ], [ [ [ 2.36066, 6.56721 ], [ 2.35984, 6.56703 ], [ 2.36011, 6.56812 ], [ 2.35966, 6.56902 ], [ 2.36066, 6.56957 ], [ 2.36066, 6.56721 ] ] ], [ [ [ 2.3611, 6.57789 ], [ 2.36028, 6.57816 ], [ 2.36037, 6.5787 ], [ 2.36001, 6.5787 ], [ 2.36001, 6.57771 ], [ 2.35911, 6.57725 ], [ 2.35947, 6.5778 ], [ 2.35911, 6.57879 ], [ 2.35947, 6.57924 ], [ 2.35901, 6.57924 ], [ 2.35847, 6.57879 ], [ 2.35874, 6.57825 ], [ 2.3582, 6.57834 ], [ 2.35802, 6.57761 ], [ 2.35766, 6.57779 ], [ 2.35802, 6.57879 ], [ 2.3573, 6.57978 ], [ 2.35748, 6.58024 ], [ 2.35802, 6.57942 ], [ 2.35838, 6.57942 ], [ 2.35847, 6.58024 ], [ 2.35938, 6.58015 ], [ 2.35992, 6.5797 ], [ 2.36001, 6.57906 ], [ 2.361, 6.58024 ], [ 2.36173, 6.58033 ], [ 2.3611, 6.57789 ] ] ], [ [ [ 2.36252, 6.59843 ], [ 2.36306, 6.59752 ], [ 2.36279, 6.59734 ], [ 2.36207, 6.59779 ], [ 2.36225, 6.5968 ], [ 2.3618, 6.59644 ], [ 2.36143, 6.59806 ], [ 2.3617, 6.59834 ], [ 2.36216, 6.59797 ], [ 2.36189, 6.59852 ], [ 2.36315, 6.59933 ], [ 2.36252, 6.59843 ] ] ], [ [ [ 2.37272, 6.61201 ], [ 2.37218, 6.61255 ], [ 2.37137, 6.61255 ], [ 2.371, 6.61309 ], [ 2.37227, 6.61337 ], [ 2.37281, 6.614 ], [ 2.37308, 6.61373 ], [ 2.37272, 6.61201 ] ] ], [ [ [ 2.37498, 6.61835 ], [ 2.37444, 6.61735 ], [ 2.37353, 6.61771 ], [ 2.37398, 6.61916 ], [ 2.37471, 6.61934 ], [ 2.37498, 6.61835 ] ] ], [ [ [ 2.36891, 6.62766 ], [ 2.36891, 6.62675 ], [ 2.368, 6.62648 ], [ 2.36746, 6.62684 ], [ 2.36709, 6.62865 ], [ 2.36755, 6.62901 ], [ 2.36827, 6.62865 ], [ 2.36891, 6.62766 ] ] ], [ [ [ 2.36535, 6.64674 ], [ 2.36644, 6.64674 ], [ 2.36698, 6.64638 ], [ 2.36608, 6.64511 ], [ 2.36499, 6.64566 ], [ 2.36499, 6.64484 ], [ 2.36635, 6.64421 ], [ 2.36599, 6.64204 ], [ 2.36554, 6.64131 ], [ 2.36463, 6.64204 ], [ 2.36409, 6.64357 ], [ 2.36337, 6.64294 ], [ 2.36291, 6.64321 ], [ 2.36183, 6.64529 ], [ 2.36192, 6.64565 ], [ 2.36309, 6.64583 ], [ 2.36282, 6.64764 ], [ 2.36318, 6.64755 ], [ 2.36318, 6.64701 ], [ 2.36372, 6.6471 ], [ 2.36418, 6.64593 ], [ 2.36535, 6.64674 ] ], [ [ 2.36363, 6.64602 ], [ 2.36327, 6.64538 ], [ 2.36282, 6.64547 ], [ 2.36255, 6.64475 ], [ 2.36391, 6.64484 ], [ 2.36517, 6.64385 ], [ 2.36526, 6.64421 ], [ 2.36481, 6.6443 ], [ 2.364, 6.64593 ], [ 2.36363, 6.64602 ] ] ], [ [ [ 2.36598, 6.65054 ], [ 2.36562, 6.64955 ], [ 2.36517, 6.64909 ], [ 2.36444, 6.64909 ], [ 2.36408, 6.64982 ], [ 2.36453, 6.65045 ], [ 2.36435, 6.6509 ], [ 2.36498, 6.65099 ], [ 2.36598, 6.65054 ] ] ], [ [ [ 2.36417, 6.65144 ], [ 2.36363, 6.65063 ], [ 2.36281, 6.65072 ], [ 2.36245, 6.64981 ], [ 2.36155, 6.65026 ], [ 2.36101, 6.64945 ], [ 2.36073, 6.64954 ], [ 2.36073, 6.65054 ], [ 2.36128, 6.65045 ], [ 2.36173, 6.65135 ], [ 2.36046, 6.65126 ], [ 2.36055, 6.65171 ], [ 2.36399, 6.65181 ], [ 2.36417, 6.65144 ] ] ], [ [ [ 2.37662, 6.68376 ], [ 2.37616, 6.68358 ], [ 2.37571, 6.68511 ], [ 2.37652, 6.68566 ], [ 2.37688, 6.68521 ], [ 2.37662, 6.68376 ] ] ] ] } },
{ "type": "Feature", "properties": { "classe": 4, "nom": "Zones humides", "superficie_ha": 6308.0, "pourcentage": 12.77 }, "geometry": { "type": "MultiPolygon", "coordinates": [ [ [ [ 2.27942, 6.37558 ], [ 2.28241, 6.37531 ], [ 2.28322, 6.37468 ], [ 2.28322, 6.37414 ], [ 2.28159, 6.37405 ], [ 2.28069, 6.3735 ], [ 2.27906, 6.37368 ], [ 2.27861, 6.37341 ], [ 2.27572, 6.37359 ], [ 2.27535, 6.37404 ], [ 2.27553, 6.37521 ], [ 2.27671, 6.37503 ], [ 2.27734, 6.3754 ], [ 2.27807, 6.37513 ], [ 2.27942, 6.37558 ] ] ], [ [ [ 2.28485, 6.37649 ], [ 2.28593, 6.37568 ], [ 2.28602, 6.37487 ], [ 2.28503, 6.37523 ], [ 2.28458, 6.37459 ], [ 2.28404, 6.3745 ], [ 2.28385, 6.37604 ], [ 2.28449, 6.37604 ], [ 2.28485, 6.37649 ] ] ], [ [ [ 2.26567, 6.37864 ], [ 2.26558, 6.37728 ], [ 2.26604, 6.37674 ], [ 2.2664, 6.37683 ], [ 2.26622, 6.37755 ], [ 2.26676, 6.37773 ], [ 2.26739, 6.37755 ], [ 2.26748, 6.37683 ], [ 2.26803, 6.37683 ], [ 2.26803, 6.37638 ], [ 2.26721, 6.37611 ], [ 2.26749, 6.37502 ], [ 2.26776, 6.37511 ], [ 2.26758, 6.37448 ], [ 2.26812, 6.37439 ], [ 2.26839, 6.37493 ], [ 2.2693, 6.37466 ], [ 2.26911, 6.37511 ], [ 2.26956, 6.37575 ], [ 2.26993, 6.37503 ], [ 2.27056, 6.3753 ], [ 2.27083, 6.37494 ], [ 2.27038, 6.37466 ], [ 2.27119, 6.37439 ], [ 2.27174, 6.37494 ], [ 2.27246, 6.37449 ], [ 2.27327, 6.37485 ], [ 2.27364, 6.37449 ], [ 2.27436, 6.37467 ], [ 2.27481, 6.37431 ], [ 2.27481, 6.3734 ], [ 2.27382, 6.37295 ], [ 2.27111, 6.3734 ], [ 2.2683, 6.3733 ], [ 2.26631, 6.37439 ], [ 2.26559, 6.37439 ], [ 2.2645, 6.37529 ], [ 2.26414, 6.3752 ], [ 2.26378, 6.37583 ], [ 2.26305, 6.37601 ], [ 2.26305, 6.37646 ], [ 2.26387, 6.37737 ], [ 2.26414, 6.37836 ], [ 2.26513, 6.37909 ], [ 2.26567, 6.37864 ] ] ], [ [ [ 2.27236, 6.37829 ], [ 2.2711, 6.37602 ], [ 2.27011, 6.37593 ], [ 2.26992, 6.37738 ], [ 2.27065, 6.37801 ], [ 2.27128, 6.37747 ], [ 2.27146, 6.37792 ], [ 2.27236, 6.37829 ] ] ], [ [ [ 2.29017, 6.386 ], [ 2.28999, 6.38491 ], [ 2.29108, 6.38365 ], [ 2.29071, 6.38338 ], [ 2.29008, 6.38383 ], [ 2.28972, 6.3832 ], [ 2.28882, 6.38328 ], [ 2.28909, 6.38419 ], [ 2.28872, 6.38491 ], [ 2.28908, 6.38528 ], [ 2.28963, 6.38509 ], [ 2.2899, 6.38609 ], [ 2.29017, 6.386 ] ] ], [ [ [ 2.27958, 6.38997 ], [ 2.28121, 6.38897 ], [ 2.28094, 6.38825 ], [ 2.28185, 6.38807 ], [ 2.28185, 6.3878 ], [ 2.28121, 6.38771 ], [ 2.28085, 6.38816 ], [ 2.28031, 6.38771 ], [ 2.28004, 6.38789 ], [ 2.27986, 6.38879 ], [ 2.28022, 6.38942 ], [ 2.2794, 6.38969 ], [ 2.27958, 6.38997 ] ] ], [ [ [ 2.27822, 6.39186 ], [ 2.27895, 6.39141 ], [ 2.27904, 6.3906 ], [ 2.27804, 6.39042 ], [ 2.27814, 6.38969 ], [ 2.2775, 6.38915 ], [ 2.27687, 6.38915 ], [ 2.27678, 6.38987 ], [ 2.27624, 6.39005 ], [ 2.27587, 6.39068 ], [ 2.27605, 6.39096 ], [ 2.27642, 6.3905 ], [ 2.27687, 6.39087 ], [ 2.27759, 6.39078 ], [ 2.27741, 6.39141 ], [ 2.27822, 6.39186 ] ] ], [ [ [ 2.27632, 6.39403 ], [ 2.27695, 6.3943 ], [ 2.27777, 6.39358 ], [ 2.27686, 6.39349 ], [ 2.27687, 6.39295 ], [ 2.27596, 6.39231 ], [ 2.27578, 6.39322 ], [ 2.27442, 6.39385 ], [ 2.27415, 6.39448 ], [ 2.27506, 6.39403 ], [ 2.27605, 6.39458 ], [ 2.27632, 6.39403 ] ] ], [ [ [ 2.2812, 6.3982 ], [ 2.28274, 6.39703 ], [ 2.28202, 6.39639 ], [ 2.28229, 6.39594 ], [ 2.28184, 6.39594 ], [ 2.28184, 6.3954 ], [ 2.28138, 6.39513 ], [ 2.28157, 6.39458 ], [ 2.2803, 6.39449 ], [ 2.27985, 6.39395 ], [ 2.27912, 6.39422 ], [ 2.27876, 6.39376 ], [ 2.27895, 6.39268 ], [ 2.27813, 6.39268 ], [ 2.27795, 6.39413 ], [ 2.27876, 6.39395 ], [ 2.27867, 6.39494 ], [ 2.27912, 6.39512 ], [ 2.27912, 6.39476 ], [ 2.27949, 6.39476 ], [ 2.28039, 6.39576 ], [ 2.27975, 6.39648 ], [ 2.27903, 6.39603 ], [ 2.27876, 6.39648 ], [ 2.27966, 6.39666 ], [ 2.27957, 6.39702 ], [ 2.28057, 6.39802 ], [ 2.2812, 6.3982 ] ] ], [ [ [ 2.24964, 6.39707 ], [ 2.25154, 6.39635 ], [ 2.25281, 6.39662 ], [ 2.25443, 6.39626 ], [ 2.25525, 6.39672 ], [ 2.25624, 6.39663 ], [ 2.2566, 6.39599 ], [ 2.25552, 6.39636 ], [ 2.25462, 6.39581 ], [ 2.25263, 6.39599 ], [ 2.25136, 6.39572 ], [ 2.25045, 6.39653 ], [ 2.24855, 6.39671 ], [ 2.24801, 6.39716 ], [ 2.24964, 6.39707 ] ] ], [ [ [ 2.23499, 6.39822 ], [ 2.23644, 6.39714 ], [ 2.23951, 6.39633 ], [ 2.24051, 6.39633 ], [ 2.24231, 6.39706 ], [ 2.24295, 6.39688 ], [ 2.24448, 6.39761 ], [ 2.24674, 6.39761 ], [ 2.24729, 6.39725 ], [ 2.24521, 6.39724 ], [ 2.24132, 6.39597 ], [ 2.24069, 6.39543 ], [ 2.23924, 6.39525 ], [ 2.23888, 6.39552 ], [ 2.23843, 6.39506 ], [ 2.23716, 6.39488 ], [ 2.2359, 6.39551 ], [ 2.23472, 6.39551 ], [ 2.23436, 6.39623 ], [ 2.23391, 6.39623 ], [ 2.23327, 6.39822 ], [ 2.23372, 6.39804 ], [ 2.23381, 6.39849 ], [ 2.23499, 6.39822 ] ] ], [ [ [ 2.27224, 6.4038 ], [ 2.27333, 6.40235 ], [ 2.27459, 6.40199 ], [ 2.27423, 6.401 ], [ 2.27468, 6.40082 ], [ 2.27432, 6.40018 ], [ 2.27478, 6.39873 ], [ 2.27424, 6.39783 ], [ 2.27478, 6.39774 ], [ 2.27514, 6.39693 ], [ 2.27586, 6.39738 ], [ 2.27632, 6.39593 ], [ 2.27596, 6.39575 ], [ 2.27587, 6.39647 ], [ 2.27523, 6.39647 ], [ 2.2755, 6.39593 ], [ 2.27578, 6.39611 ], [ 2.27578, 6.39503 ], [ 2.27478, 6.39503 ], [ 2.27424, 6.39466 ], [ 2.27252, 6.39511 ], [ 2.27216, 6.39484 ], [ 2.27261, 6.39593 ], [ 2.27216, 6.39538 ], [ 2.27153, 6.39538 ], [ 2.27125, 6.39574 ], [ 2.27126, 6.39529 ], [ 2.2708, 6.39511 ], [ 2.27089, 6.39448 ], [ 2.26972, 6.39393 ], [ 2.26963, 6.39484 ], [ 2.26999, 6.39511 ], [ 2.27008, 6.3962 ], [ 2.26908, 6.3961 ], [ 2.26854, 6.39547 ], [ 2.2671, 6.39501 ], [ 2.26701, 6.39465 ], [ 2.26619, 6.39519 ], [ 2.26104, 6.39501 ], [ 2.25941, 6.39518 ], [ 2.25932, 6.39555 ], [ 2.25859, 6.39555 ], [ 2.2585, 6.39582 ], [ 2.25742, 6.39582 ], [ 2.25742, 6.39609 ], [ 2.25814, 6.39627 ], [ 2.25769, 6.39681 ], [ 2.26158, 6.39582 ], [ 2.26239, 6.39618 ], [ 2.26303, 6.39582 ], [ 2.26465, 6.3961 ], [ 2.26502, 6.39555 ], [ 2.26782, 6.39583 ], [ 2.26827, 6.39646 ], [ 2.26881, 6.39628 ], [ 2.26935, 6.39674 ], [ 2.27035, 6.39674 ], [ 2.27035, 6.39782 ], [ 2.27242, 6.40009 ], [ 2.27215, 6.40099 ], [ 2.27251, 6.40163 ], [ 2.27197, 6.40217 ], [ 2.27242, 6.40262 ], [ 2.27188, 6.40344 ], [ 2.27142, 6.40343 ], [ 2.27151, 6.40416 ], [ 2.27224, 6.4038 ] ] ], [ [ [ 2.23001, 6.4003 ], [ 2.23245, 6.39885 ], [ 2.23291, 6.39795 ], [ 2.22929, 6.40003 ], [ 2.23001, 6.4003 ] ] ], [ [ [ 2.22323, 6.40155 ], [ 2.22549, 6.39975 ], [ 2.22603, 6.39993 ], [ 2.22694, 6.39948 ], [ 2.22739, 6.39975 ], [ 2.22721, 6.40011 ], [ 2.22766, 6.40011 ], [ 2.22748, 6.39957 ], [ 2.22829, 6.39957 ], [ 2.22829, 6.39885 ], [ 2.22612, 6.39884 ], [ 2.22522, 6.39839 ], [ 2.22377, 6.39893 ], [ 2.22368, 6.39857 ], [ 2.22233, 6.3983 ], [ 2.22106, 6.39685 ], [ 2.22043, 6.39667 ], [ 2.22052, 6.39703 ], [ 2.22007, 6.39748 ], [ 2.22061, 6.39748 ], [ 2.22115, 6.39802 ], [ 2.22115, 6.39893 ], [ 2.22006, 6.39929 ], [ 2.21988, 6.39865 ], [ 2.21952, 6.39883 ], [ 2.21925, 6.39856 ], [ 2.2188, 6.39947 ], [ 2.21943, 6.39965 ], [ 2.21835, 6.39992 ], [ 2.21952, 6.40055 ], [ 2.21997, 6.39974 ], [ 2.22052, 6.40037 ], [ 2.22024, 6.40074 ], [ 2.22042, 6.40119 ], [ 2.2216, 6.40137 ], [ 2.22277, 6.40255 ], [ 2.22323, 6.40155 ] ] ], [ [ [ 2.27767, 6.40118 ], [ 2.27758, 6.39991 ], [ 2.27568, 6.39955 ], [ 2.27595, 6.401 ], [ 2.27649, 6.40091 ], [ 2.27595, 6.40027 ], [ 2.27677, 6.4 ], [ 2.2774, 6.40082 ], [ 2.27685, 6.40082 ], [ 2.27694, 6.40136 ], [ 2.27767, 6.40118 ] ] ], [ [ [ 2.2793, 6.40146 ], [ 2.27939, 6.40055 ], [ 2.27975, 6.40055 ], [ 2.27975, 6.40091 ], [ 2.28002, 6.40064 ], [ 2.2793, 6.40028 ], [ 2.27921, 6.39937 ], [ 2.27767, 6.40001 ], [ 2.27875, 6.40127 ], [ 2.27839, 6.40154 ], [ 2.27866, 6.40182 ], [ 2.2793, 6.40146 ] ] ], [ [ [ 2.22114, 6.40526 ], [ 2.22268, 6.40372 ], [ 2.22232, 6.40255 ], [ 2.22178, 6.40237 ], [ 2.22123, 6.40336 ], [ 2.22006, 6.40336 ], [ 2.22024, 6.40273 ], [ 2.22087, 6.40255 ], [ 2.22106, 6.402 ], [ 2.22051, 6.40182 ], [ 2.2197, 6.40218 ], [ 2.21978, 6.40481 ], [ 2.22042, 6.40526 ], [ 2.22114, 6.40526 ] ] ], [ [ [ 2.28064, 6.40869 ], [ 2.28137, 6.40752 ], [ 2.282, 6.40752 ], [ 2.28299, 6.40861 ], [ 2.28318, 6.40779 ], [ 2.2829, 6.40716 ], [ 2.28218, 6.40698 ], [ 2.28236, 6.40644 ], [ 2.28155, 6.40462 ], [ 2.28047, 6.40327 ], [ 2.27965, 6.40317 ], [ 2.28056, 6.40435 ], [ 2.27956, 6.40426 ], [ 2.27956, 6.40589 ], [ 2.28001, 6.40598 ], [ 2.28019, 6.40544 ], [ 2.28074, 6.40526 ], [ 2.28083, 6.40589 ], [ 2.28019, 6.40607 ], [ 2.28037, 6.40661 ], [ 2.28092, 6.4067 ], [ 2.28146, 6.40625 ], [ 2.2811, 6.4068 ], [ 2.28128, 6.40743 ], [ 2.28046, 6.4077 ], [ 2.28037, 6.4086 ], [ 2.28064, 6.40869 ] ] ], [ [ [ 2.28245, 6.41051 ], [ 2.28209, 6.40933 ], [ 2.28136, 6.40897 ], [ 2.27974, 6.40933 ], [ 2.28091, 6.41014 ], [ 2.28064, 6.40969 ], [ 2.28091, 6.40924 ], [ 2.28109, 6.40996 ], [ 2.282, 6.41023 ], [ 2.28209, 6.41069 ], [ 2.28245, 6.41051 ] ] ], [ [ [ 2.26868, 6.42288 ], [ 2.26932, 6.42171 ], [ 2.27013, 6.42116 ], [ 2.2705, 6.42008 ], [ 2.2705, 6.41954 ], [ 2.27005, 6.41935 ], [ 2.27023, 6.41863 ], [ 2.26923, 6.41935 ], [ 2.26932, 6.42026 ], [ 2.26905, 6.41999 ], [ 2.26905, 6.42062 ], [ 2.26832, 6.4218 ], [ 2.26868, 6.42288 ] ] ], [ [ [ 2.26606, 6.42261 ], [ 2.2657, 6.42215 ], [ 2.26597, 6.42161 ], [ 2.2667, 6.42143 ], [ 2.2667, 6.4217 ], [ 2.26706, 6.42179 ], [ 2.26715, 6.42152 ], [ 2.26679, 6.42152 ], [ 2.26652, 6.4208 ], [ 2.26597, 6.42116 ], [ 2.26543, 6.42007 ], [ 2.2648, 6.42016 ], [ 2.26462, 6.42089 ], [ 2.26507, 6.4207 ], [ 2.26543, 6.42089 ], [ 2.26444, 6.42134 ], [ 2.26534, 6.42152 ], [ 2.26525, 6.42197 ], [ 2.26597, 6.42333 ], [ 2.26606, 6.42261 ] ] ], [ [ [ 2.2884, 6.42454 ], [ 2.28867, 6.42345 ], [ 2.28876, 6.42228 ], [ 2.2884, 6.42228 ], [ 2.28831, 6.42291 ], [ 2.28713, 6.42282 ], [ 2.28713, 6.42372 ], [ 2.28749, 6.4239 ], [ 2.28804, 6.42318 ], [ 2.28767, 6.42417 ], [ 2.2884, 6.42454 ] ] ], [ [ [ 2.28649, 6.4296 ], [ 2.28622, 6.42833 ], [ 2.28758, 6.42725 ], [ 2.28677, 6.42707 ], [ 2.28613, 6.42607 ], [ 2.28559, 6.42616 ], [ 2.28532, 6.4267 ], [ 2.28505, 6.42598 ], [ 2.28559, 6.42562 ], [ 2.28541, 6.42499 ], [ 2.28496, 6.42508 ], [ 2.28514, 6.42399 ], [ 2.28442, 6.42408 ], [ 2.28442, 6.42336 ], [ 2.28478, 6.42299 ], [ 2.28478, 6.42381 ], [ 2.28532, 6.42354 ], [ 2.28596, 6.42426 ], [ 2.28614, 6.4239 ], [ 2.28569, 6.42318 ], [ 2.28632, 6.42236 ], [ 2.28506, 6.42082 ], [ 2.28524, 6.42001 ], [ 2.2846, 6.4201 ], [ 2.28451, 6.42064 ], [ 2.28379, 6.42118 ], [ 2.28415, 6.4201 ], [ 2.28334, 6.41874 ], [ 2.28316, 6.41937 ], [ 2.2837, 6.42064 ], [ 2.28343, 6.42254 ], [ 2.28397, 6.42336 ], [ 2.28405, 6.42535 ], [ 2.28505, 6.42779 ], [ 2.28649, 6.4296 ] ] ], [ [ [ 2.26551, 6.4302 ], [ 2.26614, 6.42903 ], [ 2.26551, 6.4293 ], [ 2.26325, 6.42785 ], [ 2.26379, 6.4274 ], [ 2.26334, 6.4274 ], [ 2.2637, 6.42667 ], [ 2.26343, 6.42604 ], [ 2.26389, 6.42613 ], [ 2.26398, 6.4255 ], [ 2.26443, 6.42514 ], [ 2.26488, 6.42532 ], [ 2.26515, 6.42487 ], [ 2.2647, 6.42487 ], [ 2.26434, 6.42405 ], [ 2.26389, 6.42396 ], [ 2.26362, 6.42559 ], [ 2.26235, 6.42721 ], [ 2.26235, 6.42866 ], [ 2.26262, 6.42884 ], [ 2.26334, 6.42848 ], [ 2.26515, 6.42948 ], [ 2.26487, 6.43057 ], [ 2.26551, 6.4302 ] ] ], [ [ [ 2.28803, 6.43168 ], [ 2.28821, 6.43096 ], [ 2.28956, 6.43096 ], [ 2.28929, 6.43042 ], [ 2.28966, 6.42979 ], [ 2.28785, 6.42951 ], [ 2.28776, 6.43015 ], [ 2.28721, 6.43024 ], [ 2.28685, 6.4296 ], [ 2.28649, 6.4296 ], [ 2.28739, 6.43141 ], [ 2.28803, 6.43168 ] ] ], [ [ [ 2.26243, 6.43282 ], [ 2.26189, 6.4321 ], [ 2.26225, 6.43174 ], [ 2.26216, 6.43119 ], [ 2.2608, 6.43101 ], [ 2.26044, 6.43174 ], [ 2.26126, 6.43156 ], [ 2.26134, 6.43255 ], [ 2.26207, 6.43291 ], [ 2.26243, 6.43282 ] ] ], [ [ [ 2.2246, 6.44715 ], [ 2.22569, 6.44679 ], [ 2.22578, 6.44643 ], [ 2.22515, 6.44625 ], [ 2.22515, 6.44589 ], [ 2.22569, 6.4458 ], [ 2.22569, 6.44534 ], [ 2.22614, 6.44507 ], [ 2.22551, 6.44444 ], [ 2.22606, 6.4439 ], [ 2.22489, 6.44073 ], [ 2.22507, 6.43982 ], [ 2.22462, 6.43829 ], [ 2.22453, 6.4391 ], [ 2.22389, 6.4391 ], [ 2.2238, 6.43946 ], [ 2.22425, 6.4401 ], [ 2.22416, 6.44091 ], [ 2.22507, 6.44145 ], [ 2.22515, 6.44408 ], [ 2.22479, 6.44489 ], [ 2.22515, 6.44552 ], [ 2.22461, 6.4457 ], [ 2.2246, 6.44715 ] ] ], [ [ [ 2.22222, 6.47076 ], [ 2.22285, 6.46986 ], [ 2.22267, 6.46913 ], [ 2.22321, 6.46877 ], [ 2.2234, 6.46696 ], [ 2.22295, 6.46705 ], [ 2.22285, 6.46841 ], [ 2.22222, 6.4685 ], [ 2.22222, 6.46922 ], [ 2.22104, 6.47022 ], [ 2.22131, 6.47076 ], [ 2.22222, 6.47076 ] ] ], [ [ [ 2.21206, 6.49101 ], [ 2.21296, 6.48983 ], [ 2.2135, 6.48974 ], [ 2.2136, 6.48875 ], [ 2.21468, 6.4883 ], [ 2.21659, 6.48505 ], [ 2.21686, 6.48287 ], [ 2.2165, 6.48296 ], [ 2.21605, 6.48251 ], [ 2.21686, 6.48251 ], [ 2.21714, 6.48134 ], [ 2.21614, 6.48188 ], [ 2.21587, 6.48152 ], [ 2.21668, 6.48088 ], [ 2.21759, 6.48089 ], [ 2.21822, 6.47881 ], [ 2.21886, 6.47817 ], [ 2.21886, 6.47736 ], [ 2.21968, 6.47655 ], [ 2.22004, 6.47492 ], [ 2.22104, 6.47365 ], [ 2.22113, 6.47221 ], [ 2.22059, 6.47239 ], [ 2.22068, 6.47293 ], [ 2.21923, 6.47446 ], [ 2.21913, 6.47546 ], [ 2.21832, 6.47627 ], [ 2.21742, 6.47591 ], [ 2.21769, 6.47528 ], [ 2.21687, 6.47546 ], [ 2.21633, 6.47745 ], [ 2.21469, 6.48052 ], [ 2.21442, 6.48215 ], [ 2.21415, 6.48224 ], [ 2.21415, 6.4835 ], [ 2.21379, 6.48359 ], [ 2.2136, 6.48486 ], [ 2.21297, 6.48567 ], [ 2.21324, 6.4864 ], [ 2.2136, 6.48649 ], [ 2.21324, 6.48667 ], [ 2.21369, 6.48721 ], [ 2.21405, 6.48685 ], [ 2.21405, 6.48658 ], [ 2.21369, 6.48667 ], [ 2.21396, 6.48586 ], [ 2.21469, 6.48568 ], [ 2.2145, 6.48712 ], [ 2.21315, 6.4883 ], [ 2.21342, 6.48721 ], [ 2.21251, 6.48676 ], [ 2.2117, 6.48829 ], [ 2.21106, 6.48857 ], [ 2.21106, 6.48911 ], [ 2.20998, 6.49001 ], [ 2.21133, 6.49119 ], [ 2.21206, 6.49101 ] ] ], [ [ [ 2.24639, 6.51712 ], [ 2.24702, 6.5154 ], [ 2.24639, 6.51449 ], [ 2.24503, 6.51503 ], [ 2.24494, 6.51585 ], [ 2.24567, 6.51612 ], [ 2.24639, 6.51712 ] ] ], [ [ [ 2.25253, 6.52436 ], [ 2.25343, 6.52355 ], [ 2.25407, 6.52355 ], [ 2.25479, 6.5221 ], [ 2.25561, 6.52211 ], [ 2.25588, 6.52247 ], [ 2.25642, 6.52229 ], [ 2.25579, 6.52138 ], [ 2.25497, 6.52129 ], [ 2.25443, 6.52066 ], [ 2.25389, 6.52075 ], [ 2.25389, 6.51975 ], [ 2.2529, 6.51993 ], [ 2.25235, 6.52092 ], [ 2.25244, 6.52237 ], [ 2.25163, 6.52273 ], [ 2.25208, 6.524 ], [ 2.25253, 6.52436 ] ] ], [ [ [ 2.3167, 6.36007 ], [ 2.31625, 6.35953 ], [ 2.31543, 6.35935 ], [ 2.31326, 6.3598 ], [ 2.31335, 6.36016 ], [ 2.31435, 6.36043 ], [ 2.3167, 6.36007 ] ] ], [ [ [ 2.29497, 6.37931 ], [ 2.29588, 6.37841 ], [ 2.29633, 6.37859 ], [ 2.29624, 6.37769 ], [ 2.29497, 6.3775 ], [ 2.29551, 6.37823 ], [ 2.29334, 6.37859 ], [ 2.2928, 6.37831 ], [ 2.29298, 6.37777 ], [ 2.29253, 6.37723 ], [ 2.29262, 6.37632 ], [ 2.29398, 6.37379 ], [ 2.29381, 6.37189 ], [ 2.29444, 6.37189 ], [ 2.2948, 6.37153 ], [ 2.29471, 6.37108 ], [ 2.29607, 6.36972 ], [ 2.29571, 6.36891 ], [ 2.2958, 6.368 ], [ 2.29508, 6.36855 ], [ 2.29571, 6.36728 ], [ 2.29481, 6.36728 ], [ 2.29481, 6.36701 ], [ 2.29291, 6.36637 ], [ 2.29219, 6.36574 ], [ 2.29164, 6.36583 ], [ 2.29137, 6.36655 ], [ 2.28965, 6.36628 ], [ 2.28929, 6.36673 ], [ 2.28694, 6.36573 ], [ 2.28559, 6.36464 ], [ 2.28595, 6.36428 ], [ 2.28604, 6.3632 ], [ 2.28559, 6.36311 ], [ 2.2855, 6.36247 ], [ 2.2864, 6.36274 ], [ 2.28649, 6.36401 ], [ 2.28767, 6.36392 ], [ 2.28776, 6.36238 ], [ 2.28722, 6.36175 ], [ 2.28776, 6.36139 ], [ 2.28776, 6.36094 ], [ 2.28704, 6.36112 ], [ 2.28695, 6.36184 ], [ 2.28586, 6.36157 ], [ 2.28505, 6.36193 ], [ 2.28514, 6.36148 ], [ 2.2865, 6.36066 ], [ 2.28867, 6.36067 ], [ 2.28975, 6.36121 ], [ 2.2912, 6.36076 ], [ 2.29264, 6.36149 ], [ 2.29445, 6.36095 ], [ 2.29563, 6.36004 ], [ 2.29626, 6.36032 ], [ 2.29925, 6.35978 ], [ 2.30097, 6.35987 ], [ 2.30096, 6.36059 ], [ 2.30196, 6.36023 ], [ 2.30232, 6.36032 ], [ 2.30241, 6.36087 ], [ 2.30332, 6.36096 ], [ 2.30295, 6.36241 ], [ 2.30404, 6.36223 ], [ 2.30422, 6.3634 ], [ 2.30512, 6.36404 ], [ 2.30548, 6.36232 ], [ 2.30585, 6.36205 ], [ 2.30774, 6.36214 ], [ 2.30802, 6.36078 ], [ 2.30892, 6.3606 ], [ 2.30919, 6.35952 ], [ 2.30947, 6.35952 ], [ 2.30983, 6.36024 ], [ 2.30991, 6.36205 ], [ 2.31209, 6.36206 ], [ 2.31281, 6.3626 ], [ 2.31362, 6.3626 ], [ 2.31471, 6.36197 ], [ 2.31534, 6.3626 ], [ 2.31633, 6.36233 ], [ 2.31633, 6.36279 ], [ 2.31697, 6.36324 ], [ 2.31678, 6.36387 ], [ 2.31769, 6.36405 ], [ 2.31787, 6.36451 ], [ 2.31832, 6.36442 ], [ 2.31886, 6.36577 ], [ 2.31949, 6.36614 ], [ 2.31931, 6.36659 ], [ 2.31814, 6.36632 ], [ 2.31768, 6.36749 ], [ 2.31687, 6.36731 ], [ 2.31597, 6.36785 ], [ 2.31434, 6.36758 ], [ 2.31416, 6.36866 ], [ 2.31515, 6.36875 ], [ 2.31533, 6.36921 ], [ 2.31488, 6.3702 ], [ 2.31415, 6.37074 ], [ 2.31524, 6.37165 ], [ 2.31659, 6.37165 ], [ 2.31678, 6.37039 ], [ 2.31822, 6.37048 ], [ 2.31831, 6.36948 ], [ 2.31895, 6.36948 ], [ 2.31913, 6.36985 ], [ 2.31949, 6.36758 ], [ 2.32022, 6.36777 ], [ 2.32076, 6.36505 ], [ 2.32049, 6.36397 ], [ 2.32104, 6.36297 ], [ 2.32393, 6.36298 ], [ 2.32384, 6.36261 ], [ 2.3242, 6.36252 ], [ 2.32456, 6.36289 ], [ 2.3252, 6.36262 ], [ 2.32565, 6.36325 ], [ 2.32682, 6.36325 ], [ 2.32764, 6.36271 ], [ 2.32854, 6.36334 ], [ 2.33134, 6.36317 ], [ 2.33288, 6.36371 ], [ 2.33424, 6.36326 ], [ 2.33559, 6.36417 ], [ 2.33523, 6.36507 ], [ 2.33568, 6.36697 ], [ 2.33677, 6.36715 ], [ 2.33613, 6.36779 ], [ 2.33369, 6.36787 ], [ 2.32871, 6.36895 ], [ 2.32682, 6.36895 ], [ 2.32437, 6.36967 ], [ 2.32311, 6.36958 ], [ 2.32311, 6.36877 ], [ 2.32257, 6.36804 ], [ 2.32184, 6.3684 ], [ 2.32103, 6.36831 ], [ 2.32166, 6.36894 ], [ 2.32103, 6.37003 ], [ 2.32265, 6.37003 ], [ 2.32274, 6.37085 ], [ 2.3232, 6.3713 ], [ 2.32365, 6.37094 ], [ 2.32528, 6.37085 ], [ 2.32564, 6.37013 ], [ 2.32699, 6.37049 ], [ 2.32808, 6.3695 ], [ 2.32917, 6.3695 ], [ 2.32926, 6.37004 ], [ 2.32944, 6.36968 ], [ 2.33016, 6.36977 ], [ 2.3307, 6.36914 ], [ 2.33152, 6.36941 ], [ 2.33197, 6.36896 ], [ 2.33287, 6.36896 ], [ 2.33297, 6.36833 ], [ 2.33351, 6.36805 ], [ 2.33369, 6.3686 ], [ 2.3345, 6.3686 ], [ 2.33414, 6.36914 ], [ 2.33532, 6.36878 ], [ 2.33604, 6.36951 ], [ 2.33704, 6.36833 ], [ 2.33676, 6.36779 ], [ 2.3374, 6.36734 ], [ 2.33641, 6.36589 ], [ 2.33677, 6.36507 ], [ 2.3374, 6.3658 ], [ 2.33803, 6.36571 ], [ 2.33857, 6.36661 ], [ 2.33939, 6.36652 ], [ 2.33975, 6.36707 ], [ 2.34102, 6.36689 ], [ 2.34101, 6.3677 ], [ 2.34228, 6.36698 ], [ 2.34328, 6.36743 ], [ 2.34355, 6.36798 ], [ 2.344, 6.36798 ], [ 2.34391, 6.36707 ], [ 2.34454, 6.36653 ], [ 2.34518, 6.36671 ], [ 2.34545, 6.36635 ], [ 2.34762, 6.36599 ], [ 2.34735, 6.36572 ], [ 2.34346, 6.36553 ], [ 2.34328, 6.36517 ], [ 2.33731, 6.36471 ], [ 2.33677, 6.36308 ], [ 2.33614, 6.36254 ], [ 2.33532, 6.36353 ], [ 2.33406, 6.36272 ], [ 2.32908, 6.36271 ], [ 2.328, 6.36217 ], [ 2.32664, 6.36235 ], [ 2.32592, 6.36189 ], [ 2.32339, 6.36225 ], [ 2.32267, 6.36198 ], [ 2.32285, 6.36135 ], [ 2.32239, 6.36189 ], [ 2.3205, 6.3617 ], [ 2.3205, 6.36116 ], [ 2.32158, 6.36044 ], [ 2.32502, 6.3609 ], [ 2.32791, 6.36018 ], [ 2.32764, 6.3599 ], [ 2.32692, 6.36008 ], [ 2.32547, 6.35909 ], [ 2.31706, 6.35953 ], [ 2.31742, 6.36007 ], [ 2.31977, 6.36035 ], [ 2.32013, 6.36116 ], [ 2.3195, 6.36188 ], [ 2.31815, 6.36098 ], [ 2.31706, 6.36161 ], [ 2.31652, 6.36107 ], [ 2.31643, 6.36143 ], [ 2.31543, 6.36179 ], [ 2.31471, 6.36179 ], [ 2.31498, 6.36134 ], [ 2.31471, 6.36115 ], [ 2.3138, 6.36179 ], [ 2.31381, 6.36052 ], [ 2.31263, 6.36124 ], [ 2.31055, 6.36178 ], [ 2.31019, 6.3616 ], [ 2.31082, 6.36052 ], [ 2.31019, 6.36061 ], [ 2.3101, 6.36024 ], [ 2.31164, 6.35997 ], [ 2.31137, 6.35943 ], [ 2.31191, 6.35907 ], [ 2.31191, 6.35835 ], [ 2.313, 6.35726 ], [ 2.31354, 6.35772 ], [ 2.31535, 6.35781 ], [ 2.31652, 6.35654 ], [ 2.31661, 6.3569 ], [ 2.31616, 6.35736 ], [ 2.3177, 6.35745 ], [ 2.31761, 6.35645 ], [ 2.31788, 6.35618 ], [ 2.32177, 6.35655 ], [ 2.3243, 6.35628 ], [ 2.32457, 6.3571 ], [ 2.32566, 6.35665 ], [ 2.3262, 6.3571 ], [ 2.3271, 6.35638 ], [ 2.32828, 6.35647 ], [ 2.32936, 6.35593 ], [ 2.33063, 6.35611 ], [ 2.33027, 6.35538 ], [ 2.32819, 6.35574 ], [ 2.32756, 6.35556 ], [ 2.32738, 6.35511 ], [ 2.32647, 6.35556 ], [ 2.32358, 6.35547 ], [ 2.32077, 6.35601 ], [ 2.31906, 6.35519 ], [ 2.31662, 6.35491 ], [ 2.3168, 6.35446 ], [ 2.31815, 6.35392 ], [ 2.3196, 6.35429 ], [ 2.32105, 6.35411 ], [ 2.32159, 6.35447 ], [ 2.32485, 6.35366 ], [ 2.33036, 6.35312 ], [ 2.33036, 6.35267 ], [ 2.32919, 6.35186 ], [ 2.32819, 6.35231 ], [ 2.32648, 6.35212 ], [ 2.32575, 6.35167 ], [ 2.32593, 6.35257 ], [ 2.3253, 6.35303 ], [ 2.32449, 6.35257 ], [ 2.32367, 6.35266 ], [ 2.32277, 6.35176 ], [ 2.3215, 6.3523 ], [ 2.31725, 6.35238 ], [ 2.31689, 6.35292 ], [ 2.31445, 6.3531 ], [ 2.3102, 6.35246 ], [ 2.31002, 6.35201 ], [ 2.31047, 6.35174 ], [ 2.3102, 6.35074 ], [ 2.30857, 6.35092 ], [ 2.30812, 6.35128 ], [ 2.30713, 6.35002 ], [ 2.30668, 6.35038 ], [ 2.30179, 6.34974 ], [ 2.2998, 6.35001 ], [ 2.29872, 6.34982 ], [ 2.29845, 6.34928 ], [ 2.29745, 6.34901 ], [ 2.29329, 6.349 ], [ 2.29311, 6.35036 ], [ 2.28859, 6.35081 ], [ 2.28796, 6.35126 ], [ 2.28669, 6.35107 ], [ 2.28615, 6.35189 ], [ 2.28614, 6.35297 ], [ 2.28578, 6.35306 ], [ 2.28578, 6.35352 ], [ 2.28777, 6.35334 ], [ 2.28886, 6.35433 ], [ 2.29021, 6.35425 ], [ 2.29066, 6.3547 ], [ 2.29085, 6.35416 ], [ 2.29166, 6.3537 ], [ 2.29166, 6.35316 ], [ 2.29094, 6.35334 ], [ 2.2913, 6.3528 ], [ 2.29049, 6.35244 ], [ 2.29013, 6.35135 ], [ 2.29202, 6.35244 ], [ 2.29193, 6.35298 ], [ 2.29247, 6.35398 ], [ 2.29311, 6.35407 ], [ 2.29229, 6.35479 ], [ 2.28913, 6.35542 ], [ 2.28578, 6.35451 ], [ 2.2856, 6.35659 ], [ 2.28578, 6.35704 ], [ 2.28695, 6.35714 ], [ 2.28713, 6.3565 ], [ 2.28677, 6.35605 ], [ 2.28732, 6.35623 ], [ 2.2875, 6.35596 ], [ 2.28795, 6.35659 ], [ 2.28958, 6.35705 ], [ 2.28939, 6.35759 ], [ 2.28786, 6.35768 ], [ 2.28795, 6.35831 ], [ 2.29021, 6.35814 ], [ 2.29174, 6.35877 ], [ 2.29174, 6.35922 ], [ 2.29002, 6.3594 ], [ 2.28984, 6.36022 ], [ 2.2893, 6.3604 ], [ 2.28876, 6.36031 ], [ 2.28804, 6.35931 ], [ 2.2855, 6.35903 ], [ 2.28523, 6.3613 ], [ 2.28079, 6.36382 ], [ 2.28052, 6.36446 ], [ 2.28106, 6.36464 ], [ 2.28088, 6.3659 ], [ 2.28206, 6.366 ], [ 2.28278, 6.36527 ], [ 2.28359, 6.366 ], [ 2.28378, 6.36555 ], [ 2.28423, 6.36555 ], [ 2.28396, 6.36609 ], [ 2.28468, 6.36609 ], [ 2.28576, 6.36745 ], [ 2.28694, 6.36736 ], [ 2.28739, 6.36817 ], [ 2.28775, 6.36817 ], [ 2.28712, 6.36826 ], [ 2.28712, 6.36863 ], [ 2.28775, 6.36917 ], [ 2.28802, 6.36917 ], [ 2.28793, 6.36872 ], [ 2.28847, 6.36926 ], [ 2.28911, 6.36917 ], [ 2.28902, 6.36971 ], [ 2.29055, 6.3689 ], [ 2.28992, 6.36763 ], [ 2.29019, 6.36727 ], [ 2.29101, 6.36764 ], [ 2.29092, 6.36836 ], [ 2.29128, 6.36818 ], [ 2.29101, 6.36691 ], [ 2.29146, 6.36673 ], [ 2.29182, 6.36755 ], [ 2.29227, 6.36764 ], [ 2.29255, 6.36728 ], [ 2.29309, 6.368 ], [ 2.29372, 6.36818 ], [ 2.29408, 6.36864 ], [ 2.29399, 6.37081 ], [ 2.29335, 6.37162 ], [ 2.29209, 6.37126 ], [ 2.29173, 6.3718 ], [ 2.29191, 6.3727 ], [ 2.29254, 6.37316 ], [ 2.29217, 6.37424 ], [ 2.29263, 6.3747 ], [ 2.29235, 6.37705 ], [ 2.29172, 6.37759 ], [ 2.29109, 6.37714 ], [ 2.291, 6.37614 ], [ 2.28928, 6.37541 ], [ 2.28846, 6.37568 ], [ 2.2881, 6.37514 ], [ 2.28747, 6.37541 ], [ 2.28675, 6.37523 ], [ 2.28657, 6.3755 ], [ 2.28702, 6.37604 ], [ 2.28684, 6.37632 ], [ 2.28629, 6.37604 ], [ 2.2862, 6.37631 ], [ 2.28711, 6.37722 ], [ 2.28828, 6.3774 ], [ 2.28837, 6.37795 ], [ 2.28937, 6.37795 ], [ 2.28982, 6.37858 ], [ 2.29072, 6.3784 ], [ 2.29099, 6.37904 ], [ 2.29208, 6.37904 ], [ 2.2919, 6.37795 ], [ 2.29235, 6.37804 ], [ 2.29271, 6.37913 ], [ 2.29497, 6.37931 ] ], [ [ 2.30431, 6.36087 ], [ 2.30332, 6.3596 ], [ 2.30232, 6.36005 ], [ 2.30051, 6.35933 ], [ 2.29834, 6.35978 ], [ 2.29744, 6.35941 ], [ 2.29762, 6.35878 ], [ 2.29717, 6.35878 ], [ 2.29672, 6.35968 ], [ 2.29518, 6.35923 ], [ 2.29256, 6.35941 ], [ 2.2922, 6.35913 ], [ 2.29238, 6.35868 ], [ 2.29364, 6.35868 ], [ 2.29437, 6.35778 ], [ 2.29364, 6.35778 ], [ 2.29319, 6.35714 ], [ 2.29274, 6.35778 ], [ 2.29156, 6.35723 ], [ 2.29048, 6.35741 ], [ 2.29021, 6.35678 ], [ 2.29175, 6.3566 ], [ 2.29157, 6.35624 ], [ 2.29193, 6.35597 ], [ 2.29328, 6.35624 ], [ 2.29365, 6.35588 ], [ 2.29536, 6.35597 ], [ 2.29591, 6.3567 ], [ 2.29717, 6.35715 ], [ 2.29844, 6.35715 ], [ 2.29871, 6.35679 ], [ 2.29961, 6.35688 ], [ 2.30007, 6.35652 ], [ 2.30124, 6.3567 ], [ 2.30468, 6.35626 ], [ 2.30603, 6.35698 ], [ 2.30621, 6.35789 ], [ 2.30495, 6.35743 ], [ 2.3045, 6.3577 ], [ 2.30341, 6.35734 ], [ 2.30205, 6.35761 ], [ 2.3016, 6.35725 ], [ 2.30124, 6.35788 ], [ 2.30024, 6.35797 ], [ 2.30033, 6.35878 ], [ 2.30097, 6.35824 ], [ 2.30874, 6.35898 ], [ 2.30847, 6.35997 ], [ 2.30639, 6.36015 ], [ 2.30657, 6.36069 ], [ 2.30585, 6.36087 ], [ 2.30603, 6.3616 ], [ 2.30557, 6.36169 ], [ 2.30539, 6.36223 ], [ 2.30449, 6.36214 ], [ 2.30431, 6.36087 ] ], [ [ 2.31508, 6.35582 ], [ 2.31589, 6.35528 ], [ 2.31788, 6.35564 ], [ 2.31734, 6.35618 ], [ 2.31526, 6.35645 ], [ 2.3149, 6.35636 ], [ 2.31508, 6.35582 ] ], [ [ 2.29717, 6.35588 ], [ 2.2969, 6.35498 ], [ 2.29609, 6.35516 ], [ 2.29591, 6.3548 ], [ 2.29681, 6.35362 ], [ 2.29835, 6.35326 ], [ 2.30604, 6.35409 ], [ 2.30739, 6.35373 ], [ 2.3092, 6.35418 ], [ 2.30974, 6.35491 ], [ 2.30956, 6.35536 ], [ 2.30757, 6.35499 ], [ 2.30676, 6.35599 ], [ 2.30603, 6.35599 ], [ 2.30594, 6.35544 ], [ 2.30477, 6.35562 ], [ 2.30305, 6.35517 ], [ 2.2998, 6.35534 ], [ 2.2979, 6.35625 ], [ 2.29717, 6.35588 ] ], [ [ 2.31372, 6.35582 ], [ 2.31264, 6.355 ], [ 2.313, 6.3541 ], [ 2.31454, 6.35482 ], [ 2.31372, 6.35582 ] ], [ [ 2.31029, 6.35427 ], [ 2.30938, 6.35346 ], [ 2.30966, 6.3531 ], [ 2.31155, 6.35319 ], [ 2.3121, 6.35355 ], [ 2.31164, 6.35464 ], [ 2.31029, 6.35427 ] ], [ [ 2.30161, 6.35227 ], [ 2.29971, 6.352 ], [ 2.29899, 6.35109 ], [ 2.30206, 6.35101 ], [ 2.30161, 6.35227 ] ] ], [ [ [ 2.30871, 6.38042 ], [ 2.3089, 6.3796 ], [ 2.30971, 6.37978 ], [ 2.30908, 6.37861 ], [ 2.30935, 6.37797 ], [ 2.30809, 6.3777 ], [ 2.30736, 6.3768 ], [ 2.30745, 6.37652 ], [ 2.30818, 6.3768 ], [ 2.308, 6.37544 ], [ 2.30718, 6.37544 ], [ 2.30646, 6.37417 ], [ 2.30547, 6.37453 ], [ 2.30511, 6.3739 ], [ 2.30474, 6.37408 ], [ 2.30475, 6.37344 ], [ 2.30601, 6.37318 ], [ 2.30592, 6.372 ], [ 2.30511, 6.37037 ], [ 2.30421, 6.37109 ], [ 2.30375, 6.37109 ], [ 2.30375, 6.37046 ], [ 2.30493, 6.37001 ], [ 2.30493, 6.3682 ], [ 2.3052, 6.36811 ], [ 2.30538, 6.36947 ], [ 2.30566, 6.36874 ], [ 2.3062, 6.36892 ], [ 2.30611, 6.36992 ], [ 2.30556, 6.37046 ], [ 2.30592, 6.37155 ], [ 2.30782, 6.37128 ], [ 2.30764, 6.37182 ], [ 2.30719, 6.37191 ], [ 2.3071, 6.37272 ], [ 2.30945, 6.37218 ], [ 2.31126, 6.37255 ], [ 2.31144, 6.37219 ], [ 2.31045, 6.37137 ], [ 2.30864, 6.37092 ], [ 2.30819, 6.37001 ], [ 2.30846, 6.36947 ], [ 2.30764, 6.36893 ], [ 2.30665, 6.36711 ], [ 2.30602, 6.3672 ], [ 2.30611, 6.36639 ], [ 2.30539, 6.36567 ], [ 2.30475, 6.36639 ], [ 2.30439, 6.36539 ], [ 2.30276, 6.36684 ], [ 2.3024, 6.36575 ], [ 2.30114, 6.36566 ], [ 2.30132, 6.36611 ], [ 2.30105, 6.36638 ], [ 2.30078, 6.3662 ], [ 2.30096, 6.36557 ], [ 2.29942, 6.36511 ], [ 2.29987, 6.36566 ], [ 2.29978, 6.36683 ], [ 2.29906, 6.36665 ], [ 2.29869, 6.3671 ], [ 2.2977, 6.36683 ], [ 2.29833, 6.36719 ], [ 2.29905, 6.36846 ], [ 2.29914, 6.37054 ], [ 2.29959, 6.37109 ], [ 2.29833, 6.37226 ], [ 2.29833, 6.37262 ], [ 2.29968, 6.3728 ], [ 2.30031, 6.3738 ], [ 2.3014, 6.3738 ], [ 2.30158, 6.37425 ], [ 2.3023, 6.37435 ], [ 2.30203, 6.37489 ], [ 2.30257, 6.37507 ], [ 2.30302, 6.37589 ], [ 2.30266, 6.37625 ], [ 2.30203, 6.37597 ], [ 2.2995, 6.37624 ], [ 2.30004, 6.37697 ], [ 2.29922, 6.37751 ], [ 2.29787, 6.37742 ], [ 2.29787, 6.37705 ], [ 2.29751, 6.37705 ], [ 2.2975, 6.37796 ], [ 2.29805, 6.37914 ], [ 2.29976, 6.38004 ], [ 2.29985, 6.37869 ], [ 2.30085, 6.37833 ], [ 2.30203, 6.37878 ], [ 2.30212, 6.37815 ], [ 2.30248, 6.37806 ], [ 2.30275, 6.37851 ], [ 2.30257, 6.37914 ], [ 2.30383, 6.37914 ], [ 2.30383, 6.37978 ], [ 2.30428, 6.37978 ], [ 2.30456, 6.38032 ], [ 2.30465, 6.3796 ], [ 2.30546, 6.38023 ], [ 2.30582, 6.37969 ], [ 2.30718, 6.38014 ], [ 2.30709, 6.37969 ], [ 2.30754, 6.3796 ], [ 2.30754, 6.38032 ], [ 2.30871, 6.38042 ] ] ], [ [ [ 2.32219, 6.37853 ], [ 2.32346, 6.37863 ], [ 2.32328, 6.37808 ], [ 2.32373, 6.37772 ], [ 2.32346, 6.37709 ], [ 2.32265, 6.37691 ], [ 2.32255, 6.37727 ], [ 2.32147, 6.37781 ], [ 2.32138, 6.3789 ], [ 2.32219, 6.37853 ] ] ], [ [ [ 2.31315, 6.3797 ], [ 2.3136, 6.37916 ], [ 2.31369, 6.37979 ], [ 2.31432, 6.38024 ], [ 2.31441, 6.37961 ], [ 2.31486, 6.37979 ], [ 2.31541, 6.37925 ], [ 2.31604, 6.37997 ], [ 2.31695, 6.37871 ], [ 2.31731, 6.37889 ], [ 2.31722, 6.37952 ], [ 2.31776, 6.37961 ], [ 2.31758, 6.3788 ], [ 2.31794, 6.37862 ], [ 2.3183, 6.37916 ], [ 2.31866, 6.37907 ], [ 2.31848, 6.37952 ], [ 2.31875, 6.37989 ], [ 2.31966, 6.38007 ], [ 2.31993, 6.37944 ], [ 2.32065, 6.37898 ], [ 2.32075, 6.3779 ], [ 2.3193, 6.37745 ], [ 2.31776, 6.37744 ], [ 2.31686, 6.37808 ], [ 2.31595, 6.37771 ], [ 2.31568, 6.37717 ], [ 2.31469, 6.37726 ], [ 2.3146, 6.3769 ], [ 2.31451, 6.3778 ], [ 2.31315, 6.37834 ], [ 2.31243, 6.37816 ], [ 2.31206, 6.37762 ], [ 2.31152, 6.37798 ], [ 2.31116, 6.3778 ], [ 2.31143, 6.37807 ], [ 2.31125, 6.37861 ], [ 2.31071, 6.37843 ], [ 2.31071, 6.3778 ], [ 2.30989, 6.37807 ], [ 2.31043, 6.3796 ], [ 2.31116, 6.37879 ], [ 2.31224, 6.37934 ], [ 2.31206, 6.38024 ], [ 2.31333, 6.38015 ], [ 2.31342, 6.3797 ], [ 2.31315, 6.3797 ] ] ], [ [ [ 2.34515, 6.38472 ], [ 2.34506, 6.3839 ], [ 2.34398, 6.38236 ], [ 2.34344, 6.38236 ], [ 2.34253, 6.38146 ], [ 2.34127, 6.38118 ], [ 2.34136, 6.38164 ], [ 2.3419, 6.38164 ], [ 2.34217, 6.38209 ], [ 2.34199, 6.38263 ], [ 2.34253, 6.38327 ], [ 2.34307, 6.38498 ], [ 2.34353, 6.38471 ], [ 2.34479, 6.38526 ], [ 2.34515, 6.38472 ] ] ], [ [ [ 2.30952, 6.38856 ], [ 2.30961, 6.38756 ], [ 2.31142, 6.38657 ], [ 2.30979, 6.38621 ], [ 2.30961, 6.38566 ], [ 2.30997, 6.3853 ], [ 2.3097, 6.38503 ], [ 2.30843, 6.38684 ], [ 2.30843, 6.3882 ], [ 2.30897, 6.38883 ], [ 2.30952, 6.38856 ] ] ], [ [ [ 2.29694, 6.39379 ], [ 2.29712, 6.39316 ], [ 2.29667, 6.39189 ], [ 2.29568, 6.39216 ], [ 2.29549, 6.39306 ], [ 2.29396, 6.39324 ], [ 2.29495, 6.39343 ], [ 2.29604, 6.39297 ], [ 2.29613, 6.39388 ], [ 2.2973, 6.39433 ], [ 2.29694, 6.39379 ] ] ], [ [ [ 2.30915, 6.39643 ], [ 2.30951, 6.39616 ], [ 2.30987, 6.39652 ], [ 2.31023, 6.39634 ], [ 2.31105, 6.39444 ], [ 2.31014, 6.39435 ], [ 2.30969, 6.39507 ], [ 2.30833, 6.39444 ], [ 2.3077, 6.39471 ], [ 2.30752, 6.39634 ], [ 2.30915, 6.39643 ] ] ], [ [ [ 2.29793, 6.39795 ], [ 2.29857, 6.39569 ], [ 2.29839, 6.3947 ], [ 2.29784, 6.39424 ], [ 2.29757, 6.39433 ], [ 2.29784, 6.39524 ], [ 2.29757, 6.39687 ], [ 2.29712, 6.3965 ], [ 2.2963, 6.39705 ], [ 2.29567, 6.39677 ], [ 2.29558, 6.39623 ], [ 2.29468, 6.39623 ], [ 2.29477, 6.39496 ], [ 2.2935, 6.39442 ], [ 2.29368, 6.3955 ], [ 2.29422, 6.39569 ], [ 2.29522, 6.39723 ], [ 2.29793, 6.39795 ] ] ], [ [ [ 2.30553, 6.39706 ], [ 2.30535, 6.39597 ], [ 2.30453, 6.39561 ], [ 2.30408, 6.39615 ], [ 2.30408, 6.39679 ], [ 2.30489, 6.39697 ], [ 2.30507, 6.39751 ], [ 2.30553, 6.39706 ] ] ], [ [ [ 2.32813, 6.39845 ], [ 2.32832, 6.39727 ], [ 2.32678, 6.39654 ], [ 2.32633, 6.397 ], [ 2.32633, 6.39736 ], [ 2.32687, 6.39754 ], [ 2.3266, 6.39835 ], [ 2.32624, 6.39772 ], [ 2.32551, 6.39772 ], [ 2.32615, 6.3969 ], [ 2.32606, 6.39636 ], [ 2.32768, 6.39609 ], [ 2.32814, 6.39646 ], [ 2.32832, 6.396 ], [ 2.32796, 6.39582 ], [ 2.32515, 6.39609 ], [ 2.32452, 6.39636 ], [ 2.32497, 6.39672 ], [ 2.32488, 6.39708 ], [ 2.32398, 6.39708 ], [ 2.32388, 6.39763 ], [ 2.32316, 6.39726 ], [ 2.3228, 6.39744 ], [ 2.32334, 6.39799 ], [ 2.32388, 6.39781 ], [ 2.32434, 6.39835 ], [ 2.32488, 6.39826 ], [ 2.32479, 6.39871 ], [ 2.3285, 6.39881 ], [ 2.32813, 6.39845 ] ] ], [ [ [ 2.29937, 6.40239 ], [ 2.29955, 6.40203 ], [ 2.30082, 6.40212 ], [ 2.3019, 6.40122 ], [ 2.30389, 6.40131 ], [ 2.30715, 6.40041 ], [ 2.30806, 6.39969 ], [ 2.30788, 6.39896 ], [ 2.30896, 6.40023 ], [ 2.31023, 6.40059 ], [ 2.31276, 6.39987 ], [ 2.31393, 6.39996 ], [ 2.31457, 6.39951 ], [ 2.31837, 6.39979 ], [ 2.31963, 6.39816 ], [ 2.32036, 6.39798 ], [ 2.32036, 6.39844 ], [ 2.32063, 6.39844 ], [ 2.32099, 6.39807 ], [ 2.32063, 6.39735 ], [ 2.32117, 6.39681 ], [ 2.31909, 6.39708 ], [ 2.31873, 6.39753 ], [ 2.31755, 6.39744 ], [ 2.31737, 6.39834 ], [ 2.31683, 6.39816 ], [ 2.31665, 6.39906 ], [ 2.31583, 6.39897 ], [ 2.31574, 6.39951 ], [ 2.3143, 6.3987 ], [ 2.31566, 6.39752 ], [ 2.31629, 6.39789 ], [ 2.31656, 6.39753 ], [ 2.31403, 6.39698 ], [ 2.31349, 6.39707 ], [ 2.31339, 6.39843 ], [ 2.31303, 6.39815 ], [ 2.31195, 6.39833 ], [ 2.31159, 6.39752 ], [ 2.31068, 6.39716 ], [ 2.30806, 6.39679 ], [ 2.30743, 6.39706 ], [ 2.3077, 6.39824 ], [ 2.30688, 6.39715 ], [ 2.30625, 6.39715 ], [ 2.30625, 6.39842 ], [ 2.30571, 6.39833 ], [ 2.30552, 6.39878 ], [ 2.30453, 6.39832 ], [ 2.30435, 6.39715 ], [ 2.30263, 6.3976 ], [ 2.302, 6.39868 ], [ 2.30146, 6.39841 ], [ 2.30019, 6.39895 ], [ 2.29947, 6.39841 ], [ 2.29874, 6.3985 ], [ 2.29856, 6.39922 ], [ 2.29937, 6.39958 ], [ 2.30155, 6.39904 ], [ 2.30254, 6.3995 ], [ 2.30227, 6.40004 ], [ 2.30154, 6.40004 ], [ 2.30127, 6.39959 ], [ 2.30136, 6.4004 ], [ 2.30109, 6.40049 ], [ 2.30091, 6.40004 ], [ 2.30001, 6.40022 ], [ 2.29974, 6.39986 ], [ 2.29901, 6.4004 ], [ 2.29838, 6.40022 ], [ 2.29856, 6.39931 ], [ 2.29829, 6.39931 ], [ 2.29793, 6.39804 ], [ 2.29458, 6.39813 ], [ 2.29395, 6.39867 ], [ 2.29214, 6.39695 ], [ 2.28979, 6.3955 ], [ 2.28862, 6.39559 ], [ 2.2878, 6.39522 ], [ 2.28753, 6.39568 ], [ 2.28654, 6.39577 ], [ 2.28636, 6.39513 ], [ 2.28527, 6.39531 ], [ 2.28518, 6.39504 ], [ 2.28473, 6.39495 ], [ 2.28473, 6.39531 ], [ 2.28509, 6.39513 ], [ 2.285, 6.39558 ], [ 2.28373, 6.39549 ], [ 2.28328, 6.39513 ], [ 2.28292, 6.39558 ], [ 2.28391, 6.39703 ], [ 2.28455, 6.39721 ], [ 2.28473, 6.39766 ], [ 2.28418, 6.39757 ], [ 2.28409, 6.39793 ], [ 2.28509, 6.39857 ], [ 2.28699, 6.39893 ], [ 2.28898, 6.39875 ], [ 2.28997, 6.39948 ], [ 2.29051, 6.39948 ], [ 2.29096, 6.4002 ], [ 2.29151, 6.40012 ], [ 2.29259, 6.4012 ], [ 2.29304, 6.40093 ], [ 2.29413, 6.40129 ], [ 2.29503, 6.40102 ], [ 2.2963, 6.40121 ], [ 2.29675, 6.40085 ], [ 2.29666, 6.40175 ], [ 2.29774, 6.40257 ], [ 2.29937, 6.40239 ] ] ], [ [ [ 2.35341, 6.43304 ], [ 2.35269, 6.43168 ], [ 2.35305, 6.43105 ], [ 2.35251, 6.43105 ], [ 2.35278, 6.43014 ], [ 2.35197, 6.4296 ], [ 2.35251, 6.42887 ], [ 2.35252, 6.42716 ], [ 2.35206, 6.42697 ], [ 2.35134, 6.42571 ], [ 2.35134, 6.42399 ], [ 2.35098, 6.42363 ], [ 2.35089, 6.42245 ], [ 2.35117, 6.42109 ], [ 2.35044, 6.41964 ], [ 2.35063, 6.41901 ], [ 2.34982, 6.41621 ], [ 2.35, 6.41467 ], [ 2.34928, 6.41394 ], [ 2.34892, 6.40978 ], [ 2.34992, 6.40888 ], [ 2.34937, 6.40861 ], [ 2.34965, 6.40788 ], [ 2.34874, 6.40761 ], [ 2.34883, 6.40707 ], [ 2.34937, 6.40725 ], [ 2.34956, 6.40698 ], [ 2.34865, 6.40607 ], [ 2.34883, 6.40526 ], [ 2.34848, 6.40363 ], [ 2.34866, 6.403 ], [ 2.3492, 6.40309 ], [ 2.34848, 6.40272 ], [ 2.34902, 6.40218 ], [ 2.35065, 6.40282 ], [ 2.35291, 6.40237 ], [ 2.35318, 6.40146 ], [ 2.35273, 6.40191 ], [ 2.35182, 6.40173 ], [ 2.35345, 6.40065 ], [ 2.35337, 6.39703 ], [ 2.35292, 6.39667 ], [ 2.35282, 6.39721 ], [ 2.35246, 6.3973 ], [ 2.3521, 6.39703 ], [ 2.35255, 6.39649 ], [ 2.35237, 6.39612 ], [ 2.3512, 6.39612 ], [ 2.35083, 6.39694 ], [ 2.35029, 6.39676 ], [ 2.3502, 6.39739 ], [ 2.3493, 6.39766 ], [ 2.34966, 6.39847 ], [ 2.34794, 6.39793 ], [ 2.34731, 6.39802 ], [ 2.34731, 6.39865 ], [ 2.34676, 6.39874 ], [ 2.34631, 6.3982 ], [ 2.3464, 6.39784 ], [ 2.34694, 6.39802 ], [ 2.34667, 6.39756 ], [ 2.34595, 6.39729 ], [ 2.34514, 6.39774 ], [ 2.34432, 6.39693 ], [ 2.34324, 6.39702 ], [ 2.34243, 6.39593 ], [ 2.34025, 6.39665 ], [ 2.33899, 6.39638 ], [ 2.33537, 6.39665 ], [ 2.33356, 6.39592 ], [ 2.33085, 6.39628 ], [ 2.33058, 6.39646 ], [ 2.33094, 6.39673 ], [ 2.33085, 6.39736 ], [ 2.3313, 6.39764 ], [ 2.33103, 6.39863 ], [ 2.33229, 6.39936 ], [ 2.33401, 6.39927 ], [ 2.33356, 6.39909 ], [ 2.33356, 6.39872 ], [ 2.33492, 6.39791 ], [ 2.33492, 6.39854 ], [ 2.33537, 6.39855 ], [ 2.33555, 6.39918 ], [ 2.33618, 6.39945 ], [ 2.33573, 6.39981 ], [ 2.33672, 6.3999 ], [ 2.33709, 6.39891 ], [ 2.33763, 6.39918 ], [ 2.33826, 6.39891 ], [ 2.3388, 6.39973 ], [ 2.34052, 6.39973 ], [ 2.34197, 6.39864 ], [ 2.34206, 6.3981 ], [ 2.34233, 6.39828 ], [ 2.34215, 6.39937 ], [ 2.3426, 6.40018 ], [ 2.34197, 6.40063 ], [ 2.34215, 6.40172 ], [ 2.34341, 6.40181 ], [ 2.34378, 6.40118 ], [ 2.34414, 6.40136 ], [ 2.34432, 6.4019 ], [ 2.34405, 6.40236 ], [ 2.34459, 6.4029 ], [ 2.3445, 6.40371 ], [ 2.34558, 6.40372 ], [ 2.34558, 6.40408 ], [ 2.34495, 6.40417 ], [ 2.34477, 6.40489 ], [ 2.34522, 6.40453 ], [ 2.34612, 6.40453 ], [ 2.34612, 6.40498 ], [ 2.34531, 6.40471 ], [ 2.34558, 6.4058 ], [ 2.34693, 6.40598 ], [ 2.3463, 6.40634 ], [ 2.34657, 6.40706 ], [ 2.34594, 6.40761 ], [ 2.34603, 6.40797 ], [ 2.34693, 6.40815 ], [ 2.34738, 6.40761 ], [ 2.34775, 6.40779 ], [ 2.34684, 6.40869 ], [ 2.34711, 6.40933 ], [ 2.34684, 6.41005 ], [ 2.3472, 6.41023 ], [ 2.34684, 6.41168 ], [ 2.3472, 6.41313 ], [ 2.34683, 6.41412 ], [ 2.34729, 6.41457 ], [ 2.34737, 6.4181 ], [ 2.348, 6.41837 ], [ 2.34773, 6.41964 ], [ 2.34854, 6.42046 ], [ 2.34818, 6.42136 ], [ 2.34927, 6.42236 ], [ 2.3489, 6.42398 ], [ 2.34971, 6.4248 ], [ 2.35107, 6.42471 ], [ 2.35044, 6.42625 ], [ 2.35143, 6.42643 ], [ 2.35161, 6.42833 ], [ 2.35197, 6.4286 ], [ 2.35125, 6.42923 ], [ 2.35206, 6.4305 ], [ 2.35142, 6.4315 ], [ 2.35224, 6.4315 ], [ 2.35269, 6.43295 ], [ 2.35341, 6.43304 ] ], [ [ 2.34864, 6.41774 ], [ 2.34891, 6.41738 ], [ 2.34864, 6.41593 ], [ 2.34819, 6.41593 ], [ 2.34783, 6.41512 ], [ 2.34801, 6.41367 ], [ 2.34846, 6.41412 ], [ 2.34846, 6.41521 ], [ 2.34927, 6.41611 ], [ 2.34945, 6.4181 ], [ 2.34864, 6.41774 ] ] ], [ [ [ 2.34547, 6.42018 ], [ 2.34511, 6.41964 ], [ 2.34439, 6.41964 ], [ 2.3443, 6.41927 ], [ 2.34502, 6.419 ], [ 2.34448, 6.41737 ], [ 2.34348, 6.41719 ], [ 2.34231, 6.41782 ], [ 2.34204, 6.41773 ], [ 2.34213, 6.41719 ], [ 2.34158, 6.41737 ], [ 2.34104, 6.41873 ], [ 2.34176, 6.41909 ], [ 2.34167, 6.41945 ], [ 2.34249, 6.41981 ], [ 2.3433, 6.419 ], [ 2.34357, 6.42 ], [ 2.34484, 6.42054 ], [ 2.34547, 6.42018 ] ] ], [ [ [ 2.2912, 6.42599 ], [ 2.29075, 6.42445 ], [ 2.28985, 6.42373 ], [ 2.28958, 6.42065 ], [ 2.28913, 6.42137 ], [ 2.28958, 6.42291 ], [ 2.28912, 6.42309 ], [ 2.28921, 6.42391 ], [ 2.28876, 6.42472 ], [ 2.28975, 6.42418 ], [ 2.28948, 6.42481 ], [ 2.2912, 6.42599 ] ] ], [ [ [ 2.31019, 6.42529 ], [ 2.31046, 6.42448 ], [ 2.31119, 6.42457 ], [ 2.31101, 6.42412 ], [ 2.31128, 6.42385 ], [ 2.31019, 6.42339 ], [ 2.30956, 6.42393 ], [ 2.30965, 6.4252 ], [ 2.31019, 6.42529 ] ] ], [ [ [ 2.29246, 6.43015 ], [ 2.29273, 6.42898 ], [ 2.29309, 6.42916 ], [ 2.29318, 6.42898 ], [ 2.29237, 6.42807 ], [ 2.29246, 6.42861 ], [ 2.29147, 6.42879 ], [ 2.29192, 6.42934 ], [ 2.29164, 6.43042 ], [ 2.29246, 6.43015 ] ] ], [ [ [ 2.29119, 6.43513 ], [ 2.29101, 6.43422 ], [ 2.29137, 6.43359 ], [ 2.29019, 6.43304 ], [ 2.2901, 6.43241 ], [ 2.2892, 6.43277 ], [ 2.28911, 6.43223 ], [ 2.28875, 6.43223 ], [ 2.29064, 6.4354 ], [ 2.29119, 6.43513 ] ] ], [ [ [ 2.31175, 6.47351 ], [ 2.31176, 6.47198 ], [ 2.3114, 6.4717 ], [ 2.31158, 6.47089 ], [ 2.31113, 6.47044 ], [ 2.3104, 6.47297 ], [ 2.31139, 6.47315 ], [ 2.31112, 6.4736 ], [ 2.31139, 6.47406 ], [ 2.31175, 6.47351 ] ] ], [ [ [ 2.31184, 6.47704 ], [ 2.31157, 6.47478 ], [ 2.31067, 6.47396 ], [ 2.31067, 6.47668 ], [ 2.31139, 6.47776 ], [ 2.31184, 6.47704 ] ] ], [ [ [ 2.31174, 6.48238 ], [ 2.31211, 6.48147 ], [ 2.31166, 6.47976 ], [ 2.31193, 6.47976 ], [ 2.31202, 6.47876 ], [ 2.31157, 6.47831 ], [ 2.31066, 6.47903 ], [ 2.31147, 6.48129 ], [ 2.31138, 6.4822 ], [ 2.31174, 6.48238 ] ] ], [ [ [ 2.31164, 6.4888 ], [ 2.31237, 6.48573 ], [ 2.3121, 6.48365 ], [ 2.31156, 6.48392 ], [ 2.31164, 6.4888 ] ] ], [ [ [ 2.30209, 6.52769 ], [ 2.30327, 6.52688 ], [ 2.30408, 6.52715 ], [ 2.30426, 6.52679 ], [ 2.3039, 6.52643 ], [ 2.303, 6.52643 ], [ 2.30282, 6.52552 ], [ 2.30201, 6.52552 ], [ 2.30209, 6.52679 ], [ 2.30119, 6.52724 ], [ 2.3011, 6.52787 ], [ 2.30209, 6.52769 ] ] ], [ [ [ 2.35835, 6.53048 ], [ 2.36035, 6.52876 ], [ 2.35999, 6.52786 ], [ 2.35953, 6.52786 ], [ 2.35971, 6.52795 ], [ 2.35962, 6.52831 ], [ 2.35908, 6.52749 ], [ 2.35718, 6.52822 ], [ 2.3579, 6.53003 ], [ 2.35835, 6.53048 ] ] ], [ [ [ 2.33255, 6.54836 ], [ 2.33174, 6.54673 ], [ 2.33183, 6.54772 ], [ 2.33074, 6.54718 ], [ 2.33011, 6.54763 ], [ 2.3302, 6.54817 ], [ 2.3311, 6.5479 ], [ 2.33183, 6.54845 ], [ 2.33255, 6.54836 ] ] ], [ [ [ 2.3376, 6.63114 ], [ 2.33805, 6.63142 ], [ 2.33832, 6.63096 ], [ 2.33922, 6.63097 ], [ 2.34004, 6.63133 ], [ 2.34031, 6.63051 ], [ 2.34104, 6.63024 ], [ 2.34131, 6.6297 ], [ 2.3423, 6.62925 ], [ 2.3433, 6.62961 ], [ 2.34393, 6.62943 ], [ 2.34457, 6.62835 ], [ 2.3452, 6.62916 ], [ 2.34574, 6.62907 ], [ 2.34619, 6.62944 ], [ 2.34737, 6.62835 ], [ 2.34701, 6.62799 ], [ 2.34746, 6.62754 ], [ 2.34819, 6.6279 ], [ 2.34782, 6.62844 ], [ 2.34873, 6.62917 ], [ 2.34918, 6.62917 ], [ 2.34999, 6.62818 ], [ 2.35081, 6.62854 ], [ 2.35081, 6.628 ], [ 2.35144, 6.62782 ], [ 2.35162, 6.62845 ], [ 2.35226, 6.62809 ], [ 2.35343, 6.62845 ], [ 2.35515, 6.62809 ], [ 2.35597, 6.62873 ], [ 2.35624, 6.62836 ], [ 2.35597, 6.6261 ], [ 2.3557, 6.62574 ], [ 2.35434, 6.62547 ], [ 2.35353, 6.62601 ], [ 2.35271, 6.62574 ], [ 2.35208, 6.62601 ], [ 2.35154, 6.62564 ], [ 2.35072, 6.62664 ], [ 2.34765, 6.62609 ], [ 2.34701, 6.62627 ], [ 2.3462, 6.62736 ], [ 2.34556, 6.62717 ], [ 2.34547, 6.62681 ], [ 2.34439, 6.6279 ], [ 2.34421, 6.62753 ], [ 2.34366, 6.6279 ], [ 2.34231, 6.62753 ], [ 2.34086, 6.62798 ], [ 2.34086, 6.62726 ], [ 2.34059, 6.62717 ], [ 2.34031, 6.62753 ], [ 2.33968, 6.62753 ], [ 2.33995, 6.62843 ], [ 2.34013, 6.62816 ], [ 2.34031, 6.62852 ], [ 2.34013, 6.62898 ], [ 2.33941, 6.62916 ], [ 2.33868, 6.62861 ], [ 2.33878, 6.62807 ], [ 2.33823, 6.62807 ], [ 2.33687, 6.62906 ], [ 2.33751, 6.62997 ], [ 2.33669, 6.63132 ], [ 2.3376, 6.63114 ] ] ], [ [ [ 2.36066, 6.63497 ], [ 2.36057, 6.63407 ], [ 2.36103, 6.63407 ], [ 2.36157, 6.63344 ], [ 2.3613, 6.63262 ], [ 2.36248, 6.63091 ], [ 2.36175, 6.63072 ], [ 2.36166, 6.63009 ], [ 2.36058, 6.63063 ], [ 2.36058, 6.63163 ], [ 2.36003, 6.63172 ], [ 2.35886, 6.63307 ], [ 2.35931, 6.63334 ], [ 2.35904, 6.63398 ], [ 2.35949, 6.63407 ], [ 2.35985, 6.63371 ], [ 2.36003, 6.63479 ], [ 2.36066, 6.63497 ] ] ], [ [ [ 2.36039, 6.63715 ], [ 2.36129, 6.63751 ], [ 2.36156, 6.6366 ], [ 2.36093, 6.63642 ], [ 2.36129, 6.63579 ], [ 2.36057, 6.63534 ], [ 2.36048, 6.63606 ], [ 2.35985, 6.63579 ], [ 2.36021, 6.63624 ], [ 2.35994, 6.63642 ], [ 2.35994, 6.6376 ], [ 2.36048, 6.6376 ], [ 2.36039, 6.63715 ] ] ], [ [ [ 2.33602, 6.66281 ], [ 2.3381, 6.66227 ], [ 2.33783, 6.66127 ], [ 2.33575, 6.66109 ], [ 2.33556, 6.66172 ], [ 2.33602, 6.66281 ] ] ], [ [ [ 2.34836, 6.70353 ], [ 2.34963, 6.70281 ], [ 2.34963, 6.702 ], [ 2.35062, 6.70046 ], [ 2.35108, 6.69838 ], [ 2.35271, 6.69739 ], [ 2.35434, 6.6973 ], [ 2.35533, 6.69658 ], [ 2.35588, 6.69658 ], [ 2.35642, 6.69576 ], [ 2.35696, 6.69613 ], [ 2.3576, 6.69586 ], [ 2.35941, 6.69287 ], [ 2.36059, 6.69324 ], [ 2.36176, 6.69279 ], [ 2.36222, 6.69324 ], [ 2.36258, 6.69242 ], [ 2.3633, 6.69279 ], [ 2.36403, 6.69206 ], [ 2.36439, 6.69071 ], [ 2.36557, 6.68917 ], [ 2.36521, 6.6889 ], [ 2.36539, 6.68854 ], [ 2.36675, 6.68872 ], [ 2.36693, 6.68836 ], [ 2.36756, 6.68827 ], [ 2.36774, 6.68881 ], [ 2.36674, 6.69017 ], [ 2.36783, 6.69008 ], [ 2.36837, 6.68945 ], [ 2.36856, 6.68773 ], [ 2.3691, 6.68691 ], [ 2.36901, 6.68411 ], [ 2.36847, 6.68384 ], [ 2.36829, 6.68429 ], [ 2.36693, 6.68456 ], [ 2.3663, 6.68546 ], [ 2.36585, 6.68555 ], [ 2.36612, 6.68637 ], [ 2.36521, 6.68682 ], [ 2.36539, 6.68736 ], [ 2.36494, 6.68772 ], [ 2.36521, 6.68809 ], [ 2.36494, 6.68881 ], [ 2.36439, 6.68863 ], [ 2.36467, 6.68736 ], [ 2.36421, 6.68754 ], [ 2.36394, 6.68836 ], [ 2.36331, 6.68863 ], [ 2.36294, 6.69016 ], [ 2.36321, 6.69116 ], [ 2.36267, 6.69134 ], [ 2.36249, 6.69206 ], [ 2.36213, 6.69116 ], [ 2.36177, 6.69107 ], [ 2.36158, 6.69215 ], [ 2.36095, 6.69206 ], [ 2.36104, 6.69125 ], [ 2.36059, 6.69134 ], [ 2.3605, 6.69197 ], [ 2.35833, 6.69215 ], [ 2.35715, 6.69269 ], [ 2.3576, 6.69323 ], [ 2.35669, 6.69432 ], [ 2.35597, 6.69441 ], [ 2.35461, 6.69386 ], [ 2.35452, 6.69477 ], [ 2.35416, 6.69449 ], [ 2.35262, 6.69485 ], [ 2.3528, 6.69522 ], [ 2.35208, 6.69531 ], [ 2.35117, 6.69648 ], [ 2.34755, 6.69648 ], [ 2.34692, 6.69557 ], [ 2.34466, 6.69502 ], [ 2.34412, 6.6953 ], [ 2.34394, 6.69475 ], [ 2.34222, 6.69439 ], [ 2.34149, 6.69466 ], [ 2.34095, 6.69412 ], [ 2.34041, 6.69448 ], [ 2.34004, 6.69411 ], [ 2.33606, 6.69329 ], [ 2.33498, 6.69266 ], [ 2.33498, 6.69356 ], [ 2.33534, 6.69375 ], [ 2.33606, 6.69357 ], [ 2.33652, 6.69411 ], [ 2.33787, 6.69429 ], [ 2.33896, 6.69502 ], [ 2.34013, 6.69502 ], [ 2.34086, 6.69529 ], [ 2.34131, 6.69602 ], [ 2.34203, 6.69584 ], [ 2.34429, 6.69701 ], [ 2.34619, 6.69711 ], [ 2.34683, 6.69801 ], [ 2.34836, 6.69847 ], [ 2.34854, 6.69928 ], [ 2.34782, 6.69964 ], [ 2.348, 6.70019 ], [ 2.34872, 6.70055 ], [ 2.34827, 6.70172 ], [ 2.34863, 6.70254 ], [ 2.34836, 6.70353 ] ] ], [ [ [ 2.3673, 6.46852 ], [ 2.36712, 6.46635 ], [ 2.36639, 6.46617 ], [ 2.36621, 6.46707 ], [ 2.36702, 6.46879 ], [ 2.3673, 6.46852 ] ] ], [ [ [ 2.37105, 6.50335 ], [ 2.37105, 6.50182 ], [ 2.37196, 6.502 ], [ 2.37205, 6.50254 ], [ 2.37141, 6.50317 ], [ 2.37187, 6.50381 ], [ 2.37377, 6.50309 ], [ 2.37458, 6.50236 ], [ 2.37522, 6.50101 ], [ 2.37657, 6.49992 ], [ 2.37621, 6.49839 ], [ 2.37784, 6.49911 ], [ 2.37838, 6.50038 ], [ 2.37965, 6.49911 ], [ 2.37965, 6.49866 ], [ 2.37884, 6.49848 ], [ 2.37911, 6.49812 ], [ 2.38001, 6.49848 ], [ 2.38001, 6.49902 ], [ 2.38028, 6.49902 ], [ 2.38019, 6.49857 ], [ 2.38092, 6.49893 ], [ 2.38101, 6.49957 ], [ 2.38535, 6.49677 ], [ 2.38553, 6.49568 ], [ 2.38644, 6.49605 ], [ 2.38707, 6.4955 ], [ 2.38879, 6.49541 ], [ 2.38897, 6.49496 ], [ 2.3896, 6.49551 ], [ 2.39087, 6.4956 ], [ 2.39141, 6.49506 ], [ 2.39196, 6.49289 ], [ 2.39241, 6.49307 ], [ 2.39223, 6.4946 ], [ 2.39313, 6.49506 ], [ 2.39304, 6.49533 ], [ 2.39223, 6.49515 ], [ 2.39223, 6.49569 ], [ 2.39539, 6.49533 ], [ 2.39603, 6.49461 ], [ 2.39684, 6.49479 ], [ 2.39621, 6.49416 ], [ 2.39648, 6.49361 ], [ 2.39594, 6.49352 ], [ 2.39639, 6.49307 ], [ 2.39603, 6.49217 ], [ 2.39648, 6.49153 ], [ 2.39594, 6.4909 ], [ 2.39585, 6.48873 ], [ 2.39612, 6.48864 ], [ 2.3963, 6.48972 ], [ 2.39667, 6.48991 ], [ 2.39712, 6.48927 ], [ 2.39667, 6.48792 ], [ 2.39703, 6.48773 ], [ 2.39667, 6.4871 ], [ 2.39694, 6.48556 ], [ 2.39613, 6.48466 ], [ 2.39586, 6.48357 ], [ 2.39441, 6.48239 ], [ 2.39396, 6.4814 ], [ 2.39351, 6.4814 ], [ 2.39116, 6.47913 ], [ 2.38872, 6.47804 ], [ 2.38809, 6.47687 ], [ 2.38709, 6.47641 ], [ 2.38673, 6.47578 ], [ 2.38619, 6.47578 ], [ 2.38511, 6.47469 ], [ 2.38375, 6.47415 ], [ 2.38059, 6.47161 ], [ 2.37996, 6.47143 ], [ 2.37941, 6.47161 ], [ 2.37941, 6.47215 ], [ 2.3786, 6.47215 ], [ 2.37851, 6.47152 ], [ 2.37733, 6.47125 ], [ 2.37697, 6.4707 ], [ 2.37797, 6.47043 ], [ 2.37797, 6.47016 ], [ 2.37679, 6.46889 ], [ 2.37652, 6.46898 ], [ 2.3767, 6.46962 ], [ 2.37625, 6.4698 ], [ 2.37535, 6.4688 ], [ 2.37543, 6.46961 ], [ 2.37507, 6.46943 ], [ 2.37507, 6.46989 ], [ 2.37796, 6.47197 ], [ 2.37724, 6.47296 ], [ 2.37814, 6.47287 ], [ 2.37841, 6.47351 ], [ 2.37923, 6.47387 ], [ 2.37959, 6.4736 ], [ 2.38031, 6.47378 ], [ 2.37995, 6.47423 ], [ 2.38067, 6.47469 ], [ 2.38067, 6.47505 ], [ 2.38013, 6.47487 ], [ 2.3804, 6.4755 ], [ 2.37932, 6.47559 ], [ 2.37841, 6.47496 ], [ 2.37923, 6.47441 ], [ 2.37914, 6.47387 ], [ 2.37778, 6.47387 ], [ 2.37715, 6.47351 ], [ 2.3776, 6.47423 ], [ 2.37597, 6.47387 ], [ 2.37633, 6.47414 ], [ 2.37516, 6.47531 ], [ 2.37443, 6.47513 ], [ 2.37443, 6.47486 ], [ 2.37561, 6.47468 ], [ 2.37561, 6.47414 ], [ 2.37416, 6.47441 ], [ 2.37326, 6.47395 ], [ 2.37389, 6.47504 ], [ 2.37335, 6.47513 ], [ 2.37344, 6.47585 ], [ 2.37308, 6.47613 ], [ 2.37226, 6.47576 ], [ 2.37271, 6.47513 ], [ 2.37181, 6.4754 ], [ 2.37082, 6.47431 ], [ 2.37036, 6.47431 ], [ 2.36891, 6.4763 ], [ 2.36783, 6.47187 ], [ 2.36847, 6.47142 ], [ 2.36784, 6.47087 ], [ 2.36757, 6.46933 ], [ 2.36702, 6.46969 ], [ 2.36765, 6.47331 ], [ 2.36693, 6.47368 ], [ 2.3672, 6.47259 ], [ 2.3662, 6.47331 ], [ 2.36539, 6.47322 ], [ 2.36548, 6.47259 ], [ 2.36485, 6.47132 ], [ 2.36603, 6.47123 ], [ 2.36612, 6.47096 ], [ 2.36512, 6.47087 ], [ 2.36449, 6.47141 ], [ 2.36395, 6.47132 ], [ 2.36422, 6.47069 ], [ 2.36395, 6.46942 ], [ 2.36304, 6.46969 ], [ 2.36377, 6.46797 ], [ 2.36332, 6.46698 ], [ 2.36278, 6.46679 ], [ 2.36314, 6.46625 ], [ 2.36296, 6.46535 ], [ 2.36441, 6.46499 ], [ 2.36377, 6.46435 ], [ 2.36405, 6.46336 ], [ 2.36387, 6.46155 ], [ 2.36441, 6.46164 ], [ 2.36459, 6.46119 ], [ 2.36513, 6.46146 ], [ 2.36522, 6.46218 ], [ 2.36486, 6.46245 ], [ 2.36459, 6.46209 ], [ 2.36441, 6.463 ], [ 2.3654, 6.463 ], [ 2.36585, 6.46417 ], [ 2.36622, 6.46418 ], [ 2.36613, 6.46282 ], [ 2.36559, 6.46191 ], [ 2.36586, 6.46047 ], [ 2.36441, 6.45784 ], [ 2.36451, 6.45694 ], [ 2.36406, 6.45585 ], [ 2.36333, 6.45531 ], [ 2.36351, 6.45467 ], [ 2.36306, 6.45449 ], [ 2.36343, 6.45386 ], [ 2.36379, 6.45386 ], [ 2.3637, 6.45458 ], [ 2.3646, 6.45449 ], [ 2.36397, 6.45313 ], [ 2.36433, 6.45232 ], [ 2.3637, 6.45151 ], [ 2.36406, 6.45078 ], [ 2.36379, 6.4497 ], [ 2.36452, 6.4497 ], [ 2.36452, 6.44943 ], [ 2.36316, 6.44942 ], [ 2.36325, 6.45006 ], [ 2.3618, 6.44942 ], [ 2.36262, 6.44843 ], [ 2.36262, 6.44816 ], [ 2.36199, 6.44816 ], [ 2.36199, 6.44761 ], [ 2.36126, 6.4477 ], [ 2.36126, 6.44743 ], [ 2.36199, 6.44734 ], [ 2.36144, 6.4468 ], [ 2.36153, 6.44653 ], [ 2.36199, 6.44662 ], [ 2.3619, 6.44553 ], [ 2.36127, 6.44526 ], [ 2.36118, 6.44472 ], [ 2.36054, 6.44481 ], [ 2.35982, 6.44417 ], [ 2.35982, 6.44309 ], [ 2.3591, 6.443 ], [ 2.35846, 6.44345 ], [ 2.35828, 6.44281 ], [ 2.35901, 6.44263 ], [ 2.35874, 6.44227 ], [ 2.35892, 6.44146 ], [ 2.35747, 6.44091 ], [ 2.3572, 6.44019 ], [ 2.35684, 6.44019 ], [ 2.35666, 6.44073 ], [ 2.35584, 6.44055 ], [ 2.35531, 6.43612 ], [ 2.35458, 6.43539 ], [ 2.35459, 6.43467 ], [ 2.35422, 6.43449 ], [ 2.35368, 6.43485 ], [ 2.35341, 6.43458 ], [ 2.35441, 6.43385 ], [ 2.35414, 6.43304 ], [ 2.35314, 6.43349 ], [ 2.3526, 6.43457 ], [ 2.35296, 6.43539 ], [ 2.35431, 6.43575 ], [ 2.3544, 6.4363 ], [ 2.35341, 6.4362 ], [ 2.3525, 6.43765 ], [ 2.35322, 6.43792 ], [ 2.35413, 6.43792 ], [ 2.3544, 6.43747 ], [ 2.35476, 6.43765 ], [ 2.35458, 6.43811 ], [ 2.35422, 6.43801 ], [ 2.35422, 6.43883 ], [ 2.35322, 6.43955 ], [ 2.35322, 6.43991 ], [ 2.35431, 6.44028 ], [ 2.35394, 6.44118 ], [ 2.35485, 6.44236 ], [ 2.35557, 6.44254 ], [ 2.35566, 6.44326 ], [ 2.3562, 6.44363 ], [ 2.35566, 6.4439 ], [ 2.35584, 6.44453 ], [ 2.35665, 6.44535 ], [ 2.35738, 6.44589 ], [ 2.35882, 6.4458 ], [ 2.35855, 6.44652 ], [ 2.35946, 6.44607 ], [ 2.35982, 6.44671 ], [ 2.36108, 6.44698 ], [ 2.36099, 6.44788 ], [ 2.36018, 6.44815 ], [ 2.36017, 6.44933 ], [ 2.36063, 6.44996 ], [ 2.36035, 6.45105 ], [ 2.36108, 6.45114 ], [ 2.36189, 6.4544 ], [ 2.36243, 6.45476 ], [ 2.36432, 6.45802 ], [ 2.36405, 6.45838 ], [ 2.36306, 6.45693 ], [ 2.36206, 6.45748 ], [ 2.3626, 6.45874 ], [ 2.36333, 6.45911 ], [ 2.36351, 6.45965 ], [ 2.36405, 6.45974 ], [ 2.36414, 6.46019 ], [ 2.36278, 6.46046 ], [ 2.36278, 6.46082 ], [ 2.36333, 6.46101 ], [ 2.36305, 6.46146 ], [ 2.36197, 6.46082 ], [ 2.36124, 6.46164 ], [ 2.36161, 6.46227 ], [ 2.36179, 6.46173 ], [ 2.36215, 6.46182 ], [ 2.36215, 6.46245 ], [ 2.36161, 6.46236 ], [ 2.3617, 6.4629 ], [ 2.36133, 6.46335 ], [ 2.36224, 6.46372 ], [ 2.3616, 6.46462 ], [ 2.36196, 6.46444 ], [ 2.36224, 6.46453 ], [ 2.36205, 6.4658 ], [ 2.36151, 6.46616 ], [ 2.36115, 6.46706 ], [ 2.36223, 6.46734 ], [ 2.36223, 6.4677 ], [ 2.3616, 6.46788 ], [ 2.3616, 6.46878 ], [ 2.36196, 6.46887 ], [ 2.36232, 6.46788 ], [ 2.36232, 6.46897 ], [ 2.36277, 6.46906 ], [ 2.36268, 6.46951 ], [ 2.36178, 6.46987 ], [ 2.36205, 6.47222 ], [ 2.36141, 6.47358 ], [ 2.36168, 6.47448 ], [ 2.36195, 6.47457 ], [ 2.36213, 6.47412 ], [ 2.36213, 6.47503 ], [ 2.36267, 6.47512 ], [ 2.36213, 6.47593 ], [ 2.36231, 6.47783 ], [ 2.36131, 6.47801 ], [ 2.36122, 6.47846 ], [ 2.36213, 6.48009 ], [ 2.36185, 6.48054 ], [ 2.3633, 6.481 ], [ 2.36312, 6.4819 ], [ 2.36375, 6.48254 ], [ 2.36375, 6.48317 ], [ 2.36438, 6.48426 ], [ 2.36511, 6.48462 ], [ 2.3651, 6.48562 ], [ 2.36574, 6.48589 ], [ 2.36492, 6.48679 ], [ 2.36628, 6.48679 ], [ 2.36619, 6.48724 ], [ 2.36492, 6.48833 ], [ 2.36447, 6.48996 ], [ 2.36537, 6.49141 ], [ 2.366, 6.49141 ], [ 2.36654, 6.49186 ], [ 2.36627, 6.49331 ], [ 2.36726, 6.49494 ], [ 2.36708, 6.49566 ], [ 2.3679, 6.49548 ], [ 2.36844, 6.49602 ], [ 2.36934, 6.49593 ], [ 2.36862, 6.49666 ], [ 2.36907, 6.49729 ], [ 2.36889, 6.49847 ], [ 2.36997, 6.49783 ], [ 2.37006, 6.49856 ], [ 2.36952, 6.49856 ], [ 2.36988, 6.49919 ], [ 2.36943, 6.49946 ], [ 2.36924, 6.502 ], [ 2.3697, 6.50236 ], [ 2.3696, 6.50299 ], [ 2.36988, 6.50326 ], [ 2.37042, 6.50299 ], [ 2.37078, 6.50381 ], [ 2.37105, 6.50335 ] ], [ [ 2.38019, 6.49749 ], [ 2.37956, 6.49658 ], [ 2.38001, 6.49694 ], [ 2.38038, 6.49613 ], [ 2.37938, 6.49549 ], [ 2.37947, 6.49477 ], [ 2.38002, 6.49459 ], [ 2.38002, 6.49504 ], [ 2.38047, 6.49486 ], [ 2.38011, 6.49477 ], [ 2.38011, 6.49423 ], [ 2.38092, 6.49396 ], [ 2.38192, 6.49468 ], [ 2.38282, 6.49432 ], [ 2.38228, 6.49514 ], [ 2.38128, 6.49486 ], [ 2.38137, 6.49459 ], [ 2.38074, 6.49504 ], [ 2.38101, 6.4964 ], [ 2.38137, 6.49631 ], [ 2.38191, 6.49703 ], [ 2.38119, 6.49676 ], [ 2.3811, 6.4974 ], [ 2.38019, 6.49749 ] ], [ [ 2.3812, 6.49052 ], [ 2.37939, 6.48862 ], [ 2.37957, 6.48762 ], [ 2.38102, 6.48916 ], [ 2.38183, 6.48953 ], [ 2.38237, 6.49043 ], [ 2.3812, 6.49052 ] ], [ [ 2.38302, 6.48129 ], [ 2.38266, 6.48048 ], [ 2.38293, 6.47912 ], [ 2.38239, 6.47912 ], [ 2.3823, 6.47876 ], [ 2.38338, 6.47804 ], [ 2.38393, 6.47867 ], [ 2.38456, 6.47876 ], [ 2.38456, 6.47913 ], [ 2.38411, 6.47958 ], [ 2.38347, 6.47912 ], [ 2.38347, 6.48021 ], [ 2.38383, 6.48021 ], [ 2.38383, 6.48057 ], [ 2.38329, 6.48129 ], [ 2.38302, 6.48129 ] ], [ [ 2.36421, 6.4801 ], [ 2.36412, 6.47856 ], [ 2.36493, 6.47856 ], [ 2.3652, 6.47901 ], [ 2.36556, 6.47874 ], [ 2.36638, 6.47901 ], [ 2.36584, 6.47937 ], [ 2.36529, 6.4791 ], [ 2.36466, 6.4801 ], [ 2.36421, 6.4801 ] ], [ [ 2.38058, 6.47831 ], [ 2.38031, 6.47622 ], [ 2.38103, 6.47595 ], [ 2.38203, 6.47623 ], [ 2.38176, 6.47668 ], [ 2.38058, 6.47677 ], [ 2.38085, 6.47731 ], [ 2.38158, 6.47713 ], [ 2.38185, 6.47795 ], [ 2.38058, 6.47831 ] ] ], [ [ [ 2.37692, 6.5087 ], [ 2.37693, 6.50725 ], [ 2.3762, 6.50707 ], [ 2.3762, 6.50644 ], [ 2.37539, 6.5058 ], [ 2.37439, 6.50689 ], [ 2.37539, 6.50707 ], [ 2.37692, 6.5087 ] ] ], [ [ [ 2.36987, 6.51005 ], [ 2.37113, 6.51059 ], [ 2.37113, 6.50969 ], [ 2.37195, 6.50942 ], [ 2.37177, 6.5086 ], [ 2.37231, 6.50761 ], [ 2.37304, 6.50734 ], [ 2.3734, 6.5067 ], [ 2.37385, 6.5068 ], [ 2.37358, 6.50571 ], [ 2.3725, 6.50562 ], [ 2.37177, 6.50444 ], [ 2.36969, 6.50552 ], [ 2.36879, 6.50733 ], [ 2.36887, 6.50797 ], [ 2.36933, 6.50779 ], [ 2.36887, 6.50923 ], [ 2.36941, 6.51068 ], [ 2.36978, 6.51068 ], [ 2.36987, 6.51005 ] ] ], [ [ [ 2.37419, 6.52209 ], [ 2.37419, 6.52172 ], [ 2.37365, 6.52199 ], [ 2.37293, 6.52109 ], [ 2.37383, 6.52109 ], [ 2.37374, 6.52064 ], [ 2.3742, 6.52037 ], [ 2.37429, 6.51792 ], [ 2.37402, 6.51756 ], [ 2.37411, 6.51621 ], [ 2.37375, 6.51575 ], [ 2.37375, 6.51313 ], [ 2.3733, 6.51277 ], [ 2.37403, 6.51213 ], [ 2.37385, 6.5106 ], [ 2.3743, 6.51005 ], [ 2.37412, 6.50924 ], [ 2.37349, 6.50969 ], [ 2.37349, 6.50915 ], [ 2.37294, 6.50879 ], [ 2.37267, 6.50888 ], [ 2.37285, 6.50996 ], [ 2.3724, 6.51032 ], [ 2.37231, 6.51123 ], [ 2.37195, 6.51159 ], [ 2.37077, 6.51123 ], [ 2.37059, 6.51159 ], [ 2.36869, 6.51167 ], [ 2.36796, 6.51231 ], [ 2.3676, 6.5143 ], [ 2.36778, 6.51574 ], [ 2.36841, 6.51566 ], [ 2.36823, 6.51719 ], [ 2.36868, 6.51728 ], [ 2.36968, 6.51873 ], [ 2.37103, 6.51937 ], [ 2.37103, 6.52045 ], [ 2.37157, 6.52036 ], [ 2.37193, 6.52082 ], [ 2.37221, 6.52018 ], [ 2.37221, 6.52118 ], [ 2.37284, 6.52136 ], [ 2.37347, 6.52218 ], [ 2.37419, 6.52209 ] ] ], [ [ [ 2.37412, 6.58116 ], [ 2.37313, 6.57971 ], [ 2.37186, 6.57953 ], [ 2.37249, 6.57935 ], [ 2.37241, 6.57808 ], [ 2.37123, 6.57817 ], [ 2.3706, 6.57763 ], [ 2.37123, 6.57763 ], [ 2.37295, 6.57618 ], [ 2.37295, 6.57519 ], [ 2.3734, 6.57573 ], [ 2.37386, 6.57546 ], [ 2.37386, 6.57275 ], [ 2.37431, 6.57157 ], [ 2.37504, 6.57148 ], [ 2.37612, 6.57212 ], [ 2.37657, 6.57284 ], [ 2.37639, 6.57348 ], [ 2.37847, 6.57628 ], [ 2.37901, 6.57809 ], [ 2.37982, 6.579 ], [ 2.38073, 6.57882 ], [ 2.38064, 6.57954 ], [ 2.37964, 6.57972 ], [ 2.37955, 6.58054 ], [ 2.38109, 6.58144 ], [ 2.38118, 6.58099 ], [ 2.38063, 6.58072 ], [ 2.38091, 6.58036 ], [ 2.38136, 6.5809 ], [ 2.38199, 6.58054 ], [ 2.38226, 6.58117 ], [ 2.38253, 6.58081 ], [ 2.38172, 6.57945 ], [ 2.38172, 6.57746 ], [ 2.38082, 6.57701 ], [ 2.38091, 6.57638 ], [ 2.38155, 6.5762 ], [ 2.38128, 6.57502 ], [ 2.38155, 6.5743 ], [ 2.38191, 6.5743 ], [ 2.38173, 6.57493 ], [ 2.38227, 6.57493 ], [ 2.38245, 6.57538 ], [ 2.38218, 6.57638 ], [ 2.3829, 6.57855 ], [ 2.38353, 6.57837 ], [ 2.38335, 6.57755 ], [ 2.38362, 6.5771 ], [ 2.3848, 6.57792 ], [ 2.3848, 6.57575 ], [ 2.38544, 6.57539 ], [ 2.38544, 6.57502 ], [ 2.38489, 6.57502 ], [ 2.3849, 6.57367 ], [ 2.38535, 6.57331 ], [ 2.38589, 6.57367 ], [ 2.38598, 6.57539 ], [ 2.38652, 6.57539 ], [ 2.38616, 6.57457 ], [ 2.38643, 6.57358 ], [ 2.38661, 6.5753 ], [ 2.38716, 6.57521 ], [ 2.38734, 6.57457 ], [ 2.38761, 6.57539 ], [ 2.38788, 6.5753 ], [ 2.38815, 6.57349 ], [ 2.38851, 6.57358 ], [ 2.38842, 6.57449 ], [ 2.38878, 6.57458 ], [ 2.38842, 6.57557 ], [ 2.38906, 6.5753 ], [ 2.38887, 6.57458 ], [ 2.38924, 6.57421 ], [ 2.38924, 6.57331 ], [ 2.3887, 6.57259 ], [ 2.38852, 6.57087 ], [ 2.38942, 6.57023 ], [ 2.38969, 6.57105 ], [ 2.3906, 6.57105 ], [ 2.39105, 6.57159 ], [ 2.39087, 6.57259 ], [ 2.39232, 6.57241 ], [ 2.39286, 6.57422 ], [ 2.39322, 6.5744 ], [ 2.39313, 6.57494 ], [ 2.39358, 6.57503 ], [ 2.39376, 6.57286 ], [ 2.39449, 6.57277 ], [ 2.39458, 6.57205 ], [ 2.39385, 6.57169 ], [ 2.39413, 6.57087 ], [ 2.39368, 6.57006 ], [ 2.3944, 6.5697 ], [ 2.39512, 6.57015 ], [ 2.39575, 6.57142 ], [ 2.39738, 6.57097 ], [ 2.39747, 6.56997 ], [ 2.39793, 6.5697 ], [ 2.39793, 6.56825 ], [ 2.39847, 6.56789 ], [ 2.39875, 6.5659 ], [ 2.39829, 6.56572 ], [ 2.39784, 6.56608 ], [ 2.39712, 6.56563 ], [ 2.39739, 6.56527 ], [ 2.39712, 6.56472 ], [ 2.39757, 6.56427 ], [ 2.39712, 6.56337 ], [ 2.39757, 6.56283 ], [ 2.39739, 6.56174 ], [ 2.39794, 6.56093 ], [ 2.39758, 6.5602 ], [ 2.3983, 6.55957 ], [ 2.39812, 6.55894 ], [ 2.39894, 6.55848 ], [ 2.39894, 6.55794 ], [ 2.39776, 6.55776 ], [ 2.39812, 6.55731 ], [ 2.39785, 6.55685 ], [ 2.39577, 6.55712 ], [ 2.39577, 6.55622 ], [ 2.39496, 6.55577 ], [ 2.39487, 6.55522 ], [ 2.39424, 6.55576 ], [ 2.39406, 6.55477 ], [ 2.39324, 6.55468 ], [ 2.39324, 6.55386 ], [ 2.39478, 6.55414 ], [ 2.39559, 6.55586 ], [ 2.39659, 6.55667 ], [ 2.39831, 6.55658 ], [ 2.39831, 6.55595 ], [ 2.39885, 6.55613 ], [ 2.39867, 6.55532 ], [ 2.39903, 6.55487 ], [ 2.39849, 6.5545 ], [ 2.39858, 6.5536 ], [ 2.39985, 6.5536 ], [ 2.39976, 6.55224 ], [ 2.39903, 6.55215 ], [ 2.39931, 6.55161 ], [ 2.39985, 6.55161 ], [ 2.39985, 6.55125 ], [ 2.39922, 6.55134 ], [ 2.39904, 6.55034 ], [ 2.39795, 6.5498 ], [ 2.39786, 6.5488 ], [ 2.39877, 6.54799 ], [ 2.39967, 6.54808 ], [ 2.39913, 6.54718 ], [ 2.39922, 6.54654 ], [ 2.39868, 6.54618 ], [ 2.39832, 6.54699 ], [ 2.39723, 6.54735 ], [ 2.39786, 6.54835 ], [ 2.39696, 6.55043 ], [ 2.39614, 6.55097 ], [ 2.39596, 6.55188 ], [ 2.39315, 6.55359 ], [ 2.39279, 6.55296 ], [ 2.39243, 6.55296 ], [ 2.39234, 6.55368 ], [ 2.39288, 6.55377 ], [ 2.39261, 6.5545 ], [ 2.39152, 6.55386 ], [ 2.39234, 6.55242 ], [ 2.39135, 6.55151 ], [ 2.39234, 6.55124 ], [ 2.39452, 6.54844 ], [ 2.39461, 6.54762 ], [ 2.39497, 6.54744 ], [ 2.39524, 6.5478 ], [ 2.39515, 6.54699 ], [ 2.3956, 6.5469 ], [ 2.39615, 6.54609 ], [ 2.39606, 6.54545 ], [ 2.39551, 6.545 ], [ 2.39497, 6.54545 ], [ 2.3947, 6.54527 ], [ 2.39497, 6.54482 ], [ 2.3947, 6.54446 ], [ 2.39425, 6.54455 ], [ 2.39434, 6.54536 ], [ 2.3938, 6.54563 ], [ 2.39271, 6.54409 ], [ 2.39371, 6.54446 ], [ 2.39407, 6.54382 ], [ 2.39316, 6.54364 ], [ 2.39217, 6.54228 ], [ 2.39244, 6.54192 ], [ 2.39199, 6.54093 ], [ 2.39226, 6.5402 ], [ 2.39326, 6.54029 ], [ 2.39452, 6.54192 ], [ 2.39525, 6.54174 ], [ 2.39525, 6.54138 ], [ 2.39254, 6.53857 ], [ 2.39345, 6.53423 ], [ 2.39345, 6.52862 ], [ 2.394, 6.52871 ], [ 2.39445, 6.52971 ], [ 2.39471, 6.53306 ], [ 2.39508, 6.53342 ], [ 2.3968, 6.53288 ], [ 2.39797, 6.53324 ], [ 2.39806, 6.53252 ], [ 2.39743, 6.53225 ], [ 2.39752, 6.53179 ], [ 2.39806, 6.53189 ], [ 2.3987, 6.53125 ], [ 2.39987, 6.53144 ], [ 2.40042, 6.5308 ], [ 2.40123, 6.5308 ], [ 2.40069, 6.53008 ], [ 2.40096, 6.52881 ], [ 2.39915, 6.52782 ], [ 2.39897, 6.527 ], [ 2.39961, 6.52601 ], [ 2.39925, 6.52384 ], [ 2.39862, 6.5232 ], [ 2.3978, 6.52365 ], [ 2.3969, 6.52374 ], [ 2.39672, 6.52347 ], [ 2.39681, 6.52257 ], [ 2.39789, 6.52311 ], [ 2.39844, 6.52275 ], [ 2.39826, 6.52211 ], [ 2.39853, 6.52212 ], [ 2.40051, 6.52465 ], [ 2.40015, 6.52501 ], [ 2.40006, 6.52628 ], [ 2.40042, 6.52718 ], [ 2.39997, 6.528 ], [ 2.40141, 6.52863 ], [ 2.40187, 6.52845 ], [ 2.40187, 6.52809 ], [ 2.40132, 6.52809 ], [ 2.40169, 6.52746 ], [ 2.40087, 6.52592 ], [ 2.40169, 6.52556 ], [ 2.4016, 6.52483 ], [ 2.40042, 6.52375 ], [ 2.39961, 6.52185 ], [ 2.39853, 6.52076 ], [ 2.39844, 6.52003 ], [ 2.39735, 6.51967 ], [ 2.39745, 6.51795 ], [ 2.39817, 6.51795 ], [ 2.3988, 6.51741 ], [ 2.4007, 6.51732 ], [ 2.40143, 6.51669 ], [ 2.40116, 6.51642 ], [ 2.3998, 6.51687 ], [ 2.39881, 6.51633 ], [ 2.39998, 6.51615 ], [ 2.40143, 6.51506 ], [ 2.4017, 6.51298 ], [ 2.40134, 6.51171 ], [ 2.40171, 6.51126 ], [ 2.40243, 6.51181 ], [ 2.40288, 6.51325 ], [ 2.40252, 6.5157 ], [ 2.40288, 6.51615 ], [ 2.40378, 6.51624 ], [ 2.40378, 6.51516 ], [ 2.40414, 6.51479 ], [ 2.4036, 6.51398 ], [ 2.40379, 6.51172 ], [ 2.40315, 6.51081 ], [ 2.40325, 6.51036 ], [ 2.40433, 6.51081 ], [ 2.40415, 6.51181 ], [ 2.4046, 6.51217 ], [ 2.40424, 6.51326 ], [ 2.40478, 6.51362 ], [ 2.40478, 6.51434 ], [ 2.40505, 6.51425 ], [ 2.40505, 6.51054 ], [ 2.40478, 6.51045 ], [ 2.40424, 6.50801 ], [ 2.40225, 6.50683 ], [ 2.4018, 6.50574 ], [ 2.40117, 6.50547 ], [ 2.40117, 6.50502 ], [ 2.39973, 6.50375 ], [ 2.39954, 6.50312 ], [ 2.39864, 6.50321 ], [ 2.39846, 6.50366 ], [ 2.39954, 6.50375 ], [ 2.40018, 6.50502 ], [ 2.40017, 6.50665 ], [ 2.3999, 6.50692 ], [ 2.39882, 6.50674 ], [ 2.39846, 6.50619 ], [ 2.39782, 6.50619 ], [ 2.39755, 6.50574 ], [ 2.39601, 6.50501 ], [ 2.39593, 6.50429 ], [ 2.39719, 6.50348 ], [ 2.39764, 6.50384 ], [ 2.3981, 6.50284 ], [ 2.39882, 6.50257 ], [ 2.39837, 6.50212 ], [ 2.39855, 6.50149 ], [ 2.39819, 6.50067 ], [ 2.39864, 6.50004 ], [ 2.39846, 6.50095 ], [ 2.39891, 6.50212 ], [ 2.39919, 6.49579 ], [ 2.39756, 6.49633 ], [ 2.39738, 6.49561 ], [ 2.39648, 6.49533 ], [ 2.39539, 6.49578 ], [ 2.39539, 6.49642 ], [ 2.39485, 6.49633 ], [ 2.39485, 6.49569 ], [ 2.39349, 6.49623 ], [ 2.39223, 6.49605 ], [ 2.39186, 6.49659 ], [ 2.39078, 6.49605 ], [ 2.3906, 6.49686 ], [ 2.38996, 6.49668 ], [ 2.3896, 6.49578 ], [ 2.38807, 6.49578 ], [ 2.38779, 6.49614 ], [ 2.38987, 6.49714 ], [ 2.39005, 6.4984 ], [ 2.38978, 6.49867 ], [ 2.38915, 6.49876 ], [ 2.38852, 6.49822 ], [ 2.38824, 6.49867 ], [ 2.38671, 6.49912 ], [ 2.38653, 6.49858 ], [ 2.38562, 6.49813 ], [ 2.38626, 6.49704 ], [ 2.38607, 6.49686 ], [ 2.38354, 6.4983 ], [ 2.38336, 6.49876 ], [ 2.38245, 6.49894 ], [ 2.38227, 6.49939 ], [ 2.3782, 6.50083 ], [ 2.37838, 6.50201 ], [ 2.37793, 6.50255 ], [ 2.37802, 6.50318 ], [ 2.3772, 6.50309 ], [ 2.37639, 6.50191 ], [ 2.37539, 6.50264 ], [ 2.3763, 6.50246 ], [ 2.37648, 6.50345 ], [ 2.37756, 6.50345 ], [ 2.3772, 6.5039 ], [ 2.37675, 6.50381 ], [ 2.37738, 6.5049 ], [ 2.37792, 6.50445 ], [ 2.37874, 6.50463 ], [ 2.37883, 6.50608 ], [ 2.37711, 6.5059 ], [ 2.37693, 6.50671 ], [ 2.37918, 6.50997 ], [ 2.38, 6.51033 ], [ 2.37982, 6.51096 ], [ 2.38063, 6.51006 ], [ 2.38081, 6.51088 ], [ 2.38054, 6.5116 ], [ 2.38244, 6.51242 ], [ 2.3847, 6.51206 ], [ 2.3838, 6.51106 ], [ 2.3838, 6.51043 ], [ 2.38515, 6.51233 ], [ 2.38578, 6.51215 ], [ 2.3857, 6.51133 ], [ 2.38624, 6.51088 ], [ 2.38697, 6.50853 ], [ 2.38751, 6.50844 ], [ 2.38896, 6.50582 ], [ 2.3905, 6.5041 ], [ 2.39059, 6.50501 ], [ 2.38878, 6.507 ], [ 2.38895, 6.51007 ], [ 2.38805, 6.51116 ], [ 2.38841, 6.51278 ], [ 2.38759, 6.51387 ], [ 2.38895, 6.51378 ], [ 2.38922, 6.51315 ], [ 2.39012, 6.51478 ], [ 2.39094, 6.51469 ], [ 2.39148, 6.51505 ], [ 2.39202, 6.51415 ], [ 2.39293, 6.51415 ], [ 2.39293, 6.51315 ], [ 2.39383, 6.5127 ], [ 2.39402, 6.51315 ], [ 2.39356, 6.51388 ], [ 2.39383, 6.5146 ], [ 2.39302, 6.51505 ], [ 2.39293, 6.51596 ], [ 2.39338, 6.51668 ], [ 2.39473, 6.51713 ], [ 2.39491, 6.51804 ], [ 2.38967, 6.51758 ], [ 2.38804, 6.51686 ], [ 2.38732, 6.51613 ], [ 2.38741, 6.51532 ], [ 2.38795, 6.51477 ], [ 2.38732, 6.51432 ], [ 2.38705, 6.51514 ], [ 2.38678, 6.51504 ], [ 2.3866, 6.51441 ], [ 2.38723, 6.51423 ], [ 2.38714, 6.51333 ], [ 2.38687, 6.51305 ], [ 2.38633, 6.51332 ], [ 2.38597, 6.5126 ], [ 2.38533, 6.5126 ], [ 2.38524, 6.51296 ], [ 2.3847, 6.51242 ], [ 2.38244, 6.51269 ], [ 2.38081, 6.51196 ], [ 2.37864, 6.51377 ], [ 2.37737, 6.51295 ], [ 2.3771, 6.51159 ], [ 2.3752, 6.51051 ], [ 2.37421, 6.51322 ], [ 2.37475, 6.51485 ], [ 2.37465, 6.51675 ], [ 2.37511, 6.51711 ], [ 2.3751, 6.51847 ], [ 2.37582, 6.5201 ], [ 2.37591, 6.52164 ], [ 2.37537, 6.52372 ], [ 2.37627, 6.52408 ], [ 2.37727, 6.5239 ], [ 2.3779, 6.52444 ], [ 2.3779, 6.52345 ], [ 2.37844, 6.52281 ], [ 2.37917, 6.52273 ], [ 2.37971, 6.52354 ], [ 2.3798, 6.52517 ], [ 2.37944, 6.52535 ], [ 2.3789, 6.52453 ], [ 2.37799, 6.52489 ], [ 2.37492, 6.52408 ], [ 2.37211, 6.52145 ], [ 2.37112, 6.52136 ], [ 2.3703, 6.52271 ], [ 2.37003, 6.52516 ], [ 2.36958, 6.52525 ], [ 2.36894, 6.52615 ], [ 2.36939, 6.52651 ], [ 2.36903, 6.52742 ], [ 2.36948, 6.52832 ], [ 2.37048, 6.52832 ], [ 2.3703, 6.52932 ], [ 2.37084, 6.52932 ], [ 2.37084, 6.53004 ], [ 2.37174, 6.53131 ], [ 2.37672, 6.53041 ], [ 2.37835, 6.52924 ], [ 2.37898, 6.5296 ], [ 2.37826, 6.52969 ], [ 2.37789, 6.53014 ], [ 2.37834, 6.53096 ], [ 2.37744, 6.53059 ], [ 2.37427, 6.53131 ], [ 2.37409, 6.53186 ], [ 2.37165, 6.53185 ], [ 2.37174, 6.53258 ], [ 2.37138, 6.53303 ], [ 2.37219, 6.53421 ], [ 2.3721, 6.53466 ], [ 2.37327, 6.53493 ], [ 2.37391, 6.53439 ], [ 2.37445, 6.53529 ], [ 2.37382, 6.53611 ], [ 2.37354, 6.53611 ], [ 2.37345, 6.53529 ], [ 2.37264, 6.53529 ], [ 2.3721, 6.53583 ], [ 2.37273, 6.53638 ], [ 2.3721, 6.53674 ], [ 2.37227, 6.53864 ], [ 2.37164, 6.53981 ], [ 2.37173, 6.54054 ], [ 2.37128, 6.54099 ], [ 2.37155, 6.54162 ], [ 2.37118, 6.54244 ], [ 2.37145, 6.54289 ], [ 2.37091, 6.54316 ], [ 2.37127, 6.54425 ], [ 2.371, 6.54524 ], [ 2.37154, 6.54551 ], [ 2.37154, 6.54597 ], [ 2.37091, 6.54741 ], [ 2.36991, 6.54723 ], [ 2.37018, 6.54814 ], [ 2.3691, 6.54868 ], [ 2.36937, 6.54949 ], [ 2.36873, 6.54985 ], [ 2.36855, 6.55058 ], [ 2.36774, 6.55058 ], [ 2.36747, 6.54994 ], [ 2.36656, 6.55021 ], [ 2.36665, 6.55121 ], [ 2.36746, 6.55202 ], [ 2.36882, 6.55202 ], [ 2.36945, 6.55302 ], [ 2.37144, 6.55402 ], [ 2.37126, 6.55456 ], [ 2.37171, 6.55538 ], [ 2.37135, 6.55601 ], [ 2.37171, 6.55664 ], [ 2.37135, 6.557 ], [ 2.37152, 6.55908 ], [ 2.37053, 6.56017 ], [ 2.37007, 6.5618 ], [ 2.37062, 6.56189 ], [ 2.37062, 6.56243 ], [ 2.37098, 6.56252 ], [ 2.37225, 6.5608 ], [ 2.37342, 6.56044 ], [ 2.3736, 6.55972 ], [ 2.37451, 6.55999 ], [ 2.37451, 6.56035 ], [ 2.37297, 6.56108 ], [ 2.37333, 6.56298 ], [ 2.37279, 6.56307 ], [ 2.37288, 6.56352 ], [ 2.37423, 6.56334 ], [ 2.37469, 6.56271 ], [ 2.37496, 6.5628 ], [ 2.37496, 6.56334 ], [ 2.37351, 6.56461 ], [ 2.37242, 6.56352 ], [ 2.37224, 6.56289 ], [ 2.37197, 6.56307 ], [ 2.37215, 6.56379 ], [ 2.37152, 6.56343 ], [ 2.37143, 6.5627 ], [ 2.37007, 6.56297 ], [ 2.36953, 6.56361 ], [ 2.36935, 6.56442 ], [ 2.37007, 6.5646 ], [ 2.37007, 6.56722 ], [ 2.37079, 6.56786 ], [ 2.37079, 6.56849 ], [ 2.3697, 6.56976 ], [ 2.36879, 6.57193 ], [ 2.36897, 6.57365 ], [ 2.36834, 6.57365 ], [ 2.36843, 6.57392 ], [ 2.36897, 6.57374 ], [ 2.36888, 6.57437 ], [ 2.36951, 6.57573 ], [ 2.36906, 6.57763 ], [ 2.36978, 6.57772 ], [ 2.37141, 6.5798 ], [ 2.37276, 6.58053 ], [ 2.37421, 6.58198 ], [ 2.37412, 6.58116 ] ], [ [ 2.38698, 6.57304 ], [ 2.38589, 6.57159 ], [ 2.38553, 6.57159 ], [ 2.38562, 6.57141 ], [ 2.38743, 6.57141 ], [ 2.38743, 6.57286 ], [ 2.38698, 6.57304 ] ], [ [ 2.37522, 6.57103 ], [ 2.37314, 6.56913 ], [ 2.37332, 6.56831 ], [ 2.37278, 6.56768 ], [ 2.37423, 6.5675 ], [ 2.37586, 6.56407 ], [ 2.37749, 6.56407 ], [ 2.37677, 6.56343 ], [ 2.37668, 6.56235 ], [ 2.37731, 6.56244 ], [ 2.37794, 6.56343 ], [ 2.37876, 6.56344 ], [ 2.37858, 6.56271 ], [ 2.37921, 6.56217 ], [ 2.3793, 6.56136 ], [ 2.37822, 6.56163 ], [ 2.37777, 6.55963 ], [ 2.37822, 6.559 ], [ 2.37885, 6.55918 ], [ 2.3794, 6.55864 ], [ 2.37894, 6.55747 ], [ 2.37958, 6.55683 ], [ 2.37976, 6.55575 ], [ 2.38039, 6.55539 ], [ 2.38012, 6.55466 ], [ 2.38076, 6.55385 ], [ 2.3804, 6.55222 ], [ 2.38067, 6.55086 ], [ 2.38194, 6.55023 ], [ 2.38294, 6.54851 ], [ 2.38267, 6.54761 ], [ 2.38203, 6.54779 ], [ 2.38203, 6.54734 ], [ 2.38303, 6.54716 ], [ 2.38276, 6.54661 ], [ 2.38321, 6.54616 ], [ 2.38321, 6.54426 ], [ 2.38258, 6.54381 ], [ 2.38249, 6.54318 ], [ 2.38303, 6.54318 ], [ 2.38294, 6.54263 ], [ 2.38321, 6.54254 ], [ 2.38394, 6.5449 ], [ 2.38457, 6.54526 ], [ 2.3843, 6.54616 ], [ 2.38538, 6.54707 ], [ 2.38583, 6.54924 ], [ 2.38682, 6.54988 ], [ 2.38682, 6.55159 ], [ 2.38637, 6.55232 ], [ 2.38727, 6.55214 ], [ 2.38764, 6.5516 ], [ 2.38926, 6.55178 ], [ 2.38872, 6.55223 ], [ 2.38917, 6.55268 ], [ 2.38917, 6.55368 ], [ 2.38854, 6.55404 ], [ 2.38827, 6.55503 ], [ 2.3889, 6.55567 ], [ 2.38917, 6.55739 ], [ 2.38998, 6.55739 ], [ 2.39034, 6.55875 ], [ 2.38889, 6.55947 ], [ 2.38772, 6.5591 ], [ 2.38691, 6.55747 ], [ 2.38718, 6.55666 ], [ 2.38627, 6.55557 ], [ 2.38619, 6.55485 ], [ 2.38591, 6.55458 ], [ 2.38519, 6.55476 ], [ 2.38528, 6.55431 ], [ 2.38628, 6.55404 ], [ 2.38619, 6.55322 ], [ 2.38492, 6.55286 ], [ 2.38519, 6.5525 ], [ 2.38429, 6.54906 ], [ 2.38348, 6.54906 ], [ 2.38212, 6.55276 ], [ 2.38184, 6.55693 ], [ 2.3832, 6.55792 ], [ 2.38319, 6.56 ], [ 2.38365, 6.56019 ], [ 2.38364, 6.56091 ], [ 2.38247, 6.56172 ], [ 2.38183, 6.56163 ], [ 2.38201, 6.56226 ], [ 2.38129, 6.56253 ], [ 2.3802, 6.56443 ], [ 2.37993, 6.56416 ], [ 2.38002, 6.56326 ], [ 2.37975, 6.56335 ], [ 2.37975, 6.56389 ], [ 2.3793, 6.56416 ], [ 2.37957, 6.56452 ], [ 2.37948, 6.5657 ], [ 2.37821, 6.5676 ], [ 2.37802, 6.57004 ], [ 2.37721, 6.57004 ], [ 2.37658, 6.57139 ], [ 2.37522, 6.57103 ] ], [ [ 2.39331, 6.56924 ], [ 2.3925, 6.56834 ], [ 2.39196, 6.56689 ], [ 2.39124, 6.56662 ], [ 2.39124, 6.56553 ], [ 2.39088, 6.56544 ], [ 2.39106, 6.5649 ], [ 2.39042, 6.56499 ], [ 2.39015, 6.56408 ], [ 2.38979, 6.56426 ], [ 2.39006, 6.56535 ], [ 2.38898, 6.56607 ], [ 2.38726, 6.56589 ], [ 2.38735, 6.56553 ], [ 2.38672, 6.56471 ], [ 2.3878, 6.56381 ], [ 2.38735, 6.56354 ], [ 2.38744, 6.56318 ], [ 2.38825, 6.56372 ], [ 2.38825, 6.56399 ], [ 2.3878, 6.56399 ], [ 2.3878, 6.56444 ], [ 2.38853, 6.56462 ], [ 2.38853, 6.56408 ], [ 2.3897, 6.56282 ], [ 2.38889, 6.56128 ], [ 2.39034, 6.56028 ], [ 2.39142, 6.5611 ], [ 2.39142, 6.56182 ], [ 2.39197, 6.56219 ], [ 2.39215, 6.56336 ], [ 2.39115, 6.5639 ], [ 2.39133, 6.56445 ], [ 2.39196, 6.56472 ], [ 2.39232, 6.56562 ], [ 2.39205, 6.56626 ], [ 2.39386, 6.56897 ], [ 2.39331, 6.56924 ] ], [ [ 2.38078, 6.53874 ], [ 2.3796, 6.53621 ], [ 2.37961, 6.53304 ], [ 2.37898, 6.53014 ], [ 2.3797, 6.52951 ], [ 2.38025, 6.5296 ], [ 2.38034, 6.52888 ], [ 2.38151, 6.52933 ], [ 2.38287, 6.52834 ], [ 2.38296, 6.52725 ], [ 2.38351, 6.5268 ], [ 2.3836, 6.52535 ], [ 2.38387, 6.5259 ], [ 2.38423, 6.52572 ], [ 2.38423, 6.52445 ], [ 2.3845, 6.52436 ], [ 2.38496, 6.5249 ], [ 2.38459, 6.52644 ], [ 2.38387, 6.52689 ], [ 2.38368, 6.53069 ], [ 2.38395, 6.53096 ], [ 2.38368, 6.53187 ], [ 2.38314, 6.53205 ], [ 2.38332, 6.53277 ], [ 2.38286, 6.53331 ], [ 2.38259, 6.53467 ], [ 2.38205, 6.53458 ], [ 2.3806, 6.53648 ], [ 2.38087, 6.53775 ], [ 2.38168, 6.53811 ], [ 2.38177, 6.53856 ], [ 2.38078, 6.53874 ] ], [ [ 2.38503, 6.53422 ], [ 2.3844, 6.53323 ], [ 2.38395, 6.53323 ], [ 2.38404, 6.53268 ], [ 2.3844, 6.53241 ], [ 2.38485, 6.53314 ], [ 2.38504, 6.53277 ], [ 2.38449, 6.53214 ], [ 2.38558, 6.53223 ], [ 2.3854, 6.53314 ], [ 2.38567, 6.53395 ], [ 2.38503, 6.53422 ] ], [ [ 2.39644, 6.52944 ], [ 2.39391, 6.52862 ], [ 2.39382, 6.52808 ], [ 2.39454, 6.52745 ], [ 2.39554, 6.52754 ], [ 2.39563, 6.527 ], [ 2.3968, 6.52827 ], [ 2.39743, 6.52836 ], [ 2.39716, 6.52908 ], [ 2.39644, 6.52944 ] ], [ [ 2.38469, 6.52047 ], [ 2.38406, 6.51902 ], [ 2.3846, 6.51821 ], [ 2.38397, 6.5183 ], [ 2.38424, 6.51703 ], [ 2.38379, 6.51676 ], [ 2.38388, 6.51613 ], [ 2.38478, 6.51649 ], [ 2.38614, 6.5183 ], [ 2.38623, 6.51921 ], [ 2.38559, 6.51957 ], [ 2.38559, 6.5202 ], [ 2.38469, 6.52047 ] ], [ [ 2.37972, 6.51504 ], [ 2.38017, 6.51422 ], [ 2.38099, 6.51459 ], [ 2.38053, 6.51531 ], [ 2.38081, 6.51585 ], [ 2.38026, 6.51639 ], [ 2.37972, 6.5163 ], [ 2.37972, 6.51504 ] ], [ [ 2.4008, 6.51045 ], [ 2.40035, 6.5109 ], [ 2.39981, 6.51063 ], [ 2.39963, 6.5099 ], [ 2.39845, 6.5099 ], [ 2.39863, 6.50927 ], [ 2.39755, 6.50782 ], [ 2.39809, 6.50782 ], [ 2.40089, 6.51 ], [ 2.40116, 6.51081 ], [ 2.40071, 6.51099 ], [ 2.4008, 6.51045 ] ], [ [ 2.38624, 6.50763 ], [ 2.38588, 6.50572 ], [ 2.3848, 6.50382 ], [ 2.38552, 6.50401 ], [ 2.38579, 6.50446 ], [ 2.38715, 6.50464 ], [ 2.38733, 6.50509 ], [ 2.3886, 6.50428 ], [ 2.38896, 6.50446 ], [ 2.38787, 6.5069 ], [ 2.38669, 6.50781 ], [ 2.38624, 6.50763 ] ], [ [ 2.38525, 6.50663 ], [ 2.38308, 6.50554 ], [ 2.38263, 6.50473 ], [ 2.38308, 6.50464 ], [ 2.38353, 6.50536 ], [ 2.38417, 6.50527 ], [ 2.38426, 6.50563 ], [ 2.38516, 6.50545 ], [ 2.38561, 6.50735 ], [ 2.38525, 6.50663 ] ], [ [ 2.38516, 6.50138 ], [ 2.38426, 6.49957 ], [ 2.38535, 6.49903 ], [ 2.38562, 6.49831 ], [ 2.38634, 6.4993 ], [ 2.38562, 6.49894 ], [ 2.38553, 6.49939 ], [ 2.38598, 6.49966 ], [ 2.38526, 6.49975 ], [ 2.38625, 6.50012 ], [ 2.38652, 6.50084 ], [ 2.38516, 6.50138 ] ], [ [ 2.39159, 6.49949 ], [ 2.39105, 6.49831 ], [ 2.3905, 6.49858 ], [ 2.39114, 6.49732 ], [ 2.39168, 6.49777 ], [ 2.39132, 6.4984 ], [ 2.39231, 6.49877 ], [ 2.3924, 6.49922 ], [ 2.39159, 6.49949 ] ], [ [ 2.39304, 6.49895 ], [ 2.39322, 6.49732 ], [ 2.39268, 6.49714 ], [ 2.39295, 6.49632 ], [ 2.3934, 6.49642 ], [ 2.39358, 6.49732 ], [ 2.39476, 6.4975 ], [ 2.39376, 6.49777 ], [ 2.39358, 6.49813 ], [ 2.39367, 6.49841 ], [ 2.39439, 6.49841 ], [ 2.39421, 6.49877 ], [ 2.39304, 6.49895 ] ] ], [ [ [ 2.37702, 6.58053 ], [ 2.37648, 6.57936 ], [ 2.3743, 6.57854 ], [ 2.37439, 6.57962 ], [ 2.37494, 6.57999 ], [ 2.3762, 6.57963 ], [ 2.37702, 6.58053 ] ] ], [ [ [ 2.39013, 6.58299 ], [ 2.39013, 6.58154 ], [ 2.39104, 6.58127 ], [ 2.39077, 6.58019 ], [ 2.38977, 6.57973 ], [ 2.39023, 6.57856 ], [ 2.38941, 6.57847 ], [ 2.38923, 6.57892 ], [ 2.38833, 6.57874 ], [ 2.3876, 6.5791 ], [ 2.3876, 6.57946 ], [ 2.38851, 6.57964 ], [ 2.38833, 6.58028 ], [ 2.38878, 6.58055 ], [ 2.38869, 6.5819 ], [ 2.38968, 6.58209 ], [ 2.38959, 6.58245 ], [ 2.38868, 6.58227 ], [ 2.38859, 6.58263 ], [ 2.39013, 6.58299 ] ] ], [ [ [ 2.38624, 6.58235 ], [ 2.38733, 6.58199 ], [ 2.38805, 6.58254 ], [ 2.38814, 6.58217 ], [ 2.38742, 6.58127 ], [ 2.3876, 6.57991 ], [ 2.3867, 6.58027 ], [ 2.38706, 6.58109 ], [ 2.38642, 6.58127 ], [ 2.38634, 6.57973 ], [ 2.3857, 6.57928 ], [ 2.38588, 6.58136 ], [ 2.38525, 6.58163 ], [ 2.3848, 6.58108 ], [ 2.3847, 6.58217 ], [ 2.38534, 6.58226 ], [ 2.38588, 6.5829 ], [ 2.38624, 6.58235 ] ] ], [ [ [ 2.37095, 6.58369 ], [ 2.37149, 6.58297 ], [ 2.37068, 6.58233 ], [ 2.36987, 6.58297 ], [ 2.36987, 6.58351 ], [ 2.37005, 6.58396 ], [ 2.37095, 6.58369 ] ] ], [ [ [ 2.37954, 6.58515 ], [ 2.38036, 6.58434 ], [ 2.38081, 6.58452 ], [ 2.38063, 6.58307 ], [ 2.38108, 6.58289 ], [ 2.38099, 6.58217 ], [ 2.38027, 6.58144 ], [ 2.37991, 6.58162 ], [ 2.38027, 6.58217 ], [ 2.37982, 6.58289 ], [ 2.38, 6.58361 ], [ 2.37936, 6.58388 ], [ 2.37954, 6.58515 ] ] ], [ [ [ 2.37791, 6.59184 ], [ 2.37872, 6.59085 ], [ 2.37764, 6.59094 ], [ 2.37746, 6.59058 ], [ 2.37782, 6.5903 ], [ 2.37872, 6.59067 ], [ 2.37945, 6.58877 ], [ 2.37981, 6.58886 ], [ 2.37981, 6.58931 ], [ 2.3809, 6.58886 ], [ 2.38153, 6.59049 ], [ 2.38334, 6.59131 ], [ 2.38397, 6.59058 ], [ 2.38551, 6.5904 ], [ 2.38605, 6.59068 ], [ 2.38668, 6.59041 ], [ 2.38641, 6.58968 ], [ 2.38696, 6.58986 ], [ 2.38714, 6.58905 ], [ 2.38696, 6.58869 ], [ 2.38596, 6.5886 ], [ 2.38587, 6.58905 ], [ 2.38451, 6.58986 ], [ 2.38424, 6.5895 ], [ 2.3847, 6.58787 ], [ 2.38452, 6.58687 ], [ 2.38397, 6.58715 ], [ 2.38424, 6.58778 ], [ 2.38352, 6.58805 ], [ 2.38244, 6.58787 ], [ 2.38207, 6.58687 ], [ 2.38144, 6.58678 ], [ 2.38144, 6.58714 ], [ 2.38008, 6.58841 ], [ 2.37954, 6.58814 ], [ 2.37909, 6.58859 ], [ 2.37837, 6.58632 ], [ 2.37674, 6.58687 ], [ 2.37782, 6.58632 ], [ 2.378, 6.58587 ], [ 2.37765, 6.58379 ], [ 2.37719, 6.58388 ], [ 2.37701, 6.58343 ], [ 2.37711, 6.58153 ], [ 2.37638, 6.58189 ], [ 2.37656, 6.58153 ], [ 2.37638, 6.58126 ], [ 2.37548, 6.58207 ], [ 2.37448, 6.58234 ], [ 2.37457, 6.58324 ], [ 2.37565, 6.58505 ], [ 2.37574, 6.58623 ], [ 2.37619, 6.58677 ], [ 2.37665, 6.58677 ], [ 2.37628, 6.58858 ], [ 2.37673, 6.58931 ], [ 2.37664, 6.59012 ], [ 2.37728, 6.59012 ], [ 2.37718, 6.59238 ], [ 2.37773, 6.59266 ], [ 2.37791, 6.59184 ] ] ], [ [ [ 2.3855, 6.59502 ], [ 2.38577, 6.59466 ], [ 2.38604, 6.59538 ], [ 2.38632, 6.5952 ], [ 2.38568, 6.59429 ], [ 2.38632, 6.59231 ], [ 2.39076, 6.59077 ], [ 2.39166, 6.58842 ], [ 2.39239, 6.58824 ], [ 2.39239, 6.58887 ], [ 2.3932, 6.58906 ], [ 2.39275, 6.58815 ], [ 2.39375, 6.58634 ], [ 2.39157, 6.58779 ], [ 2.39003, 6.59059 ], [ 2.38605, 6.59212 ], [ 2.38514, 6.59339 ], [ 2.38523, 6.5942 ], [ 2.38496, 6.59438 ], [ 2.38559, 6.59628 ], [ 2.3855, 6.59502 ] ] ], [ [ [ 2.39473, 6.59621 ], [ 2.3931, 6.59358 ], [ 2.39356, 6.59159 ], [ 2.39329, 6.59069 ], [ 2.39265, 6.59123 ], [ 2.39265, 6.59331 ], [ 2.39301, 6.59358 ], [ 2.39166, 6.59457 ], [ 2.39165, 6.59484 ], [ 2.39265, 6.59467 ], [ 2.39473, 6.59621 ] ] ], [ [ [ 2.39066, 6.5972 ], [ 2.39093, 6.5962 ], [ 2.38867, 6.5962 ], [ 2.38821, 6.59656 ], [ 2.38876, 6.59719 ], [ 2.38939, 6.59683 ], [ 2.39011, 6.59747 ], [ 2.39066, 6.5972 ] ] ], [ [ [ 2.38025, 6.60234 ], [ 2.38088, 6.60135 ], [ 2.38034, 6.6008 ], [ 2.38025, 6.59999 ], [ 2.37953, 6.59981 ], [ 2.37925, 6.60071 ], [ 2.37961, 6.60089 ], [ 2.3797, 6.60198 ], [ 2.38025, 6.60234 ] ] ], [ [ [ 2.38793, 6.61067 ], [ 2.38956, 6.60986 ], [ 2.39028, 6.60995 ], [ 2.3901, 6.60905 ], [ 2.391, 6.60887 ], [ 2.39028, 6.60841 ], [ 2.39046, 6.60796 ], [ 2.38965, 6.60715 ], [ 2.38911, 6.60696 ], [ 2.38884, 6.60724 ], [ 2.38784, 6.60669 ], [ 2.38621, 6.60768 ], [ 2.3854, 6.60777 ], [ 2.38449, 6.60723 ], [ 2.38413, 6.60651 ], [ 2.38341, 6.60632 ], [ 2.38404, 6.60497 ], [ 2.38495, 6.60515 ], [ 2.38667, 6.60443 ], [ 2.38757, 6.60461 ], [ 2.3882, 6.60534 ], [ 2.38811, 6.60479 ], [ 2.38848, 6.60443 ], [ 2.38739, 6.60271 ], [ 2.38731, 6.59991 ], [ 2.38667, 6.6 ], [ 2.38695, 6.59882 ], [ 2.38677, 6.59737 ], [ 2.38631, 6.59773 ], [ 2.38577, 6.59647 ], [ 2.38649, 6.59927 ], [ 2.38649, 6.60117 ], [ 2.38739, 6.6038 ], [ 2.38721, 6.60425 ], [ 2.38676, 6.60425 ], [ 2.38567, 6.60307 ], [ 2.38558, 6.60425 ], [ 2.38459, 6.60461 ], [ 2.38441, 6.60415 ], [ 2.38477, 6.6037 ], [ 2.38414, 6.60352 ], [ 2.38368, 6.60433 ], [ 2.38377, 6.60488 ], [ 2.38287, 6.60551 ], [ 2.38241, 6.60668 ], [ 2.38277, 6.60687 ], [ 2.38286, 6.60777 ], [ 2.38494, 6.60931 ], [ 2.38639, 6.60986 ], [ 2.3872, 6.60968 ], [ 2.38793, 6.61067 ] ] ], [ [ [ 2.39508, 6.60806 ], [ 2.3958, 6.60752 ], [ 2.39571, 6.60643 ], [ 2.39508, 6.60598 ], [ 2.39526, 6.60507 ], [ 2.39716, 6.60435 ], [ 2.39608, 6.60354 ], [ 2.3968, 6.60308 ], [ 2.39671, 6.60272 ], [ 2.39545, 6.602 ], [ 2.39508, 6.60209 ], [ 2.39554, 6.60236 ], [ 2.39535, 6.60263 ], [ 2.39481, 6.60263 ], [ 2.39445, 6.60326 ], [ 2.39282, 6.60426 ], [ 2.39327, 6.60769 ], [ 2.39453, 6.60896 ], [ 2.39489, 6.60887 ], [ 2.39508, 6.60806 ] ] ], [ [ [ 2.39289, 6.62343 ], [ 2.39407, 6.62136 ], [ 2.39316, 6.62 ], [ 2.39334, 6.61864 ], [ 2.39289, 6.61755 ], [ 2.39425, 6.61719 ], [ 2.39479, 6.61765 ], [ 2.39552, 6.61692 ], [ 2.39552, 6.61638 ], [ 2.39697, 6.61747 ], [ 2.3976, 6.61729 ], [ 2.39751, 6.61792 ], [ 2.39687, 6.61792 ], [ 2.39705, 6.61828 ], [ 2.39642, 6.61883 ], [ 2.39669, 6.61964 ], [ 2.39714, 6.61973 ], [ 2.39751, 6.61901 ], [ 2.39886, 6.61838 ], [ 2.3995, 6.61946 ], [ 2.39958, 6.62145 ], [ 2.40022, 6.62163 ], [ 2.40013, 6.62227 ], [ 2.40058, 6.62218 ], [ 2.40112, 6.62001 ], [ 2.40067, 6.61973 ], [ 2.40076, 6.61802 ], [ 2.40004, 6.61765 ], [ 2.4004, 6.61675 ], [ 2.40023, 6.61512 ], [ 2.39796, 6.61494 ], [ 2.39733, 6.61566 ], [ 2.39615, 6.61584 ], [ 2.39579, 6.61539 ], [ 2.39525, 6.61557 ], [ 2.39507, 6.6152 ], [ 2.39416, 6.61502 ], [ 2.3938, 6.61566 ], [ 2.39308, 6.61575 ], [ 2.3928, 6.61638 ], [ 2.39136, 6.61638 ], [ 2.39154, 6.61692 ], [ 2.39045, 6.61746 ], [ 2.39018, 6.61909 ], [ 2.39072, 6.61927 ], [ 2.39117, 6.61837 ], [ 2.39172, 6.61864 ], [ 2.39217, 6.62018 ], [ 2.39216, 6.62253 ], [ 2.39289, 6.62343 ] ], [ [ 2.39226, 6.61873 ], [ 2.39163, 6.61773 ], [ 2.39181, 6.61674 ], [ 2.39217, 6.61692 ], [ 2.39217, 6.61773 ], [ 2.3928, 6.61755 ], [ 2.39298, 6.61918 ], [ 2.39262, 6.61982 ], [ 2.39226, 6.61972 ], [ 2.39226, 6.61873 ] ] ], [ [ [ 2.39153, 6.62515 ], [ 2.3909, 6.62298 ], [ 2.3899, 6.62235 ], [ 2.38918, 6.62234 ], [ 2.38873, 6.62171 ], [ 2.3881, 6.61881 ], [ 2.38846, 6.61755 ], [ 2.38927, 6.61737 ], [ 2.38955, 6.61674 ], [ 2.39045, 6.61728 ], [ 2.39018, 6.61619 ], [ 2.39154, 6.61448 ], [ 2.39299, 6.61375 ], [ 2.3939, 6.61222 ], [ 2.39109, 6.61348 ], [ 2.39028, 6.61294 ], [ 2.39019, 6.61248 ], [ 2.38847, 6.61275 ], [ 2.38792, 6.61212 ], [ 2.38729, 6.61293 ], [ 2.38756, 6.6133 ], [ 2.38738, 6.6142 ], [ 2.38801, 6.61411 ], [ 2.38828, 6.61456 ], [ 2.38919, 6.6142 ], [ 2.38937, 6.61447 ], [ 2.38874, 6.61465 ], [ 2.38828, 6.6161 ], [ 2.38701, 6.61719 ], [ 2.38665, 6.61999 ], [ 2.38764, 6.62252 ], [ 2.38845, 6.62325 ], [ 2.38845, 6.62433 ], [ 2.38872, 6.62442 ], [ 2.38954, 6.62352 ], [ 2.39062, 6.62434 ], [ 2.39107, 6.62687 ], [ 2.39153, 6.62515 ] ] ], [ [ [ 2.36923, 6.65543 ], [ 2.36968, 6.6548 ], [ 2.36887, 6.65444 ], [ 2.36869, 6.65389 ], [ 2.36914, 6.65317 ], [ 2.36815, 6.65272 ], [ 2.36815, 6.65199 ], [ 2.36779, 6.65163 ], [ 2.36806, 6.65054 ], [ 2.36734, 6.65036 ], [ 2.36671, 6.64928 ], [ 2.36743, 6.64901 ], [ 2.36653, 6.64828 ], [ 2.36653, 6.64882 ], [ 2.36616, 6.64873 ], [ 2.36616, 6.64783 ], [ 2.36671, 6.64729 ], [ 2.36743, 6.64692 ], [ 2.36752, 6.64774 ], [ 2.36834, 6.64792 ], [ 2.36897, 6.64765 ], [ 2.36933, 6.64648 ], [ 2.3697, 6.64639 ], [ 2.36888, 6.64584 ], [ 2.36852, 6.64494 ], [ 2.36789, 6.64475 ], [ 2.36744, 6.64322 ], [ 2.36762, 6.64285 ], [ 2.3668, 6.64285 ], [ 2.36699, 6.64195 ], [ 2.36753, 6.64213 ], [ 2.36771, 6.64276 ], [ 2.36789, 6.64168 ], [ 2.36617, 6.64077 ], [ 2.36563, 6.64005 ], [ 2.36636, 6.6396 ], [ 2.36636, 6.63788 ], [ 2.36708, 6.63779 ], [ 2.36817, 6.63643 ], [ 2.36817, 6.63526 ], [ 2.36881, 6.63453 ], [ 2.3689, 6.63372 ], [ 2.37007, 6.63363 ], [ 2.36998, 6.63327 ], [ 2.36917, 6.63336 ], [ 2.36917, 6.6329 ], [ 2.37062, 6.63318 ], [ 2.37116, 6.63291 ], [ 2.37197, 6.63345 ], [ 2.37252, 6.63273 ], [ 2.37216, 6.63227 ], [ 2.3727, 6.63182 ], [ 2.37369, 6.63219 ], [ 2.37469, 6.63183 ], [ 2.3746, 6.63137 ], [ 2.37252, 6.63047 ], [ 2.37288, 6.62956 ], [ 2.3727, 6.62893 ], [ 2.37316, 6.62884 ], [ 2.37298, 6.62739 ], [ 2.37542, 6.62631 ], [ 2.37578, 6.6254 ], [ 2.37651, 6.62685 ], [ 2.37741, 6.62703 ], [ 2.37687, 6.62649 ], [ 2.37705, 6.62595 ], [ 2.37759, 6.62586 ], [ 2.37687, 6.62522 ], [ 2.37696, 6.6245 ], [ 2.37805, 6.62423 ], [ 2.3795, 6.62315 ], [ 2.37977, 6.62242 ], [ 2.37959, 6.62161 ], [ 2.38077, 6.62052 ], [ 2.38203, 6.62071 ], [ 2.38285, 6.62007 ], [ 2.38366, 6.61872 ], [ 2.38394, 6.617 ], [ 2.38484, 6.61492 ], [ 2.38539, 6.61483 ], [ 2.38502, 6.61637 ], [ 2.38548, 6.61628 ], [ 2.38575, 6.61537 ], [ 2.38575, 6.61384 ], [ 2.3853, 6.61384 ], [ 2.38521, 6.61338 ], [ 2.38385, 6.61356 ], [ 2.3834, 6.6113 ], [ 2.38196, 6.60904 ], [ 2.38223, 6.60822 ], [ 2.38187, 6.60777 ], [ 2.38241, 6.60786 ], [ 2.38241, 6.60741 ], [ 2.38178, 6.60614 ], [ 2.38051, 6.60596 ], [ 2.37871, 6.60442 ], [ 2.37762, 6.60478 ], [ 2.37689, 6.60586 ], [ 2.37608, 6.60514 ], [ 2.37499, 6.60559 ], [ 2.375, 6.60478 ], [ 2.37563, 6.60387 ], [ 2.37536, 6.60333 ], [ 2.37608, 6.60279 ], [ 2.37618, 6.60134 ], [ 2.37572, 6.60125 ], [ 2.37572, 6.60062 ], [ 2.375, 6.6008 ], [ 2.37527, 6.60251 ], [ 2.37473, 6.6036 ], [ 2.37436, 6.60396 ], [ 2.37373, 6.60378 ], [ 2.37328, 6.60432 ], [ 2.37328, 6.60559 ], [ 2.37228, 6.60604 ], [ 2.37264, 6.60667 ], [ 2.37164, 6.60749 ], [ 2.37146, 6.6092 ], [ 2.37019, 6.60938 ], [ 2.37001, 6.61011 ], [ 2.37046, 6.61074 ], [ 2.36965, 6.61092 ], [ 2.36965, 6.61183 ], [ 2.37001, 6.61228 ], [ 2.36901, 6.61291 ], [ 2.36892, 6.61354 ], [ 2.36865, 6.61318 ], [ 2.36775, 6.61309 ], [ 2.3682, 6.61454 ], [ 2.36666, 6.61454 ], [ 2.36738, 6.61517 ], [ 2.36702, 6.61607 ], [ 2.36747, 6.61644 ], [ 2.36774, 6.61779 ], [ 2.36865, 6.6177 ], [ 2.36855, 6.61843 ], [ 2.36901, 6.61897 ], [ 2.36901, 6.61933 ], [ 2.36693, 6.61942 ], [ 2.36683, 6.62005 ], [ 2.36982, 6.62006 ], [ 2.37009, 6.62051 ], [ 2.37, 6.62133 ], [ 2.36918, 6.62205 ], [ 2.36945, 6.62232 ], [ 2.36927, 6.62359 ], [ 2.3681, 6.62413 ], [ 2.36791, 6.62367 ], [ 2.36746, 6.62367 ], [ 2.36737, 6.62313 ], [ 2.36701, 6.62349 ], [ 2.36575, 6.6225 ], [ 2.36475, 6.62295 ], [ 2.3643, 6.62213 ], [ 2.36484, 6.62249 ], [ 2.3652, 6.62195 ], [ 2.36421, 6.62177 ], [ 2.36312, 6.62213 ], [ 2.36294, 6.62313 ], [ 2.36194, 6.62376 ], [ 2.36176, 6.62349 ], [ 2.36231, 6.62249 ], [ 2.36149, 6.62258 ], [ 2.36077, 6.62177 ], [ 2.36068, 6.62267 ], [ 2.36004, 6.62339 ], [ 2.3605, 6.62367 ], [ 2.36013, 6.6243 ], [ 2.35986, 6.6243 ], [ 2.35968, 6.62303 ], [ 2.35905, 6.62294 ], [ 2.35896, 6.62357 ], [ 2.35733, 6.62402 ], [ 2.35751, 6.62502 ], [ 2.35615, 6.62601 ], [ 2.35678, 6.62882 ], [ 2.35814, 6.62828 ], [ 2.35949, 6.62882 ], [ 2.35959, 6.62819 ], [ 2.36194, 6.62774 ], [ 2.36357, 6.62665 ], [ 2.36493, 6.62666 ], [ 2.36601, 6.62693 ], [ 2.36601, 6.62847 ], [ 2.36528, 6.62865 ], [ 2.36528, 6.62937 ], [ 2.36492, 6.62937 ], [ 2.36447, 6.62865 ], [ 2.36411, 6.62892 ], [ 2.36546, 6.63019 ], [ 2.36601, 6.63001 ], [ 2.36655, 6.62919 ], [ 2.36745, 6.62974 ], [ 2.36727, 6.63326 ], [ 2.36591, 6.63299 ], [ 2.36546, 6.63344 ], [ 2.36374, 6.6329 ], [ 2.36338, 6.63335 ], [ 2.36347, 6.6338 ], [ 2.36455, 6.63426 ], [ 2.36482, 6.6348 ], [ 2.36464, 6.63579 ], [ 2.36509, 6.63561 ], [ 2.36528, 6.63489 ], [ 2.36627, 6.6348 ], [ 2.36582, 6.63426 ], [ 2.36609, 6.63353 ], [ 2.36727, 6.6339 ], [ 2.36754, 6.63462 ], [ 2.36699, 6.63679 ], [ 2.36627, 6.63616 ], [ 2.36564, 6.6367 ], [ 2.36401, 6.6367 ], [ 2.36392, 6.63715 ], [ 2.36446, 6.63715 ], [ 2.3641, 6.63778 ], [ 2.36428, 6.63842 ], [ 2.36238, 6.63977 ], [ 2.36201, 6.63968 ], [ 2.36265, 6.64013 ], [ 2.36382, 6.6395 ], [ 2.36455, 6.63959 ], [ 2.36391, 6.64194 ], [ 2.36319, 6.64258 ], [ 2.36192, 6.64276 ], [ 2.36165, 6.64194 ], [ 2.36219, 6.6404 ], [ 2.36102, 6.63977 ], [ 2.3612, 6.64022 ], [ 2.36093, 6.64058 ], [ 2.3602, 6.64058 ], [ 2.36029, 6.64013 ], [ 2.35957, 6.63968 ], [ 2.35957, 6.63941 ], [ 2.36002, 6.6395 ], [ 2.36002, 6.63895 ], [ 2.35912, 6.63959 ], [ 2.35912, 6.64031 ], [ 2.35993, 6.64076 ], [ 2.35984, 6.64122 ], [ 2.35903, 6.6414 ], [ 2.35885, 6.64085 ], [ 2.3583, 6.64067 ], [ 2.3583, 6.6404 ], [ 2.35894, 6.64067 ], [ 2.35885, 6.63977 ], [ 2.35839, 6.63968 ], [ 2.35749, 6.64004 ], [ 2.3564, 6.64139 ], [ 2.35722, 6.64157 ], [ 2.35758, 6.64311 ], [ 2.35848, 6.64357 ], [ 2.35812, 6.64483 ], [ 2.3592, 6.64511 ], [ 2.3592, 6.64547 ], [ 2.35866, 6.64565 ], [ 2.35848, 6.64655 ], [ 2.36001, 6.64646 ], [ 2.36019, 6.64746 ], [ 2.35983, 6.64764 ], [ 2.35974, 6.64728 ], [ 2.35929, 6.64728 ], [ 2.35911, 6.64764 ], [ 2.35965, 6.64773 ], [ 2.36046, 6.64891 ], [ 2.36083, 6.64882 ], [ 2.36065, 6.64827 ], [ 2.36173, 6.64864 ], [ 2.36173, 6.64918 ], [ 2.36245, 6.64945 ], [ 2.36254, 6.65045 ], [ 2.36363, 6.65063 ], [ 2.36417, 6.65144 ], [ 2.36399, 6.65181 ], [ 2.36317, 6.65199 ], [ 2.36173, 6.65153 ], [ 2.36055, 6.65171 ], [ 2.36046, 6.65126 ], [ 2.36173, 6.65135 ], [ 2.36173, 6.65108 ], [ 2.36128, 6.65045 ], [ 2.36028, 6.65063 ], [ 2.35983, 6.65207 ], [ 2.35883, 6.65261 ], [ 2.35928, 6.65361 ], [ 2.35982, 6.65397 ], [ 2.36082, 6.65397 ], [ 2.36082, 6.65352 ], [ 2.36118, 6.65352 ], [ 2.36118, 6.65379 ], [ 2.36163, 6.6537 ], [ 2.3629, 6.65452 ], [ 2.36417, 6.65398 ], [ 2.36408, 6.65461 ], [ 2.36498, 6.65389 ], [ 2.36598, 6.65425 ], [ 2.36643, 6.65552 ], [ 2.36923, 6.65543 ] ], [ [ 2.36453, 6.65099 ], [ 2.36408, 6.65 ], [ 2.36435, 6.64918 ], [ 2.36517, 6.64909 ], [ 2.36598, 6.65054 ], [ 2.36453, 6.65099 ] ], [ [ 2.36282, 6.64764 ], [ 2.36291, 6.64565 ], [ 2.36182, 6.64556 ], [ 2.36228, 6.64429 ], [ 2.36319, 6.64294 ], [ 2.36409, 6.64357 ], [ 2.36463, 6.64204 ], [ 2.36554, 6.64131 ], [ 2.36599, 6.64204 ], [ 2.36635, 6.64421 ], [ 2.36499, 6.64484 ], [ 2.36499, 6.64566 ], [ 2.36608, 6.64511 ], [ 2.36698, 6.64638 ], [ 2.36644, 6.64674 ], [ 2.36535, 6.64674 ], [ 2.36463, 6.64593 ], [ 2.36418, 6.64593 ], [ 2.36372, 6.6471 ], [ 2.36318, 6.64701 ], [ 2.36318, 6.64755 ], [ 2.36282, 6.64764 ] ], [ [ 2.36709, 6.62838 ], [ 2.36773, 6.62657 ], [ 2.36891, 6.62675 ], [ 2.36891, 6.62766 ], [ 2.36809, 6.62883 ], [ 2.36727, 6.62892 ], [ 2.36709, 6.62838 ] ], [ [ 2.37398, 6.61907 ], [ 2.37353, 6.61771 ], [ 2.37444, 6.61735 ], [ 2.37498, 6.61835 ], [ 2.3748, 6.61916 ], [ 2.37443, 6.61943 ], [ 2.37398, 6.61907 ] ], [ [ 2.37227, 6.61337 ], [ 2.37128, 6.61337 ], [ 2.371, 6.61291 ], [ 2.37282, 6.61201 ], [ 2.37308, 6.61373 ], [ 2.37263, 6.614 ], [ 2.37227, 6.61337 ] ] ], [ [ [ 2.38744, 6.63419 ], [ 2.38853, 6.63356 ], [ 2.3898, 6.63374 ], [ 2.38998, 6.63347 ], [ 2.38962, 6.6332 ], [ 2.38998, 6.63338 ], [ 2.39025, 6.63302 ], [ 2.39097, 6.63393 ], [ 2.39116, 6.63275 ], [ 2.39089, 6.63176 ], [ 2.38926, 6.6323 ], [ 2.3888, 6.63284 ], [ 2.38808, 6.63266 ], [ 2.3879, 6.63157 ], [ 2.3869, 6.63175 ], [ 2.38799, 6.63284 ], [ 2.38781, 6.63329 ], [ 2.3869, 6.63329 ], [ 2.38699, 6.63392 ], [ 2.38744, 6.63419 ] ] ], [ [ [ 2.39676, 6.63755 ], [ 2.39658, 6.6371 ], [ 2.39694, 6.63611 ], [ 2.39622, 6.63529 ], [ 2.39649, 6.63348 ], [ 2.3955, 6.63248 ], [ 2.39541, 6.63303 ], [ 2.39486, 6.63339 ], [ 2.39486, 6.63384 ], [ 2.39541, 6.63429 ], [ 2.39468, 6.63466 ], [ 2.3945, 6.63529 ], [ 2.39504, 6.63547 ], [ 2.39522, 6.63728 ], [ 2.39613, 6.63782 ], [ 2.39676, 6.63755 ] ] ], [ [ [ 2.38807, 6.6408 ], [ 2.38898, 6.6398 ], [ 2.38889, 6.63935 ], [ 2.38961, 6.63944 ], [ 2.38925, 6.6389 ], [ 2.38943, 6.63763 ], [ 2.38916, 6.63682 ], [ 2.3878, 6.63637 ], [ 2.38726, 6.63564 ], [ 2.38663, 6.63573 ], [ 2.38636, 6.63645 ], [ 2.3859, 6.63636 ], [ 2.38599, 6.63682 ], [ 2.38645, 6.637 ], [ 2.38645, 6.63736 ], [ 2.38726, 6.63709 ], [ 2.38762, 6.63745 ], [ 2.38735, 6.63781 ], [ 2.38681, 6.63763 ], [ 2.38644, 6.6379 ], [ 2.38617, 6.63863 ], [ 2.38708, 6.63926 ], [ 2.38699, 6.63998 ], [ 2.38735, 6.64053 ], [ 2.38807, 6.6408 ] ] ], [ [ [ 2.36418, 6.64593 ], [ 2.36481, 6.6443 ], [ 2.36526, 6.64421 ], [ 2.36517, 6.64385 ], [ 2.36391, 6.64484 ], [ 2.36255, 6.64475 ], [ 2.36282, 6.64547 ], [ 2.36327, 6.64538 ], [ 2.36363, 6.64602 ], [ 2.36418, 6.64593 ] ] ], [ [ [ 2.37259, 6.64965 ], [ 2.37358, 6.64811 ], [ 2.37268, 6.64702 ], [ 2.37259, 6.64747 ], [ 2.37196, 6.64774 ], [ 2.37186, 6.64838 ], [ 2.37195, 6.6491 ], [ 2.37259, 6.64965 ] ] ], [ [ [ 2.39656, 6.65266 ], [ 2.39584, 6.65257 ], [ 2.3962, 6.65167 ], [ 2.39593, 6.65148 ], [ 2.39539, 6.65185 ], [ 2.39539, 6.65121 ], [ 2.39493, 6.65076 ], [ 2.39349, 6.65112 ], [ 2.3943, 6.65202 ], [ 2.39475, 6.65166 ], [ 2.3952, 6.65185 ], [ 2.39566, 6.65293 ], [ 2.39647, 6.65302 ], [ 2.39656, 6.65266 ] ] ], [ [ [ 2.39121, 6.65872 ], [ 2.3914, 6.65835 ], [ 2.39104, 6.65754 ], [ 2.39248, 6.657 ], [ 2.39221, 6.65655 ], [ 2.39176, 6.65691 ], [ 2.39131, 6.65673 ], [ 2.39203, 6.65618 ], [ 2.39158, 6.65528 ], [ 2.39212, 6.65465 ], [ 2.39167, 6.65419 ], [ 2.39086, 6.65428 ], [ 2.38986, 6.6551 ], [ 2.39104, 6.6551 ], [ 2.39086, 6.65555 ], [ 2.39122, 6.65618 ], [ 2.39013, 6.65736 ], [ 2.39004, 6.65853 ], [ 2.39121, 6.65872 ] ] ], [ [ [ 2.36605, 6.67054 ], [ 2.36777, 6.66837 ], [ 2.36713, 6.66846 ], [ 2.36641, 6.66918 ], [ 2.36614, 6.668 ], [ 2.36668, 6.66728 ], [ 2.36632, 6.66701 ], [ 2.36415, 6.66872 ], [ 2.3627, 6.66917 ], [ 2.36288, 6.66945 ], [ 2.3646, 6.66954 ], [ 2.36478, 6.66927 ], [ 2.36568, 6.66954 ], [ 2.3655, 6.67008 ], [ 2.36605, 6.67054 ] ] ], [ [ [ 2.38613, 6.67355 ], [ 2.38685, 6.67201 ], [ 2.38767, 6.67174 ], [ 2.38749, 6.67147 ], [ 2.38613, 6.67147 ], [ 2.38604, 6.67273 ], [ 2.38522, 6.67373 ], [ 2.38613, 6.67355 ] ] ], [ [ [ 2.37381, 6.68764 ], [ 2.37516, 6.68674 ], [ 2.37616, 6.68683 ], [ 2.37625, 6.68629 ], [ 2.37697, 6.68566 ], [ 2.37915, 6.68548 ], [ 2.37978, 6.6843 ], [ 2.37915, 6.68412 ], [ 2.37906, 6.68376 ], [ 2.37996, 6.68412 ], [ 2.37987, 6.68295 ], [ 2.38114, 6.68213 ], [ 2.38141, 6.68078 ], [ 2.38214, 6.68087 ], [ 2.38232, 6.68123 ], [ 2.3825, 6.68304 ], [ 2.38286, 6.68322 ], [ 2.38304, 6.68277 ], [ 2.3834, 6.68277 ], [ 2.38412, 6.68449 ], [ 2.38485, 6.68485 ], [ 2.38611, 6.68639 ], [ 2.38675, 6.68657 ], [ 2.38593, 6.68567 ], [ 2.38584, 6.68504 ], [ 2.38503, 6.68467 ], [ 2.38449, 6.68377 ], [ 2.38449, 6.68322 ], [ 2.38503, 6.68277 ], [ 2.38612, 6.68323 ], [ 2.38594, 6.68214 ], [ 2.38494, 6.68105 ], [ 2.38494, 6.68051 ], [ 2.38422, 6.68033 ], [ 2.38404, 6.67988 ], [ 2.3835, 6.68006 ], [ 2.38323, 6.67933 ], [ 2.38196, 6.67951 ], [ 2.38178, 6.67779 ], [ 2.38296, 6.67779 ], [ 2.38259, 6.67843 ], [ 2.38305, 6.6787 ], [ 2.38377, 6.67843 ], [ 2.38495, 6.67952 ], [ 2.38486, 6.67861 ], [ 2.38612, 6.67807 ], [ 2.38676, 6.67834 ], [ 2.38685, 6.67735 ], [ 2.38793, 6.6778 ], [ 2.38784, 6.67699 ], [ 2.38812, 6.6769 ], [ 2.38839, 6.67771 ], [ 2.38875, 6.67771 ], [ 2.38911, 6.67726 ], [ 2.38893, 6.67617 ], [ 2.38938, 6.67581 ], [ 2.39092, 6.67554 ], [ 2.39137, 6.676 ], [ 2.39183, 6.67545 ], [ 2.39282, 6.67591 ], [ 2.39309, 6.67555 ], [ 2.39273, 6.67455 ], [ 2.39292, 6.67392 ], [ 2.39482, 6.67392 ], [ 2.39536, 6.67356 ], [ 2.39653, 6.67374 ], [ 2.3978, 6.67184 ], [ 2.39907, 6.67148 ], [ 2.39979, 6.67175 ], [ 2.40043, 6.67139 ], [ 2.40088, 6.67185 ], [ 2.40088, 6.67266 ], [ 2.39943, 6.67275 ], [ 2.39916, 6.67483 ], [ 2.39952, 6.67528 ], [ 2.39699, 6.67501 ], [ 2.39517, 6.67582 ], [ 2.39526, 6.67645 ], [ 2.39499, 6.67718 ], [ 2.39454, 6.67718 ], [ 2.39454, 6.67772 ], [ 2.39526, 6.6779 ], [ 2.39535, 6.68034 ], [ 2.39381, 6.68007 ], [ 2.393, 6.68079 ], [ 2.39218, 6.68088 ], [ 2.39245, 6.68152 ], [ 2.3939, 6.68097 ], [ 2.3958, 6.68125 ], [ 2.39616, 6.68188 ], [ 2.39589, 6.68288 ], [ 2.39706, 6.68451 ], [ 2.39707, 6.68297 ], [ 2.39743, 6.68225 ], [ 2.39689, 6.68152 ], [ 2.39707, 6.68098 ], [ 2.39662, 6.68044 ], [ 2.39653, 6.67944 ], [ 2.39734, 6.67727 ], [ 2.39771, 6.67709 ], [ 2.39825, 6.67799 ], [ 2.3987, 6.67809 ], [ 2.39897, 6.67691 ], [ 2.40151, 6.67601 ], [ 2.40088, 6.67528 ], [ 2.40088, 6.67474 ], [ 2.40151, 6.67429 ], [ 2.40332, 6.67429 ], [ 2.40377, 6.67357 ], [ 2.40513, 6.67393 ], [ 2.40567, 6.67375 ], [ 2.40667, 6.6742 ], [ 2.40721, 6.67231 ], [ 2.40694, 6.67176 ], [ 2.40803, 6.67176 ], [ 2.40921, 6.6705 ], [ 2.40848, 6.66869 ], [ 2.40867, 6.66751 ], [ 2.40776, 6.66733 ], [ 2.4074, 6.66842 ], [ 2.40523, 6.66715 ], [ 2.4026, 6.66778 ], [ 2.40242, 6.66705 ], [ 2.40279, 6.66606 ], [ 2.40252, 6.66579 ], [ 2.40116, 6.66678 ], [ 2.39998, 6.66551 ], [ 2.39926, 6.66587 ], [ 2.39962, 6.66669 ], [ 2.39917, 6.66687 ], [ 2.39835, 6.66623 ], [ 2.39899, 6.66542 ], [ 2.39863, 6.66488 ], [ 2.39808, 6.66524 ], [ 2.39826, 6.66578 ], [ 2.39754, 6.66587 ], [ 2.397, 6.66442 ], [ 2.39573, 6.66397 ], [ 2.39492, 6.66288 ], [ 2.39374, 6.66288 ], [ 2.39374, 6.66324 ], [ 2.39429, 6.66324 ], [ 2.39492, 6.66397 ], [ 2.39483, 6.66487 ], [ 2.39537, 6.66505 ], [ 2.39582, 6.66587 ], [ 2.39518, 6.66768 ], [ 2.39365, 6.66786 ], [ 2.39319, 6.66704 ], [ 2.3922, 6.6665 ], [ 2.39148, 6.66514 ], [ 2.39193, 6.66405 ], [ 2.39275, 6.66433 ], [ 2.39302, 6.66378 ], [ 2.39284, 6.66306 ], [ 2.39365, 6.66261 ], [ 2.39338, 6.66225 ], [ 2.39221, 6.66215 ], [ 2.39266, 6.66288 ], [ 2.39148, 6.66433 ], [ 2.39048, 6.6636 ], [ 2.38922, 6.66414 ], [ 2.38877, 6.66287 ], [ 2.38813, 6.66305 ], [ 2.38705, 6.66251 ], [ 2.38551, 6.66124 ], [ 2.38506, 6.66034 ], [ 2.38533, 6.66187 ], [ 2.3865, 6.6626 ], [ 2.38687, 6.66341 ], [ 2.38822, 6.66378 ], [ 2.38876, 6.66477 ], [ 2.39012, 6.66478 ], [ 2.39003, 6.66541 ], [ 2.38931, 6.66595 ], [ 2.39012, 6.66613 ], [ 2.39048, 6.66659 ], [ 2.39093, 6.66812 ], [ 2.39075, 6.66966 ], [ 2.3912, 6.67048 ], [ 2.3903, 6.67066 ], [ 2.38966, 6.67038 ], [ 2.3893, 6.67111 ], [ 2.38794, 6.67138 ], [ 2.38821, 6.67228 ], [ 2.38649, 6.67463 ], [ 2.38495, 6.67427 ], [ 2.38441, 6.6749 ], [ 2.3845, 6.67563 ], [ 2.38386, 6.67635 ], [ 2.38142, 6.67725 ], [ 2.38106, 6.67788 ], [ 2.37979, 6.67806 ], [ 2.37961, 6.67888 ], [ 2.38024, 6.6796 ], [ 2.37924, 6.67996 ], [ 2.37879, 6.67869 ], [ 2.37608, 6.68131 ], [ 2.37454, 6.68149 ], [ 2.37399, 6.68122 ], [ 2.37363, 6.68203 ], [ 2.372, 6.6833 ], [ 2.37046, 6.68384 ], [ 2.36929, 6.68384 ], [ 2.36937, 6.6852 ], [ 2.3701, 6.68556 ], [ 2.36955, 6.68628 ], [ 2.36983, 6.68664 ], [ 2.371, 6.68683 ], [ 2.37145, 6.6861 ], [ 2.37218, 6.68629 ], [ 2.37218, 6.68547 ], [ 2.37272, 6.68538 ], [ 2.37299, 6.68583 ], [ 2.37317, 6.68556 ], [ 2.37317, 6.6862 ], [ 2.3739, 6.68683 ], [ 2.37317, 6.68701 ], [ 2.37263, 6.68665 ], [ 2.37245, 6.68728 ], [ 2.37381, 6.68764 ] ], [ [ 2.37652, 6.68566 ], [ 2.37571, 6.68511 ], [ 2.37598, 6.68376 ], [ 2.37643, 6.68358 ], [ 2.37688, 6.68521 ], [ 2.37652, 6.68566 ] ], [ [ 2.37833, 6.68494 ], [ 2.37716, 6.68385 ], [ 2.37698, 6.68294 ], [ 2.37508, 6.6833 ], [ 2.3749, 6.68276 ], [ 2.37698, 6.68195 ], [ 2.37888, 6.68412 ], [ 2.37888, 6.68457 ], [ 2.37833, 6.68494 ] ] ], [ [ [ 2.39925, 6.52085 ], [ 2.40097, 6.52076 ], [ 2.40106, 6.5204 ], [ 2.40016, 6.51949 ], [ 2.40016, 6.51877 ], [ 2.39862, 6.51922 ], [ 2.39862, 6.51994 ], [ 2.39925, 6.52085 ] ] ], [ [ [ 2.40531, 6.52665 ], [ 2.40531, 6.52583 ], [ 2.40449, 6.52466 ], [ 2.40422, 6.52312 ], [ 2.40386, 6.52303 ], [ 2.40413, 6.52475 ], [ 2.4035, 6.52493 ], [ 2.40341, 6.52556 ], [ 2.40413, 6.52574 ], [ 2.40413, 6.5252 ], [ 2.40467, 6.52556 ], [ 2.40549, 6.52737 ], [ 2.40521, 6.52791 ], [ 2.40549, 6.52819 ], [ 2.40558, 6.52674 ], [ 2.40531, 6.52665 ] ] ], [ [ [ 2.39987, 6.53533 ], [ 2.4005, 6.53442 ], [ 2.40114, 6.53487 ], [ 2.40105, 6.53433 ], [ 2.40168, 6.53442 ], [ 2.40177, 6.53352 ], [ 2.40286, 6.53261 ], [ 2.40268, 6.53162 ], [ 2.40141, 6.53126 ], [ 2.40023, 6.53171 ], [ 2.39996, 6.53243 ], [ 2.39933, 6.53243 ], [ 2.39951, 6.53189 ], [ 2.39888, 6.5318 ], [ 2.39987, 6.53533 ] ] ], [ [ [ 2.39887, 6.53894 ], [ 2.39878, 6.53777 ], [ 2.39806, 6.53731 ], [ 2.3948, 6.53722 ], [ 2.39498, 6.5384 ], [ 2.39806, 6.53804 ], [ 2.39815, 6.53858 ], [ 2.3986, 6.53858 ], [ 2.39815, 6.53921 ], [ 2.39851, 6.53949 ], [ 2.39887, 6.53894 ] ] ], [ [ [ 2.4033, 6.5385 ], [ 2.40366, 6.53931 ], [ 2.40421, 6.53976 ], [ 2.4033, 6.53795 ], [ 2.40249, 6.53741 ], [ 2.40213, 6.53877 ], [ 2.40276, 6.53976 ], [ 2.4033, 6.5385 ] ] ], [ [ [ 2.40438, 6.54791 ], [ 2.40592, 6.54465 ], [ 2.40592, 6.54338 ], [ 2.40556, 6.5432 ], [ 2.40556, 6.54221 ], [ 2.40475, 6.54022 ], [ 2.4042, 6.54004 ], [ 2.40556, 6.54357 ], [ 2.40528, 6.54492 ], [ 2.40465, 6.54564 ], [ 2.40474, 6.54655 ], [ 2.40392, 6.54791 ], [ 2.40438, 6.54791 ] ] ], [ [ [ 2.39528, 6.58562 ], [ 2.3971, 6.58291 ], [ 2.39809, 6.583 ], [ 2.39746, 6.58237 ], [ 2.39764, 6.58182 ], [ 2.39972, 6.58165 ], [ 2.3971, 6.58128 ], [ 2.39529, 6.5801 ], [ 2.39574, 6.58128 ], [ 2.39701, 6.58164 ], [ 2.39664, 6.58318 ], [ 2.39438, 6.58508 ], [ 2.39447, 6.58562 ], [ 2.39528, 6.58562 ] ] ], [ [ [ 2.39961, 6.60028 ], [ 2.40115, 6.59621 ], [ 2.40233, 6.59495 ], [ 2.40586, 6.59477 ], [ 2.40586, 6.59441 ], [ 2.40523, 6.59396 ], [ 2.40477, 6.59441 ], [ 2.40287, 6.59413 ], [ 2.40233, 6.59468 ], [ 2.40161, 6.59468 ], [ 2.40097, 6.5954 ], [ 2.40043, 6.5954 ], [ 2.40052, 6.59666 ], [ 2.40007, 6.59703 ], [ 2.40016, 6.59748 ], [ 2.3997, 6.59757 ], [ 2.39997, 6.59811 ], [ 2.39907, 6.5992 ], [ 2.39961, 6.59974 ], [ 2.39961, 6.60028 ] ] ], [ [ [ 2.40675, 6.60699 ], [ 2.40594, 6.60409 ], [ 2.40503, 6.603 ], [ 2.40449, 6.60273 ], [ 2.40124, 6.60273 ], [ 2.40187, 6.60363 ], [ 2.40304, 6.60354 ], [ 2.40386, 6.60418 ], [ 2.40449, 6.60418 ], [ 2.40485, 6.60463 ], [ 2.40476, 6.60526 ], [ 2.40639, 6.60626 ], [ 2.40639, 6.60717 ], [ 2.40675, 6.60699 ] ] ], [ [ [ 2.40077, 6.61096 ], [ 2.40059, 6.61024 ], [ 2.39978, 6.61032 ], [ 2.39978, 6.6096 ], [ 2.39924, 6.60969 ], [ 2.39924, 6.61023 ], [ 2.39869, 6.6105 ], [ 2.39905, 6.61105 ], [ 2.40023, 6.61087 ], [ 2.40032, 6.6115 ], [ 2.40113, 6.61159 ], [ 2.40123, 6.61105 ], [ 2.40077, 6.61096 ] ] ], [ [ [ 2.40457, 6.61277 ], [ 2.40448, 6.6106 ], [ 2.4053, 6.61006 ], [ 2.4053, 6.6097 ], [ 2.40403, 6.61042 ], [ 2.40313, 6.61024 ], [ 2.40322, 6.61132 ], [ 2.40159, 6.61051 ], [ 2.40132, 6.61069 ], [ 2.40159, 6.61159 ], [ 2.40213, 6.61168 ], [ 2.40276, 6.61241 ], [ 2.40349, 6.61205 ], [ 2.40403, 6.61277 ], [ 2.40457, 6.61277 ] ] ], [ [ [ 2.40972, 6.62002 ], [ 2.40836, 6.61821 ], [ 2.40638, 6.61621 ], [ 2.40484, 6.61295 ], [ 2.40457, 6.61286 ], [ 2.40412, 6.61377 ], [ 2.40348, 6.61322 ], [ 2.40294, 6.61386 ], [ 2.40303, 6.61458 ], [ 2.40394, 6.61467 ], [ 2.40348, 6.61621 ], [ 2.40457, 6.61675 ], [ 2.40475, 6.61775 ], [ 2.40538, 6.61757 ], [ 2.40556, 6.61911 ], [ 2.40619, 6.6192 ], [ 2.40701, 6.61848 ], [ 2.40719, 6.61866 ], [ 2.40664, 6.61884 ], [ 2.40692, 6.61911 ], [ 2.40764, 6.61893 ], [ 2.40809, 6.61974 ], [ 2.40872, 6.61956 ], [ 2.40972, 6.62002 ] ] ], [ [ [ 2.40311, 6.62001 ], [ 2.40393, 6.6192 ], [ 2.40357, 6.61856 ], [ 2.40303, 6.61856 ], [ 2.40294, 6.61811 ], [ 2.40185, 6.61802 ], [ 2.40131, 6.61838 ], [ 2.40149, 6.61883 ], [ 2.40312, 6.6192 ], [ 2.40311, 6.62001 ] ] ], [ [ [ 2.3984, 6.62824 ], [ 2.3994, 6.62715 ], [ 2.3994, 6.62688 ], [ 2.39885, 6.62697 ], [ 2.39885, 6.62661 ], [ 2.3994, 6.62634 ], [ 2.3994, 6.62525 ], [ 2.39922, 6.62561 ], [ 2.39867, 6.62561 ], [ 2.39885, 6.62625 ], [ 2.3984, 6.62579 ], [ 2.39786, 6.62588 ], [ 2.39831, 6.62625 ], [ 2.39822, 6.62688 ], [ 2.39867, 6.62697 ], [ 2.39849, 6.62724 ], [ 2.39813, 6.62697 ], [ 2.39804, 6.62805 ], [ 2.3984, 6.62824 ] ] ], [ [ [ 2.41116, 6.62988 ], [ 2.41143, 6.6287 ], [ 2.41197, 6.62798 ], [ 2.41224, 6.62662 ], [ 2.41152, 6.62726 ], [ 2.41143, 6.62798 ], [ 2.4107, 6.62816 ], [ 2.4107, 6.62961 ], [ 2.41116, 6.62988 ] ] ], [ [ [ 2.39821, 6.63511 ], [ 2.39839, 6.63339 ], [ 2.39894, 6.63258 ], [ 2.3993, 6.63258 ], [ 2.39903, 6.63222 ], [ 2.39803, 6.63249 ], [ 2.39821, 6.63321 ], [ 2.39776, 6.63321 ], [ 2.39749, 6.63384 ], [ 2.39821, 6.63511 ] ] ], [ [ [ 2.40725, 6.641 ], [ 2.40897, 6.63883 ], [ 2.40997, 6.63847 ], [ 2.40952, 6.63703 ], [ 2.40897, 6.63712 ], [ 2.40915, 6.6382 ], [ 2.40725, 6.641 ] ] ], [ [ [ 2.41205, 6.64092 ], [ 2.41313, 6.64002 ], [ 2.41313, 6.63965 ], [ 2.41223, 6.63848 ], [ 2.41241, 6.63974 ], [ 2.41178, 6.63965 ], [ 2.41078, 6.64056 ], [ 2.41159, 6.64047 ], [ 2.41205, 6.64092 ] ] ], [ [ [ 2.41322, 6.64372 ], [ 2.41422, 6.64246 ], [ 2.41386, 6.64155 ], [ 2.41512, 6.6421 ], [ 2.41576, 6.64174 ], [ 2.41648, 6.64183 ], [ 2.41666, 6.64138 ], [ 2.41612, 6.64156 ], [ 2.41594, 6.64128 ], [ 2.4172, 6.64038 ], [ 2.41721, 6.63821 ], [ 2.41666, 6.63821 ], [ 2.41676, 6.6374 ], [ 2.41585, 6.63794 ], [ 2.41513, 6.63685 ], [ 2.4144, 6.63721 ], [ 2.41449, 6.63649 ], [ 2.41323, 6.63703 ], [ 2.41323, 6.63739 ], [ 2.41449, 6.63794 ], [ 2.41458, 6.63911 ], [ 2.41513, 6.63884 ], [ 2.41549, 6.63938 ], [ 2.41603, 6.63948 ], [ 2.41594, 6.63884 ], [ 2.41648, 6.63884 ], [ 2.41666, 6.63921 ], [ 2.41603, 6.64029 ], [ 2.41531, 6.63957 ], [ 2.41413, 6.63993 ], [ 2.41422, 6.63938 ], [ 2.41386, 6.63947 ], [ 2.41404, 6.64038 ], [ 2.41467, 6.6411 ], [ 2.41377, 6.64074 ], [ 2.41367, 6.64128 ], [ 2.41295, 6.64128 ], [ 2.41277, 6.64363 ], [ 2.41322, 6.64372 ] ] ], [ [ [ 2.4124, 6.64897 ], [ 2.41168, 6.64797 ], [ 2.40987, 6.6468 ], [ 2.41014, 6.64752 ], [ 2.41186, 6.64897 ], [ 2.41195, 6.64978 ], [ 2.41249, 6.64969 ], [ 2.4124, 6.64897 ] ] ], [ [ [ 2.39674, 6.65094 ], [ 2.39711, 6.64968 ], [ 2.39756, 6.6495 ], [ 2.39684, 6.64913 ], [ 2.39647, 6.64986 ], [ 2.39584, 6.64986 ], [ 2.39584, 6.65067 ], [ 2.39548, 6.65085 ], [ 2.39674, 6.65094 ] ] ], [ [ [ 2.40271, 6.6524 ], [ 2.40317, 6.65167 ], [ 2.40299, 6.65068 ], [ 2.4019, 6.65059 ], [ 2.40145, 6.65104 ], [ 2.40199, 6.65176 ], [ 2.40172, 6.6524 ], [ 2.40208, 6.65267 ], [ 2.40271, 6.6524 ] ] ], [ [ [ 2.41212, 6.65449 ], [ 2.41248, 6.65322 ], [ 2.4133, 6.65196 ], [ 2.4133, 6.65114 ], [ 2.41366, 6.65105 ], [ 2.41366, 6.65042 ], [ 2.41303, 6.65078 ], [ 2.41258, 6.64997 ], [ 2.41222, 6.65024 ], [ 2.41231, 6.65159 ], [ 2.41176, 6.65187 ], [ 2.41212, 6.65241 ], [ 2.41267, 6.65241 ], [ 2.41194, 6.65386 ], [ 2.41212, 6.65449 ] ] ], [ [ [ 2.40886, 6.65819 ], [ 2.40732, 6.65738 ], [ 2.40732, 6.65684 ], [ 2.40796, 6.65638 ], [ 2.40931, 6.65675 ], [ 2.40986, 6.65621 ], [ 2.40986, 6.65566 ], [ 2.40895, 6.6562 ], [ 2.40742, 6.6553 ], [ 2.40696, 6.65611 ], [ 2.40569, 6.6562 ], [ 2.40406, 6.65719 ], [ 2.40244, 6.65692 ], [ 2.4018, 6.65629 ], [ 2.40036, 6.65601 ], [ 2.39909, 6.65628 ], [ 2.39746, 6.65601 ], [ 2.39818, 6.65655 ], [ 2.40144, 6.65656 ], [ 2.40126, 6.65701 ], [ 2.40198, 6.65764 ], [ 2.40216, 6.65846 ], [ 2.40289, 6.65783 ], [ 2.40415, 6.6581 ], [ 2.40452, 6.65765 ], [ 2.4056, 6.65783 ], [ 2.4056, 6.65837 ], [ 2.40705, 6.65756 ], [ 2.40868, 6.65874 ], [ 2.40904, 6.65865 ], [ 2.40886, 6.65819 ] ] ], [ [ [ 2.41076, 6.65973 ], [ 2.41031, 6.65901 ], [ 2.41067, 6.65811 ], [ 2.41013, 6.65829 ], [ 2.40985, 6.65792 ], [ 2.40958, 6.65829 ], [ 2.40994, 6.65856 ], [ 2.40741, 6.66045 ], [ 2.40813, 6.66036 ], [ 2.40868, 6.66082 ], [ 2.40886, 6.66018 ], [ 2.41031, 6.65973 ], [ 2.41076, 6.66019 ], [ 2.41067, 6.661 ], [ 2.41112, 6.66136 ], [ 2.41076, 6.65973 ] ] ], [ [ [ 2.39827, 6.66117 ], [ 2.39827, 6.66081 ], [ 2.3989, 6.66072 ], [ 2.39863, 6.65999 ], [ 2.39909, 6.65945 ], [ 2.39809, 6.65927 ], [ 2.39791, 6.65881 ], [ 2.3971, 6.65899 ], [ 2.39692, 6.65845 ], [ 2.39547, 6.65917 ], [ 2.39538, 6.65981 ], [ 2.3961, 6.66017 ], [ 2.39637, 6.65945 ], [ 2.39728, 6.65909 ], [ 2.39718, 6.6599 ], [ 2.39764, 6.66008 ], [ 2.39709, 6.66044 ], [ 2.39709, 6.66126 ], [ 2.39827, 6.66117 ] ] ], [ [ [ 2.40677, 6.66344 ], [ 2.40795, 6.66245 ], [ 2.40795, 6.6619 ], [ 2.40831, 6.66208 ], [ 2.40786, 6.66073 ], [ 2.40759, 6.66073 ], [ 2.40786, 6.66136 ], [ 2.4065, 6.66272 ], [ 2.40569, 6.66299 ], [ 2.40677, 6.66344 ] ] ], [ [ [ 2.40467, 6.68026 ], [ 2.4054, 6.679 ], [ 2.40531, 6.67818 ], [ 2.40485, 6.67746 ], [ 2.40413, 6.67737 ], [ 2.40341, 6.678 ], [ 2.40431, 6.67864 ], [ 2.40413, 6.6799 ], [ 2.4035, 6.67954 ], [ 2.40304, 6.68017 ], [ 2.40349, 6.68053 ], [ 2.40467, 6.68026 ] ] ], [ [ [ 2.4109, 6.69556 ], [ 2.41198, 6.69493 ], [ 2.41198, 6.69366 ], [ 2.41144, 6.69348 ], [ 2.41117, 6.69258 ], [ 2.41117, 6.69321 ], [ 2.41072, 6.69366 ], [ 2.4109, 6.69556 ] ] ] ] } },
{ "type": "Feature", "properties": { "classe": 5, "nom": "Eau libre", "superficie_ha": 2285.6, "pourcentage": 4.63 }, "geometry": { "type": "MultiPolygon", "coordinates": [ [ [ [ 2.28722, 6.35759 ], [ 2.28786, 6.35696 ], [ 2.28912, 6.35714 ], [ 2.28921, 6.35687 ], [ 2.28795, 6.35659 ], [ 2.2875, 6.35596 ], [ 2.28732, 6.35623 ], [ 2.28686, 6.35596 ], [ 2.28713, 6.3565 ], [ 2.28695, 6.35714 ], [ 2.28551, 6.35695 ], [ 2.28551, 6.35759 ], [ 2.28722, 6.35759 ] ] ], [ [ [ 2.29334, 6.37859 ], [ 2.29551, 6.37823 ], [ 2.29452, 6.37714 ], [ 2.29552, 6.3766 ], [ 2.29669, 6.37633 ], [ 2.29705, 6.37687 ], [ 2.29733, 6.37642 ], [ 2.29696, 6.37633 ], [ 2.29778, 6.37615 ], [ 2.29742, 6.37696 ], [ 2.29787, 6.37705 ], [ 2.29841, 6.37651 ], [ 2.2995, 6.37624 ], [ 2.30158, 6.37597 ], [ 2.30266, 6.37625 ], [ 2.30302, 6.37589 ], [ 2.30266, 6.37516 ], [ 2.30203, 6.37489 ], [ 2.3023, 6.37435 ], [ 2.30158, 6.37425 ], [ 2.3014, 6.3738 ], [ 2.30031, 6.3738 ], [ 2.29968, 6.3728 ], [ 2.29833, 6.37262 ], [ 2.29833, 6.37226 ], [ 2.29959, 6.37109 ], [ 2.29914, 6.37054 ], [ 2.29905, 6.36846 ], [ 2.29833, 6.36719 ], [ 2.2977, 6.36692 ], [ 2.29869, 6.3671 ], [ 2.29906, 6.36665 ], [ 2.29987, 6.36674 ], [ 2.29987, 6.36566 ], [ 2.29942, 6.36511 ], [ 2.30096, 6.36557 ], [ 2.30078, 6.3662 ], [ 2.30105, 6.36638 ], [ 2.30132, 6.36611 ], [ 2.30114, 6.36566 ], [ 2.3024, 6.36575 ], [ 2.30276, 6.36684 ], [ 2.30439, 6.36557 ], [ 2.30421, 6.36503 ], [ 2.30476, 6.3644 ], [ 2.30376, 6.36322 ], [ 2.30412, 6.36413 ], [ 2.30286, 6.3634 ], [ 2.30277, 6.36268 ], [ 2.30341, 6.36114 ], [ 2.30241, 6.36087 ], [ 2.30232, 6.36032 ], [ 2.30096, 6.36059 ], [ 2.30097, 6.35987 ], [ 2.29997, 6.35978 ], [ 2.29626, 6.36032 ], [ 2.29563, 6.36004 ], [ 2.29445, 6.36095 ], [ 2.29264, 6.36149 ], [ 2.2912, 6.36076 ], [ 2.28975, 6.36121 ], [ 2.28867, 6.36067 ], [ 2.28722, 6.36057 ], [ 2.28505, 6.36157 ], [ 2.28505, 6.36193 ], [ 2.28586, 6.36157 ], [ 2.28695, 6.36184 ], [ 2.28704, 6.36112 ], [ 2.28776, 6.36094 ], [ 2.28776, 6.36139 ], [ 2.28722, 6.36175 ], [ 2.28776, 6.36238 ], [ 2.28767, 6.36392 ], [ 2.28649, 6.36401 ], [ 2.2864, 6.36274 ], [ 2.2855, 6.36247 ], [ 2.28559, 6.36311 ], [ 2.28604, 6.3632 ], [ 2.28595, 6.36428 ], [ 2.28559, 6.36464 ], [ 2.28694, 6.36573 ], [ 2.2892, 6.36673 ], [ 2.28965, 6.36628 ], [ 2.29137, 6.36655 ], [ 2.29164, 6.36583 ], [ 2.29219, 6.36574 ], [ 2.29291, 6.36637 ], [ 2.29481, 6.36701 ], [ 2.29481, 6.36728 ], [ 2.29571, 6.36728 ], [ 2.29508, 6.36855 ], [ 2.2958, 6.368 ], [ 2.29571, 6.36891 ], [ 2.29607, 6.36972 ], [ 2.29471, 6.37108 ], [ 2.2948, 6.37153 ], [ 2.29444, 6.37189 ], [ 2.29381, 6.37189 ], [ 2.29398, 6.37379 ], [ 2.29262, 6.37632 ], [ 2.29253, 6.37732 ], [ 2.29298, 6.37777 ], [ 2.2928, 6.37831 ], [ 2.29334, 6.37859 ] ] ], [ [ [ 2.29621, 6.39705 ], [ 2.29721, 6.3965 ], [ 2.29757, 6.39687 ], [ 2.29766, 6.39415 ], [ 2.29712, 6.39361 ], [ 2.2973, 6.39433 ], [ 2.29694, 6.39397 ], [ 2.29622, 6.39397 ], [ 2.29604, 6.39297 ], [ 2.29549, 6.39334 ], [ 2.29396, 6.39342 ], [ 2.29368, 6.39442 ], [ 2.29486, 6.39514 ], [ 2.29459, 6.39614 ], [ 2.29558, 6.39623 ], [ 2.29567, 6.39677 ], [ 2.29621, 6.39677 ], [ 2.29621, 6.39705 ] ] ], [ [ [ 2.28382, 6.39793 ], [ 2.28473, 6.39766 ], [ 2.28455, 6.39721 ], [ 2.284, 6.39712 ], [ 2.28292, 6.39594 ], [ 2.28301, 6.39513 ], [ 2.28247, 6.39504 ], [ 2.28202, 6.3954 ], [ 2.28193, 6.39485 ], [ 2.28138, 6.39467 ], [ 2.28184, 6.39594 ], [ 2.28238, 6.39612 ], [ 2.28202, 6.39639 ], [ 2.28265, 6.39676 ], [ 2.28319, 6.39648 ], [ 2.28328, 6.39748 ], [ 2.28382, 6.39793 ] ] ], [ [ [ 2.2292, 6.40003 ], [ 2.23064, 6.39948 ], [ 2.23273, 6.39786 ], [ 2.23273, 6.39849 ], [ 2.23372, 6.39849 ], [ 2.23372, 6.39804 ], [ 2.23327, 6.39822 ], [ 2.23327, 6.39795 ], [ 2.23372, 6.39741 ], [ 2.23391, 6.39623 ], [ 2.23436, 6.39623 ], [ 2.23472, 6.39551 ], [ 2.2359, 6.39551 ], [ 2.23716, 6.39488 ], [ 2.23843, 6.39506 ], [ 2.23888, 6.39552 ], [ 2.23924, 6.39525 ], [ 2.24069, 6.39543 ], [ 2.24132, 6.39597 ], [ 2.24521, 6.39724 ], [ 2.24702, 6.39734 ], [ 2.24855, 6.39671 ], [ 2.24964, 6.39671 ], [ 2.25, 6.39635 ], [ 2.25045, 6.39653 ], [ 2.25136, 6.39572 ], [ 2.25263, 6.39599 ], [ 2.25462, 6.39581 ], [ 2.25552, 6.39636 ], [ 2.25715, 6.39591 ], [ 2.25679, 6.39554 ], [ 2.2548, 6.39554 ], [ 2.25471, 6.39518 ], [ 2.25127, 6.39526 ], [ 2.25118, 6.39553 ], [ 2.25, 6.39553 ], [ 2.24883, 6.39607 ], [ 2.24485, 6.39634 ], [ 2.24476, 6.39607 ], [ 2.24286, 6.39588 ], [ 2.24277, 6.39552 ], [ 2.2396, 6.3947 ], [ 2.23951, 6.39443 ], [ 2.23689, 6.39416 ], [ 2.23354, 6.39551 ], [ 2.23345, 6.39587 ], [ 2.23219, 6.39632 ], [ 2.23101, 6.3975 ], [ 2.22875, 6.39794 ], [ 2.22585, 6.39794 ], [ 2.22522, 6.3983 ], [ 2.22612, 6.39884 ], [ 2.2282, 6.39876 ], [ 2.22829, 6.39966 ], [ 2.2292, 6.40003 ] ] ], [ [ [ 2.21988, 6.40336 ], [ 2.21934, 6.40155 ], [ 2.22051, 6.40146 ], [ 2.22024, 6.40101 ], [ 2.22052, 6.40037 ], [ 2.21988, 6.39974 ], [ 2.2197, 6.40046 ], [ 2.21934, 6.40055 ], [ 2.21835, 6.39974 ], [ 2.21943, 6.39965 ], [ 2.2188, 6.39947 ], [ 2.21925, 6.39856 ], [ 2.21952, 6.39883 ], [ 2.21988, 6.39865 ], [ 2.22006, 6.39929 ], [ 2.22115, 6.39893 ], [ 2.22115, 6.39802 ], [ 2.22061, 6.39748 ], [ 2.22007, 6.39748 ], [ 2.22052, 6.39703 ], [ 2.22043, 6.39667 ], [ 2.21934, 6.39684 ], [ 2.21799, 6.39802 ], [ 2.21771, 6.39892 ], [ 2.21636, 6.3991 ], [ 2.2159, 6.39964 ], [ 2.21662, 6.40218 ], [ 2.21726, 6.40164 ], [ 2.21843, 6.40272 ], [ 2.21906, 6.40254 ], [ 2.21942, 6.40399 ], [ 2.21988, 6.40336 ] ] ], [ [ [ 2.28641, 6.42137 ], [ 2.28587, 6.42064 ], [ 2.28659, 6.41983 ], [ 2.28669, 6.41875 ], [ 2.28578, 6.41911 ], [ 2.28524, 6.41802 ], [ 2.28352, 6.41711 ], [ 2.28361, 6.41766 ], [ 2.28443, 6.41793 ], [ 2.28425, 6.41829 ], [ 2.28379, 6.41793 ], [ 2.28352, 6.4182 ], [ 2.28416, 6.41838 ], [ 2.28415, 6.41919 ], [ 2.28379, 6.41937 ], [ 2.28415, 6.42037 ], [ 2.28379, 6.42055 ], [ 2.28379, 6.42118 ], [ 2.28451, 6.42064 ], [ 2.2846, 6.4201 ], [ 2.28524, 6.42001 ], [ 2.28506, 6.42082 ], [ 2.28569, 6.42173 ], [ 2.28623, 6.42173 ], [ 2.28641, 6.42137 ] ] ], [ [ [ 2.30797, 6.46139 ], [ 2.30816, 6.46012 ], [ 2.30798, 6.45894 ], [ 2.30707, 6.45758 ], [ 2.30744, 6.45713 ], [ 2.30689, 6.45559 ], [ 2.30699, 6.45487 ], [ 2.30554, 6.45514 ], [ 2.30518, 6.45469 ], [ 2.30599, 6.45369 ], [ 2.30654, 6.45387 ], [ 2.30654, 6.45333 ], [ 2.30581, 6.45243 ], [ 2.30572, 6.4517 ], [ 2.30428, 6.45025 ], [ 2.30455, 6.44971 ], [ 2.30176, 6.44337 ], [ 2.30112, 6.44265 ], [ 2.30094, 6.44301 ], [ 2.30058, 6.44292 ], [ 2.30094, 6.44238 ], [ 2.30049, 6.4422 ], [ 2.30022, 6.44075 ], [ 2.29995, 6.44102 ], [ 2.29923, 6.44075 ], [ 2.29977, 6.44002 ], [ 2.29806, 6.43812 ], [ 2.2977, 6.43676 ], [ 2.29697, 6.43667 ], [ 2.29679, 6.43568 ], [ 2.29481, 6.4335 ], [ 2.29363, 6.43142 ], [ 2.29318, 6.42916 ], [ 2.29273, 6.42898 ], [ 2.29255, 6.43006 ], [ 2.29164, 6.43042 ], [ 2.29192, 6.42934 ], [ 2.29147, 6.42879 ], [ 2.2921, 6.42889 ], [ 2.29246, 6.42852 ], [ 2.29219, 6.42789 ], [ 2.29183, 6.42807 ], [ 2.29129, 6.42771 ], [ 2.29174, 6.42717 ], [ 2.29111, 6.42662 ], [ 2.2912, 6.42608 ], [ 2.28948, 6.42481 ], [ 2.28975, 6.42418 ], [ 2.28876, 6.42472 ], [ 2.28921, 6.42391 ], [ 2.28912, 6.42309 ], [ 2.28958, 6.42291 ], [ 2.28949, 6.42182 ], [ 2.28912, 6.42164 ], [ 2.28958, 6.42074 ], [ 2.28904, 6.41857 ], [ 2.28904, 6.41766 ], [ 2.28949, 6.41757 ], [ 2.28886, 6.41658 ], [ 2.28913, 6.41594 ], [ 2.28814, 6.41486 ], [ 2.28705, 6.41431 ], [ 2.28588, 6.41124 ], [ 2.28534, 6.41033 ], [ 2.2848, 6.41042 ], [ 2.2848, 6.4097 ], [ 2.28426, 6.40979 ], [ 2.28399, 6.40879 ], [ 2.28344, 6.40897 ], [ 2.28308, 6.40852 ], [ 2.28272, 6.40861 ], [ 2.282, 6.40752 ], [ 2.28137, 6.40752 ], [ 2.28064, 6.40869 ], [ 2.28037, 6.4086 ], [ 2.28046, 6.4077 ], [ 2.28128, 6.40743 ], [ 2.2811, 6.4068 ], [ 2.28146, 6.40625 ], [ 2.28046, 6.4067 ], [ 2.28019, 6.40607 ], [ 2.28074, 6.40598 ], [ 2.28092, 6.40544 ], [ 2.28019, 6.40544 ], [ 2.28001, 6.40598 ], [ 2.27947, 6.40562 ], [ 2.27956, 6.40426 ], [ 2.28047, 6.40444 ], [ 2.28056, 6.40417 ], [ 2.28002, 6.40345 ], [ 2.27965, 6.40354 ], [ 2.2792, 6.40218 ], [ 2.27948, 6.402 ], [ 2.27947, 6.40236 ], [ 2.27984, 6.40236 ], [ 2.2802, 6.40164 ], [ 2.27993, 6.40137 ], [ 2.27848, 6.40173 ], [ 2.27875, 6.40127 ], [ 2.27794, 6.4001 ], [ 2.27767, 6.4001 ], [ 2.27921, 6.39937 ], [ 2.2803, 6.39784 ], [ 2.27957, 6.39702 ], [ 2.27966, 6.39666 ], [ 2.27876, 6.39648 ], [ 2.27885, 6.39612 ], [ 2.27975, 6.39648 ], [ 2.28039, 6.39576 ], [ 2.27949, 6.39476 ], [ 2.27912, 6.39476 ], [ 2.27912, 6.39512 ], [ 2.27867, 6.39494 ], [ 2.27894, 6.39413 ], [ 2.27795, 6.39413 ], [ 2.27822, 6.39322 ], [ 2.27768, 6.39313 ], [ 2.27768, 6.3925 ], [ 2.27732, 6.39241 ], [ 2.27677, 6.3934 ], [ 2.2775, 6.3934 ], [ 2.27777, 6.39376 ], [ 2.27723, 6.39421 ], [ 2.27632, 6.39394 ], [ 2.27614, 6.39448 ], [ 2.27569, 6.39457 ], [ 2.27469, 6.39403 ], [ 2.27415, 6.39448 ], [ 2.27442, 6.39493 ], [ 2.27587, 6.39512 ], [ 2.2756, 6.39557 ], [ 2.27578, 6.39611 ], [ 2.2755, 6.39593 ], [ 2.27523, 6.39647 ], [ 2.27587, 6.39647 ], [ 2.27596, 6.39575 ], [ 2.27641, 6.39611 ], [ 2.27623, 6.39657 ], [ 2.27596, 6.39638 ], [ 2.27586, 6.39738 ], [ 2.27514, 6.39693 ], [ 2.27478, 6.39774 ], [ 2.27424, 6.39783 ], [ 2.27478, 6.39873 ], [ 2.27432, 6.40018 ], [ 2.27468, 6.40082 ], [ 2.27423, 6.401 ], [ 2.27459, 6.40199 ], [ 2.27333, 6.40235 ], [ 2.27188, 6.40416 ], [ 2.27061, 6.40443 ], [ 2.27034, 6.40569 ], [ 2.26997, 6.40597 ], [ 2.27024, 6.40651 ], [ 2.26988, 6.40624 ], [ 2.26943, 6.40687 ], [ 2.26925, 6.40786 ], [ 2.26988, 6.40741 ], [ 2.27006, 6.4075 ], [ 2.26898, 6.40868 ], [ 2.26934, 6.40922 ], [ 2.26934, 6.41022 ], [ 2.26879, 6.41067 ], [ 2.26915, 6.41221 ], [ 2.2687, 6.41338 ], [ 2.26815, 6.41383 ], [ 2.26815, 6.41483 ], [ 2.26688, 6.41655 ], [ 2.26706, 6.41691 ], [ 2.26661, 6.41691 ], [ 2.26589, 6.41799 ], [ 2.26589, 6.41953 ], [ 2.26543, 6.4198 ], [ 2.26552, 6.42071 ], [ 2.26597, 6.42116 ], [ 2.26625, 6.4208 ], [ 2.2667, 6.42089 ], [ 2.26679, 6.42152 ], [ 2.26715, 6.4217 ], [ 2.26615, 6.42143 ], [ 2.26579, 6.42188 ], [ 2.26615, 6.42243 ], [ 2.26606, 6.42414 ], [ 2.26488, 6.42532 ], [ 2.26443, 6.42514 ], [ 2.26398, 6.4255 ], [ 2.26389, 6.42613 ], [ 2.26343, 6.42604 ], [ 2.2637, 6.42667 ], [ 2.26334, 6.4274 ], [ 2.26352, 6.42731 ], [ 2.26379, 6.4274 ], [ 2.26325, 6.42785 ], [ 2.26551, 6.4293 ], [ 2.26678, 6.4284 ], [ 2.26669, 6.42776 ], [ 2.26741, 6.42749 ], [ 2.26787, 6.42641 ], [ 2.26787, 6.42496 ], [ 2.26868, 6.42297 ], [ 2.26832, 6.4218 ], [ 2.26905, 6.42062 ], [ 2.26905, 6.41999 ], [ 2.26932, 6.42026 ], [ 2.26923, 6.41935 ], [ 2.2705, 6.41818 ], [ 2.2714, 6.418 ], [ 2.27159, 6.41728 ], [ 2.27132, 6.41682 ], [ 2.27195, 6.4161 ], [ 2.27168, 6.41538 ], [ 2.27195, 6.41511 ], [ 2.27204, 6.41565 ], [ 2.2724, 6.41556 ], [ 2.27286, 6.41411 ], [ 2.2725, 6.41384 ], [ 2.27322, 6.41294 ], [ 2.27286, 6.41239 ], [ 2.27376, 6.41158 ], [ 2.27331, 6.41122 ], [ 2.27359, 6.40977 ], [ 2.27549, 6.40977 ], [ 2.27567, 6.40887 ], [ 2.27458, 6.40887 ], [ 2.27467, 6.40841 ], [ 2.2754, 6.40814 ], [ 2.27576, 6.40724 ], [ 2.27703, 6.40788 ], [ 2.27703, 6.40724 ], [ 2.27784, 6.4067 ], [ 2.27811, 6.40562 ], [ 2.27848, 6.40562 ], [ 2.27838, 6.40616 ], [ 2.27893, 6.40688 ], [ 2.27938, 6.40652 ], [ 2.27929, 6.40598 ], [ 2.27956, 6.40607 ], [ 2.27965, 6.40734 ], [ 2.27902, 6.40743 ], [ 2.27892, 6.40779 ], [ 2.2791, 6.40896 ], [ 2.27874, 6.40905 ], [ 2.27865, 6.40851 ], [ 2.27847, 6.40878 ], [ 2.27775, 6.40824 ], [ 2.27711, 6.40996 ], [ 2.27793, 6.4105 ], [ 2.2782, 6.40969 ], [ 2.27919, 6.40996 ], [ 2.28001, 6.40915 ], [ 2.28136, 6.40897 ], [ 2.282, 6.40924 ], [ 2.28245, 6.41051 ], [ 2.28181, 6.41087 ], [ 2.28172, 6.41168 ], [ 2.28254, 6.41259 ], [ 2.28181, 6.41304 ], [ 2.28226, 6.41394 ], [ 2.28172, 6.41431 ], [ 2.28244, 6.4153 ], [ 2.28235, 6.41584 ], [ 2.28289, 6.41521 ], [ 2.28307, 6.41648 ], [ 2.28371, 6.41639 ], [ 2.28479, 6.41702 ], [ 2.28579, 6.41684 ], [ 2.28551, 6.41748 ], [ 2.28669, 6.41748 ], [ 2.28705, 6.41784 ], [ 2.28705, 6.4182 ], [ 2.28669, 6.41793 ], [ 2.28678, 6.41847 ], [ 2.28741, 6.41847 ], [ 2.28777, 6.41793 ], [ 2.28832, 6.4182 ], [ 2.28804, 6.41902 ], [ 2.28831, 6.41902 ], [ 2.28858, 6.42047 ], [ 2.28777, 6.42101 ], [ 2.28813, 6.42173 ], [ 2.28759, 6.42164 ], [ 2.2875, 6.4211 ], [ 2.28714, 6.4211 ], [ 2.28704, 6.42209 ], [ 2.28596, 6.42254 ], [ 2.28569, 6.42318 ], [ 2.28614, 6.4239 ], [ 2.28596, 6.42426 ], [ 2.28532, 6.42354 ], [ 2.28478, 6.42381 ], [ 2.28478, 6.42299 ], [ 2.28442, 6.42336 ], [ 2.28442, 6.42408 ], [ 2.28505, 6.4239 ], [ 2.28523, 6.42426 ], [ 2.28496, 6.42508 ], [ 2.2855, 6.42508 ], [ 2.28559, 6.42571 ], [ 2.28505, 6.42598 ], [ 2.28523, 6.42661 ], [ 2.28613, 6.42607 ], [ 2.28677, 6.42707 ], [ 2.28758, 6.42725 ], [ 2.28622, 6.42833 ], [ 2.28649, 6.4296 ], [ 2.28685, 6.4296 ], [ 2.28721, 6.43024 ], [ 2.28776, 6.43015 ], [ 2.28785, 6.42951 ], [ 2.28966, 6.42979 ], [ 2.28929, 6.43042 ], [ 2.28956, 6.43096 ], [ 2.28821, 6.43096 ], [ 2.28794, 6.43159 ], [ 2.28866, 6.43232 ], [ 2.28911, 6.43223 ], [ 2.2892, 6.43277 ], [ 2.2901, 6.43241 ], [ 2.29019, 6.43304 ], [ 2.29137, 6.43359 ], [ 2.29101, 6.43422 ], [ 2.29128, 6.43495 ], [ 2.29082, 6.43585 ], [ 2.29209, 6.43667 ], [ 2.292, 6.43712 ], [ 2.29245, 6.43766 ], [ 2.29426, 6.43875 ], [ 2.29435, 6.43938 ], [ 2.29543, 6.43993 ], [ 2.29552, 6.43857 ], [ 2.29697, 6.43893 ], [ 2.29652, 6.43957 ], [ 2.2967, 6.44038 ], [ 2.29606, 6.4411 ], [ 2.29687, 6.44201 ], [ 2.29678, 6.44255 ], [ 2.29769, 6.44382 ], [ 2.2985, 6.44418 ], [ 2.29823, 6.44473 ], [ 2.29904, 6.4459 ], [ 2.29985, 6.44618 ], [ 2.29958, 6.4469 ], [ 2.29994, 6.4478 ], [ 2.30066, 6.44817 ], [ 2.3012, 6.45061 ], [ 2.30238, 6.45115 ], [ 2.30202, 6.4517 ], [ 2.30238, 6.45233 ], [ 2.30292, 6.45251 ], [ 2.3031, 6.45324 ], [ 2.30391, 6.45324 ], [ 2.304, 6.45459 ], [ 2.30499, 6.45604 ], [ 2.30544, 6.4593 ], [ 2.3058, 6.46012 ], [ 2.30626, 6.4603 ], [ 2.30625, 6.46138 ], [ 2.3068, 6.46175 ], [ 2.30797, 6.46139 ] ], [ [ 2.29417, 6.43803 ], [ 2.2939, 6.43585 ], [ 2.2929, 6.43522 ], [ 2.29327, 6.43395 ], [ 2.29426, 6.43414 ], [ 2.29498, 6.43549 ], [ 2.29525, 6.4373 ], [ 2.29489, 6.43803 ], [ 2.29417, 6.43803 ] ], [ [ 2.28776, 6.42427 ], [ 2.28813, 6.42327 ], [ 2.28786, 6.42318 ], [ 2.28731, 6.4239 ], [ 2.28713, 6.42282 ], [ 2.28831, 6.42291 ], [ 2.2884, 6.42228 ], [ 2.28876, 6.42228 ], [ 2.28867, 6.42345 ], [ 2.28822, 6.42408 ], [ 2.2884, 6.42454 ], [ 2.28776, 6.42427 ] ], [ [ 2.27722, 6.401 ], [ 2.27731, 6.40055 ], [ 2.27695, 6.40055 ], [ 2.27677, 6.4 ], [ 2.27595, 6.40027 ], [ 2.27649, 6.40082 ], [ 2.27595, 6.401 ], [ 2.27568, 6.39955 ], [ 2.27758, 6.39991 ], [ 2.27776, 6.401 ], [ 2.27694, 6.40136 ], [ 2.27685, 6.40082 ], [ 2.27722, 6.401 ] ] ], [ [ [ 2.25671, 6.44847 ], [ 2.25671, 6.44765 ], [ 2.25725, 6.44792 ], [ 2.25789, 6.44738 ], [ 2.25789, 6.44684 ], [ 2.25852, 6.44657 ], [ 2.26006, 6.44386 ], [ 2.25997, 6.44331 ], [ 2.26115, 6.44196 ], [ 2.26188, 6.43943 ], [ 2.26143, 6.43762 ], [ 2.26206, 6.43762 ], [ 2.26251, 6.43699 ], [ 2.26315, 6.43545 ], [ 2.26297, 6.435 ], [ 2.26333, 6.43472 ], [ 2.26324, 6.43337 ], [ 2.26379, 6.43264 ], [ 2.26424, 6.43265 ], [ 2.26469, 6.43147 ], [ 2.26515, 6.42948 ], [ 2.26334, 6.42848 ], [ 2.26262, 6.42884 ], [ 2.26207, 6.42866 ], [ 2.26171, 6.42902 ], [ 2.2618, 6.42984 ], [ 2.26135, 6.4302 ], [ 2.26126, 6.43101 ], [ 2.26216, 6.43119 ], [ 2.26225, 6.43174 ], [ 2.26189, 6.4321 ], [ 2.26243, 6.43282 ], [ 2.26134, 6.43255 ], [ 2.26126, 6.43156 ], [ 2.26035, 6.43183 ], [ 2.26071, 6.43364 ], [ 2.25999, 6.43382 ], [ 2.25989, 6.43572 ], [ 2.25926, 6.4368 ], [ 2.25917, 6.43861 ], [ 2.2588, 6.43897 ], [ 2.25844, 6.44096 ], [ 2.2578, 6.44168 ], [ 2.25662, 6.44494 ], [ 2.25608, 6.44512 ], [ 2.25635, 6.44575 ], [ 2.25572, 6.44666 ], [ 2.25581, 6.4472 ], [ 2.25535, 6.4472 ], [ 2.25608, 6.44865 ], [ 2.25671, 6.44847 ] ] ], [ [ [ 2.21787, 6.47627 ], [ 2.21913, 6.47546 ], [ 2.21923, 6.47446 ], [ 2.22068, 6.47293 ], [ 2.22059, 6.47239 ], [ 2.22104, 6.47239 ], [ 2.22068, 6.47157 ], [ 2.22113, 6.47139 ], [ 2.22095, 6.47094 ], [ 2.22167, 6.47085 ], [ 2.22104, 6.47022 ], [ 2.22222, 6.46922 ], [ 2.22222, 6.4685 ], [ 2.22285, 6.46841 ], [ 2.22295, 6.46705 ], [ 2.22349, 6.46678 ], [ 2.22358, 6.46542 ], [ 2.22304, 6.46551 ], [ 2.22295, 6.46515 ], [ 2.22358, 6.46371 ], [ 2.2234, 6.46289 ], [ 2.22395, 6.4628 ], [ 2.22395, 6.46244 ], [ 2.22295, 6.46135 ], [ 2.22359, 6.46117 ], [ 2.22332, 6.46054 ], [ 2.22431, 6.46036 ], [ 2.22413, 6.45982 ], [ 2.22459, 6.45937 ], [ 2.22423, 6.45765 ], [ 2.22468, 6.45747 ], [ 2.22468, 6.45674 ], [ 2.22441, 6.45665 ], [ 2.22477, 6.45665 ], [ 2.22486, 6.45611 ], [ 2.22477, 6.45403 ], [ 2.22441, 6.45376 ], [ 2.22478, 6.45267 ], [ 2.22442, 6.45222 ], [ 2.22514, 6.45086 ], [ 2.22451, 6.45059 ], [ 2.2246, 6.44851 ], [ 2.22415, 6.44778 ], [ 2.22506, 6.44724 ], [ 2.22542, 6.44761 ], [ 2.22533, 6.44833 ], [ 2.2256, 6.44842 ], [ 2.22578, 6.44788 ], [ 2.2256, 6.44679 ], [ 2.2246, 6.44715 ], [ 2.22461, 6.4457 ], [ 2.22515, 6.44552 ], [ 2.22479, 6.44489 ], [ 2.22515, 6.44408 ], [ 2.22515, 6.442 ], [ 2.22507, 6.44145 ], [ 2.22416, 6.44091 ], [ 2.22425, 6.4401 ], [ 2.2238, 6.43946 ], [ 2.22389, 6.4391 ], [ 2.22453, 6.4391 ], [ 2.22471, 6.43802 ], [ 2.22444, 6.4372 ], [ 2.22498, 6.43675 ], [ 2.22444, 6.43593 ], [ 2.22462, 6.43376 ], [ 2.22417, 6.43367 ], [ 2.22463, 6.43277 ], [ 2.2239, 6.43268 ], [ 2.2239, 6.43177 ], [ 2.22454, 6.43132 ], [ 2.22445, 6.4306 ], [ 2.22283, 6.42725 ], [ 2.22192, 6.42643 ], [ 2.22138, 6.42661 ], [ 2.22138, 6.42507 ], [ 2.22066, 6.42308 ], [ 2.21849, 6.42181 ], [ 2.21768, 6.42054 ], [ 2.21624, 6.41973 ], [ 2.21317, 6.41665 ], [ 2.21362, 6.41556 ], [ 2.21326, 6.41484 ], [ 2.21335, 6.41203 ], [ 2.21272, 6.41095 ], [ 2.21309, 6.40887 ], [ 2.21435, 6.4076 ], [ 2.21562, 6.40724 ], [ 2.21562, 6.40661 ], [ 2.21761, 6.40553 ], [ 2.21816, 6.40471 ], [ 2.21753, 6.40408 ], [ 2.21599, 6.40408 ], [ 2.21581, 6.40353 ], [ 2.21527, 6.40335 ], [ 2.215, 6.40181 ], [ 2.21445, 6.40199 ], [ 2.21274, 6.40118 ], [ 2.21102, 6.40325 ], [ 2.21156, 6.4038 ], [ 2.21101, 6.40443 ], [ 2.21083, 6.40642 ], [ 2.21128, 6.40642 ], [ 2.21137, 6.40678 ], [ 2.21056, 6.40705 ], [ 2.2102, 6.40642 ], [ 2.20965, 6.40624 ], [ 2.20963, 6.42008 ], [ 2.2109, 6.42126 ], [ 2.21189, 6.42153 ], [ 2.21198, 6.4237 ], [ 2.21261, 6.42388 ], [ 2.21243, 6.42425 ], [ 2.21577, 6.42669 ], [ 2.21713, 6.42887 ], [ 2.21857, 6.43014 ], [ 2.21938, 6.43176 ], [ 2.21938, 6.43294 ], [ 2.22019, 6.43557 ], [ 2.22191, 6.43765 ], [ 2.22272, 6.44 ], [ 2.22434, 6.44127 ], [ 2.22434, 6.44209 ], [ 2.2238, 6.44272 ], [ 2.22307, 6.44272 ], [ 2.22298, 6.44371 ], [ 2.22271, 6.4438 ], [ 2.22197, 6.45267 ], [ 2.22161, 6.45276 ], [ 2.22161, 6.45402 ], [ 2.22134, 6.45411 ], [ 2.22106, 6.45628 ], [ 2.22079, 6.45637 ], [ 2.22106, 6.45656 ], [ 2.22106, 6.45864 ], [ 2.22133, 6.459 ], [ 2.22087, 6.46732 ], [ 2.2205, 6.46741 ], [ 2.22023, 6.46913 ], [ 2.21987, 6.46922 ], [ 2.21969, 6.47021 ], [ 2.21905, 6.47094 ], [ 2.21778, 6.47437 ], [ 2.21715, 6.475 ], [ 2.21714, 6.47537 ], [ 2.21769, 6.47528 ], [ 2.21742, 6.47591 ], [ 2.21787, 6.47627 ] ] ], [ [ [ 2.25354, 6.45371 ], [ 2.25318, 6.4528 ], [ 2.25381, 6.45299 ], [ 2.25408, 6.45271 ], [ 2.25426, 6.4519 ], [ 2.25589, 6.45 ], [ 2.2558, 6.44892 ], [ 2.25508, 6.44901 ], [ 2.25481, 6.44855 ], [ 2.25408, 6.45 ], [ 2.25354, 6.45027 ], [ 2.2529, 6.45353 ], [ 2.25354, 6.45371 ] ] ], [ [ [ 2.2537, 6.46447 ], [ 2.25362, 6.46131 ], [ 2.25289, 6.46085 ], [ 2.2528, 6.46275 ], [ 2.25334, 6.46357 ], [ 2.25307, 6.4642 ], [ 2.2537, 6.46447 ] ] ], [ [ [ 2.25477, 6.4766 ], [ 2.25531, 6.47597 ], [ 2.25468, 6.47524 ], [ 2.25568, 6.47515 ], [ 2.25586, 6.47362 ], [ 2.25532, 6.47361 ], [ 2.25504, 6.47434 ], [ 2.25441, 6.47452 ], [ 2.25441, 6.47615 ], [ 2.25477, 6.4766 ] ] ], [ [ [ 2.21315, 6.4883 ], [ 2.2145, 6.48712 ], [ 2.21469, 6.48568 ], [ 2.21396, 6.48586 ], [ 2.21387, 6.48721 ], [ 2.21342, 6.48712 ], [ 2.21324, 6.48658 ], [ 2.2136, 6.48649 ], [ 2.21306, 6.48594 ], [ 2.2127, 6.48613 ], [ 2.21251, 6.48676 ], [ 2.21342, 6.48721 ], [ 2.21315, 6.4883 ] ] ], [ [ [ 2.26331, 6.50837 ], [ 2.26422, 6.50837 ], [ 2.26431, 6.50801 ], [ 2.26377, 6.50746 ], [ 2.2644, 6.50737 ], [ 2.26467, 6.50782 ], [ 2.26522, 6.50764 ], [ 2.26567, 6.50837 ], [ 2.26603, 6.50801 ], [ 2.26594, 6.5071 ], [ 2.26486, 6.50602 ], [ 2.26287, 6.50601 ], [ 2.26296, 6.50674 ], [ 2.26377, 6.50737 ], [ 2.26305, 6.50719 ], [ 2.26214, 6.50619 ], [ 2.26178, 6.50628 ], [ 2.26223, 6.50755 ], [ 2.26323, 6.50764 ], [ 2.26331, 6.50837 ] ] ], [ [ [ 2.33037, 6.34661 ], [ 2.30542, 6.34441 ], [ 2.30515, 6.34413 ], [ 2.30261, 6.34413 ], [ 2.29846, 6.34349 ], [ 2.2924, 6.34339 ], [ 2.29249, 6.34475 ], [ 2.29303, 6.34493 ], [ 2.30062, 6.34539 ], [ 2.30713, 6.34631 ], [ 2.32169, 6.34669 ], [ 2.33055, 6.34788 ], [ 2.33037, 6.34661 ] ] ], [ [ [ 2.30179, 6.35209 ], [ 2.30197, 6.35082 ], [ 2.29899, 6.35109 ], [ 2.29971, 6.352 ], [ 2.30179, 6.35209 ] ] ], [ [ [ 2.31182, 6.35455 ], [ 2.3121, 6.35355 ], [ 2.31155, 6.35319 ], [ 2.30966, 6.3531 ], [ 2.30938, 6.35337 ], [ 2.31029, 6.35436 ], [ 2.3111, 6.35464 ], [ 2.31182, 6.35455 ] ] ], [ [ [ 2.31499, 6.35645 ], [ 2.31734, 6.35618 ], [ 2.31788, 6.35564 ], [ 2.31589, 6.35528 ], [ 2.3149, 6.356 ], [ 2.31499, 6.35645 ] ] ], [ [ [ 2.31271, 6.37074 ], [ 2.31271, 6.36938 ], [ 2.3118, 6.36911 ], [ 2.31126, 6.36766 ], [ 2.3119, 6.36721 ], [ 2.3156, 6.36785 ], [ 2.31687, 6.36731 ], [ 2.31768, 6.36749 ], [ 2.31814, 6.36677 ], [ 2.31805, 6.36478 ], [ 2.31769, 6.36405 ], [ 2.31678, 6.36387 ], [ 2.31697, 6.36324 ], [ 2.31633, 6.36279 ], [ 2.31633, 6.36233 ], [ 2.31534, 6.3626 ], [ 2.31471, 6.36197 ], [ 2.31362, 6.3626 ], [ 2.31281, 6.3626 ], [ 2.31209, 6.36206 ], [ 2.30991, 6.36205 ], [ 2.30974, 6.35988 ], [ 2.30919, 6.35952 ], [ 2.30901, 6.36051 ], [ 2.30802, 6.36078 ], [ 2.30774, 6.36214 ], [ 2.30585, 6.36205 ], [ 2.30548, 6.36232 ], [ 2.30503, 6.3634 ], [ 2.30503, 6.36476 ], [ 2.30458, 6.36512 ], [ 2.30457, 6.36621 ], [ 2.30494, 6.36639 ], [ 2.30539, 6.36567 ], [ 2.30611, 6.36639 ], [ 2.30602, 6.3672 ], [ 2.30665, 6.36711 ], [ 2.30764, 6.36893 ], [ 2.30963, 6.37047 ], [ 2.31126, 6.37056 ], [ 2.3118, 6.37092 ], [ 2.31271, 6.37074 ] ] ], [ [ [ 2.32329, 6.36967 ], [ 2.33215, 6.36841 ], [ 2.33369, 6.36787 ], [ 2.33613, 6.36779 ], [ 2.33677, 6.36715 ], [ 2.33568, 6.36697 ], [ 2.33523, 6.36507 ], [ 2.33559, 6.36417 ], [ 2.33424, 6.36326 ], [ 2.33306, 6.36371 ], [ 2.33134, 6.36317 ], [ 2.32854, 6.36334 ], [ 2.32791, 6.36271 ], [ 2.32682, 6.36325 ], [ 2.32565, 6.36325 ], [ 2.3252, 6.36262 ], [ 2.32456, 6.36289 ], [ 2.3242, 6.36252 ], [ 2.32384, 6.36261 ], [ 2.32393, 6.36298 ], [ 2.32086, 6.36306 ], [ 2.32013, 6.36795 ], [ 2.32067, 6.3684 ], [ 2.32275, 6.36813 ], [ 2.32329, 6.36967 ] ] ], [ [ [ 2.33112, 6.39863 ], [ 2.3313, 6.39764 ], [ 2.33085, 6.39736 ], [ 2.33094, 6.39673 ], [ 2.32995, 6.39601 ], [ 2.32859, 6.39591 ], [ 2.32814, 6.39646 ], [ 2.32768, 6.39609 ], [ 2.3266, 6.39618 ], [ 2.32606, 6.39636 ], [ 2.32615, 6.3969 ], [ 2.32551, 6.39745 ], [ 2.32551, 6.39772 ], [ 2.32624, 6.39772 ], [ 2.3266, 6.39835 ], [ 2.32687, 6.39754 ], [ 2.32642, 6.39745 ], [ 2.32633, 6.397 ], [ 2.32678, 6.39654 ], [ 2.32832, 6.39727 ], [ 2.32813, 6.39845 ], [ 2.3285, 6.39872 ], [ 2.33112, 6.39863 ] ] ], [ [ [ 2.31864, 6.39952 ], [ 2.3247, 6.3988 ], [ 2.32488, 6.39826 ], [ 2.32434, 6.39835 ], [ 2.32388, 6.39781 ], [ 2.32334, 6.39799 ], [ 2.3228, 6.39744 ], [ 2.32316, 6.39726 ], [ 2.32388, 6.39763 ], [ 2.32398, 6.39708 ], [ 2.3247, 6.39717 ], [ 2.32497, 6.39672 ], [ 2.32425, 6.39636 ], [ 2.32226, 6.3969 ], [ 2.32126, 6.39672 ], [ 2.32063, 6.39735 ], [ 2.32099, 6.39771 ], [ 2.32063, 6.39844 ], [ 2.32009, 6.39798 ], [ 2.31864, 6.39916 ], [ 2.31864, 6.39952 ] ] ], [ [ [ 2.3162, 6.39897 ], [ 2.31665, 6.39906 ], [ 2.31683, 6.39816 ], [ 2.31737, 6.39834 ], [ 2.31755, 6.39744 ], [ 2.31665, 6.39744 ], [ 2.31638, 6.39789 ], [ 2.31566, 6.39752 ], [ 2.3143, 6.3987 ], [ 2.31547, 6.39951 ], [ 2.3162, 6.39897 ] ] ], [ [ [ 2.33618, 6.39963 ], [ 2.33609, 6.39927 ], [ 2.33555, 6.39918 ], [ 2.33537, 6.39855 ], [ 2.33492, 6.39854 ], [ 2.33492, 6.39791 ], [ 2.33356, 6.39872 ], [ 2.33356, 6.39909 ], [ 2.33491, 6.39963 ], [ 2.33618, 6.39963 ] ] ], [ [ [ 2.30109, 6.40049 ], [ 2.30127, 6.39959 ], [ 2.30154, 6.40004 ], [ 2.30227, 6.40004 ], [ 2.30254, 6.3995 ], [ 2.30164, 6.39904 ], [ 2.3001, 6.39958 ], [ 2.29883, 6.3994 ], [ 2.29901, 6.39994 ], [ 2.30091, 6.40004 ], [ 2.30109, 6.40049 ] ] ], [ [ [ 2.34927, 6.41611 ], [ 2.34846, 6.41521 ], [ 2.34846, 6.41412 ], [ 2.34801, 6.41367 ], [ 2.34783, 6.41512 ], [ 2.34819, 6.41593 ], [ 2.34864, 6.41593 ], [ 2.34855, 6.41657 ], [ 2.34891, 6.41693 ], [ 2.34864, 6.41783 ], [ 2.34945, 6.4181 ], [ 2.34927, 6.41611 ] ] ], [ [ [ 2.36928, 6.47612 ], [ 2.37036, 6.47431 ], [ 2.37082, 6.47431 ], [ 2.37181, 6.4754 ], [ 2.37271, 6.47513 ], [ 2.37226, 6.47576 ], [ 2.37308, 6.47613 ], [ 2.37344, 6.47585 ], [ 2.37335, 6.47513 ], [ 2.37389, 6.47504 ], [ 2.37326, 6.47395 ], [ 2.37416, 6.47441 ], [ 2.37561, 6.47414 ], [ 2.37561, 6.47468 ], [ 2.37443, 6.47486 ], [ 2.37443, 6.47513 ], [ 2.37516, 6.47531 ], [ 2.37633, 6.47414 ], [ 2.37597, 6.47387 ], [ 2.3776, 6.47423 ], [ 2.37715, 6.47351 ], [ 2.37778, 6.47387 ], [ 2.37923, 6.47378 ], [ 2.37841, 6.47351 ], [ 2.37814, 6.47287 ], [ 2.37724, 6.47296 ], [ 2.37796, 6.47197 ], [ 2.37706, 6.47152 ], [ 2.37679, 6.47097 ], [ 2.37616, 6.47088 ], [ 2.37498, 6.4697 ], [ 2.37507, 6.46943 ], [ 2.37543, 6.46961 ], [ 2.37535, 6.4688 ], [ 2.37607, 6.46971 ], [ 2.37661, 6.46971 ], [ 2.37643, 6.46835 ], [ 2.37535, 6.46645 ], [ 2.37499, 6.46636 ], [ 2.37454, 6.46482 ], [ 2.3739, 6.46428 ], [ 2.37336, 6.46274 ], [ 2.37282, 6.46237 ], [ 2.37201, 6.46029 ], [ 2.37165, 6.4602 ], [ 2.3712, 6.45839 ], [ 2.36975, 6.45604 ], [ 2.36957, 6.45486 ], [ 2.36894, 6.45359 ], [ 2.36858, 6.4535 ], [ 2.36813, 6.45196 ], [ 2.36777, 6.45187 ], [ 2.36777, 6.45106 ], [ 2.36732, 6.45006 ], [ 2.36696, 6.44997 ], [ 2.36615, 6.44744 ], [ 2.36479, 6.44472 ], [ 2.36443, 6.44463 ], [ 2.36425, 6.44336 ], [ 2.36362, 6.44273 ], [ 2.36344, 6.44164 ], [ 2.36308, 6.44155 ], [ 2.36308, 6.44074 ], [ 2.36227, 6.43965 ], [ 2.36227, 6.43884 ], [ 2.36173, 6.4382 ], [ 2.36173, 6.43748 ], [ 2.36137, 6.43739 ], [ 2.36092, 6.43558 ], [ 2.36055, 6.43549 ], [ 2.36055, 6.43495 ], [ 2.36001, 6.43431 ], [ 2.35983, 6.43305 ], [ 2.3592, 6.43241 ], [ 2.35866, 6.43024 ], [ 2.35812, 6.42915 ], [ 2.35776, 6.42906 ], [ 2.35758, 6.4278 ], [ 2.35614, 6.42517 ], [ 2.35614, 6.42381 ], [ 2.35587, 6.42372 ], [ 2.35533, 6.41992 ], [ 2.35506, 6.41983 ], [ 2.35452, 6.41612 ], [ 2.35425, 6.41603 ], [ 2.35416, 6.41386 ], [ 2.35389, 6.41377 ], [ 2.35363, 6.4021 ], [ 2.35345, 6.40065 ], [ 2.35309, 6.40065 ], [ 2.35264, 6.40137 ], [ 2.35182, 6.40173 ], [ 2.35273, 6.40191 ], [ 2.35318, 6.40146 ], [ 2.35273, 6.40255 ], [ 2.35065, 6.40282 ], [ 2.34902, 6.40218 ], [ 2.34848, 6.40263 ], [ 2.3492, 6.403 ], [ 2.34848, 6.40318 ], [ 2.34883, 6.40526 ], [ 2.34865, 6.40607 ], [ 2.34956, 6.40698 ], [ 2.34937, 6.40725 ], [ 2.34883, 6.40707 ], [ 2.34874, 6.40761 ], [ 2.34965, 6.40788 ], [ 2.34937, 6.40861 ], [ 2.34992, 6.40888 ], [ 2.34892, 6.40978 ], [ 2.34928, 6.41394 ], [ 2.35, 6.41467 ], [ 2.34982, 6.41621 ], [ 2.35063, 6.41901 ], [ 2.35044, 6.41964 ], [ 2.35117, 6.42109 ], [ 2.35089, 6.42245 ], [ 2.35098, 6.42363 ], [ 2.35134, 6.42399 ], [ 2.35134, 6.42571 ], [ 2.35206, 6.42697 ], [ 2.35252, 6.42716 ], [ 2.35251, 6.42887 ], [ 2.35197, 6.4296 ], [ 2.35278, 6.43014 ], [ 2.35251, 6.43105 ], [ 2.35305, 6.43105 ], [ 2.35269, 6.43132 ], [ 2.35305, 6.43249 ], [ 2.35432, 6.43277 ], [ 2.35414, 6.4334 ], [ 2.35441, 6.43385 ], [ 2.35341, 6.43458 ], [ 2.35368, 6.43485 ], [ 2.35422, 6.43449 ], [ 2.35459, 6.43467 ], [ 2.35449, 6.43521 ], [ 2.35531, 6.43612 ], [ 2.35584, 6.44055 ], [ 2.35666, 6.44073 ], [ 2.35684, 6.44019 ], [ 2.3572, 6.44019 ], [ 2.35747, 6.44091 ], [ 2.35892, 6.44146 ], [ 2.35874, 6.44227 ], [ 2.35901, 6.44263 ], [ 2.35828, 6.44281 ], [ 2.35846, 6.44345 ], [ 2.3591, 6.443 ], [ 2.35982, 6.44309 ], [ 2.35982, 6.44417 ], [ 2.36054, 6.44481 ], [ 2.36118, 6.44472 ], [ 2.36127, 6.44526 ], [ 2.3619, 6.44553 ], [ 2.36199, 6.44662 ], [ 2.36153, 6.44653 ], [ 2.36144, 6.4468 ], [ 2.36199, 6.44734 ], [ 2.36126, 6.44743 ], [ 2.36126, 6.4477 ], [ 2.36199, 6.44761 ], [ 2.36199, 6.44816 ], [ 2.36262, 6.44816 ], [ 2.36262, 6.44843 ], [ 2.3618, 6.44942 ], [ 2.36307, 6.45006 ], [ 2.36334, 6.44933 ], [ 2.36452, 6.44943 ], [ 2.36452, 6.4497 ], [ 2.36379, 6.4497 ], [ 2.36406, 6.45078 ], [ 2.3637, 6.45151 ], [ 2.36433, 6.45232 ], [ 2.36397, 6.45313 ], [ 2.3646, 6.45449 ], [ 2.3637, 6.45458 ], [ 2.36379, 6.45386 ], [ 2.36315, 6.45404 ], [ 2.36306, 6.45449 ], [ 2.36351, 6.45467 ], [ 2.36333, 6.45531 ], [ 2.36406, 6.45585 ], [ 2.36451, 6.45694 ], [ 2.36441, 6.45784 ], [ 2.36586, 6.46047 ], [ 2.36559, 6.46191 ], [ 2.36613, 6.46282 ], [ 2.36622, 6.46418 ], [ 2.36585, 6.46417 ], [ 2.3654, 6.463 ], [ 2.36441, 6.463 ], [ 2.36459, 6.46209 ], [ 2.36486, 6.46245 ], [ 2.36522, 6.46218 ], [ 2.36513, 6.46146 ], [ 2.36459, 6.46119 ], [ 2.36441, 6.46164 ], [ 2.36387, 6.46155 ], [ 2.36405, 6.46336 ], [ 2.36377, 6.46435 ], [ 2.36441, 6.46499 ], [ 2.36296, 6.46535 ], [ 2.36314, 6.46625 ], [ 2.36278, 6.46679 ], [ 2.36332, 6.46698 ], [ 2.36377, 6.46797 ], [ 2.36304, 6.46969 ], [ 2.36395, 6.46942 ], [ 2.36413, 6.47141 ], [ 2.36512, 6.47087 ], [ 2.36603, 6.47087 ], [ 2.36603, 6.47123 ], [ 2.36485, 6.47132 ], [ 2.36548, 6.47259 ], [ 2.36539, 6.47322 ], [ 2.3662, 6.47331 ], [ 2.3672, 6.47259 ], [ 2.36693, 6.47322 ], [ 2.3672, 6.47377 ], [ 2.36765, 6.47331 ], [ 2.36765, 6.47232 ], [ 2.36702, 6.4696 ], [ 2.3672, 6.46933 ], [ 2.36775, 6.46951 ], [ 2.36784, 6.47087 ], [ 2.36847, 6.47142 ], [ 2.36783, 6.47187 ], [ 2.36855, 6.47531 ], [ 2.36892, 6.47549 ], [ 2.36864, 6.47612 ], [ 2.36928, 6.47612 ] ], [ [ 2.36721, 6.46879 ], [ 2.36621, 6.46707 ], [ 2.36658, 6.46608 ], [ 2.36721, 6.46653 ], [ 2.36721, 6.46879 ] ] ], [ [ [ 2.30986, 6.4679 ], [ 2.3105, 6.46799 ], [ 2.31068, 6.467 ], [ 2.30959, 6.46682 ], [ 2.31041, 6.46636 ], [ 2.30951, 6.46446 ], [ 2.30969, 6.46392 ], [ 2.30897, 6.46283 ], [ 2.30815, 6.46283 ], [ 2.30806, 6.46329 ], [ 2.30734, 6.46365 ], [ 2.30734, 6.46419 ], [ 2.3077, 6.46473 ], [ 2.30869, 6.4651 ], [ 2.30923, 6.46799 ], [ 2.30959, 6.46826 ], [ 2.30986, 6.4679 ] ] ], [ [ [ 2.31103, 6.47107 ], [ 2.31077, 6.46899 ], [ 2.30995, 6.46872 ], [ 2.30932, 6.46899 ], [ 2.31013, 6.47134 ], [ 2.31103, 6.47107 ] ] ], [ [ [ 2.37941, 6.4717 ], [ 2.37996, 6.47152 ], [ 2.37977, 6.47107 ], [ 2.37896, 6.4708 ], [ 2.37869, 6.47025 ], [ 2.37815, 6.47025 ], [ 2.37788, 6.46971 ], [ 2.37797, 6.47043 ], [ 2.37697, 6.4707 ], [ 2.37733, 6.47125 ], [ 2.37851, 6.47152 ], [ 2.3786, 6.47215 ], [ 2.37941, 6.47215 ], [ 2.37941, 6.4717 ] ] ], [ [ [ 2.38049, 6.47822 ], [ 2.38185, 6.47795 ], [ 2.38176, 6.47731 ], [ 2.38085, 6.47731 ], [ 2.38058, 6.47677 ], [ 2.38176, 6.47668 ], [ 2.38203, 6.47623 ], [ 2.38103, 6.47595 ], [ 2.38031, 6.47622 ], [ 2.38022, 6.47686 ], [ 2.38058, 6.4774 ], [ 2.38049, 6.47822 ] ] ], [ [ [ 2.38302, 6.48129 ], [ 2.38383, 6.48021 ], [ 2.38347, 6.48021 ], [ 2.38338, 6.47921 ], [ 2.38374, 6.47912 ], [ 2.38411, 6.47958 ], [ 2.38456, 6.47876 ], [ 2.3832, 6.47804 ], [ 2.3823, 6.47894 ], [ 2.38293, 6.47912 ], [ 2.38266, 6.48048 ], [ 2.38302, 6.48129 ] ] ], [ [ [ 2.38228, 6.49052 ], [ 2.38192, 6.48962 ], [ 2.38102, 6.48916 ], [ 2.37957, 6.48762 ], [ 2.3793, 6.48844 ], [ 2.3802, 6.4898 ], [ 2.3812, 6.49052 ], [ 2.38228, 6.49052 ] ] ], [ [ [ 2.38119, 6.49712 ], [ 2.38119, 6.49676 ], [ 2.38191, 6.49703 ], [ 2.38191, 6.49676 ], [ 2.38101, 6.4964 ], [ 2.38074, 6.49559 ], [ 2.38038, 6.49577 ], [ 2.38056, 6.49604 ], [ 2.38001, 6.49649 ], [ 2.38001, 6.49694 ], [ 2.37947, 6.49667 ], [ 2.38019, 6.49749 ], [ 2.38119, 6.49712 ] ] ], [ [ [ 2.38558, 6.53395 ], [ 2.3854, 6.53277 ], [ 2.38567, 6.53232 ], [ 2.38458, 6.53205 ], [ 2.38449, 6.53241 ], [ 2.38504, 6.53296 ], [ 2.38458, 6.53305 ], [ 2.38431, 6.53241 ], [ 2.38395, 6.53323 ], [ 2.3844, 6.53323 ], [ 2.38503, 6.53422 ], [ 2.38558, 6.53395 ] ] ], [ [ [ 2.38743, 6.57286 ], [ 2.38743, 6.57141 ], [ 2.38553, 6.5715 ], [ 2.38625, 6.57195 ], [ 2.38671, 6.57285 ], [ 2.38743, 6.57286 ] ] ], [ [ [ 2.37781, 6.59347 ], [ 2.37899, 6.59338 ], [ 2.3789, 6.59248 ], [ 2.37981, 6.59175 ], [ 2.37936, 6.58967 ], [ 2.37872, 6.59067 ], [ 2.37782, 6.5903 ], [ 2.37746, 6.59058 ], [ 2.37764, 6.59094 ], [ 2.37872, 6.59085 ], [ 2.37763, 6.59266 ], [ 2.37781, 6.59347 ] ] ], [ [ [ 2.39262, 6.61982 ], [ 2.39298, 6.61918 ], [ 2.3928, 6.61755 ], [ 2.39217, 6.61773 ], [ 2.39217, 6.61692 ], [ 2.39181, 6.61674 ], [ 2.39163, 6.61773 ], [ 2.39235, 6.61882 ], [ 2.39226, 6.61972 ], [ 2.39262, 6.61982 ] ] ], [ [ [ 2.39912, 6.63511 ], [ 2.39966, 6.63421 ], [ 2.3993, 6.63258 ], [ 2.39894, 6.63258 ], [ 2.39839, 6.63339 ], [ 2.39857, 6.63484 ], [ 2.3983, 6.6352 ], [ 2.39912, 6.63511 ] ] ], [ [ [ 2.36979, 6.64629 ], [ 2.37087, 6.64566 ], [ 2.37087, 6.64494 ], [ 2.3697, 6.64494 ], [ 2.36924, 6.6453 ], [ 2.36969, 6.64684 ], [ 2.36979, 6.64629 ] ] ], [ [ [ 2.39458, 6.64795 ], [ 2.39702, 6.64651 ], [ 2.39711, 6.64551 ], [ 2.39648, 6.6447 ], [ 2.39657, 6.64434 ], [ 2.39386, 6.64515 ], [ 2.39422, 6.64614 ], [ 2.39394, 6.64678 ], [ 2.39449, 6.64678 ], [ 2.39458, 6.64795 ] ] ], [ [ [ 2.40371, 6.65167 ], [ 2.40525, 6.65104 ], [ 2.40489, 6.64996 ], [ 2.40299, 6.65068 ], [ 2.40317, 6.65131 ], [ 2.40371, 6.65167 ] ] ], [ [ [ 2.39004, 6.65736 ], [ 2.39122, 6.65618 ], [ 2.39095, 6.65501 ], [ 2.38977, 6.65537 ], [ 2.38968, 6.65681 ], [ 2.39004, 6.65736 ] ] ], [ [ [ 2.37815, 6.68494 ], [ 2.37888, 6.68412 ], [ 2.37698, 6.68195 ], [ 2.3749, 6.68276 ], [ 2.37508, 6.6833 ], [ 2.37698, 6.68294 ], [ 2.37761, 6.68448 ], [ 2.37815, 6.68494 ] ] ] ] } }
]
}
