{
"type": "FeatureCollection",
"name": "susceptibilite_2040",
"crs": { "type": "name", "properties": { "name": "urn:ogc:def:crs:OGC:1.3:CRS84" } },
"xy_coordinate_resolution": 1e-05,
"features": [
{ "type": "Feature", "properties": { "classe": 1, "nom": "Très faible", "superficie_ha": 31304.9, "pourcentage": 64.98 }, "geometry": { "type": "MultiPolygon", "coordinates": [ [ [ [ 2.30975, 6.3512 ], [ 2.3102, 6.35111 ], [ 2.31038, 6.35129 ], [ 2.31047, 6.35102 ], [ 2.31056, 6.35156 ], [ 2.31092, 6.35156 ], [ 2.31165, 6.35048 ], [ 2.31156, 6.35011 ], [ 2.31084, 6.34975 ], [ 2.31011, 6.35065 ], [ 2.30921, 6.34966 ], [ 2.30731, 6.34993 ], [ 2.30595, 6.34947 ], [ 2.30514, 6.34902 ], [ 2.30469, 6.3482 ], [ 2.30496, 6.34784 ], [ 2.30442, 6.34757 ], [ 2.30433, 6.34703 ], [ 2.3037, 6.34703 ], [ 2.30334, 6.34603 ], [ 2.30279, 6.34612 ], [ 2.30225, 6.34721 ], [ 2.3008, 6.34612 ], [ 2.30008, 6.34612 ], [ 2.29972, 6.34657 ], [ 2.29881, 6.3463 ], [ 2.298, 6.34666 ], [ 2.29737, 6.34666 ], [ 2.29701, 6.34611 ], [ 2.29682, 6.34693 ], [ 2.2961, 6.34684 ], [ 2.29574, 6.34747 ], [ 2.29483, 6.34756 ], [ 2.29483, 6.34801 ], [ 2.29303, 6.3471 ], [ 2.29329, 6.34955 ], [ 2.29366, 6.34918 ], [ 2.29402, 6.34946 ], [ 2.2942, 6.349 ], [ 2.29447, 6.34928 ], [ 2.29483, 6.3491 ], [ 2.29483, 6.34973 ], [ 2.29555, 6.34991 ], [ 2.29564, 6.35054 ], [ 2.29646, 6.34946 ], [ 2.298, 6.3491 ], [ 2.29827, 6.34919 ], [ 2.29818, 6.34991 ], [ 2.2989, 6.35037 ], [ 2.29917, 6.3501 ], [ 2.29944, 6.351 ], [ 2.29989, 6.35127 ], [ 2.30007, 6.35046 ], [ 2.3008, 6.35055 ], [ 2.30125, 6.34983 ], [ 2.30197, 6.34983 ], [ 2.30234, 6.34947 ], [ 2.30396, 6.34974 ], [ 2.30396, 6.34947 ], [ 2.30414, 6.34938 ], [ 2.30405, 6.35028 ], [ 2.3045, 6.35038 ], [ 2.30478, 6.35001 ], [ 2.30487, 6.35065 ], [ 2.30532, 6.35092 ], [ 2.30595, 6.35065 ], [ 2.30604, 6.34992 ], [ 2.30649, 6.34993 ], [ 2.30622, 6.35092 ], [ 2.30667, 6.35128 ], [ 2.30704, 6.35137 ], [ 2.30749, 6.35092 ], [ 2.30785, 6.35156 ], [ 2.30857, 6.35147 ], [ 2.30948, 6.35201 ], [ 2.30975, 6.3512 ] ] ], [ [ [ 2.29916, 6.35489 ], [ 2.29844, 6.35471 ], [ 2.29889, 6.35426 ], [ 2.29989, 6.35453 ], [ 2.30052, 6.35381 ], [ 2.30025, 6.35354 ], [ 2.29953, 6.35381 ], [ 2.29926, 6.35335 ], [ 2.29799, 6.35353 ], [ 2.29763, 6.35317 ], [ 2.29772, 6.35426 ], [ 2.29736, 6.35417 ], [ 2.29717, 6.35471 ], [ 2.29844, 6.35543 ], [ 2.29925, 6.35534 ], [ 2.29916, 6.35489 ] ] ], [ [ [ 2.3073, 6.35626 ], [ 2.30685, 6.35508 ], [ 2.30812, 6.35472 ], [ 2.30794, 6.35355 ], [ 2.3045, 6.35399 ], [ 2.30396, 6.35327 ], [ 2.30378, 6.35381 ], [ 2.30296, 6.3539 ], [ 2.30296, 6.35435 ], [ 2.30359, 6.35481 ], [ 2.30441, 6.35472 ], [ 2.30468, 6.35607 ], [ 2.30513, 6.35526 ], [ 2.30567, 6.35571 ], [ 2.30667, 6.35553 ], [ 2.30685, 6.35626 ], [ 2.3073, 6.35626 ] ] ], [ [ [ 2.29563, 6.35851 ], [ 2.29608, 6.35869 ], [ 2.29608, 6.35823 ], [ 2.2969, 6.35769 ], [ 2.29591, 6.35724 ], [ 2.29573, 6.35633 ], [ 2.29446, 6.35642 ], [ 2.29446, 6.35688 ], [ 2.29491, 6.35679 ], [ 2.29437, 6.35787 ], [ 2.29464, 6.35896 ], [ 2.29545, 6.35932 ], [ 2.29563, 6.35851 ] ] ], [ [ [ 2.31525, 6.35926 ], [ 2.3158, 6.35844 ], [ 2.31634, 6.35889 ], [ 2.31679, 6.35881 ], [ 2.31679, 6.35917 ], [ 2.31724, 6.35881 ], [ 2.31616, 6.35754 ], [ 2.31498, 6.35799 ], [ 2.31489, 6.35916 ], [ 2.31525, 6.35926 ] ] ], [ [ [ 2.31254, 6.35916 ], [ 2.31426, 6.35862 ], [ 2.31309, 6.35771 ], [ 2.312, 6.35817 ], [ 2.31254, 6.35916 ] ] ], [ [ [ 2.30223, 6.35996 ], [ 2.30458, 6.35996 ], [ 2.30504, 6.3596 ], [ 2.30458, 6.35915 ], [ 2.30486, 6.35879 ], [ 2.30422, 6.35779 ], [ 2.30386, 6.35797 ], [ 2.30395, 6.35852 ], [ 2.30269, 6.35851 ], [ 2.30187, 6.35924 ], [ 2.30223, 6.35996 ] ] ], [ [ [ 2.31037, 6.3616 ], [ 2.312, 6.36151 ], [ 2.31254, 6.36097 ], [ 2.31245, 6.36061 ], [ 2.31145, 6.36034 ], [ 2.31064, 6.36079 ], [ 2.31082, 6.36024 ], [ 2.31037, 6.36006 ], [ 2.31019, 6.36042 ], [ 2.31064, 6.36088 ], [ 2.31037, 6.3616 ] ] ], [ [ [ 2.2872, 6.37496 ], [ 2.28774, 6.37406 ], [ 2.28711, 6.37378 ], [ 2.28711, 6.37306 ], [ 2.28774, 6.37306 ], [ 2.28774, 6.3736 ], [ 2.2882, 6.3736 ], [ 2.28865, 6.37288 ], [ 2.28847, 6.37198 ], [ 2.28901, 6.37116 ], [ 2.28811, 6.37107 ], [ 2.28757, 6.37035 ], [ 2.28657, 6.37007 ], [ 2.28449, 6.36998 ], [ 2.28359, 6.36953 ], [ 2.28196, 6.3698 ], [ 2.28097, 6.36907 ], [ 2.28043, 6.36916 ], [ 2.28088, 6.36943 ], [ 2.28088, 6.37097 ], [ 2.28006, 6.37242 ], [ 2.2816, 6.37251 ], [ 2.28097, 6.37079 ], [ 2.2816, 6.3707 ], [ 2.28259, 6.37197 ], [ 2.28368, 6.37197 ], [ 2.28413, 6.37233 ], [ 2.28458, 6.37188 ], [ 2.28503, 6.37206 ], [ 2.28494, 6.37125 ], [ 2.2854, 6.37116 ], [ 2.28549, 6.37215 ], [ 2.28621, 6.3727 ], [ 2.28612, 6.37396 ], [ 2.2872, 6.37496 ] ] ], [ [ [ 2.31595, 6.37708 ], [ 2.31758, 6.37618 ], [ 2.31758, 6.37536 ], [ 2.31704, 6.37518 ], [ 2.31731, 6.37473 ], [ 2.31704, 6.37455 ], [ 2.31768, 6.3741 ], [ 2.31722, 6.37419 ], [ 2.31731, 6.37382 ], [ 2.31695, 6.37391 ], [ 2.31659, 6.37319 ], [ 2.31614, 6.37409 ], [ 2.31569, 6.37418 ], [ 2.31532, 6.37382 ], [ 2.3156, 6.37355 ], [ 2.31533, 6.37337 ], [ 2.31551, 6.37246 ], [ 2.31515, 6.37246 ], [ 2.31523, 6.37382 ], [ 2.3146, 6.374 ], [ 2.31451, 6.37463 ], [ 2.31361, 6.37391 ], [ 2.31306, 6.374 ], [ 2.3137, 6.37499 ], [ 2.31369, 6.37554 ], [ 2.31306, 6.37536 ], [ 2.31306, 6.37572 ], [ 2.31342, 6.37617 ], [ 2.31433, 6.37581 ], [ 2.31469, 6.37599 ], [ 2.31478, 6.37662 ], [ 2.31568, 6.37672 ], [ 2.31595, 6.37708 ] ] ], [ [ [ 2.26929, 6.3809 ], [ 2.27082, 6.38091 ], [ 2.27091, 6.38045 ], [ 2.27173, 6.38064 ], [ 2.272, 6.38018 ], [ 2.27281, 6.38073 ], [ 2.27318, 6.37992 ], [ 2.27363, 6.3801 ], [ 2.27381, 6.37964 ], [ 2.27282, 6.37901 ], [ 2.27345, 6.37811 ], [ 2.27435, 6.37793 ], [ 2.2749, 6.37811 ], [ 2.2749, 6.37865 ], [ 2.27526, 6.37847 ], [ 2.27535, 6.37802 ], [ 2.27499, 6.37802 ], [ 2.2749, 6.37738 ], [ 2.27526, 6.37621 ], [ 2.2749, 6.37594 ], [ 2.2749, 6.37503 ], [ 2.27409, 6.3744 ], [ 2.27246, 6.3744 ], [ 2.27165, 6.37521 ], [ 2.27173, 6.3762 ], [ 2.27246, 6.3762 ], [ 2.27246, 6.37566 ], [ 2.27327, 6.37593 ], [ 2.27336, 6.37793 ], [ 2.27227, 6.37783 ], [ 2.272, 6.37729 ], [ 2.27119, 6.37756 ], [ 2.27092, 6.37747 ], [ 2.27128, 6.37729 ], [ 2.27029, 6.37729 ], [ 2.26938, 6.37765 ], [ 2.26938, 6.37864 ], [ 2.26884, 6.37864 ], [ 2.26875, 6.379 ], [ 2.26911, 6.37928 ], [ 2.26938, 6.37891 ], [ 2.26983, 6.37946 ], [ 2.2692, 6.38018 ], [ 2.26929, 6.3809 ] ] ], [ [ [ 2.27163, 6.38679 ], [ 2.27172, 6.38543 ], [ 2.27299, 6.38507 ], [ 2.27335, 6.38408 ], [ 2.27218, 6.38362 ], [ 2.27181, 6.3838 ], [ 2.27182, 6.38317 ], [ 2.27055, 6.38272 ], [ 2.27019, 6.38145 ], [ 2.26974, 6.38181 ], [ 2.2701, 6.38281 ], [ 2.26965, 6.38281 ], [ 2.26919, 6.38208 ], [ 2.2682, 6.3828 ], [ 2.26802, 6.38262 ], [ 2.26838, 6.38217 ], [ 2.2682, 6.38199 ], [ 2.26775, 6.38262 ], [ 2.26802, 6.38335 ], [ 2.271, 6.38534 ], [ 2.27136, 6.3857 ], [ 2.27109, 6.38688 ], [ 2.27163, 6.38679 ] ] ], [ [ [ 2.27606, 6.38598 ], [ 2.27679, 6.38481 ], [ 2.27561, 6.38399 ], [ 2.27516, 6.38571 ], [ 2.27606, 6.38598 ] ] ], [ [ [ 2.30589, 6.39679 ], [ 2.30743, 6.39724 ], [ 2.30815, 6.3967 ], [ 2.30788, 6.39625 ], [ 2.30869, 6.39607 ], [ 2.30905, 6.39643 ], [ 2.30978, 6.39553 ], [ 2.3096, 6.39643 ], [ 2.31041, 6.39625 ], [ 2.31041, 6.39544 ], [ 2.31096, 6.39526 ], [ 2.31078, 6.39471 ], [ 2.31105, 6.39471 ], [ 2.31123, 6.39544 ], [ 2.31068, 6.39598 ], [ 2.31077, 6.39643 ], [ 2.30978, 6.3967 ], [ 2.30978, 6.39715 ], [ 2.3114, 6.39752 ], [ 2.31231, 6.39734 ], [ 2.31285, 6.3977 ], [ 2.31339, 6.39734 ], [ 2.31448, 6.39734 ], [ 2.31457, 6.39644 ], [ 2.31303, 6.3958 ], [ 2.31286, 6.39481 ], [ 2.31403, 6.3949 ], [ 2.31476, 6.39399 ], [ 2.31259, 6.39408 ], [ 2.31231, 6.39481 ], [ 2.31231, 6.39408 ], [ 2.31114, 6.39426 ], [ 2.31087, 6.39381 ], [ 2.3105, 6.39417 ], [ 2.31005, 6.3939 ], [ 2.30987, 6.39426 ], [ 2.30987, 6.3939 ], [ 2.30924, 6.3939 ], [ 2.30725, 6.39417 ], [ 2.30653, 6.3948 ], [ 2.30634, 6.39435 ], [ 2.30535, 6.39462 ], [ 2.30454, 6.39389 ], [ 2.30381, 6.39389 ], [ 2.30408, 6.39525 ], [ 2.30218, 6.39543 ], [ 2.30209, 6.39624 ], [ 2.30173, 6.39533 ], [ 2.30083, 6.39615 ], [ 2.30028, 6.39615 ], [ 2.30029, 6.3947 ], [ 2.29983, 6.3947 ], [ 2.29956, 6.39506 ], [ 2.29974, 6.39624 ], [ 2.29938, 6.39624 ], [ 2.29929, 6.39551 ], [ 2.29857, 6.39551 ], [ 2.29856, 6.39678 ], [ 2.29775, 6.39687 ], [ 2.29793, 6.39777 ], [ 2.29684, 6.39768 ], [ 2.29684, 6.39822 ], [ 2.29639, 6.39822 ], [ 2.29612, 6.39732 ], [ 2.29558, 6.3975 ], [ 2.29513, 6.39605 ], [ 2.29314, 6.39541 ], [ 2.29332, 6.39496 ], [ 2.29296, 6.39496 ], [ 2.29296, 6.39469 ], [ 2.29368, 6.39487 ], [ 2.2935, 6.39379 ], [ 2.29269, 6.39387 ], [ 2.29224, 6.39433 ], [ 2.29224, 6.39378 ], [ 2.2917, 6.3936 ], [ 2.29206, 6.39333 ], [ 2.29188, 6.39297 ], [ 2.29061, 6.39261 ], [ 2.29079, 6.39242 ], [ 2.29043, 6.39224 ], [ 2.28853, 6.39179 ], [ 2.2879, 6.39206 ], [ 2.28654, 6.39179 ], [ 2.28609, 6.39224 ], [ 2.28428, 6.39142 ], [ 2.28392, 6.39169 ], [ 2.28347, 6.39151 ], [ 2.28256, 6.39232 ], [ 2.28211, 6.39223 ], [ 2.28211, 6.39178 ], [ 2.28311, 6.39178 ], [ 2.28302, 6.39069 ], [ 2.28365, 6.39106 ], [ 2.28392, 6.38997 ], [ 2.28438, 6.38961 ], [ 2.28528, 6.3897 ], [ 2.28483, 6.38916 ], [ 2.28573, 6.38826 ], [ 2.28583, 6.38708 ], [ 2.28691, 6.3869 ], [ 2.28637, 6.3859 ], [ 2.28737, 6.38491 ], [ 2.2871, 6.38464 ], [ 2.28755, 6.38473 ], [ 2.28755, 6.3841 ], [ 2.28791, 6.38446 ], [ 2.289, 6.38347 ], [ 2.28963, 6.38392 ], [ 2.28972, 6.38356 ], [ 2.29071, 6.38338 ], [ 2.29062, 6.38311 ], [ 2.28927, 6.38319 ], [ 2.28882, 6.38265 ], [ 2.28891, 6.38347 ], [ 2.28782, 6.38392 ], [ 2.28782, 6.38265 ], [ 2.28692, 6.38238 ], [ 2.2871, 6.38129 ], [ 2.28746, 6.38129 ], [ 2.28737, 6.3803 ], [ 2.28719, 6.38102 ], [ 2.28683, 6.38021 ], [ 2.28584, 6.37948 ], [ 2.28538, 6.37957 ], [ 2.28548, 6.37903 ], [ 2.28584, 6.37903 ], [ 2.28584, 6.37821 ], [ 2.2853, 6.37803 ], [ 2.28566, 6.37758 ], [ 2.28548, 6.37659 ], [ 2.28512, 6.3764 ], [ 2.28313, 6.37758 ], [ 2.28177, 6.37767 ], [ 2.28041, 6.37685 ], [ 2.27978, 6.37703 ], [ 2.2796, 6.37775 ], [ 2.27815, 6.37802 ], [ 2.27779, 6.37875 ], [ 2.27806, 6.37974 ], [ 2.27661, 6.37902 ], [ 2.27652, 6.37956 ], [ 2.27715, 6.38019 ], [ 2.27761, 6.38019 ], [ 2.27743, 6.38055 ], [ 2.2777, 6.38037 ], [ 2.27842, 6.38119 ], [ 2.27914, 6.38119 ], [ 2.27869, 6.38146 ], [ 2.27959, 6.383 ], [ 2.28086, 6.38264 ], [ 2.2814, 6.38165 ], [ 2.28167, 6.38201 ], [ 2.28222, 6.38165 ], [ 2.28249, 6.38038 ], [ 2.28285, 6.38092 ], [ 2.2824, 6.38246 ], [ 2.28267, 6.383 ], [ 2.28221, 6.383 ], [ 2.28221, 6.38364 ], [ 2.28176, 6.38355 ], [ 2.28158, 6.38409 ], [ 2.2805, 6.38363 ], [ 2.28068, 6.38418 ], [ 2.28122, 6.38418 ], [ 2.28104, 6.38463 ], [ 2.28004, 6.38427 ], [ 2.28022, 6.38472 ], [ 2.28058, 6.38472 ], [ 2.28076, 6.38762 ], [ 2.28167, 6.38762 ], [ 2.28176, 6.38816 ], [ 2.2813, 6.38825 ], [ 2.28103, 6.38924 ], [ 2.28022, 6.38988 ], [ 2.2804, 6.39069 ], [ 2.27949, 6.39105 ], [ 2.27849, 6.39404 ], [ 2.2794, 6.39404 ], [ 2.28021, 6.39458 ], [ 2.28012, 6.39485 ], [ 2.28102, 6.39449 ], [ 2.28211, 6.39467 ], [ 2.28301, 6.39413 ], [ 2.2831, 6.39486 ], [ 2.28383, 6.39459 ], [ 2.2841, 6.39504 ], [ 2.2841, 6.39431 ], [ 2.28473, 6.39395 ], [ 2.28446, 6.39323 ], [ 2.28537, 6.39314 ], [ 2.28582, 6.39377 ], [ 2.28564, 6.39423 ], [ 2.286, 6.39423 ], [ 2.28591, 6.39477 ], [ 2.28636, 6.39531 ], [ 2.2869, 6.39531 ], [ 2.28681, 6.39568 ], [ 2.28798, 6.39613 ], [ 2.28844, 6.39532 ], [ 2.28862, 6.39559 ], [ 2.28889, 6.39532 ], [ 2.28862, 6.39685 ], [ 2.28889, 6.39704 ], [ 2.28889, 6.39622 ], [ 2.28952, 6.39631 ], [ 2.28934, 6.39758 ], [ 2.2907, 6.39758 ], [ 2.29043, 6.3965 ], [ 2.29124, 6.39668 ], [ 2.29124, 6.39731 ], [ 2.29187, 6.39722 ], [ 2.29205, 6.39668 ], [ 2.29251, 6.39677 ], [ 2.29232, 6.39758 ], [ 2.29287, 6.39758 ], [ 2.29368, 6.39876 ], [ 2.29323, 6.39921 ], [ 2.29341, 6.39967 ], [ 2.29386, 6.39958 ], [ 2.29431, 6.39885 ], [ 2.29639, 6.39931 ], [ 2.29657, 6.39849 ], [ 2.29702, 6.39877 ], [ 2.29684, 6.39904 ], [ 2.29793, 6.39904 ], [ 2.29775, 6.39967 ], [ 2.29883, 6.39922 ], [ 2.2991, 6.39976 ], [ 2.30055, 6.39986 ], [ 2.301, 6.39904 ], [ 2.30127, 6.39959 ], [ 2.30182, 6.39904 ], [ 2.30299, 6.39905 ], [ 2.30335, 6.39868 ], [ 2.30317, 6.39805 ], [ 2.30363, 6.39805 ], [ 2.30354, 6.39742 ], [ 2.30399, 6.39778 ], [ 2.30471, 6.39778 ], [ 2.30489, 6.39742 ], [ 2.30562, 6.39769 ], [ 2.30589, 6.39679 ] ], [ [ 2.30571, 6.39679 ], [ 2.30426, 6.39688 ], [ 2.3039, 6.39579 ], [ 2.30508, 6.39552 ], [ 2.3058, 6.39624 ], [ 2.30571, 6.39679 ] ], [ [ 2.28383, 6.38916 ], [ 2.2842, 6.38744 ], [ 2.2832, 6.38708 ], [ 2.2814, 6.38735 ], [ 2.2814, 6.38653 ], [ 2.28185, 6.38644 ], [ 2.28239, 6.38689 ], [ 2.28311, 6.38644 ], [ 2.28438, 6.38644 ], [ 2.28465, 6.38735 ], [ 2.28438, 6.3888 ], [ 2.28465, 6.38889 ], [ 2.2842, 6.38889 ], [ 2.28411, 6.38925 ], [ 2.28383, 6.38916 ] ] ], [ [ [ 2.31313, 6.3911 ], [ 2.31368, 6.39047 ], [ 2.31313, 6.39046 ], [ 2.31295, 6.39001 ], [ 2.3135, 6.38974 ], [ 2.31368, 6.38902 ], [ 2.3125, 6.38956 ], [ 2.31223, 6.38893 ], [ 2.31151, 6.38892 ], [ 2.31151, 6.38856 ], [ 2.31106, 6.38847 ], [ 2.31105, 6.38892 ], [ 2.30997, 6.38928 ], [ 2.30988, 6.38974 ], [ 2.30943, 6.38965 ], [ 2.30979, 6.38901 ], [ 2.30879, 6.38937 ], [ 2.30934, 6.38974 ], [ 2.30924, 6.39001 ], [ 2.30852, 6.38973 ], [ 2.30897, 6.39082 ], [ 2.31223, 6.3911 ], [ 2.31205, 6.39028 ], [ 2.31241, 6.39028 ], [ 2.31268, 6.39037 ], [ 2.31277, 6.39164 ], [ 2.31322, 6.39155 ], [ 2.31313, 6.3911 ] ] ], [ [ [ 2.27243, 6.39593 ], [ 2.27361, 6.39457 ], [ 2.27388, 6.39493 ], [ 2.27433, 6.39484 ], [ 2.27415, 6.39439 ], [ 2.27469, 6.3943 ], [ 2.27442, 6.39367 ], [ 2.27587, 6.39467 ], [ 2.27632, 6.39367 ], [ 2.27668, 6.39358 ], [ 2.27678, 6.39268 ], [ 2.27732, 6.3925 ], [ 2.2775, 6.39177 ], [ 2.27795, 6.3915 ], [ 2.27822, 6.39177 ], [ 2.27831, 6.3915 ], [ 2.27813, 6.39087 ], [ 2.27642, 6.39078 ], [ 2.27624, 6.38978 ], [ 2.27569, 6.39059 ], [ 2.27515, 6.3905 ], [ 2.27533, 6.38933 ], [ 2.27497, 6.38924 ], [ 2.27452, 6.38987 ], [ 2.27488, 6.38869 ], [ 2.27416, 6.38878 ], [ 2.27416, 6.38815 ], [ 2.27335, 6.38824 ], [ 2.27307, 6.38896 ], [ 2.27334, 6.39014 ], [ 2.27253, 6.38968 ], [ 2.27199, 6.38977 ], [ 2.27208, 6.38923 ], [ 2.27307, 6.38878 ], [ 2.2728, 6.38851 ], [ 2.2719, 6.38851 ], [ 2.2719, 6.38914 ], [ 2.2709, 6.38905 ], [ 2.27117, 6.38923 ], [ 2.27054, 6.38968 ], [ 2.27027, 6.39122 ], [ 2.26936, 6.39276 ], [ 2.26972, 6.39502 ], [ 2.27071, 6.39475 ], [ 2.27125, 6.39574 ], [ 2.27243, 6.39593 ] ], [ [ 2.27261, 6.39547 ], [ 2.27198, 6.3943 ], [ 2.27117, 6.39403 ], [ 2.27153, 6.39294 ], [ 2.27207, 6.39366 ], [ 2.27261, 6.39358 ], [ 2.27289, 6.39394 ], [ 2.27307, 6.39457 ], [ 2.27252, 6.39466 ], [ 2.27261, 6.39547 ] ] ], [ [ [ 2.35285, 6.44652 ], [ 2.35358, 6.44625 ], [ 2.35394, 6.44579 ], [ 2.35376, 6.44389 ], [ 2.35349, 6.44308 ], [ 2.3525, 6.44226 ], [ 2.35277, 6.44154 ], [ 2.35232, 6.44064 ], [ 2.35141, 6.44009 ], [ 2.3515, 6.43955 ], [ 2.35087, 6.43964 ], [ 2.35105, 6.43919 ], [ 2.35178, 6.43928 ], [ 2.35205, 6.43892 ], [ 2.35078, 6.4381 ], [ 2.35006, 6.43683 ], [ 2.35024, 6.4362 ], [ 2.34979, 6.43575 ], [ 2.35061, 6.4353 ], [ 2.3507, 6.43448 ], [ 2.34997, 6.43439 ], [ 2.34943, 6.43367 ], [ 2.34989, 6.43222 ], [ 2.34961, 6.43222 ], [ 2.34952, 6.43158 ], [ 2.34898, 6.43149 ], [ 2.34898, 6.43104 ], [ 2.34925, 6.43113 ], [ 2.34889, 6.43059 ], [ 2.34908, 6.4295 ], [ 2.34826, 6.42806 ], [ 2.34745, 6.42742 ], [ 2.34763, 6.4267 ], [ 2.347, 6.42642 ], [ 2.347, 6.42606 ], [ 2.34673, 6.42633 ], [ 2.34664, 6.42543 ], [ 2.34592, 6.42498 ], [ 2.34619, 6.42407 ], [ 2.34528, 6.4238 ], [ 2.34411, 6.4247 ], [ 2.34357, 6.42398 ], [ 2.34212, 6.4238 ], [ 2.34058, 6.42488 ], [ 2.33995, 6.42434 ], [ 2.33913, 6.42442 ], [ 2.33868, 6.42488 ], [ 2.33823, 6.42406 ], [ 2.3376, 6.42406 ], [ 2.33769, 6.42442 ], [ 2.33733, 6.42406 ], [ 2.33633, 6.42433 ], [ 2.33588, 6.42406 ], [ 2.33624, 6.4237 ], [ 2.33588, 6.42315 ], [ 2.33669, 6.42352 ], [ 2.33751, 6.42334 ], [ 2.33742, 6.42361 ], [ 2.33841, 6.42388 ], [ 2.33877, 6.42361 ], [ 2.33859, 6.42298 ], [ 2.33905, 6.42289 ], [ 2.33923, 6.42234 ], [ 2.34004, 6.42234 ], [ 2.34022, 6.4228 ], [ 2.33932, 6.42334 ], [ 2.33932, 6.42388 ], [ 2.34103, 6.42416 ], [ 2.34131, 6.42307 ], [ 2.34076, 6.42216 ], [ 2.33977, 6.4218 ], [ 2.33977, 6.42144 ], [ 2.34104, 6.42144 ], [ 2.34113, 6.42072 ], [ 2.34068, 6.42008 ], [ 2.34131, 6.41918 ], [ 2.34167, 6.4199 ], [ 2.34294, 6.42054 ], [ 2.34312, 6.41991 ], [ 2.34366, 6.42081 ], [ 2.3442, 6.42072 ], [ 2.34456, 6.42117 ], [ 2.34538, 6.42099 ], [ 2.34547, 6.42027 ], [ 2.34475, 6.41937 ], [ 2.34502, 6.41882 ], [ 2.34448, 6.41846 ], [ 2.34475, 6.41728 ], [ 2.34439, 6.41783 ], [ 2.34394, 6.41737 ], [ 2.34394, 6.41701 ], [ 2.34448, 6.4171 ], [ 2.34385, 6.41638 ], [ 2.34385, 6.41593 ], [ 2.34439, 6.41593 ], [ 2.34439, 6.41566 ], [ 2.3434, 6.41457 ], [ 2.34412, 6.41448 ], [ 2.34457, 6.41394 ], [ 2.34457, 6.4133 ], [ 2.34394, 6.41303 ], [ 2.34421, 6.4124 ], [ 2.34376, 6.41204 ], [ 2.34376, 6.4114 ], [ 2.34295, 6.41149 ], [ 2.34304, 6.41068 ], [ 2.3434, 6.41086 ], [ 2.34394, 6.41041 ], [ 2.34313, 6.41014 ], [ 2.34286, 6.40914 ], [ 2.34196, 6.40851 ], [ 2.34141, 6.4086 ], [ 2.34096, 6.40796 ], [ 2.34024, 6.40796 ], [ 2.33933, 6.40904 ], [ 2.3387, 6.40877 ], [ 2.33897, 6.40787 ], [ 2.33979, 6.40787 ], [ 2.33952, 6.40751 ], [ 2.33979, 6.40706 ], [ 2.34087, 6.40751 ], [ 2.34078, 6.40679 ], [ 2.33997, 6.40697 ], [ 2.33925, 6.40624 ], [ 2.33934, 6.40597 ], [ 2.33997, 6.40606 ], [ 2.34006, 6.40642 ], [ 2.33997, 6.40579 ], [ 2.33925, 6.4057 ], [ 2.33916, 6.40534 ], [ 2.33916, 6.40597 ], [ 2.33852, 6.40615 ], [ 2.33843, 6.40723 ], [ 2.33807, 6.40714 ], [ 2.33798, 6.40606 ], [ 2.33726, 6.40642 ], [ 2.33726, 6.40714 ], [ 2.33671, 6.40714 ], [ 2.33662, 6.40787 ], [ 2.33608, 6.40796 ], [ 2.33599, 6.40931 ], [ 2.33572, 6.40832 ], [ 2.33536, 6.40823 ], [ 2.33545, 6.40931 ], [ 2.33472, 6.40967 ], [ 2.33436, 6.41067 ], [ 2.334, 6.4104 ], [ 2.33463, 6.40976 ], [ 2.33454, 6.40877 ], [ 2.334, 6.40877 ], [ 2.33391, 6.40786 ], [ 2.33273, 6.40741 ], [ 2.33237, 6.40849 ], [ 2.33174, 6.40786 ], [ 2.33192, 6.40768 ], [ 2.33147, 6.40732 ], [ 2.33165, 6.40587 ], [ 2.33228, 6.40614 ], [ 2.33192, 6.40695 ], [ 2.33274, 6.40696 ], [ 2.33283, 6.40524 ], [ 2.33165, 6.40524 ], [ 2.33147, 6.40433 ], [ 2.33192, 6.40424 ], [ 2.3322, 6.4046 ], [ 2.33328, 6.40433 ], [ 2.33328, 6.40479 ], [ 2.33409, 6.40451 ], [ 2.33455, 6.40497 ], [ 2.33391, 6.40406 ], [ 2.33328, 6.40424 ], [ 2.33328, 6.40379 ], [ 2.33401, 6.40343 ], [ 2.335, 6.40415 ], [ 2.33518, 6.40397 ], [ 2.33518, 6.40461 ], [ 2.33563, 6.40488 ], [ 2.33608, 6.40434 ], [ 2.33545, 6.40379 ], [ 2.33663, 6.40379 ], [ 2.33554, 6.40307 ], [ 2.33645, 6.40217 ], [ 2.33582, 6.40099 ], [ 2.33518, 6.40108 ], [ 2.33482, 6.40162 ], [ 2.335, 6.40207 ], [ 2.33527, 6.40198 ], [ 2.335, 6.40244 ], [ 2.33518, 6.40343 ], [ 2.33482, 6.40352 ], [ 2.33346, 6.40298 ], [ 2.33365, 6.40216 ], [ 2.33464, 6.40271 ], [ 2.33428, 6.40162 ], [ 2.33365, 6.40171 ], [ 2.33346, 6.40216 ], [ 2.33292, 6.40171 ], [ 2.33374, 6.40108 ], [ 2.33374, 6.40044 ], [ 2.33311, 6.40017 ], [ 2.33265, 6.40108 ], [ 2.33247, 6.40062 ], [ 2.3313, 6.40026 ], [ 2.33121, 6.3999 ], [ 2.33084, 6.40026 ], [ 2.33057, 6.40026 ], [ 2.33048, 6.39962 ], [ 2.32985, 6.3999 ], [ 2.32985, 6.39917 ], [ 2.32868, 6.39899 ], [ 2.32822, 6.40016 ], [ 2.32958, 6.4008 ], [ 2.32849, 6.4008 ], [ 2.32732, 6.39989 ], [ 2.32759, 6.40188 ], [ 2.32876, 6.40179 ], [ 2.32876, 6.40225 ], [ 2.32768, 6.40324 ], [ 2.32695, 6.40333 ], [ 2.3265, 6.3998 ], [ 2.32678, 6.39944 ], [ 2.32723, 6.3998 ], [ 2.32786, 6.39953 ], [ 2.32732, 6.39844 ], [ 2.32687, 6.39881 ], [ 2.32605, 6.39862 ], [ 2.32578, 6.39917 ], [ 2.32406, 6.39907 ], [ 2.32243, 6.3997 ], [ 2.32252, 6.40088 ], [ 2.32225, 6.40106 ], [ 2.32135, 6.40061 ], [ 2.32153, 6.39997 ], [ 2.31999, 6.40015 ], [ 2.31963, 6.40079 ], [ 2.31891, 6.40015 ], [ 2.31854, 6.40079 ], [ 2.318, 6.40078 ], [ 2.31728, 6.40069 ], [ 2.31647, 6.39988 ], [ 2.31646, 6.40133 ], [ 2.31619, 6.40132 ], [ 2.31619, 6.40069 ], [ 2.31583, 6.40123 ], [ 2.31529, 6.40114 ], [ 2.31538, 6.40033 ], [ 2.31583, 6.39997 ], [ 2.31538, 6.39988 ], [ 2.31556, 6.3997 ], [ 2.3152, 6.39933 ], [ 2.31303, 6.40033 ], [ 2.31203, 6.39996 ], [ 2.31158, 6.40059 ], [ 2.31176, 6.40168 ], [ 2.3123, 6.40159 ], [ 2.31303, 6.40213 ], [ 2.31366, 6.40195 ], [ 2.31366, 6.40141 ], [ 2.31484, 6.40141 ], [ 2.31429, 6.40132 ], [ 2.31475, 6.40123 ], [ 2.31475, 6.40087 ], [ 2.3152, 6.40105 ], [ 2.31511, 6.40159 ], [ 2.31565, 6.40232 ], [ 2.31764, 6.4016 ], [ 2.31764, 6.40205 ], [ 2.31682, 6.40295 ], [ 2.31574, 6.40313 ], [ 2.31574, 6.40449 ], [ 2.31673, 6.40458 ], [ 2.31655, 6.40522 ], [ 2.3161, 6.40531 ], [ 2.31619, 6.40567 ], [ 2.31673, 6.40531 ], [ 2.31682, 6.40485 ], [ 2.31818, 6.40504 ], [ 2.31791, 6.40395 ], [ 2.31836, 6.4035 ], [ 2.31827, 6.40314 ], [ 2.31881, 6.40287 ], [ 2.31908, 6.40404 ], [ 2.31945, 6.40377 ], [ 2.31999, 6.40395 ], [ 2.31944, 6.40441 ], [ 2.31962, 6.40486 ], [ 2.32071, 6.40486 ], [ 2.32116, 6.40332 ], [ 2.32044, 6.40314 ], [ 2.32017, 6.40251 ], [ 2.32162, 6.40305 ], [ 2.32162, 6.40377 ], [ 2.32216, 6.40378 ], [ 2.32216, 6.40432 ], [ 2.32162, 6.40387 ], [ 2.32161, 6.40459 ], [ 2.32297, 6.40432 ], [ 2.32324, 6.40495 ], [ 2.32315, 6.40595 ], [ 2.32279, 6.40595 ], [ 2.32216, 6.40513 ], [ 2.32107, 6.40513 ], [ 2.32089, 6.40594 ], [ 2.32116, 6.40649 ], [ 2.32369, 6.40631 ], [ 2.32433, 6.40559 ], [ 2.32478, 6.40559 ], [ 2.32496, 6.40595 ], [ 2.32451, 6.40649 ], [ 2.32559, 6.40677 ], [ 2.3265, 6.40604 ], [ 2.32785, 6.40586 ], [ 2.32822, 6.40505 ], [ 2.3293, 6.40478 ], [ 2.32939, 6.40532 ], [ 2.32993, 6.40559 ], [ 2.32966, 6.40596 ], [ 2.32885, 6.4055 ], [ 2.32803, 6.40586 ], [ 2.32767, 6.4065 ], [ 2.32631, 6.40668 ], [ 2.32595, 6.40731 ], [ 2.32695, 6.40731 ], [ 2.32695, 6.40767 ], [ 2.32649, 6.40767 ], [ 2.32613, 6.4083 ], [ 2.32631, 6.40885 ], [ 2.3255, 6.40885 ], [ 2.32523, 6.40939 ], [ 2.32432, 6.40948 ], [ 2.32468, 6.41002 ], [ 2.32432, 6.41083 ], [ 2.32513, 6.41093 ], [ 2.32577, 6.41038 ], [ 2.32631, 6.41039 ], [ 2.3264, 6.41075 ], [ 2.32568, 6.41093 ], [ 2.32549, 6.41138 ], [ 2.32405, 6.4112 ], [ 2.32341, 6.41174 ], [ 2.32296, 6.41047 ], [ 2.32233, 6.41029 ], [ 2.32188, 6.41074 ], [ 2.32079, 6.40993 ], [ 2.32107, 6.40775 ], [ 2.32053, 6.40694 ], [ 2.32016, 6.40694 ], [ 2.32053, 6.40603 ], [ 2.31908, 6.40612 ], [ 2.3189, 6.40703 ], [ 2.31836, 6.40694 ], [ 2.31845, 6.40639 ], [ 2.31736, 6.40648 ], [ 2.31727, 6.40621 ], [ 2.31664, 6.40684 ], [ 2.31591, 6.40684 ], [ 2.316, 6.40784 ], [ 2.31637, 6.40775 ], [ 2.31646, 6.40712 ], [ 2.31664, 6.40721 ], [ 2.31655, 6.40775 ], [ 2.31691, 6.40811 ], [ 2.31646, 6.40811 ], [ 2.31645, 6.40874 ], [ 2.31673, 6.40838 ], [ 2.31673, 6.40892 ], [ 2.31636, 6.40892 ], [ 2.31627, 6.40838 ], [ 2.31582, 6.40883 ], [ 2.31546, 6.40802 ], [ 2.31537, 6.40838 ], [ 2.31474, 6.40811 ], [ 2.31483, 6.40657 ], [ 2.31429, 6.40657 ], [ 2.31402, 6.40603 ], [ 2.31365, 6.40603 ], [ 2.31375, 6.40548 ], [ 2.3132, 6.40521 ], [ 2.3132, 6.40449 ], [ 2.31257, 6.40412 ], [ 2.31275, 6.40349 ], [ 2.31221, 6.40331 ], [ 2.31248, 6.40286 ], [ 2.31294, 6.40286 ], [ 2.31294, 6.40241 ], [ 2.31203, 6.40186 ], [ 2.3123, 6.40222 ], [ 2.31194, 6.40259 ], [ 2.31203, 6.40304 ], [ 2.3114, 6.40304 ], [ 2.31122, 6.4034 ], [ 2.31113, 6.40268 ], [ 2.31058, 6.40231 ], [ 2.31086, 6.40204 ], [ 2.31077, 6.40068 ], [ 2.31068, 6.40168 ], [ 2.30968, 6.40195 ], [ 2.30805, 6.40068 ], [ 2.30679, 6.4005 ], [ 2.30625, 6.40077 ], [ 2.30634, 6.40014 ], [ 2.30525, 6.40031 ], [ 2.30525, 6.40068 ], [ 2.30606, 6.40086 ], [ 2.30606, 6.40113 ], [ 2.30498, 6.40113 ], [ 2.30398, 6.40294 ], [ 2.30452, 6.40276 ], [ 2.30516, 6.40321 ], [ 2.3057, 6.40285 ], [ 2.30588, 6.4033 ], [ 2.30624, 6.40312 ], [ 2.30706, 6.40366 ], [ 2.30696, 6.4043 ], [ 2.30642, 6.40457 ], [ 2.30796, 6.40484 ], [ 2.3085, 6.4053 ], [ 2.3085, 6.40566 ], [ 2.30723, 6.40556 ], [ 2.30769, 6.40629 ], [ 2.30759, 6.40683 ], [ 2.30705, 6.40683 ], [ 2.30669, 6.40737 ], [ 2.30633, 6.40674 ], [ 2.30597, 6.40674 ], [ 2.30615, 6.40737 ], [ 2.30569, 6.40755 ], [ 2.30542, 6.40665 ], [ 2.30398, 6.4071 ], [ 2.30371, 6.40547 ], [ 2.30298, 6.40529 ], [ 2.30298, 6.40484 ], [ 2.30344, 6.40466 ], [ 2.30326, 6.40411 ], [ 2.30262, 6.40384 ], [ 2.30226, 6.40429 ], [ 2.30181, 6.40357 ], [ 2.30181, 6.4033 ], [ 2.30244, 6.4033 ], [ 2.3019, 6.4023 ], [ 2.30136, 6.40239 ], [ 2.30127, 6.40293 ], [ 2.30091, 6.40284 ], [ 2.30045, 6.40347 ], [ 2.29964, 6.40338 ], [ 2.29955, 6.40384 ], [ 2.29919, 6.40329 ], [ 2.29837, 6.40356 ], [ 2.29846, 6.40329 ], [ 2.2981, 6.4032 ], [ 2.29738, 6.40419 ], [ 2.29693, 6.40428 ], [ 2.29738, 6.40374 ], [ 2.29684, 6.40374 ], [ 2.29702, 6.40392 ], [ 2.29656, 6.40446 ], [ 2.2963, 6.40247 ], [ 2.29593, 6.4022 ], [ 2.29557, 6.40274 ], [ 2.29512, 6.40274 ], [ 2.29512, 6.4022 ], [ 2.29566, 6.40157 ], [ 2.29557, 6.40094 ], [ 2.2944, 6.40111 ], [ 2.29494, 6.40075 ], [ 2.29485, 6.40039 ], [ 2.29413, 6.40039 ], [ 2.29386, 6.40093 ], [ 2.29349, 6.40075 ], [ 2.29358, 6.4012 ], [ 2.29259, 6.40175 ], [ 2.2925, 6.40102 ], [ 2.29096, 6.40075 ], [ 2.28943, 6.39957 ], [ 2.28888, 6.39975 ], [ 2.28834, 6.39866 ], [ 2.28726, 6.39866 ], [ 2.28671, 6.39984 ], [ 2.28698, 6.40011 ], [ 2.28653, 6.40029 ], [ 2.28671, 6.39902 ], [ 2.28635, 6.39875 ], [ 2.28626, 6.40002 ], [ 2.28563, 6.39975 ], [ 2.28508, 6.40011 ], [ 2.28518, 6.39956 ], [ 2.28355, 6.39956 ], [ 2.2831, 6.39911 ], [ 2.28346, 6.39902 ], [ 2.28337, 6.39839 ], [ 2.28265, 6.39856 ], [ 2.28246, 6.39829 ], [ 2.28237, 6.39893 ], [ 2.28301, 6.39911 ], [ 2.28255, 6.3992 ], [ 2.28228, 6.39983 ], [ 2.2821, 6.39875 ], [ 2.28201, 6.3992 ], [ 2.28174, 6.39874 ], [ 2.28156, 6.40055 ], [ 2.2812, 6.40046 ], [ 2.2812, 6.39983 ], [ 2.28083, 6.39992 ], [ 2.28084, 6.39929 ], [ 2.2802, 6.3991 ], [ 2.28048, 6.39847 ], [ 2.28011, 6.39901 ], [ 2.27948, 6.39919 ], [ 2.27966, 6.39838 ], [ 2.27848, 6.39901 ], [ 2.27758, 6.39892 ], [ 2.27731, 6.39928 ], [ 2.27758, 6.39982 ], [ 2.2774, 6.40091 ], [ 2.27803, 6.40082 ], [ 2.27812, 6.40118 ], [ 2.27902, 6.40091 ], [ 2.27921, 6.40127 ], [ 2.27893, 6.40145 ], [ 2.27939, 6.40191 ], [ 2.27911, 6.4029 ], [ 2.27938, 6.40381 ], [ 2.28011, 6.40399 ], [ 2.2802, 6.40363 ], [ 2.28047, 6.40372 ], [ 2.28047, 6.40426 ], [ 2.28155, 6.40517 ], [ 2.28164, 6.4058 ], [ 2.28282, 6.40544 ], [ 2.28263, 6.40644 ], [ 2.28308, 6.40816 ], [ 2.28263, 6.40825 ], [ 2.28299, 6.40906 ], [ 2.28254, 6.40888 ], [ 2.28254, 6.40924 ], [ 2.28317, 6.40924 ], [ 2.28335, 6.40969 ], [ 2.2829, 6.40978 ], [ 2.28272, 6.4106 ], [ 2.28326, 6.4106 ], [ 2.28353, 6.41015 ], [ 2.28317, 6.40978 ], [ 2.28353, 6.40978 ], [ 2.28381, 6.40924 ], [ 2.28417, 6.40933 ], [ 2.28561, 6.41133 ], [ 2.28552, 6.41205 ], [ 2.2866, 6.41286 ], [ 2.28633, 6.41314 ], [ 2.28633, 6.4135 ], [ 2.2866, 6.41341 ], [ 2.28651, 6.41467 ], [ 2.2876, 6.41495 ], [ 2.28787, 6.41549 ], [ 2.2875, 6.41576 ], [ 2.28778, 6.41594 ], [ 2.28823, 6.41576 ], [ 2.28832, 6.41495 ], [ 2.2876, 6.41477 ], [ 2.2876, 6.4144 ], [ 2.28805, 6.41468 ], [ 2.28787, 6.41422 ], [ 2.28823, 6.41404 ], [ 2.28886, 6.41459 ], [ 2.28986, 6.4145 ], [ 2.29022, 6.41414 ], [ 2.29022, 6.41468 ], [ 2.29149, 6.41486 ], [ 2.29067, 6.41586 ], [ 2.29076, 6.41703 ], [ 2.29022, 6.41739 ], [ 2.28985, 6.41857 ], [ 2.29003, 6.4192 ], [ 2.29012, 6.41884 ], [ 2.29058, 6.41884 ], [ 2.29067, 6.41956 ], [ 2.29157, 6.42002 ], [ 2.29175, 6.42074 ], [ 2.29102, 6.42101 ], [ 2.29084, 6.42192 ], [ 2.29048, 6.42083 ], [ 2.28967, 6.42074 ], [ 2.28967, 6.4211 ], [ 2.29039, 6.4211 ], [ 2.2903, 6.42201 ], [ 2.28931, 6.42201 ], [ 2.28912, 6.42246 ], [ 2.28985, 6.42282 ], [ 2.28985, 6.42363 ], [ 2.29039, 6.42436 ], [ 2.29147, 6.42445 ], [ 2.29138, 6.4249 ], [ 2.29192, 6.42499 ], [ 2.29138, 6.42599 ], [ 2.2912, 6.42581 ], [ 2.29156, 6.42653 ], [ 2.29102, 6.42653 ], [ 2.29074, 6.42716 ], [ 2.29129, 6.42762 ], [ 2.29201, 6.42753 ], [ 2.29264, 6.42834 ], [ 2.29391, 6.42807 ], [ 2.29346, 6.42798 ], [ 2.29346, 6.42753 ], [ 2.29418, 6.42789 ], [ 2.29336, 6.4297 ], [ 2.29363, 6.43052 ], [ 2.294, 6.43061 ], [ 2.29372, 6.43079 ], [ 2.29381, 6.4316 ], [ 2.29472, 6.4326 ], [ 2.29445, 6.43287 ], [ 2.29463, 6.4335 ], [ 2.29399, 6.4335 ], [ 2.29399, 6.43423 ], [ 2.29544, 6.43441 ], [ 2.29544, 6.43504 ], [ 2.29607, 6.43531 ], [ 2.29544, 6.43558 ], [ 2.29553, 6.43622 ], [ 2.29498, 6.43739 ], [ 2.2958, 6.43758 ], [ 2.29616, 6.4373 ], [ 2.29552, 6.43694 ], [ 2.29589, 6.43649 ], [ 2.29652, 6.43676 ], [ 2.29652, 6.43604 ], [ 2.29724, 6.43604 ], [ 2.29724, 6.43649 ], [ 2.29761, 6.43649 ], [ 2.29815, 6.43631 ], [ 2.29788, 6.43622 ], [ 2.29815, 6.43613 ], [ 2.29797, 6.43577 ], [ 2.29851, 6.43568 ], [ 2.29896, 6.43613 ], [ 2.29869, 6.43866 ], [ 2.29932, 6.43894 ], [ 2.29986, 6.43858 ], [ 2.29986, 6.44029 ], [ 2.30049, 6.44111 ], [ 2.30076, 6.44102 ], [ 2.30049, 6.4412 ], [ 2.30076, 6.44183 ], [ 2.30185, 6.44319 ], [ 2.30185, 6.44355 ], [ 2.30103, 6.44373 ], [ 2.30148, 6.44419 ], [ 2.30239, 6.44374 ], [ 2.30284, 6.44383 ], [ 2.30275, 6.44428 ], [ 2.30329, 6.44419 ], [ 2.30347, 6.44482 ], [ 2.30257, 6.445 ], [ 2.30338, 6.44591 ], [ 2.30338, 6.44745 ], [ 2.30401, 6.4488 ], [ 2.30482, 6.44953 ], [ 2.30582, 6.44899 ], [ 2.30555, 6.44962 ], [ 2.30618, 6.44971 ], [ 2.30627, 6.45007 ], [ 2.30564, 6.44971 ], [ 2.30518, 6.44989 ], [ 2.30491, 6.45062 ], [ 2.30527, 6.45161 ], [ 2.305, 6.45179 ], [ 2.30599, 6.45234 ], [ 2.30608, 6.45451 ], [ 2.30663, 6.45442 ], [ 2.30699, 6.45568 ], [ 2.30825, 6.45596 ], [ 2.30744, 6.45641 ], [ 2.30744, 6.45713 ], [ 2.30707, 6.45722 ], [ 2.3077, 6.45867 ], [ 2.30798, 6.45867 ], [ 2.30788, 6.46003 ], [ 2.30743, 6.45985 ], [ 2.30761, 6.46039 ], [ 2.30797, 6.46039 ], [ 2.30761, 6.46066 ], [ 2.30797, 6.46102 ], [ 2.30797, 6.4622 ], [ 2.3086, 6.46374 ], [ 2.30887, 6.46383 ], [ 2.30924, 6.46329 ], [ 2.30951, 6.46392 ], [ 2.31059, 6.46383 ], [ 2.3105, 6.46446 ], [ 2.31014, 6.46446 ], [ 2.31023, 6.46664 ], [ 2.31095, 6.46763 ], [ 2.31104, 6.46899 ], [ 2.31167, 6.47017 ], [ 2.31167, 6.47161 ], [ 2.31203, 6.47216 ], [ 2.31284, 6.47225 ], [ 2.3132, 6.4727 ], [ 2.31284, 6.47324 ], [ 2.31239, 6.47297 ], [ 2.31221, 6.47324 ], [ 2.31329, 6.47379 ], [ 2.3132, 6.47442 ], [ 2.31356, 6.4746 ], [ 2.31302, 6.47505 ], [ 2.31239, 6.47415 ], [ 2.31175, 6.47406 ], [ 2.31193, 6.47514 ], [ 2.31157, 6.47532 ], [ 2.31157, 6.47623 ], [ 2.31193, 6.47686 ], [ 2.31157, 6.47704 ], [ 2.31157, 6.47776 ], [ 2.31193, 6.47795 ], [ 2.31211, 6.47939 ], [ 2.31283, 6.47949 ], [ 2.31247, 6.47976 ], [ 2.31247, 6.48111 ], [ 2.31211, 6.48138 ], [ 2.31211, 6.48184 ], [ 2.31256, 6.48193 ], [ 2.3122, 6.4822 ], [ 2.31228, 6.48319 ], [ 2.31274, 6.48319 ], [ 2.31246, 6.48383 ], [ 2.31328, 6.48392 ], [ 2.31346, 6.48446 ], [ 2.31282, 6.48473 ], [ 2.31264, 6.48528 ], [ 2.31237, 6.48491 ], [ 2.31147, 6.48518 ], [ 2.31156, 6.48401 ], [ 2.31183, 6.48401 ], [ 2.31183, 6.48365 ], [ 2.31147, 6.48365 ], [ 2.31174, 6.48328 ], [ 2.31156, 6.48265 ], [ 2.31192, 6.48211 ], [ 2.31129, 6.48165 ], [ 2.31084, 6.47948 ], [ 2.3112, 6.47912 ], [ 2.31093, 6.47876 ], [ 2.31075, 6.47894 ], [ 2.31094, 6.47722 ], [ 2.31067, 6.47604 ], [ 2.31121, 6.47632 ], [ 2.31148, 6.4755 ], [ 2.31112, 6.47559 ], [ 2.31067, 6.47514 ], [ 2.31076, 6.4736 ], [ 2.3104, 6.47342 ], [ 2.31058, 6.47288 ], [ 2.31031, 6.47252 ], [ 2.31067, 6.47179 ], [ 2.3104, 6.47098 ], [ 2.30923, 6.47007 ], [ 2.30923, 6.46944 ], [ 2.30878, 6.46962 ], [ 2.30778, 6.46907 ], [ 2.30814, 6.46862 ], [ 2.30805, 6.46808 ], [ 2.30842, 6.46781 ], [ 2.30887, 6.46799 ], [ 2.30905, 6.46754 ], [ 2.30878, 6.46591 ], [ 2.30833, 6.46645 ], [ 2.30751, 6.46618 ], [ 2.30724, 6.46672 ], [ 2.30688, 6.46672 ], [ 2.30697, 6.466 ], [ 2.30779, 6.46591 ], [ 2.30598, 6.46554 ], [ 2.3067, 6.46509 ], [ 2.30706, 6.46527 ], [ 2.30733, 6.46455 ], [ 2.30634, 6.46374 ], [ 2.3067, 6.46328 ], [ 2.30661, 6.46256 ], [ 2.30652, 6.4631 ], [ 2.30634, 6.46265 ], [ 2.30571, 6.46256 ], [ 2.30607, 6.46238 ], [ 2.30571, 6.46238 ], [ 2.30544, 6.46183 ], [ 2.30571, 6.46138 ], [ 2.30553, 6.45984 ], [ 2.30454, 6.46039 ], [ 2.30427, 6.45957 ], [ 2.30454, 6.45894 ], [ 2.30409, 6.45903 ], [ 2.3049, 6.45731 ], [ 2.3049, 6.45595 ], [ 2.30454, 6.45523 ], [ 2.30518, 6.45559 ], [ 2.30509, 6.45405 ], [ 2.30455, 6.45387 ], [ 2.30409, 6.45459 ], [ 2.30472, 6.45514 ], [ 2.30382, 6.4555 ], [ 2.30355, 6.45532 ], [ 2.30364, 6.45432 ], [ 2.30319, 6.45432 ], [ 2.30337, 6.45405 ], [ 2.30301, 6.45387 ], [ 2.30328, 6.45342 ], [ 2.30292, 6.45369 ], [ 2.30265, 6.45278 ], [ 2.3012, 6.45251 ], [ 2.30147, 6.45215 ], [ 2.30102, 6.45133 ], [ 2.3012, 6.45061 ], [ 2.30066, 6.45034 ], [ 2.30102, 6.44934 ], [ 2.30021, 6.44871 ], [ 2.29967, 6.44916 ], [ 2.29931, 6.44898 ], [ 2.29922, 6.44826 ], [ 2.29967, 6.44835 ], [ 2.29985, 6.44798 ], [ 2.29922, 6.44789 ], [ 2.29886, 6.44708 ], [ 2.29913, 6.44654 ], [ 2.29768, 6.44672 ], [ 2.29795, 6.44608 ], [ 2.29741, 6.44554 ], [ 2.29768, 6.44509 ], [ 2.29642, 6.444 ], [ 2.29678, 6.44355 ], [ 2.29597, 6.44364 ], [ 2.29642, 6.44255 ], [ 2.29561, 6.44255 ], [ 2.29525, 6.44174 ], [ 2.29407, 6.44155 ], [ 2.29344, 6.44029 ], [ 2.29353, 6.43947 ], [ 2.29444, 6.43911 ], [ 2.29444, 6.43884 ], [ 2.29398, 6.43884 ], [ 2.29435, 6.43866 ], [ 2.29444, 6.43803 ], [ 2.29326, 6.43848 ], [ 2.29218, 6.43784 ], [ 2.29172, 6.43793 ], [ 2.29209, 6.43829 ], [ 2.29145, 6.43838 ], [ 2.29136, 6.43757 ], [ 2.291, 6.43793 ], [ 2.29055, 6.43784 ], [ 2.29037, 6.43675 ], [ 2.28974, 6.43648 ], [ 2.28947, 6.43377 ], [ 2.28703, 6.43322 ], [ 2.28694, 6.43277 ], [ 2.28549, 6.43213 ], [ 2.28595, 6.43087 ], [ 2.2864, 6.4306 ], [ 2.28622, 6.43005 ], [ 2.28613, 6.43051 ], [ 2.28586, 6.43014 ], [ 2.28531, 6.43032 ], [ 2.28441, 6.42978 ], [ 2.28441, 6.42933 ], [ 2.28541, 6.42969 ], [ 2.28586, 6.42915 ], [ 2.28568, 6.42842 ], [ 2.28532, 6.42833 ], [ 2.28559, 6.42815 ], [ 2.28514, 6.42815 ], [ 2.2846, 6.42716 ], [ 2.28496, 6.42688 ], [ 2.28496, 6.42661 ], [ 2.28442, 6.42652 ], [ 2.28442, 6.4258 ], [ 2.28396, 6.42598 ], [ 2.28387, 6.42652 ], [ 2.28333, 6.42643 ], [ 2.28306, 6.42562 ], [ 2.28279, 6.42598 ], [ 2.28279, 6.42489 ], [ 2.28324, 6.42435 ], [ 2.2827, 6.42408 ], [ 2.2827, 6.42372 ], [ 2.28369, 6.42444 ], [ 2.28397, 6.4239 ], [ 2.28351, 6.42372 ], [ 2.28379, 6.42308 ], [ 2.28261, 6.42227 ], [ 2.28316, 6.42164 ], [ 2.28306, 6.42245 ], [ 2.28334, 6.42245 ], [ 2.28379, 6.42164 ], [ 2.28343, 6.42001 ], [ 2.2837, 6.41956 ], [ 2.2828, 6.41983 ], [ 2.28244, 6.4191 ], [ 2.28207, 6.41919 ], [ 2.28216, 6.41946 ], [ 2.28144, 6.4191 ], [ 2.28153, 6.41847 ], [ 2.2818, 6.41847 ], [ 2.28162, 6.41711 ], [ 2.28054, 6.41729 ], [ 2.28153, 6.41666 ], [ 2.28108, 6.41593 ], [ 2.28118, 6.4153 ], [ 2.28072, 6.41512 ], [ 2.28054, 6.41575 ], [ 2.28009, 6.41584 ], [ 2.27991, 6.41539 ], [ 2.28045, 6.41521 ], [ 2.28045, 6.41485 ], [ 2.27982, 6.41503 ], [ 2.27937, 6.41439 ], [ 2.27973, 6.41385 ], [ 2.27937, 6.41376 ], [ 2.27937, 6.41358 ], [ 2.27973, 6.4134 ], [ 2.28018, 6.41385 ], [ 2.28018, 6.41286 ], [ 2.27865, 6.41358 ], [ 2.27901, 6.41276 ], [ 2.27919, 6.41294 ], [ 2.2791, 6.41195 ], [ 2.27865, 6.41222 ], [ 2.27865, 6.4115 ], [ 2.27829, 6.4115 ], [ 2.27829, 6.41113 ], [ 2.27774, 6.41104 ], [ 2.27747, 6.41231 ], [ 2.27702, 6.41122 ], [ 2.27666, 6.41122 ], [ 2.27657, 6.41222 ], [ 2.27603, 6.41122 ], [ 2.27367, 6.41176 ], [ 2.27422, 6.41194 ], [ 2.27367, 6.41203 ], [ 2.27322, 6.4133 ], [ 2.27421, 6.41375 ], [ 2.27403, 6.41511 ], [ 2.27349, 6.41475 ], [ 2.27258, 6.41493 ], [ 2.2725, 6.41375 ], [ 2.27186, 6.41312 ], [ 2.2715, 6.41456 ], [ 2.27213, 6.41438 ], [ 2.2724, 6.41474 ], [ 2.27231, 6.41511 ], [ 2.27186, 6.41511 ], [ 2.27231, 6.41583 ], [ 2.27213, 6.41664 ], [ 2.27312, 6.41665 ], [ 2.27313, 6.4161 ], [ 2.27358, 6.4161 ], [ 2.27358, 6.41674 ], [ 2.27321, 6.41683 ], [ 2.27358, 6.41764 ], [ 2.27276, 6.41692 ], [ 2.27249, 6.4171 ], [ 2.27285, 6.41755 ], [ 2.27276, 6.41854 ], [ 2.27231, 6.41836 ], [ 2.2724, 6.41764 ], [ 2.27204, 6.41755 ], [ 2.2714, 6.41782 ], [ 2.27122, 6.41845 ], [ 2.27086, 6.41836 ], [ 2.27086, 6.41899 ], [ 2.27032, 6.41872 ], [ 2.27095, 6.41981 ], [ 2.2705, 6.41999 ], [ 2.2705, 6.42044 ], [ 2.27158, 6.42071 ], [ 2.2714, 6.42144 ], [ 2.27095, 6.42144 ], [ 2.27022, 6.42062 ], [ 2.26959, 6.42062 ], [ 2.26968, 6.42017 ], [ 2.26905, 6.42017 ], [ 2.26896, 6.41962 ], [ 2.26824, 6.42017 ], [ 2.26851, 6.42098 ], [ 2.26814, 6.42261 ], [ 2.26877, 6.4237 ], [ 2.26805, 6.4236 ], [ 2.26805, 6.42433 ], [ 2.26696, 6.42505 ], [ 2.26687, 6.42577 ], [ 2.26814, 6.42623 ], [ 2.26841, 6.42713 ], [ 2.26795, 6.42704 ], [ 2.26759, 6.4274 ], [ 2.26841, 6.42768 ], [ 2.26841, 6.42813 ], [ 2.26813, 6.42804 ], [ 2.26831, 6.42876 ], [ 2.26886, 6.42885 ], [ 2.26831, 6.42939 ], [ 2.2675, 6.42885 ], [ 2.26705, 6.42894 ], [ 2.26677, 6.42994 ], [ 2.26623, 6.42975 ], [ 2.26578, 6.42885 ], [ 2.26497, 6.42921 ], [ 2.26478, 6.43011 ], [ 2.26442, 6.42993 ], [ 2.26415, 6.4302 ], [ 2.26433, 6.43165 ], [ 2.26496, 6.43084 ], [ 2.26542, 6.43093 ], [ 2.26342, 6.43445 ], [ 2.26387, 6.43545 ], [ 2.26424, 6.43491 ], [ 2.26442, 6.43518 ], [ 2.26387, 6.43563 ], [ 2.26351, 6.43536 ], [ 2.26279, 6.43626 ], [ 2.26297, 6.43726 ], [ 2.26242, 6.43735 ], [ 2.2626, 6.43753 ], [ 2.26206, 6.43807 ], [ 2.26188, 6.43907 ], [ 2.26125, 6.43879 ], [ 2.26097, 6.43924 ], [ 2.2607, 6.44024 ], [ 2.26088, 6.44051 ], [ 2.26097, 6.44006 ], [ 2.26151, 6.44015 ], [ 2.26124, 6.43952 ], [ 2.2617, 6.43916 ], [ 2.26224, 6.43961 ], [ 2.26224, 6.44006 ], [ 2.26151, 6.44042 ], [ 2.26169, 6.44106 ], [ 2.26061, 6.4425 ], [ 2.2607, 6.44313 ], [ 2.25916, 6.44358 ], [ 2.25906, 6.44576 ], [ 2.25843, 6.44603 ], [ 2.25852, 6.44639 ], [ 2.25897, 6.44585 ], [ 2.2597, 6.44603 ], [ 2.25997, 6.44567 ], [ 2.26024, 6.44648 ], [ 2.25924, 6.44639 ], [ 2.25843, 6.44711 ], [ 2.25852, 6.44793 ], [ 2.2577, 6.4482 ], [ 2.25734, 6.44783 ], [ 2.25734, 6.44711 ], [ 2.25644, 6.4472 ], [ 2.25571, 6.4481 ], [ 2.25571, 6.44892 ], [ 2.25662, 6.44783 ], [ 2.25662, 6.44838 ], [ 2.25626, 6.44847 ], [ 2.25653, 6.44883 ], [ 2.25608, 6.44892 ], [ 2.25607, 6.44928 ], [ 2.25653, 6.44946 ], [ 2.25616, 6.44946 ], [ 2.25598, 6.45009 ], [ 2.25689, 6.4501 ], [ 2.25707, 6.45046 ], [ 2.25544, 6.451 ], [ 2.25499, 6.45064 ], [ 2.2549, 6.45154 ], [ 2.25444, 6.45163 ], [ 2.25381, 6.45253 ], [ 2.25381, 6.4529 ], [ 2.25435, 6.45262 ], [ 2.25426, 6.45308 ], [ 2.25471, 6.45344 ], [ 2.25435, 6.45362 ], [ 2.25453, 6.4538 ], [ 2.25471, 6.45362 ], [ 2.25534, 6.45362 ], [ 2.25517, 6.4529 ], [ 2.2558, 6.45263 ], [ 2.25553, 6.45344 ], [ 2.25598, 6.45407 ], [ 2.25543, 6.45434 ], [ 2.2548, 6.45371 ], [ 2.2548, 6.45443 ], [ 2.25426, 6.45452 ], [ 2.25426, 6.45498 ], [ 2.25363, 6.45461 ], [ 2.25371, 6.45751 ], [ 2.25416, 6.45733 ], [ 2.25434, 6.45805 ], [ 2.2547, 6.45841 ], [ 2.25507, 6.45823 ], [ 2.25507, 6.45851 ], [ 2.2538, 6.45841 ], [ 2.2538, 6.45995 ], [ 2.25434, 6.46004 ], [ 2.25344, 6.46031 ], [ 2.2538, 6.4614 ], [ 2.25343, 6.46203 ], [ 2.2537, 6.46257 ], [ 2.25343, 6.4633 ], [ 2.25397, 6.46348 ], [ 2.25379, 6.46484 ], [ 2.25334, 6.46493 ], [ 2.25289, 6.46357 ], [ 2.25262, 6.46393 ], [ 2.25226, 6.46357 ], [ 2.25199, 6.46239 ], [ 2.25244, 6.46239 ], [ 2.25226, 6.46176 ], [ 2.25253, 6.46176 ], [ 2.25262, 6.46085 ], [ 2.25226, 6.46031 ], [ 2.25262, 6.45877 ], [ 2.25226, 6.45859 ], [ 2.25235, 6.45769 ], [ 2.25199, 6.4576 ], [ 2.2519, 6.45696 ], [ 2.25154, 6.45714 ], [ 2.251, 6.4566 ], [ 2.25208, 6.45678 ], [ 2.25236, 6.45633 ], [ 2.25245, 6.45669 ], [ 2.25263, 6.45543 ], [ 2.25218, 6.45461 ], [ 2.25118, 6.45452 ], [ 2.25308, 6.45416 ], [ 2.25354, 6.45172 ], [ 2.253, 6.45136 ], [ 2.25336, 6.45099 ], [ 2.25264, 6.45108 ], [ 2.25264, 6.45072 ], [ 2.25218, 6.45054 ], [ 2.2539, 6.45027 ], [ 2.25427, 6.44901 ], [ 2.25363, 6.44846 ], [ 2.25364, 6.44756 ], [ 2.25436, 6.44765 ], [ 2.25427, 6.44801 ], [ 2.25454, 6.44801 ], [ 2.25463, 6.44674 ], [ 2.25581, 6.44602 ], [ 2.25581, 6.44539 ], [ 2.2559, 6.44566 ], [ 2.25653, 6.44548 ], [ 2.25644, 6.44521 ], [ 2.25626, 6.44539 ], [ 2.25599, 6.4453 ], [ 2.2568, 6.44476 ], [ 2.2569, 6.44331 ], [ 2.25608, 6.44376 ], [ 2.25572, 6.44349 ], [ 2.25635, 6.44331 ], [ 2.25608, 6.44259 ], [ 2.25654, 6.44277 ], [ 2.25636, 6.4425 ], [ 2.2578, 6.44241 ], [ 2.25771, 6.44132 ], [ 2.25826, 6.44141 ], [ 2.25835, 6.44033 ], [ 2.25907, 6.43888 ], [ 2.25835, 6.43797 ], [ 2.25889, 6.43798 ], [ 2.25935, 6.43698 ], [ 2.2598, 6.43734 ], [ 2.25998, 6.4368 ], [ 2.26025, 6.43716 ], [ 2.26089, 6.43689 ], [ 2.26044, 6.43563 ], [ 2.26007, 6.43553 ], [ 2.25999, 6.43436 ], [ 2.26044, 6.43454 ], [ 2.26053, 6.43391 ], [ 2.26017, 6.43354 ], [ 2.26053, 6.43309 ], [ 2.26035, 6.43264 ], [ 2.26089, 6.43228 ], [ 2.26035, 6.43146 ], [ 2.26117, 6.43137 ], [ 2.26117, 6.43083 ], [ 2.26098, 6.43119 ], [ 2.26026, 6.43137 ], [ 2.26026, 6.43174 ], [ 2.25981, 6.43155 ], [ 2.2599, 6.43192 ], [ 2.25927, 6.43164 ], [ 2.25954, 6.4311 ], [ 2.2599, 6.43137 ], [ 2.26099, 6.43092 ], [ 2.26072, 6.42965 ], [ 2.2599, 6.42965 ], [ 2.26008, 6.42911 ], [ 2.26072, 6.42911 ], [ 2.26135, 6.42966 ], [ 2.26198, 6.42866 ], [ 2.26253, 6.42848 ], [ 2.26262, 6.42875 ], [ 2.26343, 6.42749 ], [ 2.26461, 6.42686 ], [ 2.26407, 6.42586 ], [ 2.26452, 6.42478 ], [ 2.26425, 6.42297 ], [ 2.26443, 6.42342 ], [ 2.2647, 6.42279 ], [ 2.26407, 6.42242 ], [ 2.2648, 6.42098 ], [ 2.26462, 6.42034 ], [ 2.2638, 6.42016 ], [ 2.26453, 6.41998 ], [ 2.2648, 6.41926 ], [ 2.26353, 6.41898 ], [ 2.26453, 6.4188 ], [ 2.26543, 6.41908 ], [ 2.26553, 6.41844 ], [ 2.26507, 6.41808 ], [ 2.26562, 6.41799 ], [ 2.26562, 6.41663 ], [ 2.26598, 6.41664 ], [ 2.26598, 6.41727 ], [ 2.26625, 6.41718 ], [ 2.26616, 6.41609 ], [ 2.26661, 6.41609 ], [ 2.26625, 6.41627 ], [ 2.26634, 6.41664 ], [ 2.2677, 6.41646 ], [ 2.26815, 6.41582 ], [ 2.26815, 6.41492 ], [ 2.27023, 6.41429 ], [ 2.26978, 6.41347 ], [ 2.26987, 6.41266 ], [ 2.26924, 6.41212 ], [ 2.26951, 6.41157 ], [ 2.26933, 6.41031 ], [ 2.27006, 6.40967 ], [ 2.26997, 6.40796 ], [ 2.26907, 6.40823 ], [ 2.26925, 6.40786 ], [ 2.26844, 6.40714 ], [ 2.26907, 6.40615 ], [ 2.26889, 6.40524 ], [ 2.26943, 6.40497 ], [ 2.26889, 6.40379 ], [ 2.26925, 6.40397 ], [ 2.26934, 6.40352 ], [ 2.26989, 6.40325 ], [ 2.27043, 6.40461 ], [ 2.27215, 6.4047 ], [ 2.27242, 6.40434 ], [ 2.27242, 6.40362 ], [ 2.27215, 6.40353 ], [ 2.27242, 6.40289 ], [ 2.27179, 6.40199 ], [ 2.27079, 6.40171 ], [ 2.2698, 6.40244 ], [ 2.26989, 6.40208 ], [ 2.26935, 6.40171 ], [ 2.26989, 6.40135 ], [ 2.27007, 6.40189 ], [ 2.27034, 6.40189 ], [ 2.27125, 6.39991 ], [ 2.27152, 6.40072 ], [ 2.27206, 6.40018 ], [ 2.27206, 6.40072 ], [ 2.27152, 6.40108 ], [ 2.27215, 6.4009 ], [ 2.27297, 6.40127 ], [ 2.27287, 6.40181 ], [ 2.27315, 6.4019 ], [ 2.27269, 6.4019 ], [ 2.27269, 6.40208 ], [ 2.27315, 6.40199 ], [ 2.27296, 6.40235 ], [ 2.27323, 6.40235 ], [ 2.27342, 6.40027 ], [ 2.27279, 6.39873 ], [ 2.27288, 6.39792 ], [ 2.2717, 6.39792 ], [ 2.27152, 6.39828 ], [ 2.27188, 6.39846 ], [ 2.27179, 6.39864 ], [ 2.27134, 6.39828 ], [ 2.27089, 6.39728 ], [ 2.26972, 6.39665 ], [ 2.2699, 6.3961 ], [ 2.26908, 6.3961 ], [ 2.26854, 6.39547 ], [ 2.26664, 6.39465 ], [ 2.26655, 6.39501 ], [ 2.26592, 6.39519 ], [ 2.26601, 6.39547 ], [ 2.26673, 6.39592 ], [ 2.26682, 6.39565 ], [ 2.26746, 6.39574 ], [ 2.26782, 6.39601 ], [ 2.26773, 6.39646 ], [ 2.26728, 6.39619 ], [ 2.26664, 6.39664 ], [ 2.26619, 6.39601 ], [ 2.26601, 6.39628 ], [ 2.26574, 6.39592 ], [ 2.26492, 6.39601 ], [ 2.2651, 6.39619 ], [ 2.26393, 6.39646 ], [ 2.26338, 6.39736 ], [ 2.26257, 6.39718 ], [ 2.26221, 6.39636 ], [ 2.26167, 6.39682 ], [ 2.26022, 6.39645 ], [ 2.26031, 6.3969 ], [ 2.25914, 6.39672 ], [ 2.25877, 6.39699 ], [ 2.25932, 6.39754 ], [ 2.2585, 6.39853 ], [ 2.25796, 6.39763 ], [ 2.25751, 6.39762 ], [ 2.25814, 6.39735 ], [ 2.25796, 6.3969 ], [ 2.25751, 6.39699 ], [ 2.25751, 6.39735 ], [ 2.25715, 6.39717 ], [ 2.25715, 6.39645 ], [ 2.25751, 6.39654 ], [ 2.2585, 6.39645 ], [ 2.25724, 6.39591 ], [ 2.25678, 6.39654 ], [ 2.25543, 6.39563 ], [ 2.2548, 6.39599 ], [ 2.25489, 6.39626 ], [ 2.25344, 6.39626 ], [ 2.2529, 6.39689 ], [ 2.25181, 6.39635 ], [ 2.25127, 6.39671 ], [ 2.25145, 6.39762 ], [ 2.24973, 6.39698 ], [ 2.24901, 6.39734 ], [ 2.24765, 6.39734 ], [ 2.24729, 6.3977 ], [ 2.24638, 6.39761 ], [ 2.2462, 6.39824 ], [ 2.24665, 6.3986 ], [ 2.2462, 6.39942 ], [ 2.24647, 6.39978 ], [ 2.24539, 6.3996 ], [ 2.24566, 6.40059 ], [ 2.24529, 6.40077 ], [ 2.24475, 6.40005 ], [ 2.24475, 6.39896 ], [ 2.24457, 6.39914 ], [ 2.24493, 6.39851 ], [ 2.24349, 6.39806 ], [ 2.24367, 6.39733 ], [ 2.24385, 6.3977 ], [ 2.24412, 6.39724 ], [ 2.24331, 6.39724 ], [ 2.24304, 6.39688 ], [ 2.24213, 6.39724 ], [ 2.24204, 6.3967 ], [ 2.24069, 6.39688 ], [ 2.24069, 6.39651 ], [ 2.24123, 6.39633 ], [ 2.2406, 6.39543 ], [ 2.24051, 6.39724 ], [ 2.23978, 6.39687 ], [ 2.23942, 6.3976 ], [ 2.2387, 6.39769 ], [ 2.23788, 6.3976 ], [ 2.23734, 6.39705 ], [ 2.23716, 6.39732 ], [ 2.23653, 6.39705 ], [ 2.23626, 6.39732 ], [ 2.23644, 6.39768 ], [ 2.23571, 6.39814 ], [ 2.23589, 6.39868 ], [ 2.23553, 6.39868 ], [ 2.2358, 6.39922 ], [ 2.23544, 6.39922 ], [ 2.23499, 6.39841 ], [ 2.23508, 6.39913 ], [ 2.23399, 6.39913 ], [ 2.23345, 6.3984 ], [ 2.23282, 6.39876 ], [ 2.23227, 6.39858 ], [ 2.23218, 6.39949 ], [ 2.23146, 6.39985 ], [ 2.23091, 6.40075 ], [ 2.23055, 6.40057 ], [ 2.23064, 6.39994 ], [ 2.23164, 6.39912 ], [ 2.2311, 6.39876 ], [ 2.23083, 6.39885 ], [ 2.23101, 6.39949 ], [ 2.23037, 6.39957 ], [ 2.23037, 6.40012 ], [ 2.22947, 6.40021 ], [ 2.22694, 6.39948 ], [ 2.2254, 6.40029 ], [ 2.22567, 6.40011 ], [ 2.22549, 6.39957 ], [ 2.22531, 6.4002 ], [ 2.22377, 6.40092 ], [ 2.22422, 6.40119 ], [ 2.22476, 6.40101 ], [ 2.22422, 6.40147 ], [ 2.22431, 6.40237 ], [ 2.22322, 6.40255 ], [ 2.22295, 6.40228 ], [ 2.22313, 6.40282 ], [ 2.22413, 6.40327 ], [ 2.22331, 6.40382 ], [ 2.22349, 6.40345 ], [ 2.22322, 6.40336 ], [ 2.22286, 6.40382 ], [ 2.22304, 6.40445 ], [ 2.22349, 6.40436 ], [ 2.2234, 6.40391 ], [ 2.22395, 6.404 ], [ 2.22358, 6.40427 ], [ 2.22386, 6.40445 ], [ 2.22349, 6.40445 ], [ 2.22367, 6.40517 ], [ 2.22403, 6.40517 ], [ 2.22367, 6.40535 ], [ 2.22385, 6.40617 ], [ 2.2253, 6.40581 ], [ 2.22512, 6.40644 ], [ 2.22548, 6.4069 ], [ 2.22512, 6.40653 ], [ 2.22385, 6.40644 ], [ 2.2234, 6.40707 ], [ 2.22295, 6.40635 ], [ 2.22177, 6.40671 ], [ 2.22177, 6.40698 ], [ 2.22195, 6.4068 ], [ 2.22322, 6.40762 ], [ 2.22249, 6.40825 ], [ 2.22231, 6.40979 ], [ 2.22367, 6.40997 ], [ 2.22448, 6.41142 ], [ 2.22393, 6.41142 ], [ 2.22439, 6.41196 ], [ 2.22357, 6.41214 ], [ 2.22339, 6.41268 ], [ 2.22429, 6.41377 ], [ 2.22312, 6.4135 ], [ 2.2233, 6.41467 ], [ 2.22294, 6.41449 ], [ 2.22303, 6.41413 ], [ 2.22248, 6.4144 ], [ 2.22248, 6.4153 ], [ 2.22203, 6.41558 ], [ 2.22257, 6.41639 ], [ 2.2223, 6.41693 ], [ 2.22131, 6.41539 ], [ 2.22158, 6.41485 ], [ 2.21995, 6.41412 ], [ 2.22041, 6.41286 ], [ 2.21995, 6.41241 ], [ 2.21914, 6.4124 ], [ 2.21896, 6.41096 ], [ 2.21733, 6.41068 ], [ 2.21806, 6.41041 ], [ 2.21788, 6.40987 ], [ 2.21842, 6.40933 ], [ 2.21806, 6.4086 ], [ 2.21752, 6.40869 ], [ 2.2177, 6.40833 ], [ 2.21734, 6.40815 ], [ 2.2168, 6.40833 ], [ 2.21643, 6.40905 ], [ 2.21607, 6.40842 ], [ 2.21535, 6.40824 ], [ 2.21517, 6.40851 ], [ 2.2158, 6.40851 ], [ 2.21625, 6.4096 ], [ 2.2158, 6.41005 ], [ 2.21489, 6.40968 ], [ 2.21499, 6.40905 ], [ 2.21453, 6.40869 ], [ 2.21417, 6.40751 ], [ 2.21363, 6.4076 ], [ 2.21354, 6.40814 ], [ 2.21291, 6.4085 ], [ 2.21209, 6.40796 ], [ 2.21155, 6.40823 ], [ 2.21155, 6.40859 ], [ 2.21209, 6.40859 ], [ 2.21182, 6.40905 ], [ 2.21209, 6.40977 ], [ 2.21164, 6.41031 ], [ 2.21236, 6.4104 ], [ 2.21209, 6.41113 ], [ 2.21281, 6.41149 ], [ 2.21272, 6.41185 ], [ 2.21227, 6.41185 ], [ 2.21218, 6.41239 ], [ 2.21154, 6.41248 ], [ 2.21272, 6.4133 ], [ 2.21281, 6.41402 ], [ 2.21163, 6.41411 ], [ 2.21253, 6.41511 ], [ 2.21308, 6.41475 ], [ 2.21299, 6.41448 ], [ 2.2138, 6.41466 ], [ 2.21317, 6.41511 ], [ 2.21289, 6.41665 ], [ 2.21407, 6.41782 ], [ 2.21407, 6.41864 ], [ 2.21443, 6.41873 ], [ 2.21452, 6.41927 ], [ 2.21479, 6.41927 ], [ 2.21461, 6.41873 ], [ 2.21488, 6.41855 ], [ 2.21515, 6.41936 ], [ 2.21606, 6.41909 ], [ 2.21605, 6.41973 ], [ 2.21678, 6.42045 ], [ 2.21678, 6.4209 ], [ 2.21741, 6.42054 ], [ 2.21831, 6.42091 ], [ 2.21822, 6.42136 ], [ 2.21786, 6.42109 ], [ 2.21714, 6.42172 ], [ 2.21759, 6.4219 ], [ 2.21786, 6.42145 ], [ 2.21777, 6.4219 ], [ 2.2184, 6.4219 ], [ 2.21876, 6.42254 ], [ 2.21831, 6.42272 ], [ 2.21858, 6.42272 ], [ 2.21885, 6.42362 ], [ 2.22066, 6.42344 ], [ 2.22102, 6.42516 ], [ 2.22021, 6.42543 ], [ 2.22011, 6.42579 ], [ 2.22048, 6.42643 ], [ 2.22102, 6.42598 ], [ 2.22084, 6.42715 ], [ 2.22111, 6.42752 ], [ 2.22174, 6.42724 ], [ 2.22192, 6.42842 ], [ 2.22246, 6.42806 ], [ 2.22228, 6.42734 ], [ 2.22319, 6.42797 ], [ 2.22391, 6.42761 ], [ 2.22391, 6.42924 ], [ 2.22364, 6.4296 ], [ 2.22291, 6.42951 ], [ 2.22273, 6.42996 ], [ 2.22481, 6.43033 ], [ 2.22472, 6.42969 ], [ 2.22553, 6.42987 ], [ 2.22544, 6.43024 ], [ 2.22517, 6.43015 ], [ 2.22553, 6.43069 ], [ 2.22526, 6.43105 ], [ 2.22544, 6.43159 ], [ 2.22454, 6.43114 ], [ 2.22436, 6.43177 ], [ 2.22463, 6.43186 ], [ 2.22372, 6.43222 ], [ 2.2239, 6.43268 ], [ 2.22481, 6.43277 ], [ 2.22472, 6.43304 ], [ 2.22517, 6.43313 ], [ 2.22372, 6.43304 ], [ 2.2239, 6.43349 ], [ 2.22535, 6.43376 ], [ 2.22526, 6.43413 ], [ 2.22426, 6.4344 ], [ 2.22517, 6.43458 ], [ 2.22507, 6.4353 ], [ 2.22381, 6.43503 ], [ 2.22381, 6.43566 ], [ 2.22417, 6.43548 ], [ 2.22408, 6.43602 ], [ 2.22435, 6.43584 ], [ 2.22435, 6.4363 ], [ 2.22408, 6.43611 ], [ 2.22417, 6.43747 ], [ 2.22317, 6.43774 ], [ 2.2229, 6.43846 ], [ 2.22362, 6.43828 ], [ 2.22435, 6.43883 ], [ 2.22416, 6.43937 ], [ 2.22471, 6.43964 ], [ 2.22443, 6.43982 ], [ 2.22461, 6.44046 ], [ 2.22389, 6.44037 ], [ 2.2238, 6.44073 ], [ 2.22434, 6.44136 ], [ 2.22507, 6.44136 ], [ 2.22488, 6.44191 ], [ 2.22525, 6.44209 ], [ 2.22488, 6.44218 ], [ 2.22524, 6.44272 ], [ 2.22561, 6.44263 ], [ 2.22561, 6.44317 ], [ 2.22515, 6.4429 ], [ 2.22515, 6.44326 ], [ 2.22606, 6.4439 ], [ 2.22587, 6.44417 ], [ 2.22497, 6.4439 ], [ 2.22488, 6.44453 ], [ 2.22407, 6.44417 ], [ 2.22334, 6.44471 ], [ 2.22388, 6.44489 ], [ 2.22388, 6.44444 ], [ 2.22416, 6.44444 ], [ 2.22443, 6.44489 ], [ 2.22615, 6.44498 ], [ 2.22587, 6.44544 ], [ 2.22551, 6.44534 ], [ 2.22551, 6.44634 ], [ 2.22605, 6.44643 ], [ 2.22524, 6.44652 ], [ 2.22506, 6.44688 ], [ 2.22587, 6.44733 ], [ 2.22478, 6.4477 ], [ 2.22469, 6.44824 ], [ 2.22505, 6.44869 ], [ 2.22487, 6.44941 ], [ 2.22532, 6.44969 ], [ 2.22542, 6.44914 ], [ 2.22587, 6.4496 ], [ 2.22587, 6.44996 ], [ 2.2255, 6.44969 ], [ 2.22532, 6.45014 ], [ 2.22605, 6.45113 ], [ 2.22559, 6.4515 ], [ 2.22505, 6.45131 ], [ 2.22451, 6.45222 ], [ 2.2246, 6.45285 ], [ 2.22432, 6.45294 ], [ 2.22478, 6.45303 ], [ 2.22468, 6.45367 ], [ 2.22441, 6.45367 ], [ 2.22468, 6.45385 ], [ 2.2245, 6.45484 ], [ 2.22486, 6.45511 ], [ 2.22468, 6.45566 ], [ 2.22432, 6.45566 ], [ 2.22432, 6.4543 ], [ 2.22414, 6.45475 ], [ 2.22423, 6.45575 ], [ 2.22441, 6.45602 ], [ 2.22468, 6.45575 ], [ 2.22477, 6.45611 ], [ 2.22423, 6.45647 ], [ 2.22423, 6.45692 ], [ 2.2245, 6.45683 ], [ 2.22504, 6.45756 ], [ 2.22459, 6.45792 ], [ 2.22585, 6.45747 ], [ 2.22585, 6.45828 ], [ 2.22468, 6.45846 ], [ 2.22459, 6.459 ], [ 2.22413, 6.459 ], [ 2.22413, 6.46244 ], [ 2.22368, 6.46262 ], [ 2.22395, 6.46298 ], [ 2.22368, 6.46334 ], [ 2.22394, 6.46515 ], [ 2.22449, 6.46434 ], [ 2.22449, 6.46362 ], [ 2.22476, 6.46371 ], [ 2.22449, 6.46579 ], [ 2.22494, 6.46651 ], [ 2.22403, 6.46687 ], [ 2.22448, 6.46705 ], [ 2.22412, 6.46778 ], [ 2.22493, 6.46886 ], [ 2.22421, 6.46932 ], [ 2.22412, 6.47022 ], [ 2.22303, 6.47067 ], [ 2.22312, 6.47112 ], [ 2.22366, 6.47112 ], [ 2.2233, 6.4714 ], [ 2.22339, 6.47194 ], [ 2.22303, 6.47212 ], [ 2.22303, 6.47158 ], [ 2.22258, 6.47158 ], [ 2.22276, 6.47176 ], [ 2.22203, 6.47203 ], [ 2.22203, 6.47293 ], [ 2.22267, 6.47275 ], [ 2.2223, 6.47311 ], [ 2.22276, 6.47338 ], [ 2.22239, 6.47338 ], [ 2.22221, 6.47429 ], [ 2.2214, 6.47447 ], [ 2.22112, 6.47582 ], [ 2.21977, 6.476 ], [ 2.21904, 6.47709 ], [ 2.21904, 6.47781 ], [ 2.21994, 6.47781 ], [ 2.22022, 6.47836 ], [ 2.21922, 6.47872 ], [ 2.21931, 6.47953 ], [ 2.21904, 6.4789 ], [ 2.2185, 6.47881 ], [ 2.21831, 6.47944 ], [ 2.21732, 6.4798 ], [ 2.21804, 6.4798 ], [ 2.21804, 6.48025 ], [ 2.21732, 6.48079 ], [ 2.21723, 6.48143 ], [ 2.21686, 6.48143 ], [ 2.21713, 6.48179 ], [ 2.21686, 6.48333 ], [ 2.21749, 6.48351 ], [ 2.21822, 6.48441 ], [ 2.21767, 6.48469 ], [ 2.21749, 6.48568 ], [ 2.21668, 6.48532 ], [ 2.21722, 6.48505 ], [ 2.21659, 6.48514 ], [ 2.21695, 6.4864 ], [ 2.21631, 6.48731 ], [ 2.21658, 6.48803 ], [ 2.21568, 6.48848 ], [ 2.21586, 6.48794 ], [ 2.21541, 6.48749 ], [ 2.21496, 6.48758 ], [ 2.21432, 6.48866 ], [ 2.21369, 6.48884 ], [ 2.21387, 6.49029 ], [ 2.21278, 6.48983 ], [ 2.21169, 6.49146 ], [ 2.21242, 6.49173 ], [ 2.21296, 6.49255 ], [ 2.21522, 6.49427 ], [ 2.21558, 6.49418 ], [ 2.21594, 6.49491 ], [ 2.21648, 6.49463 ], [ 2.21621, 6.49509 ], [ 2.21702, 6.49536 ], [ 2.21693, 6.49563 ], [ 2.21901, 6.49735 ], [ 2.21973, 6.49781 ], [ 2.22019, 6.49763 ], [ 2.22055, 6.49844 ], [ 2.22353, 6.50007 ], [ 2.22732, 6.50316 ], [ 2.2275, 6.50288 ], [ 2.22787, 6.50307 ], [ 2.22796, 6.50361 ], [ 2.23103, 6.50542 ], [ 2.23085, 6.50569 ], [ 2.23157, 6.50588 ], [ 2.23311, 6.50733 ], [ 2.23347, 6.50724 ], [ 2.23383, 6.50778 ], [ 2.23455, 6.50769 ], [ 2.2341, 6.50805 ], [ 2.23455, 6.50796 ], [ 2.23464, 6.50841 ], [ 2.23482, 6.50823 ], [ 2.235, 6.50869 ], [ 2.23573, 6.50887 ], [ 2.23663, 6.50986 ], [ 2.23681, 6.50932 ], [ 2.23699, 6.51014 ], [ 2.23771, 6.51032 ], [ 2.23771, 6.51068 ], [ 2.23844, 6.51086 ], [ 2.23997, 6.51231 ], [ 2.24033, 6.51195 ], [ 2.24088, 6.51295 ], [ 2.24151, 6.51313 ], [ 2.24223, 6.51394 ], [ 2.2425, 6.51358 ], [ 2.24268, 6.51422 ], [ 2.24304, 6.51413 ], [ 2.24313, 6.51458 ], [ 2.24639, 6.51684 ], [ 2.24657, 6.51811 ], [ 2.24693, 6.5182 ], [ 2.2472, 6.51911 ], [ 2.24747, 6.52218 ], [ 2.24792, 6.52282 ], [ 2.24773, 6.52327 ], [ 2.24801, 6.52327 ], [ 2.24773, 6.52372 ], [ 2.24828, 6.52372 ], [ 2.24773, 6.52381 ], [ 2.24828, 6.52445 ], [ 2.248, 6.52472 ], [ 2.24846, 6.5249 ], [ 2.24836, 6.52535 ], [ 2.24873, 6.52508 ], [ 2.24855, 6.52571 ], [ 2.24909, 6.52626 ], [ 2.24909, 6.5268 ], [ 2.24972, 6.52734 ], [ 2.25053, 6.52924 ], [ 2.25089, 6.52925 ], [ 2.25098, 6.52997 ], [ 2.25134, 6.52997 ], [ 2.25107, 6.53033 ], [ 2.2517, 6.53133 ], [ 2.25215, 6.5335 ], [ 2.2526, 6.53377 ], [ 2.25269, 6.53341 ], [ 2.25269, 6.53386 ], [ 2.25242, 6.53422 ], [ 2.25287, 6.53422 ], [ 2.25251, 6.53449 ], [ 2.25287, 6.53468 ], [ 2.25278, 6.53531 ], [ 2.25314, 6.53531 ], [ 2.25323, 6.53667 ], [ 2.25396, 6.53667 ], [ 2.25332, 6.53676 ], [ 2.25332, 6.53703 ], [ 2.25396, 6.53748 ], [ 2.25359, 6.53775 ], [ 2.25414, 6.53775 ], [ 2.25377, 6.53784 ], [ 2.25386, 6.53857 ], [ 2.25413, 6.53911 ], [ 2.2545, 6.53911 ], [ 2.25413, 6.53929 ], [ 2.25522, 6.54183 ], [ 2.25521, 6.54273 ], [ 2.25467, 6.54373 ], [ 2.25702, 6.54391 ], [ 2.25711, 6.54418 ], [ 2.25747, 6.54391 ], [ 2.25747, 6.54427 ], [ 2.25793, 6.544 ], [ 2.25793, 6.54427 ], [ 2.25883, 6.54455 ], [ 2.26046, 6.54473 ], [ 2.26407, 6.54926 ], [ 2.26461, 6.54944 ], [ 2.2647, 6.54998 ], [ 2.26506, 6.54998 ], [ 2.26497, 6.55035 ], [ 2.26615, 6.55125 ], [ 2.26633, 6.55189 ], [ 2.26831, 6.55406 ], [ 2.26922, 6.55451 ], [ 2.26913, 6.55487 ], [ 2.26967, 6.55515 ], [ 2.26976, 6.5556 ], [ 2.27012, 6.55551 ], [ 2.26994, 6.55578 ], [ 2.27274, 6.55841 ], [ 2.27274, 6.55886 ], [ 2.27355, 6.55977 ], [ 2.27455, 6.56022 ], [ 2.27527, 6.56104 ], [ 2.27572, 6.56104 ], [ 2.27635, 6.56194 ], [ 2.27789, 6.56276 ], [ 2.27852, 6.56357 ], [ 2.28006, 6.56412 ], [ 2.27997, 6.56439 ], [ 2.28078, 6.5643 ], [ 2.28042, 6.56457 ], [ 2.2806, 6.56475 ], [ 2.2825, 6.56512 ], [ 2.28268, 6.56557 ], [ 2.28295, 6.5653 ], [ 2.28331, 6.56584 ], [ 2.28431, 6.56575 ], [ 2.28413, 6.56611 ], [ 2.28557, 6.56666 ], [ 2.28666, 6.56657 ], [ 2.28684, 6.56693 ], [ 2.29046, 6.56748 ], [ 2.29055, 6.56775 ], [ 2.29181, 6.56775 ], [ 2.29191, 6.56703 ], [ 2.2919, 6.56812 ], [ 2.29263, 6.56794 ], [ 2.29299, 6.5683 ], [ 2.29371, 6.5683 ], [ 2.29362, 6.56857 ], [ 2.29624, 6.56939 ], [ 2.29688, 6.57002 ], [ 2.2976, 6.56993 ], [ 2.29769, 6.57029 ], [ 2.29823, 6.5703 ], [ 2.29887, 6.57084 ], [ 2.2995, 6.57075 ], [ 2.2995, 6.57111 ], [ 2.29995, 6.57093 ], [ 2.29995, 6.57138 ], [ 2.30104, 6.57166 ], [ 2.30239, 6.57274 ], [ 2.30275, 6.57274 ], [ 2.30285, 6.57202 ], [ 2.30302, 6.57311 ], [ 2.30366, 6.57293 ], [ 2.30357, 6.57338 ], [ 2.30402, 6.57338 ], [ 2.30492, 6.5742 ], [ 2.30601, 6.57438 ], [ 2.30745, 6.57565 ], [ 2.30961, 6.58488 ], [ 2.31061, 6.58506 ], [ 2.30997, 6.58515 ], [ 2.31024, 6.58723 ], [ 2.31051, 6.58687 ], [ 2.31069, 6.5875 ], [ 2.31042, 6.58759 ], [ 2.31051, 6.58832 ], [ 2.31087, 6.5885 ], [ 2.31105, 6.58995 ], [ 2.31169, 6.59013 ], [ 2.31141, 6.59085 ], [ 2.31168, 6.59085 ], [ 2.31222, 6.59302 ], [ 2.31286, 6.59348 ], [ 2.31249, 6.59393 ], [ 2.31286, 6.59393 ], [ 2.31267, 6.59456 ], [ 2.31304, 6.59465 ], [ 2.31304, 6.59556 ], [ 2.31349, 6.59565 ], [ 2.31349, 6.59682 ], [ 2.31385, 6.5971 ], [ 2.31394, 6.59673 ], [ 2.31385, 6.59782 ], [ 2.31412, 6.59791 ], [ 2.31421, 6.599 ], [ 2.31448, 6.599 ], [ 2.31421, 6.59909 ], [ 2.3142, 6.60135 ], [ 2.31447, 6.60144 ], [ 2.31447, 6.60216 ], [ 2.31511, 6.60234 ], [ 2.31465, 6.60243 ], [ 2.31465, 6.60316 ], [ 2.31501, 6.60424 ], [ 2.31556, 6.60443 ], [ 2.31528, 6.60452 ], [ 2.31556, 6.6047 ], [ 2.31528, 6.60524 ], [ 2.31556, 6.60533 ], [ 2.31573, 6.60687 ], [ 2.3161, 6.60705 ], [ 2.31609, 6.60814 ], [ 2.31654, 6.60931 ], [ 2.31682, 6.60931 ], [ 2.31654, 6.60967 ], [ 2.31709, 6.60977 ], [ 2.31663, 6.61004 ], [ 2.31736, 6.61022 ], [ 2.31691, 6.61031 ], [ 2.31726, 6.61194 ], [ 2.31717, 6.61538 ], [ 2.31744, 6.61764 ], [ 2.31789, 6.61764 ], [ 2.31789, 6.618 ], [ 2.31744, 6.61782 ], [ 2.31744, 6.61881 ], [ 2.31807, 6.61909 ], [ 2.31771, 6.61918 ], [ 2.31771, 6.61972 ], [ 2.31807, 6.61981 ], [ 2.31852, 6.62234 ], [ 2.31888, 6.62262 ], [ 2.31888, 6.62334 ], [ 2.32032, 6.62669 ], [ 2.32186, 6.62723 ], [ 2.3224, 6.62778 ], [ 2.32484, 6.62751 ], [ 2.32593, 6.62841 ], [ 2.32846, 6.62887 ], [ 2.32855, 6.62923 ], [ 2.32955, 6.62951 ], [ 2.33, 6.63005 ], [ 2.33063, 6.63005 ], [ 2.3319, 6.63114 ], [ 2.33606, 6.63078 ], [ 2.33669, 6.63033 ], [ 2.33597, 6.62997 ], [ 2.33751, 6.62979 ], [ 2.33832, 6.62816 ], [ 2.3385, 6.62852 ], [ 2.33814, 6.62952 ], [ 2.33968, 6.62961 ], [ 2.33977, 6.62907 ], [ 2.34086, 6.62862 ], [ 2.34031, 6.62789 ], [ 2.3414, 6.62789 ], [ 2.34149, 6.62744 ], [ 2.34267, 6.62726 ], [ 2.34429, 6.62844 ], [ 2.34447, 6.62907 ], [ 2.34303, 6.62871 ], [ 2.34285, 6.62916 ], [ 2.34348, 6.62934 ], [ 2.34257, 6.62952 ], [ 2.34158, 6.63043 ], [ 2.34131, 6.63043 ], [ 2.34131, 6.62988 ], [ 2.34031, 6.63006 ], [ 2.33986, 6.63097 ], [ 2.33913, 6.63078 ], [ 2.33832, 6.63142 ], [ 2.33769, 6.63078 ], [ 2.33669, 6.63096 ], [ 2.33714, 6.63594 ], [ 2.33722, 6.64309 ], [ 2.33758, 6.64309 ], [ 2.33694, 6.64435 ], [ 2.33685, 6.64906 ], [ 2.33576, 6.65105 ], [ 2.33567, 6.65222 ], [ 2.33467, 6.65367 ], [ 2.33458, 6.6543 ], [ 2.33494, 6.65439 ], [ 2.3344, 6.65457 ], [ 2.33449, 6.65502 ], [ 2.33413, 6.65502 ], [ 2.33385, 6.65557 ], [ 2.33358, 6.65828 ], [ 2.33385, 6.6581 ], [ 2.33385, 6.65855 ], [ 2.33421, 6.65864 ], [ 2.33358, 6.65882 ], [ 2.3334, 6.65846 ], [ 2.33339, 6.66054 ], [ 2.33303, 6.66027 ], [ 2.33303, 6.66081 ], [ 2.33339, 6.6609 ], [ 2.33303, 6.6609 ], [ 2.33285, 6.66325 ], [ 2.33194, 6.66579 ], [ 2.33221, 6.66642 ], [ 2.33158, 6.66678 ], [ 2.33158, 6.66732 ], [ 2.33221, 6.6676 ], [ 2.33139, 6.66741 ], [ 2.33211, 6.67121 ], [ 2.33256, 6.67158 ], [ 2.33274, 6.67302 ], [ 2.33311, 6.67303 ], [ 2.33274, 6.6733 ], [ 2.33401, 6.67339 ], [ 2.33401, 6.67366 ], [ 2.33301, 6.67366 ], [ 2.33338, 6.67384 ], [ 2.33301, 6.67438 ], [ 2.33347, 6.67493 ], [ 2.33355, 6.67583 ], [ 2.33365, 6.67493 ], [ 2.33419, 6.67511 ], [ 2.33383, 6.6752 ], [ 2.33382, 6.6771 ], [ 2.33419, 6.6771 ], [ 2.3341, 6.67755 ], [ 2.33437, 6.67692 ], [ 2.33455, 6.6771 ], [ 2.33419, 6.67782 ], [ 2.33455, 6.67864 ], [ 2.33436, 6.67927 ], [ 2.33482, 6.67981 ], [ 2.33527, 6.67981 ], [ 2.33482, 6.68008 ], [ 2.33581, 6.68171 ], [ 2.33581, 6.68226 ], [ 2.33608, 6.68217 ], [ 2.33635, 6.68343 ], [ 2.33707, 6.68416 ], [ 2.33689, 6.68443 ], [ 2.33752, 6.68443 ], [ 2.33607, 6.6866 ], [ 2.33553, 6.68814 ], [ 2.33499, 6.68859 ], [ 2.33498, 6.69022 ], [ 2.33534, 6.69022 ], [ 2.33498, 6.69049 ], [ 2.33497, 6.69836 ], [ 2.33542, 6.69836 ], [ 2.3366, 6.69945 ], [ 2.33714, 6.69945 ], [ 2.33741, 6.69999 ], [ 2.33796, 6.69999 ], [ 2.33841, 6.70063 ], [ 2.33958, 6.70108 ], [ 2.34049, 6.70199 ], [ 2.34103, 6.70199 ], [ 2.34302, 6.70353 ], [ 2.34845, 6.70353 ], [ 2.34836, 6.70254 ], [ 2.34809, 6.70254 ], [ 2.34845, 6.70227 ], [ 2.34845, 6.701 ], [ 2.34881, 6.70109 ], [ 2.34954, 6.70028 ], [ 2.34981, 6.70037 ], [ 2.34981, 6.69946 ], [ 2.34936, 6.69946 ], [ 2.34936, 6.69974 ], [ 2.34909, 6.69955 ], [ 2.34945, 6.69928 ], [ 2.34927, 6.69901 ], [ 2.34981, 6.69892 ], [ 2.34999, 6.69928 ], [ 2.35026, 6.69847 ], [ 2.34864, 6.6982 ], [ 2.34818, 6.69756 ], [ 2.34674, 6.69774 ], [ 2.34619, 6.69684 ], [ 2.34538, 6.69693 ], [ 2.3452, 6.69647 ], [ 2.34466, 6.69647 ], [ 2.34439, 6.69521 ], [ 2.34294, 6.69511 ], [ 2.34312, 6.69493 ], [ 2.34258, 6.69457 ], [ 2.34249, 6.69285 ], [ 2.34276, 6.69376 ], [ 2.34294, 6.69339 ], [ 2.34294, 6.69448 ], [ 2.34403, 6.69403 ], [ 2.34403, 6.69457 ], [ 2.34466, 6.69457 ], [ 2.34475, 6.69512 ], [ 2.34665, 6.6953 ], [ 2.34701, 6.6962 ], [ 2.34791, 6.69702 ], [ 2.34774, 6.69503 ], [ 2.34846, 6.69503 ], [ 2.34837, 6.69584 ], [ 2.34801, 6.69602 ], [ 2.34882, 6.69666 ], [ 2.34927, 6.69621 ], [ 2.34972, 6.69657 ], [ 2.3509, 6.69666 ], [ 2.35099, 6.69639 ], [ 2.3518, 6.69666 ], [ 2.35172, 6.69603 ], [ 2.35217, 6.69585 ], [ 2.35217, 6.6954 ], [ 2.35154, 6.69458 ], [ 2.35208, 6.69431 ], [ 2.35262, 6.69458 ], [ 2.35226, 6.69503 ], [ 2.35398, 6.69549 ], [ 2.35461, 6.69658 ], [ 2.35398, 6.69676 ], [ 2.35389, 6.69712 ], [ 2.35443, 6.69712 ], [ 2.35443, 6.69748 ], [ 2.35398, 6.69739 ], [ 2.3537, 6.69793 ], [ 2.35307, 6.69703 ], [ 2.35271, 6.69703 ], [ 2.35271, 6.69766 ], [ 2.35217, 6.69721 ], [ 2.35198, 6.69838 ], [ 2.35108, 6.69766 ], [ 2.35045, 6.69829 ], [ 2.35053, 6.6991 ], [ 2.35108, 6.69956 ], [ 2.35053, 6.69992 ], [ 2.35053, 6.70091 ], [ 2.3508, 6.701 ], [ 2.34981, 6.70191 ], [ 2.34908, 6.70127 ], [ 2.34863, 6.70172 ], [ 2.34935, 6.70218 ], [ 2.34917, 6.7029 ], [ 2.34963, 6.70281 ], [ 2.34917, 6.70353 ], [ 2.35587, 6.70354 ], [ 2.36737, 6.69668 ], [ 2.3709, 6.69642 ], [ 2.37144, 6.69596 ], [ 2.37253, 6.69615 ], [ 2.37262, 6.69588 ], [ 2.37334, 6.69588 ], [ 2.37334, 6.69551 ], [ 2.37343, 6.69588 ], [ 2.37506, 6.69561 ], [ 2.37669, 6.69389 ], [ 2.37669, 6.69344 ], [ 2.3786, 6.69172 ], [ 2.3786, 6.69118 ], [ 2.38032, 6.68982 ], [ 2.38041, 6.68919 ], [ 2.3815, 6.68892 ], [ 2.38349, 6.68757 ], [ 2.38457, 6.68775 ], [ 2.38502, 6.68838 ], [ 2.38683, 6.6892 ], [ 2.3871, 6.68974 ], [ 2.38846, 6.69029 ], [ 2.38855, 6.69065 ], [ 2.38982, 6.6911 ], [ 2.39108, 6.69228 ], [ 2.39235, 6.69273 ], [ 2.39407, 6.69418 ], [ 2.39461, 6.69418 ], [ 2.39506, 6.69482 ], [ 2.39877, 6.69527 ], [ 2.39886, 6.69564 ], [ 2.40121, 6.69582 ], [ 2.40329, 6.69673 ], [ 2.40501, 6.69691 ], [ 2.40447, 6.6961 ], [ 2.40501, 6.69564 ], [ 2.40483, 6.69492 ], [ 2.40737, 6.69547 ], [ 2.40755, 6.69465 ], [ 2.40728, 6.69429 ], [ 2.4061, 6.69429 ], [ 2.40628, 6.69384 ], [ 2.40701, 6.69375 ], [ 2.40692, 6.69338 ], [ 2.40601, 6.69366 ], [ 2.40547, 6.69329 ], [ 2.40475, 6.69338 ], [ 2.40484, 6.69311 ], [ 2.40393, 6.69266 ], [ 2.40348, 6.69293 ], [ 2.40303, 6.69229 ], [ 2.40239, 6.69284 ], [ 2.40203, 6.6922 ], [ 2.40267, 6.6922 ], [ 2.40267, 6.69175 ], [ 2.40212, 6.69175 ], [ 2.40212, 6.69112 ], [ 2.40122, 6.69175 ], [ 2.40068, 6.69166 ], [ 2.40077, 6.69075 ], [ 2.39995, 6.69121 ], [ 2.39869, 6.69111 ], [ 2.39796, 6.69175 ], [ 2.39796, 6.69138 ], [ 2.39751, 6.6912 ], [ 2.39769, 6.69084 ], [ 2.39814, 6.69102 ], [ 2.39796, 6.69012 ], [ 2.39941, 6.68985 ], [ 2.39923, 6.68939 ], [ 2.39977, 6.68967 ], [ 2.39995, 6.68921 ], [ 2.3995, 6.68903 ], [ 2.40023, 6.68858 ], [ 2.40032, 6.68804 ], [ 2.40077, 6.6884 ], [ 2.40158, 6.68822 ], [ 2.40186, 6.68858 ], [ 2.40493, 6.68868 ], [ 2.40502, 6.68895 ], [ 2.40448, 6.68895 ], [ 2.40457, 6.68931 ], [ 2.40547, 6.68895 ], [ 2.40548, 6.68795 ], [ 2.40629, 6.68787 ], [ 2.40629, 6.6875 ], [ 2.40692, 6.68796 ], [ 2.40774, 6.68778 ], [ 2.40855, 6.68832 ], [ 2.40955, 6.6876 ], [ 2.40991, 6.68805 ], [ 2.41036, 6.68805 ], [ 2.40973, 6.68742 ], [ 2.41, 6.68697 ], [ 2.41054, 6.68715 ], [ 2.41091, 6.68633 ], [ 2.41045, 6.68669 ], [ 2.41036, 6.68624 ], [ 2.40937, 6.68642 ], [ 2.40928, 6.68597 ], [ 2.40991, 6.68579 ], [ 2.40946, 6.68534 ], [ 2.40937, 6.68434 ], [ 2.41009, 6.68416 ], [ 2.40991, 6.68434 ], [ 2.41091, 6.68452 ], [ 2.41145, 6.6829 ], [ 2.41136, 6.68253 ], [ 2.41046, 6.68289 ], [ 2.40973, 6.68253 ], [ 2.41001, 6.68326 ], [ 2.40928, 6.68344 ], [ 2.40856, 6.6828 ], [ 2.40856, 6.68226 ], [ 2.40765, 6.68181 ], [ 2.40793, 6.68144 ], [ 2.40766, 6.68126 ], [ 2.40639, 6.6818 ], [ 2.40621, 6.68334 ], [ 2.40666, 6.68389 ], [ 2.40693, 6.68352 ], [ 2.40738, 6.6838 ], [ 2.4062, 6.68434 ], [ 2.40575, 6.6837 ], [ 2.40467, 6.68388 ], [ 2.40385, 6.68352 ], [ 2.40367, 6.68252 ], [ 2.40159, 6.68252 ], [ 2.40141, 6.68297 ], [ 2.40177, 6.68316 ], [ 2.40141, 6.68334 ], [ 2.40105, 6.68252 ], [ 2.4005, 6.68288 ], [ 2.39987, 6.68207 ], [ 2.39843, 6.68179 ], [ 2.39824, 6.68107 ], [ 2.39779, 6.68107 ], [ 2.39815, 6.6817 ], [ 2.39752, 6.68197 ], [ 2.39761, 6.68225 ], [ 2.39788, 6.68207 ], [ 2.39788, 6.68252 ], [ 2.39707, 6.6827 ], [ 2.39707, 6.68387 ], [ 2.39734, 6.68405 ], [ 2.39734, 6.68342 ], [ 2.39779, 6.68333 ], [ 2.39806, 6.68378 ], [ 2.39788, 6.68442 ], [ 2.39652, 6.68442 ], [ 2.39661, 6.68496 ], [ 2.39625, 6.68532 ], [ 2.39589, 6.68288 ], [ 2.39625, 6.68288 ], [ 2.39661, 6.68215 ], [ 2.39616, 6.68197 ], [ 2.39589, 6.68107 ], [ 2.39435, 6.68088 ], [ 2.39354, 6.68152 ], [ 2.393, 6.68152 ], [ 2.39273, 6.68097 ], [ 2.39182, 6.6807 ], [ 2.39146, 6.68106 ], [ 2.39101, 6.68097 ], [ 2.39101, 6.6797 ], [ 2.39155, 6.67961 ], [ 2.39128, 6.67862 ], [ 2.39164, 6.67961 ], [ 2.39209, 6.67952 ], [ 2.392, 6.68007 ], [ 2.39237, 6.67962 ], [ 2.39218, 6.67898 ], [ 2.39264, 6.6788 ], [ 2.39264, 6.67934 ], [ 2.39282, 6.67898 ], [ 2.39418, 6.67898 ], [ 2.39408, 6.6798 ], [ 2.39499, 6.67998 ], [ 2.39517, 6.68034 ], [ 2.39616, 6.68016 ], [ 2.39599, 6.67917 ], [ 2.39535, 6.67953 ], [ 2.39499, 6.67835 ], [ 2.394, 6.6779 ], [ 2.39264, 6.67817 ], [ 2.39445, 6.67654 ], [ 2.39463, 6.67573 ], [ 2.39563, 6.67546 ], [ 2.39481, 6.67437 ], [ 2.395, 6.67374 ], [ 2.39436, 6.67374 ], [ 2.39382, 6.67392 ], [ 2.39373, 6.67473 ], [ 2.3931, 6.67464 ], [ 2.39301, 6.67428 ], [ 2.39228, 6.67437 ], [ 2.3921, 6.67509 ], [ 2.39119, 6.67545 ], [ 2.39101, 6.676 ], [ 2.38911, 6.67608 ], [ 2.38911, 6.67681 ], [ 2.38857, 6.67708 ], [ 2.38902, 6.67753 ], [ 2.38884, 6.67798 ], [ 2.38812, 6.67672 ], [ 2.38821, 6.67608 ], [ 2.38775, 6.67617 ], [ 2.38748, 6.67735 ], [ 2.38685, 6.67726 ], [ 2.38658, 6.67771 ], [ 2.38585, 6.67744 ], [ 2.38613, 6.67653 ], [ 2.38495, 6.67689 ], [ 2.3845, 6.67771 ], [ 2.38513, 6.67915 ], [ 2.38476, 6.67924 ], [ 2.38458, 6.67988 ], [ 2.38467, 6.68178 ], [ 2.3863, 6.68277 ], [ 2.38485, 6.68313 ], [ 2.38422, 6.68295 ], [ 2.38458, 6.68341 ], [ 2.3844, 6.68422 ], [ 2.38467, 6.68458 ], [ 2.38394, 6.68431 ], [ 2.38404, 6.68277 ], [ 2.38376, 6.68313 ], [ 2.38295, 6.68313 ], [ 2.38259, 6.68223 ], [ 2.38277, 6.68187 ], [ 2.38205, 6.6815 ], [ 2.3825, 6.68042 ], [ 2.38232, 6.67933 ], [ 2.38187, 6.67978 ], [ 2.38214, 6.68096 ], [ 2.38178, 6.6806 ], [ 2.38114, 6.68087 ], [ 2.38114, 6.68213 ], [ 2.38015, 6.68222 ], [ 2.38014, 6.68331 ], [ 2.37969, 6.68286 ], [ 2.37933, 6.6834 ], [ 2.37843, 6.68313 ], [ 2.37779, 6.68494 ], [ 2.37716, 6.68475 ], [ 2.3767, 6.68539 ], [ 2.37571, 6.68529 ], [ 2.37535, 6.68421 ], [ 2.37462, 6.68412 ], [ 2.3748, 6.68584 ], [ 2.37426, 6.68574 ], [ 2.37381, 6.6862 ], [ 2.37381, 6.68448 ], [ 2.37191, 6.68484 ], [ 2.37164, 6.68556 ], [ 2.37118, 6.68574 ], [ 2.37145, 6.68656 ], [ 2.37109, 6.68683 ], [ 2.37227, 6.68674 ], [ 2.37317, 6.6871 ], [ 2.37363, 6.68674 ], [ 2.37372, 6.68719 ], [ 2.37326, 6.68737 ], [ 2.37353, 6.68792 ], [ 2.37317, 6.68819 ], [ 2.37236, 6.68755 ], [ 2.37154, 6.68837 ], [ 2.37082, 6.68791 ], [ 2.37018, 6.68945 ], [ 2.36964, 6.68891 ], [ 2.37009, 6.68891 ], [ 2.37009, 6.68854 ], [ 2.37046, 6.68873 ], [ 2.37055, 6.68836 ], [ 2.37028, 6.68818 ], [ 2.36991, 6.68854 ], [ 2.36901, 6.68818 ], [ 2.36874, 6.68845 ], [ 2.36928, 6.689 ], [ 2.36874, 6.68872 ], [ 2.36837, 6.68899 ], [ 2.36828, 6.68999 ], [ 2.36765, 6.68981 ], [ 2.36801, 6.69035 ], [ 2.36774, 6.69053 ], [ 2.36792, 6.69107 ], [ 2.36665, 6.69026 ], [ 2.36711, 6.69008 ], [ 2.36638, 6.69008 ], [ 2.3662, 6.69071 ], [ 2.36502, 6.69062 ], [ 2.36557, 6.69189 ], [ 2.36511, 6.6917 ], [ 2.36502, 6.69207 ], [ 2.3643, 6.69152 ], [ 2.36348, 6.69288 ], [ 2.36285, 6.69297 ], [ 2.36249, 6.6936 ], [ 2.36158, 6.69251 ], [ 2.36095, 6.69278 ], [ 2.36041, 6.6936 ], [ 2.35914, 6.69351 ], [ 2.3595, 6.69333 ], [ 2.35923, 6.69305 ], [ 2.35977, 6.69296 ], [ 2.35932, 6.69269 ], [ 2.35995, 6.69224 ], [ 2.36004, 6.69315 ], [ 2.36068, 6.69233 ], [ 2.36149, 6.69224 ], [ 2.3614, 6.69143 ], [ 2.36014, 6.69115 ], [ 2.36023, 6.6907 ], [ 2.36122, 6.69134 ], [ 2.36159, 6.69089 ], [ 2.36186, 6.69089 ], [ 2.36177, 6.69134 ], [ 2.36276, 6.69134 ], [ 2.36294, 6.69016 ], [ 2.36331, 6.69053 ], [ 2.36457, 6.69017 ], [ 2.36457, 6.68989 ], [ 2.36376, 6.68998 ], [ 2.36376, 6.68971 ], [ 2.3643, 6.68953 ], [ 2.36439, 6.68908 ], [ 2.36457, 6.68944 ], [ 2.36512, 6.6879 ], [ 2.36584, 6.68727 ], [ 2.36494, 6.68736 ], [ 2.36485, 6.68673 ], [ 2.36593, 6.68673 ], [ 2.36557, 6.68619 ], [ 2.36602, 6.68646 ], [ 2.36657, 6.68574 ], [ 2.3663, 6.68519 ], [ 2.36711, 6.68483 ], [ 2.3673, 6.68384 ], [ 2.36784, 6.6842 ], [ 2.36883, 6.68384 ], [ 2.3691, 6.68429 ], [ 2.36865, 6.68429 ], [ 2.36856, 6.68465 ], [ 2.3691, 6.6852 ], [ 2.37037, 6.68375 ], [ 2.37128, 6.68366 ], [ 2.37155, 6.68402 ], [ 2.37327, 6.68294 ], [ 2.3739, 6.6833 ], [ 2.37354, 6.68222 ], [ 2.3739, 6.6814 ], [ 2.37454, 6.68131 ], [ 2.37427, 6.68104 ], [ 2.37481, 6.68032 ], [ 2.37454, 6.67941 ], [ 2.37508, 6.67905 ], [ 2.37544, 6.6795 ], [ 2.3749, 6.68005 ], [ 2.37572, 6.67996 ], [ 2.37644, 6.6805 ], [ 2.37608, 6.68104 ], [ 2.37635, 6.6815 ], [ 2.37598, 6.6824 ], [ 2.37634, 6.68312 ], [ 2.37607, 6.6833 ], [ 2.37698, 6.68331 ], [ 2.37716, 6.68285 ], [ 2.37653, 6.68285 ], [ 2.37653, 6.68213 ], [ 2.37689, 6.68186 ], [ 2.37653, 6.68086 ], [ 2.37807, 6.67978 ], [ 2.37979, 6.67969 ], [ 2.37997, 6.67933 ], [ 2.37924, 6.67933 ], [ 2.37906, 6.67878 ], [ 2.38006, 6.6787 ], [ 2.38006, 6.67797 ], [ 2.38106, 6.67824 ], [ 2.38097, 6.67743 ], [ 2.38142, 6.67707 ], [ 2.38296, 6.67789 ], [ 2.38314, 6.67698 ], [ 2.38368, 6.67689 ], [ 2.38423, 6.6759 ], [ 2.38513, 6.67563 ], [ 2.38477, 6.67481 ], [ 2.38495, 6.67445 ], [ 2.38522, 6.6749 ], [ 2.38549, 6.6749 ], [ 2.38531, 6.67454 ], [ 2.38559, 6.67445 ], [ 2.38513, 6.67418 ], [ 2.38559, 6.67364 ], [ 2.38532, 6.67291 ], [ 2.38595, 6.67255 ], [ 2.38613, 6.67183 ], [ 2.38505, 6.67137 ], [ 2.38604, 6.67092 ], [ 2.38604, 6.67029 ], [ 2.38541, 6.67038 ], [ 2.38514, 6.67092 ], [ 2.38487, 6.67074 ], [ 2.38523, 6.67047 ], [ 2.38523, 6.66911 ], [ 2.38622, 6.67002 ], [ 2.3865, 6.66993 ], [ 2.38622, 6.66939 ], [ 2.38659, 6.66975 ], [ 2.38731, 6.66948 ], [ 2.38731, 6.66984 ], [ 2.38794, 6.66957 ], [ 2.38812, 6.67047 ], [ 2.38876, 6.67029 ], [ 2.38876, 6.67075 ], [ 2.38894, 6.67047 ], [ 2.38993, 6.67057 ], [ 2.39012, 6.66939 ], [ 2.39075, 6.66948 ], [ 2.39093, 6.66794 ], [ 2.39147, 6.66767 ], [ 2.39102, 6.66713 ], [ 2.39084, 6.66731 ], [ 2.39084, 6.6665 ], [ 2.39166, 6.66686 ], [ 2.39274, 6.66641 ], [ 2.39292, 6.66786 ], [ 2.39347, 6.66777 ], [ 2.39365, 6.66831 ], [ 2.39446, 6.66813 ], [ 2.39419, 6.66695 ], [ 2.39464, 6.66695 ], [ 2.39491, 6.66641 ], [ 2.39428, 6.66614 ], [ 2.39437, 6.66569 ], [ 2.39564, 6.66551 ], [ 2.39528, 6.66533 ], [ 2.39492, 6.6637 ], [ 2.39537, 6.66361 ], [ 2.39618, 6.66469 ], [ 2.39655, 6.66451 ], [ 2.39655, 6.66515 ], [ 2.39727, 6.66478 ], [ 2.39736, 6.66524 ], [ 2.397, 6.66551 ], [ 2.39727, 6.66587 ], [ 2.39763, 6.66424 ], [ 2.40007, 6.66461 ], [ 2.39899, 6.66343 ], [ 2.39863, 6.6618 ], [ 2.39917, 6.66144 ], [ 2.39936, 6.66072 ], [ 2.40044, 6.66072 ], [ 2.40053, 6.66099 ], [ 2.40098, 6.66072 ], [ 2.40044, 6.65999 ], [ 2.40117, 6.659 ], [ 2.4009, 6.65755 ], [ 2.40135, 6.65701 ], [ 2.40017, 6.65656 ], [ 2.39945, 6.65655 ], [ 2.39927, 6.65692 ], [ 2.39791, 6.65673 ], [ 2.39818, 6.65691 ], [ 2.39818, 6.65809 ], [ 2.39791, 6.65809 ], [ 2.39791, 6.65728 ], [ 2.39746, 6.65655 ], [ 2.39647, 6.65646 ], [ 2.39655, 6.65836 ], [ 2.39601, 6.65854 ], [ 2.39764, 6.65854 ], [ 2.39764, 6.65927 ], [ 2.39854, 6.65927 ], [ 2.39863, 6.65963 ], [ 2.39845, 6.65999 ], [ 2.39746, 6.65981 ], [ 2.39691, 6.65899 ], [ 2.39619, 6.65899 ], [ 2.39655, 6.65963 ], [ 2.39547, 6.65954 ], [ 2.3952, 6.65908 ], [ 2.39565, 6.65917 ], [ 2.39583, 6.65854 ], [ 2.3952, 6.65872 ], [ 2.3952, 6.65845 ], [ 2.39646, 6.65782 ], [ 2.39583, 6.65736 ], [ 2.39601, 6.65673 ], [ 2.3952, 6.65718 ], [ 2.39529, 6.65592 ], [ 2.39393, 6.65573 ], [ 2.39393, 6.6561 ], [ 2.39348, 6.65628 ], [ 2.39285, 6.65573 ], [ 2.39393, 6.65564 ], [ 2.39411, 6.6551 ], [ 2.39601, 6.65556 ], [ 2.39665, 6.65411 ], [ 2.39629, 6.65366 ], [ 2.39538, 6.65356 ], [ 2.39538, 6.65329 ], [ 2.39656, 6.65338 ], [ 2.39674, 6.65284 ], [ 2.39737, 6.65302 ], [ 2.39819, 6.6523 ], [ 2.39846, 6.65312 ], [ 2.39927, 6.65348 ], [ 2.40009, 6.65303 ], [ 2.40009, 6.65257 ], [ 2.39909, 6.65212 ], [ 2.40081, 6.65258 ], [ 2.40181, 6.65158 ], [ 2.40244, 6.65194 ], [ 2.40199, 6.65267 ], [ 2.40235, 6.65294 ], [ 2.40235, 6.65258 ], [ 2.4028, 6.65249 ], [ 2.4029, 6.65158 ], [ 2.40326, 6.65158 ], [ 2.40317, 6.65095 ], [ 2.40416, 6.65068 ], [ 2.40389, 6.65059 ], [ 2.40398, 6.64914 ], [ 2.40435, 6.64896 ], [ 2.40435, 6.64987 ], [ 2.40453, 6.64941 ], [ 2.40507, 6.64941 ], [ 2.40516, 6.64987 ], [ 2.40462, 6.65059 ], [ 2.40516, 6.65086 ], [ 2.40516, 6.65059 ], [ 2.40579, 6.6505 ], [ 2.40588, 6.65086 ], [ 2.40443, 6.6514 ], [ 2.4047, 6.65177 ], [ 2.40398, 6.65177 ], [ 2.40443, 6.65195 ], [ 2.40443, 6.65285 ], [ 2.40389, 6.65303 ], [ 2.40371, 6.65412 ], [ 2.40217, 6.65439 ], [ 2.40226, 6.65366 ], [ 2.40181, 6.65375 ], [ 2.40108, 6.65466 ], [ 2.40099, 6.65565 ], [ 2.40036, 6.65565 ], [ 2.40063, 6.6561 ], [ 2.40108, 6.6561 ], [ 2.40171, 6.65755 ], [ 2.40207, 6.65764 ], [ 2.40217, 6.65629 ], [ 2.40253, 6.65647 ], [ 2.40244, 6.65701 ], [ 2.40325, 6.65737 ], [ 2.40334, 6.65647 ], [ 2.4037, 6.65629 ], [ 2.40461, 6.65692 ], [ 2.40524, 6.65638 ], [ 2.40633, 6.65638 ], [ 2.40515, 6.65584 ], [ 2.40633, 6.65584 ], [ 2.40633, 6.65512 ], [ 2.40687, 6.65521 ], [ 2.40714, 6.65475 ], [ 2.40778, 6.6553 ], [ 2.40823, 6.65521 ], [ 2.40859, 6.65467 ], [ 2.40841, 6.65394 ], [ 2.40932, 6.65394 ], [ 2.40959, 6.65376 ], [ 2.40941, 6.6534 ], [ 2.41004, 6.65313 ], [ 2.40995, 6.65268 ], [ 2.40914, 6.65295 ], [ 2.40914, 6.65268 ], [ 2.40968, 6.65231 ], [ 2.41031, 6.6525 ], [ 2.41004, 6.65222 ], [ 2.41104, 6.65141 ], [ 2.41077, 6.65087 ], [ 2.41149, 6.65087 ], [ 2.41158, 6.64987 ], [ 2.41068, 6.64852 ], [ 2.40987, 6.64824 ], [ 2.40914, 6.64734 ], [ 2.40996, 6.64725 ], [ 2.40996, 6.6468 ], [ 2.4086, 6.64707 ], [ 2.40842, 6.64625 ], [ 2.40797, 6.64679 ], [ 2.40761, 6.64652 ], [ 2.40688, 6.64679 ], [ 2.40652, 6.64643 ], [ 2.40571, 6.64661 ], [ 2.40571, 6.64688 ], [ 2.40534, 6.64652 ], [ 2.40435, 6.6467 ], [ 2.40453, 6.64706 ], [ 2.4039, 6.64706 ], [ 2.40399, 6.64778 ], [ 2.40353, 6.64733 ], [ 2.40245, 6.64778 ], [ 2.40263, 6.64851 ], [ 2.40227, 6.64878 ], [ 2.40217, 6.64959 ], [ 2.40172, 6.64932 ], [ 2.40163, 6.6486 ], [ 2.40109, 6.64869 ], [ 2.40118, 6.64905 ], [ 2.40163, 6.64905 ], [ 2.40127, 6.65004 ], [ 2.401, 6.64968 ], [ 2.4, 6.65004 ], [ 2.39901, 6.64932 ], [ 2.39946, 6.64886 ], [ 2.39928, 6.64742 ], [ 2.39811, 6.64742 ], [ 2.39765, 6.6476 ], [ 2.39774, 6.64814 ], [ 2.39756, 6.64796 ], [ 2.39738, 6.64832 ], [ 2.39711, 6.64814 ], [ 2.39693, 6.6485 ], [ 2.39548, 6.64868 ], [ 2.39349, 6.6475 ], [ 2.39403, 6.64696 ], [ 2.39421, 6.64714 ], [ 2.39385, 6.64741 ], [ 2.39494, 6.64723 ], [ 2.39476, 6.64741 ], [ 2.39557, 6.64759 ], [ 2.3953, 6.64768 ], [ 2.39548, 6.64786 ], [ 2.39648, 6.64778 ], [ 2.39639, 6.64714 ], [ 2.39557, 6.64714 ], [ 2.39584, 6.64624 ], [ 2.39485, 6.64615 ], [ 2.3944, 6.64569 ], [ 2.39431, 6.64533 ], [ 2.39494, 6.64542 ], [ 2.39485, 6.64506 ], [ 2.39377, 6.64461 ], [ 2.39422, 6.64415 ], [ 2.39368, 6.64361 ], [ 2.39422, 6.64171 ], [ 2.39359, 6.64198 ], [ 2.39377, 6.64252 ], [ 2.39313, 6.64361 ], [ 2.3925, 6.6437 ], [ 2.39196, 6.64316 ], [ 2.39214, 6.64279 ], [ 2.39286, 6.64289 ], [ 2.39295, 6.64234 ], [ 2.39259, 6.64225 ], [ 2.39286, 6.64225 ], [ 2.39286, 6.64162 ], [ 2.3935, 6.64144 ], [ 2.39341, 6.64099 ], [ 2.39431, 6.64081 ], [ 2.39459, 6.64026 ], [ 2.39531, 6.64027 ], [ 2.39567, 6.63954 ], [ 2.39486, 6.64008 ], [ 2.39332, 6.63927 ], [ 2.3935, 6.63972 ], [ 2.39296, 6.6399 ], [ 2.39241, 6.63954 ], [ 2.39142, 6.64035 ], [ 2.39169, 6.63972 ], [ 2.39142, 6.63945 ], [ 2.38988, 6.63935 ], [ 2.39033, 6.6389 ], [ 2.39115, 6.63881 ], [ 2.3916, 6.63945 ], [ 2.39223, 6.63954 ], [ 2.39296, 6.63891 ], [ 2.39278, 6.63818 ], [ 2.3916, 6.63827 ], [ 2.39124, 6.63782 ], [ 2.39169, 6.63728 ], [ 2.39142, 6.63709 ], [ 2.39169, 6.63673 ], [ 2.39161, 6.63519 ], [ 2.39197, 6.6351 ], [ 2.39215, 6.63592 ], [ 2.3926, 6.63583 ], [ 2.39251, 6.63393 ], [ 2.39287, 6.63348 ], [ 2.39233, 6.63339 ], [ 2.39233, 6.63384 ], [ 2.39179, 6.63357 ], [ 2.39125, 6.63284 ], [ 2.39134, 6.63148 ], [ 2.39034, 6.6313 ], [ 2.39043, 6.63103 ], [ 2.3898, 6.63112 ], [ 2.38944, 6.63175 ], [ 2.38871, 6.63175 ], [ 2.38871, 6.63211 ], [ 2.38781, 6.63211 ], [ 2.38772, 6.63067 ], [ 2.38691, 6.62976 ], [ 2.38718, 6.62967 ], [ 2.38727, 6.62858 ], [ 2.38772, 6.6284 ], [ 2.38772, 6.62768 ], [ 2.38718, 6.62759 ], [ 2.38745, 6.62687 ], [ 2.3889, 6.62642 ], [ 2.38854, 6.62578 ], [ 2.38872, 6.62524 ], [ 2.38827, 6.62515 ], [ 2.38863, 6.62397 ], [ 2.38836, 6.62388 ], [ 2.38773, 6.62469 ], [ 2.38718, 6.62469 ], [ 2.38692, 6.62343 ], [ 2.38592, 6.62306 ], [ 2.38583, 6.62234 ], [ 2.38647, 6.6208 ], [ 2.38583, 6.62044 ], [ 2.3862, 6.61999 ], [ 2.38574, 6.61945 ], [ 2.3852, 6.61972 ], [ 2.38457, 6.61953 ], [ 2.38448, 6.62008 ], [ 2.38384, 6.62044 ], [ 2.38411, 6.62089 ], [ 2.38366, 6.62125 ], [ 2.3842, 6.62297 ], [ 2.38456, 6.62306 ], [ 2.38375, 6.62342 ], [ 2.38375, 6.62379 ], [ 2.3842, 6.6236 ], [ 2.38438, 6.62451 ], [ 2.38357, 6.62469 ], [ 2.3842, 6.62532 ], [ 2.38393, 6.62605 ], [ 2.38338, 6.62614 ], [ 2.38338, 6.6265 ], [ 2.38411, 6.62686 ], [ 2.38347, 6.62885 ], [ 2.38383, 6.62958 ], [ 2.38293, 6.62957 ], [ 2.38311, 6.63003 ], [ 2.38247, 6.63039 ], [ 2.38184, 6.62957 ], [ 2.38311, 6.62894 ], [ 2.38302, 6.62686 ], [ 2.38275, 6.62704 ], [ 2.38257, 6.62677 ], [ 2.38221, 6.6274 ], [ 2.38112, 6.62695 ], [ 2.38076, 6.62767 ], [ 2.37976, 6.6264 ], [ 2.37958, 6.62704 ], [ 2.37985, 6.6274 ], [ 2.37922, 6.62839 ], [ 2.3794, 6.62966 ], [ 2.37822, 6.63002 ], [ 2.37786, 6.63156 ], [ 2.37659, 6.6321 ], [ 2.37686, 6.63273 ], [ 2.37641, 6.63364 ], [ 2.37514, 6.63282 ], [ 2.37505, 6.63355 ], [ 2.37559, 6.63409 ], [ 2.37433, 6.63427 ], [ 2.37424, 6.634 ], [ 2.37442, 6.63463 ], [ 2.37496, 6.63508 ], [ 2.37604, 6.63499 ], [ 2.37622, 6.63545 ], [ 2.37677, 6.63518 ], [ 2.3774, 6.63554 ], [ 2.37776, 6.63653 ], [ 2.37722, 6.63744 ], [ 2.37767, 6.6378 ], [ 2.3774, 6.63816 ], [ 2.37685, 6.6378 ], [ 2.37595, 6.63834 ], [ 2.37568, 6.63816 ], [ 2.37577, 6.63852 ], [ 2.37531, 6.63879 ], [ 2.37595, 6.63897 ], [ 2.37531, 6.63915 ], [ 2.37504, 6.63906 ], [ 2.37514, 6.63771 ], [ 2.37414, 6.63743 ], [ 2.37405, 6.63807 ], [ 2.3736, 6.6377 ], [ 2.37269, 6.63788 ], [ 2.37332, 6.63924 ], [ 2.37278, 6.63933 ], [ 2.3726, 6.64015 ], [ 2.37323, 6.64069 ], [ 2.37296, 6.64178 ], [ 2.37169, 6.64277 ], [ 2.37187, 6.64358 ], [ 2.37142, 6.64413 ], [ 2.37151, 6.64476 ], [ 2.37323, 6.64449 ], [ 2.37287, 6.64404 ], [ 2.37296, 6.64349 ], [ 2.37341, 6.64295 ], [ 2.37368, 6.64322 ], [ 2.37359, 6.64268 ], [ 2.37413, 6.64259 ], [ 2.37486, 6.64151 ], [ 2.37531, 6.64187 ], [ 2.37459, 6.64241 ], [ 2.37468, 6.64277 ], [ 2.37404, 6.64286 ], [ 2.37495, 6.64368 ], [ 2.37486, 6.64458 ], [ 2.37712, 6.6444 ], [ 2.37802, 6.64477 ], [ 2.37766, 6.64513 ], [ 2.37558, 6.64513 ], [ 2.37513, 6.64585 ], [ 2.37404, 6.64621 ], [ 2.37485, 6.64639 ], [ 2.37531, 6.64576 ], [ 2.37567, 6.64621 ], [ 2.37748, 6.64612 ], [ 2.3773, 6.64667 ], [ 2.37757, 6.64712 ], [ 2.3772, 6.64712 ], [ 2.37729, 6.64757 ], [ 2.37693, 6.64784 ], [ 2.37729, 6.64829 ], [ 2.37621, 6.64802 ], [ 2.37612, 6.64838 ], [ 2.37494, 6.64874 ], [ 2.37476, 6.6482 ], [ 2.37404, 6.64775 ], [ 2.3734, 6.64802 ], [ 2.37385, 6.64901 ], [ 2.37358, 6.64928 ], [ 2.37286, 6.6491 ], [ 2.37286, 6.65037 ], [ 2.37349, 6.65073 ], [ 2.37349, 6.65128 ], [ 2.37412, 6.65128 ], [ 2.37421, 6.65191 ], [ 2.37476, 6.652 ], [ 2.37457, 6.65227 ], [ 2.37512, 6.65282 ], [ 2.37503, 6.65336 ], [ 2.37566, 6.65354 ], [ 2.37602, 6.65508 ], [ 2.37575, 6.65481 ], [ 2.37493, 6.65508 ], [ 2.37502, 6.65408 ], [ 2.3753, 6.65444 ], [ 2.37557, 6.65426 ], [ 2.37511, 6.65381 ], [ 2.37448, 6.6539 ], [ 2.37475, 6.65327 ], [ 2.37439, 6.65272 ], [ 2.37376, 6.65299 ], [ 2.37376, 6.65272 ], [ 2.37213, 6.65263 ], [ 2.37213, 6.65182 ], [ 2.37331, 6.65227 ], [ 2.37367, 6.65173 ], [ 2.37268, 6.65127 ], [ 2.3724, 6.65155 ], [ 2.37213, 6.65118 ], [ 2.37177, 6.65127 ], [ 2.37204, 6.65182 ], [ 2.37177, 6.652 ], [ 2.37132, 6.65136 ], [ 2.37114, 6.65191 ], [ 2.37077, 6.65145 ], [ 2.3705, 6.652 ], [ 2.36987, 6.6519 ], [ 2.37041, 6.651 ], [ 2.37141, 6.65055 ], [ 2.37213, 6.65064 ], [ 2.37222, 6.65037 ], [ 2.37042, 6.6482 ], [ 2.36996, 6.64819 ], [ 2.36978, 6.64774 ], [ 2.36825, 6.64747 ], [ 2.36861, 6.64702 ], [ 2.36789, 6.64656 ], [ 2.36761, 6.64674 ], [ 2.36779, 6.64747 ], [ 2.36689, 6.64665 ], [ 2.36752, 6.64855 ], [ 2.36625, 6.64909 ], [ 2.3668, 6.64955 ], [ 2.36625, 6.65009 ], [ 2.3667, 6.65009 ], [ 2.3667, 6.6509 ], [ 2.36734, 6.65018 ], [ 2.36734, 6.65118 ], [ 2.36761, 6.65091 ], [ 2.36806, 6.65163 ], [ 2.36842, 6.65136 ], [ 2.3686, 6.65181 ], [ 2.36915, 6.6519 ], [ 2.36914, 6.65254 ], [ 2.3696, 6.65272 ], [ 2.36941, 6.65389 ], [ 2.37005, 6.65317 ], [ 2.37032, 6.65326 ], [ 2.36996, 6.65389 ], [ 2.37023, 6.6548 ], [ 2.36914, 6.65543 ], [ 2.36914, 6.65643 ], [ 2.36851, 6.65624 ], [ 2.36796, 6.65652 ], [ 2.36724, 6.65561 ], [ 2.36697, 6.6557 ], [ 2.36661, 6.65479 ], [ 2.36606, 6.65534 ], [ 2.36552, 6.65479 ], [ 2.3648, 6.6547 ], [ 2.36435, 6.6538 ], [ 2.36389, 6.65425 ], [ 2.36408, 6.65461 ], [ 2.36371, 6.65434 ], [ 2.36281, 6.65461 ], [ 2.36218, 6.65416 ], [ 2.36245, 6.65361 ], [ 2.362, 6.65334 ], [ 2.36154, 6.65343 ], [ 2.36172, 6.65397 ], [ 2.36091, 6.65388 ], [ 2.36073, 6.65415 ], [ 2.36046, 6.65397 ], [ 2.36136, 6.65343 ], [ 2.3601, 6.65361 ], [ 2.36037, 6.65397 ], [ 2.35964, 6.65343 ], [ 2.35847, 6.65352 ], [ 2.3582, 6.65288 ], [ 2.35874, 6.65234 ], [ 2.36001, 6.65289 ], [ 2.36028, 6.65234 ], [ 2.36127, 6.65225 ], [ 2.36136, 6.6518 ], [ 2.36218, 6.65171 ], [ 2.36245, 6.65208 ], [ 2.36263, 6.65135 ], [ 2.36281, 6.6518 ], [ 2.36354, 6.65153 ], [ 2.36281, 6.65072 ], [ 2.36327, 6.65054 ], [ 2.36354, 6.64963 ], [ 2.36291, 6.64855 ], [ 2.362, 6.64809 ], [ 2.36074, 6.64655 ], [ 2.35974, 6.64692 ], [ 2.35947, 6.64755 ], [ 2.35893, 6.64691 ], [ 2.35911, 6.64628 ], [ 2.35839, 6.64637 ], [ 2.35839, 6.64592 ], [ 2.35793, 6.64565 ], [ 2.35767, 6.64347 ], [ 2.35649, 6.64284 ], [ 2.3574, 6.64239 ], [ 2.35713, 6.64049 ], [ 2.35622, 6.64013 ], [ 2.35686, 6.63967 ], [ 2.35659, 6.63886 ], [ 2.35758, 6.63886 ], [ 2.35794, 6.63823 ], [ 2.35758, 6.6375 ], [ 2.35785, 6.63696 ], [ 2.35722, 6.63669 ], [ 2.3574, 6.63633 ], [ 2.35713, 6.63606 ], [ 2.35722, 6.63506 ], [ 2.35768, 6.6347 ], [ 2.35795, 6.63361 ], [ 2.35849, 6.63325 ], [ 2.35849, 6.63199 ], [ 2.35895, 6.63208 ], [ 2.35886, 6.63244 ], [ 2.3594, 6.63208 ], [ 2.35967, 6.63226 ], [ 2.35994, 6.63181 ], [ 2.35949, 6.63199 ], [ 2.35895, 6.63135 ], [ 2.36012, 6.63145 ], [ 2.35985, 6.63117 ], [ 2.3604, 6.6309 ], [ 2.36194, 6.62864 ], [ 2.36139, 6.62882 ], [ 2.36158, 6.62837 ], [ 2.36121, 6.62837 ], [ 2.36067, 6.62873 ], [ 2.35877, 6.62873 ], [ 2.35805, 6.62855 ], [ 2.35741, 6.62773 ], [ 2.35696, 6.62791 ], [ 2.35732, 6.62873 ], [ 2.35533, 6.62863 ], [ 2.3547, 6.62927 ], [ 2.35443, 6.62854 ], [ 2.35488, 6.62845 ], [ 2.35479, 6.62791 ], [ 2.35434, 6.62791 ], [ 2.35398, 6.62872 ], [ 2.35352, 6.62845 ], [ 2.35271, 6.62863 ], [ 2.35217, 6.62818 ], [ 2.35226, 6.62845 ], [ 2.35162, 6.6289 ], [ 2.35009, 6.62845 ], [ 2.35036, 6.62809 ], [ 2.35, 6.6279 ], [ 2.34954, 6.62863 ], [ 2.348, 6.62917 ], [ 2.34782, 6.62872 ], [ 2.34827, 6.6289 ], [ 2.34828, 6.62835 ], [ 2.34773, 6.62862 ], [ 2.34592, 6.62817 ], [ 2.34701, 6.6269 ], [ 2.34855, 6.62627 ], [ 2.35081, 6.62619 ], [ 2.35145, 6.62528 ], [ 2.35172, 6.62528 ], [ 2.35154, 6.62555 ], [ 2.35335, 6.62538 ], [ 2.35407, 6.62574 ], [ 2.35479, 6.6252 ], [ 2.35543, 6.62529 ], [ 2.35579, 6.62465 ], [ 2.3566, 6.62502 ], [ 2.35923, 6.62484 ], [ 2.35932, 6.62394 ], [ 2.3586, 6.62312 ], [ 2.36032, 6.62321 ], [ 2.36095, 6.62222 ], [ 2.36176, 6.62267 ], [ 2.36168, 6.62141 ], [ 2.36195, 6.62113 ], [ 2.36285, 6.62077 ], [ 2.36385, 6.62105 ], [ 2.36376, 6.6196 ], [ 2.36412, 6.62023 ], [ 2.36493, 6.62023 ], [ 2.36529, 6.62069 ], [ 2.3652, 6.62114 ], [ 2.36466, 6.62096 ], [ 2.3643, 6.62123 ], [ 2.36538, 6.62204 ], [ 2.36584, 6.62186 ], [ 2.36538, 6.62268 ], [ 2.3671, 6.62259 ], [ 2.36701, 6.62331 ], [ 2.36674, 6.62331 ], [ 2.3671, 6.62395 ], [ 2.36792, 6.62358 ], [ 2.369, 6.62368 ], [ 2.36972, 6.62322 ], [ 2.36955, 6.62205 ], [ 2.36982, 6.62223 ], [ 2.36973, 6.62178 ], [ 2.37036, 6.62178 ], [ 2.3709, 6.6206 ], [ 2.37127, 6.62087 ], [ 2.37163, 6.62015 ], [ 2.3709, 6.62042 ], [ 2.37118, 6.61961 ], [ 2.37072, 6.61961 ], [ 2.37027, 6.62042 ], [ 2.37009, 6.61997 ], [ 2.36828, 6.62015 ], [ 2.36729, 6.61915 ], [ 2.36765, 6.61897 ], [ 2.36729, 6.61879 ], [ 2.36792, 6.61761 ], [ 2.36747, 6.61725 ], [ 2.36747, 6.61671 ], [ 2.36711, 6.61689 ], [ 2.36711, 6.61617 ], [ 2.36639, 6.6158 ], [ 2.36612, 6.61535 ], [ 2.3663, 6.61472 ], [ 2.36585, 6.61417 ], [ 2.3663, 6.61399 ], [ 2.3663, 6.61354 ], [ 2.36748, 6.61318 ], [ 2.36666, 6.61282 ], [ 2.36648, 6.612 ], [ 2.36757, 6.61182 ], [ 2.36721, 6.61137 ], [ 2.36775, 6.61128 ], [ 2.36784, 6.61038 ], [ 2.3682, 6.61065 ], [ 2.36884, 6.61047 ], [ 2.36857, 6.60938 ], [ 2.36947, 6.60929 ], [ 2.37001, 6.60965 ], [ 2.37047, 6.60929 ], [ 2.37047, 6.60875 ], [ 2.37002, 6.60839 ], [ 2.37029, 6.60766 ], [ 2.37002, 6.60703 ], [ 2.37047, 6.60685 ], [ 2.37065, 6.60586 ], [ 2.37147, 6.60531 ], [ 2.373, 6.60541 ], [ 2.37264, 6.60486 ], [ 2.37364, 6.60369 ], [ 2.37337, 6.60296 ], [ 2.37391, 6.60324 ], [ 2.37418, 6.60287 ], [ 2.37409, 6.60233 ], [ 2.37391, 6.60251 ], [ 2.37337, 6.60233 ], [ 2.37491, 6.60125 ], [ 2.37401, 6.60107 ], [ 2.37392, 6.6007 ], [ 2.37518, 6.60043 ], [ 2.37527, 6.59971 ], [ 2.37573, 6.60016 ], [ 2.376, 6.60016 ], [ 2.37582, 6.59989 ], [ 2.37627, 6.59998 ], [ 2.37618, 6.60025 ], [ 2.37681, 6.60007 ], [ 2.37663, 6.6008 ], [ 2.3769, 6.60143 ], [ 2.37744, 6.60143 ], [ 2.37735, 6.60107 ], [ 2.37771, 6.60107 ], [ 2.3779, 6.60053 ], [ 2.37717, 6.60026 ], [ 2.37681, 6.59953 ], [ 2.37663, 6.5998 ], [ 2.37636, 6.59962 ], [ 2.37681, 6.59908 ], [ 2.37681, 6.59944 ], [ 2.37735, 6.59971 ], [ 2.37736, 6.59899 ], [ 2.37772, 6.59881 ], [ 2.3779, 6.59926 ], [ 2.37835, 6.59917 ], [ 2.37853, 6.59953 ], [ 2.37808, 6.60008 ], [ 2.37907, 6.60089 ], [ 2.37853, 6.60098 ], [ 2.37898, 6.60116 ], [ 2.37862, 6.60207 ], [ 2.37672, 6.60215 ], [ 2.37654, 6.60252 ], [ 2.3778, 6.60333 ], [ 2.37871, 6.60342 ], [ 2.37871, 6.60388 ], [ 2.37916, 6.60388 ], [ 2.37934, 6.60451 ], [ 2.37943, 6.60415 ], [ 2.37979, 6.60451 ], [ 2.38097, 6.60361 ], [ 2.3816, 6.60442 ], [ 2.38133, 6.60424 ], [ 2.38088, 6.60478 ], [ 2.38042, 6.60451 ], [ 2.38006, 6.60532 ], [ 2.38097, 6.60533 ], [ 2.38106, 6.60487 ], [ 2.3816, 6.60478 ], [ 2.38178, 6.60352 ], [ 2.38097, 6.60288 ], [ 2.38169, 6.60261 ], [ 2.38179, 6.60162 ], [ 2.38142, 6.60126 ], [ 2.3817, 6.60062 ], [ 2.38115, 6.60044 ], [ 2.38061, 6.59954 ], [ 2.38106, 6.59908 ], [ 2.38097, 6.59845 ], [ 2.3798, 6.59791 ], [ 2.38025, 6.59709 ], [ 2.38098, 6.59727 ], [ 2.38188, 6.59655 ], [ 2.38161, 6.59592 ], [ 2.38206, 6.59565 ], [ 2.38206, 6.59519 ], [ 2.38197, 6.59547 ], [ 2.38125, 6.59547 ], [ 2.38134, 6.59574 ], [ 2.38071, 6.59546 ], [ 2.37998, 6.59564 ], [ 2.37953, 6.59537 ], [ 2.37953, 6.59456 ], [ 2.38044, 6.59474 ], [ 2.37989, 6.59483 ], [ 2.38007, 6.59537 ], [ 2.38098, 6.59528 ], [ 2.38053, 6.59501 ], [ 2.3808, 6.59492 ], [ 2.38062, 6.59465 ], [ 2.38152, 6.59538 ], [ 2.38206, 6.5951 ], [ 2.38161, 6.5942 ], [ 2.38234, 6.59393 ], [ 2.38234, 6.59465 ], [ 2.38279, 6.5942 ], [ 2.38243, 6.5942 ], [ 2.38243, 6.5933 ], [ 2.38152, 6.59375 ], [ 2.38189, 6.59275 ], [ 2.38089, 6.59302 ], [ 2.38071, 6.59266 ], [ 2.37981, 6.59248 ], [ 2.38071, 6.59212 ], [ 2.38008, 6.59139 ], [ 2.37945, 6.59148 ], [ 2.37917, 6.59193 ], [ 2.38008, 6.59293 ], [ 2.37981, 6.59311 ], [ 2.38008, 6.59402 ], [ 2.37944, 6.59447 ], [ 2.3789, 6.59347 ], [ 2.3779, 6.59383 ], [ 2.378, 6.5932 ], [ 2.37745, 6.59257 ], [ 2.37791, 6.59266 ], [ 2.378, 6.59184 ], [ 2.37709, 6.59184 ], [ 2.37673, 6.59057 ], [ 2.37574, 6.58985 ], [ 2.37574, 6.58958 ], [ 2.37673, 6.58931 ], [ 2.37674, 6.58813 ], [ 2.37556, 6.5875 ], [ 2.37565, 6.58695 ], [ 2.3771, 6.58732 ], [ 2.37737, 6.58668 ], [ 2.37692, 6.58632 ], [ 2.37601, 6.58659 ], [ 2.37593, 6.58515 ], [ 2.37457, 6.58451 ], [ 2.37511, 6.58424 ], [ 2.37511, 6.5846 ], [ 2.37547, 6.5846 ], [ 2.37565, 6.58415 ], [ 2.37475, 6.58306 ], [ 2.3743, 6.58333 ], [ 2.37321, 6.58315 ], [ 2.37376, 6.58261 ], [ 2.37331, 6.5817 ], [ 2.37168, 6.58143 ], [ 2.3724, 6.58107 ], [ 2.3724, 6.58053 ], [ 2.37177, 6.58025 ], [ 2.37159, 6.57854 ], [ 2.37087, 6.57817 ], [ 2.37078, 6.57718 ], [ 2.37024, 6.57709 ], [ 2.36987, 6.57654 ], [ 2.36942, 6.57663 ], [ 2.36997, 6.57555 ], [ 2.3696, 6.57537 ], [ 2.36952, 6.57464 ], [ 2.36861, 6.57419 ], [ 2.36834, 6.5731 ], [ 2.36888, 6.57292 ], [ 2.36916, 6.57184 ], [ 2.36861, 6.5712 ], [ 2.36898, 6.5712 ], [ 2.36898, 6.57084 ], [ 2.36934, 6.57102 ], [ 2.37025, 6.56931 ], [ 2.36988, 6.56894 ], [ 2.36907, 6.56894 ], [ 2.36898, 6.56849 ], [ 2.36916, 6.56822 ], [ 2.36952, 6.56876 ], [ 2.37043, 6.56858 ], [ 2.37025, 6.56668 ], [ 2.37061, 6.56614 ], [ 2.36962, 6.56551 ], [ 2.36871, 6.56578 ], [ 2.36935, 6.5655 ], [ 2.36889, 6.56505 ], [ 2.36817, 6.56559 ], [ 2.36772, 6.56523 ], [ 2.36772, 6.56451 ], [ 2.36754, 6.56496 ], [ 2.36718, 6.56496 ], [ 2.36699, 6.56451 ], [ 2.36772, 6.56351 ], [ 2.36935, 6.56424 ], [ 2.3698, 6.56342 ], [ 2.37043, 6.56324 ], [ 2.37034, 6.56252 ], [ 2.3698, 6.56225 ], [ 2.37053, 6.56216 ], [ 2.37071, 6.56171 ], [ 2.36899, 6.56116 ], [ 2.36772, 6.56179 ], [ 2.36754, 6.56134 ], [ 2.36781, 6.56053 ], [ 2.36854, 6.56053 ], [ 2.36881, 6.56008 ], [ 2.37008, 6.56017 ], [ 2.37026, 6.5589 ], [ 2.36981, 6.55845 ], [ 2.37098, 6.55845 ], [ 2.37089, 6.558 ], [ 2.37171, 6.55791 ], [ 2.3718, 6.55755 ], [ 2.3708, 6.55746 ], [ 2.37126, 6.55646 ], [ 2.3699, 6.55592 ], [ 2.37008, 6.55555 ], [ 2.37108, 6.55528 ], [ 2.37126, 6.55456 ], [ 2.3709, 6.55402 ], [ 2.36936, 6.55374 ], [ 2.369, 6.55438 ], [ 2.36864, 6.55374 ], [ 2.36791, 6.55347 ], [ 2.36828, 6.55202 ], [ 2.36782, 6.55184 ], [ 2.36755, 6.55257 ], [ 2.36692, 6.55238 ], [ 2.36692, 6.55139 ], [ 2.36765, 6.55058 ], [ 2.3671, 6.54967 ], [ 2.36729, 6.54922 ], [ 2.36783, 6.54958 ], [ 2.36864, 6.54949 ], [ 2.3691, 6.54832 ], [ 2.36801, 6.54741 ], [ 2.36738, 6.54741 ], [ 2.36693, 6.54786 ], [ 2.36665, 6.5475 ], [ 2.36792, 6.54705 ], [ 2.36819, 6.54732 ], [ 2.36864, 6.54714 ], [ 2.36883, 6.54741 ], [ 2.36846, 6.5475 ], [ 2.3691, 6.54768 ], [ 2.37, 6.54759 ], [ 2.37018, 6.54687 ], [ 2.36973, 6.54651 ], [ 2.37009, 6.54615 ], [ 2.37046, 6.54642 ], [ 2.37009, 6.54587 ], [ 2.37109, 6.54524 ], [ 2.37109, 6.54488 ], [ 2.37028, 6.5447 ], [ 2.3701, 6.54397 ], [ 2.371, 6.54434 ], [ 2.37064, 6.54343 ], [ 2.37145, 6.54334 ], [ 2.37145, 6.5428 ], [ 2.372, 6.54217 ], [ 2.37146, 6.54217 ], [ 2.37127, 6.54298 ], [ 2.37037, 6.5428 ], [ 2.3701, 6.54289 ], [ 2.37037, 6.54316 ], [ 2.37001, 6.54316 ], [ 2.36983, 6.54171 ], [ 2.37046, 6.54126 ], [ 2.36974, 6.54026 ], [ 2.37001, 6.54008 ], [ 2.37037, 6.54081 ], [ 2.372, 6.54144 ], [ 2.372, 6.54063 ], [ 2.37146, 6.54036 ], [ 2.37137, 6.53972 ], [ 2.37209, 6.53891 ], [ 2.37209, 6.5381 ], [ 2.37173, 6.53801 ], [ 2.37237, 6.53764 ], [ 2.37255, 6.53665 ], [ 2.37119, 6.53647 ], [ 2.37083, 6.53565 ], [ 2.37137, 6.5352 ], [ 2.37219, 6.53556 ], [ 2.37219, 6.53466 ], [ 2.37183, 6.5343 ], [ 2.37137, 6.53457 ], [ 2.37056, 6.53366 ], [ 2.36975, 6.53375 ], [ 2.3702, 6.53357 ], [ 2.37029, 6.53276 ], [ 2.37111, 6.53276 ], [ 2.37129, 6.5324 ], [ 2.37111, 6.53077 ], [ 2.36984, 6.52995 ], [ 2.37002, 6.52923 ], [ 2.36966, 6.52896 ], [ 2.36993, 6.52887 ], [ 2.36939, 6.52886 ], [ 2.36975, 6.5285 ], [ 2.36921, 6.5285 ], [ 2.36939, 6.52823 ], [ 2.36876, 6.5285 ], [ 2.36794, 6.52832 ], [ 2.36795, 6.52733 ], [ 2.36849, 6.52624 ], [ 2.36867, 6.52642 ], [ 2.36949, 6.52579 ], [ 2.3684, 6.52588 ], [ 2.36849, 6.52515 ], [ 2.36768, 6.52461 ], [ 2.3684, 6.52434 ], [ 2.36813, 6.52479 ], [ 2.36858, 6.5247 ], [ 2.36858, 6.52389 ], [ 2.36967, 6.52362 ], [ 2.36913, 6.52289 ], [ 2.36849, 6.52344 ], [ 2.36804, 6.52298 ], [ 2.36859, 6.52262 ], [ 2.36931, 6.52262 ], [ 2.3694, 6.52289 ], [ 2.37039, 6.52217 ], [ 2.37058, 6.52127 ], [ 2.3694, 6.52127 ], [ 2.36922, 6.52045 ], [ 2.36985, 6.52027 ], [ 2.37022, 6.52072 ], [ 2.37049, 6.52036 ], [ 2.36995, 6.51937 ], [ 2.36868, 6.51973 ], [ 2.36968, 6.51918 ], [ 2.36968, 6.51873 ], [ 2.36913, 6.51828 ], [ 2.36769, 6.51891 ], [ 2.36705, 6.51782 ], [ 2.36642, 6.518 ], [ 2.36651, 6.51674 ], [ 2.36696, 6.51629 ], [ 2.36633, 6.51556 ], [ 2.36588, 6.51574 ], [ 2.36471, 6.51393 ], [ 2.36489, 6.51312 ], [ 2.3657, 6.51258 ], [ 2.3657, 6.51457 ], [ 2.3667, 6.51475 ], [ 2.36715, 6.51457 ], [ 2.36697, 6.51348 ], [ 2.36796, 6.51303 ], [ 2.36751, 6.51176 ], [ 2.36779, 6.51104 ], [ 2.36806, 6.51104 ], [ 2.36797, 6.51158 ], [ 2.36833, 6.51158 ], [ 2.36851, 6.51113 ], [ 2.36815, 6.51014 ], [ 2.36751, 6.5105 ], [ 2.36715, 6.51004 ], [ 2.36607, 6.50995 ], [ 2.36616, 6.50932 ], [ 2.36706, 6.5095 ], [ 2.36806, 6.50914 ], [ 2.36761, 6.50851 ], [ 2.36797, 6.50833 ], [ 2.36806, 6.5076 ], [ 2.36752, 6.50606 ], [ 2.36797, 6.50606 ], [ 2.36797, 6.50643 ], [ 2.3687, 6.50625 ], [ 2.36843, 6.50561 ], [ 2.36942, 6.5048 ], [ 2.36942, 6.50444 ], [ 2.36852, 6.50417 ], [ 2.36761, 6.50462 ], [ 2.36779, 6.50371 ], [ 2.36743, 6.5029 ], [ 2.36816, 6.50263 ], [ 2.36906, 6.50317 ], [ 2.36961, 6.50254 ], [ 2.36942, 6.50227 ], [ 2.3687, 6.50245 ], [ 2.3687, 6.5019 ], [ 2.36906, 6.50181 ], [ 2.36825, 6.50136 ], [ 2.36807, 6.50181 ], [ 2.36762, 6.50154 ], [ 2.36771, 6.50109 ], [ 2.36906, 6.50073 ], [ 2.36907, 6.50037 ], [ 2.36789, 6.49973 ], [ 2.36807, 6.49946 ], [ 2.36789, 6.49955 ], [ 2.36771, 6.49874 ], [ 2.36798, 6.49837 ], [ 2.36807, 6.49937 ], [ 2.36934, 6.49901 ], [ 2.3697, 6.49955 ], [ 2.37042, 6.49937 ], [ 2.37042, 6.4991 ], [ 2.36961, 6.49892 ], [ 2.36952, 6.49847 ], [ 2.36934, 6.49874 ], [ 2.36871, 6.49801 ], [ 2.36979, 6.49811 ], [ 2.37006, 6.49774 ], [ 2.36916, 6.49747 ], [ 2.36844, 6.49675 ], [ 2.36817, 6.49521 ], [ 2.36708, 6.49503 ], [ 2.36672, 6.49548 ], [ 2.36573, 6.49466 ], [ 2.36591, 6.49403 ], [ 2.36528, 6.49285 ], [ 2.36582, 6.49222 ], [ 2.36555, 6.49222 ], [ 2.36555, 6.49141 ], [ 2.3651, 6.49104 ], [ 2.36483, 6.4914 ], [ 2.36474, 6.49095 ], [ 2.3651, 6.4905 ], [ 2.36474, 6.48978 ], [ 2.3651, 6.48932 ], [ 2.36519, 6.48815 ], [ 2.36447, 6.48742 ], [ 2.36356, 6.48715 ], [ 2.36357, 6.48643 ], [ 2.36402, 6.48598 ], [ 2.36375, 6.4857 ], [ 2.36357, 6.48616 ], [ 2.36311, 6.48616 ], [ 2.3633, 6.48534 ], [ 2.36275, 6.48498 ], [ 2.36284, 6.48435 ], [ 2.36221, 6.48416 ], [ 2.36366, 6.48417 ], [ 2.36393, 6.48335 ], [ 2.36194, 6.48326 ], [ 2.36149, 6.4829 ], [ 2.36149, 6.48199 ], [ 2.36212, 6.48281 ], [ 2.3623, 6.48172 ], [ 2.36339, 6.48236 ], [ 2.36312, 6.48073 ], [ 2.36231, 6.48045 ], [ 2.36176, 6.47955 ], [ 2.3615, 6.47747 ], [ 2.36095, 6.47765 ], [ 2.36095, 6.47982 ], [ 2.3624, 6.48163 ], [ 2.36167, 6.48127 ], [ 2.36077, 6.48136 ], [ 2.36095, 6.48027 ], [ 2.3605, 6.48018 ], [ 2.36032, 6.48054 ], [ 2.36005, 6.47991 ], [ 2.3605, 6.47955 ], [ 2.3605, 6.47882 ], [ 2.36014, 6.47846 ], [ 2.36041, 6.47756 ], [ 2.35942, 6.47674 ], [ 2.35987, 6.47611 ], [ 2.35951, 6.47557 ], [ 2.36014, 6.47566 ], [ 2.36014, 6.47466 ], [ 2.35942, 6.47466 ], [ 2.35933, 6.47412 ], [ 2.3587, 6.47385 ], [ 2.35861, 6.47321 ], [ 2.35797, 6.47294 ], [ 2.35698, 6.47321 ], [ 2.35725, 6.47267 ], [ 2.35861, 6.47285 ], [ 2.35933, 6.47249 ], [ 2.35915, 6.47231 ], [ 2.3596, 6.47186 ], [ 2.35933, 6.47149 ], [ 2.35897, 6.47204 ], [ 2.35825, 6.47131 ], [ 2.35707, 6.47122 ], [ 2.35698, 6.47077 ], [ 2.35825, 6.47077 ], [ 2.35816, 6.47122 ], [ 2.35843, 6.47131 ], [ 2.35888, 6.47113 ], [ 2.35888, 6.47068 ], [ 2.35988, 6.47077 ], [ 2.35988, 6.47041 ], [ 2.35933, 6.47032 ], [ 2.35924, 6.46968 ], [ 2.3587, 6.46968 ], [ 2.3597, 6.46905 ], [ 2.35952, 6.46815 ], [ 2.35898, 6.46778 ], [ 2.3597, 6.46679 ], [ 2.35916, 6.46616 ], [ 2.35925, 6.46498 ], [ 2.3588, 6.46489 ], [ 2.35934, 6.46408 ], [ 2.35862, 6.46389 ], [ 2.35898, 6.46317 ], [ 2.35844, 6.46308 ], [ 2.35962, 6.46136 ], [ 2.35962, 6.45874 ], [ 2.36016, 6.45838 ], [ 2.36007, 6.45774 ], [ 2.35953, 6.45783 ], [ 2.35962, 6.45602 ], [ 2.35863, 6.45539 ], [ 2.35872, 6.45512 ], [ 2.35953, 6.45539 ], [ 2.35954, 6.45322 ], [ 2.35908, 6.45295 ], [ 2.35854, 6.45358 ], [ 2.35809, 6.45358 ], [ 2.35809, 6.45331 ], [ 2.35737, 6.45358 ], [ 2.35745, 6.45448 ], [ 2.358, 6.45421 ], [ 2.35809, 6.45458 ], [ 2.35755, 6.45457 ], [ 2.35727, 6.45602 ], [ 2.35745, 6.45629 ], [ 2.35827, 6.45602 ], [ 2.35799, 6.45702 ], [ 2.35836, 6.45738 ], [ 2.3579, 6.45765 ], [ 2.35718, 6.4572 ], [ 2.35691, 6.45765 ], [ 2.35863, 6.45801 ], [ 2.3589, 6.45783 ], [ 2.35872, 6.4572 ], [ 2.35899, 6.4572 ], [ 2.35917, 6.4582 ], [ 2.35799, 6.45847 ], [ 2.35826, 6.45919 ], [ 2.35908, 6.4591 ], [ 2.35908, 6.45937 ], [ 2.35881, 6.45919 ], [ 2.35826, 6.45955 ], [ 2.35826, 6.46 ], [ 2.35781, 6.45991 ], [ 2.35817, 6.45928 ], [ 2.35772, 6.45946 ], [ 2.35799, 6.46136 ], [ 2.35708, 6.46172 ], [ 2.35681, 6.46082 ], [ 2.3569, 6.46163 ], [ 2.35654, 6.46217 ], [ 2.35618, 6.46208 ], [ 2.35627, 6.46353 ], [ 2.35681, 6.46362 ], [ 2.35663, 6.46443 ], [ 2.35789, 6.46416 ], [ 2.35717, 6.46489 ], [ 2.35735, 6.46534 ], [ 2.35708, 6.46552 ], [ 2.35681, 6.46462 ], [ 2.35636, 6.46452 ], [ 2.35627, 6.46507 ], [ 2.35572, 6.46489 ], [ 2.35609, 6.46154 ], [ 2.35555, 6.4609 ], [ 2.35582, 6.46036 ], [ 2.35564, 6.45937 ], [ 2.35609, 6.45901 ], [ 2.35637, 6.45792 ], [ 2.35618, 6.45747 ], [ 2.35537, 6.45747 ], [ 2.35564, 6.45683 ], [ 2.35528, 6.45683 ], [ 2.35564, 6.45629 ], [ 2.35619, 6.45629 ], [ 2.35564, 6.4562 ], [ 2.35564, 6.45557 ], [ 2.35628, 6.4553 ], [ 2.35619, 6.45593 ], [ 2.35646, 6.45602 ], [ 2.357, 6.45512 ], [ 2.35655, 6.45249 ], [ 2.35556, 6.45285 ], [ 2.35565, 6.45177 ], [ 2.3561, 6.45186 ], [ 2.35619, 6.45231 ], [ 2.35646, 6.45213 ], [ 2.35619, 6.45159 ], [ 2.35529, 6.45141 ], [ 2.35511, 6.45276 ], [ 2.35447, 6.4524 ], [ 2.35393, 6.45276 ], [ 2.35393, 6.4524 ], [ 2.35339, 6.4524 ], [ 2.3532, 6.45394 ], [ 2.35239, 6.45276 ], [ 2.35294, 6.4524 ], [ 2.35257, 6.45185 ], [ 2.35321, 6.45204 ], [ 2.35375, 6.45167 ], [ 2.35339, 6.4495 ], [ 2.35384, 6.45005 ], [ 2.35429, 6.45005 ], [ 2.35448, 6.44969 ], [ 2.35402, 6.44923 ], [ 2.35457, 6.44878 ], [ 2.35511, 6.44896 ], [ 2.35511, 6.4486 ], [ 2.35475, 6.4486 ], [ 2.35475, 6.44815 ], [ 2.35403, 6.44833 ], [ 2.35294, 6.44769 ], [ 2.35195, 6.44796 ], [ 2.35213, 6.4486 ], [ 2.3514, 6.44878 ], [ 2.35095, 6.44823 ], [ 2.34833, 6.44805 ], [ 2.34751, 6.44769 ], [ 2.34761, 6.44732 ], [ 2.34842, 6.4476 ], [ 2.34869, 6.44714 ], [ 2.3495, 6.44742 ], [ 2.3496, 6.44706 ], [ 2.35032, 6.44769 ], [ 2.35149, 6.4476 ], [ 2.35177, 6.44733 ], [ 2.3515, 6.44697 ], [ 2.35186, 6.44688 ], [ 2.35213, 6.44733 ], [ 2.35231, 6.44643 ], [ 2.35285, 6.44652 ] ], [ [ 2.35222, 6.44643 ], [ 2.3515, 6.44688 ], [ 2.35077, 6.44633 ], [ 2.35077, 6.4457 ], [ 2.35123, 6.44597 ], [ 2.35168, 6.44543 ], [ 2.35123, 6.44434 ], [ 2.35177, 6.44398 ], [ 2.35213, 6.44525 ], [ 2.3524, 6.44516 ], [ 2.35222, 6.44643 ] ], [ [ 2.35479, 6.69676 ], [ 2.35506, 6.69567 ], [ 2.35443, 6.69513 ], [ 2.35344, 6.69495 ], [ 2.35335, 6.69449 ], [ 2.35425, 6.69449 ], [ 2.35443, 6.69413 ], [ 2.35507, 6.69404 ], [ 2.35642, 6.69504 ], [ 2.35633, 6.69468 ], [ 2.35688, 6.69441 ], [ 2.35697, 6.69396 ], [ 2.35642, 6.69368 ], [ 2.35606, 6.69224 ], [ 2.35652, 6.6926 ], [ 2.35661, 6.69332 ], [ 2.35733, 6.69387 ], [ 2.35896, 6.6936 ], [ 2.35823, 6.69396 ], [ 2.3585, 6.69531 ], [ 2.35823, 6.69522 ], [ 2.35796, 6.69577 ], [ 2.35724, 6.69595 ], [ 2.35642, 6.69558 ], [ 2.35479, 6.69676 ] ], [ [ 2.34077, 6.69538 ], [ 2.33986, 6.6942 ], [ 2.33878, 6.69438 ], [ 2.33706, 6.69393 ], [ 2.33679, 6.69366 ], [ 2.33697, 6.69266 ], [ 2.33733, 6.69375 ], [ 2.33905, 6.69393 ], [ 2.33932, 6.69366 ], [ 2.34005, 6.69402 ], [ 2.34032, 6.69393 ], [ 2.34014, 6.69303 ], [ 2.3405, 6.69312 ], [ 2.3405, 6.69484 ], [ 2.3414, 6.69466 ], [ 2.34285, 6.69511 ], [ 2.34258, 6.69547 ], [ 2.34149, 6.69529 ], [ 2.34131, 6.69565 ], [ 2.34077, 6.69538 ] ], [ [ 2.39254, 6.68794 ], [ 2.39245, 6.68749 ], [ 2.39281, 6.68713 ], [ 2.39353, 6.68713 ], [ 2.39344, 6.68667 ], [ 2.3939, 6.68613 ], [ 2.39417, 6.68613 ], [ 2.39399, 6.6864 ], [ 2.39462, 6.68622 ], [ 2.39435, 6.68839 ], [ 2.39398, 6.68848 ], [ 2.39371, 6.68785 ], [ 2.39308, 6.68875 ], [ 2.39299, 6.68803 ], [ 2.39254, 6.68794 ] ], [ [ 2.40104, 6.68677 ], [ 2.4015, 6.68632 ], [ 2.40059, 6.68469 ], [ 2.39996, 6.6846 ], [ 2.40023, 6.68415 ], [ 2.40005, 6.68352 ], [ 2.40168, 6.68451 ], [ 2.40204, 6.68587 ], [ 2.40159, 6.68641 ], [ 2.40222, 6.68668 ], [ 2.40222, 6.68632 ], [ 2.40303, 6.68587 ], [ 2.40394, 6.68632 ], [ 2.40385, 6.6856 ], [ 2.40457, 6.68623 ], [ 2.40349, 6.68669 ], [ 2.40258, 6.68659 ], [ 2.40159, 6.68723 ], [ 2.40104, 6.68677 ] ], [ [ 2.38847, 6.68287 ], [ 2.38838, 6.68205 ], [ 2.38793, 6.68269 ], [ 2.38729, 6.68287 ], [ 2.3863, 6.68259 ], [ 2.38612, 6.68223 ], [ 2.38729, 6.68232 ], [ 2.38838, 6.68196 ], [ 2.38793, 6.68115 ], [ 2.38874, 6.68088 ], [ 2.38892, 6.68115 ], [ 2.38847, 6.68187 ], [ 2.38947, 6.68305 ], [ 2.38901, 6.68332 ], [ 2.38847, 6.68287 ] ], [ [ 2.38587, 6.66549 ], [ 2.38496, 6.66486 ], [ 2.38451, 6.66495 ], [ 2.38433, 6.66432 ], [ 2.38315, 6.66422 ], [ 2.38361, 6.66404 ], [ 2.38361, 6.66359 ], [ 2.38316, 6.66377 ], [ 2.3827, 6.66305 ], [ 2.38225, 6.66323 ], [ 2.38243, 6.66241 ], [ 2.38198, 6.66305 ], [ 2.38135, 6.66314 ], [ 2.38162, 6.66296 ], [ 2.38144, 6.66196 ], [ 2.38198, 6.66214 ], [ 2.38162, 6.66124 ], [ 2.38099, 6.66124 ], [ 2.38072, 6.6616 ], [ 2.38035, 6.66115 ], [ 2.38044, 6.6616 ], [ 2.3799, 6.66133 ], [ 2.37945, 6.66178 ], [ 2.37891, 6.65988 ], [ 2.37809, 6.6596 ], [ 2.37782, 6.66033 ], [ 2.37719, 6.66024 ], [ 2.37782, 6.65951 ], [ 2.37746, 6.65897 ], [ 2.37819, 6.65816 ], [ 2.37782, 6.6577 ], [ 2.37855, 6.65743 ], [ 2.37828, 6.65734 ], [ 2.37837, 6.6568 ], [ 2.38027, 6.65744 ], [ 2.38199, 6.65699 ], [ 2.3819, 6.65653 ], [ 2.38063, 6.65689 ], [ 2.3809, 6.65635 ], [ 2.38018, 6.65626 ], [ 2.38009, 6.6559 ], [ 2.37918, 6.65608 ], [ 2.37891, 6.65535 ], [ 2.37973, 6.65535 ], [ 2.38036, 6.65599 ], [ 2.38145, 6.65581 ], [ 2.38199, 6.65509 ], [ 2.3828, 6.65563 ], [ 2.38308, 6.65509 ], [ 2.38353, 6.65563 ], [ 2.38326, 6.65608 ], [ 2.38344, 6.65699 ], [ 2.38298, 6.65699 ], [ 2.38307, 6.65735 ], [ 2.38416, 6.65762 ], [ 2.38407, 6.65835 ], [ 2.38497, 6.65826 ], [ 2.38533, 6.65898 ], [ 2.38497, 6.66061 ], [ 2.38587, 6.66097 ], [ 2.38606, 6.6598 ], [ 2.38642, 6.66052 ], [ 2.38678, 6.66025 ], [ 2.38714, 6.66079 ], [ 2.38714, 6.66161 ], [ 2.38777, 6.66097 ], [ 2.3885, 6.6617 ], [ 2.38886, 6.66342 ], [ 2.38858, 6.66468 ], [ 2.38804, 6.66477 ], [ 2.38831, 6.66486 ], [ 2.38831, 6.66532 ], [ 2.38822, 6.66504 ], [ 2.38777, 6.66513 ], [ 2.38741, 6.66432 ], [ 2.38705, 6.6645 ], [ 2.38623, 6.66396 ], [ 2.3856, 6.6645 ], [ 2.38587, 6.66549 ] ], [ [ 2.39266, 6.66062 ], [ 2.39257, 6.65989 ], [ 2.39194, 6.65953 ], [ 2.39239, 6.65953 ], [ 2.39212, 6.65935 ], [ 2.3923, 6.6589 ], [ 2.3933, 6.65899 ], [ 2.3933, 6.65854 ], [ 2.39348, 6.65899 ], [ 2.39384, 6.65899 ], [ 2.39384, 6.65953 ], [ 2.39429, 6.65944 ], [ 2.39402, 6.65926 ], [ 2.39429, 6.6589 ], [ 2.39456, 6.65962 ], [ 2.39592, 6.65981 ], [ 2.39402, 6.65999 ], [ 2.39339, 6.65953 ], [ 2.39293, 6.6598 ], [ 2.39311, 6.66053 ], [ 2.39266, 6.66062 ] ], [ [ 2.38552, 6.65799 ], [ 2.38615, 6.65744 ], [ 2.38543, 6.6569 ], [ 2.38552, 6.65663 ], [ 2.38398, 6.65581 ], [ 2.38434, 6.65473 ], [ 2.38615, 6.65527 ], [ 2.38651, 6.65581 ], [ 2.38633, 6.65645 ], [ 2.38687, 6.65672 ], [ 2.38669, 6.65753 ], [ 2.38606, 6.65817 ], [ 2.38552, 6.65799 ] ], [ [ 2.37611, 6.65245 ], [ 2.37539, 6.65101 ], [ 2.37611, 6.65092 ], [ 2.37566, 6.65028 ], [ 2.37666, 6.65028 ], [ 2.37684, 6.65128 ], [ 2.37657, 6.65173 ], [ 2.37847, 6.65173 ], [ 2.37846, 6.6521 ], [ 2.37756, 6.65237 ], [ 2.37611, 6.65245 ] ], [ [ 2.39394, 6.65094 ], [ 2.39285, 6.65058 ], [ 2.39231, 6.65076 ], [ 2.39204, 6.65039 ], [ 2.3924, 6.65021 ], [ 2.39186, 6.65021 ], [ 2.39177, 6.64985 ], [ 2.39204, 6.64867 ], [ 2.39141, 6.64849 ], [ 2.39114, 6.64949 ], [ 2.39059, 6.64976 ], [ 2.39059, 6.65103 ], [ 2.3895, 6.6513 ], [ 2.38933, 6.65012 ], [ 2.3896, 6.64967 ], [ 2.38933, 6.64958 ], [ 2.38969, 6.64931 ], [ 2.3896, 6.64885 ], [ 2.38761, 6.64885 ], [ 2.38752, 6.64795 ], [ 2.38779, 6.64767 ], [ 2.38643, 6.64767 ], [ 2.38634, 6.64695 ], [ 2.3868, 6.64695 ], [ 2.3868, 6.64731 ], [ 2.38797, 6.64722 ], [ 2.38851, 6.64822 ], [ 2.38924, 6.64822 ], [ 2.38933, 6.64849 ], [ 2.38951, 6.64822 ], [ 2.38888, 6.6474 ], [ 2.38969, 6.64759 ], [ 2.38996, 6.64867 ], [ 2.39087, 6.64867 ], [ 2.39186, 6.6475 ], [ 2.39331, 6.64777 ], [ 2.39376, 6.64804 ], [ 2.39358, 6.64886 ], [ 2.3943, 6.64859 ], [ 2.39439, 6.64976 ], [ 2.39475, 6.64976 ], [ 2.39376, 6.65003 ], [ 2.39412, 6.65103 ], [ 2.39457, 6.65121 ], [ 2.3943, 6.65157 ], [ 2.39394, 6.65094 ] ], [ [ 2.38028, 6.64966 ], [ 2.37965, 6.64893 ], [ 2.38028, 6.64884 ], [ 2.381, 6.64812 ], [ 2.38064, 6.64776 ], [ 2.38073, 6.64703 ], [ 2.37956, 6.64721 ], [ 2.37938, 6.64676 ], [ 2.37965, 6.64595 ], [ 2.38019, 6.64595 ], [ 2.38028, 6.64495 ], [ 2.37956, 6.64459 ], [ 2.37911, 6.64477 ], [ 2.37811, 6.64468 ], [ 2.37866, 6.64459 ], [ 2.37866, 6.64413 ], [ 2.38056, 6.64387 ], [ 2.38029, 6.6435 ], [ 2.38092, 6.64305 ], [ 2.38056, 6.64233 ], [ 2.38119, 6.64206 ], [ 2.38119, 6.64133 ], [ 2.38155, 6.64133 ], [ 2.38192, 6.64188 ], [ 2.38101, 6.64215 ], [ 2.38128, 6.64233 ], [ 2.38101, 6.64314 ], [ 2.382, 6.64332 ], [ 2.38146, 6.64369 ], [ 2.38182, 6.64405 ], [ 2.38065, 6.64405 ], [ 2.38028, 6.6445 ], [ 2.38119, 6.64477 ], [ 2.38092, 6.6454 ], [ 2.38128, 6.64568 ], [ 2.38046, 6.64667 ], [ 2.38119, 6.64685 ], [ 2.38191, 6.64776 ], [ 2.38155, 6.64839 ], [ 2.382, 6.64875 ], [ 2.38109, 6.64857 ], [ 2.38091, 6.64966 ], [ 2.38028, 6.64966 ] ], [ [ 2.39159, 6.64551 ], [ 2.39214, 6.64533 ], [ 2.39232, 6.64442 ], [ 2.39322, 6.64451 ], [ 2.39304, 6.64488 ], [ 2.39349, 6.64542 ], [ 2.39313, 6.64587 ], [ 2.39349, 6.64623 ], [ 2.39322, 6.64632 ], [ 2.3925, 6.64542 ], [ 2.3925, 6.64605 ], [ 2.39132, 6.64632 ], [ 2.39159, 6.64551 ] ], [ [ 2.38761, 6.64442 ], [ 2.3877, 6.64342 ], [ 2.38716, 6.6436 ], [ 2.38617, 6.64324 ], [ 2.38734, 6.64315 ], [ 2.38789, 6.64243 ], [ 2.38897, 6.6427 ], [ 2.38897, 6.64342 ], [ 2.38825, 6.64342 ], [ 2.38834, 6.64478 ], [ 2.38797, 6.64532 ], [ 2.38761, 6.64442 ] ], [ [ 2.38508, 6.64161 ], [ 2.38527, 6.64052 ], [ 2.385, 6.63944 ], [ 2.38572, 6.63899 ], [ 2.38653, 6.63908 ], [ 2.38635, 6.64043 ], [ 2.3859, 6.64098 ], [ 2.38526, 6.64098 ], [ 2.38508, 6.64161 ] ], [ [ 2.38183, 6.63826 ], [ 2.38029, 6.6369 ], [ 2.3793, 6.63654 ], [ 2.37903, 6.63608 ], [ 2.37939, 6.6359 ], [ 2.37921, 6.63509 ], [ 2.37993, 6.635 ], [ 2.38002, 6.63536 ], [ 2.38075, 6.63518 ], [ 2.38039, 6.63536 ], [ 2.38102, 6.63545 ], [ 2.38138, 6.63446 ], [ 2.38193, 6.63455 ], [ 2.38229, 6.63337 ], [ 2.38292, 6.63328 ], [ 2.3831, 6.63401 ], [ 2.38247, 6.63446 ], [ 2.38301, 6.63446 ], [ 2.3831, 6.63509 ], [ 2.38238, 6.635 ], [ 2.38229, 6.63527 ], [ 2.38355, 6.63564 ], [ 2.38283, 6.63573 ], [ 2.38265, 6.63627 ], [ 2.38165, 6.63699 ], [ 2.38201, 6.63744 ], [ 2.38183, 6.63826 ] ], [ [ 2.38807, 6.63736 ], [ 2.38699, 6.63664 ], [ 2.38599, 6.63682 ], [ 2.38581, 6.63636 ], [ 2.38699, 6.63618 ], [ 2.38717, 6.63555 ], [ 2.38717, 6.636 ], [ 2.38789, 6.63628 ], [ 2.38826, 6.63691 ], [ 2.38807, 6.63736 ] ], [ [ 2.31377, 6.52273 ], [ 2.31305, 6.52083 ], [ 2.31241, 6.52038 ], [ 2.3126, 6.51965 ], [ 2.31187, 6.51911 ], [ 2.31169, 6.51839 ], [ 2.31242, 6.51893 ], [ 2.31368, 6.51839 ], [ 2.31314, 6.51721 ], [ 2.3126, 6.51703 ], [ 2.31314, 6.51667 ], [ 2.31315, 6.51522 ], [ 2.31215, 6.51504 ], [ 2.31197, 6.51549 ], [ 2.31197, 6.51495 ], [ 2.3126, 6.51459 ], [ 2.31288, 6.51341 ], [ 2.31297, 6.51368 ], [ 2.31342, 6.51341 ], [ 2.31306, 6.51242 ], [ 2.31378, 6.51178 ], [ 2.31333, 6.51088 ], [ 2.31406, 6.51052 ], [ 2.31406, 6.50889 ], [ 2.31334, 6.50789 ], [ 2.31379, 6.50645 ], [ 2.31433, 6.50645 ], [ 2.3146, 6.50717 ], [ 2.31406, 6.5069 ], [ 2.31442, 6.50762 ], [ 2.31415, 6.50862 ], [ 2.31451, 6.50853 ], [ 2.31469, 6.5107 ], [ 2.3146, 6.51142 ], [ 2.31424, 6.51151 ], [ 2.31433, 6.51242 ], [ 2.31414, 6.51215 ], [ 2.31378, 6.51242 ], [ 2.31469, 6.51287 ], [ 2.31477, 6.51441 ], [ 2.31423, 6.51468 ], [ 2.31423, 6.51504 ], [ 2.31468, 6.5154 ], [ 2.31441, 6.51549 ], [ 2.31441, 6.51694 ], [ 2.31495, 6.51703 ], [ 2.31504, 6.51739 ], [ 2.31468, 6.51721 ], [ 2.31441, 6.51803 ], [ 2.31405, 6.51794 ], [ 2.31404, 6.5192 ], [ 2.31441, 6.51957 ], [ 2.31477, 6.51929 ], [ 2.31513, 6.51957 ], [ 2.31441, 6.52011 ], [ 2.31477, 6.52101 ], [ 2.31431, 6.52165 ], [ 2.31485, 6.52192 ], [ 2.31513, 6.52138 ], [ 2.31549, 6.52183 ], [ 2.31377, 6.52273 ] ], [ [ 2.31325, 6.50491 ], [ 2.31235, 6.5031 ], [ 2.3128, 6.50328 ], [ 2.3128, 6.50283 ], [ 2.31343, 6.50283 ], [ 2.31334, 6.50228 ], [ 2.3138, 6.50228 ], [ 2.31352, 6.50238 ], [ 2.31379, 6.5031 ], [ 2.31352, 6.50292 ], [ 2.31307, 6.50382 ], [ 2.31361, 6.50464 ], [ 2.31325, 6.50491 ] ], [ [ 2.311, 6.49948 ], [ 2.31136, 6.49893 ], [ 2.31109, 6.49703 ], [ 2.30937, 6.49694 ], [ 2.31019, 6.49676 ], [ 2.31064, 6.49577 ], [ 2.31208, 6.49713 ], [ 2.31163, 6.49857 ], [ 2.31208, 6.49957 ], [ 2.31145, 6.50011 ], [ 2.311, 6.49948 ] ], [ [ 2.31064, 6.49161 ], [ 2.31037, 6.49115 ], [ 2.31092, 6.49097 ], [ 2.31092, 6.4898 ], [ 2.31155, 6.48934 ], [ 2.31155, 6.4879 ], [ 2.3111, 6.4879 ], [ 2.31101, 6.48654 ], [ 2.31228, 6.48555 ], [ 2.31291, 6.48654 ], [ 2.31246, 6.48727 ], [ 2.31228, 6.48699 ], [ 2.31201, 6.48871 ], [ 2.31236, 6.49079 ], [ 2.31128, 6.4917 ], [ 2.31064, 6.49161 ] ], [ [ 2.25259, 6.48094 ], [ 2.25304, 6.48031 ], [ 2.25296, 6.4794 ], [ 2.25341, 6.47931 ], [ 2.25368, 6.47723 ], [ 2.25432, 6.47578 ], [ 2.25432, 6.47425 ], [ 2.25369, 6.47388 ], [ 2.25432, 6.47352 ], [ 2.25378, 6.47244 ], [ 2.25387, 6.47216 ], [ 2.25405, 6.47235 ], [ 2.25423, 6.47063 ], [ 2.25351, 6.47008 ], [ 2.25378, 6.46891 ], [ 2.25406, 6.46891 ], [ 2.25406, 6.46791 ], [ 2.25352, 6.46737 ], [ 2.25343, 6.46565 ], [ 2.25361, 6.46601 ], [ 2.25397, 6.46565 ], [ 2.25397, 6.4661 ], [ 2.25505, 6.46737 ], [ 2.25478, 6.46828 ], [ 2.2555, 6.46882 ], [ 2.25487, 6.47027 ], [ 2.25532, 6.47045 ], [ 2.25496, 6.47054 ], [ 2.25532, 6.47063 ], [ 2.25505, 6.47072 ], [ 2.25514, 6.47153 ], [ 2.25559, 6.47108 ], [ 2.25541, 6.47027 ], [ 2.25577, 6.47036 ], [ 2.25604, 6.47153 ], [ 2.25568, 6.4719 ], [ 2.25604, 6.47289 ], [ 2.25568, 6.47316 ], [ 2.25577, 6.47452 ], [ 2.25495, 6.47524 ], [ 2.25513, 6.47633 ], [ 2.25431, 6.47805 ], [ 2.25477, 6.47868 ], [ 2.25422, 6.47868 ], [ 2.25359, 6.47922 ], [ 2.25313, 6.48103 ], [ 2.25259, 6.48094 ] ], [ [ 2.35598, 6.47547 ], [ 2.35634, 6.4742 ], [ 2.35571, 6.47393 ], [ 2.35644, 6.47375 ], [ 2.35617, 6.47176 ], [ 2.35698, 6.4714 ], [ 2.35662, 6.47258 ], [ 2.35689, 6.47294 ], [ 2.35662, 6.47339 ], [ 2.35689, 6.47538 ], [ 2.35598, 6.47547 ] ], [ [ 2.35264, 6.4714 ], [ 2.35327, 6.47058 ], [ 2.35318, 6.47022 ], [ 2.35228, 6.47112 ], [ 2.35192, 6.47067 ], [ 2.35246, 6.46959 ], [ 2.35318, 6.46995 ], [ 2.35427, 6.46923 ], [ 2.35572, 6.46977 ], [ 2.35536, 6.46995 ], [ 2.35535, 6.47049 ], [ 2.35445, 6.46995 ], [ 2.35391, 6.47113 ], [ 2.35327, 6.47149 ], [ 2.35264, 6.4714 ] ], [ [ 2.34211, 6.42823 ], [ 2.34311, 6.42696 ], [ 2.34347, 6.42588 ], [ 2.3442, 6.42579 ], [ 2.34438, 6.42516 ], [ 2.34465, 6.42579 ], [ 2.34374, 6.42624 ], [ 2.34374, 6.42678 ], [ 2.34329, 6.42696 ], [ 2.34284, 6.42814 ], [ 2.34202, 6.42886 ], [ 2.34211, 6.42823 ] ], [ [ 2.33732, 6.42867 ], [ 2.33587, 6.4284 ], [ 2.33587, 6.42804 ], [ 2.33651, 6.42759 ], [ 2.33632, 6.4284 ], [ 2.33714, 6.42813 ], [ 2.33696, 6.42786 ], [ 2.33741, 6.42759 ], [ 2.33741, 6.42714 ], [ 2.33696, 6.42695 ], [ 2.33741, 6.42632 ], [ 2.33714, 6.4256 ], [ 2.33759, 6.42551 ], [ 2.33805, 6.42614 ], [ 2.33859, 6.42515 ], [ 2.3385, 6.42669 ], [ 2.33768, 6.42696 ], [ 2.33732, 6.42867 ] ], [ [ 2.30848, 6.42149 ], [ 2.30857, 6.42221 ], [ 2.30911, 6.42203 ], [ 2.30974, 6.42312 ], [ 2.30974, 6.42402 ], [ 2.30947, 6.42375 ], [ 2.30974, 6.42511 ], [ 2.30956, 6.42529 ], [ 2.30947, 6.42475 ], [ 2.30938, 6.42538 ], [ 2.30911, 6.42402 ], [ 2.30911, 6.42538 ], [ 2.30893, 6.4242 ], [ 2.30883, 6.42556 ], [ 2.30875, 6.4242 ], [ 2.30874, 6.42574 ], [ 2.30866, 6.42402 ], [ 2.30847, 6.42574 ], [ 2.3083, 6.4233 ], [ 2.30848, 6.42149 ] ], [ [ 2.32774, 6.42369 ], [ 2.32774, 6.42197 ], [ 2.32837, 6.42179 ], [ 2.32838, 6.42088 ], [ 2.32964, 6.41916 ], [ 2.32946, 6.42134 ], [ 2.32973, 6.42197 ], [ 2.32901, 6.42188 ], [ 2.32892, 6.42215 ], [ 2.32919, 6.42342 ], [ 2.32819, 6.42396 ], [ 2.32774, 6.42369 ] ], [ [ 2.32629, 6.42287 ], [ 2.32666, 6.42224 ], [ 2.32629, 6.4216 ], [ 2.32666, 6.42169 ], [ 2.32693, 6.42106 ], [ 2.32747, 6.42106 ], [ 2.32756, 6.42052 ], [ 2.3282, 6.42052 ], [ 2.32738, 6.42233 ], [ 2.32675, 6.42251 ], [ 2.32675, 6.42296 ], [ 2.32629, 6.42287 ] ], [ [ 2.22211, 6.42191 ], [ 2.22238, 6.42146 ], [ 2.22283, 6.42146 ], [ 2.22274, 6.42119 ], [ 2.22374, 6.42119 ], [ 2.22401, 6.42083 ], [ 2.22437, 6.4211 ], [ 2.22392, 6.42218 ], [ 2.22283, 6.42227 ], [ 2.22211, 6.42191 ] ], [ [ 2.22066, 6.42163 ], [ 2.22094, 6.42019 ], [ 2.22021, 6.41982 ], [ 2.22085, 6.41973 ], [ 2.22021, 6.41973 ], [ 2.22021, 6.41937 ], [ 2.21958, 6.4191 ], [ 2.21976, 6.41874 ], [ 2.22049, 6.41865 ], [ 2.22022, 6.41801 ], [ 2.22058, 6.41811 ], [ 2.22058, 6.41865 ], [ 2.22076, 6.41838 ], [ 2.22112, 6.41919 ], [ 2.22175, 6.41883 ], [ 2.22239, 6.41919 ], [ 2.22229, 6.41992 ], [ 2.22157, 6.42055 ], [ 2.22293, 6.421 ], [ 2.22139, 6.42191 ], [ 2.22066, 6.42163 ] ], [ [ 2.3386, 6.42099 ], [ 2.33851, 6.42044 ], [ 2.33715, 6.41945 ], [ 2.33697, 6.41872 ], [ 2.33742, 6.41854 ], [ 2.3358, 6.41637 ], [ 2.33598, 6.41555 ], [ 2.33508, 6.41564 ], [ 2.33489, 6.41537 ], [ 2.33535, 6.41483 ], [ 2.33499, 6.41465 ], [ 2.33463, 6.41338 ], [ 2.33698, 6.41284 ], [ 2.33626, 6.41166 ], [ 2.33707, 6.41185 ], [ 2.33788, 6.4132 ], [ 2.33861, 6.41293 ], [ 2.33951, 6.4133 ], [ 2.34032, 6.41257 ], [ 2.33987, 6.41239 ], [ 2.33996, 6.41158 ], [ 2.33933, 6.41149 ], [ 2.33933, 6.4123 ], [ 2.33861, 6.4114 ], [ 2.33797, 6.4113 ], [ 2.33743, 6.41167 ], [ 2.33779, 6.41085 ], [ 2.33752, 6.41103 ], [ 2.33752, 6.4104 ], [ 2.33707, 6.41076 ], [ 2.33671, 6.41058 ], [ 2.33635, 6.40986 ], [ 2.33689, 6.40968 ], [ 2.33752, 6.41013 ], [ 2.33942, 6.41031 ], [ 2.34033, 6.41194 ], [ 2.34033, 6.4114 ], [ 2.34123, 6.41077 ], [ 2.34033, 6.4104 ], [ 2.34033, 6.41004 ], [ 2.33997, 6.41058 ], [ 2.33979, 6.40968 ], [ 2.34051, 6.40959 ], [ 2.34069, 6.40986 ], [ 2.34105, 6.40932 ], [ 2.34123, 6.40977 ], [ 2.34078, 6.41004 ], [ 2.34186, 6.41041 ], [ 2.34195, 6.41077 ], [ 2.34132, 6.41068 ], [ 2.34132, 6.41122 ], [ 2.34096, 6.4114 ], [ 2.3415, 6.41185 ], [ 2.34078, 6.41321 ], [ 2.34014, 6.41348 ], [ 2.3405, 6.41484 ], [ 2.33969, 6.41511 ], [ 2.34005, 6.41484 ], [ 2.3396, 6.41474 ], [ 2.33942, 6.41538 ], [ 2.33915, 6.41511 ], [ 2.33815, 6.41592 ], [ 2.33815, 6.41637 ], [ 2.3386, 6.41664 ], [ 2.33815, 6.417 ], [ 2.33851, 6.41746 ], [ 2.33851, 6.41881 ], [ 2.33769, 6.41881 ], [ 2.3376, 6.41918 ], [ 2.33823, 6.4199 ], [ 2.33887, 6.4199 ], [ 2.33932, 6.42117 ], [ 2.3386, 6.42099 ] ], [ [ 2.21515, 6.41683 ], [ 2.21543, 6.41638 ], [ 2.21461, 6.41602 ], [ 2.21489, 6.4152 ], [ 2.21597, 6.41538 ], [ 2.21552, 6.41656 ], [ 2.21615, 6.41593 ], [ 2.21705, 6.41629 ], [ 2.21678, 6.41683 ], [ 2.21606, 6.4171 ], [ 2.21515, 6.41683 ] ], [ [ 2.31355, 6.41408 ], [ 2.31337, 6.41218 ], [ 2.31374, 6.41209 ], [ 2.31383, 6.41082 ], [ 2.31419, 6.41064 ], [ 2.31419, 6.41191 ], [ 2.31455, 6.41218 ], [ 2.31419, 6.41263 ], [ 2.31473, 6.41336 ], [ 2.31428, 6.41345 ], [ 2.314, 6.41507 ], [ 2.31355, 6.41408 ] ], [ [ 2.29782, 6.41351 ], [ 2.29746, 6.41378 ], [ 2.298, 6.41198 ], [ 2.29773, 6.41152 ], [ 2.29809, 6.41098 ], [ 2.298, 6.40908 ], [ 2.29737, 6.40899 ], [ 2.29728, 6.40863 ], [ 2.29773, 6.40836 ], [ 2.2981, 6.40736 ], [ 2.29774, 6.40646 ], [ 2.29774, 6.40564 ], [ 2.29801, 6.40564 ], [ 2.2981, 6.40646 ], [ 2.29882, 6.40709 ], [ 2.29873, 6.408 ], [ 2.29909, 6.40845 ], [ 2.29891, 6.41008 ], [ 2.29981, 6.41153 ], [ 2.29918, 6.4118 ], [ 2.29918, 6.41107 ], [ 2.299, 6.41143 ], [ 2.29845, 6.41125 ], [ 2.29818, 6.41424 ], [ 2.29782, 6.41424 ], [ 2.29782, 6.41378 ], [ 2.29809, 6.41379 ], [ 2.29782, 6.41351 ] ], [ [ 2.23506, 6.40971 ], [ 2.2328, 6.40853 ], [ 2.23253, 6.40917 ], [ 2.23226, 6.40808 ], [ 2.23154, 6.40808 ], [ 2.23127, 6.40727 ], [ 2.23172, 6.40654 ], [ 2.23262, 6.40654 ], [ 2.23244, 6.40691 ], [ 2.23335, 6.40655 ], [ 2.23335, 6.406 ], [ 2.23443, 6.40537 ], [ 2.23444, 6.40447 ], [ 2.23525, 6.40374 ], [ 2.23543, 6.40465 ], [ 2.23516, 6.40537 ], [ 2.23561, 6.40745 ], [ 2.23479, 6.40809 ], [ 2.23497, 6.40745 ], [ 2.23461, 6.40718 ], [ 2.23461, 6.40881 ], [ 2.23434, 6.40899 ], [ 2.23506, 6.40971 ] ], [ [ 2.25016, 6.40874 ], [ 2.25044, 6.40793 ], [ 2.24972, 6.40684 ], [ 2.24972, 6.40585 ], [ 2.25008, 6.40567 ], [ 2.24972, 6.40512 ], [ 2.25044, 6.40512 ], [ 2.25044, 6.40458 ], [ 2.25017, 6.40485 ], [ 2.24927, 6.40404 ], [ 2.25008, 6.40331 ], [ 2.25045, 6.40205 ], [ 2.2509, 6.40205 ], [ 2.25126, 6.40277 ], [ 2.25081, 6.40313 ], [ 2.2508, 6.40567 ], [ 2.25008, 6.40621 ], [ 2.25071, 6.40657 ], [ 2.25071, 6.40865 ], [ 2.25053, 6.40892 ], [ 2.25016, 6.40874 ] ], [ [ 2.33066, 6.40388 ], [ 2.33039, 6.40415 ], [ 2.33003, 6.40342 ], [ 2.32985, 6.40379 ], [ 2.3293, 6.40369 ], [ 2.3293, 6.40288 ], [ 2.33003, 6.40315 ], [ 2.33093, 6.40198 ], [ 2.33084, 6.40089 ], [ 2.33157, 6.4008 ], [ 2.33238, 6.40135 ], [ 2.33184, 6.40234 ], [ 2.33211, 6.40225 ], [ 2.33265, 6.40297 ], [ 2.33202, 6.40316 ], [ 2.33102, 6.4027 ], [ 2.33048, 6.40306 ], [ 2.33102, 6.4037 ], [ 2.33147, 6.4037 ], [ 2.33147, 6.40315 ], [ 2.3322, 6.40361 ], [ 2.33211, 6.40397 ], [ 2.33138, 6.40388 ], [ 2.33138, 6.40469 ], [ 2.33102, 6.40451 ], [ 2.33093, 6.40478 ], [ 2.33066, 6.40388 ] ], [ [ 2.32288, 6.40378 ], [ 2.32279, 6.40287 ], [ 2.32216, 6.40242 ], [ 2.32225, 6.40215 ], [ 2.32315, 6.40251 ], [ 2.32406, 6.40134 ], [ 2.32496, 6.40152 ], [ 2.32623, 6.40089 ], [ 2.32605, 6.40297 ], [ 2.32632, 6.40333 ], [ 2.32596, 6.40333 ], [ 2.32587, 6.4026 ], [ 2.32551, 6.40315 ], [ 2.32496, 6.40287 ], [ 2.32496, 6.40324 ], [ 2.32424, 6.40278 ], [ 2.32451, 6.40233 ], [ 2.3246, 6.4026 ], [ 2.32496, 6.40233 ], [ 2.32478, 6.40179 ], [ 2.32433, 6.40161 ], [ 2.3246, 6.40224 ], [ 2.32415, 6.40224 ], [ 2.32361, 6.40332 ], [ 2.32324, 6.40341 ], [ 2.32324, 6.40405 ], [ 2.32288, 6.40378 ] ] ], [ [ [ 2.32783, 6.35041 ], [ 2.32774, 6.34995 ], [ 2.32892, 6.34959 ], [ 2.32883, 6.34914 ], [ 2.32748, 6.34887 ], [ 2.32729, 6.34941 ], [ 2.32693, 6.34841 ], [ 2.32621, 6.3485 ], [ 2.32621, 6.34878 ], [ 2.32531, 6.3485 ], [ 2.32549, 6.34923 ], [ 2.32612, 6.34977 ], [ 2.32738, 6.34986 ], [ 2.3272, 6.3505 ], [ 2.32747, 6.35068 ], [ 2.32783, 6.35041 ] ] ], [ [ [ 2.31689, 6.35202 ], [ 2.31743, 6.35256 ], [ 2.31888, 6.35238 ], [ 2.31987, 6.35266 ], [ 2.31951, 6.35229 ], [ 2.31969, 6.35202 ], [ 2.32024, 6.35275 ], [ 2.32087, 6.35275 ], [ 2.32123, 6.3523 ], [ 2.32205, 6.35212 ], [ 2.32223, 6.35185 ], [ 2.32168, 6.35157 ], [ 2.32114, 6.35184 ], [ 2.32006, 6.35049 ], [ 2.31924, 6.35085 ], [ 2.31852, 6.35048 ], [ 2.31807, 6.34967 ], [ 2.31644, 6.34931 ], [ 2.31391, 6.34966 ], [ 2.3131, 6.35002 ], [ 2.31264, 6.35075 ], [ 2.31282, 6.35156 ], [ 2.31364, 6.35183 ], [ 2.31409, 6.35111 ], [ 2.31481, 6.35175 ], [ 2.31535, 6.35129 ], [ 2.3159, 6.35139 ], [ 2.31626, 6.35274 ], [ 2.3168, 6.35265 ], [ 2.31689, 6.35202 ] ] ], [ [ [ 2.32385, 6.35248 ], [ 2.32611, 6.35176 ], [ 2.3263, 6.35095 ], [ 2.32548, 6.35095 ], [ 2.32503, 6.35131 ], [ 2.32521, 6.35158 ], [ 2.32485, 6.35113 ], [ 2.32449, 6.3514 ], [ 2.32349, 6.35112 ], [ 2.32295, 6.3513 ], [ 2.32349, 6.3513 ], [ 2.32349, 6.35212 ], [ 2.32385, 6.35248 ] ] ], [ [ [ 2.33279, 6.36263 ], [ 2.33352, 6.36245 ], [ 2.33361, 6.3619 ], [ 2.3337, 6.36217 ], [ 2.33442, 6.36208 ], [ 2.33415, 6.36199 ], [ 2.33433, 6.36163 ], [ 2.33307, 6.36073 ], [ 2.33289, 6.36 ], [ 2.33225, 6.35964 ], [ 2.33171, 6.35855 ], [ 2.3309, 6.3581 ], [ 2.33117, 6.35756 ], [ 2.33081, 6.35738 ], [ 2.33036, 6.35493 ], [ 2.33, 6.35484 ], [ 2.33036, 6.35312 ], [ 2.33, 6.35294 ], [ 2.32937, 6.35086 ], [ 2.32892, 6.35059 ], [ 2.3281, 6.35122 ], [ 2.32648, 6.35086 ], [ 2.32684, 6.35167 ], [ 2.32774, 6.35185 ], [ 2.32792, 6.3514 ], [ 2.3282, 6.35149 ], [ 2.32856, 6.35194 ], [ 2.3281, 6.35249 ], [ 2.32828, 6.35303 ], [ 2.3272, 6.35339 ], [ 2.3253, 6.35312 ], [ 2.32394, 6.35366 ], [ 2.32295, 6.35338 ], [ 2.32231, 6.35393 ], [ 2.32051, 6.35374 ], [ 2.31978, 6.35429 ], [ 2.31978, 6.35483 ], [ 2.32078, 6.35483 ], [ 2.32123, 6.35546 ], [ 2.32394, 6.35529 ], [ 2.32448, 6.35465 ], [ 2.32665, 6.35484 ], [ 2.32702, 6.35439 ], [ 2.32738, 6.35511 ], [ 2.32692, 6.35484 ], [ 2.32674, 6.3552 ], [ 2.32728, 6.35656 ], [ 2.32819, 6.35611 ], [ 2.32792, 6.35565 ], [ 2.32909, 6.35611 ], [ 2.32973, 6.35547 ], [ 2.32927, 6.3562 ], [ 2.32973, 6.35683 ], [ 2.32918, 6.35701 ], [ 2.32909, 6.35746 ], [ 2.32828, 6.35728 ], [ 2.3281, 6.35773 ], [ 2.32692, 6.35764 ], [ 2.32656, 6.35818 ], [ 2.32602, 6.35818 ], [ 2.32575, 6.35773 ], [ 2.3252, 6.35809 ], [ 2.32493, 6.359 ], [ 2.32583, 6.35909 ], [ 2.32565, 6.35936 ], [ 2.32683, 6.35927 ], [ 2.32737, 6.36009 ], [ 2.32656, 6.36054 ], [ 2.32701, 6.3609 ], [ 2.32809, 6.36072 ], [ 2.32809, 6.36018 ], [ 2.329, 6.35945 ], [ 2.32945, 6.36 ], [ 2.33017, 6.35927 ], [ 2.33063, 6.35928 ], [ 2.33063, 6.35991 ], [ 2.33108, 6.36036 ], [ 2.33035, 6.36081 ], [ 2.33035, 6.36118 ], [ 2.33053, 6.36136 ], [ 2.33072, 6.36072 ], [ 2.33108, 6.36072 ], [ 2.33117, 6.36136 ], [ 2.33053, 6.3619 ], [ 2.3318, 6.36244 ], [ 2.33243, 6.36217 ], [ 2.33279, 6.36263 ] ] ], [ [ [ 2.32023, 6.35917 ], [ 2.32059, 6.35872 ], [ 2.32195, 6.35908 ], [ 2.32222, 6.35809 ], [ 2.32177, 6.35773 ], [ 2.32168, 6.358 ], [ 2.3205, 6.35791 ], [ 2.3205, 6.35827 ], [ 2.32023, 6.35827 ], [ 2.31978, 6.35655 ], [ 2.31942, 6.35655 ], [ 2.31905, 6.3579 ], [ 2.31833, 6.3579 ], [ 2.31833, 6.35826 ], [ 2.31905, 6.35808 ], [ 2.3195, 6.35863 ], [ 2.31987, 6.35845 ], [ 2.3195, 6.35926 ], [ 2.32023, 6.35917 ] ] ], [ [ [ 2.32129, 6.37672 ], [ 2.32138, 6.37519 ], [ 2.32102, 6.37482 ], [ 2.32048, 6.37518 ], [ 2.32075, 6.37482 ], [ 2.32021, 6.3741 ], [ 2.32102, 6.37347 ], [ 2.32156, 6.37419 ], [ 2.32256, 6.37302 ], [ 2.32111, 6.37274 ], [ 2.32048, 6.37301 ], [ 2.32066, 6.37274 ], [ 2.3203, 6.37274 ], [ 2.32057, 6.37329 ], [ 2.32012, 6.37347 ], [ 2.31994, 6.37256 ], [ 2.3194, 6.37229 ], [ 2.31958, 6.37274 ], [ 2.31858, 6.37283 ], [ 2.31858, 6.37346 ], [ 2.31804, 6.37355 ], [ 2.3184, 6.37383 ], [ 2.3184, 6.37446 ], [ 2.31894, 6.37527 ], [ 2.31975, 6.37564 ], [ 2.31948, 6.37582 ], [ 2.31975, 6.376 ], [ 2.3193, 6.376 ], [ 2.31966, 6.37645 ], [ 2.32084, 6.37636 ], [ 2.32084, 6.37672 ], [ 2.32129, 6.37672 ] ] ], [ [ [ 2.3172, 6.39137 ], [ 2.31738, 6.38993 ], [ 2.31775, 6.38993 ], [ 2.31783, 6.39101 ], [ 2.3182, 6.39065 ], [ 2.31874, 6.39092 ], [ 2.31901, 6.39047 ], [ 2.31955, 6.39047 ], [ 2.31946, 6.38993 ], [ 2.31865, 6.38984 ], [ 2.31892, 6.38948 ], [ 2.31955, 6.38948 ], [ 2.31983, 6.38894 ], [ 2.31983, 6.38857 ], [ 2.31937, 6.38848 ], [ 2.31983, 6.38631 ], [ 2.31929, 6.38595 ], [ 2.31956, 6.38532 ], [ 2.32019, 6.38505 ], [ 2.3201, 6.38468 ], [ 2.32074, 6.38487 ], [ 2.32092, 6.38631 ], [ 2.32082, 6.38677 ], [ 2.32019, 6.38649 ], [ 2.3201, 6.38812 ], [ 2.32064, 6.38785 ], [ 2.32082, 6.3883 ], [ 2.32073, 6.38876 ], [ 2.32019, 6.38894 ], [ 2.32028, 6.38984 ], [ 2.32055, 6.38948 ], [ 2.32109, 6.38957 ], [ 2.32118, 6.38912 ], [ 2.32209, 6.38975 ], [ 2.32191, 6.3893 ], [ 2.32227, 6.38876 ], [ 2.32308, 6.3884 ], [ 2.32299, 6.38758 ], [ 2.32381, 6.38767 ], [ 2.3239, 6.38704 ], [ 2.32345, 6.38659 ], [ 2.32354, 6.38595 ], [ 2.32309, 6.38577 ], [ 2.32309, 6.38514 ], [ 2.32345, 6.38541 ], [ 2.32381, 6.38478 ], [ 2.32435, 6.3846 ], [ 2.32408, 6.38568 ], [ 2.32462, 6.38568 ], [ 2.32426, 6.38623 ], [ 2.32462, 6.38677 ], [ 2.32489, 6.38623 ], [ 2.3258, 6.38605 ], [ 2.32571, 6.38532 ], [ 2.32697, 6.38596 ], [ 2.32734, 6.38515 ], [ 2.32815, 6.38551 ], [ 2.32969, 6.38533 ], [ 2.33023, 6.38587 ], [ 2.33023, 6.38497 ], [ 2.33123, 6.38506 ], [ 2.33105, 6.38406 ], [ 2.33132, 6.38361 ], [ 2.33096, 6.38325 ], [ 2.33195, 6.38307 ], [ 2.33213, 6.3818 ], [ 2.33403, 6.38199 ], [ 2.33394, 6.38271 ], [ 2.33421, 6.38289 ], [ 2.33376, 6.38334 ], [ 2.33412, 6.38353 ], [ 2.33476, 6.38262 ], [ 2.33503, 6.38298 ], [ 2.33475, 6.38407 ], [ 2.33539, 6.38425 ], [ 2.33566, 6.38488 ], [ 2.33629, 6.38489 ], [ 2.33656, 6.38416 ], [ 2.33692, 6.38425 ], [ 2.33774, 6.38317 ], [ 2.33729, 6.38163 ], [ 2.33548, 6.38072 ], [ 2.33494, 6.38108 ], [ 2.33431, 6.38081 ], [ 2.33404, 6.37936 ], [ 2.33259, 6.37936 ], [ 2.33232, 6.37918 ], [ 2.33259, 6.37873 ], [ 2.33359, 6.37891 ], [ 2.33413, 6.37846 ], [ 2.33431, 6.37918 ], [ 2.33648, 6.38 ], [ 2.33702, 6.38082 ], [ 2.33756, 6.38064 ], [ 2.33783, 6.38091 ], [ 2.33765, 6.38145 ], [ 2.33856, 6.38127 ], [ 2.33883, 6.38163 ], [ 2.33946, 6.38091 ], [ 2.33865, 6.38037 ], [ 2.33964, 6.38019 ], [ 2.33928, 6.37937 ], [ 2.34001, 6.37928 ], [ 2.33973, 6.37964 ], [ 2.34, 6.38064 ], [ 2.34091, 6.38001 ], [ 2.34127, 6.38028 ], [ 2.34109, 6.38091 ], [ 2.34208, 6.38127 ], [ 2.34127, 6.38218 ], [ 2.34018, 6.38172 ], [ 2.34018, 6.38281 ], [ 2.3409, 6.38335 ], [ 2.34244, 6.38209 ], [ 2.34244, 6.38127 ], [ 2.34344, 6.38155 ], [ 2.3438, 6.38091 ], [ 2.34489, 6.38119 ], [ 2.34561, 6.38182 ], [ 2.34561, 6.38236 ], [ 2.34507, 6.38245 ], [ 2.3447, 6.38191 ], [ 2.34389, 6.38164 ], [ 2.3438, 6.38263 ], [ 2.3457, 6.38282 ], [ 2.3476, 6.3821 ], [ 2.34751, 6.38146 ], [ 2.34787, 6.38101 ], [ 2.34661, 6.37992 ], [ 2.34625, 6.3792 ], [ 2.34643, 6.37857 ], [ 2.34597, 6.37875 ], [ 2.34579, 6.37829 ], [ 2.3448, 6.37838 ], [ 2.3448, 6.37748 ], [ 2.34408, 6.37675 ], [ 2.34317, 6.37657 ], [ 2.34317, 6.37612 ], [ 2.34417, 6.37612 ], [ 2.34408, 6.37639 ], [ 2.3448, 6.37684 ], [ 2.34625, 6.37621 ], [ 2.34715, 6.37757 ], [ 2.34706, 6.37884 ], [ 2.3476, 6.37866 ], [ 2.34796, 6.37983 ], [ 2.3485, 6.38029 ], [ 2.3485, 6.38092 ], [ 2.34932, 6.38056 ], [ 2.34986, 6.38119 ], [ 2.35004, 6.38029 ], [ 2.34923, 6.37984 ], [ 2.34986, 6.37957 ], [ 2.34941, 6.37812 ], [ 2.34986, 6.37812 ], [ 2.34995, 6.37776 ], [ 2.34932, 6.37739 ], [ 2.34932, 6.37685 ], [ 2.34959, 6.37721 ], [ 2.35032, 6.37676 ], [ 2.3505, 6.37712 ], [ 2.35113, 6.37721 ], [ 2.35113, 6.37685 ], [ 2.35059, 6.37577 ], [ 2.34915, 6.3688 ], [ 2.34888, 6.36844 ], [ 2.34825, 6.36844 ], [ 2.34825, 6.36807 ], [ 2.34653, 6.36816 ], [ 2.3468, 6.36871 ], [ 2.34653, 6.3688 ], [ 2.34635, 6.36834 ], [ 2.3459, 6.36852 ], [ 2.3459, 6.36934 ], [ 2.34689, 6.36979 ], [ 2.34571, 6.37024 ], [ 2.3458, 6.37069 ], [ 2.34517, 6.37051 ], [ 2.34517, 6.37078 ], [ 2.3449, 6.37015 ], [ 2.34381, 6.37042 ], [ 2.34373, 6.36952 ], [ 2.34318, 6.3697 ], [ 2.34273, 6.36933 ], [ 2.34273, 6.36988 ], [ 2.34219, 6.36988 ], [ 2.34264, 6.36997 ], [ 2.3421, 6.37033 ], [ 2.34228, 6.37087 ], [ 2.34173, 6.37096 ], [ 2.34264, 6.3715 ], [ 2.34246, 6.37196 ], [ 2.34327, 6.37286 ], [ 2.34273, 6.37331 ], [ 2.34236, 6.37286 ], [ 2.34182, 6.37322 ], [ 2.34083, 6.37277 ], [ 2.34092, 6.37349 ], [ 2.34056, 6.37358 ], [ 2.33911, 6.37259 ], [ 2.33848, 6.37268 ], [ 2.33821, 6.37213 ], [ 2.3373, 6.37204 ], [ 2.33685, 6.37231 ], [ 2.33685, 6.37276 ], [ 2.33622, 6.37258 ], [ 2.3354, 6.37312 ], [ 2.33522, 6.37258 ], [ 2.33495, 6.37267 ], [ 2.33522, 6.37186 ], [ 2.33486, 6.3714 ], [ 2.33504, 6.37005 ], [ 2.33351, 6.36941 ], [ 2.33324, 6.36977 ], [ 2.33197, 6.36986 ], [ 2.33115, 6.37131 ], [ 2.33061, 6.3714 ], [ 2.33043, 6.37212 ], [ 2.33088, 6.37248 ], [ 2.33016, 6.37285 ], [ 2.33025, 6.37375 ], [ 2.32989, 6.37312 ], [ 2.32997, 6.37375 ], [ 2.32925, 6.37411 ], [ 2.32889, 6.37411 ], [ 2.32889, 6.37375 ], [ 2.32943, 6.37321 ], [ 2.3288, 6.37275 ], [ 2.32808, 6.37275 ], [ 2.32753, 6.37357 ], [ 2.32717, 6.37347 ], [ 2.32681, 6.37393 ], [ 2.32563, 6.37329 ], [ 2.32554, 6.37456 ], [ 2.3259, 6.37465 ], [ 2.325, 6.37519 ], [ 2.32473, 6.37501 ], [ 2.32536, 6.37483 ], [ 2.32482, 6.37483 ], [ 2.32482, 6.37438 ], [ 2.32455, 6.37438 ], [ 2.32455, 6.37329 ], [ 2.32491, 6.3732 ], [ 2.32455, 6.3732 ], [ 2.32437, 6.37257 ], [ 2.32374, 6.37248 ], [ 2.32365, 6.37284 ], [ 2.32446, 6.37338 ], [ 2.3231, 6.37428 ], [ 2.3222, 6.37401 ], [ 2.32202, 6.37455 ], [ 2.32274, 6.37537 ], [ 2.32274, 6.37609 ], [ 2.32373, 6.37609 ], [ 2.32373, 6.37655 ], [ 2.32418, 6.37646 ], [ 2.32409, 6.377 ], [ 2.32463, 6.37736 ], [ 2.325, 6.37727 ], [ 2.32473, 6.37619 ], [ 2.32509, 6.37546 ], [ 2.32518, 6.37591 ], [ 2.32527, 6.37546 ], [ 2.32581, 6.37564 ], [ 2.32599, 6.37637 ], [ 2.32681, 6.377 ], [ 2.32789, 6.37691 ], [ 2.3278, 6.37628 ], [ 2.32816, 6.37628 ], [ 2.32843, 6.37565 ], [ 2.32871, 6.37619 ], [ 2.32898, 6.37565 ], [ 2.32979, 6.37592 ], [ 2.3307, 6.37556 ], [ 2.33241, 6.37656 ], [ 2.33286, 6.37647 ], [ 2.33268, 6.37583 ], [ 2.33305, 6.37583 ], [ 2.33296, 6.37638 ], [ 2.33404, 6.37647 ], [ 2.33431, 6.37719 ], [ 2.33422, 6.37783 ], [ 2.33359, 6.37792 ], [ 2.33341, 6.37737 ], [ 2.33377, 6.37728 ], [ 2.33395, 6.37665 ], [ 2.33133, 6.37728 ], [ 2.33097, 6.37674 ], [ 2.33033, 6.37655 ], [ 2.33051, 6.37737 ], [ 2.32943, 6.37782 ], [ 2.32952, 6.37737 ], [ 2.32852, 6.37728 ], [ 2.32852, 6.37664 ], [ 2.32825, 6.377 ], [ 2.32816, 6.37655 ], [ 2.32816, 6.37719 ], [ 2.32762, 6.37791 ], [ 2.32671, 6.37818 ], [ 2.32698, 6.37854 ], [ 2.32635, 6.37836 ], [ 2.32617, 6.37917 ], [ 2.3259, 6.37917 ], [ 2.32599, 6.37953 ], [ 2.32707, 6.37954 ], [ 2.32734, 6.38017 ], [ 2.32789, 6.38026 ], [ 2.32816, 6.38126 ], [ 2.3277, 6.38153 ], [ 2.32734, 6.38126 ], [ 2.32635, 6.38153 ], [ 2.32626, 6.38017 ], [ 2.32581, 6.38035 ], [ 2.3259, 6.38098 ], [ 2.32526, 6.38098 ], [ 2.3249, 6.38008 ], [ 2.32545, 6.37971 ], [ 2.3249, 6.37962 ], [ 2.32454, 6.37908 ], [ 2.32472, 6.37881 ], [ 2.32355, 6.37917 ], [ 2.32346, 6.37962 ], [ 2.32282, 6.37944 ], [ 2.32282, 6.38025 ], [ 2.32345, 6.38062 ], [ 2.32309, 6.38143 ], [ 2.32354, 6.38152 ], [ 2.32373, 6.38107 ], [ 2.324, 6.38161 ], [ 2.32427, 6.38152 ], [ 2.32427, 6.38207 ], [ 2.32381, 6.38197 ], [ 2.32345, 6.38315 ], [ 2.32309, 6.38297 ], [ 2.32345, 6.38215 ], [ 2.32309, 6.38179 ], [ 2.32291, 6.38197 ], [ 2.32255, 6.38107 ], [ 2.32219, 6.38098 ], [ 2.32219, 6.38007 ], [ 2.32156, 6.3807 ], [ 2.32056, 6.38025 ], [ 2.32056, 6.38098 ], [ 2.32011, 6.38106 ], [ 2.32002, 6.37989 ], [ 2.31948, 6.37953 ], [ 2.31893, 6.38007 ], [ 2.31839, 6.37989 ], [ 2.31749, 6.38043 ], [ 2.31622, 6.37997 ], [ 2.31568, 6.38015 ], [ 2.31541, 6.3797 ], [ 2.31496, 6.3797 ], [ 2.31441, 6.38051 ], [ 2.31369, 6.38033 ], [ 2.31351, 6.3797 ], [ 2.3126, 6.37997 ], [ 2.31052, 6.3797 ], [ 2.31025, 6.38006 ], [ 2.30899, 6.37996 ], [ 2.30808, 6.38078 ], [ 2.30718, 6.38078 ], [ 2.30718, 6.37933 ], [ 2.30799, 6.37924 ], [ 2.30736, 6.37861 ], [ 2.30664, 6.37851 ], [ 2.30691, 6.37915 ], [ 2.30637, 6.3786 ], [ 2.30564, 6.37887 ], [ 2.30546, 6.37933 ], [ 2.30546, 6.37797 ], [ 2.30492, 6.37806 ], [ 2.30483, 6.37842 ], [ 2.30474, 6.37815 ], [ 2.30456, 6.37815 ], [ 2.30456, 6.3786 ], [ 2.30501, 6.37869 ], [ 2.30537, 6.37951 ], [ 2.3041, 6.38068 ], [ 2.30338, 6.38032 ], [ 2.30202, 6.38032 ], [ 2.30157, 6.38095 ], [ 2.30103, 6.38095 ], [ 2.30067, 6.38077 ], [ 2.30076, 6.38013 ], [ 2.30003, 6.38031 ], [ 2.29877, 6.37986 ], [ 2.29723, 6.3804 ], [ 2.29732, 6.38067 ], [ 2.2966, 6.38031 ], [ 2.29678, 6.38085 ], [ 2.29596, 6.38076 ], [ 2.29596, 6.38148 ], [ 2.29687, 6.38185 ], [ 2.29687, 6.38239 ], [ 2.29641, 6.38266 ], [ 2.29668, 6.38348 ], [ 2.29723, 6.3833 ], [ 2.29786, 6.38411 ], [ 2.29831, 6.38411 ], [ 2.29858, 6.38366 ], [ 2.29894, 6.38393 ], [ 2.29949, 6.38366 ], [ 2.29885, 6.38456 ], [ 2.2984, 6.38429 ], [ 2.29786, 6.38474 ], [ 2.29795, 6.38538 ], [ 2.29885, 6.38574 ], [ 2.29939, 6.38683 ], [ 2.30011, 6.38728 ], [ 2.3012, 6.3862 ], [ 2.30129, 6.38656 ], [ 2.30256, 6.38665 ], [ 2.30237, 6.38783 ], [ 2.30084, 6.38764 ], [ 2.30084, 6.38819 ], [ 2.30255, 6.38909 ], [ 2.30337, 6.38855 ], [ 2.30482, 6.38855 ], [ 2.30482, 6.38819 ], [ 2.30536, 6.38792 ], [ 2.30581, 6.3881 ], [ 2.30554, 6.3891 ], [ 2.30509, 6.38873 ], [ 2.30491, 6.38901 ], [ 2.304, 6.38873 ], [ 2.30346, 6.389 ], [ 2.30346, 6.38955 ], [ 2.30409, 6.38928 ], [ 2.30409, 6.38964 ], [ 2.30481, 6.39009 ], [ 2.30554, 6.38973 ], [ 2.30563, 6.38919 ], [ 2.30599, 6.38928 ], [ 2.30617, 6.38865 ], [ 2.30762, 6.38883 ], [ 2.30834, 6.38838 ], [ 2.30816, 6.38765 ], [ 2.30771, 6.38783 ], [ 2.30771, 6.38711 ], [ 2.30717, 6.38684 ], [ 2.30735, 6.38639 ], [ 2.30699, 6.38639 ], [ 2.30672, 6.38575 ], [ 2.3069, 6.3853 ], [ 2.30744, 6.3853 ], [ 2.30744, 6.38485 ], [ 2.30563, 6.38485 ], [ 2.30509, 6.3843 ], [ 2.30464, 6.3843 ], [ 2.30464, 6.38475 ], [ 2.30437, 6.3843 ], [ 2.30383, 6.38475 ], [ 2.30365, 6.38439 ], [ 2.30328, 6.38475 ], [ 2.30256, 6.38475 ], [ 2.30166, 6.38403 ], [ 2.30166, 6.38466 ], [ 2.30075, 6.38493 ], [ 2.30066, 6.38402 ], [ 2.30021, 6.38402 ], [ 2.30048, 6.38348 ], [ 2.30175, 6.38348 ], [ 2.30229, 6.38303 ], [ 2.30211, 6.38285 ], [ 2.30383, 6.38321 ], [ 2.30374, 6.38231 ], [ 2.30419, 6.38267 ], [ 2.30528, 6.38258 ], [ 2.30546, 6.38313 ], [ 2.30627, 6.38267 ], [ 2.30699, 6.38358 ], [ 2.30844, 6.38403 ], [ 2.30853, 6.38467 ], [ 2.30934, 6.38476 ], [ 2.30907, 6.38422 ], [ 2.30943, 6.38376 ], [ 2.30998, 6.38413 ], [ 2.31169, 6.38386 ], [ 2.31169, 6.38485 ], [ 2.31214, 6.38549 ], [ 2.31296, 6.38486 ], [ 2.31278, 6.3844 ], [ 2.31314, 6.38413 ], [ 2.31323, 6.38449 ], [ 2.31423, 6.38404 ], [ 2.3154, 6.38413 ], [ 2.31603, 6.38477 ], [ 2.31603, 6.38558 ], [ 2.31648, 6.38567 ], [ 2.31585, 6.38613 ], [ 2.31549, 6.38703 ], [ 2.31558, 6.38649 ], [ 2.31522, 6.38612 ], [ 2.31576, 6.38622 ], [ 2.31576, 6.38576 ], [ 2.31513, 6.38531 ], [ 2.31459, 6.38549 ], [ 2.31422, 6.38504 ], [ 2.31395, 6.38531 ], [ 2.31404, 6.38585 ], [ 2.31486, 6.38621 ], [ 2.31386, 6.38676 ], [ 2.31395, 6.38802 ], [ 2.31449, 6.3882 ], [ 2.3144, 6.38938 ], [ 2.31485, 6.38965 ], [ 2.31485, 6.39029 ], [ 2.3144, 6.39065 ], [ 2.31494, 6.39074 ], [ 2.31494, 6.3902 ], [ 2.31603, 6.39065 ], [ 2.3153, 6.39083 ], [ 2.31539, 6.39119 ], [ 2.31684, 6.39074 ], [ 2.31684, 6.39146 ], [ 2.3172, 6.39137 ] ], [ [ 2.32092, 6.38595 ], [ 2.32101, 6.38604 ], [ 2.32092, 6.38604 ], [ 2.32092, 6.38595 ] ], [ [ 2.32137, 6.38532 ], [ 2.32146, 6.38541 ], [ 2.32137, 6.38541 ], [ 2.32137, 6.38532 ] ], [ [ 2.32137, 6.38514 ], [ 2.32146, 6.38523 ], [ 2.32137, 6.38523 ], [ 2.32137, 6.38514 ] ], [ [ 2.32074, 6.3845 ], [ 2.32083, 6.38459 ], [ 2.32074, 6.38459 ], [ 2.32074, 6.3845 ] ], [ [ 2.33946, 6.37892 ], [ 2.33955, 6.37792 ], [ 2.3401, 6.37711 ], [ 2.33974, 6.37621 ], [ 2.34019, 6.37539 ], [ 2.34091, 6.37521 ], [ 2.34046, 6.37593 ], [ 2.34109, 6.37594 ], [ 2.34173, 6.37693 ], [ 2.34073, 6.37648 ], [ 2.34118, 6.37729 ], [ 2.34028, 6.37765 ], [ 2.34019, 6.37802 ], [ 2.34127, 6.37765 ], [ 2.34182, 6.37829 ], [ 2.33973, 6.37901 ], [ 2.33946, 6.37892 ] ], [ [ 2.33305, 6.37484 ], [ 2.33314, 6.3743 ], [ 2.33251, 6.37421 ], [ 2.33224, 6.37357 ], [ 2.33278, 6.37321 ], [ 2.33404, 6.37366 ], [ 2.33395, 6.37466 ], [ 2.33359, 6.37475 ], [ 2.33395, 6.37529 ], [ 2.33359, 6.37538 ], [ 2.3335, 6.37493 ], [ 2.33305, 6.37484 ] ], [ [ 2.33513, 6.37484 ], [ 2.33549, 6.37484 ], [ 2.33522, 6.37475 ], [ 2.33549, 6.37466 ], [ 2.3354, 6.37394 ], [ 2.33603, 6.37466 ], [ 2.3363, 6.37403 ], [ 2.33658, 6.3743 ], [ 2.33631, 6.37331 ], [ 2.33703, 6.3734 ], [ 2.33667, 6.37403 ], [ 2.33739, 6.37494 ], [ 2.33621, 6.37484 ], [ 2.33594, 6.37521 ], [ 2.33513, 6.37529 ], [ 2.33513, 6.37484 ] ] ], [ [ [ 2.33846, 6.38661 ], [ 2.33764, 6.3867 ], [ 2.33728, 6.3876 ], [ 2.33764, 6.38805 ], [ 2.33746, 6.38905 ], [ 2.338, 6.38878 ], [ 2.33818, 6.38941 ], [ 2.33846, 6.38941 ], [ 2.33846, 6.38661 ] ] ], [ [ [ 2.34126, 6.39041 ], [ 2.34207, 6.38987 ], [ 2.34171, 6.38951 ], [ 2.34198, 6.3886 ], [ 2.34099, 6.38788 ], [ 2.34063, 6.38797 ], [ 2.34081, 6.38842 ], [ 2.33999, 6.38815 ], [ 2.33873, 6.38887 ], [ 2.33873, 6.38941 ], [ 2.33909, 6.38959 ], [ 2.33918, 6.38905 ], [ 2.33981, 6.38878 ], [ 2.34026, 6.39005 ], [ 2.34126, 6.39041 ] ] ], [ [ [ 2.34749, 6.39847 ], [ 2.3483, 6.39829 ], [ 2.34866, 6.3973 ], [ 2.3483, 6.3972 ], [ 2.34812, 6.39657 ], [ 2.34704, 6.39657 ], [ 2.34758, 6.39594 ], [ 2.34677, 6.39548 ], [ 2.34695, 6.3953 ], [ 2.34614, 6.39422 ], [ 2.34605, 6.39449 ], [ 2.34451, 6.39467 ], [ 2.34442, 6.39476 ], [ 2.3446, 6.39485 ], [ 2.34451, 6.39512 ], [ 2.34225, 6.39385 ], [ 2.34134, 6.39385 ], [ 2.34152, 6.39439 ], [ 2.34125, 6.39457 ], [ 2.34098, 6.39457 ], [ 2.34089, 6.39394 ], [ 2.34017, 6.39394 ], [ 2.33872, 6.39484 ], [ 2.33818, 6.39448 ], [ 2.33863, 6.39421 ], [ 2.33854, 6.39385 ], [ 2.33709, 6.39402 ], [ 2.3361, 6.39538 ], [ 2.33537, 6.39357 ], [ 2.33447, 6.39357 ], [ 2.33411, 6.3942 ], [ 2.33194, 6.3942 ], [ 2.3304, 6.39483 ], [ 2.32913, 6.39465 ], [ 2.3285, 6.39537 ], [ 2.32796, 6.39519 ], [ 2.32814, 6.39465 ], [ 2.32669, 6.39455 ], [ 2.32516, 6.39392 ], [ 2.32325, 6.39509 ], [ 2.32289, 6.395 ], [ 2.32262, 6.39419 ], [ 2.3219, 6.39428 ], [ 2.3219, 6.39482 ], [ 2.32136, 6.39446 ], [ 2.32054, 6.39455 ], [ 2.32054, 6.39527 ], [ 2.32009, 6.39427 ], [ 2.31946, 6.39418 ], [ 2.31946, 6.39491 ], [ 2.31864, 6.39436 ], [ 2.31801, 6.39572 ], [ 2.31674, 6.39572 ], [ 2.31683, 6.3949 ], [ 2.31629, 6.39454 ], [ 2.3153, 6.39535 ], [ 2.3153, 6.39599 ], [ 2.31493, 6.39617 ], [ 2.31547, 6.39743 ], [ 2.31584, 6.39752 ], [ 2.31719, 6.39726 ], [ 2.3181, 6.3978 ], [ 2.31891, 6.39771 ], [ 2.31918, 6.39726 ], [ 2.32027, 6.39753 ], [ 2.32117, 6.39708 ], [ 2.32153, 6.39753 ], [ 2.32235, 6.39753 ], [ 2.32235, 6.39799 ], [ 2.3228, 6.39808 ], [ 2.32289, 6.39753 ], [ 2.32217, 6.39735 ], [ 2.32271, 6.39672 ], [ 2.32325, 6.39654 ], [ 2.3237, 6.39681 ], [ 2.32452, 6.39627 ], [ 2.32633, 6.39663 ], [ 2.3266, 6.39609 ], [ 2.32606, 6.396 ], [ 2.32714, 6.39537 ], [ 2.32741, 6.39573 ], [ 2.32823, 6.39546 ], [ 2.32904, 6.39582 ], [ 2.32968, 6.39546 ], [ 2.3304, 6.3961 ], [ 2.33085, 6.3961 ], [ 2.33085, 6.39573 ], [ 2.33121, 6.39601 ], [ 2.33221, 6.39574 ], [ 2.33311, 6.39655 ], [ 2.33356, 6.39601 ], [ 2.33402, 6.39601 ], [ 2.33356, 6.39574 ], [ 2.33411, 6.39565 ], [ 2.33429, 6.3961 ], [ 2.33664, 6.39629 ], [ 2.33691, 6.39674 ], [ 2.3379, 6.3971 ], [ 2.33817, 6.3971 ], [ 2.33817, 6.39656 ], [ 2.33926, 6.39701 ], [ 2.33944, 6.39656 ], [ 2.3398, 6.39674 ], [ 2.34035, 6.39629 ], [ 2.3408, 6.39665 ], [ 2.34098, 6.39611 ], [ 2.34197, 6.3962 ], [ 2.34225, 6.39584 ], [ 2.34261, 6.3962 ], [ 2.34369, 6.3962 ], [ 2.34206, 6.39684 ], [ 2.34224, 6.39729 ], [ 2.34179, 6.39747 ], [ 2.34251, 6.39756 ], [ 2.34251, 6.39819 ], [ 2.34288, 6.39819 ], [ 2.3426, 6.39756 ], [ 2.34315, 6.39666 ], [ 2.34378, 6.39702 ], [ 2.34369, 6.39756 ], [ 2.34396, 6.39738 ], [ 2.34387, 6.39657 ], [ 2.34414, 6.39666 ], [ 2.34405, 6.39738 ], [ 2.34496, 6.3972 ], [ 2.34496, 6.39801 ], [ 2.34523, 6.39738 ], [ 2.34613, 6.3972 ], [ 2.34649, 6.39829 ], [ 2.34704, 6.39811 ], [ 2.34713, 6.39757 ], [ 2.34749, 6.39847 ] ] ], [ [ [ 2.34438, 6.42389 ], [ 2.3451, 6.42317 ], [ 2.34583, 6.42362 ], [ 2.34565, 6.42244 ], [ 2.34429, 6.42271 ], [ 2.34302, 6.42244 ], [ 2.34302, 6.42334 ], [ 2.34411, 6.42353 ], [ 2.34438, 6.42389 ] ] ], [ [ [ 2.35809, 6.45295 ], [ 2.35872, 6.4525 ], [ 2.35927, 6.45268 ], [ 2.35918, 6.45195 ], [ 2.35818, 6.45159 ], [ 2.35854, 6.4524 ], [ 2.35809, 6.45249 ], [ 2.35809, 6.45195 ], [ 2.35692, 6.45123 ], [ 2.35692, 6.45204 ], [ 2.35737, 6.45276 ], [ 2.35809, 6.45295 ] ] ], [ [ [ 2.37079, 6.6415 ], [ 2.37043, 6.64123 ], [ 2.37052, 6.64023 ], [ 2.37115, 6.64023 ], [ 2.37115, 6.6406 ], [ 2.37079, 6.6406 ], [ 2.37088, 6.64105 ], [ 2.37133, 6.64078 ], [ 2.37178, 6.64159 ], [ 2.37187, 6.64096 ], [ 2.37251, 6.64087 ], [ 2.37251, 6.64024 ], [ 2.37215, 6.6406 ], [ 2.3717, 6.63843 ], [ 2.37124, 6.63797 ], [ 2.37152, 6.63653 ], [ 2.37097, 6.63716 ], [ 2.37098, 6.63607 ], [ 2.37007, 6.63652 ], [ 2.36962, 6.63553 ], [ 2.37016, 6.6349 ], [ 2.36953, 6.63444 ], [ 2.36899, 6.63453 ], [ 2.36899, 6.63426 ], [ 2.36835, 6.63435 ], [ 2.36853, 6.63517 ], [ 2.36817, 6.63589 ], [ 2.36889, 6.63652 ], [ 2.36844, 6.63679 ], [ 2.36835, 6.63634 ], [ 2.36799, 6.63634 ], [ 2.36772, 6.63743 ], [ 2.36654, 6.63797 ], [ 2.36654, 6.63833 ], [ 2.36744, 6.63905 ], [ 2.36744, 6.6396 ], [ 2.36663, 6.63896 ], [ 2.366, 6.63887 ], [ 2.36636, 6.63987 ], [ 2.36563, 6.6405 ], [ 2.36735, 6.64113 ], [ 2.36789, 6.64168 ], [ 2.36835, 6.64077 ], [ 2.36961, 6.64041 ], [ 2.36934, 6.6415 ], [ 2.3697, 6.64177 ], [ 2.37079, 6.6415 ] ] ], [ [ [ 2.36246, 6.64267 ], [ 2.36328, 6.64258 ], [ 2.36346, 6.64185 ], [ 2.3631, 6.64113 ], [ 2.36364, 6.64004 ], [ 2.36346, 6.63977 ], [ 2.364, 6.63977 ], [ 2.36382, 6.63959 ], [ 2.36292, 6.63959 ], [ 2.36265, 6.64022 ], [ 2.3621, 6.63995 ], [ 2.36156, 6.64031 ], [ 2.36192, 6.64158 ], [ 2.36228, 6.64167 ], [ 2.36192, 6.64203 ], [ 2.36192, 6.64276 ], [ 2.36228, 6.64294 ], [ 2.36228, 6.64239 ], [ 2.36246, 6.64267 ] ] ], [ [ [ 2.36626, 6.6462 ], [ 2.36644, 6.64674 ], [ 2.36707, 6.64611 ], [ 2.36662, 6.64593 ], [ 2.36653, 6.6462 ], [ 2.36626, 6.64539 ], [ 2.36563, 6.64529 ], [ 2.36517, 6.64566 ], [ 2.36535, 6.6462 ], [ 2.36508, 6.64665 ], [ 2.36599, 6.64665 ], [ 2.36608, 6.64692 ], [ 2.36626, 6.6462 ] ] ], [ [ [ 2.33139, 6.66832 ], [ 2.3313, 6.66805 ], [ 2.3313, 6.66832 ], [ 2.33139, 6.66832 ] ] ], [ [ [ 2.33374, 6.67601 ], [ 2.33355, 6.67628 ], [ 2.33373, 6.67628 ], [ 2.33374, 6.67601 ] ] ], [ [ [ 2.37348, 6.5106 ], [ 2.37421, 6.5096 ], [ 2.37349, 6.50906 ], [ 2.37285, 6.50897 ], [ 2.37231, 6.50933 ], [ 2.3724, 6.51005 ], [ 2.37303, 6.50996 ], [ 2.37348, 6.5106 ] ] ], [ [ [ 2.39361, 6.5526 ], [ 2.39433, 6.55169 ], [ 2.39478, 6.55215 ], [ 2.39587, 6.55188 ], [ 2.39587, 6.55115 ], [ 2.39551, 6.55097 ], [ 2.39587, 6.55061 ], [ 2.39578, 6.5498 ], [ 2.39497, 6.54989 ], [ 2.39469, 6.55034 ], [ 2.3946, 6.54998 ], [ 2.39415, 6.55007 ], [ 2.39433, 6.5507 ], [ 2.39306, 6.55106 ], [ 2.39334, 6.55151 ], [ 2.39297, 6.55251 ], [ 2.39361, 6.5526 ] ] ], [ [ [ 2.3727, 6.56361 ], [ 2.37279, 6.56298 ], [ 2.37224, 6.56279 ], [ 2.37234, 6.56207 ], [ 2.37297, 6.56198 ], [ 2.37315, 6.56135 ], [ 2.37396, 6.56144 ], [ 2.37451, 6.56099 ], [ 2.37577, 6.56117 ], [ 2.37641, 6.56054 ], [ 2.37713, 6.5609 ], [ 2.37758, 6.56208 ], [ 2.37813, 6.56154 ], [ 2.3784, 6.56163 ], [ 2.37812, 6.56226 ], [ 2.3784, 6.56253 ], [ 2.37885, 6.56235 ], [ 2.38003, 6.56036 ], [ 2.37994, 6.55846 ], [ 2.38093, 6.55765 ], [ 2.3813, 6.55783 ], [ 2.38103, 6.55711 ], [ 2.38121, 6.55584 ], [ 2.38058, 6.55466 ], [ 2.38012, 6.55539 ], [ 2.38048, 6.55566 ], [ 2.37994, 6.55629 ], [ 2.38012, 6.55656 ], [ 2.37949, 6.55674 ], [ 2.37967, 6.55729 ], [ 2.37885, 6.5571 ], [ 2.37886, 6.55683 ], [ 2.37777, 6.5571 ], [ 2.37759, 6.55773 ], [ 2.37795, 6.55864 ], [ 2.37668, 6.55909 ], [ 2.37668, 6.56 ], [ 2.37587, 6.55927 ], [ 2.37523, 6.55954 ], [ 2.37487, 6.55927 ], [ 2.37505, 6.55855 ], [ 2.37551, 6.55855 ], [ 2.37533, 6.558 ], [ 2.37587, 6.55773 ], [ 2.37569, 6.55619 ], [ 2.37524, 6.55637 ], [ 2.37533, 6.55773 ], [ 2.37451, 6.55827 ], [ 2.37478, 6.55846 ], [ 2.3746, 6.56017 ], [ 2.37388, 6.56017 ], [ 2.37406, 6.55936 ], [ 2.37379, 6.55918 ], [ 2.37333, 6.55972 ], [ 2.37225, 6.55972 ], [ 2.37252, 6.56099 ], [ 2.37179, 6.56126 ], [ 2.37125, 6.56252 ], [ 2.37161, 6.56297 ], [ 2.37152, 6.56352 ], [ 2.37197, 6.56343 ], [ 2.37206, 6.56397 ], [ 2.3727, 6.56361 ] ] ], [ [ [ 2.39807, 6.60019 ], [ 2.39934, 6.59983 ], [ 2.3997, 6.60028 ], [ 2.39943, 6.59865 ], [ 2.39889, 6.59856 ], [ 2.39807, 6.59938 ], [ 2.39735, 6.59856 ], [ 2.39717, 6.59919 ], [ 2.39816, 6.59947 ], [ 2.39807, 6.60019 ] ] ], [ [ [ 2.38593, 6.61338 ], [ 2.38584, 6.61266 ], [ 2.38575, 6.6132 ], [ 2.38539, 6.61329 ], [ 2.38593, 6.61157 ], [ 2.38503, 6.61067 ], [ 2.38449, 6.61058 ], [ 2.38485, 6.60976 ], [ 2.38404, 6.60868 ], [ 2.3835, 6.60859 ], [ 2.38331, 6.60958 ], [ 2.38295, 6.60976 ], [ 2.38304, 6.61067 ], [ 2.38385, 6.61103 ], [ 2.38394, 6.61184 ], [ 2.38467, 6.61184 ], [ 2.38476, 6.61293 ], [ 2.3853, 6.61365 ], [ 2.38593, 6.61338 ] ] ], [ [ [ 2.3862, 6.6189 ], [ 2.38602, 6.61809 ], [ 2.38629, 6.61791 ], [ 2.38584, 6.61818 ], [ 2.38529, 6.61764 ], [ 2.38638, 6.61746 ], [ 2.38647, 6.61583 ], [ 2.38683, 6.61583 ], [ 2.38702, 6.61519 ], [ 2.38819, 6.6152 ], [ 2.3881, 6.61438 ], [ 2.38602, 6.61447 ], [ 2.38611, 6.61574 ], [ 2.38521, 6.61583 ], [ 2.3852, 6.61736 ], [ 2.38412, 6.61827 ], [ 2.38421, 6.61863 ], [ 2.38556, 6.61917 ], [ 2.3862, 6.6189 ] ] ], [ [ [ 2.40274, 6.6334 ], [ 2.40418, 6.63304 ], [ 2.40446, 6.63322 ], [ 2.40455, 6.63286 ], [ 2.405, 6.63331 ], [ 2.40572, 6.63304 ], [ 2.40563, 6.63223 ], [ 2.40627, 6.63168 ], [ 2.40835, 6.63178 ], [ 2.40862, 6.63051 ], [ 2.40817, 6.6306 ], [ 2.40808, 6.63024 ], [ 2.40699, 6.63051 ], [ 2.40735, 6.63015 ], [ 2.40717, 6.62969 ], [ 2.40609, 6.63042 ], [ 2.40654, 6.63078 ], [ 2.406, 6.63096 ], [ 2.40554, 6.63087 ], [ 2.40573, 6.63033 ], [ 2.40536, 6.63042 ], [ 2.40536, 6.63096 ], [ 2.40446, 6.63051 ], [ 2.40373, 6.63096 ], [ 2.40346, 6.63041 ], [ 2.40464, 6.63032 ], [ 2.40464, 6.63014 ], [ 2.4041, 6.62996 ], [ 2.40383, 6.63032 ], [ 2.40274, 6.62978 ], [ 2.40184, 6.63059 ], [ 2.40129, 6.63059 ], [ 2.40138, 6.62951 ], [ 2.40184, 6.6296 ], [ 2.40202, 6.62924 ], [ 2.40148, 6.62851 ], [ 2.40111, 6.62869 ], [ 2.40138, 6.62896 ], [ 2.4012, 6.62951 ], [ 2.40093, 6.62887 ], [ 2.40039, 6.62878 ], [ 2.40093, 6.62815 ], [ 2.4013, 6.62815 ], [ 2.40102, 6.62842 ], [ 2.40166, 6.62815 ], [ 2.40075, 6.62797 ], [ 2.40093, 6.6277 ], [ 2.40057, 6.62752 ], [ 2.4013, 6.62752 ], [ 2.40148, 6.62661 ], [ 2.40202, 6.62625 ], [ 2.40238, 6.62652 ], [ 2.40356, 6.62643 ], [ 2.40329, 6.62707 ], [ 2.40419, 6.62707 ], [ 2.40455, 6.62671 ], [ 2.40537, 6.62707 ], [ 2.40528, 6.62598 ], [ 2.40564, 6.62598 ], [ 2.40546, 6.62526 ], [ 2.40474, 6.62463 ], [ 2.4051, 6.62444 ], [ 2.40392, 6.62399 ], [ 2.40374, 6.62345 ], [ 2.40284, 6.62354 ], [ 2.40194, 6.62263 ], [ 2.40184, 6.62299 ], [ 2.4013, 6.62308 ], [ 2.40157, 6.6239 ], [ 2.40184, 6.62381 ], [ 2.4013, 6.62453 ], [ 2.40094, 6.62444 ], [ 2.40094, 6.62399 ], [ 2.39994, 6.62444 ], [ 2.39967, 6.62335 ], [ 2.3994, 6.6238 ], [ 2.39859, 6.62398 ], [ 2.39858, 6.62489 ], [ 2.3994, 6.62507 ], [ 2.3994, 6.62543 ], [ 2.39949, 6.62516 ], [ 2.39994, 6.62534 ], [ 2.40003, 6.62607 ], [ 2.39931, 6.62607 ], [ 2.39913, 6.62552 ], [ 2.39904, 6.62616 ], [ 2.39804, 6.6267 ], [ 2.3984, 6.62751 ], [ 2.39786, 6.62778 ], [ 2.39758, 6.62878 ], [ 2.39804, 6.62977 ], [ 2.39912, 6.62978 ], [ 2.40021, 6.63059 ], [ 2.40021, 6.63113 ], [ 2.40057, 6.63131 ], [ 2.40039, 6.63222 ], [ 2.40002, 6.63222 ], [ 2.4002, 6.63267 ], [ 2.40274, 6.63267 ], [ 2.40274, 6.6334 ] ] ], [ [ [ 2.39469, 6.63004 ], [ 2.39559, 6.62923 ], [ 2.39541, 6.62769 ], [ 2.39415, 6.62823 ], [ 2.3946, 6.62905 ], [ 2.39442, 6.62968 ], [ 2.39469, 6.63004 ] ] ], [ [ [ 2.39252, 6.63022 ], [ 2.39397, 6.62895 ], [ 2.39152, 6.62877 ], [ 2.39134, 6.62949 ], [ 2.3917, 6.62977 ], [ 2.39252, 6.63022 ] ] ], [ [ [ 2.40327, 6.64498 ], [ 2.40372, 6.64398 ], [ 2.40499, 6.6439 ], [ 2.40471, 6.6438 ], [ 2.40481, 6.64308 ], [ 2.40544, 6.64272 ], [ 2.40544, 6.64227 ], [ 2.40472, 6.64218 ], [ 2.40463, 6.64154 ], [ 2.40553, 6.63983 ], [ 2.40662, 6.63955 ], [ 2.40689, 6.63883 ], [ 2.40689, 6.63937 ], [ 2.40734, 6.63956 ], [ 2.40798, 6.63856 ], [ 2.40798, 6.63802 ], [ 2.40735, 6.63802 ], [ 2.4068, 6.63756 ], [ 2.40626, 6.63784 ], [ 2.40563, 6.63765 ], [ 2.40545, 6.63811 ], [ 2.40572, 6.63793 ], [ 2.40572, 6.63829 ], [ 2.40526, 6.6382 ], [ 2.40508, 6.63783 ], [ 2.40436, 6.6381 ], [ 2.40318, 6.63756 ], [ 2.40445, 6.6363 ], [ 2.40472, 6.63639 ], [ 2.40454, 6.6372 ], [ 2.40536, 6.63738 ], [ 2.40572, 6.6363 ], [ 2.40608, 6.63621 ], [ 2.40599, 6.63575 ], [ 2.40635, 6.63585 ], [ 2.40545, 6.63503 ], [ 2.40663, 6.6344 ], [ 2.40681, 6.6334 ], [ 2.40581, 6.63286 ], [ 2.40599, 6.63349 ], [ 2.40572, 6.63394 ], [ 2.40626, 6.63376 ], [ 2.40626, 6.63404 ], [ 2.40572, 6.63404 ], [ 2.40545, 6.63458 ], [ 2.40437, 6.6334 ], [ 2.40409, 6.63358 ], [ 2.40427, 6.63412 ], [ 2.40246, 6.63539 ], [ 2.40201, 6.63448 ], [ 2.40219, 6.63403 ], [ 2.40274, 6.63412 ], [ 2.40265, 6.63376 ], [ 2.40228, 6.63367 ], [ 2.40147, 6.63448 ], [ 2.40111, 6.63385 ], [ 2.4012, 6.63303 ], [ 2.39948, 6.63385 ], [ 2.3993, 6.63339 ], [ 2.39966, 6.63303 ], [ 2.3993, 6.63294 ], [ 2.39885, 6.63367 ], [ 2.39894, 6.63421 ], [ 2.39939, 6.63412 ], [ 2.39966, 6.63475 ], [ 2.39921, 6.63448 ], [ 2.39866, 6.63593 ], [ 2.39839, 6.63511 ], [ 2.39785, 6.6362 ], [ 2.39667, 6.63656 ], [ 2.3964, 6.63719 ], [ 2.39586, 6.63728 ], [ 2.39631, 6.63882 ], [ 2.39658, 6.63882 ], [ 2.39649, 6.63936 ], [ 2.39703, 6.63927 ], [ 2.39703, 6.63882 ], [ 2.39766, 6.63828 ], [ 2.39812, 6.63864 ], [ 2.39857, 6.63864 ], [ 2.39866, 6.63819 ], [ 2.39893, 6.63864 ], [ 2.39983, 6.63846 ], [ 2.39956, 6.63828 ], [ 2.39956, 6.63801 ], [ 2.40002, 6.63801 ], [ 2.39956, 6.63738 ], [ 2.39984, 6.63674 ], [ 2.40074, 6.6372 ], [ 2.40083, 6.63665 ], [ 2.40119, 6.6372 ], [ 2.40165, 6.63711 ], [ 2.40201, 6.63765 ], [ 2.40146, 6.63883 ], [ 2.40191, 6.63937 ], [ 2.4011, 6.63937 ], [ 2.40083, 6.63882 ], [ 2.40038, 6.63891 ], [ 2.40101, 6.64054 ], [ 2.40038, 6.64054 ], [ 2.40065, 6.64109 ], [ 2.40028, 6.64072 ], [ 2.40001, 6.64099 ], [ 2.40028, 6.64136 ], [ 2.4001, 6.64308 ], [ 2.40073, 6.64335 ], [ 2.40055, 6.64425 ], [ 2.40127, 6.64489 ], [ 2.40272, 6.64471 ], [ 2.40327, 6.64498 ] ] ], [ [ [ 2.41123, 6.64327 ], [ 2.41213, 6.64291 ], [ 2.41177, 6.64237 ], [ 2.41205, 6.64119 ], [ 2.41259, 6.64119 ], [ 2.41214, 6.64182 ], [ 2.41304, 6.64264 ], [ 2.41322, 6.64237 ], [ 2.41259, 6.6421 ], [ 2.41268, 6.64173 ], [ 2.41413, 6.64219 ], [ 2.41467, 6.64165 ], [ 2.41458, 6.64047 ], [ 2.41422, 6.64092 ], [ 2.41368, 6.64074 ], [ 2.41413, 6.63993 ], [ 2.41549, 6.63993 ], [ 2.41531, 6.63938 ], [ 2.41458, 6.6392 ], [ 2.41485, 6.6383 ], [ 2.41413, 6.63794 ], [ 2.41413, 6.63748 ], [ 2.41359, 6.63784 ], [ 2.4125, 6.63712 ], [ 2.41205, 6.6373 ], [ 2.41295, 6.63848 ], [ 2.41268, 6.63875 ], [ 2.41223, 6.63839 ], [ 2.41223, 6.63866 ], [ 2.41313, 6.63956 ], [ 2.41232, 6.63938 ], [ 2.41241, 6.63992 ], [ 2.41205, 6.63965 ], [ 2.41196, 6.63992 ], [ 2.41105, 6.63983 ], [ 2.41132, 6.64083 ], [ 2.41051, 6.64092 ], [ 2.41015, 6.64146 ], [ 2.41114, 6.64236 ], [ 2.40969, 6.64209 ], [ 2.40996, 6.64282 ], [ 2.41069, 6.64264 ], [ 2.41123, 6.64327 ] ] ], [ [ [ 2.39838, 6.64579 ], [ 2.39811, 6.64524 ], [ 2.39856, 6.64488 ], [ 2.39793, 6.64488 ], [ 2.39793, 6.64452 ], [ 2.39738, 6.64443 ], [ 2.39748, 6.64352 ], [ 2.39702, 6.64325 ], [ 2.39603, 6.64434 ], [ 2.39603, 6.64515 ], [ 2.3963, 6.64542 ], [ 2.39711, 6.64515 ], [ 2.39784, 6.64606 ], [ 2.39838, 6.64579 ] ] ], [ [ [ 2.37132, 6.64829 ], [ 2.37187, 6.64765 ], [ 2.37159, 6.64693 ], [ 2.37196, 6.64639 ], [ 2.37123, 6.64566 ], [ 2.37124, 6.64521 ], [ 2.36997, 6.64494 ], [ 2.36988, 6.6443 ], [ 2.36907, 6.64394 ], [ 2.36861, 6.64304 ], [ 2.36816, 6.64304 ], [ 2.36807, 6.64258 ], [ 2.36762, 6.64267 ], [ 2.36798, 6.64539 ], [ 2.36852, 6.64539 ], [ 2.36879, 6.64584 ], [ 2.36906, 6.64566 ], [ 2.36897, 6.64638 ], [ 2.3696, 6.64675 ], [ 2.36951, 6.64729 ], [ 2.36997, 6.64756 ], [ 2.37087, 6.64729 ], [ 2.37132, 6.64829 ] ] ], [ [ [ 2.40215, 6.66642 ], [ 2.40225, 6.66515 ], [ 2.40306, 6.66552 ], [ 2.40406, 6.66461 ], [ 2.40388, 6.6638 ], [ 2.40351, 6.66353 ], [ 2.40297, 6.6638 ], [ 2.40288, 6.66343 ], [ 2.4037, 6.66335 ], [ 2.40415, 6.66262 ], [ 2.4046, 6.66253 ], [ 2.40469, 6.66181 ], [ 2.40388, 6.66181 ], [ 2.40306, 6.66244 ], [ 2.40261, 6.66217 ], [ 2.40315, 6.66199 ], [ 2.40315, 6.66181 ], [ 2.40098, 6.66189 ], [ 2.40107, 6.66235 ], [ 2.40125, 6.66217 ], [ 2.40125, 6.66298 ], [ 2.40089, 6.66325 ], [ 2.40116, 6.66407 ], [ 2.4027, 6.66425 ], [ 2.40234, 6.66479 ], [ 2.40134, 6.66497 ], [ 2.4017, 6.66633 ], [ 2.40215, 6.66642 ] ] ], [ [ [ 2.40612, 6.67692 ], [ 2.40784, 6.67719 ], [ 2.40802, 6.67629 ], [ 2.40757, 6.67583 ], [ 2.40639, 6.67601 ], [ 2.40594, 6.6752 ], [ 2.40549, 6.67529 ], [ 2.40549, 6.67447 ], [ 2.40413, 6.67456 ], [ 2.40368, 6.67402 ], [ 2.40377, 6.67339 ], [ 2.40278, 6.6733 ], [ 2.40287, 6.67411 ], [ 2.40359, 6.6742 ], [ 2.40278, 6.67474 ], [ 2.40296, 6.67547 ], [ 2.40395, 6.67583 ], [ 2.40377, 6.67637 ], [ 2.40477, 6.67655 ], [ 2.40495, 6.67628 ], [ 2.40567, 6.67719 ], [ 2.40612, 6.67692 ] ] ], [ [ [ 2.39951, 6.68152 ], [ 2.3996, 6.68035 ], [ 2.40033, 6.67935 ], [ 2.40006, 6.67854 ], [ 2.39942, 6.6789 ], [ 2.39752, 6.67854 ], [ 2.39689, 6.67917 ], [ 2.39689, 6.68025 ], [ 2.39743, 6.68071 ], [ 2.39825, 6.68044 ], [ 2.3987, 6.68089 ], [ 2.3987, 6.68152 ], [ 2.39951, 6.68152 ] ] ], [ [ [ 2.40908, 6.69755 ], [ 2.41099, 6.69583 ], [ 2.41171, 6.69565 ], [ 2.41198, 6.69366 ], [ 2.41162, 6.69348 ], [ 2.41135, 6.69411 ], [ 2.41108, 6.69357 ], [ 2.41026, 6.69366 ], [ 2.40999, 6.6942 ], [ 2.40882, 6.69393 ], [ 2.40836, 6.69339 ], [ 2.40864, 6.69321 ], [ 2.40846, 6.69275 ], [ 2.40945, 6.69239 ], [ 2.40945, 6.69203 ], [ 2.40846, 6.69158 ], [ 2.40801, 6.69076 ], [ 2.40891, 6.68977 ], [ 2.40746, 6.68913 ], [ 2.40665, 6.69067 ], [ 2.40583, 6.69085 ], [ 2.40629, 6.69121 ], [ 2.40583, 6.6923 ], [ 2.40647, 6.69257 ], [ 2.40719, 6.69194 ], [ 2.40855, 6.69221 ], [ 2.40764, 6.69311 ], [ 2.40773, 6.69483 ], [ 2.409, 6.69583 ], [ 2.40899, 6.6961 ], [ 2.40836, 6.69601 ], [ 2.40836, 6.69637 ], [ 2.40918, 6.69655 ], [ 2.40863, 6.69682 ], [ 2.40863, 6.69719 ], [ 2.40908, 6.69755 ] ] ] ] } },
{ "type": "Feature", "properties": { "classe": 2, "nom": "Faible", "superficie_ha": 5174.3, "pourcentage": 10.74 }, "geometry": { "type": "MultiPolygon", "coordinates": [ [ [ [ 2.26639, 6.38144 ], [ 2.26693, 6.38108 ], [ 2.26621, 6.3809 ], [ 2.26657, 6.3809 ], [ 2.26703, 6.37973 ], [ 2.26576, 6.37855 ], [ 2.26576, 6.37819 ], [ 2.26631, 6.37801 ], [ 2.26649, 6.37674 ], [ 2.26568, 6.37638 ], [ 2.26559, 6.37574 ], [ 2.26676, 6.37584 ], [ 2.26685, 6.3762 ], [ 2.26676, 6.37529 ], [ 2.26731, 6.37484 ], [ 2.26694, 6.37656 ], [ 2.26857, 6.37647 ], [ 2.26875, 6.37683 ], [ 2.26893, 6.37611 ], [ 2.27092, 6.37647 ], [ 2.27074, 6.37602 ], [ 2.27011, 6.37593 ], [ 2.27047, 6.37575 ], [ 2.2702, 6.3753 ], [ 2.26975, 6.37493 ], [ 2.26929, 6.37511 ], [ 2.26875, 6.37439 ], [ 2.26875, 6.3734 ], [ 2.27074, 6.37358 ], [ 2.27047, 6.37304 ], [ 2.27111, 6.37222 ], [ 2.27174, 6.37259 ], [ 2.27228, 6.37231 ], [ 2.27183, 6.37186 ], [ 2.27201, 6.37132 ], [ 2.27102, 6.37186 ], [ 2.27065, 6.37249 ], [ 2.26885, 6.37294 ], [ 2.26875, 6.3733 ], [ 2.26685, 6.37384 ], [ 2.26631, 6.37439 ], [ 2.26559, 6.37439 ], [ 2.2655, 6.37475 ], [ 2.26495, 6.37475 ], [ 2.26378, 6.37583 ], [ 2.26305, 6.37601 ], [ 2.26468, 6.37945 ], [ 2.26558, 6.38045 ], [ 2.26576, 6.38144 ], [ 2.26666, 6.38217 ], [ 2.26639, 6.38144 ] ] ], [ [ [ 2.26938, 6.37765 ], [ 2.27029, 6.37729 ], [ 2.27128, 6.37729 ], [ 2.27092, 6.37756 ], [ 2.272, 6.37729 ], [ 2.27227, 6.37783 ], [ 2.27336, 6.37793 ], [ 2.27354, 6.37747 ], [ 2.27309, 6.37566 ], [ 2.27246, 6.37566 ], [ 2.27246, 6.3762 ], [ 2.27192, 6.3762 ], [ 2.27237, 6.37702 ], [ 2.26992, 6.37702 ], [ 2.26839, 6.37801 ], [ 2.26875, 6.37864 ], [ 2.26947, 6.37837 ], [ 2.26938, 6.37765 ] ] ], [ [ [ 2.25932, 6.39745 ], [ 2.25877, 6.39699 ], [ 2.25914, 6.39672 ], [ 2.26031, 6.3969 ], [ 2.26022, 6.39645 ], [ 2.26167, 6.39682 ], [ 2.26221, 6.39636 ], [ 2.26257, 6.39718 ], [ 2.26338, 6.39736 ], [ 2.26393, 6.39646 ], [ 2.2651, 6.39619 ], [ 2.26492, 6.39601 ], [ 2.26574, 6.39592 ], [ 2.26583, 6.39628 ], [ 2.26619, 6.39601 ], [ 2.26664, 6.39664 ], [ 2.26728, 6.39619 ], [ 2.26773, 6.39646 ], [ 2.26782, 6.39601 ], [ 2.26691, 6.39565 ], [ 2.26682, 6.39592 ], [ 2.26664, 6.39565 ], [ 2.26637, 6.39583 ], [ 2.26592, 6.39519 ], [ 2.26257, 6.39501 ], [ 2.25941, 6.39518 ], [ 2.25932, 6.39555 ], [ 2.25859, 6.39555 ], [ 2.2585, 6.39582 ], [ 2.25407, 6.39527 ], [ 2.25471, 6.39599 ], [ 2.25552, 6.39563 ], [ 2.25678, 6.39654 ], [ 2.25724, 6.39591 ], [ 2.2585, 6.39645 ], [ 2.25715, 6.39645 ], [ 2.25715, 6.39717 ], [ 2.25751, 6.39735 ], [ 2.25751, 6.39699 ], [ 2.25796, 6.3969 ], [ 2.25814, 6.39735 ], [ 2.25751, 6.39762 ], [ 2.25796, 6.39763 ], [ 2.2585, 6.39853 ], [ 2.25932, 6.39745 ] ] ], [ [ [ 2.23218, 6.39949 ], [ 2.23227, 6.39858 ], [ 2.23282, 6.39876 ], [ 2.23318, 6.3984 ], [ 2.23399, 6.39913 ], [ 2.23508, 6.39913 ], [ 2.23481, 6.39868 ], [ 2.23499, 6.39841 ], [ 2.23544, 6.39922 ], [ 2.2358, 6.39922 ], [ 2.23553, 6.39868 ], [ 2.23589, 6.39868 ], [ 2.23571, 6.39814 ], [ 2.23644, 6.39768 ], [ 2.23626, 6.39732 ], [ 2.23653, 6.39705 ], [ 2.23707, 6.39732 ], [ 2.23734, 6.39705 ], [ 2.23788, 6.3976 ], [ 2.2387, 6.39769 ], [ 2.23942, 6.3976 ], [ 2.23978, 6.39687 ], [ 2.24051, 6.39724 ], [ 2.24033, 6.39669 ], [ 2.24069, 6.39543 ], [ 2.24123, 6.39633 ], [ 2.24069, 6.39651 ], [ 2.24069, 6.39688 ], [ 2.24204, 6.3967 ], [ 2.24213, 6.39724 ], [ 2.24286, 6.39688 ], [ 2.24412, 6.39724 ], [ 2.24385, 6.3977 ], [ 2.24367, 6.39733 ], [ 2.24349, 6.39806 ], [ 2.24493, 6.39851 ], [ 2.24493, 6.39887 ], [ 2.24457, 6.39887 ], [ 2.24475, 6.40005 ], [ 2.24538, 6.40077 ], [ 2.24566, 6.40059 ], [ 2.24539, 6.3996 ], [ 2.24647, 6.39978 ], [ 2.2462, 6.39942 ], [ 2.24665, 6.3986 ], [ 2.2462, 6.39824 ], [ 2.24638, 6.39761 ], [ 2.24901, 6.39734 ], [ 2.24928, 6.39698 ], [ 2.25054, 6.39707 ], [ 2.25145, 6.39762 ], [ 2.25127, 6.39671 ], [ 2.25208, 6.39626 ], [ 2.2529, 6.39689 ], [ 2.25335, 6.39626 ], [ 2.2529, 6.39626 ], [ 2.25281, 6.39662 ], [ 2.25299, 6.39581 ], [ 2.25263, 6.39608 ], [ 2.25082, 6.39581 ], [ 2.25055, 6.39617 ], [ 2.24801, 6.39634 ], [ 2.24693, 6.39689 ], [ 2.24458, 6.3967 ], [ 2.2443, 6.39634 ], [ 2.24476, 6.39607 ], [ 2.24286, 6.39588 ], [ 2.24277, 6.39552 ], [ 2.2396, 6.3947 ], [ 2.23951, 6.39443 ], [ 2.23689, 6.39416 ], [ 2.23354, 6.39551 ], [ 2.233, 6.39705 ], [ 2.23182, 6.39722 ], [ 2.23182, 6.39786 ], [ 2.2311, 6.39867 ], [ 2.23164, 6.39912 ], [ 2.23128, 6.39921 ], [ 2.23119, 6.39976 ], [ 2.23083, 6.39967 ], [ 2.23055, 6.40057 ], [ 2.2311, 6.40066 ], [ 2.23128, 6.40012 ], [ 2.23218, 6.39949 ] ] ], [ [ [ 2.27251, 6.40199 ], [ 2.27315, 6.4019 ], [ 2.27287, 6.40181 ], [ 2.27297, 6.40127 ], [ 2.27215, 6.4009 ], [ 2.27161, 6.40117 ], [ 2.27206, 6.40072 ], [ 2.27206, 6.40018 ], [ 2.27152, 6.40072 ], [ 2.27125, 6.39991 ], [ 2.27034, 6.40189 ], [ 2.26989, 6.40135 ], [ 2.26935, 6.40171 ], [ 2.26989, 6.40208 ], [ 2.2698, 6.40244 ], [ 2.27079, 6.40171 ], [ 2.27152, 6.40181 ], [ 2.27242, 6.40289 ], [ 2.27224, 6.40362 ], [ 2.2726, 6.40362 ], [ 2.27287, 6.40289 ], [ 2.27251, 6.40199 ] ] ], [ [ [ 2.21237, 6.40371 ], [ 2.21183, 6.40362 ], [ 2.21174, 6.40298 ], [ 2.21228, 6.40244 ], [ 2.21291, 6.40308 ], [ 2.213, 6.40398 ], [ 2.21373, 6.40326 ], [ 2.21509, 6.40281 ], [ 2.21536, 6.40218 ], [ 2.21509, 6.40154 ], [ 2.21464, 6.40145 ], [ 2.21427, 6.40181 ], [ 2.21446, 6.40018 ], [ 2.21355, 6.40018 ], [ 2.21102, 6.40325 ], [ 2.21174, 6.40443 ], [ 2.2121, 6.40434 ], [ 2.21237, 6.40371 ] ] ], [ [ [ 2.25071, 6.40657 ], [ 2.25008, 6.40621 ], [ 2.2508, 6.40567 ], [ 2.25081, 6.40313 ], [ 2.25126, 6.40277 ], [ 2.2509, 6.40205 ], [ 2.25045, 6.40205 ], [ 2.25008, 6.40331 ], [ 2.24927, 6.40404 ], [ 2.25017, 6.40485 ], [ 2.25044, 6.40458 ], [ 2.25044, 6.40512 ], [ 2.24972, 6.40512 ], [ 2.25008, 6.40557 ], [ 2.24972, 6.40585 ], [ 2.24972, 6.40684 ], [ 2.24999, 6.40738 ], [ 2.25026, 6.40729 ], [ 2.25044, 6.40829 ], [ 2.25016, 6.40874 ], [ 2.25044, 6.40892 ], [ 2.25071, 6.40657 ] ] ], [ [ [ 2.26997, 6.40551 ], [ 2.27097, 6.4057 ], [ 2.27124, 6.40533 ], [ 2.27061, 6.40542 ], [ 2.2707, 6.4047 ], [ 2.27106, 6.40452 ], [ 2.27025, 6.40452 ], [ 2.27025, 6.40389 ], [ 2.26971, 6.40325 ], [ 2.26925, 6.40397 ], [ 2.26889, 6.40379 ], [ 2.26943, 6.40497 ], [ 2.26889, 6.40524 ], [ 2.26907, 6.40615 ], [ 2.26844, 6.40714 ], [ 2.26925, 6.40786 ], [ 2.26907, 6.40823 ], [ 2.26988, 6.40796 ], [ 2.26997, 6.40551 ] ] ], [ [ [ 2.21209, 6.40896 ], [ 2.21209, 6.40859 ], [ 2.21155, 6.40859 ], [ 2.21182, 6.40805 ], [ 2.21273, 6.4085 ], [ 2.21336, 6.40832 ], [ 2.21273, 6.40688 ], [ 2.21264, 6.40552 ], [ 2.21201, 6.40588 ], [ 2.212, 6.40678 ], [ 2.21146, 6.40669 ], [ 2.21119, 6.40742 ], [ 2.21065, 6.40742 ], [ 2.21101, 6.40932 ], [ 2.21209, 6.40896 ] ] ], [ [ [ 2.22203, 6.41558 ], [ 2.2223, 6.41558 ], [ 2.22248, 6.41494 ], [ 2.22194, 6.41494 ], [ 2.22185, 6.41386 ], [ 2.22149, 6.41431 ], [ 2.22113, 6.41358 ], [ 2.22059, 6.41376 ], [ 2.22077, 6.41259 ], [ 2.22014, 6.41168 ], [ 2.21996, 6.41032 ], [ 2.22032, 6.41023 ], [ 2.22005, 6.40978 ], [ 2.22041, 6.40924 ], [ 2.22086, 6.40942 ], [ 2.22086, 6.41096 ], [ 2.22131, 6.41141 ], [ 2.22222, 6.41178 ], [ 2.22222, 6.41132 ], [ 2.22321, 6.41132 ], [ 2.22357, 6.41142 ], [ 2.22348, 6.41223 ], [ 2.2243, 6.41214 ], [ 2.22439, 6.41178 ], [ 2.22393, 6.41142 ], [ 2.2243, 6.41151 ], [ 2.22448, 6.41142 ], [ 2.22403, 6.41024 ], [ 2.22312, 6.4097 ], [ 2.22231, 6.40979 ], [ 2.22249, 6.40825 ], [ 2.22322, 6.40762 ], [ 2.22195, 6.4068 ], [ 2.22177, 6.40698 ], [ 2.22177, 6.40671 ], [ 2.22295, 6.40635 ], [ 2.2234, 6.40707 ], [ 2.22385, 6.40644 ], [ 2.22512, 6.40653 ], [ 2.22548, 6.4069 ], [ 2.22512, 6.40644 ], [ 2.2253, 6.40581 ], [ 2.22385, 6.40617 ], [ 2.22367, 6.40535 ], [ 2.22403, 6.40517 ], [ 2.22367, 6.40517 ], [ 2.22349, 6.40445 ], [ 2.22386, 6.40445 ], [ 2.22358, 6.40427 ], [ 2.22395, 6.404 ], [ 2.2234, 6.40391 ], [ 2.22349, 6.40436 ], [ 2.22304, 6.40445 ], [ 2.22286, 6.40382 ], [ 2.22322, 6.40336 ], [ 2.22349, 6.40345 ], [ 2.22322, 6.40382 ], [ 2.22386, 6.40364 ], [ 2.22413, 6.40309 ], [ 2.22313, 6.40282 ], [ 2.22295, 6.40228 ], [ 2.22322, 6.40255 ], [ 2.22431, 6.40237 ], [ 2.22422, 6.40147 ], [ 2.22476, 6.40101 ], [ 2.22422, 6.40119 ], [ 2.22377, 6.40092 ], [ 2.22531, 6.4002 ], [ 2.22549, 6.39957 ], [ 2.22567, 6.40011 ], [ 2.2254, 6.40011 ], [ 2.2254, 6.40029 ], [ 2.22694, 6.39948 ], [ 2.22947, 6.40021 ], [ 2.23037, 6.40012 ], [ 2.23037, 6.39957 ], [ 2.23101, 6.39949 ], [ 2.23083, 6.39894 ], [ 2.22965, 6.39939 ], [ 2.2283, 6.3984 ], [ 2.22739, 6.39858 ], [ 2.2273, 6.39903 ], [ 2.22676, 6.39912 ], [ 2.22703, 6.39939 ], [ 2.22658, 6.39948 ], [ 2.22631, 6.39885 ], [ 2.22576, 6.39903 ], [ 2.22522, 6.39848 ], [ 2.22441, 6.39857 ], [ 2.22432, 6.39893 ], [ 2.22323, 6.39857 ], [ 2.22287, 6.39902 ], [ 2.22314, 6.39956 ], [ 2.2226, 6.4002 ], [ 2.22314, 6.40155 ], [ 2.22277, 6.40164 ], [ 2.2225, 6.40237 ], [ 2.22214, 6.40237 ], [ 2.22232, 6.403 ], [ 2.22169, 6.40318 ], [ 2.22205, 6.40418 ], [ 2.22186, 6.40481 ], [ 2.22051, 6.40526 ], [ 2.22087, 6.40381 ], [ 2.2206, 6.40236 ], [ 2.22033, 6.40227 ], [ 2.22042, 6.40255 ], [ 2.21988, 6.40273 ], [ 2.21997, 6.40309 ], [ 2.2187, 6.40462 ], [ 2.21798, 6.40471 ], [ 2.21788, 6.40553 ], [ 2.21671, 6.40562 ], [ 2.21607, 6.40634 ], [ 2.21454, 6.40616 ], [ 2.21445, 6.4067 ], [ 2.21408, 6.4067 ], [ 2.21453, 6.40869 ], [ 2.21499, 6.40905 ], [ 2.21489, 6.40968 ], [ 2.2158, 6.41005 ], [ 2.21625, 6.40969 ], [ 2.21589, 6.4086 ], [ 2.21517, 6.40851 ], [ 2.21535, 6.40824 ], [ 2.21607, 6.40842 ], [ 2.21643, 6.40905 ], [ 2.2168, 6.40833 ], [ 2.21734, 6.40815 ], [ 2.2177, 6.40833 ], [ 2.21752, 6.40869 ], [ 2.21806, 6.4086 ], [ 2.21842, 6.40915 ], [ 2.21788, 6.40987 ], [ 2.21806, 6.41041 ], [ 2.21733, 6.41068 ], [ 2.21896, 6.41096 ], [ 2.21914, 6.4124 ], [ 2.21995, 6.41241 ], [ 2.22041, 6.41286 ], [ 2.21995, 6.41412 ], [ 2.22158, 6.41485 ], [ 2.22131, 6.41539 ], [ 2.22221, 6.41693 ], [ 2.22257, 6.41675 ], [ 2.22203, 6.41558 ] ] ], [ [ [ 2.23407, 6.40908 ], [ 2.23407, 6.4079 ], [ 2.23362, 6.40799 ], [ 2.23362, 6.40682 ], [ 2.23326, 6.40673 ], [ 2.23326, 6.40736 ], [ 2.23289, 6.40745 ], [ 2.23307, 6.40863 ], [ 2.23479, 6.4098 ], [ 2.23506, 6.40971 ], [ 2.23488, 6.40926 ], [ 2.23407, 6.40908 ] ] ], [ [ [ 2.21036, 6.41782 ], [ 2.21226, 6.41764 ], [ 2.21226, 6.41692 ], [ 2.21145, 6.41674 ], [ 2.2119, 6.41592 ], [ 2.21127, 6.41574 ], [ 2.21127, 6.4152 ], [ 2.21217, 6.41565 ], [ 2.21262, 6.41547 ], [ 2.21308, 6.41619 ], [ 2.21317, 6.41511 ], [ 2.2138, 6.41475 ], [ 2.21299, 6.41448 ], [ 2.21308, 6.41475 ], [ 2.21253, 6.41511 ], [ 2.21163, 6.41411 ], [ 2.21281, 6.41402 ], [ 2.21254, 6.41312 ], [ 2.21154, 6.41275 ], [ 2.21154, 6.41248 ], [ 2.21227, 6.4123 ], [ 2.21227, 6.41176 ], [ 2.21173, 6.41221 ], [ 2.211, 6.41149 ], [ 2.21082, 6.41185 ], [ 2.21136, 6.41203 ], [ 2.21136, 6.41257 ], [ 2.21028, 6.4123 ], [ 2.2101, 6.41348 ], [ 2.20973, 6.41375 ], [ 2.20954, 6.41854 ], [ 2.21036, 6.41782 ] ] ], [ [ [ 2.21705, 6.41629 ], [ 2.21642, 6.41593 ], [ 2.21552, 6.41656 ], [ 2.21597, 6.41593 ], [ 2.2157, 6.4152 ], [ 2.21461, 6.41547 ], [ 2.21461, 6.41602 ], [ 2.21543, 6.41638 ], [ 2.21524, 6.41701 ], [ 2.21606, 6.4171 ], [ 2.21705, 6.41629 ] ] ], [ [ [ 2.27213, 6.41755 ], [ 2.2724, 6.41764 ], [ 2.27231, 6.41836 ], [ 2.27276, 6.41854 ], [ 2.27285, 6.41755 ], [ 2.27249, 6.4171 ], [ 2.27285, 6.41692 ], [ 2.2733, 6.41764 ], [ 2.27358, 6.41764 ], [ 2.27321, 6.41692 ], [ 2.27358, 6.41674 ], [ 2.27358, 6.4161 ], [ 2.27313, 6.4161 ], [ 2.27312, 6.41665 ], [ 2.27222, 6.41673 ], [ 2.27231, 6.41583 ], [ 2.27204, 6.41565 ], [ 2.27168, 6.41628 ], [ 2.27195, 6.41701 ], [ 2.27068, 6.41773 ], [ 2.27032, 6.41863 ], [ 2.27086, 6.41899 ], [ 2.27086, 6.41836 ], [ 2.27104, 6.41854 ], [ 2.27213, 6.41755 ] ] ], [ [ [ 2.26516, 6.4208 ], [ 2.26588, 6.42007 ], [ 2.26561, 6.41917 ], [ 2.26616, 6.41854 ], [ 2.26616, 6.41727 ], [ 2.26715, 6.41754 ], [ 2.26761, 6.41664 ], [ 2.26743, 6.41637 ], [ 2.26634, 6.41664 ], [ 2.26652, 6.416 ], [ 2.26607, 6.41636 ], [ 2.26625, 6.41718 ], [ 2.26598, 6.41727 ], [ 2.26598, 6.41664 ], [ 2.26553, 6.41672 ], [ 2.26571, 6.41772 ], [ 2.26507, 6.41808 ], [ 2.26553, 6.41844 ], [ 2.26543, 6.41908 ], [ 2.26453, 6.4188 ], [ 2.26353, 6.41898 ], [ 2.2648, 6.41926 ], [ 2.26453, 6.41998 ], [ 2.2638, 6.42025 ], [ 2.26462, 6.42034 ], [ 2.2648, 6.42098 ], [ 2.26407, 6.42251 ], [ 2.26498, 6.42251 ], [ 2.26516, 6.4208 ] ] ], [ [ [ 2.27068, 6.42071 ], [ 2.2705, 6.41999 ], [ 2.27095, 6.4199 ], [ 2.27086, 6.41954 ], [ 2.2705, 6.41881 ], [ 2.26968, 6.4189 ], [ 2.26959, 6.41836 ], [ 2.2695, 6.41899 ], [ 2.26986, 6.41972 ], [ 2.26869, 6.41926 ], [ 2.26905, 6.42017 ], [ 2.26959, 6.42008 ], [ 2.26959, 6.42062 ], [ 2.27022, 6.42062 ], [ 2.27095, 6.42144 ], [ 2.27149, 6.42135 ], [ 2.27131, 6.42053 ], [ 2.27068, 6.42071 ] ] ], [ [ [ 2.22293, 6.42109 ], [ 2.22265, 6.42073 ], [ 2.22157, 6.42055 ], [ 2.22229, 6.41992 ], [ 2.22239, 6.41919 ], [ 2.22193, 6.41883 ], [ 2.22112, 6.41919 ], [ 2.22076, 6.41838 ], [ 2.22058, 6.41865 ], [ 2.22058, 6.41811 ], [ 2.22022, 6.41801 ], [ 2.22049, 6.41865 ], [ 2.21976, 6.41874 ], [ 2.21958, 6.4191 ], [ 2.22021, 6.41937 ], [ 2.22021, 6.41973 ], [ 2.22085, 6.41973 ], [ 2.22021, 6.41982 ], [ 2.22094, 6.42019 ], [ 2.22066, 6.42163 ], [ 2.22139, 6.42191 ], [ 2.22184, 6.42155 ], [ 2.22293, 6.42109 ] ] ], [ [ [ 2.22437, 6.42164 ], [ 2.2241, 6.42083 ], [ 2.22374, 6.42119 ], [ 2.22274, 6.42119 ], [ 2.22283, 6.42146 ], [ 2.22211, 6.42182 ], [ 2.22283, 6.42227 ], [ 2.22392, 6.42218 ], [ 2.22437, 6.42164 ] ] ], [ [ [ 2.21659, 6.42488 ], [ 2.21632, 6.42516 ], [ 2.21596, 6.42488 ], [ 2.21623, 6.42407 ], [ 2.21578, 6.42389 ], [ 2.21641, 6.42398 ], [ 2.21677, 6.42326 ], [ 2.21641, 6.42271 ], [ 2.21596, 6.42271 ], [ 2.21632, 6.42217 ], [ 2.21569, 6.42235 ], [ 2.21533, 6.42145 ], [ 2.21533, 6.42244 ], [ 2.21415, 6.42271 ], [ 2.21442, 6.42172 ], [ 2.21325, 6.42189 ], [ 2.21307, 6.42144 ], [ 2.21316, 6.42289 ], [ 2.21198, 6.4228 ], [ 2.21216, 6.42361 ], [ 2.21324, 6.42398 ], [ 2.2137, 6.42334 ], [ 2.21379, 6.4238 ], [ 2.21433, 6.4238 ], [ 2.2155, 6.42461 ], [ 2.21605, 6.42561 ], [ 2.21659, 6.42488 ] ] ], [ [ [ 2.21767, 6.42561 ], [ 2.21813, 6.42462 ], [ 2.21867, 6.42462 ], [ 2.21876, 6.42335 ], [ 2.21786, 6.42407 ], [ 2.21768, 6.42326 ], [ 2.2174, 6.42407 ], [ 2.21668, 6.42443 ], [ 2.21659, 6.4247 ], [ 2.2174, 6.42525 ], [ 2.21641, 6.4257 ], [ 2.21613, 6.42624 ], [ 2.21677, 6.42651 ], [ 2.21767, 6.42561 ] ] ], [ [ [ 2.26705, 6.42894 ], [ 2.2675, 6.42885 ], [ 2.26831, 6.42939 ], [ 2.26886, 6.42885 ], [ 2.26831, 6.42876 ], [ 2.26813, 6.42804 ], [ 2.26841, 6.42813 ], [ 2.26841, 6.42768 ], [ 2.26759, 6.4274 ], [ 2.26795, 6.42704 ], [ 2.26841, 6.42713 ], [ 2.26814, 6.42623 ], [ 2.26732, 6.42668 ], [ 2.26723, 6.42813 ], [ 2.26641, 6.42885 ], [ 2.26668, 6.42966 ], [ 2.26632, 6.42984 ], [ 2.26677, 6.42994 ], [ 2.26705, 6.42894 ] ] ], [ [ [ 2.22318, 6.43231 ], [ 2.22327, 6.43132 ], [ 2.22399, 6.4315 ], [ 2.22463, 6.43114 ], [ 2.22544, 6.43159 ], [ 2.22526, 6.43105 ], [ 2.22553, 6.43069 ], [ 2.22517, 6.43015 ], [ 2.22544, 6.43024 ], [ 2.22553, 6.42987 ], [ 2.22472, 6.42969 ], [ 2.22481, 6.43033 ], [ 2.22273, 6.42996 ], [ 2.22291, 6.42951 ], [ 2.22364, 6.4296 ], [ 2.22391, 6.42924 ], [ 2.22391, 6.42761 ], [ 2.22319, 6.42797 ], [ 2.22228, 6.42734 ], [ 2.22246, 6.42806 ], [ 2.22192, 6.42842 ], [ 2.22174, 6.42724 ], [ 2.22111, 6.42752 ], [ 2.22075, 6.42652 ], [ 2.21849, 6.42652 ], [ 2.21831, 6.42588 ], [ 2.21776, 6.42633 ], [ 2.21866, 6.42769 ], [ 2.21812, 6.4295 ], [ 2.2192, 6.43005 ], [ 2.21984, 6.42996 ], [ 2.22011, 6.43059 ], [ 2.22056, 6.43068 ], [ 2.22101, 6.43059 ], [ 2.22083, 6.42987 ], [ 2.2211, 6.42969 ], [ 2.22164, 6.43068 ], [ 2.22228, 6.43068 ], [ 2.22201, 6.43014 ], [ 2.22264, 6.43005 ], [ 2.22291, 6.43059 ], [ 2.22237, 6.43059 ], [ 2.22219, 6.43168 ], [ 2.21993, 6.43104 ], [ 2.22002, 6.43177 ], [ 2.22173, 6.43204 ], [ 2.22182, 6.43349 ], [ 2.22255, 6.4334 ], [ 2.22318, 6.43231 ] ] ], [ [ [ 2.26026, 6.43174 ], [ 2.26026, 6.43137 ], [ 2.26108, 6.4311 ], [ 2.26253, 6.42848 ], [ 2.26198, 6.42866 ], [ 2.26135, 6.42966 ], [ 2.26072, 6.42911 ], [ 2.26008, 6.42911 ], [ 2.2599, 6.42965 ], [ 2.26072, 6.42965 ], [ 2.26099, 6.43092 ], [ 2.2599, 6.43137 ], [ 2.25954, 6.4311 ], [ 2.25927, 6.43164 ], [ 2.2599, 6.43192 ], [ 2.25981, 6.43155 ], [ 2.26026, 6.43174 ] ] ], [ [ [ 2.26242, 6.43735 ], [ 2.26297, 6.43726 ], [ 2.26279, 6.43626 ], [ 2.26351, 6.43536 ], [ 2.26387, 6.43563 ], [ 2.26442, 6.43518 ], [ 2.26424, 6.43491 ], [ 2.26387, 6.43545 ], [ 2.26342, 6.43445 ], [ 2.26424, 6.43292 ], [ 2.2646, 6.43283 ], [ 2.26424, 6.43255 ], [ 2.26487, 6.43219 ], [ 2.26487, 6.43165 ], [ 2.26542, 6.4312 ], [ 2.26524, 6.43084 ], [ 2.26361, 6.43219 ], [ 2.26388, 6.43328 ], [ 2.26351, 6.43382 ], [ 2.26234, 6.43418 ], [ 2.26261, 6.43454 ], [ 2.26279, 6.43436 ], [ 2.26261, 6.435 ], [ 2.26225, 6.43499 ], [ 2.26261, 6.43509 ], [ 2.26261, 6.43554 ], [ 2.26152, 6.43554 ], [ 2.26152, 6.43608 ], [ 2.26089, 6.43626 ], [ 2.26188, 6.43726 ], [ 2.26107, 6.43753 ], [ 2.26161, 6.4378 ], [ 2.26143, 6.43879 ], [ 2.26188, 6.43907 ], [ 2.26242, 6.43735 ] ] ], [ [ [ 2.22308, 6.43747 ], [ 2.22372, 6.43648 ], [ 2.22408, 6.43675 ], [ 2.22435, 6.43584 ], [ 2.22408, 6.43602 ], [ 2.22417, 6.43548 ], [ 2.22381, 6.43566 ], [ 2.22381, 6.43503 ], [ 2.22444, 6.4353 ], [ 2.22471, 6.43494 ], [ 2.22408, 6.43476 ], [ 2.22408, 6.4344 ], [ 2.22309, 6.43467 ], [ 2.22309, 6.43403 ], [ 2.22254, 6.43421 ], [ 2.22263, 6.43503 ], [ 2.22191, 6.4353 ], [ 2.22245, 6.43611 ], [ 2.22182, 6.43656 ], [ 2.2219, 6.43819 ], [ 2.22263, 6.43774 ], [ 2.22263, 6.4372 ], [ 2.22308, 6.43747 ] ] ], [ [ [ 2.2578, 6.44467 ], [ 2.25807, 6.44358 ], [ 2.25825, 6.44431 ], [ 2.25889, 6.44404 ], [ 2.25835, 6.44214 ], [ 2.25925, 6.43924 ], [ 2.25971, 6.43888 ], [ 2.25962, 6.43825 ], [ 2.25917, 6.43825 ], [ 2.25953, 6.43698 ], [ 2.25899, 6.43734 ], [ 2.25889, 6.43798 ], [ 2.25835, 6.43797 ], [ 2.25907, 6.43888 ], [ 2.25835, 6.44033 ], [ 2.25826, 6.44141 ], [ 2.25771, 6.44132 ], [ 2.2578, 6.44241 ], [ 2.25636, 6.4425 ], [ 2.25654, 6.44277 ], [ 2.25608, 6.44259 ], [ 2.25635, 6.44331 ], [ 2.25572, 6.44349 ], [ 2.25608, 6.44376 ], [ 2.2569, 6.44331 ], [ 2.2568, 6.44476 ], [ 2.25599, 6.44539 ], [ 2.2578, 6.44467 ] ] ], [ [ [ 2.26115, 6.44142 ], [ 2.26169, 6.44106 ], [ 2.26151, 6.44042 ], [ 2.26224, 6.44006 ], [ 2.26188, 6.43916 ], [ 2.26124, 6.43952 ], [ 2.26151, 6.44015 ], [ 2.26097, 6.44006 ], [ 2.26097, 6.44051 ], [ 2.2607, 6.44015 ], [ 2.26025, 6.44042 ], [ 2.26061, 6.44096 ], [ 2.26124, 6.44069 ], [ 2.26133, 6.44096 ], [ 2.26088, 6.44114 ], [ 2.26097, 6.44169 ], [ 2.25988, 6.44214 ], [ 2.25916, 6.44187 ], [ 2.25934, 6.44268 ], [ 2.25988, 6.44259 ], [ 2.26015, 6.44322 ], [ 2.26061, 6.44322 ], [ 2.26115, 6.44142 ] ] ], [ [ [ 2.22551, 6.44625 ], [ 2.22551, 6.44534 ], [ 2.22587, 6.44544 ], [ 2.22615, 6.44498 ], [ 2.22443, 6.44489 ], [ 2.22416, 6.44444 ], [ 2.22388, 6.44444 ], [ 2.22388, 6.44489 ], [ 2.22343, 6.44489 ], [ 2.22334, 6.44453 ], [ 2.22407, 6.44417 ], [ 2.22488, 6.44453 ], [ 2.22497, 6.4439 ], [ 2.22606, 6.44399 ], [ 2.22579, 6.44344 ], [ 2.22515, 6.44326 ], [ 2.22515, 6.4429 ], [ 2.22561, 6.44317 ], [ 2.22561, 6.44263 ], [ 2.22524, 6.44272 ], [ 2.22488, 6.44218 ], [ 2.22525, 6.44209 ], [ 2.22488, 6.44191 ], [ 2.22507, 6.44136 ], [ 2.22434, 6.44136 ], [ 2.22407, 6.44245 ], [ 2.22307, 6.44272 ], [ 2.22244, 6.44498 ], [ 2.22289, 6.44534 ], [ 2.2228, 6.44606 ], [ 2.22316, 6.44661 ], [ 2.22479, 6.44679 ], [ 2.22497, 6.44634 ], [ 2.2247, 6.44625 ], [ 2.22551, 6.44625 ] ] ], [ [ [ 2.25861, 6.44684 ], [ 2.25906, 6.44684 ], [ 2.25924, 6.44639 ], [ 2.26024, 6.44648 ], [ 2.26015, 6.44576 ], [ 2.25979, 6.44567 ], [ 2.2597, 6.44603 ], [ 2.25897, 6.44585 ], [ 2.25798, 6.44684 ], [ 2.25744, 6.44666 ], [ 2.25743, 6.44811 ], [ 2.25852, 6.44775 ], [ 2.25861, 6.44684 ] ] ], [ [ [ 2.25454, 6.45027 ], [ 2.25517, 6.451 ], [ 2.25707, 6.45046 ], [ 2.25689, 6.4501 ], [ 2.25598, 6.45009 ], [ 2.25616, 6.44946 ], [ 2.25653, 6.44946 ], [ 2.25607, 6.44928 ], [ 2.25608, 6.44892 ], [ 2.25653, 6.44883 ], [ 2.25626, 6.44847 ], [ 2.25662, 6.44838 ], [ 2.25662, 6.44783 ], [ 2.2558, 6.44892 ], [ 2.2549, 6.4481 ], [ 2.25608, 6.44684 ], [ 2.2559, 6.44539 ], [ 2.25563, 6.44557 ], [ 2.25581, 6.44602 ], [ 2.25463, 6.44674 ], [ 2.25454, 6.44801 ], [ 2.25427, 6.44801 ], [ 2.25436, 6.44765 ], [ 2.25364, 6.44756 ], [ 2.25363, 6.44846 ], [ 2.25427, 6.44901 ], [ 2.2539, 6.45027 ], [ 2.25218, 6.45054 ], [ 2.25264, 6.45072 ], [ 2.25264, 6.45108 ], [ 2.25417, 6.451 ], [ 2.25454, 6.45027 ] ] ], [ [ [ 2.2548, 6.45443 ], [ 2.2548, 6.45371 ], [ 2.25489, 6.45407 ], [ 2.25589, 6.45426 ], [ 2.25553, 6.45344 ], [ 2.2558, 6.45263 ], [ 2.25517, 6.4529 ], [ 2.25534, 6.45362 ], [ 2.25471, 6.45362 ], [ 2.25453, 6.4538 ], [ 2.25381, 6.45335 ], [ 2.25408, 6.45389 ], [ 2.25363, 6.45443 ], [ 2.25381, 6.45498 ], [ 2.25426, 6.45498 ], [ 2.2548, 6.45443 ] ] ], [ [ [ 2.25299, 6.45642 ], [ 2.25272, 6.4557 ], [ 2.2529, 6.45461 ], [ 2.25209, 6.45425 ], [ 2.25118, 6.45452 ], [ 2.25218, 6.45461 ], [ 2.25254, 6.45497 ], [ 2.25263, 6.45597 ], [ 2.25245, 6.45669 ], [ 2.25236, 6.45633 ], [ 2.25208, 6.45678 ], [ 2.25118, 6.45642 ], [ 2.25109, 6.45687 ], [ 2.2519, 6.45696 ], [ 2.25199, 6.4576 ], [ 2.25235, 6.45769 ], [ 2.25263, 6.45751 ], [ 2.25254, 6.45678 ], [ 2.25299, 6.45642 ] ] ], [ [ [ 2.25397, 6.46348 ], [ 2.25343, 6.4633 ], [ 2.2537, 6.46294 ], [ 2.25343, 6.46203 ], [ 2.2538, 6.46167 ], [ 2.25344, 6.46031 ], [ 2.25371, 6.46004 ], [ 2.25434, 6.46022 ], [ 2.2538, 6.45995 ], [ 2.2538, 6.45841 ], [ 2.25507, 6.45851 ], [ 2.25507, 6.45823 ], [ 2.2547, 6.45841 ], [ 2.25434, 6.45805 ], [ 2.25416, 6.45733 ], [ 2.25389, 6.45778 ], [ 2.25326, 6.45751 ], [ 2.25344, 6.45977 ], [ 2.25289, 6.45995 ], [ 2.25244, 6.4595 ], [ 2.25226, 6.46067 ], [ 2.25253, 6.46058 ], [ 2.25262, 6.46131 ], [ 2.25226, 6.46176 ], [ 2.25244, 6.46239 ], [ 2.25199, 6.46239 ], [ 2.25235, 6.46375 ], [ 2.25262, 6.46393 ], [ 2.25289, 6.46357 ], [ 2.25316, 6.46384 ], [ 2.25334, 6.46493 ], [ 2.25379, 6.46484 ], [ 2.25397, 6.46348 ] ] ], [ [ [ 2.21804, 6.4798 ], [ 2.21777, 6.47998 ], [ 2.21732, 6.4798 ], [ 2.21831, 6.47944 ], [ 2.21832, 6.4789 ], [ 2.21904, 6.4789 ], [ 2.21931, 6.47953 ], [ 2.21922, 6.47872 ], [ 2.22022, 6.47836 ], [ 2.21994, 6.47781 ], [ 2.21904, 6.47781 ], [ 2.21904, 6.47709 ], [ 2.21977, 6.476 ], [ 2.22112, 6.47582 ], [ 2.2214, 6.47447 ], [ 2.22221, 6.47429 ], [ 2.22239, 6.47338 ], [ 2.22276, 6.47338 ], [ 2.2223, 6.47311 ], [ 2.22267, 6.47275 ], [ 2.22203, 6.47293 ], [ 2.22203, 6.47203 ], [ 2.22276, 6.47176 ], [ 2.22258, 6.47158 ], [ 2.22303, 6.47158 ], [ 2.22303, 6.47212 ], [ 2.22339, 6.47194 ], [ 2.2233, 6.4714 ], [ 2.22366, 6.47112 ], [ 2.22312, 6.47112 ], [ 2.22303, 6.47067 ], [ 2.22412, 6.47022 ], [ 2.22421, 6.46932 ], [ 2.22493, 6.46886 ], [ 2.22412, 6.46778 ], [ 2.22448, 6.46705 ], [ 2.22403, 6.46687 ], [ 2.22494, 6.46651 ], [ 2.22449, 6.46579 ], [ 2.22476, 6.46371 ], [ 2.22449, 6.46362 ], [ 2.22449, 6.46434 ], [ 2.22394, 6.46515 ], [ 2.22367, 6.4647 ], [ 2.22395, 6.46298 ], [ 2.22368, 6.46262 ], [ 2.22413, 6.46244 ], [ 2.22413, 6.459 ], [ 2.22459, 6.459 ], [ 2.22468, 6.45846 ], [ 2.22576, 6.45846 ], [ 2.22585, 6.45747 ], [ 2.22459, 6.45792 ], [ 2.22504, 6.45756 ], [ 2.2245, 6.45683 ], [ 2.22423, 6.45692 ], [ 2.22423, 6.45647 ], [ 2.22477, 6.45611 ], [ 2.22468, 6.45575 ], [ 2.22459, 6.45602 ], [ 2.22423, 6.45575 ], [ 2.22414, 6.45475 ], [ 2.22432, 6.4543 ], [ 2.22432, 6.45566 ], [ 2.22468, 6.45566 ], [ 2.22486, 6.45511 ], [ 2.2245, 6.45484 ], [ 2.22468, 6.45385 ], [ 2.22441, 6.45367 ], [ 2.22468, 6.45367 ], [ 2.22478, 6.45303 ], [ 2.22432, 6.45294 ], [ 2.2246, 6.45285 ], [ 2.22451, 6.45222 ], [ 2.22505, 6.45131 ], [ 2.22595, 6.45141 ], [ 2.22605, 6.45104 ], [ 2.22559, 6.45086 ], [ 2.2255, 6.45023 ], [ 2.22469, 6.45005 ], [ 2.22361, 6.44914 ], [ 2.22306, 6.44914 ], [ 2.22288, 6.44959 ], [ 2.22216, 6.44923 ], [ 2.22197, 6.45267 ], [ 2.22161, 6.45276 ], [ 2.22161, 6.45402 ], [ 2.22134, 6.45411 ], [ 2.22106, 6.45628 ], [ 2.22079, 6.45637 ], [ 2.22106, 6.45656 ], [ 2.22106, 6.45827 ], [ 2.22233, 6.45719 ], [ 2.22287, 6.45719 ], [ 2.22359, 6.45801 ], [ 2.22314, 6.45873 ], [ 2.22341, 6.45954 ], [ 2.22287, 6.45981 ], [ 2.22296, 6.46036 ], [ 2.22269, 6.46027 ], [ 2.22296, 6.46081 ], [ 2.22323, 6.46072 ], [ 2.22295, 6.46117 ], [ 2.22313, 6.4619 ], [ 2.22286, 6.46199 ], [ 2.22331, 6.46235 ], [ 2.22304, 6.46334 ], [ 2.22268, 6.46289 ], [ 2.22178, 6.46271 ], [ 2.22223, 6.46325 ], [ 2.22105, 6.46388 ], [ 2.22105, 6.46624 ], [ 2.22078, 6.46642 ], [ 2.22159, 6.46624 ], [ 2.22123, 6.46705 ], [ 2.22204, 6.46678 ], [ 2.22222, 6.46606 ], [ 2.22168, 6.46596 ], [ 2.22159, 6.46515 ], [ 2.22277, 6.46506 ], [ 2.22186, 6.46542 ], [ 2.22268, 6.4656 ], [ 2.22286, 6.46615 ], [ 2.22259, 6.46651 ], [ 2.22295, 6.46678 ], [ 2.22195, 6.46732 ], [ 2.22267, 6.46769 ], [ 2.22222, 6.4694 ], [ 2.22358, 6.46968 ], [ 2.22213, 6.46986 ], [ 2.22177, 6.46904 ], [ 2.22195, 6.46868 ], [ 2.22131, 6.46904 ], [ 2.22132, 6.4685 ], [ 2.22122, 6.46895 ], [ 2.22086, 6.46859 ], [ 2.22077, 6.46913 ], [ 2.21987, 6.46922 ], [ 2.21941, 6.47058 ], [ 2.22122, 6.47094 ], [ 2.22158, 6.47194 ], [ 2.22104, 6.47193 ], [ 2.22031, 6.47248 ], [ 2.22031, 6.47302 ], [ 2.21986, 6.47302 ], [ 2.21977, 6.47202 ], [ 2.21905, 6.47193 ], [ 2.21887, 6.47157 ], [ 2.21778, 6.47437 ], [ 2.21742, 6.47446 ], [ 2.21751, 6.47491 ], [ 2.21715, 6.475 ], [ 2.21669, 6.47654 ], [ 2.21633, 6.47663 ], [ 2.21633, 6.47717 ], [ 2.21678, 6.47718 ], [ 2.21687, 6.47799 ], [ 2.21723, 6.47817 ], [ 2.21696, 6.47871 ], [ 2.21768, 6.47871 ], [ 2.21768, 6.47917 ], [ 2.21687, 6.47935 ], [ 2.21678, 6.47989 ], [ 2.21741, 6.48043 ], [ 2.21795, 6.48025 ], [ 2.21804, 6.4798 ] ] ], [ [ [ 2.25495, 6.47551 ], [ 2.25577, 6.47452 ], [ 2.25568, 6.47316 ], [ 2.25604, 6.47244 ], [ 2.25568, 6.47181 ], [ 2.25604, 6.47135 ], [ 2.25568, 6.47027 ], [ 2.25541, 6.47027 ], [ 2.2555, 6.47126 ], [ 2.25505, 6.47135 ], [ 2.25532, 6.47063 ], [ 2.25496, 6.47054 ], [ 2.25532, 6.47045 ], [ 2.25487, 6.47018 ], [ 2.25514, 6.47018 ], [ 2.25505, 6.46954 ], [ 2.2555, 6.46882 ], [ 2.25478, 6.46828 ], [ 2.25505, 6.46737 ], [ 2.25388, 6.46565 ], [ 2.25415, 6.46665 ], [ 2.25388, 6.46719 ], [ 2.25415, 6.46764 ], [ 2.25433, 6.46719 ], [ 2.25469, 6.46728 ], [ 2.25433, 6.46782 ], [ 2.25469, 6.46828 ], [ 2.25451, 6.46918 ], [ 2.25378, 6.46891 ], [ 2.25351, 6.4699 ], [ 2.25423, 6.47063 ], [ 2.25405, 6.47235 ], [ 2.25387, 6.47216 ], [ 2.25378, 6.47244 ], [ 2.25432, 6.47352 ], [ 2.25369, 6.47388 ], [ 2.25432, 6.47425 ], [ 2.25432, 6.47551 ], [ 2.25441, 6.47479 ], [ 2.25477, 6.4747 ], [ 2.25495, 6.47551 ] ] ], [ [ [ 2.21713, 6.48179 ], [ 2.21686, 6.48143 ], [ 2.21723, 6.48143 ], [ 2.21732, 6.48061 ], [ 2.21687, 6.48061 ], [ 2.2165, 6.48116 ], [ 2.21695, 6.48161 ], [ 2.21677, 6.48197 ], [ 2.21587, 6.48188 ], [ 2.21551, 6.4826 ], [ 2.21559, 6.48342 ], [ 2.21704, 6.4836 ], [ 2.21713, 6.48179 ] ] ], [ [ [ 2.21822, 6.48414 ], [ 2.21749, 6.48351 ], [ 2.21713, 6.48342 ], [ 2.21704, 6.4836 ], [ 2.21713, 6.48378 ], [ 2.21623, 6.48405 ], [ 2.21659, 6.48505 ], [ 2.21722, 6.48505 ], [ 2.21668, 6.48523 ], [ 2.21686, 6.48559 ], [ 2.21767, 6.4855 ], [ 2.21776, 6.48459 ], [ 2.21822, 6.48414 ] ] ], [ [ [ 2.21278, 6.48983 ], [ 2.21387, 6.49029 ], [ 2.21369, 6.48884 ], [ 2.21432, 6.48866 ], [ 2.21496, 6.48758 ], [ 2.21541, 6.48749 ], [ 2.21586, 6.48794 ], [ 2.21568, 6.48848 ], [ 2.21658, 6.48803 ], [ 2.21631, 6.48731 ], [ 2.21695, 6.48658 ], [ 2.21677, 6.48559 ], [ 2.21659, 6.48577 ], [ 2.21632, 6.48486 ], [ 2.21577, 6.48486 ], [ 2.21568, 6.48405 ], [ 2.21487, 6.48341 ], [ 2.2146, 6.48359 ], [ 2.21487, 6.48414 ], [ 2.21433, 6.48459 ], [ 2.21478, 6.48613 ], [ 2.21378, 6.48513 ], [ 2.21351, 6.48576 ], [ 2.21297, 6.48567 ], [ 2.21251, 6.48712 ], [ 2.21188, 6.48748 ], [ 2.2117, 6.48829 ], [ 2.21106, 6.48857 ], [ 2.21106, 6.48911 ], [ 2.20998, 6.49001 ], [ 2.2116, 6.49128 ], [ 2.21278, 6.48983 ] ] ], [ [ [ 2.2961, 6.34684 ], [ 2.29682, 6.34693 ], [ 2.29673, 6.34611 ], [ 2.29574, 6.34611 ], [ 2.29475, 6.34557 ], [ 2.29276, 6.34575 ], [ 2.29303, 6.3471 ], [ 2.2942, 6.34783 ], [ 2.29456, 6.34765 ], [ 2.29465, 6.34801 ], [ 2.29483, 6.34756 ], [ 2.29547, 6.34756 ], [ 2.2961, 6.34684 ] ] ], [ [ [ 2.31228, 6.35247 ], [ 2.31363, 6.35301 ], [ 2.31345, 6.35229 ], [ 2.31409, 6.35184 ], [ 2.31418, 6.35301 ], [ 2.31454, 6.35283 ], [ 2.31454, 6.35319 ], [ 2.31508, 6.35319 ], [ 2.31562, 6.35283 ], [ 2.31608, 6.35229 ], [ 2.3159, 6.35139 ], [ 2.31535, 6.35129 ], [ 2.31481, 6.35175 ], [ 2.31409, 6.35111 ], [ 2.31364, 6.35183 ], [ 2.31282, 6.35156 ], [ 2.31264, 6.35075 ], [ 2.31328, 6.34993 ], [ 2.31599, 6.3493 ], [ 2.31807, 6.34967 ], [ 2.31852, 6.35048 ], [ 2.31924, 6.35085 ], [ 2.32006, 6.35049 ], [ 2.32114, 6.35184 ], [ 2.32168, 6.35157 ], [ 2.32259, 6.35212 ], [ 2.32286, 6.35203 ], [ 2.32241, 6.35121 ], [ 2.32268, 6.35031 ], [ 2.32187, 6.35031 ], [ 2.32178, 6.34958 ], [ 2.32286, 6.35031 ], [ 2.3235, 6.34986 ], [ 2.32413, 6.34995 ], [ 2.32395, 6.35049 ], [ 2.32485, 6.35085 ], [ 2.32494, 6.35158 ], [ 2.32548, 6.35095 ], [ 2.3263, 6.35095 ], [ 2.32639, 6.35131 ], [ 2.32648, 6.35086 ], [ 2.3281, 6.35122 ], [ 2.32892, 6.35059 ], [ 2.32937, 6.35086 ], [ 2.33, 6.35294 ], [ 2.33036, 6.35312 ], [ 2.33064, 6.34887 ], [ 2.32874, 6.34842 ], [ 2.32775, 6.34769 ], [ 2.32711, 6.34814 ], [ 2.32684, 6.34751 ], [ 2.32603, 6.34742 ], [ 2.32603, 6.34778 ], [ 2.32503, 6.34814 ], [ 2.32458, 6.34769 ], [ 2.32386, 6.34814 ], [ 2.32232, 6.34805 ], [ 2.32106, 6.34768 ], [ 2.32115, 6.34705 ], [ 2.32024, 6.34705 ], [ 2.32069, 6.34759 ], [ 2.31916, 6.34777 ], [ 2.31898, 6.34741 ], [ 2.31699, 6.34741 ], [ 2.31581, 6.3465 ], [ 2.31491, 6.34677 ], [ 2.31473, 6.3474 ], [ 2.31373, 6.34776 ], [ 2.3131, 6.34722 ], [ 2.31075, 6.34749 ], [ 2.30641, 6.3473 ], [ 2.30532, 6.34667 ], [ 2.30487, 6.34676 ], [ 2.30469, 6.34639 ], [ 2.3037, 6.34685 ], [ 2.30388, 6.34721 ], [ 2.30433, 6.34703 ], [ 2.30442, 6.34757 ], [ 2.30496, 6.34784 ], [ 2.30469, 6.3482 ], [ 2.30514, 6.34902 ], [ 2.30731, 6.34993 ], [ 2.30921, 6.34939 ], [ 2.30957, 6.34957 ], [ 2.30984, 6.34848 ], [ 2.31038, 6.34857 ], [ 2.31075, 6.34894 ], [ 2.31065, 6.34975 ], [ 2.31111, 6.34975 ], [ 2.31165, 6.35048 ], [ 2.31092, 6.35156 ], [ 2.31056, 6.35156 ], [ 2.31038, 6.35102 ], [ 2.31038, 6.35129 ], [ 2.30975, 6.35111 ], [ 2.30948, 6.35165 ], [ 2.3102, 6.35165 ], [ 2.3102, 6.35264 ], [ 2.31101, 6.35265 ], [ 2.3121, 6.35346 ], [ 2.31246, 6.35319 ], [ 2.31228, 6.35247 ] ], [ [ 2.32738, 6.34986 ], [ 2.32612, 6.34977 ], [ 2.32549, 6.34923 ], [ 2.32531, 6.3485 ], [ 2.32621, 6.34878 ], [ 2.32621, 6.3485 ], [ 2.32693, 6.34841 ], [ 2.32729, 6.34941 ], [ 2.32748, 6.34887 ], [ 2.32892, 6.34923 ], [ 2.32892, 6.34959 ], [ 2.32774, 6.34995 ], [ 2.32765, 6.35068 ], [ 2.3272, 6.3505 ], [ 2.32738, 6.34986 ] ] ], [ [ [ 2.28776, 6.36238 ], [ 2.28731, 6.36202 ], [ 2.28767, 6.36157 ], [ 2.28749, 6.36112 ], [ 2.28704, 6.36085 ], [ 2.28677, 6.36139 ], [ 2.28613, 6.36075 ], [ 2.28668, 6.3603 ], [ 2.28668, 6.35985 ], [ 2.28632, 6.35994 ], [ 2.28614, 6.35949 ], [ 2.28641, 6.35858 ], [ 2.28695, 6.35867 ], [ 2.28713, 6.35958 ], [ 2.28822, 6.35958 ], [ 2.28903, 6.36166 ], [ 2.28948, 6.36139 ], [ 2.28894, 6.36076 ], [ 2.28957, 6.36085 ], [ 2.28966, 6.36157 ], [ 2.28993, 6.36157 ], [ 2.29002, 6.36085 ], [ 2.29147, 6.36067 ], [ 2.29147, 6.36004 ], [ 2.2921, 6.36013 ], [ 2.2921, 6.36067 ], [ 2.29165, 6.36058 ], [ 2.29201, 6.36094 ], [ 2.29292, 6.3604 ], [ 2.29283, 6.36013 ], [ 2.29355, 6.35995 ], [ 2.29355, 6.3595 ], [ 2.29391, 6.35977 ], [ 2.29436, 6.35941 ], [ 2.29454, 6.36004 ], [ 2.29482, 6.36004 ], [ 2.29455, 6.35959 ], [ 2.29509, 6.35932 ], [ 2.29554, 6.36004 ], [ 2.29599, 6.35986 ], [ 2.29635, 6.36013 ], [ 2.29662, 6.36004 ], [ 2.29635, 6.3595 ], [ 2.29681, 6.35932 ], [ 2.29681, 6.35968 ], [ 2.29726, 6.3595 ], [ 2.29753, 6.36014 ], [ 2.29861, 6.35978 ], [ 2.29988, 6.36032 ], [ 2.30106, 6.35996 ], [ 2.30133, 6.36041 ], [ 2.30051, 6.3605 ], [ 2.30133, 6.36087 ], [ 2.30169, 6.3605 ], [ 2.30241, 6.3606 ], [ 2.30232, 6.36023 ], [ 2.30295, 6.36042 ], [ 2.3035, 6.36005 ], [ 2.30431, 6.36132 ], [ 2.30594, 6.36123 ], [ 2.30711, 6.36042 ], [ 2.30775, 6.36069 ], [ 2.30766, 6.36006 ], [ 2.30847, 6.36015 ], [ 2.30856, 6.3597 ], [ 2.30901, 6.3597 ], [ 2.30947, 6.36006 ], [ 2.30928, 6.36106 ], [ 2.30974, 6.36115 ], [ 2.30946, 6.36187 ], [ 2.31118, 6.36205 ], [ 2.31191, 6.36151 ], [ 2.31046, 6.36169 ], [ 2.31064, 6.36088 ], [ 2.31019, 6.36042 ], [ 2.31046, 6.35997 ], [ 2.30974, 6.35997 ], [ 2.30956, 6.35979 ], [ 2.30992, 6.3597 ], [ 2.30947, 6.35952 ], [ 2.31019, 6.35961 ], [ 2.3101, 6.35889 ], [ 2.31082, 6.35807 ], [ 2.31064, 6.35744 ], [ 2.31028, 6.35789 ], [ 2.3092, 6.35798 ], [ 2.30829, 6.35861 ], [ 2.30784, 6.35825 ], [ 2.30612, 6.35843 ], [ 2.30648, 6.35861 ], [ 2.30585, 6.35879 ], [ 2.30621, 6.35915 ], [ 2.3054, 6.35942 ], [ 2.30504, 6.35906 ], [ 2.30476, 6.35924 ], [ 2.30504, 6.3596 ], [ 2.30458, 6.35996 ], [ 2.30223, 6.35996 ], [ 2.30187, 6.35951 ], [ 2.30223, 6.35879 ], [ 2.30395, 6.35852 ], [ 2.30386, 6.35797 ], [ 2.30459, 6.35807 ], [ 2.3045, 6.35743 ], [ 2.30585, 6.35825 ], [ 2.30594, 6.35734 ], [ 2.30685, 6.35753 ], [ 2.30766, 6.35698 ], [ 2.30757, 6.35635 ], [ 2.30685, 6.35626 ], [ 2.30676, 6.35563 ], [ 2.3064, 6.35544 ], [ 2.30567, 6.35571 ], [ 2.30513, 6.35526 ], [ 2.30468, 6.35607 ], [ 2.30441, 6.35472 ], [ 2.30359, 6.35481 ], [ 2.30296, 6.35435 ], [ 2.30296, 6.3539 ], [ 2.30378, 6.35381 ], [ 2.30396, 6.35327 ], [ 2.3045, 6.35399 ], [ 2.30794, 6.35355 ], [ 2.30812, 6.35472 ], [ 2.30748, 6.3549 ], [ 2.30748, 6.35517 ], [ 2.30821, 6.35581 ], [ 2.30956, 6.35554 ], [ 2.31074, 6.35454 ], [ 2.31092, 6.35545 ], [ 2.31219, 6.35491 ], [ 2.31218, 6.35518 ], [ 2.31336, 6.35563 ], [ 2.31336, 6.35473 ], [ 2.312, 6.35473 ], [ 2.31128, 6.3531 ], [ 2.31119, 6.35337 ], [ 2.3111, 6.3531 ], [ 2.31065, 6.3531 ], [ 2.31056, 6.35346 ], [ 2.30966, 6.35337 ], [ 2.30938, 6.35382 ], [ 2.30758, 6.35327 ], [ 2.30767, 6.35192 ], [ 2.30812, 6.35174 ], [ 2.30857, 6.35219 ], [ 2.30884, 6.35165 ], [ 2.30785, 6.35156 ], [ 2.30749, 6.35092 ], [ 2.30704, 6.35137 ], [ 2.30631, 6.3511 ], [ 2.30649, 6.34993 ], [ 2.30595, 6.35002 ], [ 2.30595, 6.35065 ], [ 2.3055, 6.35092 ], [ 2.30478, 6.35065 ], [ 2.30369, 6.35128 ], [ 2.30324, 6.35074 ], [ 2.30242, 6.35272 ], [ 2.3017, 6.35272 ], [ 2.3017, 6.352 ], [ 2.3026, 6.35164 ], [ 2.30197, 6.3511 ], [ 2.30215, 6.35028 ], [ 2.30152, 6.35046 ], [ 2.30161, 6.34992 ], [ 2.30125, 6.34983 ], [ 2.30016, 6.35118 ], [ 2.30043, 6.35136 ], [ 2.30025, 6.352 ], [ 2.30125, 6.35254 ], [ 2.30179, 6.35327 ], [ 2.30134, 6.35336 ], [ 2.30107, 6.35281 ], [ 2.30079, 6.35299 ], [ 2.30116, 6.35345 ], [ 2.30097, 6.35372 ], [ 2.30052, 6.35345 ], [ 2.29998, 6.35354 ], [ 2.30052, 6.3539 ], [ 2.29989, 6.35453 ], [ 2.29871, 6.35435 ], [ 2.29889, 6.35453 ], [ 2.29844, 6.3548 ], [ 2.29916, 6.35489 ], [ 2.29925, 6.35534 ], [ 2.2979, 6.35534 ], [ 2.29717, 6.35471 ], [ 2.29736, 6.35417 ], [ 2.29772, 6.35426 ], [ 2.29772, 6.3529 ], [ 2.29871, 6.35236 ], [ 2.29844, 6.35181 ], [ 2.29799, 6.35236 ], [ 2.29781, 6.35172 ], [ 2.29835, 6.35136 ], [ 2.29917, 6.35154 ], [ 2.29872, 6.35091 ], [ 2.29772, 6.35073 ], [ 2.29772, 6.35136 ], [ 2.297, 6.35127 ], [ 2.29627, 6.35172 ], [ 2.29609, 6.35244 ], [ 2.29672, 6.3529 ], [ 2.296, 6.35272 ], [ 2.29627, 6.35344 ], [ 2.296, 6.35407 ], [ 2.29528, 6.3538 ], [ 2.29491, 6.35425 ], [ 2.29491, 6.35452 ], [ 2.29582, 6.3548 ], [ 2.29555, 6.35516 ], [ 2.29491, 6.35516 ], [ 2.29564, 6.35579 ], [ 2.29392, 6.3557 ], [ 2.29265, 6.35515 ], [ 2.29256, 6.3557 ], [ 2.29347, 6.35579 ], [ 2.29347, 6.35615 ], [ 2.29202, 6.35624 ], [ 2.29157, 6.35588 ], [ 2.29111, 6.35615 ], [ 2.29148, 6.35651 ], [ 2.29129, 6.35687 ], [ 2.29057, 6.35705 ], [ 2.29021, 6.35596 ], [ 2.29048, 6.35542 ], [ 2.29139, 6.3556 ], [ 2.29265, 6.35434 ], [ 2.29365, 6.35416 ], [ 2.2932, 6.35371 ], [ 2.29428, 6.35362 ], [ 2.29392, 6.35208 ], [ 2.2941, 6.3519 ], [ 2.29419, 6.35235 ], [ 2.29438, 6.35154 ], [ 2.29401, 6.35127 ], [ 2.29411, 6.35081 ], [ 2.29365, 6.35072 ], [ 2.29429, 6.35009 ], [ 2.29329, 6.34955 ], [ 2.29311, 6.35036 ], [ 2.28859, 6.35081 ], [ 2.28796, 6.35126 ], [ 2.28669, 6.35107 ], [ 2.28615, 6.35189 ], [ 2.28614, 6.35297 ], [ 2.28578, 6.35306 ], [ 2.28578, 6.35514 ], [ 2.28641, 6.35515 ], [ 2.28641, 6.35551 ], [ 2.28668, 6.35515 ], [ 2.28876, 6.35524 ], [ 2.28831, 6.35669 ], [ 2.28903, 6.3566 ], [ 2.28939, 6.3575 ], [ 2.29057, 6.35732 ], [ 2.29102, 6.35787 ], [ 2.29039, 6.35841 ], [ 2.28967, 6.35759 ], [ 2.28957, 6.35814 ], [ 2.28894, 6.35822 ], [ 2.2893, 6.35859 ], [ 2.2884, 6.35868 ], [ 2.28813, 6.35804 ], [ 2.28759, 6.35786 ], [ 2.28867, 6.35777 ], [ 2.28894, 6.35732 ], [ 2.28759, 6.3565 ], [ 2.28741, 6.35687 ], [ 2.28777, 6.35678 ], [ 2.28795, 6.35723 ], [ 2.28722, 6.35741 ], [ 2.2874, 6.35813 ], [ 2.28668, 6.35822 ], [ 2.28668, 6.3575 ], [ 2.2865, 6.35813 ], [ 2.28641, 6.35732 ], [ 2.28587, 6.35723 ], [ 2.28623, 6.35668 ], [ 2.28578, 6.35623 ], [ 2.28551, 6.35695 ], [ 2.2855, 6.36139 ], [ 2.28505, 6.36193 ], [ 2.28541, 6.36229 ], [ 2.28586, 6.36193 ], [ 2.28658, 6.3622 ], [ 2.28604, 6.36229 ], [ 2.28622, 6.36283 ], [ 2.28586, 6.36302 ], [ 2.28658, 6.36374 ], [ 2.28712, 6.36365 ], [ 2.28731, 6.36275 ], [ 2.28776, 6.36238 ] ], [ [ 2.29437, 6.35787 ], [ 2.29491, 6.35679 ], [ 2.29446, 6.35688 ], [ 2.29437, 6.35651 ], [ 2.29573, 6.35633 ], [ 2.29591, 6.35724 ], [ 2.2969, 6.35778 ], [ 2.29608, 6.35823 ], [ 2.29608, 6.35869 ], [ 2.29554, 6.35851 ], [ 2.29545, 6.35932 ], [ 2.29482, 6.35905 ], [ 2.29437, 6.35787 ] ], [ [ 2.30088, 6.3567 ], [ 2.29916, 6.35652 ], [ 2.29907, 6.35688 ], [ 2.2988, 6.3567 ], [ 2.29798, 6.35742 ], [ 2.29781, 6.35625 ], [ 2.29916, 6.35616 ], [ 2.29952, 6.35525 ], [ 2.29998, 6.35553 ], [ 2.29979, 6.35625 ], [ 2.30034, 6.35625 ], [ 2.30088, 6.35553 ], [ 2.30151, 6.35553 ], [ 2.30187, 6.35607 ], [ 2.30233, 6.35589 ], [ 2.30233, 6.35616 ], [ 2.30169, 6.35625 ], [ 2.30224, 6.3568 ], [ 2.30251, 6.35661 ], [ 2.30251, 6.35716 ], [ 2.30223, 6.35743 ], [ 2.30169, 6.35716 ], [ 2.30133, 6.35761 ], [ 2.30088, 6.3567 ] ] ], [ [ [ 2.31426, 6.35943 ], [ 2.31462, 6.35953 ], [ 2.31453, 6.3598 ], [ 2.31516, 6.35953 ], [ 2.31607, 6.35953 ], [ 2.31607, 6.35989 ], [ 2.31697, 6.35989 ], [ 2.31742, 6.35953 ], [ 2.31824, 6.35971 ], [ 2.31959, 6.35944 ], [ 2.31987, 6.35845 ], [ 2.3195, 6.35863 ], [ 2.31905, 6.35808 ], [ 2.31842, 6.35835 ], [ 2.31824, 6.35754 ], [ 2.3177, 6.35799 ], [ 2.31697, 6.35799 ], [ 2.31716, 6.35718 ], [ 2.31625, 6.35645 ], [ 2.31589, 6.35672 ], [ 2.31453, 6.35663 ], [ 2.31508, 6.35672 ], [ 2.31453, 6.35681 ], [ 2.31462, 6.35708 ], [ 2.31508, 6.35699 ], [ 2.31499, 6.35736 ], [ 2.31444, 6.35735 ], [ 2.31444, 6.35699 ], [ 2.31291, 6.35717 ], [ 2.31327, 6.35681 ], [ 2.31191, 6.35735 ], [ 2.31146, 6.35789 ], [ 2.31191, 6.35907 ], [ 2.31137, 6.35916 ], [ 2.31137, 6.35952 ], [ 2.31164, 6.35925 ], [ 2.31191, 6.35961 ], [ 2.31182, 6.35997 ], [ 2.31073, 6.35997 ], [ 2.31064, 6.36079 ], [ 2.31173, 6.36034 ], [ 2.31254, 6.36079 ], [ 2.312, 6.36142 ], [ 2.31272, 6.36097 ], [ 2.31353, 6.36097 ], [ 2.31371, 6.36152 ], [ 2.31435, 6.36179 ], [ 2.31489, 6.36152 ], [ 2.31426, 6.35943 ] ], [ [ 2.31498, 6.35799 ], [ 2.31616, 6.35754 ], [ 2.31724, 6.35881 ], [ 2.31679, 6.35917 ], [ 2.31679, 6.35881 ], [ 2.31544, 6.35844 ], [ 2.31516, 6.35926 ], [ 2.31489, 6.35916 ], [ 2.31498, 6.35799 ] ], [ [ 2.312, 6.35817 ], [ 2.3129, 6.35771 ], [ 2.31426, 6.35862 ], [ 2.31399, 6.35898 ], [ 2.31263, 6.35916 ], [ 2.312, 6.35817 ] ] ], [ [ [ 2.28142, 6.36599 ], [ 2.28115, 6.36491 ], [ 2.28161, 6.36382 ], [ 2.28079, 6.36382 ], [ 2.27826, 6.36626 ], [ 2.27934, 6.36672 ], [ 2.27925, 6.3659 ], [ 2.28142, 6.36599 ] ] ], [ [ [ 2.32013, 6.36731 ], [ 2.32013, 6.36623 ], [ 2.31931, 6.36632 ], [ 2.31913, 6.36586 ], [ 2.31968, 6.36559 ], [ 2.31995, 6.36478 ], [ 2.31959, 6.36514 ], [ 2.31868, 6.36478 ], [ 2.31841, 6.36523 ], [ 2.31877, 6.36605 ], [ 2.31805, 6.36604 ], [ 2.31787, 6.36641 ], [ 2.31841, 6.36641 ], [ 2.3185, 6.36758 ], [ 2.31877, 6.36722 ], [ 2.32013, 6.36731 ] ] ], [ [ [ 2.31578, 6.36912 ], [ 2.31515, 6.36884 ], [ 2.31542, 6.36776 ], [ 2.31452, 6.36794 ], [ 2.3147, 6.36857 ], [ 2.31434, 6.36848 ], [ 2.31406, 6.3693 ], [ 2.3147, 6.3702 ], [ 2.31569, 6.36993 ], [ 2.31578, 6.36912 ] ] ], [ [ [ 2.31352, 6.36939 ], [ 2.31144, 6.36929 ], [ 2.31207, 6.36975 ], [ 2.31171, 6.37065 ], [ 2.31316, 6.3702 ], [ 2.31334, 6.37129 ], [ 2.31406, 6.37101 ], [ 2.31352, 6.36939 ] ] ], [ [ [ 2.30258, 6.37272 ], [ 2.30258, 6.37199 ], [ 2.30212, 6.37199 ], [ 2.30249, 6.37145 ], [ 2.30185, 6.37109 ], [ 2.30267, 6.37082 ], [ 2.30258, 6.37055 ], [ 2.30312, 6.37082 ], [ 2.30312, 6.37163 ], [ 2.30421, 6.37136 ], [ 2.30457, 6.37019 ], [ 2.30385, 6.36992 ], [ 2.30412, 6.36983 ], [ 2.30403, 6.36919 ], [ 2.30367, 6.3691 ], [ 2.30339, 6.37001 ], [ 2.30249, 6.37009 ], [ 2.30213, 6.36964 ], [ 2.30231, 6.36856 ], [ 2.30195, 6.36856 ], [ 2.30204, 6.36883 ], [ 2.30159, 6.36901 ], [ 2.30204, 6.36955 ], [ 2.30168, 6.36964 ], [ 2.30167, 6.37046 ], [ 2.3014, 6.37045 ], [ 2.30068, 6.36964 ], [ 2.30068, 6.36855 ], [ 2.30014, 6.36892 ], [ 2.29914, 6.36891 ], [ 2.29905, 6.36837 ], [ 2.2986, 6.36855 ], [ 2.2986, 6.36801 ], [ 2.29815, 6.36792 ], [ 2.29806, 6.36873 ], [ 2.29842, 6.36946 ], [ 2.29824, 6.36991 ], [ 2.29797, 6.36955 ], [ 2.29788, 6.37018 ], [ 2.29824, 6.37 ], [ 2.29842, 6.37054 ], [ 2.29761, 6.37054 ], [ 2.29751, 6.37117 ], [ 2.29932, 6.37127 ], [ 2.29968, 6.37172 ], [ 2.30032, 6.37145 ], [ 2.29995, 6.37172 ], [ 2.30032, 6.3719 ], [ 2.30013, 6.37217 ], [ 2.30041, 6.37235 ], [ 2.30013, 6.37244 ], [ 2.30131, 6.37254 ], [ 2.3014, 6.37281 ], [ 2.30176, 6.37254 ], [ 2.30258, 6.37272 ] ] ], [ [ [ 2.28828, 6.38048 ], [ 2.28764, 6.3803 ], [ 2.28846, 6.37976 ], [ 2.28945, 6.37994 ], [ 2.28973, 6.3794 ], [ 2.29027, 6.37958 ], [ 2.29063, 6.3794 ], [ 2.29072, 6.37876 ], [ 2.28973, 6.37795 ], [ 2.28873, 6.37804 ], [ 2.28855, 6.37713 ], [ 2.28792, 6.37786 ], [ 2.28756, 6.37758 ], [ 2.28738, 6.37804 ], [ 2.28701, 6.37794 ], [ 2.28693, 6.37686 ], [ 2.28611, 6.37631 ], [ 2.28648, 6.37577 ], [ 2.28566, 6.37622 ], [ 2.28512, 6.3755 ], [ 2.28458, 6.37577 ], [ 2.28449, 6.37496 ], [ 2.28485, 6.37459 ], [ 2.28521, 6.37478 ], [ 2.28494, 6.37496 ], [ 2.28584, 6.37514 ], [ 2.2863, 6.37469 ], [ 2.28639, 6.37514 ], [ 2.28747, 6.37541 ], [ 2.28756, 6.37595 ], [ 2.28901, 6.37596 ], [ 2.28982, 6.37505 ], [ 2.29027, 6.37587 ], [ 2.29299, 6.37641 ], [ 2.29344, 6.37542 ], [ 2.29281, 6.37569 ], [ 2.2929, 6.37524 ], [ 2.29308, 6.37551 ], [ 2.29326, 6.37515 ], [ 2.29398, 6.37515 ], [ 2.29434, 6.37443 ], [ 2.29344, 6.3747 ], [ 2.29335, 6.37397 ], [ 2.2938, 6.37379 ], [ 2.29371, 6.37352 ], [ 2.29263, 6.37307 ], [ 2.29245, 6.37261 ], [ 2.29037, 6.37243 ], [ 2.29037, 6.37216 ], [ 2.292, 6.37189 ], [ 2.29182, 6.37098 ], [ 2.29218, 6.3708 ], [ 2.29236, 6.37171 ], [ 2.29299, 6.3718 ], [ 2.29317, 6.37234 ], [ 2.29353, 6.37216 ], [ 2.29371, 6.37253 ], [ 2.2948, 6.37271 ], [ 2.29462, 6.37108 ], [ 2.29354, 6.3709 ], [ 2.29308, 6.37035 ], [ 2.29263, 6.37053 ], [ 2.29254, 6.36981 ], [ 2.2929, 6.37017 ], [ 2.29354, 6.36972 ], [ 2.29426, 6.3699 ], [ 2.29426, 6.36963 ], [ 2.29471, 6.36963 ], [ 2.29453, 6.36999 ], [ 2.29562, 6.3699 ], [ 2.29571, 6.36927 ], [ 2.29652, 6.36873 ], [ 2.29589, 6.36846 ], [ 2.29544, 6.36909 ], [ 2.29498, 6.369 ], [ 2.2948, 6.36837 ], [ 2.29517, 6.36773 ], [ 2.29445, 6.36692 ], [ 2.2949, 6.36583 ], [ 2.29445, 6.36637 ], [ 2.29354, 6.36628 ], [ 2.293, 6.36664 ], [ 2.29264, 6.36637 ], [ 2.29273, 6.36574 ], [ 2.29182, 6.36538 ], [ 2.29155, 6.36619 ], [ 2.29092, 6.3661 ], [ 2.29029, 6.36709 ], [ 2.28974, 6.36691 ], [ 2.28947, 6.36745 ], [ 2.28938, 6.367 ], [ 2.28983, 6.36655 ], [ 2.28947, 6.36619 ], [ 2.29002, 6.3661 ], [ 2.28902, 6.3661 ], [ 2.2892, 6.36591 ], [ 2.28857, 6.36564 ], [ 2.28794, 6.36582 ], [ 2.28793, 6.36646 ], [ 2.28902, 6.36673 ], [ 2.28884, 6.36709 ], [ 2.28784, 6.36691 ], [ 2.28784, 6.36763 ], [ 2.28839, 6.36745 ], [ 2.28866, 6.3679 ], [ 2.28866, 6.36872 ], [ 2.28802, 6.36817 ], [ 2.28757, 6.36826 ], [ 2.28811, 6.36872 ], [ 2.28802, 6.36944 ], [ 2.28766, 6.36899 ], [ 2.28639, 6.3689 ], [ 2.28666, 6.36935 ], [ 2.2863, 6.36953 ], [ 2.2863, 6.36917 ], [ 2.2854, 6.36944 ], [ 2.28531, 6.36862 ], [ 2.28576, 6.36853 ], [ 2.28594, 6.36799 ], [ 2.28549, 6.36681 ], [ 2.28622, 6.36636 ], [ 2.28685, 6.36645 ], [ 2.28694, 6.36582 ], [ 2.28649, 6.36555 ], [ 2.28586, 6.36582 ], [ 2.28559, 6.36528 ], [ 2.28595, 6.36519 ], [ 2.28595, 6.36501 ], [ 2.28513, 6.365 ], [ 2.28531, 6.36546 ], [ 2.28459, 6.36582 ], [ 2.28396, 6.36536 ], [ 2.28396, 6.36609 ], [ 2.28332, 6.36636 ], [ 2.28314, 6.36763 ], [ 2.28224, 6.36826 ], [ 2.28196, 6.36925 ], [ 2.28124, 6.36817 ], [ 2.28097, 6.36835 ], [ 2.28079, 6.36916 ], [ 2.28169, 6.3697 ], [ 2.28359, 6.36953 ], [ 2.28449, 6.36998 ], [ 2.28657, 6.37007 ], [ 2.28757, 6.37035 ], [ 2.28811, 6.37107 ], [ 2.28901, 6.37116 ], [ 2.28847, 6.37198 ], [ 2.28865, 6.37288 ], [ 2.2882, 6.3736 ], [ 2.28774, 6.3736 ], [ 2.28774, 6.37306 ], [ 2.28711, 6.37306 ], [ 2.28711, 6.37378 ], [ 2.28774, 6.37406 ], [ 2.28729, 6.37496 ], [ 2.28612, 6.37396 ], [ 2.28621, 6.3727 ], [ 2.28549, 6.37215 ], [ 2.2854, 6.37116 ], [ 2.28494, 6.37125 ], [ 2.28503, 6.37206 ], [ 2.28458, 6.37188 ], [ 2.28413, 6.37233 ], [ 2.28368, 6.37197 ], [ 2.28259, 6.37197 ], [ 2.2816, 6.3707 ], [ 2.28097, 6.37079 ], [ 2.2816, 6.37233 ], [ 2.28096, 6.3726 ], [ 2.27997, 6.37223 ], [ 2.2806, 6.3716 ], [ 2.28088, 6.37097 ], [ 2.28079, 6.37061 ], [ 2.28015, 6.3716 ], [ 2.27943, 6.37115 ], [ 2.27834, 6.37241 ], [ 2.27798, 6.37196 ], [ 2.27834, 6.37015 ], [ 2.27816, 6.37042 ], [ 2.27798, 6.37006 ], [ 2.27771, 6.37069 ], [ 2.27708, 6.3706 ], [ 2.2778, 6.37087 ], [ 2.2778, 6.37151 ], [ 2.27753, 6.37151 ], [ 2.27608, 6.37015 ], [ 2.27608, 6.36961 ], [ 2.27554, 6.36951 ], [ 2.27599, 6.36897 ], [ 2.27518, 6.36897 ], [ 2.27527, 6.36888 ], [ 2.27518, 6.36861 ], [ 2.27437, 6.36906 ], [ 2.27545, 6.36979 ], [ 2.27581, 6.37096 ], [ 2.27681, 6.3716 ], [ 2.27699, 6.37205 ], [ 2.27671, 6.37232 ], [ 2.27717, 6.37268 ], [ 2.27644, 6.37277 ], [ 2.27608, 6.37187 ], [ 2.27545, 6.37196 ], [ 2.27527, 6.37241 ], [ 2.27572, 6.37259 ], [ 2.27563, 6.37322 ], [ 2.27608, 6.37368 ], [ 2.27662, 6.37341 ], [ 2.2768, 6.37377 ], [ 2.27617, 6.37386 ], [ 2.27671, 6.37404 ], [ 2.2759, 6.37404 ], [ 2.27608, 6.37476 ], [ 2.27572, 6.37476 ], [ 2.27554, 6.37422 ], [ 2.27409, 6.3744 ], [ 2.2749, 6.37503 ], [ 2.2749, 6.37594 ], [ 2.27526, 6.37621 ], [ 2.27499, 6.37802 ], [ 2.27634, 6.37802 ], [ 2.27661, 6.37856 ], [ 2.27716, 6.37847 ], [ 2.27788, 6.37902 ], [ 2.27815, 6.37802 ], [ 2.27906, 6.37793 ], [ 2.27842, 6.37775 ], [ 2.2787, 6.37775 ], [ 2.27942, 6.37621 ], [ 2.27933, 6.37558 ], [ 2.27987, 6.37549 ], [ 2.27942, 6.37531 ], [ 2.27951, 6.37495 ], [ 2.28015, 6.37477 ], [ 2.28033, 6.37414 ], [ 2.28223, 6.37423 ], [ 2.28259, 6.37468 ], [ 2.28349, 6.37423 ], [ 2.28367, 6.37468 ], [ 2.28313, 6.37486 ], [ 2.28331, 6.37504 ], [ 2.28105, 6.37468 ], [ 2.28096, 6.37504 ], [ 2.28141, 6.37513 ], [ 2.28159, 6.37567 ], [ 2.28006, 6.3754 ], [ 2.27987, 6.37658 ], [ 2.28023, 6.37649 ], [ 2.28015, 6.37567 ], [ 2.28051, 6.37549 ], [ 2.28096, 6.37649 ], [ 2.28078, 6.37694 ], [ 2.28177, 6.37767 ], [ 2.28313, 6.37758 ], [ 2.28521, 6.3764 ], [ 2.28557, 6.37668 ], [ 2.28566, 6.37749 ], [ 2.2853, 6.37803 ], [ 2.28584, 6.37821 ], [ 2.28584, 6.37903 ], [ 2.28548, 6.37903 ], [ 2.28538, 6.37957 ], [ 2.28584, 6.37948 ], [ 2.28683, 6.38021 ], [ 2.28719, 6.38102 ], [ 2.28737, 6.3803 ], [ 2.28746, 6.38129 ], [ 2.2871, 6.38129 ], [ 2.2871, 6.38174 ], [ 2.28837, 6.38184 ], [ 2.28828, 6.38048 ] ], [ [ 2.28422, 6.37324 ], [ 2.28485, 6.37333 ], [ 2.2853, 6.37269 ], [ 2.28576, 6.3727 ], [ 2.28566, 6.37351 ], [ 2.28467, 6.37432 ], [ 2.28395, 6.37423 ], [ 2.28422, 6.37324 ] ] ], [ [ [ 2.31179, 6.37861 ], [ 2.31134, 6.37807 ], [ 2.31188, 6.37716 ], [ 2.31134, 6.37689 ], [ 2.31134, 6.37653 ], [ 2.31198, 6.37662 ], [ 2.31179, 6.37689 ], [ 2.31207, 6.37698 ], [ 2.31279, 6.37608 ], [ 2.31342, 6.37617 ], [ 2.31306, 6.37536 ], [ 2.31369, 6.37554 ], [ 2.31306, 6.374 ], [ 2.31361, 6.37391 ], [ 2.31451, 6.37463 ], [ 2.3146, 6.374 ], [ 2.31523, 6.37382 ], [ 2.31515, 6.37246 ], [ 2.31551, 6.37246 ], [ 2.31533, 6.37274 ], [ 2.3156, 6.37292 ], [ 2.31532, 6.37382 ], [ 2.31587, 6.37427 ], [ 2.31677, 6.3731 ], [ 2.31641, 6.37283 ], [ 2.3165, 6.37228 ], [ 2.3156, 6.37183 ], [ 2.3156, 6.37102 ], [ 2.31442, 6.37192 ], [ 2.3137, 6.37201 ], [ 2.31361, 6.37165 ], [ 2.31307, 6.37264 ], [ 2.31153, 6.37137 ], [ 2.31135, 6.37192 ], [ 2.3118, 6.37246 ], [ 2.31099, 6.37264 ], [ 2.31126, 6.37228 ], [ 2.31099, 6.37137 ], [ 2.31017, 6.37119 ], [ 2.31017, 6.37191 ], [ 2.30972, 6.372 ], [ 2.30927, 6.37038 ], [ 2.30864, 6.37056 ], [ 2.30837, 6.36992 ], [ 2.30728, 6.37001 ], [ 2.30728, 6.37082 ], [ 2.30764, 6.37092 ], [ 2.30782, 6.37046 ], [ 2.30846, 6.37137 ], [ 2.30791, 6.37245 ], [ 2.30719, 6.37263 ], [ 2.30674, 6.37236 ], [ 2.30655, 6.37263 ], [ 2.30601, 6.372 ], [ 2.3052, 6.37326 ], [ 2.3042, 6.37335 ], [ 2.30402, 6.3739 ], [ 2.30366, 6.37353 ], [ 2.30366, 6.37281 ], [ 2.30438, 6.37254 ], [ 2.30439, 6.37209 ], [ 2.30321, 6.372 ], [ 2.30285, 6.3738 ], [ 2.3033, 6.37417 ], [ 2.3033, 6.3748 ], [ 2.30348, 6.37417 ], [ 2.30348, 6.37489 ], [ 2.30375, 6.37435 ], [ 2.30465, 6.37426 ], [ 2.30474, 6.3748 ], [ 2.30511, 6.37444 ], [ 2.30583, 6.37453 ], [ 2.30682, 6.37526 ], [ 2.30691, 6.37435 ], [ 2.30737, 6.37435 ], [ 2.30701, 6.37381 ], [ 2.30719, 6.37309 ], [ 2.30845, 6.37345 ], [ 2.30909, 6.37318 ], [ 2.30908, 6.37417 ], [ 2.30818, 6.3739 ], [ 2.30764, 6.37444 ], [ 2.30899, 6.37481 ], [ 2.30908, 6.37526 ], [ 2.31026, 6.37571 ], [ 2.31062, 6.37644 ], [ 2.308, 6.37662 ], [ 2.3079, 6.37806 ], [ 2.30863, 6.37806 ], [ 2.3089, 6.37743 ], [ 2.30908, 6.37797 ], [ 2.30872, 6.37815 ], [ 2.30953, 6.37861 ], [ 2.30944, 6.37797 ], [ 2.30989, 6.37807 ], [ 2.31053, 6.37761 ], [ 2.31053, 6.3787 ], [ 2.31161, 6.37906 ], [ 2.31179, 6.37861 ] ] ], [ [ [ 2.30202, 6.38032 ], [ 2.30338, 6.38032 ], [ 2.3041, 6.38068 ], [ 2.30537, 6.37951 ], [ 2.30501, 6.37869 ], [ 2.30456, 6.3786 ], [ 2.30456, 6.37815 ], [ 2.30483, 6.37842 ], [ 2.30492, 6.37806 ], [ 2.30546, 6.37797 ], [ 2.30555, 6.37933 ], [ 2.30582, 6.37788 ], [ 2.30483, 6.37761 ], [ 2.30465, 6.37797 ], [ 2.30465, 6.37752 ], [ 2.30411, 6.37761 ], [ 2.30384, 6.37688 ], [ 2.30356, 6.37706 ], [ 2.30356, 6.37824 ], [ 2.30293, 6.37806 ], [ 2.30239, 6.37733 ], [ 2.30148, 6.3776 ], [ 2.30175, 6.37815 ], [ 2.30112, 6.37823 ], [ 2.30067, 6.37887 ], [ 2.29995, 6.37814 ], [ 2.2994, 6.37823 ], [ 2.29949, 6.37778 ], [ 2.30022, 6.37787 ], [ 2.30031, 6.3776 ], [ 2.29995, 6.37751 ], [ 2.30013, 6.37679 ], [ 2.29977, 6.37679 ], [ 2.29923, 6.37597 ], [ 2.29823, 6.37669 ], [ 2.29823, 6.37715 ], [ 2.29913, 6.37823 ], [ 2.29796, 6.37805 ], [ 2.29823, 6.37751 ], [ 2.29751, 6.37742 ], [ 2.29751, 6.37714 ], [ 2.29705, 6.37714 ], [ 2.29714, 6.37778 ], [ 2.29669, 6.37751 ], [ 2.29615, 6.37778 ], [ 2.29696, 6.37922 ], [ 2.29587, 6.38022 ], [ 2.29732, 6.38067 ], [ 2.29723, 6.3804 ], [ 2.29877, 6.38004 ], [ 2.29868, 6.37977 ], [ 2.29768, 6.37977 ], [ 2.29759, 6.37868 ], [ 2.29814, 6.37841 ], [ 2.29832, 6.37905 ], [ 2.29877, 6.37905 ], [ 2.29922, 6.3785 ], [ 2.29994, 6.37932 ], [ 2.29958, 6.37968 ], [ 2.29913, 6.37959 ], [ 2.29913, 6.38004 ], [ 2.30076, 6.38013 ], [ 2.30067, 6.38077 ], [ 2.30103, 6.38095 ], [ 2.30175, 6.38077 ], [ 2.30202, 6.38032 ] ] ], [ [ [ 2.30899, 6.37996 ], [ 2.31007, 6.37997 ], [ 2.31043, 6.37933 ], [ 2.30998, 6.37888 ], [ 2.30962, 6.37933 ], [ 2.30881, 6.37951 ], [ 2.30835, 6.37951 ], [ 2.30845, 6.37888 ], [ 2.30799, 6.37942 ], [ 2.30727, 6.37924 ], [ 2.30718, 6.38078 ], [ 2.30808, 6.38069 ], [ 2.30899, 6.37996 ] ] ], [ [ [ 2.27913, 6.38997 ], [ 2.27931, 6.39024 ], [ 2.27958, 6.38997 ], [ 2.27958, 6.39078 ], [ 2.28012, 6.39069 ], [ 2.28013, 6.38997 ], [ 2.27967, 6.38979 ], [ 2.28013, 6.38961 ], [ 2.28013, 6.38761 ], [ 2.28076, 6.38762 ], [ 2.28076, 6.38581 ], [ 2.28058, 6.38472 ], [ 2.28022, 6.38472 ], [ 2.28004, 6.38427 ], [ 2.28095, 6.38463 ], [ 2.28131, 6.38445 ], [ 2.28041, 6.38382 ], [ 2.28095, 6.38354 ], [ 2.28059, 6.383 ], [ 2.28122, 6.38273 ], [ 2.28113, 6.38219 ], [ 2.28086, 6.38264 ], [ 2.27959, 6.383 ], [ 2.27869, 6.38146 ], [ 2.27914, 6.38119 ], [ 2.27842, 6.38119 ], [ 2.2777, 6.38037 ], [ 2.27743, 6.38055 ], [ 2.27761, 6.38019 ], [ 2.27715, 6.38019 ], [ 2.27652, 6.37938 ], [ 2.27607, 6.37983 ], [ 2.27444, 6.37956 ], [ 2.27408, 6.38001 ], [ 2.27318, 6.37992 ], [ 2.27281, 6.38073 ], [ 2.27209, 6.38019 ], [ 2.27173, 6.38064 ], [ 2.27091, 6.38045 ], [ 2.27082, 6.38091 ], [ 2.26965, 6.381 ], [ 2.26919, 6.38154 ], [ 2.26702, 6.38135 ], [ 2.2672, 6.38226 ], [ 2.26784, 6.38253 ], [ 2.2682, 6.38199 ], [ 2.26838, 6.38208 ], [ 2.26802, 6.38253 ], [ 2.2682, 6.3828 ], [ 2.26892, 6.38208 ], [ 2.26965, 6.38244 ], [ 2.26965, 6.38281 ], [ 2.2701, 6.38281 ], [ 2.26974, 6.38181 ], [ 2.27019, 6.38145 ], [ 2.27064, 6.38281 ], [ 2.27182, 6.38317 ], [ 2.27181, 6.3838 ], [ 2.27218, 6.38362 ], [ 2.27344, 6.38426 ], [ 2.27299, 6.38507 ], [ 2.27172, 6.38543 ], [ 2.27181, 6.38679 ], [ 2.27109, 6.38688 ], [ 2.27081, 6.38932 ], [ 2.27126, 6.38887 ], [ 2.2719, 6.38914 ], [ 2.2719, 6.38851 ], [ 2.2728, 6.38851 ], [ 2.27307, 6.38878 ], [ 2.27208, 6.38923 ], [ 2.27199, 6.38977 ], [ 2.27253, 6.38968 ], [ 2.27334, 6.39014 ], [ 2.27307, 6.38969 ], [ 2.27335, 6.38824 ], [ 2.27416, 6.38815 ], [ 2.27416, 6.38878 ], [ 2.27488, 6.38869 ], [ 2.27452, 6.38987 ], [ 2.27497, 6.38924 ], [ 2.27533, 6.38933 ], [ 2.27515, 6.3905 ], [ 2.27569, 6.39059 ], [ 2.27624, 6.38978 ], [ 2.27642, 6.39078 ], [ 2.27813, 6.39087 ], [ 2.2784, 6.3915 ], [ 2.27913, 6.38997 ] ], [ [ 2.2785, 6.3858 ], [ 2.27814, 6.3858 ], [ 2.27814, 6.38635 ], [ 2.27651, 6.38634 ], [ 2.27624, 6.38589 ], [ 2.27525, 6.3858 ], [ 2.27516, 6.38507 ], [ 2.27561, 6.38471 ], [ 2.27543, 6.38408 ], [ 2.27579, 6.38399 ], [ 2.27688, 6.38481 ], [ 2.27679, 6.38589 ], [ 2.27715, 6.38598 ], [ 2.27724, 6.38517 ], [ 2.27697, 6.38499 ], [ 2.27688, 6.38444 ], [ 2.27769, 6.38499 ], [ 2.27778, 6.38454 ], [ 2.27814, 6.38481 ], [ 2.27869, 6.38454 ], [ 2.27832, 6.38408 ], [ 2.27959, 6.3839 ], [ 2.2795, 6.38463 ], [ 2.2804, 6.38635 ], [ 2.28022, 6.38671 ], [ 2.27986, 6.38671 ], [ 2.27959, 6.38617 ], [ 2.27923, 6.38671 ], [ 2.27841, 6.38644 ], [ 2.2785, 6.3858 ] ] ], [ [ [ 2.31485, 6.38965 ], [ 2.3144, 6.38938 ], [ 2.31449, 6.3882 ], [ 2.31395, 6.38802 ], [ 2.31395, 6.38748 ], [ 2.3135, 6.38847 ], [ 2.31151, 6.38856 ], [ 2.31151, 6.38892 ], [ 2.31223, 6.38893 ], [ 2.3125, 6.38956 ], [ 2.31368, 6.38902 ], [ 2.31295, 6.39028 ], [ 2.31395, 6.39056 ], [ 2.31386, 6.3911 ], [ 2.31449, 6.39074 ], [ 2.31485, 6.38965 ] ] ], [ [ [ 2.35011, 6.39811 ], [ 2.35138, 6.39811 ], [ 2.35246, 6.39893 ], [ 2.35336, 6.39893 ], [ 2.35336, 6.39866 ], [ 2.35228, 6.39866 ], [ 2.35246, 6.39802 ], [ 2.35174, 6.39757 ], [ 2.35183, 6.39703 ], [ 2.35147, 6.39685 ], [ 2.35219, 6.39567 ], [ 2.35274, 6.39549 ], [ 2.3531, 6.39594 ], [ 2.35302, 6.3869 ], [ 2.34922, 6.3868 ], [ 2.34922, 6.38653 ], [ 2.34994, 6.38635 ], [ 2.34985, 6.38599 ], [ 2.35022, 6.38599 ], [ 2.35067, 6.38671 ], [ 2.35094, 6.38653 ], [ 2.35058, 6.38563 ], [ 2.3494, 6.38508 ], [ 2.34949, 6.38463 ], [ 2.35076, 6.38499 ], [ 2.3513, 6.385 ], [ 2.35139, 6.38481 ], [ 2.34986, 6.38463 ], [ 2.35058, 6.38409 ], [ 2.34995, 6.38364 ], [ 2.34931, 6.384 ], [ 2.34678, 6.3839 ], [ 2.34669, 6.38327 ], [ 2.34715, 6.38264 ], [ 2.34787, 6.38246 ], [ 2.34769, 6.38191 ], [ 2.3457, 6.38282 ], [ 2.34398, 6.38263 ], [ 2.34407, 6.38309 ], [ 2.34488, 6.38354 ], [ 2.34488, 6.38399 ], [ 2.34552, 6.38408 ], [ 2.34597, 6.38463 ], [ 2.34524, 6.38481 ], [ 2.3456, 6.38553 ], [ 2.34389, 6.38571 ], [ 2.34398, 6.38616 ], [ 2.34307, 6.38688 ], [ 2.34334, 6.38526 ], [ 2.34235, 6.38471 ], [ 2.34217, 6.38426 ], [ 2.34253, 6.38372 ], [ 2.3419, 6.38345 ], [ 2.3419, 6.3839 ], [ 2.34154, 6.38363 ], [ 2.34099, 6.38399 ], [ 2.34126, 6.38471 ], [ 2.34072, 6.38462 ], [ 2.34018, 6.38362 ], [ 2.33964, 6.38344 ], [ 2.33946, 6.38254 ], [ 2.33855, 6.38263 ], [ 2.33892, 6.38163 ], [ 2.33856, 6.38127 ], [ 2.33783, 6.38127 ], [ 2.33783, 6.38172 ], [ 2.33738, 6.38181 ], [ 2.33774, 6.38317 ], [ 2.33729, 6.38353 ], [ 2.33747, 6.38434 ], [ 2.3371, 6.38443 ], [ 2.3371, 6.38489 ], [ 2.33738, 6.38525 ], [ 2.33864, 6.38525 ], [ 2.33755, 6.38615 ], [ 2.33774, 6.3867 ], [ 2.33846, 6.38661 ], [ 2.33846, 6.38941 ], [ 2.338, 6.38923 ], [ 2.338, 6.38878 ], [ 2.33746, 6.38905 ], [ 2.33755, 6.3886 ], [ 2.33701, 6.3886 ], [ 2.33683, 6.38796 ], [ 2.33601, 6.38859 ], [ 2.33574, 6.38941 ], [ 2.33547, 6.38923 ], [ 2.33583, 6.38868 ], [ 2.33393, 6.38904 ], [ 2.33429, 6.38959 ], [ 2.33375, 6.38968 ], [ 2.33384, 6.39004 ], [ 2.33448, 6.39013 ], [ 2.33393, 6.39049 ], [ 2.33402, 6.39076 ], [ 2.33466, 6.39085 ], [ 2.33466, 6.3904 ], [ 2.33529, 6.3904 ], [ 2.33502, 6.39095 ], [ 2.33538, 6.39095 ], [ 2.33538, 6.3904 ], [ 2.33592, 6.3904 ], [ 2.33619, 6.39113 ], [ 2.3342, 6.39167 ], [ 2.33221, 6.39049 ], [ 2.33167, 6.39121 ], [ 2.33221, 6.39176 ], [ 2.33221, 6.39239 ], [ 2.33303, 6.39257 ], [ 2.33275, 6.39311 ], [ 2.33194, 6.39302 ], [ 2.33176, 6.39239 ], [ 2.3314, 6.3923 ], [ 2.33122, 6.3913 ], [ 2.33086, 6.39121 ], [ 2.33122, 6.39094 ], [ 2.33095, 6.39058 ], [ 2.33203, 6.38995 ], [ 2.33249, 6.39049 ], [ 2.3333, 6.39049 ], [ 2.33339, 6.38977 ], [ 2.33384, 6.38941 ], [ 2.33348, 6.38886 ], [ 2.33384, 6.38886 ], [ 2.33394, 6.3876 ], [ 2.33511, 6.38796 ], [ 2.3352, 6.38742 ], [ 2.33565, 6.38733 ], [ 2.33493, 6.38678 ], [ 2.33394, 6.38678 ], [ 2.33321, 6.38633 ], [ 2.33222, 6.38669 ], [ 2.33159, 6.38615 ], [ 2.33131, 6.38633 ], [ 2.33068, 6.38497 ], [ 2.33023, 6.38497 ], [ 2.33023, 6.38587 ], [ 2.32969, 6.38533 ], [ 2.32815, 6.38551 ], [ 2.32734, 6.38515 ], [ 2.32697, 6.38596 ], [ 2.32571, 6.38532 ], [ 2.3258, 6.38605 ], [ 2.32489, 6.38623 ], [ 2.32462, 6.38677 ], [ 2.32426, 6.38632 ], [ 2.32462, 6.38568 ], [ 2.32408, 6.38568 ], [ 2.32435, 6.3846 ], [ 2.32381, 6.38478 ], [ 2.32345, 6.38541 ], [ 2.323, 6.38532 ], [ 2.32354, 6.38595 ], [ 2.32345, 6.38659 ], [ 2.3239, 6.38749 ], [ 2.32354, 6.38776 ], [ 2.32345, 6.38749 ], [ 2.32299, 6.38758 ], [ 2.32308, 6.3884 ], [ 2.32227, 6.38876 ], [ 2.32191, 6.3893 ], [ 2.32209, 6.38975 ], [ 2.32136, 6.38912 ], [ 2.32109, 6.38957 ], [ 2.3201, 6.38975 ], [ 2.32019, 6.38894 ], [ 2.32073, 6.38876 ], [ 2.32082, 6.3883 ], [ 2.32046, 6.38785 ], [ 2.32037, 6.38821 ], [ 2.31974, 6.38839 ], [ 2.31956, 6.38667 ], [ 2.31937, 6.38848 ], [ 2.31983, 6.38857 ], [ 2.31983, 6.38894 ], [ 2.31955, 6.38948 ], [ 2.31892, 6.38948 ], [ 2.31865, 6.38984 ], [ 2.31946, 6.38993 ], [ 2.31946, 6.39065 ], [ 2.31901, 6.39047 ], [ 2.31874, 6.39092 ], [ 2.3182, 6.39065 ], [ 2.31783, 6.39101 ], [ 2.31775, 6.38993 ], [ 2.31738, 6.38993 ], [ 2.31711, 6.39146 ], [ 2.31666, 6.39137 ], [ 2.31684, 6.39074 ], [ 2.31639, 6.3911 ], [ 2.31566, 6.39092 ], [ 2.31575, 6.39119 ], [ 2.31512, 6.3911 ], [ 2.31512, 6.39219 ], [ 2.31485, 6.39219 ], [ 2.31422, 6.39155 ], [ 2.31349, 6.39146 ], [ 2.31349, 6.3911 ], [ 2.31277, 6.39164 ], [ 2.31268, 6.39037 ], [ 2.31205, 6.39028 ], [ 2.31232, 6.39101 ], [ 2.31159, 6.39101 ], [ 2.31132, 6.39164 ], [ 2.31078, 6.39155 ], [ 2.31051, 6.39191 ], [ 2.31078, 6.39227 ], [ 2.30879, 6.39263 ], [ 2.30743, 6.39227 ], [ 2.30779, 6.39227 ], [ 2.30807, 6.39136 ], [ 2.30789, 6.39019 ], [ 2.30852, 6.38973 ], [ 2.30934, 6.38992 ], [ 2.30879, 6.38955 ], [ 2.30897, 6.3891 ], [ 2.30816, 6.38883 ], [ 2.30771, 6.38964 ], [ 2.30744, 6.38928 ], [ 2.30698, 6.39018 ], [ 2.30617, 6.39036 ], [ 2.30653, 6.38937 ], [ 2.30599, 6.38955 ], [ 2.30563, 6.38919 ], [ 2.30554, 6.38973 ], [ 2.30499, 6.39009 ], [ 2.30409, 6.38964 ], [ 2.30409, 6.38928 ], [ 2.30346, 6.38955 ], [ 2.30364, 6.38873 ], [ 2.30454, 6.38901 ], [ 2.30509, 6.38873 ], [ 2.30554, 6.3891 ], [ 2.30563, 6.38792 ], [ 2.30482, 6.38819 ], [ 2.30482, 6.38855 ], [ 2.30337, 6.38855 ], [ 2.30255, 6.38909 ], [ 2.30183, 6.38882 ], [ 2.30075, 6.3881 ], [ 2.30084, 6.38764 ], [ 2.30237, 6.38783 ], [ 2.30256, 6.38665 ], [ 2.30129, 6.38656 ], [ 2.3012, 6.3862 ], [ 2.30102, 6.38665 ], [ 2.30066, 6.38656 ], [ 2.30066, 6.38701 ], [ 2.29993, 6.38728 ], [ 2.29876, 6.38565 ], [ 2.29795, 6.38538 ], [ 2.29786, 6.38493 ], [ 2.2984, 6.38429 ], [ 2.29885, 6.38456 ], [ 2.29949, 6.38366 ], [ 2.29903, 6.38393 ], [ 2.29858, 6.38366 ], [ 2.29831, 6.38411 ], [ 2.29786, 6.38411 ], [ 2.29723, 6.3833 ], [ 2.29668, 6.38348 ], [ 2.29641, 6.38266 ], [ 2.29687, 6.38239 ], [ 2.29687, 6.38185 ], [ 2.29596, 6.38148 ], [ 2.29596, 6.38076 ], [ 2.29443, 6.37994 ], [ 2.29434, 6.3794 ], [ 2.29271, 6.3794 ], [ 2.29217, 6.38021 ], [ 2.2909, 6.3803 ], [ 2.2909, 6.38084 ], [ 2.28981, 6.38084 ], [ 2.28936, 6.38039 ], [ 2.28882, 6.38093 ], [ 2.28909, 6.38148 ], [ 2.28882, 6.38184 ], [ 2.28909, 6.38256 ], [ 2.28882, 6.38265 ], [ 2.28927, 6.38319 ], [ 2.29062, 6.38311 ], [ 2.29071, 6.38338 ], [ 2.28972, 6.38356 ], [ 2.28963, 6.38392 ], [ 2.289, 6.38347 ], [ 2.28791, 6.38446 ], [ 2.28755, 6.3841 ], [ 2.28755, 6.38473 ], [ 2.2871, 6.38464 ], [ 2.28737, 6.38491 ], [ 2.28637, 6.3859 ], [ 2.28691, 6.3869 ], [ 2.28583, 6.38708 ], [ 2.28573, 6.38826 ], [ 2.28483, 6.38916 ], [ 2.28528, 6.3897 ], [ 2.28438, 6.38961 ], [ 2.28383, 6.39015 ], [ 2.28392, 6.39052 ], [ 2.28465, 6.39034 ], [ 2.28546, 6.3907 ], [ 2.28519, 6.39133 ], [ 2.28465, 6.39097 ], [ 2.28419, 6.39115 ], [ 2.28428, 6.39151 ], [ 2.2851, 6.39169 ], [ 2.28546, 6.39215 ], [ 2.28618, 6.39224 ], [ 2.28654, 6.39179 ], [ 2.28727, 6.39206 ], [ 2.28853, 6.39179 ], [ 2.29124, 6.39261 ], [ 2.29206, 6.39324 ], [ 2.2917, 6.3936 ], [ 2.29224, 6.39378 ], [ 2.29224, 6.39433 ], [ 2.29314, 6.39369 ], [ 2.29359, 6.39397 ], [ 2.29414, 6.39324 ], [ 2.29577, 6.39325 ], [ 2.29531, 6.3937 ], [ 2.2964, 6.39451 ], [ 2.29613, 6.39307 ], [ 2.29667, 6.39298 ], [ 2.29649, 6.39225 ], [ 2.29685, 6.39216 ], [ 2.29748, 6.39623 ], [ 2.29811, 6.39642 ], [ 2.29838, 6.39596 ], [ 2.2982, 6.39678 ], [ 2.29856, 6.39678 ], [ 2.29848, 6.3956 ], [ 2.29875, 6.39542 ], [ 2.29929, 6.39551 ], [ 2.29938, 6.39624 ], [ 2.29974, 6.39624 ], [ 2.29956, 6.39506 ], [ 2.29983, 6.3947 ], [ 2.30029, 6.3947 ], [ 2.30028, 6.39615 ], [ 2.30083, 6.39615 ], [ 2.30146, 6.39533 ], [ 2.30191, 6.39561 ], [ 2.30191, 6.39624 ], [ 2.30236, 6.39534 ], [ 2.30399, 6.39534 ], [ 2.30381, 6.39389 ], [ 2.30454, 6.39389 ], [ 2.30535, 6.39462 ], [ 2.30634, 6.39435 ], [ 2.30653, 6.3948 ], [ 2.30725, 6.39417 ], [ 2.30924, 6.3939 ], [ 2.30987, 6.3939 ], [ 2.30987, 6.39426 ], [ 2.31005, 6.3939 ], [ 2.3105, 6.39417 ], [ 2.31087, 6.39381 ], [ 2.31114, 6.39426 ], [ 2.31231, 6.39408 ], [ 2.31231, 6.39481 ], [ 2.31259, 6.39408 ], [ 2.31476, 6.39399 ], [ 2.31403, 6.39454 ], [ 2.31412, 6.39499 ], [ 2.31539, 6.39535 ], [ 2.31638, 6.39454 ], [ 2.31683, 6.3949 ], [ 2.31674, 6.39572 ], [ 2.31819, 6.39563 ], [ 2.31846, 6.39454 ], [ 2.31882, 6.39436 ], [ 2.3191, 6.39491 ], [ 2.31946, 6.39491 ], [ 2.31946, 6.39418 ], [ 2.32018, 6.39436 ], [ 2.32036, 6.39527 ], [ 2.32063, 6.39518 ], [ 2.32054, 6.39455 ], [ 2.32136, 6.39446 ], [ 2.3219, 6.39482 ], [ 2.32208, 6.39419 ], [ 2.32262, 6.39419 ], [ 2.32289, 6.395 ], [ 2.32325, 6.39509 ], [ 2.32407, 6.39473 ], [ 2.32389, 6.39419 ], [ 2.32407, 6.39292 ], [ 2.32452, 6.39247 ], [ 2.32434, 6.39193 ], [ 2.32507, 6.39202 ], [ 2.32579, 6.3913 ], [ 2.32615, 6.3913 ], [ 2.32597, 6.39184 ], [ 2.32678, 6.39265 ], [ 2.32687, 6.39365 ], [ 2.32715, 6.39374 ], [ 2.32615, 6.39374 ], [ 2.32588, 6.39428 ], [ 2.32814, 6.39465 ], [ 2.32814, 6.39537 ], [ 2.32904, 6.39501 ], [ 2.32913, 6.39465 ], [ 2.3304, 6.39483 ], [ 2.33194, 6.3942 ], [ 2.33338, 6.3942 ], [ 2.33348, 6.39348 ], [ 2.33429, 6.39366 ], [ 2.33456, 6.3933 ], [ 2.33465, 6.39303 ], [ 2.33429, 6.39293 ], [ 2.33456, 6.39248 ], [ 2.33538, 6.39257 ], [ 2.33601, 6.39321 ], [ 2.3361, 6.39357 ], [ 2.33565, 6.39366 ], [ 2.33601, 6.39538 ], [ 2.33709, 6.39402 ], [ 2.33809, 6.39412 ], [ 2.33827, 6.39384 ], [ 2.33863, 6.39412 ], [ 2.33818, 6.3943 ], [ 2.33836, 6.39484 ], [ 2.34062, 6.39385 ], [ 2.34098, 6.39403 ], [ 2.34098, 6.39457 ], [ 2.34152, 6.39439 ], [ 2.34134, 6.39385 ], [ 2.34225, 6.39385 ], [ 2.34451, 6.39512 ], [ 2.34451, 6.39467 ], [ 2.34605, 6.39449 ], [ 2.34614, 6.39422 ], [ 2.34695, 6.3953 ], [ 2.34677, 6.39548 ], [ 2.34758, 6.39594 ], [ 2.34704, 6.39657 ], [ 2.34812, 6.39657 ], [ 2.3483, 6.3972 ], [ 2.34866, 6.3973 ], [ 2.3483, 6.39829 ], [ 2.34812, 6.39811 ], [ 2.34785, 6.39847 ], [ 2.34749, 6.39847 ], [ 2.34731, 6.39757 ], [ 2.34649, 6.39829 ], [ 2.34631, 6.39729 ], [ 2.34523, 6.39738 ], [ 2.34523, 6.39783 ], [ 2.34568, 6.39765 ], [ 2.34577, 6.3982 ], [ 2.34604, 6.39802 ], [ 2.3464, 6.39874 ], [ 2.34622, 6.39919 ], [ 2.34658, 6.39937 ], [ 2.34685, 6.39865 ], [ 2.3474, 6.3991 ], [ 2.34839, 6.3991 ], [ 2.34884, 6.39874 ], [ 2.34866, 6.39838 ], [ 2.34902, 6.39856 ], [ 2.34939, 6.3982 ], [ 2.34993, 6.39847 ], [ 2.34975, 6.39911 ], [ 2.35029, 6.39929 ], [ 2.35011, 6.39974 ], [ 2.35056, 6.39974 ], [ 2.35065, 6.3992 ], [ 2.35011, 6.39811 ] ], [ [ 2.34948, 6.39304 ], [ 2.34849, 6.39331 ], [ 2.34822, 6.39268 ], [ 2.34867, 6.39214 ], [ 2.34985, 6.39205 ], [ 2.3503, 6.39151 ], [ 2.35084, 6.3916 ], [ 2.35148, 6.39115 ], [ 2.35157, 6.38988 ], [ 2.35211, 6.39051 ], [ 2.35166, 6.3916 ], [ 2.35093, 6.39178 ], [ 2.35093, 6.39214 ], [ 2.35147, 6.39196 ], [ 2.35174, 6.39314 ], [ 2.35138, 6.39314 ], [ 2.35138, 6.39377 ], [ 2.35093, 6.39404 ], [ 2.34993, 6.39368 ], [ 2.34948, 6.39304 ] ], [ [ 2.31847, 6.39255 ], [ 2.31883, 6.39255 ], [ 2.31883, 6.39201 ], [ 2.31982, 6.39084 ], [ 2.31955, 6.39056 ], [ 2.32299, 6.39111 ], [ 2.32308, 6.39156 ], [ 2.32245, 6.39174 ], [ 2.32217, 6.39229 ], [ 2.32181, 6.39201 ], [ 2.32136, 6.39219 ], [ 2.32226, 6.39256 ], [ 2.32235, 6.3931 ], [ 2.32163, 6.39319 ], [ 2.321, 6.39283 ], [ 2.32091, 6.39328 ], [ 2.31964, 6.39373 ], [ 2.31847, 6.39255 ] ], [ [ 2.30535, 6.39217 ], [ 2.30427, 6.3919 ], [ 2.30409, 6.39235 ], [ 2.30354, 6.39244 ], [ 2.30354, 6.39317 ], [ 2.30345, 6.39289 ], [ 2.30309, 6.39316 ], [ 2.30273, 6.39235 ], [ 2.30155, 6.39244 ], [ 2.30083, 6.39135 ], [ 2.30047, 6.39135 ], [ 2.30092, 6.39126 ], [ 2.30147, 6.39162 ], [ 2.30074, 6.39036 ], [ 2.30156, 6.39054 ], [ 2.3021, 6.39208 ], [ 2.30273, 6.39208 ], [ 2.30282, 6.39154 ], [ 2.30346, 6.39118 ], [ 2.30318, 6.39072 ], [ 2.30563, 6.39091 ], [ 2.30581, 6.39154 ], [ 2.30626, 6.39154 ], [ 2.30617, 6.39263 ], [ 2.30499, 6.39326 ], [ 2.3049, 6.39253 ], [ 2.30535, 6.39217 ] ], [ [ 2.34551, 6.39159 ], [ 2.34641, 6.39087 ], [ 2.34596, 6.3906 ], [ 2.34605, 6.39033 ], [ 2.34713, 6.39105 ], [ 2.34713, 6.39159 ], [ 2.34641, 6.39168 ], [ 2.34614, 6.3925 ], [ 2.34641, 6.39304 ], [ 2.34596, 6.39304 ], [ 2.34551, 6.39159 ] ], [ [ 2.29052, 6.3917 ], [ 2.29034, 6.39116 ], [ 2.29134, 6.39098 ], [ 2.29143, 6.39125 ], [ 2.29215, 6.39125 ], [ 2.29215, 6.39071 ], [ 2.29152, 6.39071 ], [ 2.29025, 6.38971 ], [ 2.28908, 6.39043 ], [ 2.28881, 6.38889 ], [ 2.28845, 6.38853 ], [ 2.28772, 6.3888 ], [ 2.28736, 6.38762 ], [ 2.28773, 6.38726 ], [ 2.28755, 6.38654 ], [ 2.28818, 6.38618 ], [ 2.28809, 6.38564 ], [ 2.28872, 6.38582 ], [ 2.28818, 6.38654 ], [ 2.28917, 6.38645 ], [ 2.28899, 6.38699 ], [ 2.28953, 6.38736 ], [ 2.28935, 6.38763 ], [ 2.28872, 6.38726 ], [ 2.28863, 6.38772 ], [ 2.28899, 6.3888 ], [ 2.28962, 6.38899 ], [ 2.28962, 6.3898 ], [ 2.29071, 6.38935 ], [ 2.2917, 6.38944 ], [ 2.29215, 6.38854 ], [ 2.29342, 6.38908 ], [ 2.29333, 6.39089 ], [ 2.2926, 6.39152 ], [ 2.29269, 6.39216 ], [ 2.29233, 6.39234 ], [ 2.29152, 6.39161 ], [ 2.29052, 6.3917 ] ], [ [ 2.34071, 6.39141 ], [ 2.34126, 6.3915 ], [ 2.34117, 6.39095 ], [ 2.34171, 6.39104 ], [ 2.34216, 6.39068 ], [ 2.34307, 6.39096 ], [ 2.34252, 6.39114 ], [ 2.34297, 6.39132 ], [ 2.34297, 6.39195 ], [ 2.34225, 6.39195 ], [ 2.34216, 6.39222 ], [ 2.34098, 6.39195 ], [ 2.34071, 6.39141 ] ], [ [ 2.29387, 6.38908 ], [ 2.29423, 6.38899 ], [ 2.29469, 6.38953 ], [ 2.2955, 6.38827 ], [ 2.29523, 6.38791 ], [ 2.29622, 6.38809 ], [ 2.29641, 6.38782 ], [ 2.29623, 6.38718 ], [ 2.29523, 6.38646 ], [ 2.29559, 6.38592 ], [ 2.29605, 6.38664 ], [ 2.29677, 6.38682 ], [ 2.29695, 6.38737 ], [ 2.29776, 6.38728 ], [ 2.29776, 6.38773 ], [ 2.29713, 6.388 ], [ 2.29704, 6.3889 ], [ 2.29586, 6.38881 ], [ 2.29586, 6.39026 ], [ 2.29622, 6.39098 ], [ 2.29468, 6.39062 ], [ 2.29387, 6.38908 ] ], [ [ 2.32896, 6.39021 ], [ 2.32941, 6.39012 ], [ 2.32941, 6.3894 ], [ 2.32896, 6.38922 ], [ 2.3286, 6.38949 ], [ 2.3286, 6.38858 ], [ 2.32679, 6.38795 ], [ 2.32679, 6.38714 ], [ 2.32824, 6.38696 ], [ 2.32878, 6.3875 ], [ 2.32869, 6.38705 ], [ 2.32942, 6.38687 ], [ 2.32968, 6.38795 ], [ 2.32905, 6.3884 ], [ 2.32905, 6.38886 ], [ 2.32996, 6.38868 ], [ 2.33041, 6.38795 ], [ 2.33149, 6.38814 ], [ 2.33059, 6.3885 ], [ 2.33086, 6.38904 ], [ 2.33004, 6.38967 ], [ 2.3305, 6.39013 ], [ 2.33022, 6.39076 ], [ 2.32986, 6.39103 ], [ 2.32896, 6.39021 ] ], [ [ 2.33981, 6.38878 ], [ 2.33918, 6.38905 ], [ 2.33909, 6.38959 ], [ 2.33882, 6.38959 ], [ 2.33873, 6.38887 ], [ 2.33999, 6.38815 ], [ 2.34081, 6.38842 ], [ 2.34063, 6.38797 ], [ 2.34099, 6.38788 ], [ 2.34198, 6.3886 ], [ 2.34171, 6.38951 ], [ 2.34207, 6.38987 ], [ 2.34126, 6.39041 ], [ 2.34026, 6.39005 ], [ 2.33981, 6.38878 ] ], [ [ 2.3456, 6.38752 ], [ 2.34678, 6.3877 ], [ 2.34732, 6.38716 ], [ 2.34813, 6.38789 ], [ 2.34895, 6.38789 ], [ 2.34641, 6.38879 ], [ 2.34578, 6.38825 ], [ 2.3456, 6.38752 ] ], [ [ 2.29261, 6.38646 ], [ 2.29324, 6.38646 ], [ 2.29361, 6.38564 ], [ 2.29415, 6.3861 ], [ 2.29451, 6.38537 ], [ 2.29469, 6.38592 ], [ 2.29406, 6.38637 ], [ 2.29415, 6.38682 ], [ 2.29388, 6.38655 ], [ 2.29288, 6.38718 ], [ 2.29288, 6.38818 ], [ 2.29234, 6.38808 ], [ 2.29261, 6.38646 ] ], [ [ 2.29316, 6.3822 ], [ 2.29271, 6.38157 ], [ 2.29298, 6.38166 ], [ 2.29316, 6.38103 ], [ 2.29397, 6.38058 ], [ 2.29452, 6.38112 ], [ 2.29452, 6.38175 ], [ 2.29497, 6.38185 ], [ 2.29497, 6.3823 ], [ 2.29397, 6.38284 ], [ 2.29397, 6.38347 ], [ 2.29424, 6.38365 ], [ 2.2946, 6.38275 ], [ 2.29515, 6.38275 ], [ 2.29515, 6.38356 ], [ 2.29469, 6.38356 ], [ 2.29451, 6.38411 ], [ 2.29487, 6.38492 ], [ 2.29406, 6.38483 ], [ 2.29397, 6.38519 ], [ 2.29361, 6.38474 ], [ 2.29316, 6.3822 ] ], [ [ 2.29153, 6.38175 ], [ 2.29099, 6.38148 ], [ 2.29217, 6.38048 ], [ 2.29217, 6.38103 ], [ 2.29171, 6.38112 ], [ 2.29262, 6.3813 ], [ 2.29262, 6.38238 ], [ 2.29198, 6.38247 ], [ 2.29153, 6.38175 ] ] ], [ [ [ 2.31087, 6.39146 ], [ 2.31114, 6.39091 ], [ 2.30897, 6.39082 ], [ 2.3087, 6.39055 ], [ 2.30816, 6.39109 ], [ 2.3096, 6.39209 ], [ 2.31015, 6.39191 ], [ 2.31024, 6.39118 ], [ 2.31087, 6.39146 ] ] ], [ [ [ 2.27307, 6.39457 ], [ 2.27289, 6.39394 ], [ 2.27261, 6.39358 ], [ 2.27207, 6.39366 ], [ 2.27153, 6.39294 ], [ 2.27117, 6.39403 ], [ 2.27198, 6.3943 ], [ 2.27198, 6.39484 ], [ 2.27261, 6.39547 ], [ 2.27252, 6.39484 ], [ 2.27307, 6.39457 ] ] ], [ [ [ 2.28147, 6.39965 ], [ 2.28174, 6.39874 ], [ 2.28192, 6.3992 ], [ 2.2821, 6.39875 ], [ 2.28228, 6.39983 ], [ 2.28301, 6.39902 ], [ 2.28255, 6.39911 ], [ 2.28246, 6.39829 ], [ 2.28192, 6.3982 ], [ 2.28129, 6.39748 ], [ 2.2803, 6.3973 ], [ 2.28012, 6.39702 ], [ 2.28066, 6.3963 ], [ 2.27966, 6.39612 ], [ 2.27939, 6.39567 ], [ 2.2803, 6.39585 ], [ 2.28075, 6.39485 ], [ 2.28229, 6.39476 ], [ 2.28328, 6.39549 ], [ 2.28681, 6.39568 ], [ 2.2869, 6.39531 ], [ 2.28636, 6.39531 ], [ 2.28591, 6.39477 ], [ 2.28573, 6.3935 ], [ 2.28537, 6.39314 ], [ 2.28455, 6.39314 ], [ 2.28473, 6.39395 ], [ 2.2841, 6.39431 ], [ 2.2841, 6.39504 ], [ 2.28383, 6.39459 ], [ 2.2831, 6.39486 ], [ 2.28301, 6.39413 ], [ 2.28211, 6.39467 ], [ 2.28102, 6.39449 ], [ 2.28012, 6.39485 ], [ 2.28021, 6.39458 ], [ 2.2794, 6.39404 ], [ 2.27849, 6.39404 ], [ 2.27876, 6.39376 ], [ 2.27858, 6.39322 ], [ 2.27732, 6.39322 ], [ 2.27705, 6.39394 ], [ 2.27677, 6.39403 ], [ 2.27686, 6.39367 ], [ 2.27632, 6.39394 ], [ 2.27641, 6.3943 ], [ 2.27723, 6.3944 ], [ 2.27695, 6.39494 ], [ 2.27632, 6.39494 ], [ 2.27641, 6.3953 ], [ 2.27731, 6.39548 ], [ 2.27777, 6.39521 ], [ 2.27804, 6.39593 ], [ 2.27858, 6.39575 ], [ 2.27894, 6.39621 ], [ 2.27903, 6.39711 ], [ 2.28002, 6.39711 ], [ 2.27957, 6.39802 ], [ 2.27975, 6.39883 ], [ 2.27939, 6.39883 ], [ 2.27939, 6.39919 ], [ 2.28011, 6.39901 ], [ 2.28048, 6.39847 ], [ 2.2802, 6.3991 ], [ 2.28084, 6.39929 ], [ 2.28129, 6.40055 ], [ 2.28174, 6.40028 ], [ 2.28147, 6.39965 ] ] ], [ [ [ 2.29358, 6.4012 ], [ 2.29359, 6.40039 ], [ 2.29241, 6.40039 ], [ 2.29169, 6.39984 ], [ 2.29169, 6.39948 ], [ 2.29223, 6.39984 ], [ 2.29313, 6.39967 ], [ 2.2925, 6.39921 ], [ 2.29196, 6.39948 ], [ 2.29178, 6.39858 ], [ 2.29142, 6.39849 ], [ 2.29078, 6.39849 ], [ 2.29133, 6.39876 ], [ 2.29042, 6.39912 ], [ 2.28988, 6.39812 ], [ 2.28916, 6.39848 ], [ 2.28898, 6.39812 ], [ 2.28744, 6.39803 ], [ 2.28662, 6.39884 ], [ 2.28581, 6.39821 ], [ 2.28454, 6.39893 ], [ 2.28418, 6.3983 ], [ 2.28346, 6.3982 ], [ 2.28346, 6.39902 ], [ 2.2831, 6.39902 ], [ 2.28355, 6.39956 ], [ 2.28491, 6.39938 ], [ 2.28508, 6.40011 ], [ 2.28563, 6.39975 ], [ 2.28626, 6.40002 ], [ 2.28635, 6.39875 ], [ 2.28671, 6.39902 ], [ 2.28653, 6.39938 ], [ 2.28671, 6.40029 ], [ 2.28708, 6.39884 ], [ 2.28834, 6.39866 ], [ 2.28888, 6.39975 ], [ 2.28943, 6.39957 ], [ 2.29096, 6.40075 ], [ 2.2925, 6.40102 ], [ 2.29259, 6.40175 ], [ 2.29358, 6.4012 ] ] ], [ [ [ 2.31764, 6.4016 ], [ 2.31565, 6.40232 ], [ 2.31493, 6.40087 ], [ 2.31429, 6.40123 ], [ 2.31484, 6.40141 ], [ 2.31402, 6.40141 ], [ 2.31411, 6.40177 ], [ 2.31456, 6.40168 ], [ 2.31556, 6.40241 ], [ 2.31655, 6.40241 ], [ 2.31673, 6.40295 ], [ 2.31764, 6.4016 ] ] ], [ [ [ 2.30633, 6.40674 ], [ 2.30678, 6.40737 ], [ 2.30705, 6.40683 ], [ 2.30768, 6.40674 ], [ 2.30723, 6.40556 ], [ 2.3085, 6.40566 ], [ 2.3085, 6.4053 ], [ 2.30796, 6.40484 ], [ 2.30642, 6.40457 ], [ 2.30696, 6.4043 ], [ 2.30706, 6.40366 ], [ 2.30624, 6.40312 ], [ 2.30588, 6.4033 ], [ 2.3057, 6.40285 ], [ 2.30516, 6.40321 ], [ 2.30452, 6.40276 ], [ 2.30398, 6.40294 ], [ 2.30498, 6.40113 ], [ 2.30606, 6.40113 ], [ 2.30606, 6.40086 ], [ 2.30525, 6.40068 ], [ 2.30525, 6.40031 ], [ 2.30634, 6.40014 ], [ 2.30625, 6.40077 ], [ 2.30679, 6.4005 ], [ 2.30805, 6.40068 ], [ 2.30968, 6.40195 ], [ 2.31068, 6.40168 ], [ 2.31077, 6.40068 ], [ 2.31086, 6.40204 ], [ 2.31058, 6.40231 ], [ 2.31113, 6.40268 ], [ 2.31131, 6.4034 ], [ 2.3114, 6.40304 ], [ 2.31203, 6.40304 ], [ 2.31194, 6.40259 ], [ 2.3123, 6.40231 ], [ 2.31158, 6.40105 ], [ 2.31203, 6.39996 ], [ 2.31303, 6.40033 ], [ 2.3152, 6.39933 ], [ 2.31556, 6.3997 ], [ 2.31538, 6.39988 ], [ 2.31583, 6.39997 ], [ 2.31538, 6.40033 ], [ 2.31529, 6.40114 ], [ 2.31583, 6.40123 ], [ 2.31619, 6.40069 ], [ 2.31619, 6.40132 ], [ 2.31646, 6.40133 ], [ 2.31647, 6.39988 ], [ 2.31728, 6.40069 ], [ 2.318, 6.40078 ], [ 2.31854, 6.40079 ], [ 2.31891, 6.40015 ], [ 2.31963, 6.40079 ], [ 2.31999, 6.40015 ], [ 2.32153, 6.39997 ], [ 2.32135, 6.40061 ], [ 2.32225, 6.40106 ], [ 2.32252, 6.40088 ], [ 2.32243, 6.3997 ], [ 2.32406, 6.39907 ], [ 2.32605, 6.39908 ], [ 2.32569, 6.3988 ], [ 2.32578, 6.39826 ], [ 2.32434, 6.39835 ], [ 2.32397, 6.3979 ], [ 2.32298, 6.3979 ], [ 2.32325, 6.39753 ], [ 2.32289, 6.39753 ], [ 2.32298, 6.39853 ], [ 2.32271, 6.39871 ], [ 2.32244, 6.39826 ], [ 2.32135, 6.39853 ], [ 2.32153, 6.39789 ], [ 2.32063, 6.39835 ], [ 2.31963, 6.39807 ], [ 2.3199, 6.39825 ], [ 2.3199, 6.39889 ], [ 2.31954, 6.39807 ], [ 2.31837, 6.3987 ], [ 2.31828, 6.39834 ], [ 2.31773, 6.39843 ], [ 2.31719, 6.39726 ], [ 2.31547, 6.39743 ], [ 2.31493, 6.39635 ], [ 2.31466, 6.39716 ], [ 2.31385, 6.39752 ], [ 2.31077, 6.39743 ], [ 2.31068, 6.3977 ], [ 2.31131, 6.3977 ], [ 2.31095, 6.39788 ], [ 2.31113, 6.39833 ], [ 2.31303, 6.39797 ], [ 2.31348, 6.39815 ], [ 2.3133, 6.39852 ], [ 2.31357, 6.3987 ], [ 2.31466, 6.39888 ], [ 2.31357, 6.39924 ], [ 2.31348, 6.39996 ], [ 2.31294, 6.40005 ], [ 2.31249, 6.39987 ], [ 2.31276, 6.39987 ], [ 2.31276, 6.39933 ], [ 2.31158, 6.39924 ], [ 2.31077, 6.4005 ], [ 2.31032, 6.39969 ], [ 2.30851, 6.39996 ], [ 2.30787, 6.40041 ], [ 2.30787, 6.39969 ], [ 2.30733, 6.39941 ], [ 2.30688, 6.39959 ], [ 2.30706, 6.40023 ], [ 2.30652, 6.40023 ], [ 2.30634, 6.39995 ], [ 2.3067, 6.39932 ], [ 2.30589, 6.3995 ], [ 2.30552, 6.39923 ], [ 2.30489, 6.39968 ], [ 2.30417, 6.39959 ], [ 2.30435, 6.40022 ], [ 2.30308, 6.39977 ], [ 2.30317, 6.40058 ], [ 2.30218, 6.40049 ], [ 2.30218, 6.40085 ], [ 2.30263, 6.40094 ], [ 2.30245, 6.40149 ], [ 2.30136, 6.4004 ], [ 2.30064, 6.40167 ], [ 2.29964, 6.40148 ], [ 2.29992, 6.40094 ], [ 2.3, 6.40139 ], [ 2.30064, 6.40094 ], [ 2.30055, 6.40067 ], [ 2.29982, 6.40067 ], [ 2.29937, 6.40175 ], [ 2.2991, 6.4013 ], [ 2.29865, 6.4013 ], [ 2.29802, 6.40148 ], [ 2.29783, 6.40211 ], [ 2.29693, 6.40211 ], [ 2.29684, 6.40094 ], [ 2.29612, 6.40039 ], [ 2.29639, 6.3994 ], [ 2.29476, 6.39985 ], [ 2.29494, 6.40075 ], [ 2.2944, 6.40093 ], [ 2.2944, 6.40111 ], [ 2.29557, 6.40094 ], [ 2.29566, 6.40157 ], [ 2.29512, 6.4022 ], [ 2.29512, 6.40274 ], [ 2.29557, 6.40274 ], [ 2.29593, 6.4022 ], [ 2.2963, 6.40247 ], [ 2.29656, 6.40446 ], [ 2.29675, 6.40392 ], [ 2.29702, 6.40392 ], [ 2.29684, 6.40374 ], [ 2.29738, 6.40374 ], [ 2.29693, 6.40428 ], [ 2.29738, 6.40419 ], [ 2.2981, 6.4032 ], [ 2.29846, 6.40329 ], [ 2.29837, 6.40356 ], [ 2.29919, 6.40329 ], [ 2.29946, 6.40384 ], [ 2.29964, 6.40338 ], [ 2.30045, 6.40347 ], [ 2.30172, 6.4023 ], [ 2.30244, 6.40321 ], [ 2.30181, 6.4033 ], [ 2.30244, 6.40429 ], [ 2.3029, 6.40384 ], [ 2.30244, 6.40348 ], [ 2.30272, 6.40257 ], [ 2.30299, 6.40275 ], [ 2.30308, 6.40248 ], [ 2.30308, 6.40303 ], [ 2.30434, 6.40348 ], [ 2.30443, 6.40402 ], [ 2.30497, 6.4043 ], [ 2.3057, 6.40402 ], [ 2.30552, 6.40466 ], [ 2.30742, 6.40502 ], [ 2.30597, 6.40592 ], [ 2.30542, 6.40583 ], [ 2.30542, 6.40629 ], [ 2.30461, 6.40601 ], [ 2.30425, 6.40656 ], [ 2.30425, 6.40692 ], [ 2.30542, 6.40665 ], [ 2.30569, 6.40755 ], [ 2.30615, 6.40737 ], [ 2.30597, 6.40692 ], [ 2.30633, 6.40674 ] ] ], [ [ [ 2.29845, 6.41125 ], [ 2.299, 6.41143 ], [ 2.29918, 6.41107 ], [ 2.29918, 6.4118 ], [ 2.29954, 6.4118 ], [ 2.29981, 6.41125 ], [ 2.29891, 6.41008 ], [ 2.29909, 6.40845 ], [ 2.29873, 6.408 ], [ 2.29882, 6.40709 ], [ 2.29774, 6.40564 ], [ 2.2981, 6.40736 ], [ 2.29728, 6.4089 ], [ 2.298, 6.40908 ], [ 2.29809, 6.41098 ], [ 2.29773, 6.41143 ], [ 2.298, 6.41198 ], [ 2.29782, 6.41333 ], [ 2.29746, 6.41324 ], [ 2.29746, 6.41378 ], [ 2.29809, 6.41369 ], [ 2.29782, 6.41424 ], [ 2.29818, 6.41424 ], [ 2.29836, 6.41342 ], [ 2.29845, 6.41125 ] ] ], [ [ [ 2.28352, 6.41856 ], [ 2.28425, 6.41811 ], [ 2.28434, 6.41775 ], [ 2.28361, 6.41756 ], [ 2.2828, 6.41584 ], [ 2.28163, 6.41557 ], [ 2.2819, 6.41503 ], [ 2.28163, 6.41512 ], [ 2.28154, 6.41476 ], [ 2.28208, 6.41458 ], [ 2.28181, 6.4134 ], [ 2.28226, 6.41322 ], [ 2.28181, 6.41313 ], [ 2.28154, 6.41241 ], [ 2.28018, 6.41222 ], [ 2.27964, 6.41123 ], [ 2.27983, 6.4105 ], [ 2.28154, 6.41041 ], [ 2.28163, 6.40996 ], [ 2.281, 6.40933 ], [ 2.28191, 6.40888 ], [ 2.28236, 6.40924 ], [ 2.28254, 6.40888 ], [ 2.28299, 6.40906 ], [ 2.28263, 6.40825 ], [ 2.28308, 6.40816 ], [ 2.28263, 6.40644 ], [ 2.28282, 6.40544 ], [ 2.28164, 6.4058 ], [ 2.28155, 6.40517 ], [ 2.2802, 6.40363 ], [ 2.28065, 6.40499 ], [ 2.28038, 6.40535 ], [ 2.28056, 6.40589 ], [ 2.28263, 6.40662 ], [ 2.28263, 6.40698 ], [ 2.28218, 6.40707 ], [ 2.28254, 6.40734 ], [ 2.28236, 6.40806 ], [ 2.28128, 6.40833 ], [ 2.28073, 6.40888 ], [ 2.28019, 6.40869 ], [ 2.28028, 6.4096 ], [ 2.27901, 6.41005 ], [ 2.27955, 6.41041 ], [ 2.27928, 6.41068 ], [ 2.27892, 6.41023 ], [ 2.27838, 6.41023 ], [ 2.2782, 6.40941 ], [ 2.27757, 6.40887 ], [ 2.27711, 6.40869 ], [ 2.27621, 6.40914 ], [ 2.27585, 6.40869 ], [ 2.27522, 6.40878 ], [ 2.27513, 6.40842 ], [ 2.27521, 6.40932 ], [ 2.27485, 6.40986 ], [ 2.27558, 6.41014 ], [ 2.27603, 6.40959 ], [ 2.27621, 6.41014 ], [ 2.27512, 6.41059 ], [ 2.27494, 6.41149 ], [ 2.2763, 6.41131 ], [ 2.27612, 6.41167 ], [ 2.27657, 6.41222 ], [ 2.27666, 6.41122 ], [ 2.27702, 6.41122 ], [ 2.27747, 6.41231 ], [ 2.27774, 6.41104 ], [ 2.27829, 6.41113 ], [ 2.27829, 6.4115 ], [ 2.27865, 6.4115 ], [ 2.27865, 6.41222 ], [ 2.2791, 6.41195 ], [ 2.27919, 6.41294 ], [ 2.27901, 6.41276 ], [ 2.27865, 6.41358 ], [ 2.28018, 6.41286 ], [ 2.28018, 6.41385 ], [ 2.27964, 6.4134 ], [ 2.27937, 6.41376 ], [ 2.27973, 6.41403 ], [ 2.27937, 6.41439 ], [ 2.27982, 6.41503 ], [ 2.28045, 6.41485 ], [ 2.28045, 6.41521 ], [ 2.27991, 6.41539 ], [ 2.28009, 6.41584 ], [ 2.28054, 6.41575 ], [ 2.28072, 6.41512 ], [ 2.28118, 6.4153 ], [ 2.28108, 6.41593 ], [ 2.28153, 6.41666 ], [ 2.28054, 6.41729 ], [ 2.28162, 6.41711 ], [ 2.2818, 6.41847 ], [ 2.28153, 6.41847 ], [ 2.28144, 6.4191 ], [ 2.28198, 6.41946 ], [ 2.28244, 6.4191 ], [ 2.2828, 6.41983 ], [ 2.2837, 6.41946 ], [ 2.28352, 6.41856 ] ] ], [ [ [ 2.27421, 6.41375 ], [ 2.27322, 6.41321 ], [ 2.27367, 6.41203 ], [ 2.27422, 6.41194 ], [ 2.27367, 6.41176 ], [ 2.27422, 6.41167 ], [ 2.27422, 6.41113 ], [ 2.27485, 6.41031 ], [ 2.27386, 6.41004 ], [ 2.27322, 6.41067 ], [ 2.27304, 6.41013 ], [ 2.27304, 6.41113 ], [ 2.27349, 6.41095 ], [ 2.27377, 6.41122 ], [ 2.27322, 6.41122 ], [ 2.27268, 6.4123 ], [ 2.27277, 6.41285 ], [ 2.27204, 6.41339 ], [ 2.2725, 6.41375 ], [ 2.27258, 6.41493 ], [ 2.27349, 6.41475 ], [ 2.27403, 6.41511 ], [ 2.27421, 6.41375 ] ] ], [ [ [ 2.31428, 6.41345 ], [ 2.31473, 6.41336 ], [ 2.31419, 6.41263 ], [ 2.31455, 6.41227 ], [ 2.31419, 6.41191 ], [ 2.31419, 6.41064 ], [ 2.31383, 6.41082 ], [ 2.31374, 6.41209 ], [ 2.31337, 6.41218 ], [ 2.31391, 6.41507 ], [ 2.31428, 6.41345 ] ] ], [ [ [ 2.29039, 6.4211 ], [ 2.28967, 6.4211 ], [ 2.28967, 6.42074 ], [ 2.29048, 6.42083 ], [ 2.29075, 6.42192 ], [ 2.29102, 6.42101 ], [ 2.29175, 6.42074 ], [ 2.29157, 6.42002 ], [ 2.29067, 6.41956 ], [ 2.29058, 6.41884 ], [ 2.29012, 6.41884 ], [ 2.29003, 6.4192 ], [ 2.28985, 6.41857 ], [ 2.29022, 6.41739 ], [ 2.29076, 6.41703 ], [ 2.29067, 6.41586 ], [ 2.29149, 6.41486 ], [ 2.29022, 6.41468 ], [ 2.29022, 6.41414 ], [ 2.28986, 6.4145 ], [ 2.28886, 6.41459 ], [ 2.28823, 6.41404 ], [ 2.28787, 6.41422 ], [ 2.28805, 6.41468 ], [ 2.2876, 6.4144 ], [ 2.2876, 6.41477 ], [ 2.28832, 6.41495 ], [ 2.28823, 6.41576 ], [ 2.28787, 6.41603 ], [ 2.28859, 6.41658 ], [ 2.2885, 6.41594 ], [ 2.28931, 6.41622 ], [ 2.28859, 6.41721 ], [ 2.28886, 6.41802 ], [ 2.28849, 6.41974 ], [ 2.28895, 6.4202 ], [ 2.28849, 6.42029 ], [ 2.28849, 6.42137 ], [ 2.28921, 6.4221 ], [ 2.29021, 6.4221 ], [ 2.29039, 6.4211 ] ] ], [ [ [ 2.30893, 6.4242 ], [ 2.30911, 6.42538 ], [ 2.30911, 6.42402 ], [ 2.30938, 6.42538 ], [ 2.30947, 6.42475 ], [ 2.30956, 6.42529 ], [ 2.30974, 6.42511 ], [ 2.30974, 6.4243 ], [ 2.30947, 6.42439 ], [ 2.30974, 6.42312 ], [ 2.30911, 6.42203 ], [ 2.30857, 6.42221 ], [ 2.3083, 6.4214 ], [ 2.30847, 6.42574 ], [ 2.30857, 6.42402 ], [ 2.30865, 6.42574 ], [ 2.30875, 6.4242 ], [ 2.30883, 6.42556 ], [ 2.30893, 6.4242 ] ] ], [ [ [ 2.29192, 6.42499 ], [ 2.29138, 6.4249 ], [ 2.29147, 6.42445 ], [ 2.29039, 6.42436 ], [ 2.28967, 6.42273 ], [ 2.28957, 6.42382 ], [ 2.29102, 6.42545 ], [ 2.29047, 6.42626 ], [ 2.29156, 6.42653 ], [ 2.29129, 6.42599 ], [ 2.29192, 6.42499 ] ] ], [ [ [ 2.29172, 6.43793 ], [ 2.29218, 6.43784 ], [ 2.2929, 6.4382 ], [ 2.29281, 6.43721 ], [ 2.292, 6.43685 ], [ 2.29155, 6.43585 ], [ 2.29119, 6.43576 ], [ 2.29119, 6.43504 ], [ 2.29001, 6.43413 ], [ 2.29055, 6.43377 ], [ 2.28947, 6.43331 ], [ 2.28965, 6.43232 ], [ 2.28848, 6.43214 ], [ 2.28803, 6.43123 ], [ 2.28748, 6.43141 ], [ 2.28712, 6.43114 ], [ 2.28749, 6.42924 ], [ 2.28667, 6.42833 ], [ 2.28613, 6.42861 ], [ 2.28622, 6.42788 ], [ 2.28541, 6.42761 ], [ 2.28559, 6.42643 ], [ 2.28595, 6.42616 ], [ 2.28514, 6.42616 ], [ 2.28541, 6.42544 ], [ 2.28505, 6.42453 ], [ 2.28415, 6.4239 ], [ 2.28406, 6.42245 ], [ 2.28451, 6.42218 ], [ 2.28415, 6.42109 ], [ 2.28451, 6.42064 ], [ 2.28406, 6.42028 ], [ 2.28424, 6.41965 ], [ 2.28343, 6.41965 ], [ 2.2837, 6.41983 ], [ 2.28343, 6.42001 ], [ 2.28379, 6.42164 ], [ 2.28334, 6.42245 ], [ 2.28306, 6.42245 ], [ 2.28316, 6.42164 ], [ 2.28261, 6.42227 ], [ 2.28379, 6.42308 ], [ 2.28351, 6.42372 ], [ 2.28397, 6.4239 ], [ 2.28369, 6.42444 ], [ 2.2827, 6.42372 ], [ 2.2827, 6.42408 ], [ 2.28324, 6.42435 ], [ 2.28279, 6.42489 ], [ 2.28279, 6.42598 ], [ 2.28306, 6.42562 ], [ 2.28333, 6.42643 ], [ 2.28387, 6.42652 ], [ 2.28396, 6.42598 ], [ 2.28442, 6.4258 ], [ 2.28442, 6.42652 ], [ 2.28496, 6.42661 ], [ 2.2846, 6.42716 ], [ 2.28514, 6.42815 ], [ 2.28559, 6.42815 ], [ 2.28532, 6.42833 ], [ 2.28586, 6.42897 ], [ 2.28541, 6.42969 ], [ 2.28441, 6.42933 ], [ 2.28441, 6.42978 ], [ 2.28531, 6.43032 ], [ 2.28586, 6.43014 ], [ 2.28613, 6.43051 ], [ 2.28604, 6.43014 ], [ 2.28631, 6.43014 ], [ 2.2864, 6.43069 ], [ 2.28613, 6.4306 ], [ 2.28549, 6.43177 ], [ 2.28567, 6.4324 ], [ 2.2864, 6.43241 ], [ 2.28703, 6.43322 ], [ 2.28784, 6.43322 ], [ 2.2882, 6.43367 ], [ 2.28938, 6.43368 ], [ 2.28974, 6.43431 ], [ 2.28947, 6.43521 ], [ 2.28974, 6.43648 ], [ 2.29037, 6.43675 ], [ 2.29055, 6.43784 ], [ 2.291, 6.43793 ], [ 2.29136, 6.43757 ], [ 2.29145, 6.43838 ], [ 2.29209, 6.43829 ], [ 2.29172, 6.43793 ] ] ], [ [ [ 2.29372, 6.43124 ], [ 2.294, 6.43061 ], [ 2.29363, 6.43052 ], [ 2.29336, 6.4297 ], [ 2.29418, 6.42789 ], [ 2.29346, 6.42753 ], [ 2.29346, 6.42798 ], [ 2.29391, 6.42807 ], [ 2.29264, 6.42834 ], [ 2.29228, 6.4278 ], [ 2.2921, 6.42834 ], [ 2.29246, 6.42925 ], [ 2.293, 6.42934 ], [ 2.29264, 6.42979 ], [ 2.29327, 6.43097 ], [ 2.29273, 6.43133 ], [ 2.29273, 6.43196 ], [ 2.29454, 6.43251 ], [ 2.29372, 6.43124 ] ] ], [ [ [ 2.30409, 6.4545 ], [ 2.30455, 6.45405 ], [ 2.30428, 6.45342 ], [ 2.30482, 6.45324 ], [ 2.30428, 6.45297 ], [ 2.30373, 6.45333 ], [ 2.30283, 6.45106 ], [ 2.30211, 6.45134 ], [ 2.30184, 6.45052 ], [ 2.30202, 6.44817 ], [ 2.30175, 6.44817 ], [ 2.30148, 6.44907 ], [ 2.30094, 6.44871 ], [ 2.30067, 6.44744 ], [ 2.30003, 6.44717 ], [ 2.3004, 6.44672 ], [ 2.30013, 6.44563 ], [ 2.29913, 6.44545 ], [ 2.29868, 6.44581 ], [ 2.29823, 6.44518 ], [ 2.2985, 6.44445 ], [ 2.29814, 6.44436 ], [ 2.29814, 6.44364 ], [ 2.29705, 6.44264 ], [ 2.29751, 6.44228 ], [ 2.29724, 6.44065 ], [ 2.29796, 6.44102 ], [ 2.29823, 6.44047 ], [ 2.29896, 6.44029 ], [ 2.29923, 6.44057 ], [ 2.29896, 6.44147 ], [ 2.29986, 6.44165 ], [ 2.30185, 6.44355 ], [ 2.30076, 6.44183 ], [ 2.30076, 6.44129 ], [ 2.30049, 6.44129 ], [ 2.30076, 6.44102 ], [ 2.30049, 6.44111 ], [ 2.29986, 6.44029 ], [ 2.29986, 6.43858 ], [ 2.29932, 6.43894 ], [ 2.29869, 6.43866 ], [ 2.29896, 6.43613 ], [ 2.29851, 6.43568 ], [ 2.29797, 6.43577 ], [ 2.29815, 6.43613 ], [ 2.29788, 6.43622 ], [ 2.29815, 6.43631 ], [ 2.29761, 6.43649 ], [ 2.29724, 6.43649 ], [ 2.29724, 6.43604 ], [ 2.29652, 6.43604 ], [ 2.29634, 6.43703 ], [ 2.29733, 6.43703 ], [ 2.29742, 6.43776 ], [ 2.29787, 6.43812 ], [ 2.29769, 6.43866 ], [ 2.2967, 6.43866 ], [ 2.29715, 6.43966 ], [ 2.29697, 6.44011 ], [ 2.29561, 6.44002 ], [ 2.29543, 6.44038 ], [ 2.2948, 6.43911 ], [ 2.29407, 6.43911 ], [ 2.29416, 6.43938 ], [ 2.29353, 6.43947 ], [ 2.29344, 6.44029 ], [ 2.29407, 6.44155 ], [ 2.29525, 6.44174 ], [ 2.29561, 6.44255 ], [ 2.29642, 6.44255 ], [ 2.29597, 6.44364 ], [ 2.29678, 6.44355 ], [ 2.29642, 6.444 ], [ 2.29768, 6.44509 ], [ 2.29741, 6.44554 ], [ 2.29795, 6.44599 ], [ 2.29768, 6.44672 ], [ 2.29913, 6.44654 ], [ 2.29886, 6.44708 ], [ 2.29922, 6.44789 ], [ 2.29985, 6.44798 ], [ 2.29967, 6.44835 ], [ 2.29922, 6.44826 ], [ 2.29931, 6.44898 ], [ 2.29967, 6.44916 ], [ 2.30021, 6.44871 ], [ 2.30102, 6.44934 ], [ 2.30066, 6.45034 ], [ 2.3012, 6.45061 ], [ 2.30102, 6.45133 ], [ 2.30147, 6.45179 ], [ 2.3012, 6.45251 ], [ 2.30265, 6.45278 ], [ 2.30292, 6.45369 ], [ 2.30328, 6.45342 ], [ 2.30301, 6.45387 ], [ 2.30337, 6.45405 ], [ 2.30319, 6.45432 ], [ 2.30364, 6.45432 ], [ 2.30364, 6.45541 ], [ 2.30473, 6.45505 ], [ 2.30409, 6.4545 ] ] ], [ [ [ 2.30518, 6.44989 ], [ 2.30564, 6.44971 ], [ 2.30627, 6.45007 ], [ 2.30618, 6.44971 ], [ 2.30555, 6.44962 ], [ 2.30582, 6.44899 ], [ 2.30518, 6.44953 ], [ 2.30419, 6.44908 ], [ 2.30338, 6.44745 ], [ 2.30338, 6.44591 ], [ 2.30257, 6.445 ], [ 2.30356, 6.44455 ], [ 2.30311, 6.4441 ], [ 2.30257, 6.44419 ], [ 2.30284, 6.4441 ], [ 2.30266, 6.44374 ], [ 2.30203, 6.44383 ], [ 2.30212, 6.445 ], [ 2.30266, 6.446 ], [ 2.30311, 6.44618 ], [ 2.30275, 6.44736 ], [ 2.3032, 6.44772 ], [ 2.30302, 6.44808 ], [ 2.30356, 6.44853 ], [ 2.30374, 6.44944 ], [ 2.30419, 6.44962 ], [ 2.30374, 6.45088 ], [ 2.30446, 6.4508 ], [ 2.30428, 6.45134 ], [ 2.30491, 6.4517 ], [ 2.30527, 6.45161 ], [ 2.30518, 6.44989 ] ] ], [ [ [ 2.30707, 6.45722 ], [ 2.30744, 6.45713 ], [ 2.30744, 6.45641 ], [ 2.30825, 6.45596 ], [ 2.30699, 6.45568 ], [ 2.30663, 6.45442 ], [ 2.30626, 6.45433 ], [ 2.30608, 6.45487 ], [ 2.30653, 6.45532 ], [ 2.30626, 6.45595 ], [ 2.30662, 6.45614 ], [ 2.30635, 6.45722 ], [ 2.3077, 6.45894 ], [ 2.30734, 6.45921 ], [ 2.30734, 6.45985 ], [ 2.30788, 6.46003 ], [ 2.30798, 6.45912 ], [ 2.30707, 6.45722 ] ] ], [ [ [ 2.31004, 6.46917 ], [ 2.30995, 6.46853 ], [ 2.30932, 6.46862 ], [ 2.3095, 6.46799 ], [ 2.30986, 6.46808 ], [ 2.30968, 6.46844 ], [ 2.31004, 6.46808 ], [ 2.3095, 6.46736 ], [ 2.30941, 6.46555 ], [ 2.3096, 6.4651 ], [ 2.31032, 6.46519 ], [ 2.31014, 6.46446 ], [ 2.3105, 6.46446 ], [ 2.31059, 6.46383 ], [ 2.30951, 6.46392 ], [ 2.30906, 6.46329 ], [ 2.30887, 6.46383 ], [ 2.30833, 6.46356 ], [ 2.30815, 6.4641 ], [ 2.30752, 6.46392 ], [ 2.30725, 6.46229 ], [ 2.3077, 6.4622 ], [ 2.30725, 6.46193 ], [ 2.30689, 6.46093 ], [ 2.30671, 6.46111 ], [ 2.30616, 6.46057 ], [ 2.30617, 6.45984 ], [ 2.3068, 6.45994 ], [ 2.3068, 6.45966 ], [ 2.30608, 6.45921 ], [ 2.30608, 6.45804 ], [ 2.30544, 6.45785 ], [ 2.3059, 6.45776 ], [ 2.30563, 6.45713 ], [ 2.30581, 6.45568 ], [ 2.30454, 6.45523 ], [ 2.3049, 6.45595 ], [ 2.3049, 6.45731 ], [ 2.30409, 6.45894 ], [ 2.30454, 6.45894 ], [ 2.30454, 6.45939 ], [ 2.30427, 6.45939 ], [ 2.30445, 6.46029 ], [ 2.30553, 6.45984 ], [ 2.30571, 6.46138 ], [ 2.30544, 6.46183 ], [ 2.30571, 6.46238 ], [ 2.30607, 6.46238 ], [ 2.30571, 6.46256 ], [ 2.30634, 6.46265 ], [ 2.30643, 6.4631 ], [ 2.30661, 6.46256 ], [ 2.3067, 6.46328 ], [ 2.30634, 6.46374 ], [ 2.30733, 6.46455 ], [ 2.30706, 6.46527 ], [ 2.3067, 6.46509 ], [ 2.30598, 6.46554 ], [ 2.30779, 6.46591 ], [ 2.30697, 6.466 ], [ 2.30688, 6.46672 ], [ 2.30724, 6.46672 ], [ 2.30751, 6.46618 ], [ 2.30833, 6.46645 ], [ 2.3086, 6.46591 ], [ 2.30878, 6.46591 ], [ 2.30905, 6.46754 ], [ 2.30887, 6.46799 ], [ 2.30842, 6.46781 ], [ 2.30805, 6.46808 ], [ 2.30814, 6.46862 ], [ 2.30778, 6.46907 ], [ 2.30878, 6.46962 ], [ 2.30923, 6.46944 ], [ 2.30914, 6.46917 ], [ 2.31004, 6.46917 ] ] ], [ [ [ 2.31346, 6.48419 ], [ 2.31246, 6.48383 ], [ 2.31274, 6.48319 ], [ 2.31228, 6.48319 ], [ 2.3122, 6.4822 ], [ 2.31256, 6.48193 ], [ 2.31211, 6.48184 ], [ 2.31247, 6.48111 ], [ 2.31238, 6.48003 ], [ 2.31283, 6.47949 ], [ 2.31211, 6.47939 ], [ 2.31193, 6.47795 ], [ 2.31157, 6.47776 ], [ 2.31157, 6.47704 ], [ 2.31193, 6.47686 ], [ 2.31157, 6.47532 ], [ 2.31193, 6.47514 ], [ 2.31175, 6.47406 ], [ 2.31239, 6.47415 ], [ 2.31302, 6.47505 ], [ 2.31356, 6.4746 ], [ 2.3132, 6.47442 ], [ 2.31329, 6.47379 ], [ 2.31221, 6.47324 ], [ 2.3123, 6.47297 ], [ 2.31284, 6.47324 ], [ 2.31311, 6.47252 ], [ 2.31203, 6.47216 ], [ 2.31167, 6.47107 ], [ 2.31103, 6.47107 ], [ 2.31149, 6.47207 ], [ 2.31121, 6.47297 ], [ 2.31148, 6.47487 ], [ 2.31121, 6.47478 ], [ 2.31121, 6.47541 ], [ 2.31103, 6.47478 ], [ 2.31067, 6.47478 ], [ 2.31067, 6.47514 ], [ 2.31148, 6.47577 ], [ 2.31121, 6.47632 ], [ 2.31067, 6.47604 ], [ 2.31066, 6.47704 ], [ 2.31094, 6.47722 ], [ 2.31075, 6.47894 ], [ 2.31093, 6.47876 ], [ 2.3112, 6.47912 ], [ 2.31084, 6.47948 ], [ 2.31129, 6.48165 ], [ 2.31192, 6.48211 ], [ 2.31156, 6.48265 ], [ 2.31174, 6.48328 ], [ 2.31147, 6.48365 ], [ 2.31174, 6.48356 ], [ 2.31183, 6.48401 ], [ 2.31156, 6.48401 ], [ 2.31147, 6.48518 ], [ 2.31237, 6.48491 ], [ 2.31264, 6.48528 ], [ 2.31264, 6.48491 ], [ 2.31346, 6.48419 ] ] ], [ [ [ 2.31307, 6.504 ], [ 2.31343, 6.50301 ], [ 2.31379, 6.5031 ], [ 2.3138, 6.50256 ], [ 2.31352, 6.50256 ], [ 2.3138, 6.50228 ], [ 2.31334, 6.50228 ], [ 2.31343, 6.50283 ], [ 2.3128, 6.50283 ], [ 2.3128, 6.50328 ], [ 2.31244, 6.50301 ], [ 2.31235, 6.50355 ], [ 2.3128, 6.50409 ], [ 2.3128, 6.50473 ], [ 2.31325, 6.50491 ], [ 2.31361, 6.50455 ], [ 2.31307, 6.504 ] ] ], [ [ [ 2.31467, 6.52237 ], [ 2.31549, 6.52174 ], [ 2.31513, 6.52138 ], [ 2.31485, 6.52192 ], [ 2.31431, 6.52165 ], [ 2.31477, 6.52101 ], [ 2.31441, 6.52011 ], [ 2.31513, 6.51957 ], [ 2.31495, 6.51929 ], [ 2.31441, 6.51957 ], [ 2.31404, 6.5192 ], [ 2.31405, 6.51794 ], [ 2.31441, 6.51803 ], [ 2.31441, 6.51748 ], [ 2.31468, 6.51721 ], [ 2.31495, 6.51749 ], [ 2.31504, 6.51712 ], [ 2.31441, 6.51694 ], [ 2.31441, 6.51549 ], [ 2.31468, 6.5154 ], [ 2.31423, 6.51504 ], [ 2.31423, 6.51468 ], [ 2.31477, 6.51441 ], [ 2.31469, 6.51287 ], [ 2.31378, 6.51242 ], [ 2.31378, 6.51215 ], [ 2.31433, 6.51242 ], [ 2.31424, 6.51151 ], [ 2.3146, 6.51142 ], [ 2.31451, 6.50853 ], [ 2.31415, 6.50862 ], [ 2.31442, 6.50762 ], [ 2.31406, 6.50735 ], [ 2.31406, 6.5069 ], [ 2.3146, 6.50717 ], [ 2.3146, 6.50681 ], [ 2.31379, 6.50645 ], [ 2.31334, 6.50798 ], [ 2.31406, 6.50889 ], [ 2.31406, 6.51052 ], [ 2.31333, 6.51088 ], [ 2.31333, 6.51133 ], [ 2.31378, 6.5116 ], [ 2.31306, 6.51242 ], [ 2.31342, 6.51341 ], [ 2.31324, 6.51368 ], [ 2.31288, 6.51341 ], [ 2.3126, 6.51459 ], [ 2.31197, 6.51495 ], [ 2.31197, 6.51549 ], [ 2.31215, 6.51504 ], [ 2.31315, 6.51522 ], [ 2.31314, 6.51667 ], [ 2.3126, 6.51703 ], [ 2.31314, 6.51721 ], [ 2.31368, 6.51839 ], [ 2.31359, 6.51866 ], [ 2.3126, 6.51875 ], [ 2.31278, 6.51893 ], [ 2.31187, 6.5183 ], [ 2.31169, 6.51866 ], [ 2.3126, 6.51965 ], [ 2.31241, 6.52038 ], [ 2.31305, 6.52083 ], [ 2.31359, 6.52264 ], [ 2.31467, 6.52237 ] ] ], [ [ [ 2.32484, 6.35511 ], [ 2.32548, 6.3552 ], [ 2.32557, 6.35565 ], [ 2.32647, 6.35547 ], [ 2.32692, 6.35484 ], [ 2.32738, 6.35511 ], [ 2.32729, 6.35448 ], [ 2.32674, 6.35448 ], [ 2.32665, 6.35484 ], [ 2.32448, 6.35465 ], [ 2.32358, 6.35529 ], [ 2.32394, 6.35574 ], [ 2.32484, 6.35511 ] ] ], [ [ [ 2.32909, 6.35746 ], [ 2.32918, 6.35701 ], [ 2.32973, 6.35683 ], [ 2.32927, 6.35656 ], [ 2.32973, 6.35547 ], [ 2.32909, 6.35611 ], [ 2.32792, 6.35565 ], [ 2.32819, 6.35611 ], [ 2.32737, 6.35638 ], [ 2.3271, 6.35755 ], [ 2.32783, 6.35737 ], [ 2.32764, 6.35773 ], [ 2.3281, 6.35773 ], [ 2.32801, 6.35737 ], [ 2.32909, 6.35746 ] ] ], [ [ [ 2.32737, 6.36009 ], [ 2.32683, 6.35927 ], [ 2.32565, 6.35936 ], [ 2.32592, 6.35918 ], [ 2.32493, 6.359 ], [ 2.32538, 6.35791 ], [ 2.32584, 6.35773 ], [ 2.32602, 6.35818 ], [ 2.32638, 6.35809 ], [ 2.32593, 6.35737 ], [ 2.32638, 6.3571 ], [ 2.32629, 6.35656 ], [ 2.32548, 6.35655 ], [ 2.32547, 6.35764 ], [ 2.32484, 6.358 ], [ 2.32439, 6.358 ], [ 2.32466, 6.35692 ], [ 2.32412, 6.3571 ], [ 2.32376, 6.35673 ], [ 2.32367, 6.35719 ], [ 2.32322, 6.35646 ], [ 2.32249, 6.35655 ], [ 2.32249, 6.35682 ], [ 2.32213, 6.35655 ], [ 2.32186, 6.35691 ], [ 2.3215, 6.35691 ], [ 2.3215, 6.35655 ], [ 2.31978, 6.35655 ], [ 2.32023, 6.35827 ], [ 2.3205, 6.35791 ], [ 2.32168, 6.358 ], [ 2.32204, 6.35773 ], [ 2.32222, 6.35863 ], [ 2.32195, 6.35899 ], [ 2.32303, 6.35908 ], [ 2.32457, 6.35863 ], [ 2.32466, 6.35972 ], [ 2.32629, 6.35954 ], [ 2.32592, 6.36017 ], [ 2.32737, 6.36009 ] ] ], [ [ [ 2.32086, 6.36171 ], [ 2.32176, 6.36207 ], [ 2.3223, 6.36171 ], [ 2.32276, 6.36252 ], [ 2.32375, 6.36234 ], [ 2.3242, 6.3627 ], [ 2.32493, 6.36225 ], [ 2.32484, 6.36189 ], [ 2.3252, 6.36189 ], [ 2.32502, 6.36225 ], [ 2.32538, 6.36262 ], [ 2.32565, 6.36225 ], [ 2.32691, 6.36253 ], [ 2.32728, 6.36217 ], [ 2.3271, 6.36153 ], [ 2.32619, 6.36126 ], [ 2.32619, 6.3609 ], [ 2.32565, 6.3609 ], [ 2.32547, 6.36135 ], [ 2.32547, 6.36108 ], [ 2.32502, 6.36126 ], [ 2.32384, 6.36071 ], [ 2.32402, 6.3609 ], [ 2.32348, 6.36099 ], [ 2.32366, 6.36126 ], [ 2.3233, 6.36144 ], [ 2.32402, 6.36117 ], [ 2.32438, 6.3618 ], [ 2.32357, 6.3618 ], [ 2.32267, 6.36126 ], [ 2.32267, 6.36062 ], [ 2.32203, 6.36044 ], [ 2.32194, 6.36107 ], [ 2.32131, 6.36062 ], [ 2.31968, 6.36089 ], [ 2.32004, 6.36125 ], [ 2.31986, 6.36225 ], [ 2.32031, 6.36279 ], [ 2.32086, 6.36171 ] ] ], [ [ [ 2.33641, 6.36363 ], [ 2.33686, 6.36399 ], [ 2.33704, 6.36372 ], [ 2.33614, 6.36245 ], [ 2.33505, 6.36218 ], [ 2.33478, 6.36163 ], [ 2.33433, 6.36163 ], [ 2.33415, 6.36199 ], [ 2.33442, 6.36208 ], [ 2.33415, 6.36218 ], [ 2.33361, 6.3619 ], [ 2.33352, 6.36245 ], [ 2.33315, 6.36245 ], [ 2.33343, 6.36281 ], [ 2.33442, 6.36227 ], [ 2.33514, 6.36353 ], [ 2.33433, 6.36371 ], [ 2.33505, 6.36371 ], [ 2.33541, 6.36408 ], [ 2.33641, 6.36363 ] ] ], [ [ [ 2.33034, 6.36733 ], [ 2.33089, 6.36733 ], [ 2.33044, 6.36669 ], [ 2.33089, 6.3666 ], [ 2.33098, 6.36697 ], [ 2.33125, 6.36697 ], [ 2.33098, 6.36669 ], [ 2.33098, 6.36597 ], [ 2.33134, 6.36588 ], [ 2.33107, 6.36534 ], [ 2.33026, 6.36579 ], [ 2.33017, 6.36642 ], [ 2.32953, 6.36633 ], [ 2.32854, 6.36805 ], [ 2.32763, 6.36823 ], [ 2.32872, 6.36823 ], [ 2.3289, 6.36859 ], [ 2.32962, 6.36841 ], [ 2.3298, 6.36868 ], [ 2.33034, 6.36733 ] ] ], [ [ [ 2.34834, 6.36608 ], [ 2.34653, 6.36572 ], [ 2.34708, 6.36662 ], [ 2.34662, 6.36662 ], [ 2.34644, 6.36807 ], [ 2.34825, 6.36807 ], [ 2.34825, 6.36844 ], [ 2.34888, 6.36844 ], [ 2.34834, 6.36608 ] ] ], [ [ [ 2.34246, 6.37196 ], [ 2.34264, 6.3715 ], [ 2.34173, 6.37096 ], [ 2.34228, 6.37087 ], [ 2.3421, 6.37033 ], [ 2.34264, 6.36997 ], [ 2.34219, 6.36988 ], [ 2.34273, 6.36988 ], [ 2.34273, 6.36933 ], [ 2.34382, 6.36933 ], [ 2.34382, 6.36888 ], [ 2.34436, 6.36915 ], [ 2.34427, 6.3687 ], [ 2.3449, 6.36798 ], [ 2.34481, 6.36698 ], [ 2.34427, 6.36716 ], [ 2.34391, 6.36608 ], [ 2.34319, 6.3659 ], [ 2.34382, 6.36572 ], [ 2.34337, 6.36562 ], [ 2.34328, 6.36517 ], [ 2.34111, 6.36499 ], [ 2.34129, 6.36607 ], [ 2.34102, 6.36635 ], [ 2.34138, 6.36653 ], [ 2.34147, 6.36598 ], [ 2.34183, 6.36617 ], [ 2.34147, 6.36671 ], [ 2.34201, 6.3668 ], [ 2.34201, 6.36725 ], [ 2.34156, 6.36725 ], [ 2.34138, 6.3677 ], [ 2.34083, 6.36752 ], [ 2.34065, 6.36815 ], [ 2.3402, 6.36734 ], [ 2.33939, 6.36743 ], [ 2.33876, 6.36661 ], [ 2.33912, 6.36607 ], [ 2.33903, 6.36517 ], [ 2.33839, 6.36589 ], [ 2.33867, 6.36634 ], [ 2.33776, 6.36688 ], [ 2.33767, 6.36743 ], [ 2.33667, 6.36761 ], [ 2.33622, 6.37023 ], [ 2.33577, 6.37059 ], [ 2.33495, 6.37023 ], [ 2.33504, 6.37204 ], [ 2.3354, 6.37204 ], [ 2.33567, 6.3715 ], [ 2.33667, 6.37141 ], [ 2.33649, 6.37059 ], [ 2.33658, 6.37095 ], [ 2.33667, 6.37068 ], [ 2.33703, 6.37086 ], [ 2.33767, 6.3705 ], [ 2.33758, 6.36996 ], [ 2.33848, 6.36969 ], [ 2.33929, 6.37014 ], [ 2.33866, 6.37096 ], [ 2.34011, 6.37078 ], [ 2.34083, 6.37114 ], [ 2.34056, 6.37177 ], [ 2.3411, 6.37205 ], [ 2.34065, 6.37241 ], [ 2.34092, 6.37286 ], [ 2.34182, 6.37322 ], [ 2.34236, 6.37286 ], [ 2.34255, 6.37331 ], [ 2.34327, 6.37286 ], [ 2.34246, 6.37196 ] ] ], [ [ [ 2.3307, 6.37185 ], [ 2.33061, 6.3714 ], [ 2.33115, 6.37131 ], [ 2.33233, 6.36968 ], [ 2.33324, 6.36977 ], [ 2.33351, 6.36941 ], [ 2.33477, 6.36996 ], [ 2.33487, 6.36824 ], [ 2.33396, 6.36842 ], [ 2.33441, 6.36824 ], [ 2.33405, 6.36797 ], [ 2.3345, 6.36788 ], [ 2.33469, 6.36697 ], [ 2.33369, 6.36706 ], [ 2.33378, 6.36824 ], [ 2.33297, 6.36896 ], [ 2.33251, 6.36896 ], [ 2.33233, 6.36842 ], [ 2.3317, 6.36869 ], [ 2.33116, 6.36796 ], [ 2.33071, 6.36805 ], [ 2.3308, 6.36859 ], [ 2.33125, 6.36869 ], [ 2.33134, 6.36968 ], [ 2.33088, 6.36986 ], [ 2.33043, 6.3695 ], [ 2.33061, 6.37022 ], [ 2.3298, 6.37022 ], [ 2.32971, 6.36986 ], [ 2.32953, 6.36986 ], [ 2.32926, 6.37067 ], [ 2.32962, 6.37085 ], [ 2.3288, 6.37094 ], [ 2.32889, 6.37194 ], [ 2.3307, 6.37185 ] ] ], [ [ [ 2.32201, 6.376 ], [ 2.32247, 6.37555 ], [ 2.32256, 6.37591 ], [ 2.32274, 6.37564 ], [ 2.32211, 6.37492 ], [ 2.3222, 6.37401 ], [ 2.3231, 6.37428 ], [ 2.32446, 6.37338 ], [ 2.32365, 6.37284 ], [ 2.32374, 6.37248 ], [ 2.32437, 6.37257 ], [ 2.32455, 6.3732 ], [ 2.32491, 6.3732 ], [ 2.32455, 6.37329 ], [ 2.32455, 6.37438 ], [ 2.32536, 6.37492 ], [ 2.32473, 6.3751 ], [ 2.32581, 6.37492 ], [ 2.3259, 6.37456 ], [ 2.32554, 6.37456 ], [ 2.32573, 6.37293 ], [ 2.32509, 6.37266 ], [ 2.32536, 6.37221 ], [ 2.32473, 6.37166 ], [ 2.32501, 6.3704 ], [ 2.32464, 6.36976 ], [ 2.32383, 6.36967 ], [ 2.32374, 6.36858 ], [ 2.32284, 6.36831 ], [ 2.32266, 6.36904 ], [ 2.32148, 6.36804 ], [ 2.32067, 6.36795 ], [ 2.32012, 6.36912 ], [ 2.32048, 6.36967 ], [ 2.31786, 6.36912 ], [ 2.31859, 6.36948 ], [ 2.31804, 6.37012 ], [ 2.31822, 6.37057 ], [ 2.31822, 6.37165 ], [ 2.31795, 6.37183 ], [ 2.31804, 6.37437 ], [ 2.31704, 6.37455 ], [ 2.31731, 6.37464 ], [ 2.31704, 6.37518 ], [ 2.31758, 6.37536 ], [ 2.31758, 6.376 ], [ 2.31803, 6.376 ], [ 2.31804, 6.37491 ], [ 2.3184, 6.37518 ], [ 2.31885, 6.37491 ], [ 2.31804, 6.37355 ], [ 2.31858, 6.37346 ], [ 2.31858, 6.37283 ], [ 2.31958, 6.37274 ], [ 2.3194, 6.37229 ], [ 2.31967, 6.37229 ], [ 2.32012, 6.37347 ], [ 2.32057, 6.37329 ], [ 2.3203, 6.37319 ], [ 2.3203, 6.37274 ], [ 2.32066, 6.37274 ], [ 2.32048, 6.37301 ], [ 2.32093, 6.37274 ], [ 2.32256, 6.37302 ], [ 2.32156, 6.37419 ], [ 2.32102, 6.37347 ], [ 2.32021, 6.3741 ], [ 2.32075, 6.37482 ], [ 2.32048, 6.37518 ], [ 2.32093, 6.37482 ], [ 2.32138, 6.37519 ], [ 2.32129, 6.37618 ], [ 2.32201, 6.376 ] ] ], [ [ [ 2.34109, 6.37711 ], [ 2.34073, 6.37648 ], [ 2.34173, 6.37693 ], [ 2.34109, 6.37594 ], [ 2.34046, 6.37593 ], [ 2.34091, 6.37521 ], [ 2.34019, 6.37539 ], [ 2.33974, 6.37621 ], [ 2.3401, 6.37702 ], [ 2.33983, 6.37747 ], [ 2.34109, 6.37711 ] ] ], [ [ [ 2.33404, 6.37647 ], [ 2.33296, 6.37638 ], [ 2.33305, 6.37583 ], [ 2.33268, 6.37583 ], [ 2.33268, 6.37656 ], [ 2.3307, 6.37556 ], [ 2.32979, 6.37592 ], [ 2.32898, 6.37565 ], [ 2.32871, 6.37619 ], [ 2.32843, 6.37565 ], [ 2.32816, 6.37628 ], [ 2.3278, 6.37628 ], [ 2.32789, 6.37728 ], [ 2.32816, 6.37655 ], [ 2.32825, 6.377 ], [ 2.32852, 6.37664 ], [ 2.32852, 6.37728 ], [ 2.32943, 6.37728 ], [ 2.32943, 6.37782 ], [ 2.33051, 6.37737 ], [ 2.33033, 6.37655 ], [ 2.33097, 6.37674 ], [ 2.33133, 6.37728 ], [ 2.33395, 6.37665 ], [ 2.33377, 6.37728 ], [ 2.33341, 6.37737 ], [ 2.33359, 6.37792 ], [ 2.33422, 6.37783 ], [ 2.33404, 6.37647 ] ] ], [ [ [ 2.3485, 6.38029 ], [ 2.34796, 6.37983 ], [ 2.3476, 6.37866 ], [ 2.34706, 6.37884 ], [ 2.34688, 6.37676 ], [ 2.34616, 6.37621 ], [ 2.3448, 6.37684 ], [ 2.34408, 6.37639 ], [ 2.34417, 6.37612 ], [ 2.34317, 6.37612 ], [ 2.34317, 6.37657 ], [ 2.34408, 6.37675 ], [ 2.3448, 6.37748 ], [ 2.3448, 6.37838 ], [ 2.34579, 6.37829 ], [ 2.34597, 6.37875 ], [ 2.34643, 6.37857 ], [ 2.34625, 6.3792 ], [ 2.34661, 6.37992 ], [ 2.34751, 6.38047 ], [ 2.34769, 6.38101 ], [ 2.34841, 6.38092 ], [ 2.3485, 6.38029 ] ] ], [ [ [ 2.3277, 6.38153 ], [ 2.32816, 6.38108 ], [ 2.32789, 6.38026 ], [ 2.32707, 6.37972 ], [ 2.32617, 6.38107 ], [ 2.32635, 6.38153 ], [ 2.3277, 6.38153 ] ] ], [ [ [ 2.32381, 6.38197 ], [ 2.32427, 6.38207 ], [ 2.32427, 6.38152 ], [ 2.324, 6.38161 ], [ 2.32373, 6.38107 ], [ 2.32354, 6.38152 ], [ 2.32309, 6.38143 ], [ 2.32345, 6.38062 ], [ 2.323, 6.38053 ], [ 2.32264, 6.37971 ], [ 2.32346, 6.37944 ], [ 2.32246, 6.37935 ], [ 2.3221, 6.37998 ], [ 2.32237, 6.38034 ], [ 2.32219, 6.38098 ], [ 2.32255, 6.38107 ], [ 2.32291, 6.38197 ], [ 2.32309, 6.38179 ], [ 2.32345, 6.38215 ], [ 2.32318, 6.38315 ], [ 2.32372, 6.38279 ], [ 2.32381, 6.38197 ] ] ], [ [ [ 2.32019, 6.38514 ], [ 2.32028, 6.38514 ], [ 2.32028, 6.38505 ], [ 2.32019, 6.38514 ] ] ], [ [ [ 2.32037, 6.38613 ], [ 2.32046, 6.38667 ], [ 2.32082, 6.38677 ], [ 2.32073, 6.38595 ], [ 2.32037, 6.38613 ] ] ], [ [ [ 2.33275, 6.3961 ], [ 2.33221, 6.39574 ], [ 2.33166, 6.39601 ], [ 2.33085, 6.39573 ], [ 2.33085, 6.3961 ], [ 2.3304, 6.3961 ], [ 2.32968, 6.39546 ], [ 2.32931, 6.39582 ], [ 2.32823, 6.39546 ], [ 2.32741, 6.39573 ], [ 2.32886, 6.39628 ], [ 2.32967, 6.39619 ], [ 2.33004, 6.39664 ], [ 2.33121, 6.39655 ], [ 2.33248, 6.39718 ], [ 2.3323, 6.39601 ], [ 2.33275, 6.3961 ] ] ], [ [ [ 2.336, 6.3971 ], [ 2.33682, 6.39638 ], [ 2.33429, 6.3961 ], [ 2.33411, 6.39565 ], [ 2.33347, 6.39583 ], [ 2.33402, 6.39601 ], [ 2.33356, 6.39601 ], [ 2.3332, 6.39673 ], [ 2.33401, 6.39646 ], [ 2.33383, 6.39719 ], [ 2.33474, 6.39692 ], [ 2.336, 6.3971 ] ] ], [ [ [ 2.32415, 6.40224 ], [ 2.3246, 6.40224 ], [ 2.32469, 6.40197 ], [ 2.32433, 6.40197 ], [ 2.3246, 6.40161 ], [ 2.32496, 6.40233 ], [ 2.32469, 6.4026 ], [ 2.32451, 6.40233 ], [ 2.32424, 6.40278 ], [ 2.32496, 6.40324 ], [ 2.32496, 6.40287 ], [ 2.32551, 6.40315 ], [ 2.32587, 6.4026 ], [ 2.32596, 6.40333 ], [ 2.32632, 6.40333 ], [ 2.32605, 6.40297 ], [ 2.32623, 6.40089 ], [ 2.32496, 6.40152 ], [ 2.32406, 6.40134 ], [ 2.32315, 6.40251 ], [ 2.32225, 6.40215 ], [ 2.32315, 6.40405 ], [ 2.32324, 6.40341 ], [ 2.32415, 6.40224 ] ] ], [ [ [ 2.33138, 6.40388 ], [ 2.33211, 6.40397 ], [ 2.3322, 6.40361 ], [ 2.33147, 6.40315 ], [ 2.33147, 6.4037 ], [ 2.33102, 6.4037 ], [ 2.33048, 6.40306 ], [ 2.33102, 6.4027 ], [ 2.33202, 6.40316 ], [ 2.33265, 6.40297 ], [ 2.33211, 6.40225 ], [ 2.33184, 6.40234 ], [ 2.33238, 6.40135 ], [ 2.33157, 6.4008 ], [ 2.33084, 6.40089 ], [ 2.33093, 6.40198 ], [ 2.33003, 6.40315 ], [ 2.32948, 6.40279 ], [ 2.32921, 6.40333 ], [ 2.32948, 6.40378 ], [ 2.33003, 6.40342 ], [ 2.33039, 6.40415 ], [ 2.33066, 6.4037 ], [ 2.33093, 6.40478 ], [ 2.33102, 6.40451 ], [ 2.33138, 6.40469 ], [ 2.33138, 6.40388 ] ] ], [ [ [ 2.32549, 6.41138 ], [ 2.32568, 6.41093 ], [ 2.3264, 6.41075 ], [ 2.32631, 6.41039 ], [ 2.32577, 6.41038 ], [ 2.32513, 6.41093 ], [ 2.32432, 6.41083 ], [ 2.32468, 6.4102 ], [ 2.32432, 6.40948 ], [ 2.32523, 6.40939 ], [ 2.3255, 6.40885 ], [ 2.32631, 6.40885 ], [ 2.32613, 6.4083 ], [ 2.32649, 6.40767 ], [ 2.32695, 6.40767 ], [ 2.32695, 6.40731 ], [ 2.32586, 6.40722 ], [ 2.32631, 6.40668 ], [ 2.32767, 6.4065 ], [ 2.32803, 6.40586 ], [ 2.32885, 6.4055 ], [ 2.32966, 6.40596 ], [ 2.32993, 6.40559 ], [ 2.32939, 6.40532 ], [ 2.3293, 6.40478 ], [ 2.32822, 6.40505 ], [ 2.32785, 6.40586 ], [ 2.3265, 6.40604 ], [ 2.32559, 6.40677 ], [ 2.32451, 6.40649 ], [ 2.32496, 6.40595 ], [ 2.32478, 6.40559 ], [ 2.32433, 6.40559 ], [ 2.32369, 6.40631 ], [ 2.32116, 6.40649 ], [ 2.32089, 6.40594 ], [ 2.32107, 6.40513 ], [ 2.32216, 6.40513 ], [ 2.32279, 6.40595 ], [ 2.32315, 6.40595 ], [ 2.32324, 6.40495 ], [ 2.32297, 6.40432 ], [ 2.32161, 6.40459 ], [ 2.32162, 6.40387 ], [ 2.32216, 6.40432 ], [ 2.32216, 6.40378 ], [ 2.32162, 6.40377 ], [ 2.32162, 6.40305 ], [ 2.32044, 6.40251 ], [ 2.32017, 6.40287 ], [ 2.32116, 6.40332 ], [ 2.32098, 6.4045 ], [ 2.32053, 6.40495 ], [ 2.31962, 6.40486 ], [ 2.31944, 6.40441 ], [ 2.31999, 6.40395 ], [ 2.31945, 6.40377 ], [ 2.31908, 6.40404 ], [ 2.3189, 6.40287 ], [ 2.31827, 6.40314 ], [ 2.31836, 6.4035 ], [ 2.31791, 6.40395 ], [ 2.31809, 6.40513 ], [ 2.31682, 6.40485 ], [ 2.31673, 6.40531 ], [ 2.31619, 6.40567 ], [ 2.3161, 6.40531 ], [ 2.31655, 6.40522 ], [ 2.31673, 6.40458 ], [ 2.31628, 6.40449 ], [ 2.31574, 6.40512 ], [ 2.31556, 6.4044 ], [ 2.31456, 6.40467 ], [ 2.31438, 6.40557 ], [ 2.31474, 6.40612 ], [ 2.31682, 6.40558 ], [ 2.31682, 6.40594 ], [ 2.31619, 6.40603 ], [ 2.31655, 6.4063 ], [ 2.31637, 6.40675 ], [ 2.31573, 6.40675 ], [ 2.31555, 6.40766 ], [ 2.31492, 6.40757 ], [ 2.31474, 6.40811 ], [ 2.31537, 6.40838 ], [ 2.31546, 6.40802 ], [ 2.31582, 6.40883 ], [ 2.31627, 6.40838 ], [ 2.31636, 6.40892 ], [ 2.31673, 6.40892 ], [ 2.31673, 6.40838 ], [ 2.31645, 6.40874 ], [ 2.31646, 6.40811 ], [ 2.31691, 6.40811 ], [ 2.31655, 6.40775 ], [ 2.31664, 6.40721 ], [ 2.316, 6.40784 ], [ 2.31591, 6.40684 ], [ 2.31664, 6.40684 ], [ 2.31727, 6.40621 ], [ 2.31736, 6.40648 ], [ 2.31845, 6.40639 ], [ 2.31836, 6.40694 ], [ 2.3189, 6.40703 ], [ 2.31908, 6.40612 ], [ 2.32053, 6.40603 ], [ 2.32016, 6.40694 ], [ 2.32053, 6.40694 ], [ 2.32107, 6.40775 ], [ 2.32079, 6.40993 ], [ 2.32188, 6.41074 ], [ 2.32233, 6.41029 ], [ 2.32296, 6.41047 ], [ 2.32341, 6.41174 ], [ 2.32405, 6.4112 ], [ 2.32549, 6.41138 ] ] ], [ [ [ 2.33887, 6.4199 ], [ 2.33796, 6.41972 ], [ 2.3376, 6.4189 ], [ 2.33851, 6.41881 ], [ 2.33851, 6.41746 ], [ 2.33815, 6.417 ], [ 2.3386, 6.41664 ], [ 2.33815, 6.41637 ], [ 2.33815, 6.41592 ], [ 2.33915, 6.41511 ], [ 2.33942, 6.41538 ], [ 2.3396, 6.41474 ], [ 2.34005, 6.41484 ], [ 2.33969, 6.41511 ], [ 2.3405, 6.41484 ], [ 2.34014, 6.41348 ], [ 2.34078, 6.41321 ], [ 2.3415, 6.41185 ], [ 2.34096, 6.4114 ], [ 2.34132, 6.41122 ], [ 2.34132, 6.41068 ], [ 2.34195, 6.41077 ], [ 2.34186, 6.41041 ], [ 2.34078, 6.41004 ], [ 2.34123, 6.40977 ], [ 2.34105, 6.40932 ], [ 2.34069, 6.40986 ], [ 2.34051, 6.40959 ], [ 2.33979, 6.40968 ], [ 2.33997, 6.41058 ], [ 2.34033, 6.41004 ], [ 2.34033, 6.4104 ], [ 2.34123, 6.41077 ], [ 2.34033, 6.4114 ], [ 2.34033, 6.41194 ], [ 2.33942, 6.41031 ], [ 2.33752, 6.41013 ], [ 2.33689, 6.40968 ], [ 2.33635, 6.40986 ], [ 2.33671, 6.41058 ], [ 2.33707, 6.41076 ], [ 2.33752, 6.4104 ], [ 2.33752, 6.41103 ], [ 2.33779, 6.41085 ], [ 2.33743, 6.41167 ], [ 2.33797, 6.4113 ], [ 2.33861, 6.4114 ], [ 2.33933, 6.4123 ], [ 2.33933, 6.41149 ], [ 2.33996, 6.41158 ], [ 2.33987, 6.41239 ], [ 2.34032, 6.41257 ], [ 2.33951, 6.4133 ], [ 2.33861, 6.41293 ], [ 2.33788, 6.4132 ], [ 2.33707, 6.41185 ], [ 2.33626, 6.41166 ], [ 2.33698, 6.41284 ], [ 2.33463, 6.41338 ], [ 2.33499, 6.41465 ], [ 2.33535, 6.41483 ], [ 2.33489, 6.41537 ], [ 2.33508, 6.41564 ], [ 2.33598, 6.41555 ], [ 2.3358, 6.41637 ], [ 2.33742, 6.41854 ], [ 2.33697, 6.41872 ], [ 2.33715, 6.41945 ], [ 2.33851, 6.42044 ], [ 2.33896, 6.42126 ], [ 2.33932, 6.42117 ], [ 2.33887, 6.4199 ] ] ], [ [ [ 2.32919, 6.42342 ], [ 2.32901, 6.42188 ], [ 2.32973, 6.42197 ], [ 2.32946, 6.42134 ], [ 2.32964, 6.41916 ], [ 2.32838, 6.42088 ], [ 2.32837, 6.42179 ], [ 2.32774, 6.42197 ], [ 2.32774, 6.42369 ], [ 2.32801, 6.42396 ], [ 2.32919, 6.42342 ] ] ], [ [ [ 2.32783, 6.4217 ], [ 2.3282, 6.42052 ], [ 2.32756, 6.42052 ], [ 2.32747, 6.42106 ], [ 2.32693, 6.42106 ], [ 2.32666, 6.42169 ], [ 2.32629, 6.4216 ], [ 2.32666, 6.42224 ], [ 2.32629, 6.42287 ], [ 2.32675, 6.42296 ], [ 2.32675, 6.42251 ], [ 2.32738, 6.42233 ], [ 2.32747, 6.42179 ], [ 2.32783, 6.4217 ] ] ], [ [ [ 2.33768, 6.42696 ], [ 2.3385, 6.42669 ], [ 2.33859, 6.42515 ], [ 2.33805, 6.42614 ], [ 2.33759, 6.42551 ], [ 2.33714, 6.4256 ], [ 2.33741, 6.42632 ], [ 2.33696, 6.42695 ], [ 2.33741, 6.42714 ], [ 2.33741, 6.42759 ], [ 2.3366, 6.4284 ], [ 2.33632, 6.4284 ], [ 2.33651, 6.42759 ], [ 2.33614, 6.42759 ], [ 2.33587, 6.4284 ], [ 2.33723, 6.42876 ], [ 2.33768, 6.42696 ] ] ], [ [ [ 2.34284, 6.42814 ], [ 2.34284, 6.4276 ], [ 2.3432, 6.4276 ], [ 2.34329, 6.42696 ], [ 2.34374, 6.42678 ], [ 2.34374, 6.42624 ], [ 2.34465, 6.42579 ], [ 2.34438, 6.42516 ], [ 2.3442, 6.42579 ], [ 2.34347, 6.42588 ], [ 2.34311, 6.42696 ], [ 2.34193, 6.42832 ], [ 2.34202, 6.42886 ], [ 2.34284, 6.42814 ] ] ], [ [ [ 2.3524, 6.44516 ], [ 2.35213, 6.44525 ], [ 2.35177, 6.44398 ], [ 2.35123, 6.44434 ], [ 2.35168, 6.44543 ], [ 2.35123, 6.44597 ], [ 2.35077, 6.4457 ], [ 2.35077, 6.44633 ], [ 2.35186, 6.44679 ], [ 2.3524, 6.44634 ], [ 2.35213, 6.44588 ], [ 2.3524, 6.44516 ] ] ], [ [ [ 2.35177, 6.44688 ], [ 2.35149, 6.4476 ], [ 2.35032, 6.44769 ], [ 2.3496, 6.44706 ], [ 2.3495, 6.44742 ], [ 2.34869, 6.44714 ], [ 2.34842, 6.4476 ], [ 2.34761, 6.44732 ], [ 2.34751, 6.44769 ], [ 2.34833, 6.44805 ], [ 2.35095, 6.44823 ], [ 2.35131, 6.44878 ], [ 2.35213, 6.4486 ], [ 2.35195, 6.44796 ], [ 2.35294, 6.44769 ], [ 2.35403, 6.44833 ], [ 2.35475, 6.44815 ], [ 2.35475, 6.4486 ], [ 2.35511, 6.4486 ], [ 2.35511, 6.44896 ], [ 2.35457, 6.44878 ], [ 2.35402, 6.44923 ], [ 2.35448, 6.44969 ], [ 2.35429, 6.45005 ], [ 2.35384, 6.45005 ], [ 2.35339, 6.4495 ], [ 2.35375, 6.45167 ], [ 2.35321, 6.45204 ], [ 2.35257, 6.45185 ], [ 2.35294, 6.4524 ], [ 2.35239, 6.45276 ], [ 2.3532, 6.45394 ], [ 2.35339, 6.4524 ], [ 2.35393, 6.4524 ], [ 2.35393, 6.45276 ], [ 2.35438, 6.4524 ], [ 2.35511, 6.45276 ], [ 2.35529, 6.45141 ], [ 2.35619, 6.45159 ], [ 2.35646, 6.45213 ], [ 2.35619, 6.45231 ], [ 2.3561, 6.45186 ], [ 2.35565, 6.45177 ], [ 2.35556, 6.45285 ], [ 2.35655, 6.45249 ], [ 2.357, 6.45512 ], [ 2.35646, 6.45602 ], [ 2.35619, 6.45593 ], [ 2.35628, 6.4553 ], [ 2.35564, 6.45557 ], [ 2.35564, 6.4562 ], [ 2.35619, 6.45629 ], [ 2.35564, 6.45629 ], [ 2.35528, 6.45683 ], [ 2.35564, 6.45683 ], [ 2.35537, 6.45747 ], [ 2.35618, 6.45747 ], [ 2.35637, 6.45792 ], [ 2.35609, 6.45901 ], [ 2.35564, 6.45937 ], [ 2.35582, 6.46036 ], [ 2.35555, 6.4609 ], [ 2.35609, 6.46154 ], [ 2.35572, 6.46489 ], [ 2.35627, 6.46507 ], [ 2.35636, 6.46452 ], [ 2.35681, 6.46462 ], [ 2.35708, 6.46552 ], [ 2.35735, 6.46534 ], [ 2.35717, 6.46489 ], [ 2.35789, 6.46416 ], [ 2.35663, 6.46443 ], [ 2.35681, 6.46362 ], [ 2.35627, 6.46353 ], [ 2.35618, 6.46208 ], [ 2.35672, 6.46199 ], [ 2.35681, 6.46082 ], [ 2.35708, 6.46172 ], [ 2.35799, 6.46136 ], [ 2.35772, 6.45946 ], [ 2.35817, 6.45928 ], [ 2.35781, 6.45991 ], [ 2.35826, 6.46 ], [ 2.35835, 6.45946 ], [ 2.35908, 6.45937 ], [ 2.35881, 6.45901 ], [ 2.35826, 6.45919 ], [ 2.35799, 6.45847 ], [ 2.35917, 6.4582 ], [ 2.35899, 6.4572 ], [ 2.35872, 6.4572 ], [ 2.3589, 6.45783 ], [ 2.35863, 6.45801 ], [ 2.35691, 6.45765 ], [ 2.35718, 6.4572 ], [ 2.3579, 6.45765 ], [ 2.35836, 6.45738 ], [ 2.35799, 6.45702 ], [ 2.35827, 6.45602 ], [ 2.35791, 6.45593 ], [ 2.35772, 6.45629 ], [ 2.35727, 6.45602 ], [ 2.35755, 6.45457 ], [ 2.35809, 6.45458 ], [ 2.358, 6.45421 ], [ 2.35745, 6.45448 ], [ 2.35737, 6.45358 ], [ 2.35773, 6.45331 ], [ 2.35854, 6.45358 ], [ 2.35908, 6.45295 ], [ 2.35954, 6.45322 ], [ 2.35953, 6.45539 ], [ 2.35881, 6.45512 ], [ 2.35863, 6.45539 ], [ 2.35962, 6.45602 ], [ 2.35953, 6.45783 ], [ 2.36007, 6.45774 ], [ 2.36016, 6.45838 ], [ 2.35962, 6.45874 ], [ 2.35962, 6.46136 ], [ 2.35844, 6.46308 ], [ 2.35898, 6.46317 ], [ 2.35862, 6.46389 ], [ 2.35934, 6.46408 ], [ 2.3588, 6.46489 ], [ 2.35925, 6.46498 ], [ 2.35916, 6.46616 ], [ 2.3597, 6.46679 ], [ 2.35898, 6.46769 ], [ 2.35952, 6.46815 ], [ 2.3597, 6.46905 ], [ 2.3587, 6.46968 ], [ 2.35924, 6.46968 ], [ 2.35933, 6.47032 ], [ 2.35988, 6.47041 ], [ 2.35988, 6.47077 ], [ 2.35888, 6.47068 ], [ 2.35852, 6.47131 ], [ 2.35816, 6.47122 ], [ 2.35825, 6.47077 ], [ 2.35698, 6.47077 ], [ 2.35707, 6.47122 ], [ 2.35825, 6.47131 ], [ 2.35897, 6.47204 ], [ 2.35915, 6.47158 ], [ 2.3596, 6.47168 ], [ 2.35915, 6.47231 ], [ 2.35933, 6.47249 ], [ 2.35861, 6.47285 ], [ 2.35725, 6.47267 ], [ 2.35698, 6.47321 ], [ 2.35779, 6.47294 ], [ 2.35861, 6.47321 ], [ 2.3587, 6.47385 ], [ 2.35933, 6.47412 ], [ 2.35942, 6.47466 ], [ 2.36014, 6.47466 ], [ 2.36014, 6.47566 ], [ 2.35951, 6.47557 ], [ 2.35987, 6.47611 ], [ 2.35942, 6.47674 ], [ 2.36041, 6.47756 ], [ 2.36014, 6.47846 ], [ 2.3605, 6.47882 ], [ 2.3605, 6.47955 ], [ 2.36005, 6.47991 ], [ 2.36032, 6.48054 ], [ 2.3605, 6.48018 ], [ 2.36095, 6.48027 ], [ 2.36077, 6.48136 ], [ 2.36167, 6.48127 ], [ 2.3624, 6.48163 ], [ 2.36095, 6.47982 ], [ 2.36095, 6.47765 ], [ 2.3615, 6.47747 ], [ 2.36176, 6.47955 ], [ 2.36231, 6.48045 ], [ 2.36312, 6.48073 ], [ 2.36339, 6.48199 ], [ 2.36312, 6.48236 ], [ 2.3623, 6.48172 ], [ 2.36212, 6.48281 ], [ 2.36149, 6.48199 ], [ 2.36149, 6.4829 ], [ 2.36194, 6.48326 ], [ 2.36393, 6.48335 ], [ 2.36366, 6.48417 ], [ 2.36284, 6.48426 ], [ 2.36284, 6.48398 ], [ 2.36221, 6.48416 ], [ 2.36284, 6.48435 ], [ 2.36275, 6.48498 ], [ 2.3633, 6.48534 ], [ 2.36311, 6.48616 ], [ 2.36357, 6.48616 ], [ 2.36375, 6.4857 ], [ 2.36402, 6.48598 ], [ 2.36357, 6.48643 ], [ 2.36356, 6.48715 ], [ 2.36447, 6.48742 ], [ 2.36519, 6.48815 ], [ 2.3651, 6.48932 ], [ 2.36474, 6.48978 ], [ 2.3651, 6.4905 ], [ 2.36474, 6.49095 ], [ 2.36483, 6.4914 ], [ 2.36492, 6.49104 ], [ 2.36555, 6.49141 ], [ 2.36555, 6.49222 ], [ 2.36582, 6.49222 ], [ 2.36528, 6.49285 ], [ 2.36591, 6.49403 ], [ 2.36573, 6.49466 ], [ 2.36672, 6.49548 ], [ 2.36708, 6.49503 ], [ 2.36817, 6.49521 ], [ 2.36844, 6.49675 ], [ 2.36916, 6.49747 ], [ 2.37006, 6.49774 ], [ 2.36979, 6.49811 ], [ 2.36934, 6.49792 ], [ 2.36871, 6.49801 ], [ 2.36934, 6.49874 ], [ 2.36952, 6.49847 ], [ 2.36961, 6.49892 ], [ 2.37042, 6.4991 ], [ 2.37042, 6.49937 ], [ 2.3697, 6.49955 ], [ 2.36934, 6.49901 ], [ 2.36807, 6.49937 ], [ 2.36798, 6.49837 ], [ 2.3678, 6.49837 ], [ 2.36789, 6.49973 ], [ 2.36907, 6.50037 ], [ 2.36906, 6.50073 ], [ 2.36771, 6.50109 ], [ 2.36762, 6.50154 ], [ 2.36807, 6.50181 ], [ 2.36825, 6.50136 ], [ 2.36906, 6.50181 ], [ 2.3687, 6.5019 ], [ 2.3687, 6.50245 ], [ 2.36942, 6.50227 ], [ 2.36961, 6.50254 ], [ 2.36906, 6.50317 ], [ 2.36816, 6.50263 ], [ 2.36743, 6.5029 ], [ 2.36779, 6.50371 ], [ 2.36761, 6.50462 ], [ 2.36852, 6.50417 ], [ 2.36942, 6.50444 ], [ 2.36942, 6.5048 ], [ 2.36843, 6.50561 ], [ 2.3687, 6.50625 ], [ 2.36797, 6.50643 ], [ 2.36797, 6.50606 ], [ 2.36752, 6.50606 ], [ 2.36806, 6.5076 ], [ 2.36797, 6.50833 ], [ 2.36761, 6.50851 ], [ 2.36806, 6.50914 ], [ 2.36706, 6.5095 ], [ 2.36616, 6.50932 ], [ 2.36607, 6.50995 ], [ 2.36643, 6.51013 ], [ 2.36715, 6.51004 ], [ 2.36751, 6.5105 ], [ 2.36815, 6.51014 ], [ 2.36851, 6.51113 ], [ 2.36833, 6.51158 ], [ 2.36797, 6.51158 ], [ 2.36806, 6.51104 ], [ 2.3676, 6.5114 ], [ 2.36796, 6.51303 ], [ 2.36697, 6.51348 ], [ 2.36715, 6.51457 ], [ 2.36579, 6.51484 ], [ 2.36633, 6.51502 ], [ 2.36642, 6.51592 ], [ 2.36696, 6.51629 ], [ 2.36651, 6.51674 ], [ 2.36642, 6.518 ], [ 2.36705, 6.51782 ], [ 2.36769, 6.51891 ], [ 2.36913, 6.51828 ], [ 2.36968, 6.51873 ], [ 2.36968, 6.51918 ], [ 2.36895, 6.51937 ], [ 2.36868, 6.51973 ], [ 2.36995, 6.51937 ], [ 2.37049, 6.52036 ], [ 2.37022, 6.52072 ], [ 2.36985, 6.52027 ], [ 2.36922, 6.52045 ], [ 2.3694, 6.52127 ], [ 2.37058, 6.52127 ], [ 2.37039, 6.52217 ], [ 2.3694, 6.52289 ], [ 2.36931, 6.52262 ], [ 2.36859, 6.52262 ], [ 2.36804, 6.52298 ], [ 2.36849, 6.52344 ], [ 2.36913, 6.52289 ], [ 2.36967, 6.52362 ], [ 2.36858, 6.52389 ], [ 2.36858, 6.5247 ], [ 2.36813, 6.52479 ], [ 2.3684, 6.52434 ], [ 2.36768, 6.5247 ], [ 2.36849, 6.52515 ], [ 2.3684, 6.52588 ], [ 2.36949, 6.52579 ], [ 2.36867, 6.52642 ], [ 2.36849, 6.52624 ], [ 2.36795, 6.52733 ], [ 2.36794, 6.52832 ], [ 2.36876, 6.5285 ], [ 2.36939, 6.52823 ], [ 2.36921, 6.5285 ], [ 2.36975, 6.5285 ], [ 2.36939, 6.52886 ], [ 2.36993, 6.52887 ], [ 2.36966, 6.52896 ], [ 2.37002, 6.52923 ], [ 2.36984, 6.52995 ], [ 2.37111, 6.53068 ], [ 2.37111, 6.52923 ], [ 2.37066, 6.52905 ], [ 2.37174, 6.52896 ], [ 2.37129, 6.52841 ], [ 2.37156, 6.52796 ], [ 2.36985, 6.52733 ], [ 2.37093, 6.52651 ], [ 2.36985, 6.5266 ], [ 2.36976, 6.5257 ], [ 2.37057, 6.52489 ], [ 2.37084, 6.52534 ], [ 2.37139, 6.52507 ], [ 2.3713, 6.52471 ], [ 2.37075, 6.52489 ], [ 2.37121, 6.52443 ], [ 2.37112, 6.52344 ], [ 2.37175, 6.5248 ], [ 2.37238, 6.52416 ], [ 2.37401, 6.52435 ], [ 2.37428, 6.52344 ], [ 2.37564, 6.52435 ], [ 2.37537, 6.52308 ], [ 2.37428, 6.52308 ], [ 2.37428, 6.52263 ], [ 2.37474, 6.52245 ], [ 2.37465, 6.52154 ], [ 2.37374, 6.52181 ], [ 2.37356, 6.52245 ], [ 2.3732, 6.52254 ], [ 2.37293, 6.52181 ], [ 2.37248, 6.52172 ], [ 2.37239, 6.521 ], [ 2.37347, 6.52118 ], [ 2.37338, 6.52046 ], [ 2.37383, 6.52009 ], [ 2.37411, 6.52037 ], [ 2.37383, 6.52127 ], [ 2.3742, 6.52118 ], [ 2.37483, 6.51982 ], [ 2.37646, 6.51856 ], [ 2.37673, 6.51757 ], [ 2.37718, 6.51757 ], [ 2.37737, 6.51648 ], [ 2.37682, 6.5163 ], [ 2.37619, 6.51693 ], [ 2.37565, 6.51693 ], [ 2.37465, 6.51575 ], [ 2.37384, 6.51566 ], [ 2.37375, 6.51602 ], [ 2.37429, 6.51584 ], [ 2.37502, 6.51648 ], [ 2.37511, 6.51711 ], [ 2.37284, 6.51693 ], [ 2.37266, 6.51738 ], [ 2.37329, 6.51783 ], [ 2.37266, 6.51837 ], [ 2.37257, 6.51765 ], [ 2.37212, 6.51765 ], [ 2.37176, 6.51819 ], [ 2.37103, 6.51765 ], [ 2.37085, 6.5181 ], [ 2.3713, 6.51837 ], [ 2.3713, 6.51864 ], [ 2.37094, 6.51919 ], [ 2.37049, 6.51882 ], [ 2.37103, 6.51873 ], [ 2.37103, 6.51828 ], [ 2.37022, 6.51837 ], [ 2.36977, 6.51792 ], [ 2.36859, 6.51774 ], [ 2.36832, 6.51674 ], [ 2.36868, 6.51656 ], [ 2.36823, 6.51593 ], [ 2.36905, 6.51547 ], [ 2.36841, 6.51538 ], [ 2.36851, 6.51439 ], [ 2.36905, 6.51367 ], [ 2.36959, 6.51394 ], [ 2.36959, 6.5114 ], [ 2.37032, 6.51141 ], [ 2.36996, 6.51204 ], [ 2.37023, 6.51249 ], [ 2.3705, 6.51113 ], [ 2.37032, 6.51032 ], [ 2.36969, 6.51005 ], [ 2.36996, 6.50941 ], [ 2.36923, 6.50987 ], [ 2.36851, 6.5095 ], [ 2.36906, 6.50824 ], [ 2.3696, 6.50833 ], [ 2.36896, 6.50851 ], [ 2.36905, 6.50896 ], [ 2.36978, 6.50887 ], [ 2.36933, 6.50869 ], [ 2.37059, 6.50824 ], [ 2.37132, 6.50833 ], [ 2.37195, 6.50788 ], [ 2.37177, 6.50706 ], [ 2.37331, 6.50707 ], [ 2.37421, 6.50562 ], [ 2.37403, 6.50544 ], [ 2.37494, 6.50535 ], [ 2.3744, 6.50372 ], [ 2.37295, 6.50327 ], [ 2.37295, 6.50245 ], [ 2.37205, 6.50245 ], [ 2.37223, 6.50218 ], [ 2.37404, 6.50254 ], [ 2.37404, 6.502 ], [ 2.37313, 6.50182 ], [ 2.37314, 6.50091 ], [ 2.37232, 6.50055 ], [ 2.37259, 6.49983 ], [ 2.37296, 6.49992 ], [ 2.37305, 6.50055 ], [ 2.37332, 6.50037 ], [ 2.37305, 6.49956 ], [ 2.3735, 6.49911 ], [ 2.37341, 6.49856 ], [ 2.37251, 6.49838 ], [ 2.3726, 6.49784 ], [ 2.37223, 6.49738 ], [ 2.37296, 6.4973 ], [ 2.37323, 6.49784 ], [ 2.37395, 6.49811 ], [ 2.37423, 6.49666 ], [ 2.37522, 6.4973 ], [ 2.37513, 6.49685 ], [ 2.37613, 6.49658 ], [ 2.37676, 6.49549 ], [ 2.37622, 6.49549 ], [ 2.37613, 6.49468 ], [ 2.37568, 6.49468 ], [ 2.3754, 6.49639 ], [ 2.37504, 6.49639 ], [ 2.37522, 6.49612 ], [ 2.37477, 6.49531 ], [ 2.37387, 6.49549 ], [ 2.37405, 6.49458 ], [ 2.37387, 6.49449 ], [ 2.37314, 6.49549 ], [ 2.37341, 6.49603 ], [ 2.37269, 6.49657 ], [ 2.37278, 6.49684 ], [ 2.37224, 6.49684 ], [ 2.37196, 6.49648 ], [ 2.37115, 6.49666 ], [ 2.37034, 6.49603 ], [ 2.37007, 6.4953 ], [ 2.36862, 6.49539 ], [ 2.36907, 6.4944 ], [ 2.36889, 6.49412 ], [ 2.36862, 6.49412 ], [ 2.36871, 6.49458 ], [ 2.36808, 6.49412 ], [ 2.36735, 6.49412 ], [ 2.36699, 6.49457 ], [ 2.36654, 6.49403 ], [ 2.36663, 6.49331 ], [ 2.36763, 6.49331 ], [ 2.36763, 6.49295 ], [ 2.36654, 6.49267 ], [ 2.36691, 6.49159 ], [ 2.36564, 6.49068 ], [ 2.36573, 6.49032 ], [ 2.36636, 6.49023 ], [ 2.36591, 6.48951 ], [ 2.36637, 6.4886 ], [ 2.36555, 6.48742 ], [ 2.36583, 6.48679 ], [ 2.36519, 6.48688 ], [ 2.36474, 6.48616 ], [ 2.36529, 6.48516 ], [ 2.36465, 6.48453 ], [ 2.36438, 6.48498 ], [ 2.36321, 6.48489 ], [ 2.36321, 6.48462 ], [ 2.36483, 6.48444 ], [ 2.36475, 6.48254 ], [ 2.36393, 6.48236 ], [ 2.3633, 6.48118 ], [ 2.36357, 6.48046 ], [ 2.36312, 6.48027 ], [ 2.36312, 6.47937 ], [ 2.36321, 6.47901 ], [ 2.36366, 6.47901 ], [ 2.36312, 6.47847 ], [ 2.3633, 6.4781 ], [ 2.36294, 6.4781 ], [ 2.36231, 6.47702 ], [ 2.36132, 6.47656 ], [ 2.36222, 6.47638 ], [ 2.36195, 6.47548 ], [ 2.36267, 6.47584 ], [ 2.36249, 6.4753 ], [ 2.36304, 6.4753 ], [ 2.36304, 6.47503 ], [ 2.36186, 6.47512 ], [ 2.36195, 6.47485 ], [ 2.36295, 6.47458 ], [ 2.36304, 6.47421 ], [ 2.36385, 6.4744 ], [ 2.36421, 6.47376 ], [ 2.36177, 6.47349 ], [ 2.36177, 6.47313 ], [ 2.36223, 6.47313 ], [ 2.3625, 6.47267 ], [ 2.36232, 6.47231 ], [ 2.36159, 6.47222 ], [ 2.36159, 6.47114 ], [ 2.36241, 6.47114 ], [ 2.36241, 6.47068 ], [ 2.36187, 6.47095 ], [ 2.36187, 6.47068 ], [ 2.36241, 6.47059 ], [ 2.36259, 6.47014 ], [ 2.3616, 6.46978 ], [ 2.36214, 6.46896 ], [ 2.36151, 6.46797 ], [ 2.36051, 6.46788 ], [ 2.36069, 6.46743 ], [ 2.36151, 6.46725 ], [ 2.36124, 6.46643 ], [ 2.36079, 6.46625 ], [ 2.36133, 6.46598 ], [ 2.36079, 6.46534 ], [ 2.36106, 6.46489 ], [ 2.35979, 6.46489 ], [ 2.35979, 6.46453 ], [ 2.36142, 6.46453 ], [ 2.36142, 6.46417 ], [ 2.36052, 6.46381 ], [ 2.36016, 6.46326 ], [ 2.36161, 6.46146 ], [ 2.36097, 6.46118 ], [ 2.36134, 6.46046 ], [ 2.36098, 6.45928 ], [ 2.36152, 6.45847 ], [ 2.36107, 6.45765 ], [ 2.36161, 6.45775 ], [ 2.3617, 6.45829 ], [ 2.36288, 6.45811 ], [ 2.3627, 6.45757 ], [ 2.36206, 6.45784 ], [ 2.36234, 6.45666 ], [ 2.36089, 6.45684 ], [ 2.3599, 6.45548 ], [ 2.36044, 6.45539 ], [ 2.36071, 6.45603 ], [ 2.36143, 6.4563 ], [ 2.36143, 6.45512 ], [ 2.36089, 6.45494 ], [ 2.36162, 6.45467 ], [ 2.36189, 6.45485 ], [ 2.36179, 6.45576 ], [ 2.36297, 6.45576 ], [ 2.36315, 6.45603 ], [ 2.36261, 6.45612 ], [ 2.36297, 6.45648 ], [ 2.36333, 6.4563 ], [ 2.36342, 6.45558 ], [ 2.36406, 6.45558 ], [ 2.36406, 6.45585 ], [ 2.36351, 6.45585 ], [ 2.36369, 6.45621 ], [ 2.3655, 6.45576 ], [ 2.36451, 6.4554 ], [ 2.36487, 6.45486 ], [ 2.36252, 6.45512 ], [ 2.3627, 6.45413 ], [ 2.36098, 6.45304 ], [ 2.36198, 6.45295 ], [ 2.36207, 6.4534 ], [ 2.36216, 6.45304 ], [ 2.36243, 6.45313 ], [ 2.36243, 6.45259 ], [ 2.36153, 6.45268 ], [ 2.36189, 6.45214 ], [ 2.36144, 6.45177 ], [ 2.36162, 6.45105 ], [ 2.36108, 6.45006 ], [ 2.35954, 6.45042 ], [ 2.35972, 6.44987 ], [ 2.36036, 6.44978 ], [ 2.36036, 6.44888 ], [ 2.35855, 6.44824 ], [ 2.35864, 6.4477 ], [ 2.35792, 6.44788 ], [ 2.35837, 6.44725 ], [ 2.35665, 6.44643 ], [ 2.35683, 6.4458 ], [ 2.35629, 6.44516 ], [ 2.35539, 6.44607 ], [ 2.3552, 6.44571 ], [ 2.35575, 6.44516 ], [ 2.35557, 6.44444 ], [ 2.35394, 6.44335 ], [ 2.35476, 6.44281 ], [ 2.35476, 6.44236 ], [ 2.35358, 6.44091 ], [ 2.35377, 6.43964 ], [ 2.35349, 6.43919 ], [ 2.35304, 6.43919 ], [ 2.35359, 6.43801 ], [ 2.35332, 6.43738 ], [ 2.35368, 6.43756 ], [ 2.35395, 6.43702 ], [ 2.35259, 6.43675 ], [ 2.35287, 6.43629 ], [ 2.35323, 6.43648 ], [ 2.35278, 6.43385 ], [ 2.35224, 6.43385 ], [ 2.35287, 6.43376 ], [ 2.35287, 6.43322 ], [ 2.35233, 6.43286 ], [ 2.35196, 6.43322 ], [ 2.35206, 6.43276 ], [ 2.35314, 6.43295 ], [ 2.3535, 6.43249 ], [ 2.35323, 6.43213 ], [ 2.35296, 6.43231 ], [ 2.35287, 6.43096 ], [ 2.35206, 6.43059 ], [ 2.35179, 6.42969 ], [ 2.35215, 6.42924 ], [ 2.3508, 6.42842 ], [ 2.35089, 6.42797 ], [ 2.35107, 6.42833 ], [ 2.35125, 6.42815 ], [ 2.35125, 6.42688 ], [ 2.35089, 6.42688 ], [ 2.3508, 6.42598 ], [ 2.35134, 6.42616 ], [ 2.35116, 6.42598 ], [ 2.3517, 6.42589 ], [ 2.35116, 6.42516 ], [ 2.35008, 6.42525 ], [ 2.35071, 6.42471 ], [ 2.35062, 6.42353 ], [ 2.35153, 6.42317 ], [ 2.35171, 6.42254 ], [ 2.35135, 6.42227 ], [ 2.35125, 6.42299 ], [ 2.35062, 6.42308 ], [ 2.35017, 6.42263 ], [ 2.35026, 6.42182 ], [ 2.34854, 6.42172 ], [ 2.34845, 6.42118 ], [ 2.34809, 6.42145 ], [ 2.348, 6.42046 ], [ 2.34746, 6.42 ], [ 2.34773, 6.41973 ], [ 2.34755, 6.4191 ], [ 2.34665, 6.41883 ], [ 2.3471, 6.41828 ], [ 2.34656, 6.41756 ], [ 2.34683, 6.41765 ], [ 2.34728, 6.41702 ], [ 2.34719, 6.41629 ], [ 2.34746, 6.4162 ], [ 2.34575, 6.41611 ], [ 2.34692, 6.41602 ], [ 2.34674, 6.41521 ], [ 2.34629, 6.41502 ], [ 2.34656, 6.4143 ], [ 2.3462, 6.41312 ], [ 2.34656, 6.41294 ], [ 2.34566, 6.41303 ], [ 2.34675, 6.41276 ], [ 2.34684, 6.41132 ], [ 2.34657, 6.41159 ], [ 2.34621, 6.41086 ], [ 2.34693, 6.41077 ], [ 2.34684, 6.41014 ], [ 2.34648, 6.41059 ], [ 2.34575, 6.41023 ], [ 2.34666, 6.40887 ], [ 2.34648, 6.40815 ], [ 2.34675, 6.40788 ], [ 2.34639, 6.40706 ], [ 2.34675, 6.40697 ], [ 2.34675, 6.40652 ], [ 2.34603, 6.40661 ], [ 2.34594, 6.40715 ], [ 2.3454, 6.4067 ], [ 2.34467, 6.40715 ], [ 2.34404, 6.40706 ], [ 2.34404, 6.40643 ], [ 2.34359, 6.40597 ], [ 2.34449, 6.40525 ], [ 2.34395, 6.40471 ], [ 2.34332, 6.40489 ], [ 2.34323, 6.40561 ], [ 2.34223, 6.40516 ], [ 2.34232, 6.4048 ], [ 2.34178, 6.40452 ], [ 2.3416, 6.40489 ], [ 2.34061, 6.40489 ], [ 2.34133, 6.40398 ], [ 2.34115, 6.40317 ], [ 2.34223, 6.40398 ], [ 2.34215, 6.40326 ], [ 2.34251, 6.40308 ], [ 2.34296, 6.40398 ], [ 2.34296, 6.40371 ], [ 2.34359, 6.40371 ], [ 2.34341, 6.40326 ], [ 2.34404, 6.40281 ], [ 2.34396, 6.40181 ], [ 2.34287, 6.40208 ], [ 2.34287, 6.40136 ], [ 2.34161, 6.40054 ], [ 2.34188, 6.39964 ], [ 2.34251, 6.3991 ], [ 2.34315, 6.39883 ], [ 2.34324, 6.39928 ], [ 2.34369, 6.39928 ], [ 2.3436, 6.39901 ], [ 2.34396, 6.39901 ], [ 2.34333, 6.39892 ], [ 2.34333, 6.39847 ], [ 2.34396, 6.39829 ], [ 2.3436, 6.39792 ], [ 2.34378, 6.39702 ], [ 2.34351, 6.39666 ], [ 2.34306, 6.39675 ], [ 2.3426, 6.39756 ], [ 2.34288, 6.39819 ], [ 2.34251, 6.39819 ], [ 2.34251, 6.39756 ], [ 2.34179, 6.39747 ], [ 2.34224, 6.39729 ], [ 2.34215, 6.39674 ], [ 2.34288, 6.39675 ], [ 2.34369, 6.3962 ], [ 2.34261, 6.3962 ], [ 2.34215, 6.39584 ], [ 2.34197, 6.3962 ], [ 2.34098, 6.39611 ], [ 2.3408, 6.39665 ], [ 2.34035, 6.39629 ], [ 2.33989, 6.39647 ], [ 2.34025, 6.39719 ], [ 2.33989, 6.39747 ], [ 2.34034, 6.39747 ], [ 2.34025, 6.39837 ], [ 2.33926, 6.39828 ], [ 2.33899, 6.39792 ], [ 2.33835, 6.39819 ], [ 2.33862, 6.39864 ], [ 2.33781, 6.39882 ], [ 2.33844, 6.39909 ], [ 2.33844, 6.39964 ], [ 2.33799, 6.4 ], [ 2.33781, 6.39972 ], [ 2.33718, 6.4 ], [ 2.33709, 6.39936 ], [ 2.33654, 6.39999 ], [ 2.33609, 6.39954 ], [ 2.33473, 6.39963 ], [ 2.33419, 6.39999 ], [ 2.33401, 6.39909 ], [ 2.3332, 6.39918 ], [ 2.33392, 6.399 ], [ 2.33374, 6.39872 ], [ 2.33428, 6.39854 ], [ 2.33428, 6.39809 ], [ 2.33437, 6.39845 ], [ 2.3351, 6.39827 ], [ 2.33419, 6.39764 ], [ 2.33392, 6.39836 ], [ 2.33329, 6.39845 ], [ 2.33302, 6.39909 ], [ 2.33248, 6.39827 ], [ 2.33175, 6.39836 ], [ 2.33121, 6.39754 ], [ 2.32994, 6.39791 ], [ 2.33012, 6.39845 ], [ 2.32949, 6.39872 ], [ 2.32831, 6.39854 ], [ 2.32813, 6.39899 ], [ 2.32768, 6.39899 ], [ 2.32777, 6.39962 ], [ 2.32723, 6.3998 ], [ 2.32678, 6.39944 ], [ 2.3265, 6.3998 ], [ 2.32695, 6.40333 ], [ 2.32768, 6.40324 ], [ 2.32876, 6.40225 ], [ 2.32876, 6.40179 ], [ 2.32759, 6.40188 ], [ 2.32732, 6.39989 ], [ 2.32849, 6.4008 ], [ 2.32958, 6.4008 ], [ 2.32831, 6.40035 ], [ 2.32822, 6.39971 ], [ 2.32868, 6.39899 ], [ 2.32985, 6.39917 ], [ 2.32985, 6.3999 ], [ 2.33048, 6.39962 ], [ 2.33057, 6.40026 ], [ 2.33121, 6.3999 ], [ 2.3313, 6.40026 ], [ 2.33247, 6.40062 ], [ 2.33265, 6.40108 ], [ 2.33311, 6.40017 ], [ 2.33374, 6.40044 ], [ 2.33374, 6.40108 ], [ 2.33292, 6.40171 ], [ 2.33346, 6.40216 ], [ 2.33365, 6.40171 ], [ 2.33428, 6.40162 ], [ 2.33464, 6.40271 ], [ 2.33365, 6.40216 ], [ 2.33346, 6.4028 ], [ 2.33401, 6.40325 ], [ 2.33518, 6.40343 ], [ 2.335, 6.40244 ], [ 2.33527, 6.40198 ], [ 2.335, 6.40207 ], [ 2.33482, 6.40162 ], [ 2.33537, 6.40099 ], [ 2.33582, 6.40099 ], [ 2.33645, 6.40208 ], [ 2.33609, 6.40271 ], [ 2.33554, 6.4028 ], [ 2.33563, 6.40316 ], [ 2.33663, 6.40352 ], [ 2.33663, 6.40379 ], [ 2.33545, 6.40379 ], [ 2.33608, 6.40434 ], [ 2.33563, 6.40488 ], [ 2.33518, 6.40461 ], [ 2.33518, 6.40397 ], [ 2.335, 6.40415 ], [ 2.33401, 6.40343 ], [ 2.33328, 6.40379 ], [ 2.33328, 6.40424 ], [ 2.33391, 6.40406 ], [ 2.33455, 6.40497 ], [ 2.33409, 6.40451 ], [ 2.33328, 6.40479 ], [ 2.33328, 6.40433 ], [ 2.33274, 6.4046 ], [ 2.33147, 6.40433 ], [ 2.33165, 6.40524 ], [ 2.33283, 6.40524 ], [ 2.33274, 6.40696 ], [ 2.33192, 6.40695 ], [ 2.33228, 6.40614 ], [ 2.33165, 6.40587 ], [ 2.33147, 6.40732 ], [ 2.33192, 6.40768 ], [ 2.33174, 6.40786 ], [ 2.33237, 6.40849 ], [ 2.33282, 6.40741 ], [ 2.33391, 6.40786 ], [ 2.334, 6.40877 ], [ 2.33454, 6.40877 ], [ 2.33463, 6.40976 ], [ 2.334, 6.41058 ], [ 2.33436, 6.41067 ], [ 2.33472, 6.40967 ], [ 2.33545, 6.40931 ], [ 2.33536, 6.40823 ], [ 2.33572, 6.40832 ], [ 2.33599, 6.40931 ], [ 2.33608, 6.40796 ], [ 2.33662, 6.40787 ], [ 2.33671, 6.40714 ], [ 2.33726, 6.40714 ], [ 2.33708, 6.40669 ], [ 2.33771, 6.40606 ], [ 2.33816, 6.40642 ], [ 2.33807, 6.40714 ], [ 2.33852, 6.40714 ], [ 2.33852, 6.40615 ], [ 2.33916, 6.40597 ], [ 2.33916, 6.40534 ], [ 2.33925, 6.4057 ], [ 2.33952, 6.40552 ], [ 2.34006, 6.40597 ], [ 2.34006, 6.40642 ], [ 2.33997, 6.40606 ], [ 2.33934, 6.40597 ], [ 2.33925, 6.40624 ], [ 2.33997, 6.40697 ], [ 2.34078, 6.40679 ], [ 2.34087, 6.40751 ], [ 2.33979, 6.40706 ], [ 2.33952, 6.40733 ], [ 2.33979, 6.40787 ], [ 2.33897, 6.40787 ], [ 2.3387, 6.40877 ], [ 2.33933, 6.40904 ], [ 2.34024, 6.40796 ], [ 2.34096, 6.40796 ], [ 2.34141, 6.4086 ], [ 2.34196, 6.40851 ], [ 2.34286, 6.40914 ], [ 2.34313, 6.41014 ], [ 2.34394, 6.41041 ], [ 2.3434, 6.41086 ], [ 2.34304, 6.41068 ], [ 2.34295, 6.41149 ], [ 2.34376, 6.4114 ], [ 2.34376, 6.41204 ], [ 2.34421, 6.4124 ], [ 2.34394, 6.41303 ], [ 2.34457, 6.4133 ], [ 2.34421, 6.41439 ], [ 2.3434, 6.41457 ], [ 2.34439, 6.41566 ], [ 2.34439, 6.41593 ], [ 2.34385, 6.41593 ], [ 2.34385, 6.41638 ], [ 2.34448, 6.41683 ], [ 2.34448, 6.4171 ], [ 2.34394, 6.41701 ], [ 2.34394, 6.41737 ], [ 2.34421, 6.41783 ], [ 2.34457, 6.41728 ], [ 2.34484, 6.41747 ], [ 2.34448, 6.41846 ], [ 2.34502, 6.41882 ], [ 2.34475, 6.41937 ], [ 2.34547, 6.42027 ], [ 2.34547, 6.4209 ], [ 2.34456, 6.42117 ], [ 2.3442, 6.42072 ], [ 2.34366, 6.42081 ], [ 2.34312, 6.41991 ], [ 2.34294, 6.42054 ], [ 2.34167, 6.4199 ], [ 2.34131, 6.41918 ], [ 2.34068, 6.42008 ], [ 2.34113, 6.42072 ], [ 2.34104, 6.42144 ], [ 2.33977, 6.42144 ], [ 2.33977, 6.4218 ], [ 2.34076, 6.42216 ], [ 2.34131, 6.42307 ], [ 2.34103, 6.42416 ], [ 2.33932, 6.42388 ], [ 2.33932, 6.42334 ], [ 2.34022, 6.4228 ], [ 2.34004, 6.42234 ], [ 2.33923, 6.42234 ], [ 2.33905, 6.42289 ], [ 2.33859, 6.42298 ], [ 2.33877, 6.42361 ], [ 2.33841, 6.42388 ], [ 2.33742, 6.42361 ], [ 2.33751, 6.42334 ], [ 2.33669, 6.42352 ], [ 2.33588, 6.42315 ], [ 2.33624, 6.42361 ], [ 2.33588, 6.42406 ], [ 2.33624, 6.42433 ], [ 2.33733, 6.42406 ], [ 2.33751, 6.42442 ], [ 2.3376, 6.42406 ], [ 2.33823, 6.42406 ], [ 2.33868, 6.42488 ], [ 2.3394, 6.42433 ], [ 2.33995, 6.42434 ], [ 2.34058, 6.42488 ], [ 2.34212, 6.4238 ], [ 2.34357, 6.42398 ], [ 2.34411, 6.4247 ], [ 2.34528, 6.4238 ], [ 2.34619, 6.42407 ], [ 2.34592, 6.42498 ], [ 2.34664, 6.42543 ], [ 2.34673, 6.42633 ], [ 2.347, 6.42606 ], [ 2.347, 6.42642 ], [ 2.34763, 6.4267 ], [ 2.34745, 6.42742 ], [ 2.34826, 6.42806 ], [ 2.34908, 6.4295 ], [ 2.34889, 6.43059 ], [ 2.34925, 6.43113 ], [ 2.34898, 6.43104 ], [ 2.34898, 6.43149 ], [ 2.34952, 6.43158 ], [ 2.34961, 6.43222 ], [ 2.34989, 6.43222 ], [ 2.34943, 6.43367 ], [ 2.34997, 6.43439 ], [ 2.3507, 6.43448 ], [ 2.35061, 6.4353 ], [ 2.34979, 6.43575 ], [ 2.35024, 6.4362 ], [ 2.35006, 6.43683 ], [ 2.35078, 6.4381 ], [ 2.35205, 6.43892 ], [ 2.35178, 6.43928 ], [ 2.35105, 6.43919 ], [ 2.35087, 6.43964 ], [ 2.3515, 6.43955 ], [ 2.35141, 6.44009 ], [ 2.35232, 6.44064 ], [ 2.35277, 6.44154 ], [ 2.3525, 6.44226 ], [ 2.35349, 6.44308 ], [ 2.35376, 6.44389 ], [ 2.35394, 6.44579 ], [ 2.35358, 6.44625 ], [ 2.35231, 6.44643 ], [ 2.35231, 6.44724 ], [ 2.35195, 6.44733 ], [ 2.35177, 6.44688 ] ], [ [ 2.35692, 6.45123 ], [ 2.35809, 6.45195 ], [ 2.35809, 6.45249 ], [ 2.35854, 6.4524 ], [ 2.35818, 6.45159 ], [ 2.35909, 6.45186 ], [ 2.35936, 6.45241 ], [ 2.35927, 6.45268 ], [ 2.35809, 6.45268 ], [ 2.35809, 6.45295 ], [ 2.35719, 6.45249 ], [ 2.35692, 6.45123 ] ], [ [ 2.34293, 6.42325 ], [ 2.34302, 6.42244 ], [ 2.34393, 6.42271 ], [ 2.34574, 6.42253 ], [ 2.34583, 6.42362 ], [ 2.34519, 6.42317 ], [ 2.34447, 6.42389 ], [ 2.34293, 6.42325 ] ] ], [ [ [ 2.35445, 6.46995 ], [ 2.35535, 6.47049 ], [ 2.35536, 6.46995 ], [ 2.35572, 6.46977 ], [ 2.35427, 6.46923 ], [ 2.35318, 6.46995 ], [ 2.35282, 6.46959 ], [ 2.35219, 6.46977 ], [ 2.35192, 6.4704 ], [ 2.35219, 6.47112 ], [ 2.35309, 6.47022 ], [ 2.35327, 6.47058 ], [ 2.35264, 6.4714 ], [ 2.35327, 6.47149 ], [ 2.354, 6.47094 ], [ 2.35445, 6.46995 ] ] ], [ [ [ 2.35662, 6.47258 ], [ 2.35698, 6.4714 ], [ 2.35671, 6.4714 ], [ 2.35617, 6.47176 ], [ 2.35644, 6.47375 ], [ 2.35571, 6.47393 ], [ 2.35634, 6.4742 ], [ 2.35589, 6.47538 ], [ 2.3568, 6.47547 ], [ 2.35662, 6.47258 ] ] ], [ [ [ 2.34954, 6.62863 ], [ 2.35, 6.6279 ], [ 2.35036, 6.62809 ], [ 2.35009, 6.62845 ], [ 2.35045, 6.62836 ], [ 2.3509, 6.6289 ], [ 2.35162, 6.6289 ], [ 2.35226, 6.62845 ], [ 2.35217, 6.62818 ], [ 2.35271, 6.62863 ], [ 2.35352, 6.62845 ], [ 2.35398, 6.62872 ], [ 2.35434, 6.62782 ], [ 2.35325, 6.62764 ], [ 2.35289, 6.62791 ], [ 2.35262, 6.62718 ], [ 2.35352, 6.62709 ], [ 2.35353, 6.62682 ], [ 2.35561, 6.62692 ], [ 2.35642, 6.62574 ], [ 2.35805, 6.62638 ], [ 2.35796, 6.62701 ], [ 2.35841, 6.62746 ], [ 2.35787, 6.6281 ], [ 2.35805, 6.62855 ], [ 2.3594, 6.62864 ], [ 2.35959, 6.62792 ], [ 2.35913, 6.62783 ], [ 2.35959, 6.62783 ], [ 2.35959, 6.62674 ], [ 2.36104, 6.6252 ], [ 2.36086, 6.62466 ], [ 2.36122, 6.62403 ], [ 2.36077, 6.62421 ], [ 2.36059, 6.62385 ], [ 2.36267, 6.62358 ], [ 2.3633, 6.62313 ], [ 2.36439, 6.62304 ], [ 2.36457, 6.62331 ], [ 2.36484, 6.62259 ], [ 2.3643, 6.62277 ], [ 2.3643, 6.62222 ], [ 2.36493, 6.62222 ], [ 2.36538, 6.62268 ], [ 2.36584, 6.62186 ], [ 2.36538, 6.62204 ], [ 2.36448, 6.6215 ], [ 2.36439, 6.62105 ], [ 2.3652, 6.62114 ], [ 2.36529, 6.62069 ], [ 2.36493, 6.62023 ], [ 2.36412, 6.62023 ], [ 2.36376, 6.6196 ], [ 2.36385, 6.62105 ], [ 2.36285, 6.62077 ], [ 2.36195, 6.62113 ], [ 2.36168, 6.62141 ], [ 2.36176, 6.62267 ], [ 2.36095, 6.62222 ], [ 2.36032, 6.62321 ], [ 2.3586, 6.62312 ], [ 2.35932, 6.62394 ], [ 2.35923, 6.62484 ], [ 2.3566, 6.62502 ], [ 2.35579, 6.62465 ], [ 2.35543, 6.62529 ], [ 2.35479, 6.6252 ], [ 2.35407, 6.62574 ], [ 2.35335, 6.62538 ], [ 2.35154, 6.62555 ], [ 2.35172, 6.62528 ], [ 2.35145, 6.62528 ], [ 2.35081, 6.62619 ], [ 2.34855, 6.62627 ], [ 2.34701, 6.6269 ], [ 2.34592, 6.62808 ], [ 2.34629, 6.62844 ], [ 2.34683, 6.62817 ], [ 2.34773, 6.62862 ], [ 2.34828, 6.62835 ], [ 2.34827, 6.6289 ], [ 2.34782, 6.62872 ], [ 2.348, 6.62917 ], [ 2.34954, 6.62863 ] ] ], [ [ [ 2.35669, 6.62882 ], [ 2.35732, 6.62855 ], [ 2.35696, 6.628 ], [ 2.35642, 6.62827 ], [ 2.35624, 6.62782 ], [ 2.35497, 6.62755 ], [ 2.35488, 6.62845 ], [ 2.35443, 6.62881 ], [ 2.35479, 6.62927 ], [ 2.35533, 6.62873 ], [ 2.35669, 6.62882 ] ] ], [ [ [ 2.33986, 6.63097 ], [ 2.34031, 6.63006 ], [ 2.34131, 6.62988 ], [ 2.34131, 6.63043 ], [ 2.34158, 6.63043 ], [ 2.34257, 6.62952 ], [ 2.3433, 6.62952 ], [ 2.34348, 6.62916 ], [ 2.34285, 6.62916 ], [ 2.34303, 6.62871 ], [ 2.34411, 6.62907 ], [ 2.34448, 6.6288 ], [ 2.3433, 6.62762 ], [ 2.3424, 6.62726 ], [ 2.34149, 6.62744 ], [ 2.3414, 6.62789 ], [ 2.3405, 6.62771 ], [ 2.34031, 6.62798 ], [ 2.34086, 6.62825 ], [ 2.34086, 6.62862 ], [ 2.33977, 6.62907 ], [ 2.33968, 6.62961 ], [ 2.33877, 6.62943 ], [ 2.33832, 6.6297 ], [ 2.33814, 6.62952 ], [ 2.3385, 6.62852 ], [ 2.33832, 6.62816 ], [ 2.33778, 6.62952 ], [ 2.33733, 6.62988 ], [ 2.33597, 6.62997 ], [ 2.33669, 6.63042 ], [ 2.33579, 6.63078 ], [ 2.33769, 6.63078 ], [ 2.33823, 6.63142 ], [ 2.33886, 6.63097 ], [ 2.33986, 6.63097 ] ] ], [ [ [ 2.37023, 6.6548 ], [ 2.36996, 6.65389 ], [ 2.37032, 6.65326 ], [ 2.37005, 6.65317 ], [ 2.36941, 6.65389 ], [ 2.3696, 6.65272 ], [ 2.36914, 6.65254 ], [ 2.36915, 6.6519 ], [ 2.3686, 6.65181 ], [ 2.36842, 6.65136 ], [ 2.36806, 6.65163 ], [ 2.36761, 6.65091 ], [ 2.36734, 6.65118 ], [ 2.36734, 6.65018 ], [ 2.3667, 6.6509 ], [ 2.3667, 6.65009 ], [ 2.36625, 6.65009 ], [ 2.3668, 6.64973 ], [ 2.36625, 6.64909 ], [ 2.36752, 6.64855 ], [ 2.36689, 6.64665 ], [ 2.3677, 6.64747 ], [ 2.3678, 6.64656 ], [ 2.36879, 6.6472 ], [ 2.3696, 6.64693 ], [ 2.36897, 6.64638 ], [ 2.36906, 6.64566 ], [ 2.36879, 6.64584 ], [ 2.36852, 6.64539 ], [ 2.36798, 6.64539 ], [ 2.36762, 6.64267 ], [ 2.36825, 6.64276 ], [ 2.36807, 6.64222 ], [ 2.36717, 6.64195 ], [ 2.3669, 6.64222 ], [ 2.36708, 6.64294 ], [ 2.36671, 6.64312 ], [ 2.36662, 6.64258 ], [ 2.36644, 6.64249 ], [ 2.36653, 6.64367 ], [ 2.36508, 6.6443 ], [ 2.36508, 6.64367 ], [ 2.36563, 6.64321 ], [ 2.36545, 6.64276 ], [ 2.365, 6.64267 ], [ 2.36527, 6.6433 ], [ 2.36463, 6.64321 ], [ 2.36463, 6.64348 ], [ 2.36391, 6.64321 ], [ 2.36373, 6.64276 ], [ 2.36346, 6.64312 ], [ 2.3631, 6.64285 ], [ 2.36282, 6.64384 ], [ 2.36237, 6.64384 ], [ 2.36219, 6.64303 ], [ 2.36156, 6.64303 ], [ 2.36192, 6.64194 ], [ 2.36147, 6.64203 ], [ 2.36138, 6.64248 ], [ 2.36083, 6.64176 ], [ 2.36111, 6.64122 ], [ 2.36147, 6.64122 ], [ 2.36102, 6.64104 ], [ 2.36102, 6.63995 ], [ 2.36174, 6.63968 ], [ 2.36174, 6.63932 ], [ 2.3631, 6.63887 ], [ 2.36292, 6.63805 ], [ 2.36256, 6.63823 ], [ 2.36147, 6.63787 ], [ 2.36156, 6.63706 ], [ 2.36247, 6.63661 ], [ 2.36202, 6.63724 ], [ 2.36211, 6.63796 ], [ 2.36238, 6.63796 ], [ 2.36328, 6.63706 ], [ 2.36292, 6.63597 ], [ 2.36491, 6.63534 ], [ 2.36482, 6.6348 ], [ 2.36519, 6.63453 ], [ 2.36564, 6.63507 ], [ 2.36627, 6.63489 ], [ 2.36663, 6.63435 ], [ 2.36691, 6.63453 ], [ 2.36673, 6.63363 ], [ 2.36618, 6.63371 ], [ 2.36618, 6.63326 ], [ 2.36528, 6.63308 ], [ 2.36492, 6.63245 ], [ 2.36573, 6.63236 ], [ 2.36582, 6.63263 ], [ 2.36609, 6.632 ], [ 2.36655, 6.63209 ], [ 2.36691, 6.63308 ], [ 2.36772, 6.63308 ], [ 2.36808, 6.63245 ], [ 2.36691, 6.63154 ], [ 2.36754, 6.63082 ], [ 2.36754, 6.63019 ], [ 2.36682, 6.6301 ], [ 2.36664, 6.62973 ], [ 2.36574, 6.62991 ], [ 2.36573, 6.63046 ], [ 2.3651, 6.63082 ], [ 2.36537, 6.63145 ], [ 2.36664, 6.63082 ], [ 2.36673, 6.63127 ], [ 2.36619, 6.63191 ], [ 2.36546, 6.6319 ], [ 2.36501, 6.63091 ], [ 2.36492, 6.63218 ], [ 2.36275, 6.63181 ], [ 2.36266, 6.63045 ], [ 2.36338, 6.63027 ], [ 2.36293, 6.63091 ], [ 2.36356, 6.631 ], [ 2.36438, 6.62901 ], [ 2.36483, 6.62946 ], [ 2.36501, 6.62883 ], [ 2.36547, 6.62865 ], [ 2.36538, 6.62801 ], [ 2.3661, 6.62738 ], [ 2.36628, 6.62774 ], [ 2.36646, 6.6272 ], [ 2.36583, 6.6263 ], [ 2.36511, 6.62657 ], [ 2.3642, 6.62593 ], [ 2.36402, 6.62657 ], [ 2.36339, 6.62665 ], [ 2.36239, 6.62656 ], [ 2.3623, 6.62602 ], [ 2.36194, 6.62611 ], [ 2.3623, 6.62629 ], [ 2.36194, 6.62647 ], [ 2.36221, 6.62665 ], [ 2.36203, 6.62711 ], [ 2.36257, 6.62674 ], [ 2.36266, 6.62702 ], [ 2.36194, 6.62783 ], [ 2.3613, 6.62774 ], [ 2.36121, 6.62738 ], [ 2.36067, 6.62783 ], [ 2.35968, 6.62792 ], [ 2.35986, 6.62846 ], [ 2.35958, 6.62873 ], [ 2.36158, 6.62837 ], [ 2.36139, 6.62882 ], [ 2.36176, 6.62855 ], [ 2.36194, 6.62882 ], [ 2.3604, 6.6309 ], [ 2.36003, 6.6309 ], [ 2.35985, 6.63126 ], [ 2.36012, 6.63145 ], [ 2.35895, 6.63135 ], [ 2.35949, 6.63199 ], [ 2.35958, 6.63181 ], [ 2.35994, 6.63181 ], [ 2.35967, 6.63226 ], [ 2.3594, 6.63208 ], [ 2.35886, 6.63244 ], [ 2.35895, 6.63208 ], [ 2.35849, 6.63199 ], [ 2.35849, 6.63325 ], [ 2.35795, 6.63361 ], [ 2.35795, 6.63416 ], [ 2.35722, 6.63506 ], [ 2.35713, 6.63606 ], [ 2.3574, 6.63633 ], [ 2.35722, 6.63669 ], [ 2.35785, 6.63696 ], [ 2.35758, 6.6375 ], [ 2.35794, 6.63823 ], [ 2.35758, 6.63886 ], [ 2.35659, 6.63886 ], [ 2.35686, 6.63967 ], [ 2.35622, 6.64013 ], [ 2.35713, 6.64049 ], [ 2.3574, 6.64239 ], [ 2.35649, 6.64284 ], [ 2.35767, 6.64347 ], [ 2.35793, 6.64565 ], [ 2.35839, 6.64592 ], [ 2.35839, 6.64637 ], [ 2.35911, 6.64628 ], [ 2.35893, 6.64691 ], [ 2.35947, 6.64755 ], [ 2.35974, 6.64692 ], [ 2.36074, 6.64655 ], [ 2.362, 6.64809 ], [ 2.36291, 6.64855 ], [ 2.36354, 6.64963 ], [ 2.36327, 6.65054 ], [ 2.36281, 6.65072 ], [ 2.36354, 6.65153 ], [ 2.36281, 6.6518 ], [ 2.36263, 6.65135 ], [ 2.36245, 6.65208 ], [ 2.36218, 6.65171 ], [ 2.36136, 6.6518 ], [ 2.36127, 6.65225 ], [ 2.36028, 6.65234 ], [ 2.36001, 6.65289 ], [ 2.35874, 6.65234 ], [ 2.3582, 6.65297 ], [ 2.35847, 6.65352 ], [ 2.35964, 6.65343 ], [ 2.36028, 6.65397 ], [ 2.36028, 6.65352 ], [ 2.36136, 6.65343 ], [ 2.36046, 6.65415 ], [ 2.36172, 6.65397 ], [ 2.36172, 6.65334 ], [ 2.36236, 6.65343 ], [ 2.36218, 6.65416 ], [ 2.36281, 6.65461 ], [ 2.36326, 6.65434 ], [ 2.36408, 6.65461 ], [ 2.36389, 6.65425 ], [ 2.36435, 6.6538 ], [ 2.3648, 6.6547 ], [ 2.36552, 6.65479 ], [ 2.36606, 6.65534 ], [ 2.36643, 6.65479 ], [ 2.36797, 6.65516 ], [ 2.36842, 6.65453 ], [ 2.36878, 6.65471 ], [ 2.36914, 6.65426 ], [ 2.36923, 6.65462 ], [ 2.36851, 6.65552 ], [ 2.37023, 6.6548 ] ], [ [ 2.36517, 6.64566 ], [ 2.36563, 6.64529 ], [ 2.36626, 6.64539 ], [ 2.36653, 6.6462 ], [ 2.36662, 6.64593 ], [ 2.36707, 6.64611 ], [ 2.36644, 6.64674 ], [ 2.36617, 6.6462 ], [ 2.36608, 6.64692 ], [ 2.36599, 6.64665 ], [ 2.36517, 6.64674 ], [ 2.36517, 6.64566 ] ] ], [ [ [ 2.34285, 6.69538 ], [ 2.34285, 6.69511 ], [ 2.3414, 6.69466 ], [ 2.3405, 6.69484 ], [ 2.3405, 6.69312 ], [ 2.34014, 6.69303 ], [ 2.34032, 6.69393 ], [ 2.34005, 6.69402 ], [ 2.33932, 6.69366 ], [ 2.33905, 6.69393 ], [ 2.33733, 6.69375 ], [ 2.33697, 6.69266 ], [ 2.33679, 6.69366 ], [ 2.33706, 6.69393 ], [ 2.33878, 6.69438 ], [ 2.33986, 6.6942 ], [ 2.34104, 6.69565 ], [ 2.34149, 6.69529 ], [ 2.34285, 6.69538 ] ] ], [ [ [ 2.35642, 6.69558 ], [ 2.35724, 6.69595 ], [ 2.35796, 6.69577 ], [ 2.35823, 6.69522 ], [ 2.3585, 6.69531 ], [ 2.35823, 6.69396 ], [ 2.35896, 6.6936 ], [ 2.35733, 6.69387 ], [ 2.35661, 6.69332 ], [ 2.35652, 6.6926 ], [ 2.35606, 6.69224 ], [ 2.35642, 6.69368 ], [ 2.35697, 6.69396 ], [ 2.35688, 6.69441 ], [ 2.35633, 6.69468 ], [ 2.35642, 6.69504 ], [ 2.35507, 6.69404 ], [ 2.35443, 6.69413 ], [ 2.35425, 6.69449 ], [ 2.35335, 6.69449 ], [ 2.35344, 6.69495 ], [ 2.35443, 6.69513 ], [ 2.35506, 6.69567 ], [ 2.35479, 6.69676 ], [ 2.35642, 6.69558 ] ] ], [ [ [ 2.34963, 6.70281 ], [ 2.34917, 6.7029 ], [ 2.34935, 6.70218 ], [ 2.34863, 6.70145 ], [ 2.34908, 6.70127 ], [ 2.34981, 6.70191 ], [ 2.3508, 6.701 ], [ 2.35053, 6.70091 ], [ 2.35053, 6.69992 ], [ 2.35108, 6.69956 ], [ 2.35053, 6.6991 ], [ 2.35054, 6.69811 ], [ 2.35126, 6.69766 ], [ 2.35198, 6.69838 ], [ 2.35199, 6.69739 ], [ 2.35253, 6.6973 ], [ 2.35271, 6.69766 ], [ 2.35271, 6.69703 ], [ 2.35307, 6.69703 ], [ 2.3537, 6.69793 ], [ 2.35398, 6.69739 ], [ 2.35443, 6.69748 ], [ 2.35443, 6.69712 ], [ 2.35389, 6.69712 ], [ 2.35398, 6.69676 ], [ 2.35461, 6.69658 ], [ 2.35407, 6.69558 ], [ 2.35226, 6.69503 ], [ 2.35262, 6.69458 ], [ 2.35208, 6.69431 ], [ 2.35154, 6.69458 ], [ 2.35217, 6.6954 ], [ 2.35217, 6.69585 ], [ 2.35172, 6.69603 ], [ 2.3518, 6.69666 ], [ 2.35099, 6.69639 ], [ 2.3509, 6.69666 ], [ 2.34972, 6.69657 ], [ 2.34936, 6.69621 ], [ 2.34882, 6.69666 ], [ 2.34801, 6.69602 ], [ 2.34837, 6.69584 ], [ 2.34846, 6.69503 ], [ 2.34774, 6.69503 ], [ 2.34764, 6.69593 ], [ 2.3481, 6.69657 ], [ 2.34791, 6.69702 ], [ 2.34701, 6.6962 ], [ 2.34665, 6.6953 ], [ 2.34475, 6.69512 ], [ 2.34466, 6.69457 ], [ 2.34403, 6.69457 ], [ 2.34403, 6.69403 ], [ 2.34294, 6.69448 ], [ 2.34294, 6.69339 ], [ 2.34276, 6.69376 ], [ 2.34249, 6.69285 ], [ 2.34258, 6.69457 ], [ 2.34312, 6.69493 ], [ 2.34294, 6.69511 ], [ 2.34439, 6.69521 ], [ 2.34466, 6.69647 ], [ 2.3452, 6.69647 ], [ 2.34538, 6.69693 ], [ 2.34619, 6.69684 ], [ 2.34674, 6.69774 ], [ 2.34818, 6.69756 ], [ 2.34864, 6.6982 ], [ 2.35026, 6.69847 ], [ 2.34999, 6.69928 ], [ 2.34981, 6.69892 ], [ 2.34927, 6.69901 ], [ 2.34945, 6.69928 ], [ 2.34909, 6.69964 ], [ 2.34981, 6.69946 ], [ 2.34981, 6.70037 ], [ 2.34954, 6.70028 ], [ 2.34881, 6.70109 ], [ 2.34845, 6.701 ], [ 2.34845, 6.70227 ], [ 2.34809, 6.70236 ], [ 2.34845, 6.70353 ], [ 2.34917, 6.70353 ], [ 2.34963, 6.70281 ] ] ], [ [ [ 2.38789, 6.48781 ], [ 2.38853, 6.48754 ], [ 2.38871, 6.48673 ], [ 2.38934, 6.48664 ], [ 2.38871, 6.48655 ], [ 2.38817, 6.48682 ], [ 2.38763, 6.48546 ], [ 2.38726, 6.48546 ], [ 2.38663, 6.48591 ], [ 2.38717, 6.48682 ], [ 2.38654, 6.48691 ], [ 2.38645, 6.48745 ], [ 2.38699, 6.48781 ], [ 2.38681, 6.48808 ], [ 2.38717, 6.48808 ], [ 2.38708, 6.48845 ], [ 2.38844, 6.48836 ], [ 2.38789, 6.48781 ] ] ], [ [ [ 2.38173, 6.49984 ], [ 2.38245, 6.49957 ], [ 2.38309, 6.5002 ], [ 2.38381, 6.49966 ], [ 2.38508, 6.50002 ], [ 2.3858, 6.49948 ], [ 2.38526, 6.49903 ], [ 2.38517, 6.49831 ], [ 2.38472, 6.4983 ], [ 2.38462, 6.49939 ], [ 2.3839, 6.49921 ], [ 2.38336, 6.49957 ], [ 2.38254, 6.49921 ], [ 2.38236, 6.49948 ], [ 2.38056, 6.49866 ], [ 2.3801, 6.49957 ], [ 2.37983, 6.49857 ], [ 2.37902, 6.49812 ], [ 2.37902, 6.49893 ], [ 2.37956, 6.49966 ], [ 2.37884, 6.49975 ], [ 2.37938, 6.49984 ], [ 2.37929, 6.50011 ], [ 2.37983, 6.50038 ], [ 2.37983, 6.50011 ], [ 2.38028, 6.50011 ], [ 2.38119, 6.50056 ], [ 2.38209, 6.50047 ], [ 2.38173, 6.49984 ] ] ], [ [ [ 2.37802, 6.50255 ], [ 2.37766, 6.50246 ], [ 2.37775, 6.50219 ], [ 2.3782, 6.50255 ], [ 2.37856, 6.50228 ], [ 2.37847, 6.50119 ], [ 2.37874, 6.5011 ], [ 2.37757, 6.50101 ], [ 2.37757, 6.50065 ], [ 2.37721, 6.50065 ], [ 2.37711, 6.50137 ], [ 2.37648, 6.50155 ], [ 2.3763, 6.50218 ], [ 2.37693, 6.503 ], [ 2.37802, 6.50255 ] ] ], [ [ [ 2.38869, 6.50609 ], [ 2.38887, 6.50528 ], [ 2.38959, 6.50573 ], [ 2.38995, 6.50519 ], [ 2.38833, 6.50491 ], [ 2.38724, 6.50555 ], [ 2.38751, 6.50627 ], [ 2.38814, 6.50654 ], [ 2.38869, 6.50609 ] ] ], [ [ [ 2.38561, 6.50672 ], [ 2.38507, 6.50636 ], [ 2.38543, 6.50563 ], [ 2.38489, 6.50464 ], [ 2.38525, 6.50473 ], [ 2.38652, 6.50464 ], [ 2.38598, 6.50383 ], [ 2.38507, 6.5041 ], [ 2.38453, 6.50373 ], [ 2.38399, 6.50418 ], [ 2.38399, 6.50455 ], [ 2.38462, 6.50464 ], [ 2.38425, 6.5059 ], [ 2.3848, 6.50726 ], [ 2.38425, 6.50771 ], [ 2.38507, 6.5078 ], [ 2.38507, 6.50708 ], [ 2.38561, 6.50672 ] ] ], [ [ [ 2.38136, 6.50671 ], [ 2.38091, 6.50626 ], [ 2.37973, 6.50689 ], [ 2.37937, 6.50762 ], [ 2.38036, 6.5078 ], [ 2.38082, 6.50717 ], [ 2.381, 6.50771 ], [ 2.38045, 6.50798 ], [ 2.38091, 6.50825 ], [ 2.38154, 6.50798 ], [ 2.38136, 6.50671 ] ] ], [ [ [ 2.37928, 6.50852 ], [ 2.38054, 6.50825 ], [ 2.3791, 6.50807 ], [ 2.37892, 6.50725 ], [ 2.3781, 6.50734 ], [ 2.37837, 6.50743 ], [ 2.37828, 6.50789 ], [ 2.37738, 6.50752 ], [ 2.37856, 6.50599 ], [ 2.37919, 6.50608 ], [ 2.3791, 6.50572 ], [ 2.37792, 6.50581 ], [ 2.37774, 6.50544 ], [ 2.3772, 6.50571 ], [ 2.37693, 6.50517 ], [ 2.37648, 6.50562 ], [ 2.3753, 6.5058 ], [ 2.37602, 6.50617 ], [ 2.37584, 6.5077 ], [ 2.37629, 6.50807 ], [ 2.37674, 6.5077 ], [ 2.37692, 6.5087 ], [ 2.37747, 6.50861 ], [ 2.37747, 6.50924 ], [ 2.37783, 6.50951 ], [ 2.379, 6.50952 ], [ 2.37909, 6.50915 ], [ 2.37982, 6.50906 ], [ 2.37964, 6.5097 ], [ 2.37991, 6.50988 ], [ 2.38027, 6.50961 ], [ 2.38018, 6.50916 ], [ 2.37928, 6.50852 ] ] ], [ [ [ 2.37837, 6.51304 ], [ 2.37837, 6.51232 ], [ 2.37773, 6.51214 ], [ 2.37783, 6.51169 ], [ 2.37692, 6.51196 ], [ 2.3771, 6.51132 ], [ 2.37665, 6.51123 ], [ 2.37647, 6.51177 ], [ 2.37565, 6.51177 ], [ 2.37602, 6.51159 ], [ 2.37593, 6.51114 ], [ 2.37656, 6.51114 ], [ 2.37656, 6.51069 ], [ 2.37629, 6.51033 ], [ 2.37584, 6.51042 ], [ 2.37584, 6.50933 ], [ 2.37539, 6.50897 ], [ 2.37548, 6.50969 ], [ 2.37493, 6.50987 ], [ 2.37457, 6.50888 ], [ 2.37548, 6.50861 ], [ 2.37503, 6.5077 ], [ 2.37385, 6.5077 ], [ 2.37358, 6.50788 ], [ 2.37376, 6.50824 ], [ 2.3734, 6.50815 ], [ 2.37367, 6.50942 ], [ 2.37421, 6.5096 ], [ 2.37358, 6.5106 ], [ 2.37303, 6.50996 ], [ 2.3724, 6.51005 ], [ 2.37231, 6.50933 ], [ 2.37285, 6.50906 ], [ 2.37249, 6.50833 ], [ 2.37204, 6.50933 ], [ 2.37159, 6.50942 ], [ 2.37159, 6.50996 ], [ 2.37204, 6.51005 ], [ 2.37195, 6.51059 ], [ 2.37104, 6.51095 ], [ 2.37149, 6.51086 ], [ 2.37131, 6.51141 ], [ 2.37186, 6.51168 ], [ 2.3714, 6.51186 ], [ 2.37113, 6.51141 ], [ 2.37104, 6.51177 ], [ 2.37131, 6.51195 ], [ 2.37204, 6.51195 ], [ 2.37195, 6.51231 ], [ 2.3724, 6.51277 ], [ 2.37276, 6.51258 ], [ 2.37231, 6.5124 ], [ 2.37231, 6.51195 ], [ 2.3733, 6.51231 ], [ 2.37421, 6.51177 ], [ 2.37439, 6.5125 ], [ 2.37529, 6.5125 ], [ 2.3752, 6.51295 ], [ 2.37574, 6.51268 ], [ 2.37601, 6.51331 ], [ 2.37746, 6.5134 ], [ 2.37837, 6.51304 ] ] ], [ [ [ 2.38034, 6.52616 ], [ 2.38034, 6.52553 ], [ 2.37944, 6.52435 ], [ 2.3798, 6.52408 ], [ 2.37971, 6.52354 ], [ 2.38052, 6.52408 ], [ 2.3807, 6.52463 ], [ 2.38107, 6.52454 ], [ 2.38116, 6.5239 ], [ 2.38288, 6.52436 ], [ 2.38279, 6.52382 ], [ 2.38405, 6.52309 ], [ 2.38405, 6.52273 ], [ 2.38387, 6.52291 ], [ 2.38315, 6.5221 ], [ 2.38414, 6.5221 ], [ 2.38387, 6.52137 ], [ 2.38496, 6.52183 ], [ 2.38424, 6.52038 ], [ 2.38451, 6.52011 ], [ 2.38487, 6.52038 ], [ 2.3855, 6.51984 ], [ 2.38587, 6.51857 ], [ 2.3856, 6.51794 ], [ 2.38542, 6.51839 ], [ 2.38569, 6.51866 ], [ 2.38505, 6.51893 ], [ 2.38469, 6.51785 ], [ 2.3837, 6.51766 ], [ 2.38415, 6.51694 ], [ 2.38397, 6.51595 ], [ 2.38433, 6.51522 ], [ 2.38406, 6.51504 ], [ 2.38361, 6.51531 ], [ 2.38397, 6.51586 ], [ 2.38334, 6.51594 ], [ 2.38343, 6.51631 ], [ 2.3837, 6.51622 ], [ 2.38352, 6.51721 ], [ 2.38225, 6.51721 ], [ 2.38261, 6.51658 ], [ 2.3818, 6.51694 ], [ 2.38153, 6.51558 ], [ 2.3818, 6.51422 ], [ 2.38126, 6.51386 ], [ 2.38099, 6.51477 ], [ 2.38135, 6.51513 ], [ 2.38081, 6.5154 ], [ 2.38081, 6.51585 ], [ 2.38126, 6.51594 ], [ 2.38099, 6.51685 ], [ 2.38171, 6.51694 ], [ 2.38171, 6.51721 ], [ 2.38135, 6.51748 ], [ 2.38035, 6.51721 ], [ 2.37972, 6.51802 ], [ 2.37908, 6.51775 ], [ 2.37954, 6.51694 ], [ 2.37899, 6.51693 ], [ 2.37899, 6.51775 ], [ 2.37818, 6.51711 ], [ 2.37764, 6.51802 ], [ 2.37682, 6.51847 ], [ 2.37646, 6.51946 ], [ 2.377, 6.5201 ], [ 2.37772, 6.5201 ], [ 2.37818, 6.52119 ], [ 2.37827, 6.52082 ], [ 2.37845, 6.52119 ], [ 2.37926, 6.52101 ], [ 2.37989, 6.52282 ], [ 2.37953, 6.52273 ], [ 2.37935, 6.52309 ], [ 2.37854, 6.52236 ], [ 2.37817, 6.52245 ], [ 2.37772, 6.52272 ], [ 2.37808, 6.52318 ], [ 2.37763, 6.52336 ], [ 2.37763, 6.52381 ], [ 2.37682, 6.52317 ], [ 2.37718, 6.52254 ], [ 2.37691, 6.52227 ], [ 2.37555, 6.52308 ], [ 2.37609, 6.5239 ], [ 2.37654, 6.52399 ], [ 2.37618, 6.52435 ], [ 2.37691, 6.52417 ], [ 2.3769, 6.52462 ], [ 2.37636, 6.52471 ], [ 2.37636, 6.52489 ], [ 2.37708, 6.52553 ], [ 2.37763, 6.52489 ], [ 2.37835, 6.52499 ], [ 2.37826, 6.52471 ], [ 2.3788, 6.52444 ], [ 2.3788, 6.52571 ], [ 2.37826, 6.52589 ], [ 2.37862, 6.52661 ], [ 2.37916, 6.52607 ], [ 2.37944, 6.52643 ], [ 2.37916, 6.52671 ], [ 2.37971, 6.52689 ], [ 2.37998, 6.52598 ], [ 2.38034, 6.52616 ] ], [ [ 2.38143, 6.5201 ], [ 2.38089, 6.52037 ], [ 2.37981, 6.52001 ], [ 2.37981, 6.51911 ], [ 2.38053, 6.51938 ], [ 2.38053, 6.51884 ], [ 2.38116, 6.51838 ], [ 2.38116, 6.51875 ], [ 2.38198, 6.51929 ], [ 2.38162, 6.51893 ], [ 2.3818, 6.51811 ], [ 2.38216, 6.51793 ], [ 2.38252, 6.5183 ], [ 2.38288, 6.51775 ], [ 2.38388, 6.51794 ], [ 2.38415, 6.51866 ], [ 2.38451, 6.51848 ], [ 2.38379, 6.51947 ], [ 2.38388, 6.51975 ], [ 2.38442, 6.51947 ], [ 2.38442, 6.51984 ], [ 2.38415, 6.51966 ], [ 2.38379, 6.5202 ], [ 2.38351, 6.52002 ], [ 2.38324, 6.52074 ], [ 2.38261, 6.52056 ], [ 2.38179, 6.52119 ], [ 2.38188, 6.52092 ], [ 2.38125, 6.52065 ], [ 2.38143, 6.5201 ] ] ], [ [ [ 2.38993, 6.52319 ], [ 2.38939, 6.5231 ], [ 2.38921, 6.52256 ], [ 2.38858, 6.52219 ], [ 2.38767, 6.52237 ], [ 2.38785, 6.52337 ], [ 2.38966, 6.52364 ], [ 2.38993, 6.52319 ] ] ], [ [ [ 2.38523, 6.52499 ], [ 2.38622, 6.52382 ], [ 2.38559, 6.52346 ], [ 2.38577, 6.52409 ], [ 2.38541, 6.52409 ], [ 2.38469, 6.52355 ], [ 2.38396, 6.52355 ], [ 2.38423, 6.52535 ], [ 2.38468, 6.52481 ], [ 2.38523, 6.52499 ] ] ], [ [ [ 2.38269, 6.52852 ], [ 2.38215, 6.52834 ], [ 2.38224, 6.52807 ], [ 2.38387, 6.52834 ], [ 2.38477, 6.5278 ], [ 2.38549, 6.52816 ], [ 2.38549, 6.52771 ], [ 2.38513, 6.52771 ], [ 2.38541, 6.52671 ], [ 2.38767, 6.52708 ], [ 2.3874, 6.52663 ], [ 2.38658, 6.52662 ], [ 2.38685, 6.5259 ], [ 2.38577, 6.52599 ], [ 2.38613, 6.52481 ], [ 2.38541, 6.52508 ], [ 2.38523, 6.52608 ], [ 2.38459, 6.52599 ], [ 2.3845, 6.52644 ], [ 2.38414, 6.52608 ], [ 2.3836, 6.52626 ], [ 2.38405, 6.52671 ], [ 2.38323, 6.52698 ], [ 2.3826, 6.52653 ], [ 2.38197, 6.52716 ], [ 2.38133, 6.52716 ], [ 2.3816, 6.52788 ], [ 2.38034, 6.52779 ], [ 2.38106, 6.52987 ], [ 2.38205, 6.52969 ], [ 2.38224, 6.52997 ], [ 2.38269, 6.52852 ] ] ], [ [ [ 2.37327, 6.53982 ], [ 2.37273, 6.53927 ], [ 2.37291, 6.53792 ], [ 2.37282, 6.53846 ], [ 2.37236, 6.53846 ], [ 2.37218, 6.53773 ], [ 2.37336, 6.53774 ], [ 2.37309, 6.53918 ], [ 2.37444, 6.539 ], [ 2.37445, 6.53837 ], [ 2.3749, 6.53837 ], [ 2.3749, 6.53955 ], [ 2.37544, 6.5391 ], [ 2.37571, 6.54 ], [ 2.37616, 6.54 ], [ 2.37634, 6.53955 ], [ 2.37598, 6.53901 ], [ 2.37653, 6.53883 ], [ 2.37589, 6.53801 ], [ 2.37562, 6.53846 ], [ 2.37553, 6.53738 ], [ 2.3758, 6.53747 ], [ 2.3758, 6.53711 ], [ 2.37526, 6.53747 ], [ 2.37499, 6.53729 ], [ 2.37517, 6.53674 ], [ 2.37472, 6.53665 ], [ 2.37472, 6.53729 ], [ 2.37427, 6.53738 ], [ 2.374, 6.53629 ], [ 2.37427, 6.53548 ], [ 2.37481, 6.53584 ], [ 2.37463, 6.53448 ], [ 2.37409, 6.53502 ], [ 2.37327, 6.53502 ], [ 2.37382, 6.53439 ], [ 2.37318, 6.53466 ], [ 2.37282, 6.5343 ], [ 2.37291, 6.5333 ], [ 2.37509, 6.53321 ], [ 2.37509, 6.53276 ], [ 2.37545, 6.53276 ], [ 2.37608, 6.53376 ], [ 2.37708, 6.53331 ], [ 2.37653, 6.5324 ], [ 2.37599, 6.5324 ], [ 2.3759, 6.53141 ], [ 2.37545, 6.53186 ], [ 2.37509, 6.53168 ], [ 2.37518, 6.53131 ], [ 2.37436, 6.53168 ], [ 2.37464, 6.53068 ], [ 2.37427, 6.53068 ], [ 2.37427, 6.53014 ], [ 2.37364, 6.53005 ], [ 2.3731, 6.53113 ], [ 2.37337, 6.53176 ], [ 2.37382, 6.53149 ], [ 2.37337, 6.53222 ], [ 2.37382, 6.53231 ], [ 2.37364, 6.53267 ], [ 2.37183, 6.53231 ], [ 2.37183, 6.53176 ], [ 2.37256, 6.53077 ], [ 2.3721, 6.53032 ], [ 2.37183, 6.53041 ], [ 2.3721, 6.53104 ], [ 2.37102, 6.53122 ], [ 2.37111, 6.53276 ], [ 2.37029, 6.53276 ], [ 2.3702, 6.53357 ], [ 2.36975, 6.53366 ], [ 2.37056, 6.53366 ], [ 2.37137, 6.53457 ], [ 2.37183, 6.5343 ], [ 2.37219, 6.53466 ], [ 2.37219, 6.53556 ], [ 2.37137, 6.5352 ], [ 2.37083, 6.53565 ], [ 2.37119, 6.53647 ], [ 2.37255, 6.53665 ], [ 2.37237, 6.53764 ], [ 2.37191, 6.53764 ], [ 2.37209, 6.53801 ], [ 2.37173, 6.53801 ], [ 2.37209, 6.5381 ], [ 2.37209, 6.53891 ], [ 2.37164, 6.53981 ], [ 2.37254, 6.53954 ], [ 2.37236, 6.53982 ], [ 2.37291, 6.54027 ], [ 2.37327, 6.54018 ], [ 2.37327, 6.53982 ] ] ], [ [ [ 2.37833, 6.54046 ], [ 2.37824, 6.54009 ], [ 2.3787, 6.54 ], [ 2.37815, 6.53964 ], [ 2.37843, 6.53838 ], [ 2.37815, 6.53792 ], [ 2.37734, 6.5381 ], [ 2.37689, 6.53892 ], [ 2.37743, 6.53955 ], [ 2.37689, 6.54064 ], [ 2.37752, 6.54082 ], [ 2.37833, 6.54046 ] ] ], [ [ [ 2.38665, 6.54101 ], [ 2.3862, 6.54038 ], [ 2.38611, 6.54047 ], [ 2.38575, 6.54019 ], [ 2.38503, 6.54037 ], [ 2.38548, 6.54155 ], [ 2.38602, 6.54119 ], [ 2.38584, 6.54173 ], [ 2.3862, 6.54182 ], [ 2.3862, 6.54237 ], [ 2.38647, 6.54237 ], [ 2.38629, 6.54173 ], [ 2.38665, 6.54173 ], [ 2.38665, 6.54101 ] ] ], [ [ [ 2.38684, 6.5401 ], [ 2.38711, 6.53947 ], [ 2.3862, 6.54038 ], [ 2.38684, 6.5401 ] ] ], [ [ [ 2.37127, 6.54298 ], [ 2.37146, 6.54217 ], [ 2.372, 6.54217 ], [ 2.37155, 6.54271 ], [ 2.37227, 6.5428 ], [ 2.37209, 6.54217 ], [ 2.37218, 6.5419 ], [ 2.37245, 6.54217 ], [ 2.37263, 6.54126 ], [ 2.37236, 6.54099 ], [ 2.37182, 6.54099 ], [ 2.372, 6.54144 ], [ 2.37119, 6.54126 ], [ 2.36983, 6.54008 ], [ 2.36974, 6.54063 ], [ 2.37019, 6.54063 ], [ 2.37046, 6.54126 ], [ 2.36983, 6.54171 ], [ 2.36983, 6.5428 ], [ 2.37001, 6.54316 ], [ 2.37127, 6.54298 ] ] ], [ [ [ 2.3833, 6.54372 ], [ 2.38403, 6.54481 ], [ 2.38493, 6.54463 ], [ 2.38493, 6.54408 ], [ 2.38457, 6.54399 ], [ 2.38448, 6.54291 ], [ 2.38403, 6.54236 ], [ 2.38294, 6.54227 ], [ 2.38276, 6.541 ], [ 2.38168, 6.54245 ], [ 2.38186, 6.5439 ], [ 2.38095, 6.54426 ], [ 2.38086, 6.54471 ], [ 2.38176, 6.54544 ], [ 2.38195, 6.54489 ], [ 2.38231, 6.54489 ], [ 2.38213, 6.54544 ], [ 2.3824, 6.54571 ], [ 2.3833, 6.54372 ] ] ], [ [ [ 2.37451, 6.55827 ], [ 2.37533, 6.55773 ], [ 2.37524, 6.55637 ], [ 2.37569, 6.55619 ], [ 2.37587, 6.55773 ], [ 2.37533, 6.558 ], [ 2.37551, 6.55855 ], [ 2.37505, 6.55855 ], [ 2.37487, 6.55927 ], [ 2.37514, 6.55954 ], [ 2.37587, 6.55927 ], [ 2.37668, 6.56 ], [ 2.37668, 6.55909 ], [ 2.37795, 6.55864 ], [ 2.37759, 6.55755 ], [ 2.37804, 6.55683 ], [ 2.37967, 6.55729 ], [ 2.37958, 6.55656 ], [ 2.38012, 6.55656 ], [ 2.37994, 6.55629 ], [ 2.38048, 6.55584 ], [ 2.38012, 6.55548 ], [ 2.38049, 6.55466 ], [ 2.38121, 6.55584 ], [ 2.38121, 6.55656 ], [ 2.38157, 6.55638 ], [ 2.38184, 6.55593 ], [ 2.38139, 6.55593 ], [ 2.3813, 6.5553 ], [ 2.38175, 6.55557 ], [ 2.38202, 6.5553 ], [ 2.38148, 6.55475 ], [ 2.3813, 6.55385 ], [ 2.38175, 6.55322 ], [ 2.38157, 6.55267 ], [ 2.38121, 6.55285 ], [ 2.38103, 6.55267 ], [ 2.38212, 6.55249 ], [ 2.3823, 6.55331 ], [ 2.38266, 6.55258 ], [ 2.38221, 6.55159 ], [ 2.38257, 6.55159 ], [ 2.38302, 6.55068 ], [ 2.38348, 6.55069 ], [ 2.38393, 6.54987 ], [ 2.38474, 6.5496 ], [ 2.38447, 6.54897 ], [ 2.38321, 6.54924 ], [ 2.38303, 6.54888 ], [ 2.38248, 6.54887 ], [ 2.38221, 6.54806 ], [ 2.38258, 6.5477 ], [ 2.3823, 6.54752 ], [ 2.38285, 6.54752 ], [ 2.38285, 6.54698 ], [ 2.38411, 6.54725 ], [ 2.38384, 6.54779 ], [ 2.3842, 6.54842 ], [ 2.38456, 6.5487 ], [ 2.3852, 6.54852 ], [ 2.3852, 6.54933 ], [ 2.38583, 6.5496 ], [ 2.3861, 6.54915 ], [ 2.38655, 6.54933 ], [ 2.38764, 6.54879 ], [ 2.38692, 6.54698 ], [ 2.3861, 6.5468 ], [ 2.38638, 6.54698 ], [ 2.38601, 6.54761 ], [ 2.38511, 6.54716 ], [ 2.38538, 6.54625 ], [ 2.38484, 6.54607 ], [ 2.38502, 6.54571 ], [ 2.38466, 6.54553 ], [ 2.3843, 6.54598 ], [ 2.38439, 6.54662 ], [ 2.38384, 6.54571 ], [ 2.38348, 6.54634 ], [ 2.38276, 6.54616 ], [ 2.38258, 6.54707 ], [ 2.38077, 6.54724 ], [ 2.38122, 6.54679 ], [ 2.38068, 6.54634 ], [ 2.38104, 6.54571 ], [ 2.38041, 6.5458 ], [ 2.38013, 6.5467 ], [ 2.38041, 6.54652 ], [ 2.38059, 6.54688 ], [ 2.38049, 6.54806 ], [ 2.38131, 6.54788 ], [ 2.38167, 6.54824 ], [ 2.38077, 6.54833 ], [ 2.38095, 6.54887 ], [ 2.3804, 6.54878 ], [ 2.37986, 6.54932 ], [ 2.37823, 6.54941 ], [ 2.37886, 6.55041 ], [ 2.37787, 6.55041 ], [ 2.37787, 6.54914 ], [ 2.37733, 6.54914 ], [ 2.37742, 6.54968 ], [ 2.3766, 6.55077 ], [ 2.37606, 6.55022 ], [ 2.37335, 6.54959 ], [ 2.37344, 6.5504 ], [ 2.37271, 6.55022 ], [ 2.37253, 6.55103 ], [ 2.37343, 6.55085 ], [ 2.37289, 6.55131 ], [ 2.37343, 6.55131 ], [ 2.37352, 6.55167 ], [ 2.37262, 6.55248 ], [ 2.37289, 6.55293 ], [ 2.37244, 6.55302 ], [ 2.37271, 6.55339 ], [ 2.37244, 6.55366 ], [ 2.37207, 6.5533 ], [ 2.37126, 6.55329 ], [ 2.37126, 6.55266 ], [ 2.37036, 6.55212 ], [ 2.37108, 6.55112 ], [ 2.37072, 6.55139 ], [ 2.37027, 6.55121 ], [ 2.37099, 6.55094 ], [ 2.37117, 6.55049 ], [ 2.37018, 6.54967 ], [ 2.37099, 6.54967 ], [ 2.37072, 6.54913 ], [ 2.371, 6.54859 ], [ 2.37072, 6.54841 ], [ 2.37109, 6.54841 ], [ 2.37118, 6.54787 ], [ 2.37091, 6.54777 ], [ 2.37127, 6.54759 ], [ 2.3719, 6.54814 ], [ 2.3719, 6.54859 ], [ 2.37244, 6.54832 ], [ 2.37217, 6.54931 ], [ 2.3719, 6.54922 ], [ 2.37217, 6.54977 ], [ 2.3728, 6.54832 ], [ 2.3738, 6.54796 ], [ 2.37353, 6.54687 ], [ 2.37389, 6.54642 ], [ 2.37434, 6.54651 ], [ 2.37453, 6.54597 ], [ 2.37398, 6.54606 ], [ 2.37353, 6.5457 ], [ 2.37263, 6.54606 ], [ 2.37217, 6.54561 ], [ 2.37154, 6.54569 ], [ 2.37209, 6.54488 ], [ 2.37127, 6.54416 ], [ 2.37154, 6.54334 ], [ 2.37082, 6.54325 ], [ 2.371, 6.54434 ], [ 2.37046, 6.54425 ], [ 2.37046, 6.54388 ], [ 2.3701, 6.54434 ], [ 2.37037, 6.54479 ], [ 2.37109, 6.54488 ], [ 2.37109, 6.54524 ], [ 2.37009, 6.54587 ], [ 2.37046, 6.54642 ], [ 2.37009, 6.54615 ], [ 2.36973, 6.54651 ], [ 2.37018, 6.54687 ], [ 2.37, 6.54759 ], [ 2.3691, 6.54768 ], [ 2.36846, 6.5475 ], [ 2.36883, 6.54741 ], [ 2.36864, 6.54714 ], [ 2.36819, 6.54732 ], [ 2.36792, 6.54705 ], [ 2.36665, 6.5475 ], [ 2.36693, 6.54786 ], [ 2.36738, 6.54741 ], [ 2.36801, 6.54741 ], [ 2.3691, 6.54832 ], [ 2.36864, 6.54949 ], [ 2.36783, 6.54958 ], [ 2.36729, 6.54922 ], [ 2.3671, 6.54967 ], [ 2.36765, 6.55058 ], [ 2.36692, 6.55139 ], [ 2.36692, 6.55238 ], [ 2.36755, 6.55257 ], [ 2.36782, 6.55184 ], [ 2.36828, 6.55202 ], [ 2.36791, 6.55347 ], [ 2.36864, 6.55374 ], [ 2.369, 6.55438 ], [ 2.36936, 6.55374 ], [ 2.3709, 6.55402 ], [ 2.37126, 6.55456 ], [ 2.37108, 6.55528 ], [ 2.37008, 6.55555 ], [ 2.3699, 6.55592 ], [ 2.37126, 6.55646 ], [ 2.3708, 6.55746 ], [ 2.3718, 6.55755 ], [ 2.37171, 6.55791 ], [ 2.37261, 6.55719 ], [ 2.37252, 6.55682 ], [ 2.37307, 6.55664 ], [ 2.37207, 6.55646 ], [ 2.37316, 6.55601 ], [ 2.37289, 6.5552 ], [ 2.37379, 6.55556 ], [ 2.37379, 6.55592 ], [ 2.37415, 6.55547 ], [ 2.37406, 6.55628 ], [ 2.37433, 6.55646 ], [ 2.37497, 6.55619 ], [ 2.37515, 6.55665 ], [ 2.37487, 6.55692 ], [ 2.37397, 6.55692 ], [ 2.37352, 6.55728 ], [ 2.37397, 6.55827 ], [ 2.37297, 6.55827 ], [ 2.3727, 6.55918 ], [ 2.37216, 6.55918 ], [ 2.37207, 6.55963 ], [ 2.3727, 6.5599 ], [ 2.37379, 6.55918 ], [ 2.37406, 6.55936 ], [ 2.37388, 6.56017 ], [ 2.37442, 6.56026 ], [ 2.37478, 6.55846 ], [ 2.37451, 6.55827 ] ], [ [ 2.37804, 6.5552 ], [ 2.37768, 6.55511 ], [ 2.37868, 6.55466 ], [ 2.37859, 6.55421 ], [ 2.37913, 6.55376 ], [ 2.37958, 6.55403 ], [ 2.3784, 6.55638 ], [ 2.37813, 6.55638 ], [ 2.37804, 6.5552 ] ] ], [ [ [ 2.3822, 6.55991 ], [ 2.38256, 6.55964 ], [ 2.38328, 6.56037 ], [ 2.38365, 6.56028 ], [ 2.38383, 6.55946 ], [ 2.38428, 6.55928 ], [ 2.38392, 6.55856 ], [ 2.38338, 6.55883 ], [ 2.38338, 6.55838 ], [ 2.38392, 6.55829 ], [ 2.38392, 6.55783 ], [ 2.38338, 6.55738 ], [ 2.38329, 6.55801 ], [ 2.38283, 6.55792 ], [ 2.38283, 6.55756 ], [ 2.38229, 6.55792 ], [ 2.38121, 6.55747 ], [ 2.3813, 6.55783 ], [ 2.38093, 6.55765 ], [ 2.37994, 6.55846 ], [ 2.37994, 6.55909 ], [ 2.38039, 6.559 ], [ 2.38012, 6.55955 ], [ 2.38021, 6.56054 ], [ 2.3803, 6.55955 ], [ 2.38057, 6.55982 ], [ 2.38075, 6.55928 ], [ 2.38166, 6.55982 ], [ 2.38175, 6.56073 ], [ 2.38238, 6.56082 ], [ 2.3822, 6.55991 ] ] ], [ [ [ 2.38862, 6.56028 ], [ 2.3888, 6.55983 ], [ 2.38781, 6.55874 ], [ 2.38745, 6.55883 ], [ 2.38681, 6.5601 ], [ 2.38753, 6.56073 ], [ 2.38862, 6.56028 ] ] ], [ [ [ 2.37712, 6.56624 ], [ 2.37667, 6.56588 ], [ 2.37685, 6.5656 ], [ 2.37713, 6.56579 ], [ 2.37713, 6.56542 ], [ 2.3764, 6.56524 ], [ 2.37631, 6.56434 ], [ 2.37649, 6.56479 ], [ 2.37704, 6.56488 ], [ 2.37713, 6.56425 ], [ 2.3774, 6.56416 ], [ 2.37731, 6.56497 ], [ 2.37821, 6.56497 ], [ 2.37893, 6.56543 ], [ 2.37921, 6.56479 ], [ 2.38011, 6.56479 ], [ 2.38011, 6.56416 ], [ 2.37975, 6.56416 ], [ 2.37957, 6.56353 ], [ 2.37885, 6.56434 ], [ 2.37848, 6.56371 ], [ 2.37794, 6.56407 ], [ 2.37794, 6.56362 ], [ 2.3783, 6.56353 ], [ 2.37776, 6.56353 ], [ 2.37758, 6.56389 ], [ 2.37713, 6.56343 ], [ 2.37722, 6.56298 ], [ 2.37604, 6.56289 ], [ 2.37613, 6.56226 ], [ 2.37668, 6.56226 ], [ 2.37731, 6.56307 ], [ 2.37785, 6.56289 ], [ 2.37758, 6.5628 ], [ 2.37758, 6.56235 ], [ 2.37785, 6.56271 ], [ 2.37939, 6.5628 ], [ 2.37948, 6.56244 ], [ 2.37993, 6.56253 ], [ 2.37957, 6.56163 ], [ 2.38012, 6.56109 ], [ 2.38003, 6.56054 ], [ 2.37966, 6.56063 ], [ 2.3793, 6.56181 ], [ 2.37858, 6.56253 ], [ 2.37812, 6.56226 ], [ 2.3784, 6.56163 ], [ 2.37785, 6.56163 ], [ 2.37794, 6.56199 ], [ 2.37758, 6.56208 ], [ 2.3774, 6.56126 ], [ 2.3765, 6.56054 ], [ 2.37577, 6.56117 ], [ 2.37451, 6.56099 ], [ 2.37396, 6.56144 ], [ 2.37315, 6.56135 ], [ 2.37297, 6.56198 ], [ 2.37234, 6.56207 ], [ 2.37224, 6.56279 ], [ 2.37279, 6.56298 ], [ 2.3726, 6.56379 ], [ 2.37324, 6.56397 ], [ 2.37324, 6.56461 ], [ 2.37369, 6.56479 ], [ 2.37414, 6.56415 ], [ 2.37523, 6.56406 ], [ 2.37523, 6.5647 ], [ 2.37586, 6.56452 ], [ 2.37568, 6.56479 ], [ 2.37631, 6.56569 ], [ 2.37586, 6.56578 ], [ 2.37514, 6.56524 ], [ 2.37514, 6.56569 ], [ 2.37595, 6.56633 ], [ 2.37586, 6.5666 ], [ 2.37712, 6.56624 ] ] ], [ [ [ 2.38852, 6.5705 ], [ 2.38843, 6.56951 ], [ 2.38653, 6.56978 ], [ 2.38653, 6.56933 ], [ 2.38517, 6.56923 ], [ 2.38526, 6.5686 ], [ 2.38454, 6.56842 ], [ 2.3849, 6.56869 ], [ 2.38472, 6.56878 ], [ 2.38472, 6.56923 ], [ 2.3849, 6.56896 ], [ 2.38499, 6.56951 ], [ 2.38571, 6.56951 ], [ 2.3858, 6.56996 ], [ 2.38734, 6.56978 ], [ 2.38752, 6.57014 ], [ 2.38807, 6.57005 ], [ 2.38861, 6.57087 ], [ 2.38852, 6.5715 ], [ 2.38897, 6.57096 ], [ 2.38852, 6.5705 ] ] ], [ [ [ 2.38462, 6.57439 ], [ 2.38471, 6.57358 ], [ 2.38291, 6.57339 ], [ 2.38245, 6.57366 ], [ 2.38309, 6.57466 ], [ 2.38462, 6.57439 ] ] ], [ [ [ 2.38597, 6.57892 ], [ 2.38598, 6.57792 ], [ 2.38516, 6.57647 ], [ 2.38462, 6.57629 ], [ 2.38489, 6.57701 ], [ 2.38417, 6.57683 ], [ 2.38353, 6.57846 ], [ 2.38417, 6.57873 ], [ 2.38507, 6.57846 ], [ 2.38525, 6.57882 ], [ 2.38453, 6.57937 ], [ 2.38489, 6.57964 ], [ 2.38543, 6.57955 ], [ 2.38543, 6.57919 ], [ 2.38597, 6.57892 ] ] ], [ [ [ 2.36973, 6.61897 ], [ 2.36964, 6.61807 ], [ 2.36883, 6.61798 ], [ 2.36874, 6.61752 ], [ 2.3681, 6.61734 ], [ 2.3682, 6.6158 ], [ 2.36874, 6.61562 ], [ 2.3682, 6.61436 ], [ 2.36892, 6.61382 ], [ 2.36874, 6.61318 ], [ 2.36938, 6.61318 ], [ 2.36902, 6.61219 ], [ 2.3692, 6.61183 ], [ 2.36983, 6.61183 ], [ 2.36974, 6.6111 ], [ 2.3701, 6.6111 ], [ 2.36992, 6.61146 ], [ 2.37074, 6.61137 ], [ 2.37055, 6.61327 ], [ 2.37137, 6.61346 ], [ 2.37164, 6.61436 ], [ 2.3729, 6.61463 ], [ 2.37363, 6.61436 ], [ 2.37317, 6.61418 ], [ 2.37327, 6.61391 ], [ 2.37399, 6.61391 ], [ 2.37417, 6.61319 ], [ 2.37345, 6.6131 ], [ 2.37309, 6.61147 ], [ 2.37273, 6.61183 ], [ 2.37209, 6.61147 ], [ 2.37092, 6.61165 ], [ 2.37092, 6.61119 ], [ 2.37028, 6.61092 ], [ 2.37155, 6.61101 ], [ 2.372, 6.61029 ], [ 2.37255, 6.61038 ], [ 2.37264, 6.60912 ], [ 2.37228, 6.60857 ], [ 2.37164, 6.60839 ], [ 2.37165, 6.60703 ], [ 2.37183, 6.60667 ], [ 2.37255, 6.60667 ], [ 2.37246, 6.60586 ], [ 2.37291, 6.60622 ], [ 2.37391, 6.60613 ], [ 2.37373, 6.60505 ], [ 2.37445, 6.60496 ], [ 2.37391, 6.60405 ], [ 2.37454, 6.60378 ], [ 2.37518, 6.60405 ], [ 2.37518, 6.60224 ], [ 2.37599, 6.6027 ], [ 2.37599, 6.60387 ], [ 2.37527, 6.60387 ], [ 2.37527, 6.60441 ], [ 2.37599, 6.60487 ], [ 2.37599, 6.60523 ], [ 2.3749, 6.60604 ], [ 2.3749, 6.60677 ], [ 2.37599, 6.60677 ], [ 2.37581, 6.60758 ], [ 2.37653, 6.60803 ], [ 2.37707, 6.60804 ], [ 2.37698, 6.60749 ], [ 2.37734, 6.60767 ], [ 2.37852, 6.60722 ], [ 2.37852, 6.60623 ], [ 2.37807, 6.60596 ], [ 2.37825, 6.60487 ], [ 2.3787, 6.60514 ], [ 2.37852, 6.60587 ], [ 2.37916, 6.60596 ], [ 2.38006, 6.60578 ], [ 2.38024, 6.60533 ], [ 2.37997, 6.60505 ], [ 2.38042, 6.60451 ], [ 2.38088, 6.60478 ], [ 2.38133, 6.60424 ], [ 2.3816, 6.60442 ], [ 2.38079, 6.60361 ], [ 2.37979, 6.60451 ], [ 2.37943, 6.60415 ], [ 2.37934, 6.60451 ], [ 2.37916, 6.60388 ], [ 2.37871, 6.60388 ], [ 2.37871, 6.60342 ], [ 2.3778, 6.60333 ], [ 2.37654, 6.60252 ], [ 2.37672, 6.60215 ], [ 2.37862, 6.60207 ], [ 2.37898, 6.60116 ], [ 2.37853, 6.60098 ], [ 2.37907, 6.60107 ], [ 2.37862, 6.60026 ], [ 2.37808, 6.60008 ], [ 2.37853, 6.59935 ], [ 2.3779, 6.59926 ], [ 2.37781, 6.59881 ], [ 2.37736, 6.59899 ], [ 2.37735, 6.59971 ], [ 2.37681, 6.59944 ], [ 2.37681, 6.59908 ], [ 2.37636, 6.59962 ], [ 2.37663, 6.5998 ], [ 2.37681, 6.59953 ], [ 2.37717, 6.60026 ], [ 2.3779, 6.60053 ], [ 2.37771, 6.60107 ], [ 2.37735, 6.60107 ], [ 2.37744, 6.60143 ], [ 2.3769, 6.60143 ], [ 2.37663, 6.6008 ], [ 2.37681, 6.60007 ], [ 2.37618, 6.60025 ], [ 2.37627, 6.59998 ], [ 2.37582, 6.59989 ], [ 2.376, 6.60016 ], [ 2.37573, 6.60016 ], [ 2.37545, 6.59971 ], [ 2.37518, 6.60043 ], [ 2.37392, 6.6007 ], [ 2.37401, 6.60107 ], [ 2.37491, 6.60125 ], [ 2.37337, 6.60233 ], [ 2.37409, 6.60233 ], [ 2.37418, 6.60287 ], [ 2.37391, 6.60324 ], [ 2.37373, 6.60296 ], [ 2.37337, 6.60296 ], [ 2.37364, 6.60369 ], [ 2.37264, 6.60486 ], [ 2.373, 6.60541 ], [ 2.37147, 6.60531 ], [ 2.37065, 6.60586 ], [ 2.37047, 6.60685 ], [ 2.37002, 6.60703 ], [ 2.37002, 6.60748 ], [ 2.37029, 6.60748 ], [ 2.37002, 6.60839 ], [ 2.37047, 6.60875 ], [ 2.37047, 6.60929 ], [ 2.37001, 6.60965 ], [ 2.36947, 6.60929 ], [ 2.36857, 6.60938 ], [ 2.36884, 6.61047 ], [ 2.3682, 6.61065 ], [ 2.36784, 6.61038 ], [ 2.36775, 6.61128 ], [ 2.36721, 6.61137 ], [ 2.36757, 6.61182 ], [ 2.36648, 6.612 ], [ 2.36666, 6.61282 ], [ 2.36748, 6.61318 ], [ 2.3663, 6.61354 ], [ 2.3663, 6.61399 ], [ 2.36585, 6.61417 ], [ 2.3663, 6.61472 ], [ 2.36612, 6.61535 ], [ 2.36639, 6.6158 ], [ 2.36711, 6.61617 ], [ 2.36711, 6.61689 ], [ 2.36747, 6.61671 ], [ 2.36747, 6.61725 ], [ 2.36792, 6.61761 ], [ 2.36729, 6.61879 ], [ 2.36765, 6.61897 ], [ 2.36729, 6.61915 ], [ 2.36828, 6.62015 ], [ 2.36919, 6.62006 ], [ 2.36973, 6.61897 ] ] ], [ [ [ 2.37804, 6.6312 ], [ 2.37804, 6.6302 ], [ 2.3794, 6.62966 ], [ 2.37922, 6.62839 ], [ 2.37985, 6.6274 ], [ 2.37931, 6.62695 ], [ 2.37813, 6.62704 ], [ 2.37795, 6.62631 ], [ 2.3775, 6.62694 ], [ 2.37687, 6.62694 ], [ 2.37678, 6.62758 ], [ 2.3756, 6.62803 ], [ 2.37596, 6.62866 ], [ 2.37515, 6.6283 ], [ 2.37515, 6.62776 ], [ 2.37506, 6.62821 ], [ 2.37451, 6.62848 ], [ 2.37497, 6.6292 ], [ 2.37487, 6.6302 ], [ 2.37542, 6.63002 ], [ 2.37623, 6.63038 ], [ 2.37641, 6.63119 ], [ 2.37686, 6.63129 ], [ 2.37677, 6.63192 ], [ 2.37804, 6.6312 ] ] ], [ [ [ 2.38944, 6.63175 ], [ 2.38998, 6.63103 ], [ 2.39116, 6.63139 ], [ 2.39134, 6.63076 ], [ 2.39071, 6.63013 ], [ 2.38962, 6.63094 ], [ 2.38989, 6.63004 ], [ 2.38908, 6.63003 ], [ 2.38971, 6.62922 ], [ 2.38962, 6.62814 ], [ 2.38999, 6.62805 ], [ 2.38981, 6.62777 ], [ 2.38926, 6.62841 ], [ 2.38899, 6.62822 ], [ 2.38917, 6.62759 ], [ 2.38881, 6.62732 ], [ 2.38881, 6.62669 ], [ 2.38908, 6.62614 ], [ 2.38854, 6.62669 ], [ 2.38764, 6.62659 ], [ 2.38745, 6.62687 ], [ 2.38718, 6.62759 ], [ 2.38772, 6.62768 ], [ 2.38772, 6.6284 ], [ 2.38727, 6.62858 ], [ 2.38718, 6.62967 ], [ 2.38691, 6.62976 ], [ 2.38772, 6.63067 ], [ 2.38781, 6.63211 ], [ 2.38817, 6.63229 ], [ 2.38944, 6.63175 ] ] ], [ [ [ 2.37224, 6.63861 ], [ 2.37296, 6.63816 ], [ 2.3726, 6.63743 ], [ 2.37306, 6.6368 ], [ 2.37378, 6.63653 ], [ 2.3736, 6.63544 ], [ 2.37451, 6.63526 ], [ 2.3746, 6.63472 ], [ 2.37423, 6.63436 ], [ 2.37424, 6.63345 ], [ 2.3736, 6.63345 ], [ 2.37387, 6.633 ], [ 2.37369, 6.63201 ], [ 2.37252, 6.63209 ], [ 2.37207, 6.63282 ], [ 2.3717, 6.63246 ], [ 2.37189, 6.63191 ], [ 2.37143, 6.63164 ], [ 2.37107, 6.63182 ], [ 2.37125, 6.63218 ], [ 2.3708, 6.63318 ], [ 2.3698, 6.63263 ], [ 2.36908, 6.63318 ], [ 2.36899, 6.63453 ], [ 2.36953, 6.63444 ], [ 2.37016, 6.6349 ], [ 2.36962, 6.63544 ], [ 2.36989, 6.63598 ], [ 2.37043, 6.63517 ], [ 2.37034, 6.63444 ], [ 2.37116, 6.63481 ], [ 2.37098, 6.63544 ], [ 2.37116, 6.63526 ], [ 2.37125, 6.63553 ], [ 2.37197, 6.63544 ], [ 2.37233, 6.6349 ], [ 2.3727, 6.63508 ], [ 2.37242, 6.63571 ], [ 2.37143, 6.63571 ], [ 2.3717, 6.63644 ], [ 2.37124, 6.63797 ], [ 2.3717, 6.63843 ], [ 2.37169, 6.63951 ], [ 2.37206, 6.63942 ], [ 2.37224, 6.63861 ] ] ], [ [ [ 2.38717, 6.636 ], [ 2.38717, 6.63555 ], [ 2.38699, 6.63618 ], [ 2.38581, 6.63636 ], [ 2.38599, 6.63682 ], [ 2.38699, 6.63664 ], [ 2.3878, 6.63709 ], [ 2.38771, 6.63736 ], [ 2.38807, 6.63736 ], [ 2.38817, 6.63655 ], [ 2.38717, 6.636 ] ] ], [ [ [ 2.37531, 6.63879 ], [ 2.37577, 6.63852 ], [ 2.37568, 6.63816 ], [ 2.37595, 6.63834 ], [ 2.37676, 6.6378 ], [ 2.3774, 6.63816 ], [ 2.37767, 6.6378 ], [ 2.37722, 6.63744 ], [ 2.37776, 6.63653 ], [ 2.37758, 6.63617 ], [ 2.37713, 6.63653 ], [ 2.37677, 6.63635 ], [ 2.37676, 6.63689 ], [ 2.37477, 6.6368 ], [ 2.37523, 6.63707 ], [ 2.37468, 6.63743 ], [ 2.37532, 6.63789 ], [ 2.37504, 6.63906 ], [ 2.37595, 6.63897 ], [ 2.37531, 6.63879 ] ] ], [ [ [ 2.37296, 6.64178 ], [ 2.37314, 6.64069 ], [ 2.37242, 6.64159 ], [ 2.37178, 6.64159 ], [ 2.37133, 6.64078 ], [ 2.37088, 6.64105 ], [ 2.37079, 6.6406 ], [ 2.37115, 6.6406 ], [ 2.37115, 6.64023 ], [ 2.37052, 6.64023 ], [ 2.37043, 6.64123 ], [ 2.37196, 6.64214 ], [ 2.37178, 6.64259 ], [ 2.37079, 6.6425 ], [ 2.37115, 6.64277 ], [ 2.37106, 6.64322 ], [ 2.37178, 6.6434 ], [ 2.37169, 6.64277 ], [ 2.37296, 6.64178 ] ] ], [ [ [ 2.37512, 6.64721 ], [ 2.37395, 6.64594 ], [ 2.37322, 6.64585 ], [ 2.37322, 6.64666 ], [ 2.3725, 6.64684 ], [ 2.37295, 6.64747 ], [ 2.37395, 6.6473 ], [ 2.37431, 6.64811 ], [ 2.37494, 6.6482 ], [ 2.37512, 6.64721 ] ] ], [ [ [ 2.37602, 6.65444 ], [ 2.37566, 6.65417 ], [ 2.37566, 6.65354 ], [ 2.37503, 6.65336 ], [ 2.37512, 6.65282 ], [ 2.37457, 6.65227 ], [ 2.37476, 6.652 ], [ 2.37412, 6.65182 ], [ 2.37412, 6.65128 ], [ 2.37349, 6.65128 ], [ 2.37367, 6.651 ], [ 2.37304, 6.65028 ], [ 2.37295, 6.65073 ], [ 2.37259, 6.65037 ], [ 2.37141, 6.65055 ], [ 2.36996, 6.65145 ], [ 2.37005, 6.65199 ], [ 2.3705, 6.652 ], [ 2.37068, 6.65145 ], [ 2.37114, 6.65191 ], [ 2.37123, 6.65136 ], [ 2.37159, 6.65145 ], [ 2.37168, 6.652 ], [ 2.37204, 6.65191 ], [ 2.37177, 6.65127 ], [ 2.37213, 6.65118 ], [ 2.3724, 6.65155 ], [ 2.37268, 6.65127 ], [ 2.37367, 6.65173 ], [ 2.37331, 6.65227 ], [ 2.37213, 6.65182 ], [ 2.37213, 6.65263 ], [ 2.37376, 6.65272 ], [ 2.37376, 6.65299 ], [ 2.37439, 6.65272 ], [ 2.37475, 6.65327 ], [ 2.37448, 6.6539 ], [ 2.37511, 6.65381 ], [ 2.37557, 6.65426 ], [ 2.3753, 6.65444 ], [ 2.37502, 6.65408 ], [ 2.37493, 6.65508 ], [ 2.37566, 6.65481 ], [ 2.37584, 6.65508 ], [ 2.37602, 6.65444 ] ] ], [ [ [ 2.38687, 6.65672 ], [ 2.38633, 6.65645 ], [ 2.38651, 6.65581 ], [ 2.38624, 6.65536 ], [ 2.38434, 6.65473 ], [ 2.38398, 6.65545 ], [ 2.38398, 6.65581 ], [ 2.38434, 6.65581 ], [ 2.38416, 6.65608 ], [ 2.38552, 6.65663 ], [ 2.38543, 6.6569 ], [ 2.38615, 6.65744 ], [ 2.38552, 6.65799 ], [ 2.38606, 6.65817 ], [ 2.38687, 6.65672 ] ] ], [ [ [ 2.3856, 6.6645 ], [ 2.38623, 6.66396 ], [ 2.38705, 6.6645 ], [ 2.38741, 6.66432 ], [ 2.38777, 6.66513 ], [ 2.38822, 6.66504 ], [ 2.38831, 6.66532 ], [ 2.38831, 6.66486 ], [ 2.38804, 6.66477 ], [ 2.38858, 6.66468 ], [ 2.38886, 6.66342 ], [ 2.38832, 6.66143 ], [ 2.38768, 6.66097 ], [ 2.38714, 6.66161 ], [ 2.38714, 6.66079 ], [ 2.3866, 6.66025 ], [ 2.38614, 6.66088 ], [ 2.38705, 6.6617 ], [ 2.38705, 6.66242 ], [ 2.38623, 6.66251 ], [ 2.38497, 6.66133 ], [ 2.38533, 6.66097 ], [ 2.38497, 6.66061 ], [ 2.38533, 6.65979 ], [ 2.38506, 6.65871 ], [ 2.38407, 6.6597 ], [ 2.38388, 6.65943 ], [ 2.3837, 6.65997 ], [ 2.38334, 6.65943 ], [ 2.3837, 6.65916 ], [ 2.38334, 6.65889 ], [ 2.38316, 6.65925 ], [ 2.3828, 6.6588 ], [ 2.38208, 6.65889 ], [ 2.3819, 6.65843 ], [ 2.38144, 6.65843 ], [ 2.38135, 6.65879 ], [ 2.38009, 6.6587 ], [ 2.38036, 6.65834 ], [ 2.38108, 6.65852 ], [ 2.38108, 6.65771 ], [ 2.38163, 6.65744 ], [ 2.38135, 6.65708 ], [ 2.38027, 6.65744 ], [ 2.37837, 6.6568 ], [ 2.37828, 6.65734 ], [ 2.37855, 6.65743 ], [ 2.37782, 6.6577 ], [ 2.37819, 6.65816 ], [ 2.37746, 6.65897 ], [ 2.37782, 6.65951 ], [ 2.37719, 6.66024 ], [ 2.37782, 6.66033 ], [ 2.37809, 6.6596 ], [ 2.37891, 6.65988 ], [ 2.37945, 6.66178 ], [ 2.3799, 6.66133 ], [ 2.38044, 6.6616 ], [ 2.38035, 6.66115 ], [ 2.38072, 6.6616 ], [ 2.38099, 6.66124 ], [ 2.38162, 6.66124 ], [ 2.38198, 6.66214 ], [ 2.38144, 6.66196 ], [ 2.38144, 6.66323 ], [ 2.38243, 6.66241 ], [ 2.38225, 6.66323 ], [ 2.3827, 6.66305 ], [ 2.38316, 6.66377 ], [ 2.38361, 6.66359 ], [ 2.38361, 6.66404 ], [ 2.38315, 6.66422 ], [ 2.38433, 6.66432 ], [ 2.38451, 6.66495 ], [ 2.38496, 6.66486 ], [ 2.38551, 6.66558 ], [ 2.38587, 6.66549 ], [ 2.3856, 6.6645 ] ] ], [ [ [ 2.38884, 6.67292 ], [ 2.38875, 6.67319 ], [ 2.38921, 6.67292 ], [ 2.38921, 6.67156 ], [ 2.39029, 6.6721 ], [ 2.39038, 6.67174 ], [ 2.39165, 6.67129 ], [ 2.39138, 6.67048 ], [ 2.39102, 6.67039 ], [ 2.3912, 6.66975 ], [ 2.39048, 6.66975 ], [ 2.38993, 6.67057 ], [ 2.38894, 6.67047 ], [ 2.38876, 6.67075 ], [ 2.38876, 6.67029 ], [ 2.38794, 6.67038 ], [ 2.38794, 6.66957 ], [ 2.38731, 6.66984 ], [ 2.38731, 6.66948 ], [ 2.38659, 6.66975 ], [ 2.38622, 6.66939 ], [ 2.3865, 6.66984 ], [ 2.38622, 6.67002 ], [ 2.38523, 6.66911 ], [ 2.38523, 6.67047 ], [ 2.38487, 6.67074 ], [ 2.38514, 6.67092 ], [ 2.38541, 6.67038 ], [ 2.38604, 6.67029 ], [ 2.38604, 6.67092 ], [ 2.38505, 6.67137 ], [ 2.38613, 6.67183 ], [ 2.38595, 6.67255 ], [ 2.38532, 6.67291 ], [ 2.38613, 6.67454 ], [ 2.38658, 6.67436 ], [ 2.38703, 6.67472 ], [ 2.38767, 6.67373 ], [ 2.38767, 6.67301 ], [ 2.38884, 6.67292 ] ], [ [ 2.38758, 6.67346 ], [ 2.38694, 6.674 ], [ 2.38712, 6.67337 ], [ 2.38658, 6.67282 ], [ 2.38731, 6.67273 ], [ 2.38749, 6.67192 ], [ 2.38685, 6.6721 ], [ 2.38686, 6.67165 ], [ 2.38649, 6.67183 ], [ 2.38622, 6.67119 ], [ 2.38686, 6.6712 ], [ 2.38704, 6.67083 ], [ 2.38866, 6.6721 ], [ 2.38749, 6.67301 ], [ 2.38758, 6.67346 ] ] ], [ [ [ 2.37608, 6.68104 ], [ 2.37644, 6.6805 ], [ 2.37572, 6.67996 ], [ 2.3749, 6.68005 ], [ 2.37535, 6.67987 ], [ 2.37535, 6.67905 ], [ 2.37463, 6.67923 ], [ 2.37481, 6.68005 ], [ 2.37454, 6.68014 ], [ 2.37481, 6.68032 ], [ 2.37454, 6.68032 ], [ 2.37454, 6.68104 ], [ 2.37427, 6.68104 ], [ 2.37454, 6.68131 ], [ 2.37417, 6.68158 ], [ 2.37463, 6.68195 ], [ 2.3758, 6.68195 ], [ 2.37598, 6.68231 ], [ 2.37635, 6.68168 ], [ 2.37608, 6.68104 ] ] ], [ [ [ 2.36158, 6.69251 ], [ 2.36249, 6.6936 ], [ 2.36285, 6.69297 ], [ 2.36348, 6.69288 ], [ 2.3643, 6.69152 ], [ 2.36502, 6.69207 ], [ 2.36511, 6.6917 ], [ 2.36557, 6.69189 ], [ 2.36502, 6.69062 ], [ 2.3662, 6.69071 ], [ 2.36638, 6.69008 ], [ 2.36711, 6.69008 ], [ 2.36665, 6.69026 ], [ 2.36792, 6.69107 ], [ 2.36774, 6.69053 ], [ 2.36801, 6.69035 ], [ 2.36765, 6.68981 ], [ 2.36828, 6.68999 ], [ 2.36837, 6.68899 ], [ 2.36874, 6.68872 ], [ 2.36928, 6.689 ], [ 2.36874, 6.68845 ], [ 2.36901, 6.68818 ], [ 2.36991, 6.68854 ], [ 2.37028, 6.68818 ], [ 2.37055, 6.68836 ], [ 2.37046, 6.68873 ], [ 2.37009, 6.68854 ], [ 2.37009, 6.68891 ], [ 2.36964, 6.68891 ], [ 2.36991, 6.68945 ], [ 2.37055, 6.68891 ], [ 2.37082, 6.68791 ], [ 2.37154, 6.68837 ], [ 2.37236, 6.68755 ], [ 2.37317, 6.68819 ], [ 2.37353, 6.68792 ], [ 2.37326, 6.68737 ], [ 2.37372, 6.68719 ], [ 2.37363, 6.68674 ], [ 2.37317, 6.6871 ], [ 2.37227, 6.68674 ], [ 2.37109, 6.68683 ], [ 2.37145, 6.68656 ], [ 2.37118, 6.68574 ], [ 2.37164, 6.68556 ], [ 2.37191, 6.68484 ], [ 2.37381, 6.68448 ], [ 2.37381, 6.6862 ], [ 2.37426, 6.68574 ], [ 2.3748, 6.68584 ], [ 2.37462, 6.68412 ], [ 2.37535, 6.68421 ], [ 2.37571, 6.68529 ], [ 2.3767, 6.68539 ], [ 2.37716, 6.68475 ], [ 2.37779, 6.68494 ], [ 2.37843, 6.68313 ], [ 2.37933, 6.6834 ], [ 2.37969, 6.68286 ], [ 2.38014, 6.68331 ], [ 2.38015, 6.68231 ], [ 2.37879, 6.68204 ], [ 2.3787, 6.68267 ], [ 2.37815, 6.68267 ], [ 2.37743, 6.68331 ], [ 2.37607, 6.6833 ], [ 2.37635, 6.68276 ], [ 2.37553, 6.68249 ], [ 2.37499, 6.68312 ], [ 2.37435, 6.68303 ], [ 2.37408, 6.68339 ], [ 2.37327, 6.68294 ], [ 2.37128, 6.68438 ], [ 2.37019, 6.68438 ], [ 2.37046, 6.68465 ], [ 2.37082, 6.68447 ], [ 2.37073, 6.68511 ], [ 2.37137, 6.68493 ], [ 2.37137, 6.6852 ], [ 2.37028, 6.68556 ], [ 2.36956, 6.68547 ], [ 2.36992, 6.68465 ], [ 2.36883, 6.6851 ], [ 2.36856, 6.68438 ], [ 2.3691, 6.68429 ], [ 2.36883, 6.68384 ], [ 2.3682, 6.6842 ], [ 2.3673, 6.68384 ], [ 2.36711, 6.68483 ], [ 2.3663, 6.68519 ], [ 2.36657, 6.68574 ], [ 2.36602, 6.68646 ], [ 2.36557, 6.68619 ], [ 2.36593, 6.68673 ], [ 2.36485, 6.68673 ], [ 2.36494, 6.68736 ], [ 2.36539, 6.68709 ], [ 2.36584, 6.68727 ], [ 2.36512, 6.6879 ], [ 2.36457, 6.68944 ], [ 2.36439, 6.68908 ], [ 2.3643, 6.68953 ], [ 2.36376, 6.68971 ], [ 2.36376, 6.68998 ], [ 2.36457, 6.68989 ], [ 2.36493, 6.69035 ], [ 2.36493, 6.6908 ], [ 2.36466, 6.69053 ], [ 2.36385, 6.69107 ], [ 2.36349, 6.69089 ], [ 2.3633, 6.6917 ], [ 2.36376, 6.69206 ], [ 2.36258, 6.69288 ], [ 2.3624, 6.69188 ], [ 2.36285, 6.69179 ], [ 2.36267, 6.69125 ], [ 2.36177, 6.69134 ], [ 2.36186, 6.69089 ], [ 2.36159, 6.69089 ], [ 2.36122, 6.69134 ], [ 2.36122, 6.69116 ], [ 2.36032, 6.69097 ], [ 2.36023, 6.6907 ], [ 2.36014, 6.69115 ], [ 2.3614, 6.69143 ], [ 2.36149, 6.69224 ], [ 2.36068, 6.69233 ], [ 2.36013, 6.69315 ], [ 2.35995, 6.69224 ], [ 2.35932, 6.69269 ], [ 2.35977, 6.69296 ], [ 2.35923, 6.69305 ], [ 2.3595, 6.69333 ], [ 2.35914, 6.69351 ], [ 2.36013, 6.69369 ], [ 2.36158, 6.69251 ] ] ], [ [ [ 2.3924, 6.50121 ], [ 2.3924, 6.50049 ], [ 2.39186, 6.49985 ], [ 2.39204, 6.49958 ], [ 2.39249, 6.49976 ], [ 2.39304, 6.49868 ], [ 2.39277, 6.49804 ], [ 2.39231, 6.49795 ], [ 2.3925, 6.49759 ], [ 2.39304, 6.49786 ], [ 2.39268, 6.49687 ], [ 2.39259, 6.49723 ], [ 2.39232, 6.49696 ], [ 2.39222, 6.49804 ], [ 2.39105, 6.49822 ], [ 2.39078, 6.49759 ], [ 2.39033, 6.49777 ], [ 2.39041, 6.49849 ], [ 2.39078, 6.49858 ], [ 2.39032, 6.49913 ], [ 2.39068, 6.4994 ], [ 2.39077, 6.50039 ], [ 2.39123, 6.50057 ], [ 2.39068, 6.50094 ], [ 2.39059, 6.50166 ], [ 2.39122, 6.50202 ], [ 2.3924, 6.50121 ] ] ], [ [ [ 2.39773, 6.50737 ], [ 2.39782, 6.5061 ], [ 2.39746, 6.50619 ], [ 2.39746, 6.50664 ], [ 2.39701, 6.50601 ], [ 2.39656, 6.50637 ], [ 2.39583, 6.50619 ], [ 2.39556, 6.50601 ], [ 2.39583, 6.50519 ], [ 2.39629, 6.50538 ], [ 2.39619, 6.50592 ], [ 2.39656, 6.50556 ], [ 2.3971, 6.50583 ], [ 2.3971, 6.50465 ], [ 2.39773, 6.50438 ], [ 2.3981, 6.50456 ], [ 2.39773, 6.50565 ], [ 2.39891, 6.50556 ], [ 2.39882, 6.5052 ], [ 2.39828, 6.50547 ], [ 2.39837, 6.50447 ], [ 2.39864, 6.50511 ], [ 2.39909, 6.50502 ], [ 2.39945, 6.50538 ], [ 2.39954, 6.50466 ], [ 2.40036, 6.50439 ], [ 2.39954, 6.5033 ], [ 2.39945, 6.50366 ], [ 2.39855, 6.50366 ], [ 2.39828, 6.50321 ], [ 2.39801, 6.50357 ], [ 2.39765, 6.5033 ], [ 2.39638, 6.50339 ], [ 2.39656, 6.50465 ], [ 2.39629, 6.50492 ], [ 2.39574, 6.50474 ], [ 2.39529, 6.50519 ], [ 2.3952, 6.50709 ], [ 2.39647, 6.50673 ], [ 2.39692, 6.50782 ], [ 2.39737, 6.50782 ], [ 2.39719, 6.50746 ], [ 2.39773, 6.50737 ] ] ], [ [ [ 2.40424, 6.50801 ], [ 2.40234, 6.50692 ], [ 2.40216, 6.50638 ], [ 2.40216, 6.5071 ], [ 2.40171, 6.50746 ], [ 2.40198, 6.50801 ], [ 2.40252, 6.50774 ], [ 2.40252, 6.50828 ], [ 2.40271, 6.50801 ], [ 2.40316, 6.50819 ], [ 2.40279, 6.50864 ], [ 2.40288, 6.50945 ], [ 2.40361, 6.50946 ], [ 2.40325, 6.51027 ], [ 2.40478, 6.51072 ], [ 2.40469, 6.51118 ], [ 2.40505, 6.51118 ], [ 2.40424, 6.50801 ] ] ], [ [ [ 2.40188, 6.51515 ], [ 2.40098, 6.51497 ], [ 2.40071, 6.51524 ], [ 2.40044, 6.51497 ], [ 2.40125, 6.51479 ], [ 2.40053, 6.51434 ], [ 2.3998, 6.51578 ], [ 2.40016, 6.51578 ], [ 2.40025, 6.5166 ], [ 2.40107, 6.51669 ], [ 2.40188, 6.51515 ] ] ], [ [ [ 2.39437, 6.51831 ], [ 2.39482, 6.51795 ], [ 2.39501, 6.51714 ], [ 2.39419, 6.5165 ], [ 2.39374, 6.51686 ], [ 2.39311, 6.51641 ], [ 2.39256, 6.51686 ], [ 2.39274, 6.51758 ], [ 2.39238, 6.5174 ], [ 2.39256, 6.51813 ], [ 2.39229, 6.5184 ], [ 2.39292, 6.51813 ], [ 2.39437, 6.51831 ] ] ], [ [ [ 2.39853, 6.51967 ], [ 2.39844, 6.51913 ], [ 2.39962, 6.51958 ], [ 2.3998, 6.5185 ], [ 2.39907, 6.5185 ], [ 2.3988, 6.51795 ], [ 2.3998, 6.51841 ], [ 2.40016, 6.51796 ], [ 2.39998, 6.51759 ], [ 2.39862, 6.51768 ], [ 2.39853, 6.51714 ], [ 2.39817, 6.51723 ], [ 2.39817, 6.51768 ], [ 2.3988, 6.51832 ], [ 2.39799, 6.51895 ], [ 2.39726, 6.51895 ], [ 2.39772, 6.52012 ], [ 2.39799, 6.52021 ], [ 2.39808, 6.51976 ], [ 2.39853, 6.51967 ] ] ], [ [ [ 2.39707, 6.53089 ], [ 2.39671, 6.53007 ], [ 2.39571, 6.53025 ], [ 2.39599, 6.52908 ], [ 2.39743, 6.52881 ], [ 2.39725, 6.52998 ], [ 2.3977, 6.53008 ], [ 2.3978, 6.5289 ], [ 2.39852, 6.5289 ], [ 2.39825, 6.52827 ], [ 2.3987, 6.5289 ], [ 2.39834, 6.52908 ], [ 2.3987, 6.52917 ], [ 2.39988, 6.52881 ], [ 2.40015, 6.52818 ], [ 2.40078, 6.52836 ], [ 2.40087, 6.52881 ], [ 2.40169, 6.52881 ], [ 2.40241, 6.52854 ], [ 2.40205, 6.528 ], [ 2.4025, 6.52791 ], [ 2.40304, 6.52854 ], [ 2.40332, 6.52764 ], [ 2.40413, 6.52773 ], [ 2.40413, 6.52719 ], [ 2.40368, 6.52719 ], [ 2.40359, 6.52683 ], [ 2.40485, 6.52637 ], [ 2.40495, 6.52592 ], [ 2.40458, 6.52601 ], [ 2.40404, 6.52529 ], [ 2.4035, 6.52529 ], [ 2.40314, 6.52583 ], [ 2.40359, 6.5261 ], [ 2.40314, 6.52655 ], [ 2.40341, 6.52674 ], [ 2.40259, 6.52682 ], [ 2.40241, 6.52637 ], [ 2.40268, 6.5261 ], [ 2.40169, 6.5261 ], [ 2.40232, 6.52574 ], [ 2.40133, 6.52519 ], [ 2.40223, 6.52529 ], [ 2.40223, 6.52483 ], [ 2.40278, 6.52438 ], [ 2.40314, 6.52447 ], [ 2.40305, 6.52502 ], [ 2.40341, 6.52502 ], [ 2.40341, 6.52438 ], [ 2.40377, 6.52411 ], [ 2.40359, 6.52357 ], [ 2.40296, 6.52375 ], [ 2.40233, 6.5233 ], [ 2.40224, 6.52293 ], [ 2.40278, 6.52257 ], [ 2.40215, 6.52257 ], [ 2.40188, 6.52121 ], [ 2.40287, 6.52176 ], [ 2.40323, 6.52275 ], [ 2.40386, 6.52257 ], [ 2.40368, 6.52076 ], [ 2.40387, 6.51932 ], [ 2.40423, 6.51914 ], [ 2.40423, 6.51742 ], [ 2.4045, 6.51733 ], [ 2.4045, 6.51669 ], [ 2.40414, 6.5166 ], [ 2.40432, 6.51615 ], [ 2.40378, 6.51651 ], [ 2.40378, 6.51715 ], [ 2.4026, 6.51705 ], [ 2.40251, 6.51814 ], [ 2.40188, 6.51796 ], [ 2.40197, 6.51841 ], [ 2.40088, 6.51832 ], [ 2.40124, 6.51904 ], [ 2.40224, 6.51895 ], [ 2.40296, 6.51995 ], [ 2.40151, 6.52022 ], [ 2.40169, 6.52076 ], [ 2.40079, 6.52085 ], [ 2.40115, 6.52112 ], [ 2.40052, 6.5213 ], [ 2.40061, 6.52185 ], [ 2.40097, 6.52176 ], [ 2.4007, 6.52275 ], [ 2.40088, 6.52302 ], [ 2.40106, 6.52275 ], [ 2.40115, 6.52338 ], [ 2.40151, 6.5232 ], [ 2.40142, 6.52438 ], [ 2.40097, 6.52438 ], [ 2.40124, 6.52402 ], [ 2.40061, 6.52438 ], [ 2.40006, 6.52393 ], [ 2.40015, 6.52366 ], [ 2.40079, 6.52384 ], [ 2.4007, 6.5232 ], [ 2.39979, 6.5223 ], [ 2.39916, 6.5223 ], [ 2.39925, 6.52311 ], [ 2.39753, 6.52356 ], [ 2.39807, 6.5223 ], [ 2.39744, 6.52202 ], [ 2.39771, 6.5213 ], [ 2.39735, 6.52157 ], [ 2.39744, 6.5222 ], [ 2.39681, 6.5232 ], [ 2.39735, 6.52311 ], [ 2.39726, 6.52429 ], [ 2.39798, 6.52429 ], [ 2.39843, 6.52564 ], [ 2.39888, 6.52573 ], [ 2.39861, 6.52646 ], [ 2.39925, 6.52655 ], [ 2.39906, 6.527 ], [ 2.39816, 6.527 ], [ 2.39861, 6.52763 ], [ 2.39834, 6.528 ], [ 2.39743, 6.52799 ], [ 2.39789, 6.52727 ], [ 2.39762, 6.52745 ], [ 2.39753, 6.52673 ], [ 2.39689, 6.52673 ], [ 2.39671, 6.52627 ], [ 2.39635, 6.52627 ], [ 2.39626, 6.52709 ], [ 2.39545, 6.52754 ], [ 2.3949, 6.52663 ], [ 2.39499, 6.52609 ], [ 2.39445, 6.52618 ], [ 2.39463, 6.52537 ], [ 2.39509, 6.52501 ], [ 2.39418, 6.52555 ], [ 2.39436, 6.52772 ], [ 2.39345, 6.52772 ], [ 2.39337, 6.52708 ], [ 2.39255, 6.52772 ], [ 2.39264, 6.52799 ], [ 2.39327, 6.52781 ], [ 2.39327, 6.52871 ], [ 2.39363, 6.52908 ], [ 2.39345, 6.53034 ], [ 2.39399, 6.53061 ], [ 2.39381, 6.52989 ], [ 2.39418, 6.52989 ], [ 2.39454, 6.5289 ], [ 2.39553, 6.53016 ], [ 2.39517, 6.53052 ], [ 2.39526, 6.53116 ], [ 2.3958, 6.5317 ], [ 2.39707, 6.53089 ] ] ], [ [ [ 2.40122, 6.54238 ], [ 2.40013, 6.54256 ], [ 2.40122, 6.54139 ], [ 2.40031, 6.5413 ], [ 2.40031, 6.54084 ], [ 2.40194, 6.54103 ], [ 2.40185, 6.54184 ], [ 2.40239, 6.54211 ], [ 2.4023, 6.54257 ], [ 2.40294, 6.54257 ], [ 2.40294, 6.5422 ], [ 2.40348, 6.54202 ], [ 2.40339, 6.54076 ], [ 2.40212, 6.54048 ], [ 2.40212, 6.54021 ], [ 2.40276, 6.54021 ], [ 2.40276, 6.53967 ], [ 2.40204, 6.53904 ], [ 2.40185, 6.53949 ], [ 2.40149, 6.5394 ], [ 2.40204, 6.53858 ], [ 2.40176, 6.53804 ], [ 2.40285, 6.53714 ], [ 2.40285, 6.53433 ], [ 2.40186, 6.53334 ], [ 2.40141, 6.53343 ], [ 2.40168, 6.53388 ], [ 2.40105, 6.53433 ], [ 2.4005, 6.53433 ], [ 2.40023, 6.53388 ], [ 2.40204, 6.53243 ], [ 2.40268, 6.53261 ], [ 2.40304, 6.53361 ], [ 2.40449, 6.53045 ], [ 2.4053, 6.52954 ], [ 2.40458, 6.529 ], [ 2.40277, 6.52891 ], [ 2.40187, 6.52945 ], [ 2.40105, 6.52899 ], [ 2.40069, 6.52945 ], [ 2.40078, 6.53071 ], [ 2.40042, 6.53144 ], [ 2.40005, 6.53153 ], [ 2.40005, 6.5308 ], [ 2.39969, 6.5308 ], [ 2.3996, 6.53125 ], [ 2.39879, 6.53116 ], [ 2.39897, 6.53171 ], [ 2.39752, 6.53152 ], [ 2.39761, 6.53207 ], [ 2.39707, 6.53243 ], [ 2.39707, 6.5327 ], [ 2.39743, 6.53252 ], [ 2.39716, 6.53297 ], [ 2.39743, 6.53369 ], [ 2.39833, 6.53442 ], [ 2.39833, 6.53496 ], [ 2.39887, 6.53514 ], [ 2.39887, 6.53596 ], [ 2.39969, 6.53569 ], [ 2.39996, 6.53605 ], [ 2.39851, 6.53704 ], [ 2.3986, 6.5375 ], [ 2.39797, 6.53749 ], [ 2.39878, 6.53759 ], [ 2.39797, 6.53777 ], [ 2.39806, 6.5384 ], [ 2.39824, 6.53813 ], [ 2.39869, 6.53813 ], [ 2.39842, 6.5384 ], [ 2.39878, 6.53858 ], [ 2.39959, 6.5384 ], [ 2.39977, 6.53958 ], [ 2.39932, 6.5403 ], [ 2.39814, 6.54066 ], [ 2.39805, 6.54175 ], [ 2.39877, 6.54202 ], [ 2.39923, 6.54111 ], [ 2.39968, 6.54121 ], [ 2.39959, 6.5422 ], [ 2.39859, 6.54301 ], [ 2.39932, 6.54292 ], [ 2.39977, 6.54401 ], [ 2.40058, 6.54392 ], [ 2.40094, 6.54347 ], [ 2.40076, 6.5441 ], [ 2.40121, 6.5441 ], [ 2.40158, 6.54474 ], [ 2.40167, 6.54428 ], [ 2.40131, 6.54419 ], [ 2.40122, 6.54238 ] ], [ [ 2.39824, 6.53342 ], [ 2.39851, 6.53297 ], [ 2.39788, 6.53297 ], [ 2.39779, 6.53225 ], [ 2.39861, 6.53216 ], [ 2.39842, 6.53288 ], [ 2.39906, 6.5327 ], [ 2.39906, 6.53306 ], [ 2.39969, 6.53306 ], [ 2.40005, 6.5337 ], [ 2.39996, 6.53442 ], [ 2.39915, 6.53415 ], [ 2.39888, 6.53324 ], [ 2.39824, 6.53342 ] ] ], [ [ [ 2.40592, 6.54465 ], [ 2.40556, 6.54221 ], [ 2.40339, 6.5375 ], [ 2.40312, 6.5375 ], [ 2.40321, 6.53804 ], [ 2.40258, 6.5384 ], [ 2.40312, 6.53913 ], [ 2.40258, 6.53931 ], [ 2.4033, 6.53994 ], [ 2.40384, 6.53967 ], [ 2.40402, 6.54085 ], [ 2.40375, 6.54103 ], [ 2.40375, 6.54284 ], [ 2.4033, 6.54302 ], [ 2.40294, 6.54275 ], [ 2.40284, 6.54365 ], [ 2.40348, 6.54374 ], [ 2.40384, 6.54447 ], [ 2.4032, 6.54501 ], [ 2.40284, 6.54447 ], [ 2.40239, 6.54474 ], [ 2.40275, 6.54492 ], [ 2.40275, 6.54564 ], [ 2.40194, 6.54582 ], [ 2.40157, 6.54627 ], [ 2.40067, 6.54428 ], [ 2.39986, 6.54446 ], [ 2.39968, 6.54482 ], [ 2.39941, 6.54446 ], [ 2.39904, 6.54537 ], [ 2.39895, 6.5451 ], [ 2.39877, 6.54546 ], [ 2.39805, 6.54537 ], [ 2.39769, 6.54464 ], [ 2.39732, 6.54464 ], [ 2.39751, 6.54392 ], [ 2.39669, 6.54319 ], [ 2.39669, 6.54274 ], [ 2.39633, 6.54274 ], [ 2.39633, 6.54229 ], [ 2.39579, 6.54238 ], [ 2.3957, 6.54183 ], [ 2.39633, 6.54174 ], [ 2.39651, 6.54129 ], [ 2.39624, 6.54111 ], [ 2.39651, 6.54084 ], [ 2.39615, 6.54084 ], [ 2.39633, 6.54003 ], [ 2.39588, 6.53993 ], [ 2.39634, 6.53894 ], [ 2.39579, 6.53867 ], [ 2.39552, 6.53885 ], [ 2.39579, 6.5393 ], [ 2.39534, 6.53939 ], [ 2.39534, 6.53858 ], [ 2.39498, 6.53849 ], [ 2.39489, 6.53794 ], [ 2.39408, 6.53794 ], [ 2.3939, 6.53758 ], [ 2.3948, 6.53758 ], [ 2.3948, 6.53785 ], [ 2.39534, 6.53758 ], [ 2.39543, 6.53812 ], [ 2.39634, 6.53831 ], [ 2.39706, 6.53795 ], [ 2.39697, 6.53677 ], [ 2.39625, 6.5365 ], [ 2.39562, 6.53541 ], [ 2.39507, 6.53568 ], [ 2.39471, 6.53532 ], [ 2.39507, 6.53496 ], [ 2.39661, 6.53523 ], [ 2.39625, 6.53433 ], [ 2.39689, 6.5336 ], [ 2.39625, 6.53324 ], [ 2.39607, 6.53405 ], [ 2.39354, 6.53459 ], [ 2.39317, 6.53622 ], [ 2.39354, 6.53622 ], [ 2.39372, 6.53704 ], [ 2.39344, 6.53749 ], [ 2.39426, 6.53839 ], [ 2.39353, 6.53885 ], [ 2.39308, 6.53876 ], [ 2.39326, 6.53857 ], [ 2.39263, 6.53875 ], [ 2.39245, 6.53812 ], [ 2.39299, 6.53713 ], [ 2.39209, 6.53694 ], [ 2.392, 6.53586 ], [ 2.39173, 6.53577 ], [ 2.39263, 6.53559 ], [ 2.3929, 6.5345 ], [ 2.39236, 6.5345 ], [ 2.39218, 6.53396 ], [ 2.39155, 6.53387 ], [ 2.39127, 6.53559 ], [ 2.39055, 6.53568 ], [ 2.39055, 6.5364 ], [ 2.3901, 6.53685 ], [ 2.39028, 6.53712 ], [ 2.39136, 6.53694 ], [ 2.39127, 6.53794 ], [ 2.38928, 6.53739 ], [ 2.38883, 6.53857 ], [ 2.38892, 6.53893 ], [ 2.38928, 6.53875 ], [ 2.38937, 6.53929 ], [ 2.39018, 6.53902 ], [ 2.39136, 6.54011 ], [ 2.39136, 6.54056 ], [ 2.39, 6.54065 ], [ 2.39036, 6.5411 ], [ 2.38982, 6.54201 ], [ 2.39, 6.54255 ], [ 2.39127, 6.5421 ], [ 2.39099, 6.5431 ], [ 2.39, 6.54309 ], [ 2.39009, 6.54373 ], [ 2.39072, 6.544 ], [ 2.3909, 6.54328 ], [ 2.39145, 6.54346 ], [ 2.39172, 6.54201 ], [ 2.391, 6.54165 ], [ 2.39163, 6.54147 ], [ 2.39199, 6.54065 ], [ 2.39272, 6.54047 ], [ 2.3929, 6.54002 ], [ 2.3938, 6.54011 ], [ 2.39353, 6.53984 ], [ 2.39398, 6.53912 ], [ 2.39435, 6.53966 ], [ 2.39525, 6.53984 ], [ 2.39516, 6.54039 ], [ 2.39552, 6.54084 ], [ 2.39507, 6.54093 ], [ 2.39489, 6.54156 ], [ 2.39543, 6.54192 ], [ 2.39543, 6.54238 ], [ 2.39488, 6.54247 ], [ 2.39479, 6.54292 ], [ 2.39389, 6.54274 ], [ 2.39371, 6.54301 ], [ 2.39298, 6.54265 ], [ 2.39298, 6.54391 ], [ 2.39262, 6.54373 ], [ 2.39262, 6.54319 ], [ 2.39117, 6.54364 ], [ 2.39117, 6.54436 ], [ 2.39072, 6.54472 ], [ 2.39144, 6.54472 ], [ 2.39181, 6.54418 ], [ 2.39235, 6.54418 ], [ 2.39235, 6.54463 ], [ 2.39172, 6.545 ], [ 2.39217, 6.54563 ], [ 2.39316, 6.54581 ], [ 2.39271, 6.54644 ], [ 2.39325, 6.54654 ], [ 2.39361, 6.54708 ], [ 2.39388, 6.5469 ], [ 2.39406, 6.54817 ], [ 2.39488, 6.54808 ], [ 2.3947, 6.54717 ], [ 2.39506, 6.54663 ], [ 2.3956, 6.54663 ], [ 2.39624, 6.54735 ], [ 2.39669, 6.54726 ], [ 2.39651, 6.54763 ], [ 2.39687, 6.54726 ], [ 2.3975, 6.54772 ], [ 2.39786, 6.54754 ], [ 2.39841, 6.54817 ], [ 2.39831, 6.54917 ], [ 2.39877, 6.54962 ], [ 2.3994, 6.54953 ], [ 2.39922, 6.54899 ], [ 2.39967, 6.54926 ], [ 2.4003, 6.54881 ], [ 2.4003, 6.54953 ], [ 2.40085, 6.54935 ], [ 2.40103, 6.55025 ], [ 2.40193, 6.55071 ], [ 2.40193, 6.55134 ], [ 2.40256, 6.55125 ], [ 2.40592, 6.54465 ] ], [ [ 2.39931, 6.5469 ], [ 2.3985, 6.54727 ], [ 2.3985, 6.54672 ], [ 2.39904, 6.54627 ], [ 2.39958, 6.54663 ], [ 2.39995, 6.54618 ], [ 2.4004, 6.54736 ], [ 2.39931, 6.54835 ], [ 2.39958, 6.54763 ], [ 2.39931, 6.5469 ] ] ], [ [ [ 2.39704, 6.5517 ], [ 2.39668, 6.55115 ], [ 2.39732, 6.55115 ], [ 2.39741, 6.55043 ], [ 2.39795, 6.55016 ], [ 2.39705, 6.55007 ], [ 2.39723, 6.54907 ], [ 2.39651, 6.54889 ], [ 2.39605, 6.54925 ], [ 2.39379, 6.54943 ], [ 2.39379, 6.5497 ], [ 2.39343, 6.54934 ], [ 2.39316, 6.55006 ], [ 2.39415, 6.55043 ], [ 2.3937, 6.55088 ], [ 2.39442, 6.55061 ], [ 2.39415, 6.55007 ], [ 2.3946, 6.54998 ], [ 2.39469, 6.55034 ], [ 2.39515, 6.5498 ], [ 2.39587, 6.54989 ], [ 2.39587, 6.55061 ], [ 2.39551, 6.55079 ], [ 2.39587, 6.55115 ], [ 2.39587, 6.55188 ], [ 2.39478, 6.55215 ], [ 2.39433, 6.55169 ], [ 2.39397, 6.55196 ], [ 2.39433, 6.5526 ], [ 2.39578, 6.55242 ], [ 2.39569, 6.55251 ], [ 2.39578, 6.55305 ], [ 2.39578, 6.55269 ], [ 2.39677, 6.55242 ], [ 2.39704, 6.5517 ] ] ], [ [ [ 2.38872, 6.55666 ], [ 2.38863, 6.5563 ], [ 2.3889, 6.5563 ], [ 2.3889, 6.55485 ], [ 2.38944, 6.55386 ], [ 2.39071, 6.55314 ], [ 2.3908, 6.55232 ], [ 2.39017, 6.55178 ], [ 2.39044, 6.55133 ], [ 2.38972, 6.55106 ], [ 2.39053, 6.55069 ], [ 2.39044, 6.55033 ], [ 2.39099, 6.55015 ], [ 2.39207, 6.55151 ], [ 2.39279, 6.55169 ], [ 2.39243, 6.55214 ], [ 2.39162, 6.55187 ], [ 2.39189, 6.5526 ], [ 2.39333, 6.55278 ], [ 2.39297, 6.55251 ], [ 2.39325, 6.55061 ], [ 2.39234, 6.55042 ], [ 2.39252, 6.54952 ], [ 2.3918, 6.54889 ], [ 2.39126, 6.54916 ], [ 2.39126, 6.54979 ], [ 2.39026, 6.54997 ], [ 2.39008, 6.5497 ], [ 2.38936, 6.55033 ], [ 2.38918, 6.54952 ], [ 2.38863, 6.54952 ], [ 2.38845, 6.54915 ], [ 2.38809, 6.54924 ], [ 2.38818, 6.54961 ], [ 2.38755, 6.54942 ], [ 2.38728, 6.5497 ], [ 2.38746, 6.55006 ], [ 2.38809, 6.55015 ], [ 2.388, 6.55087 ], [ 2.38818, 6.55015 ], [ 2.38836, 6.55033 ], [ 2.38836, 6.55096 ], [ 2.388, 6.55114 ], [ 2.38827, 6.55214 ], [ 2.38773, 6.55232 ], [ 2.38782, 6.55295 ], [ 2.38736, 6.55313 ], [ 2.38745, 6.55431 ], [ 2.38655, 6.55449 ], [ 2.38646, 6.55567 ], [ 2.38691, 6.55594 ], [ 2.38673, 6.55648 ], [ 2.38709, 6.55684 ], [ 2.38781, 6.55648 ], [ 2.38817, 6.55693 ], [ 2.38844, 6.55648 ], [ 2.38872, 6.55666 ] ] ], [ [ [ 2.40111, 6.55496 ], [ 2.40039, 6.55451 ], [ 2.4003, 6.55396 ], [ 2.39976, 6.55405 ], [ 2.39939, 6.55351 ], [ 2.39912, 6.5536 ], [ 2.39903, 6.55288 ], [ 2.40012, 6.55324 ], [ 2.40075, 6.55224 ], [ 2.40148, 6.55252 ], [ 2.4022, 6.55188 ], [ 2.40121, 6.55125 ], [ 2.3994, 6.55143 ], [ 2.39931, 6.55206 ], [ 2.39876, 6.55206 ], [ 2.39849, 6.55251 ], [ 2.39849, 6.55333 ], [ 2.39804, 6.55351 ], [ 2.3984, 6.55405 ], [ 2.39768, 6.55369 ], [ 2.39776, 6.55468 ], [ 2.39849, 6.55514 ], [ 2.3984, 6.55541 ], [ 2.39921, 6.55568 ], [ 2.39858, 6.55631 ], [ 2.39876, 6.55658 ], [ 2.4003, 6.55659 ], [ 2.40093, 6.55632 ], [ 2.40111, 6.55496 ] ] ], [ [ [ 2.39342, 6.55947 ], [ 2.39432, 6.55947 ], [ 2.39414, 6.55857 ], [ 2.39487, 6.55839 ], [ 2.39487, 6.55794 ], [ 2.39351, 6.55685 ], [ 2.39279, 6.55694 ], [ 2.39288, 6.5564 ], [ 2.39143, 6.55658 ], [ 2.39089, 6.55621 ], [ 2.39125, 6.55748 ], [ 2.39025, 6.55757 ], [ 2.39043, 6.5582 ], [ 2.39007, 6.55811 ], [ 2.38989, 6.55865 ], [ 2.39061, 6.55866 ], [ 2.39116, 6.55802 ], [ 2.39152, 6.55811 ], [ 2.39134, 6.55848 ], [ 2.39188, 6.55848 ], [ 2.39206, 6.55884 ], [ 2.39197, 6.55938 ], [ 2.39143, 6.55938 ], [ 2.39152, 6.56019 ], [ 2.39161, 6.55992 ], [ 2.39215, 6.56001 ], [ 2.39188, 6.56074 ], [ 2.39287, 6.56038 ], [ 2.39342, 6.55947 ] ] ], [ [ [ 2.39722, 6.55957 ], [ 2.39613, 6.55975 ], [ 2.39532, 6.55929 ], [ 2.39468, 6.55966 ], [ 2.39577, 6.56002 ], [ 2.39613, 6.56101 ], [ 2.39568, 6.56165 ], [ 2.39667, 6.56192 ], [ 2.39722, 6.55957 ] ] ], [ [ [ 2.39133, 6.56246 ], [ 2.39124, 6.56146 ], [ 2.39034, 6.56155 ], [ 2.39016, 6.56055 ], [ 2.38998, 6.56055 ], [ 2.39016, 6.56155 ], [ 2.38952, 6.56173 ], [ 2.39007, 6.56218 ], [ 2.39025, 6.563 ], [ 2.39079, 6.56264 ], [ 2.39205, 6.56336 ], [ 2.39197, 6.56255 ], [ 2.39133, 6.56246 ] ] ], [ [ [ 2.39946, 6.57025 ], [ 2.39947, 6.56952 ], [ 2.39983, 6.56943 ], [ 2.40028, 6.56762 ], [ 2.40064, 6.56753 ], [ 2.4011, 6.56618 ], [ 2.40146, 6.56609 ], [ 2.40146, 6.56383 ], [ 2.4011, 6.56364 ], [ 2.40065, 6.56048 ], [ 2.40029, 6.55948 ], [ 2.39957, 6.55903 ], [ 2.39948, 6.55993 ], [ 2.40002, 6.56002 ], [ 2.39984, 6.5603 ], [ 2.39939, 6.5602 ], [ 2.39848, 6.56093 ], [ 2.39803, 6.56056 ], [ 2.39785, 6.56084 ], [ 2.39812, 6.56093 ], [ 2.39685, 6.56156 ], [ 2.39721, 6.56174 ], [ 2.3973, 6.56246 ], [ 2.39785, 6.56237 ], [ 2.39739, 6.56382 ], [ 2.39784, 6.56364 ], [ 2.39821, 6.564 ], [ 2.39812, 6.56319 ], [ 2.39848, 6.56292 ], [ 2.39884, 6.56319 ], [ 2.39875, 6.564 ], [ 2.3992, 6.56473 ], [ 2.40019, 6.56491 ], [ 2.40092, 6.56464 ], [ 2.4011, 6.56509 ], [ 2.39965, 6.56491 ], [ 2.39902, 6.56518 ], [ 2.39884, 6.56482 ], [ 2.39875, 6.56518 ], [ 2.39866, 6.56455 ], [ 2.39793, 6.56454 ], [ 2.39793, 6.56581 ], [ 2.39757, 6.56644 ], [ 2.39685, 6.56572 ], [ 2.39639, 6.56608 ], [ 2.39603, 6.5659 ], [ 2.39567, 6.56644 ], [ 2.39567, 6.5668 ], [ 2.39639, 6.56708 ], [ 2.3973, 6.56681 ], [ 2.39639, 6.56852 ], [ 2.39702, 6.56871 ], [ 2.39702, 6.56907 ], [ 2.39639, 6.5688 ], [ 2.39621, 6.56925 ], [ 2.39657, 6.5697 ], [ 2.39729, 6.56952 ], [ 2.39738, 6.56979 ], [ 2.39802, 6.56934 ], [ 2.39838, 6.57006 ], [ 2.39775, 6.56988 ], [ 2.39765, 6.57088 ], [ 2.39811, 6.57187 ], [ 2.39892, 6.57187 ], [ 2.39919, 6.57034 ], [ 2.39946, 6.57025 ] ] ], [ [ [ 2.39122, 6.57919 ], [ 2.39185, 6.57928 ], [ 2.39176, 6.57883 ], [ 2.39231, 6.57847 ], [ 2.39195, 6.57784 ], [ 2.39158, 6.57793 ], [ 2.39177, 6.57738 ], [ 2.39222, 6.57729 ], [ 2.39213, 6.57648 ], [ 2.39186, 6.57684 ], [ 2.39195, 6.57603 ], [ 2.39258, 6.57594 ], [ 2.39285, 6.57648 ], [ 2.39358, 6.57603 ], [ 2.39394, 6.5763 ], [ 2.39403, 6.57712 ], [ 2.39484, 6.57685 ], [ 2.39529, 6.57757 ], [ 2.39584, 6.57748 ], [ 2.39647, 6.57594 ], [ 2.39729, 6.57504 ], [ 2.39729, 6.5745 ], [ 2.39783, 6.57423 ], [ 2.39838, 6.5726 ], [ 2.39702, 6.57251 ], [ 2.3972, 6.57196 ], [ 2.39584, 6.5725 ], [ 2.39584, 6.57214 ], [ 2.39521, 6.57187 ], [ 2.39295, 6.57178 ], [ 2.39322, 6.57286 ], [ 2.39268, 6.57304 ], [ 2.39259, 6.57268 ], [ 2.39213, 6.57331 ], [ 2.39222, 6.57386 ], [ 2.39195, 6.57377 ], [ 2.39204, 6.57286 ], [ 2.39168, 6.57241 ], [ 2.39132, 6.5725 ], [ 2.39132, 6.57349 ], [ 2.39059, 6.57494 ], [ 2.39077, 6.5753 ], [ 2.39014, 6.57539 ], [ 2.39059, 6.57621 ], [ 2.38896, 6.57584 ], [ 2.3886, 6.5762 ], [ 2.38842, 6.57548 ], [ 2.38779, 6.57575 ], [ 2.38797, 6.57521 ], [ 2.38761, 6.57512 ], [ 2.38734, 6.57593 ], [ 2.3858, 6.57647 ], [ 2.38625, 6.57693 ], [ 2.38598, 6.57729 ], [ 2.38616, 6.57783 ], [ 2.38679, 6.57783 ], [ 2.3876, 6.57874 ], [ 2.38706, 6.57973 ], [ 2.3867, 6.57973 ], [ 2.3867, 6.58018 ], [ 2.38715, 6.57973 ], [ 2.38851, 6.57991 ], [ 2.38896, 6.57964 ], [ 2.38932, 6.58037 ], [ 2.38968, 6.57982 ], [ 2.39122, 6.57919 ] ] ], [ [ [ 2.39247, 6.59439 ], [ 2.39283, 6.59476 ], [ 2.39283, 6.59421 ], [ 2.39229, 6.59421 ], [ 2.39229, 6.59349 ], [ 2.3931, 6.59313 ], [ 2.39229, 6.59322 ], [ 2.39256, 6.59195 ], [ 2.39193, 6.5924 ], [ 2.39193, 6.59186 ], [ 2.39157, 6.59186 ], [ 2.39139, 6.59322 ], [ 2.39202, 6.59394 ], [ 2.39193, 6.5943 ], [ 2.39147, 6.5943 ], [ 2.39184, 6.59457 ], [ 2.39183, 6.59557 ], [ 2.39229, 6.5953 ], [ 2.39247, 6.59439 ] ] ], [ [ [ 2.39786, 6.62778 ], [ 2.3984, 6.62751 ], [ 2.39804, 6.6267 ], [ 2.39867, 6.62625 ], [ 2.39831, 6.62606 ], [ 2.39867, 6.62543 ], [ 2.39813, 6.62426 ], [ 2.3994, 6.6238 ], [ 2.39949, 6.62335 ], [ 2.39994, 6.62353 ], [ 2.39967, 6.62371 ], [ 2.39994, 6.62444 ], [ 2.40094, 6.62399 ], [ 2.40094, 6.62444 ], [ 2.4013, 6.62453 ], [ 2.40184, 6.62399 ], [ 2.40139, 6.62335 ], [ 2.4013, 6.62372 ], [ 2.40085, 6.6239 ], [ 2.40112, 6.62335 ], [ 2.40058, 6.62281 ], [ 2.40094, 6.62272 ], [ 2.40176, 6.62127 ], [ 2.4013, 6.62082 ], [ 2.40212, 6.62082 ], [ 2.40185, 6.62046 ], [ 2.40239, 6.61938 ], [ 2.40357, 6.61938 ], [ 2.40293, 6.62028 ], [ 2.40366, 6.62155 ], [ 2.40338, 6.62182 ], [ 2.40402, 6.62227 ], [ 2.40311, 6.62245 ], [ 2.4032, 6.62281 ], [ 2.40257, 6.62318 ], [ 2.4032, 6.62372 ], [ 2.40374, 6.62345 ], [ 2.40392, 6.62399 ], [ 2.4051, 6.62444 ], [ 2.40474, 6.62463 ], [ 2.40555, 6.62544 ], [ 2.40564, 6.62598 ], [ 2.40528, 6.62598 ], [ 2.40546, 6.6268 ], [ 2.40709, 6.62698 ], [ 2.40691, 6.62635 ], [ 2.40718, 6.62617 ], [ 2.40673, 6.62626 ], [ 2.40655, 6.62589 ], [ 2.40727, 6.62608 ], [ 2.40736, 6.62562 ], [ 2.40781, 6.62571 ], [ 2.40763, 6.62499 ], [ 2.4079, 6.62472 ], [ 2.40799, 6.62571 ], [ 2.40835, 6.62599 ], [ 2.40872, 6.62581 ], [ 2.40935, 6.62626 ], [ 2.40953, 6.62581 ], [ 2.40998, 6.62581 ], [ 2.41007, 6.62517 ], [ 2.40953, 6.62463 ], [ 2.40971, 6.624 ], [ 2.40908, 6.62336 ], [ 2.4099, 6.623 ], [ 2.4099, 6.62273 ], [ 2.40908, 6.62264 ], [ 2.40908, 6.62228 ], [ 2.40972, 6.62228 ], [ 2.40972, 6.62183 ], [ 2.41134, 6.62255 ], [ 2.41152, 6.62409 ], [ 2.41116, 6.62463 ], [ 2.41179, 6.62436 ], [ 2.4117, 6.62391 ], [ 2.41234, 6.62391 ], [ 2.41198, 6.62273 ], [ 2.40927, 6.61938 ], [ 2.40863, 6.61902 ], [ 2.40864, 6.61866 ], [ 2.40755, 6.61893 ], [ 2.4071, 6.61839 ], [ 2.40601, 6.61947 ], [ 2.40601, 6.61875 ], [ 2.40547, 6.61847 ], [ 2.40511, 6.61847 ], [ 2.4052, 6.6192 ], [ 2.40456, 6.61883 ], [ 2.40493, 6.61811 ], [ 2.40619, 6.61766 ], [ 2.40674, 6.61676 ], [ 2.40701, 6.61757 ], [ 2.40755, 6.61748 ], [ 2.40638, 6.61621 ], [ 2.40565, 6.61422 ], [ 2.40502, 6.6135 ], [ 2.40484, 6.61241 ], [ 2.40448, 6.61232 ], [ 2.40448, 6.6106 ], [ 2.4053, 6.61006 ], [ 2.4053, 6.60952 ], [ 2.40593, 6.60925 ], [ 2.40593, 6.60888 ], [ 2.40539, 6.60916 ], [ 2.40521, 6.60861 ], [ 2.40476, 6.6097 ], [ 2.40385, 6.60924 ], [ 2.40403, 6.60879 ], [ 2.40503, 6.60852 ], [ 2.40512, 6.60807 ], [ 2.40449, 6.60789 ], [ 2.40512, 6.60744 ], [ 2.40557, 6.60753 ], [ 2.40521, 6.60816 ], [ 2.40611, 6.60843 ], [ 2.40648, 6.60807 ], [ 2.40675, 6.60644 ], [ 2.40558, 6.60346 ], [ 2.40449, 6.60273 ], [ 2.40042, 6.60236 ], [ 2.3997, 6.60173 ], [ 2.39934, 6.59983 ], [ 2.39816, 6.60028 ], [ 2.39816, 6.59947 ], [ 2.39717, 6.59919 ], [ 2.39735, 6.59856 ], [ 2.39807, 6.59938 ], [ 2.39889, 6.59856 ], [ 2.39943, 6.59865 ], [ 2.39952, 6.59929 ], [ 2.40006, 6.59911 ], [ 2.40006, 6.59838 ], [ 2.40061, 6.59784 ], [ 2.40115, 6.59621 ], [ 2.4026, 6.59495 ], [ 2.40224, 6.59459 ], [ 2.4026, 6.59395 ], [ 2.40107, 6.59332 ], [ 2.40242, 6.59187 ], [ 2.40252, 6.59079 ], [ 2.40369, 6.59088 ], [ 2.40396, 6.59061 ], [ 2.4036, 6.59043 ], [ 2.40433, 6.59043 ], [ 2.40469, 6.59007 ], [ 2.40469, 6.59061 ], [ 2.40514, 6.59097 ], [ 2.40623, 6.59106 ], [ 2.40613, 6.59151 ], [ 2.40532, 6.59115 ], [ 2.40568, 6.59278 ], [ 2.40532, 6.59287 ], [ 2.40496, 6.59233 ], [ 2.4046, 6.59233 ], [ 2.40459, 6.59296 ], [ 2.40405, 6.5926 ], [ 2.40405, 6.59405 ], [ 2.40378, 6.59377 ], [ 2.40314, 6.59477 ], [ 2.40893, 6.59478 ], [ 2.40975, 6.59387 ], [ 2.40975, 6.59324 ], [ 2.4084, 6.59179 ], [ 2.40767, 6.59034 ], [ 2.40505, 6.5878 ], [ 2.40388, 6.5859 ], [ 2.4037, 6.58473 ], [ 2.40307, 6.584 ], [ 2.4028, 6.58292 ], [ 2.40108, 6.58183 ], [ 2.39818, 6.58164 ], [ 2.39791, 6.58128 ], [ 2.39592, 6.58074 ], [ 2.39538, 6.57983 ], [ 2.39511, 6.57775 ], [ 2.39448, 6.57938 ], [ 2.39394, 6.57838 ], [ 2.39357, 6.57838 ], [ 2.39339, 6.57883 ], [ 2.39276, 6.57883 ], [ 2.39276, 6.57983 ], [ 2.3914, 6.58073 ], [ 2.3923, 6.582 ], [ 2.39122, 6.58218 ], [ 2.39067, 6.58335 ], [ 2.39022, 6.58308 ], [ 2.39013, 6.58227 ], [ 2.39067, 6.58236 ], [ 2.39095, 6.58191 ], [ 2.39104, 6.58254 ], [ 2.39113, 6.581 ], [ 2.39059, 6.58118 ], [ 2.39004, 6.58218 ], [ 2.3895, 6.58227 ], [ 2.3895, 6.58163 ], [ 2.38814, 6.5819 ], [ 2.38787, 6.58308 ], [ 2.38751, 6.58308 ], [ 2.38769, 6.58236 ], [ 2.38724, 6.58226 ], [ 2.38751, 6.58208 ], [ 2.3876, 6.58154 ], [ 2.38669, 6.58199 ], [ 2.38651, 6.58362 ], [ 2.38606, 6.58407 ], [ 2.38597, 6.58353 ], [ 2.38633, 6.58308 ], [ 2.38516, 6.58308 ], [ 2.38461, 6.58235 ], [ 2.38398, 6.58235 ], [ 2.38398, 6.58271 ], [ 2.38335, 6.5828 ], [ 2.38362, 6.58307 ], [ 2.38344, 6.58389 ], [ 2.38398, 6.58389 ], [ 2.3838, 6.58515 ], [ 2.38343, 6.58515 ], [ 2.38353, 6.58434 ], [ 2.38289, 6.58398 ], [ 2.3828, 6.58353 ], [ 2.3809, 6.58334 ], [ 2.38027, 6.58388 ], [ 2.3809, 6.58398 ], [ 2.38072, 6.5847 ], [ 2.38126, 6.5847 ], [ 2.38099, 6.58497 ], [ 2.38135, 6.5856 ], [ 2.38099, 6.58615 ], [ 2.38036, 6.58615 ], [ 2.37963, 6.58533 ], [ 2.37963, 6.58461 ], [ 2.37882, 6.58433 ], [ 2.37927, 6.58352 ], [ 2.37891, 6.58234 ], [ 2.37928, 6.5818 ], [ 2.37982, 6.58189 ], [ 2.37991, 6.58081 ], [ 2.38036, 6.58081 ], [ 2.38127, 6.57936 ], [ 2.38064, 6.57936 ], [ 2.38073, 6.57846 ], [ 2.37919, 6.5761 ], [ 2.37946, 6.57583 ], [ 2.3791, 6.57583 ], [ 2.37892, 6.57628 ], [ 2.37811, 6.57574 ], [ 2.37775, 6.57628 ], [ 2.37738, 6.5761 ], [ 2.37811, 6.5752 ], [ 2.38028, 6.57484 ], [ 2.38019, 6.57411 ], [ 2.3801, 6.57475 ], [ 2.37956, 6.5742 ], [ 2.3791, 6.57438 ], [ 2.37929, 6.57294 ], [ 2.37983, 6.57257 ], [ 2.38001, 6.57158 ], [ 2.37911, 6.57167 ], [ 2.37911, 6.57257 ], [ 2.37838, 6.57284 ], [ 2.37829, 6.57239 ], [ 2.37775, 6.57221 ], [ 2.37739, 6.57375 ], [ 2.37693, 6.57375 ], [ 2.37675, 6.57429 ], [ 2.37576, 6.57411 ], [ 2.37694, 6.57149 ], [ 2.3763, 6.57167 ], [ 2.37558, 6.57112 ], [ 2.37549, 6.57166 ], [ 2.37504, 6.5713 ], [ 2.37395, 6.57166 ], [ 2.37395, 6.57103 ], [ 2.37459, 6.57067 ], [ 2.37423, 6.57003 ], [ 2.37441, 6.56967 ], [ 2.37495, 6.57004 ], [ 2.37576, 6.56977 ], [ 2.37549, 6.57013 ], [ 2.37612, 6.5704 ], [ 2.3764, 6.56977 ], [ 2.37685, 6.56977 ], [ 2.37658, 6.56986 ], [ 2.37676, 6.57031 ], [ 2.3773, 6.56931 ], [ 2.37812, 6.56886 ], [ 2.37748, 6.5685 ], [ 2.37767, 6.56751 ], [ 2.37649, 6.56678 ], [ 2.37568, 6.56678 ], [ 2.37531, 6.56732 ], [ 2.37423, 6.56605 ], [ 2.3736, 6.56605 ], [ 2.37351, 6.56641 ], [ 2.37323, 6.56641 ], [ 2.37333, 6.56596 ], [ 2.37188, 6.56614 ], [ 2.37197, 6.56542 ], [ 2.37116, 6.56515 ], [ 2.37152, 6.5646 ], [ 2.37079, 6.56442 ], [ 2.37107, 6.56433 ], [ 2.37098, 6.56388 ], [ 2.37179, 6.56397 ], [ 2.37125, 6.56216 ], [ 2.37179, 6.56126 ], [ 2.37252, 6.56099 ], [ 2.37261, 6.56035 ], [ 2.37134, 6.55963 ], [ 2.37171, 6.55872 ], [ 2.37116, 6.55836 ], [ 2.36981, 6.55845 ], [ 2.37026, 6.5589 ], [ 2.37026, 6.55999 ], [ 2.36781, 6.56053 ], [ 2.36754, 6.56152 ], [ 2.36817, 6.56179 ], [ 2.36836, 6.56134 ], [ 2.36917, 6.56116 ], [ 2.37071, 6.56171 ], [ 2.37053, 6.56216 ], [ 2.3698, 6.56225 ], [ 2.37034, 6.56252 ], [ 2.37043, 6.56324 ], [ 2.3698, 6.56342 ], [ 2.36935, 6.56424 ], [ 2.36772, 6.56351 ], [ 2.36699, 6.56451 ], [ 2.36718, 6.56496 ], [ 2.36754, 6.56496 ], [ 2.36772, 6.56451 ], [ 2.36772, 6.56523 ], [ 2.36817, 6.56559 ], [ 2.36889, 6.56505 ], [ 2.36935, 6.5655 ], [ 2.36871, 6.56578 ], [ 2.36962, 6.56551 ], [ 2.37061, 6.56614 ], [ 2.37025, 6.56668 ], [ 2.37043, 6.56858 ], [ 2.36952, 6.56876 ], [ 2.36916, 6.56822 ], [ 2.36898, 6.56849 ], [ 2.36907, 6.56894 ], [ 2.36988, 6.56894 ], [ 2.37025, 6.56931 ], [ 2.36934, 6.57102 ], [ 2.36898, 6.57084 ], [ 2.36898, 6.5712 ], [ 2.36861, 6.5712 ], [ 2.36916, 6.57184 ], [ 2.36888, 6.57292 ], [ 2.36834, 6.5731 ], [ 2.36861, 6.57419 ], [ 2.36961, 6.57455 ], [ 2.36988, 6.57401 ], [ 2.36915, 6.57401 ], [ 2.36915, 6.57374 ], [ 2.37033, 6.57401 ], [ 2.3706, 6.57365 ], [ 2.37024, 6.57347 ], [ 2.37087, 6.57329 ], [ 2.37006, 6.5722 ], [ 2.37033, 6.57193 ], [ 2.37069, 6.57247 ], [ 2.37133, 6.5722 ], [ 2.37214, 6.57392 ], [ 2.37259, 6.57356 ], [ 2.37295, 6.57374 ], [ 2.37277, 6.57428 ], [ 2.37359, 6.57483 ], [ 2.37322, 6.57519 ], [ 2.37413, 6.57582 ], [ 2.37639, 6.57592 ], [ 2.37711, 6.57501 ], [ 2.3772, 6.57583 ], [ 2.37557, 6.57637 ], [ 2.37548, 6.57718 ], [ 2.37494, 6.57727 ], [ 2.3753, 6.57754 ], [ 2.3753, 6.57782 ], [ 2.37485, 6.57782 ], [ 2.37494, 6.57827 ], [ 2.37412, 6.57845 ], [ 2.37431, 6.57772 ], [ 2.37376, 6.57781 ], [ 2.37358, 6.5789 ], [ 2.37485, 6.57953 ], [ 2.37629, 6.57917 ], [ 2.37647, 6.58008 ], [ 2.37711, 6.58026 ], [ 2.3772, 6.58062 ], [ 2.37937, 6.58099 ], [ 2.3791, 6.58144 ], [ 2.37946, 6.58153 ], [ 2.37837, 6.58135 ], [ 2.37882, 6.58243 ], [ 2.37837, 6.58307 ], [ 2.37774, 6.58307 ], [ 2.37747, 6.58343 ], [ 2.37846, 6.58352 ], [ 2.37764, 6.58469 ], [ 2.37801, 6.5856 ], [ 2.37755, 6.5856 ], [ 2.37728, 6.5846 ], [ 2.37683, 6.58424 ], [ 2.37575, 6.58433 ], [ 2.37611, 6.58397 ], [ 2.37611, 6.58325 ], [ 2.37674, 6.58325 ], [ 2.37728, 6.58379 ], [ 2.37575, 6.58171 ], [ 2.37638, 6.58153 ], [ 2.37656, 6.58216 ], [ 2.37692, 6.58234 ], [ 2.3772, 6.58207 ], [ 2.37738, 6.58243 ], [ 2.37792, 6.58171 ], [ 2.37738, 6.58099 ], [ 2.37683, 6.58126 ], [ 2.37629, 6.58035 ], [ 2.37602, 6.58107 ], [ 2.37557, 6.58089 ], [ 2.37484, 6.58143 ], [ 2.37385, 6.5808 ], [ 2.37358, 6.58143 ], [ 2.37294, 6.58107 ], [ 2.37322, 6.58044 ], [ 2.37231, 6.57944 ], [ 2.37177, 6.57962 ], [ 2.37177, 6.58025 ], [ 2.37231, 6.58035 ], [ 2.3724, 6.58107 ], [ 2.37168, 6.58143 ], [ 2.37331, 6.5817 ], [ 2.37376, 6.58261 ], [ 2.37321, 6.58315 ], [ 2.3743, 6.58333 ], [ 2.37475, 6.58306 ], [ 2.37565, 6.58415 ], [ 2.37547, 6.5846 ], [ 2.37511, 6.5846 ], [ 2.37511, 6.58424 ], [ 2.37457, 6.58451 ], [ 2.37593, 6.58515 ], [ 2.37601, 6.58659 ], [ 2.37692, 6.58632 ], [ 2.37737, 6.58668 ], [ 2.3771, 6.58732 ], [ 2.37565, 6.58695 ], [ 2.37556, 6.5875 ], [ 2.37674, 6.58813 ], [ 2.37673, 6.58931 ], [ 2.37574, 6.58958 ], [ 2.37574, 6.58985 ], [ 2.37673, 6.59057 ], [ 2.37709, 6.59184 ], [ 2.378, 6.59184 ], [ 2.37791, 6.59266 ], [ 2.37745, 6.59257 ], [ 2.378, 6.5932 ], [ 2.3779, 6.59383 ], [ 2.3789, 6.59347 ], [ 2.37944, 6.59447 ], [ 2.38008, 6.59402 ], [ 2.38017, 6.59356 ], [ 2.3798, 6.59338 ], [ 2.38008, 6.59293 ], [ 2.37917, 6.59193 ], [ 2.37945, 6.59148 ], [ 2.38089, 6.59157 ], [ 2.38089, 6.59076 ], [ 2.38135, 6.59013 ], [ 2.38117, 6.58949 ], [ 2.38053, 6.58931 ], [ 2.38063, 6.58859 ], [ 2.38081, 6.58895 ], [ 2.38207, 6.58868 ], [ 2.38243, 6.58922 ], [ 2.38198, 6.58959 ], [ 2.38261, 6.5895 ], [ 2.38298, 6.58986 ], [ 2.38361, 6.5895 ], [ 2.38452, 6.58805 ], [ 2.38479, 6.58823 ], [ 2.38596, 6.58706 ], [ 2.38678, 6.58724 ], [ 2.38714, 6.58796 ], [ 2.38777, 6.58778 ], [ 2.38805, 6.58697 ], [ 2.3885, 6.58679 ], [ 2.38796, 6.58634 ], [ 2.38814, 6.5857 ], [ 2.3885, 6.58588 ], [ 2.38895, 6.58552 ], [ 2.38877, 6.58616 ], [ 2.38913, 6.58625 ], [ 2.38959, 6.58534 ], [ 2.39049, 6.58679 ], [ 2.39067, 6.58634 ], [ 2.3913, 6.58634 ], [ 2.39103, 6.58607 ], [ 2.39139, 6.58571 ], [ 2.3913, 6.58507 ], [ 2.39076, 6.5848 ], [ 2.39122, 6.58426 ], [ 2.39158, 6.58426 ], [ 2.39167, 6.58471 ], [ 2.39239, 6.58471 ], [ 2.39293, 6.58562 ], [ 2.39348, 6.5848 ], [ 2.39321, 6.58363 ], [ 2.39375, 6.58309 ], [ 2.39456, 6.58291 ], [ 2.39438, 6.58336 ], [ 2.39493, 6.58354 ], [ 2.39538, 6.583 ], [ 2.39565, 6.58327 ], [ 2.39511, 6.58381 ], [ 2.39556, 6.58463 ], [ 2.39438, 6.58562 ], [ 2.39465, 6.58653 ], [ 2.39366, 6.58634 ], [ 2.39329, 6.58725 ], [ 2.39257, 6.58652 ], [ 2.39239, 6.58688 ], [ 2.39266, 6.58698 ], [ 2.39212, 6.58716 ], [ 2.39239, 6.58824 ], [ 2.39067, 6.58815 ], [ 2.39021, 6.58887 ], [ 2.38976, 6.58896 ], [ 2.38985, 6.58824 ], [ 2.38931, 6.58806 ], [ 2.38822, 6.58833 ], [ 2.3885, 6.58887 ], [ 2.38804, 6.58923 ], [ 2.38795, 6.58824 ], [ 2.38741, 6.5886 ], [ 2.38669, 6.58832 ], [ 2.38641, 6.58887 ], [ 2.3856, 6.58869 ], [ 2.38542, 6.58977 ], [ 2.38451, 6.59022 ], [ 2.38451, 6.59076 ], [ 2.38524, 6.59086 ], [ 2.38551, 6.59013 ], [ 2.38596, 6.59131 ], [ 2.38677, 6.59113 ], [ 2.38659, 6.59149 ], [ 2.38587, 6.59149 ], [ 2.38578, 6.59221 ], [ 2.38533, 6.59167 ], [ 2.38469, 6.59167 ], [ 2.3846, 6.59221 ], [ 2.38343, 6.5923 ], [ 2.38388, 6.59321 ], [ 2.38288, 6.59203 ], [ 2.38216, 6.59221 ], [ 2.38207, 6.59257 ], [ 2.38143, 6.59248 ], [ 2.38134, 6.59275 ], [ 2.38071, 6.59212 ], [ 2.37981, 6.59239 ], [ 2.38089, 6.59302 ], [ 2.38189, 6.59275 ], [ 2.38152, 6.59375 ], [ 2.38243, 6.5933 ], [ 2.38243, 6.5942 ], [ 2.38252, 6.59402 ], [ 2.38279, 6.5942 ], [ 2.38243, 6.59465 ], [ 2.38234, 6.59393 ], [ 2.38161, 6.5942 ], [ 2.38206, 6.5951 ], [ 2.38152, 6.59538 ], [ 2.38098, 6.59465 ], [ 2.38053, 6.59474 ], [ 2.38098, 6.59528 ], [ 2.38007, 6.59537 ], [ 2.37989, 6.59483 ], [ 2.38044, 6.59474 ], [ 2.37953, 6.59456 ], [ 2.37962, 6.59546 ], [ 2.38134, 6.59574 ], [ 2.38125, 6.59547 ], [ 2.38197, 6.59547 ], [ 2.38206, 6.59519 ], [ 2.38206, 6.59565 ], [ 2.38161, 6.59619 ], [ 2.38279, 6.59628 ], [ 2.38333, 6.59574 ], [ 2.38396, 6.59592 ], [ 2.38369, 6.5952 ], [ 2.38442, 6.59465 ], [ 2.38496, 6.59583 ], [ 2.38586, 6.59547 ], [ 2.3855, 6.59647 ], [ 2.38496, 6.59637 ], [ 2.38469, 6.59683 ], [ 2.38559, 6.59692 ], [ 2.38604, 6.59656 ], [ 2.38631, 6.59692 ], [ 2.38631, 6.59782 ], [ 2.38541, 6.598 ], [ 2.38514, 6.59755 ], [ 2.38487, 6.59791 ], [ 2.38477, 6.599 ], [ 2.38523, 6.599 ], [ 2.38532, 6.59945 ], [ 2.38459, 6.59981 ], [ 2.38423, 6.60054 ], [ 2.38387, 6.59936 ], [ 2.38405, 6.59854 ], [ 2.38441, 6.59845 ], [ 2.38414, 6.59782 ], [ 2.38179, 6.59746 ], [ 2.38061, 6.598 ], [ 2.38106, 6.59881 ], [ 2.38061, 6.59954 ], [ 2.38115, 6.60044 ], [ 2.3817, 6.60062 ], [ 2.38142, 6.60126 ], [ 2.38179, 6.60162 ], [ 2.38169, 6.60261 ], [ 2.38097, 6.60288 ], [ 2.38178, 6.60352 ], [ 2.38178, 6.60451 ], [ 2.38097, 6.60496 ], [ 2.38088, 6.6056 ], [ 2.3816, 6.60533 ], [ 2.3825, 6.6056 ], [ 2.38278, 6.60524 ], [ 2.38241, 6.60497 ], [ 2.38287, 6.6046 ], [ 2.38323, 6.60587 ], [ 2.3825, 6.60641 ], [ 2.38368, 6.60795 ], [ 2.38286, 6.60859 ], [ 2.38241, 6.60768 ], [ 2.38205, 6.60768 ], [ 2.38196, 6.60813 ], [ 2.38133, 6.60777 ], [ 2.38123, 6.60822 ], [ 2.38051, 6.6075 ], [ 2.3806, 6.60867 ], [ 2.38187, 6.60877 ], [ 2.38214, 6.6094 ], [ 2.38196, 6.61012 ], [ 2.38268, 6.61058 ], [ 2.38195, 6.61085 ], [ 2.38195, 6.61121 ], [ 2.38286, 6.61121 ], [ 2.38358, 6.61202 ], [ 2.38403, 6.61193 ], [ 2.38385, 6.61103 ], [ 2.38304, 6.61067 ], [ 2.38295, 6.60976 ], [ 2.38331, 6.60958 ], [ 2.3835, 6.60859 ], [ 2.38404, 6.60868 ], [ 2.38485, 6.60976 ], [ 2.38449, 6.61058 ], [ 2.38503, 6.61067 ], [ 2.38593, 6.61157 ], [ 2.38566, 6.61302 ], [ 2.38539, 6.61284 ], [ 2.38557, 6.61329 ], [ 2.38584, 6.61266 ], [ 2.38593, 6.61338 ], [ 2.3853, 6.61365 ], [ 2.38476, 6.61293 ], [ 2.38485, 6.61212 ], [ 2.38431, 6.61184 ], [ 2.38476, 6.61257 ], [ 2.3843, 6.61293 ], [ 2.38367, 6.61284 ], [ 2.38367, 6.61392 ], [ 2.38322, 6.61374 ], [ 2.38322, 6.61338 ], [ 2.38286, 6.61347 ], [ 2.38267, 6.61401 ], [ 2.38295, 6.61429 ], [ 2.38394, 6.61401 ], [ 2.38367, 6.61474 ], [ 2.38439, 6.61528 ], [ 2.38403, 6.61637 ], [ 2.38294, 6.61628 ], [ 2.38321, 6.61682 ], [ 2.38376, 6.61664 ], [ 2.38403, 6.61709 ], [ 2.3833, 6.61781 ], [ 2.38357, 6.61836 ], [ 2.38267, 6.61845 ], [ 2.38285, 6.61944 ], [ 2.38222, 6.61962 ], [ 2.38176, 6.62035 ], [ 2.38104, 6.6198 ], [ 2.38068, 6.62107 ], [ 2.38122, 6.62188 ], [ 2.38058, 6.62242 ], [ 2.3804, 6.62224 ], [ 2.38058, 6.62261 ], [ 2.38004, 6.62297 ], [ 2.38022, 6.62369 ], [ 2.37995, 6.62414 ], [ 2.38049, 6.62432 ], [ 2.3813, 6.62632 ], [ 2.3813, 6.62559 ], [ 2.38266, 6.62559 ], [ 2.3832, 6.62514 ], [ 2.38402, 6.6255 ], [ 2.3842, 6.62514 ], [ 2.38357, 6.62469 ], [ 2.38429, 6.62469 ], [ 2.38438, 6.62424 ], [ 2.3842, 6.6236 ], [ 2.38375, 6.62379 ], [ 2.38375, 6.62342 ], [ 2.38456, 6.62306 ], [ 2.3842, 6.62297 ], [ 2.38366, 6.62152 ], [ 2.38411, 6.62089 ], [ 2.38384, 6.62044 ], [ 2.38448, 6.62008 ], [ 2.38457, 6.61953 ], [ 2.3852, 6.61972 ], [ 2.38574, 6.61945 ], [ 2.3862, 6.61999 ], [ 2.38583, 6.62044 ], [ 2.38647, 6.6208 ], [ 2.38583, 6.62234 ], [ 2.38592, 6.62306 ], [ 2.38692, 6.62343 ], [ 2.38691, 6.62442 ], [ 2.38746, 6.62469 ], [ 2.38746, 6.62424 ], [ 2.3871, 6.62415 ], [ 2.38737, 6.6218 ], [ 2.38647, 6.62153 ], [ 2.38656, 6.62071 ], [ 2.38692, 6.62053 ], [ 2.38674, 6.61999 ], [ 2.38737, 6.6199 ], [ 2.38737, 6.61909 ], [ 2.38701, 6.61908 ], [ 2.38692, 6.61954 ], [ 2.38647, 6.61927 ], [ 2.38701, 6.61845 ], [ 2.38701, 6.61709 ], [ 2.38756, 6.61719 ], [ 2.38765, 6.6161 ], [ 2.38864, 6.6152 ], [ 2.38702, 6.61519 ], [ 2.38683, 6.61583 ], [ 2.38647, 6.61583 ], [ 2.38638, 6.61746 ], [ 2.38529, 6.61764 ], [ 2.38584, 6.61818 ], [ 2.38629, 6.61791 ], [ 2.38602, 6.61809 ], [ 2.38629, 6.61872 ], [ 2.38602, 6.61917 ], [ 2.38412, 6.61854 ], [ 2.38421, 6.61809 ], [ 2.3852, 6.61736 ], [ 2.38521, 6.61583 ], [ 2.38611, 6.61574 ], [ 2.38602, 6.61447 ], [ 2.38711, 6.61456 ], [ 2.38711, 6.6142 ], [ 2.38783, 6.61402 ], [ 2.38783, 6.61366 ], [ 2.38693, 6.61384 ], [ 2.38702, 6.61302 ], [ 2.38756, 6.61311 ], [ 2.38756, 6.61266 ], [ 2.38693, 6.6123 ], [ 2.38729, 6.61185 ], [ 2.38774, 6.6123 ], [ 2.38838, 6.61203 ], [ 2.38793, 6.61122 ], [ 2.38829, 6.61085 ], [ 2.38793, 6.61094 ], [ 2.38603, 6.6094 ], [ 2.3853, 6.60931 ], [ 2.38539, 6.60895 ], [ 2.38585, 6.60895 ], [ 2.38621, 6.60949 ], [ 2.38684, 6.6094 ], [ 2.38657, 6.60904 ], [ 2.3863, 6.60922 ], [ 2.38621, 6.60859 ], [ 2.38684, 6.6076 ], [ 2.38594, 6.60723 ], [ 2.38603, 6.60678 ], [ 2.38675, 6.60678 ], [ 2.38721, 6.60624 ], [ 2.38693, 6.6075 ], [ 2.38739, 6.60741 ], [ 2.38775, 6.60651 ], [ 2.38739, 6.60633 ], [ 2.3873, 6.60524 ], [ 2.38802, 6.60552 ], [ 2.38784, 6.60425 ], [ 2.38839, 6.60407 ], [ 2.38884, 6.60335 ], [ 2.38956, 6.60335 ], [ 2.38902, 6.60289 ], [ 2.38929, 6.60108 ], [ 2.38893, 6.60117 ], [ 2.38866, 6.60108 ], [ 2.38866, 6.6009 ], [ 2.3893, 6.60063 ], [ 2.38984, 6.59973 ], [ 2.38948, 6.59909 ], [ 2.38975, 6.59783 ], [ 2.38885, 6.59719 ], [ 2.38794, 6.59728 ], [ 2.38785, 6.59647 ], [ 2.38695, 6.59602 ], [ 2.38767, 6.59574 ], [ 2.38767, 6.59602 ], [ 2.38831, 6.59611 ], [ 2.38822, 6.59565 ], [ 2.38749, 6.59565 ], [ 2.38749, 6.59538 ], [ 2.38822, 6.59538 ], [ 2.38831, 6.59475 ], [ 2.38903, 6.59466 ], [ 2.38804, 6.59375 ], [ 2.38912, 6.59394 ], [ 2.3893, 6.59466 ], [ 2.38985, 6.5943 ], [ 2.3893, 6.59312 ], [ 2.3884, 6.59285 ], [ 2.38804, 6.59176 ], [ 2.38849, 6.59176 ], [ 2.3884, 6.59213 ], [ 2.38922, 6.59195 ], [ 2.38904, 6.59104 ], [ 2.39103, 6.59132 ], [ 2.39139, 6.59041 ], [ 2.39148, 6.59104 ], [ 2.39175, 6.59105 ], [ 2.39184, 6.59005 ], [ 2.3913, 6.59005 ], [ 2.39094, 6.58951 ], [ 2.39175, 6.58915 ], [ 2.39257, 6.58924 ], [ 2.39257, 6.5896 ], [ 2.39311, 6.58933 ], [ 2.39383, 6.59014 ], [ 2.3932, 6.59041 ], [ 2.39311, 6.58996 ], [ 2.39211, 6.58978 ], [ 2.39229, 6.58996 ], [ 2.39193, 6.59014 ], [ 2.39238, 6.59059 ], [ 2.39211, 6.59141 ], [ 2.39265, 6.59123 ], [ 2.39365, 6.59186 ], [ 2.39428, 6.5915 ], [ 2.39356, 6.59123 ], [ 2.39401, 6.59096 ], [ 2.39446, 6.59114 ], [ 2.39455, 6.59168 ], [ 2.3951, 6.59177 ], [ 2.3951, 6.59204 ], [ 2.39446, 6.59186 ], [ 2.39419, 6.59231 ], [ 2.39482, 6.59259 ], [ 2.39482, 6.59304 ], [ 2.39401, 6.59286 ], [ 2.39446, 6.59322 ], [ 2.39401, 6.5943 ], [ 2.39482, 6.59403 ], [ 2.39455, 6.59394 ], [ 2.39464, 6.5934 ], [ 2.39509, 6.59358 ], [ 2.39536, 6.59548 ], [ 2.39482, 6.59548 ], [ 2.39482, 6.59521 ], [ 2.39464, 6.59539 ], [ 2.39572, 6.59675 ], [ 2.39527, 6.59702 ], [ 2.39518, 6.59829 ], [ 2.39482, 6.59829 ], [ 2.39454, 6.59892 ], [ 2.39491, 6.59946 ], [ 2.39509, 6.5991 ], [ 2.39563, 6.59928 ], [ 2.39581, 6.59901 ], [ 2.39617, 6.59983 ], [ 2.3959, 6.6001 ], [ 2.39545, 6.59983 ], [ 2.39554, 6.60028 ], [ 2.39608, 6.60046 ], [ 2.39635, 6.60019 ], [ 2.39671, 6.60091 ], [ 2.39635, 6.60182 ], [ 2.39617, 6.60182 ], [ 2.39626, 6.60064 ], [ 2.39599, 6.60064 ], [ 2.3959, 6.60136 ], [ 2.39536, 6.60037 ], [ 2.39463, 6.60037 ], [ 2.39481, 6.60019 ], [ 2.39427, 6.59991 ], [ 2.39382, 6.60028 ], [ 2.3931, 6.6 ], [ 2.39355, 6.59955 ], [ 2.39346, 6.59919 ], [ 2.39219, 6.5991 ], [ 2.39237, 6.59973 ], [ 2.39192, 6.60064 ], [ 2.3911, 6.601 ], [ 2.39156, 6.60145 ], [ 2.39065, 6.60136 ], [ 2.38993, 6.60244 ], [ 2.39002, 6.6028 ], [ 2.39056, 6.60271 ], [ 2.39038, 6.60344 ], [ 2.3911, 6.60371 ], [ 2.39083, 6.60425 ], [ 2.39137, 6.60434 ], [ 2.39137, 6.60498 ], [ 2.39101, 6.60507 ], [ 2.39101, 6.60434 ], [ 2.39065, 6.6047 ], [ 2.38929, 6.60488 ], [ 2.38965, 6.60507 ], [ 2.38929, 6.60525 ], [ 2.38947, 6.60597 ], [ 2.38884, 6.60633 ], [ 2.38902, 6.60669 ], [ 2.38965, 6.60669 ], [ 2.39028, 6.60588 ], [ 2.39092, 6.60606 ], [ 2.3911, 6.60715 ], [ 2.39146, 6.60724 ], [ 2.39155, 6.60805 ], [ 2.39191, 6.60805 ], [ 2.39146, 6.60823 ], [ 2.39182, 6.60878 ], [ 2.39128, 6.60923 ], [ 2.39118, 6.61013 ], [ 2.39046, 6.60968 ], [ 2.38992, 6.61049 ], [ 2.39163, 6.61185 ], [ 2.39173, 6.6114 ], [ 2.39236, 6.61176 ], [ 2.39317, 6.61149 ], [ 2.39254, 6.60995 ], [ 2.39299, 6.6095 ], [ 2.39345, 6.60968 ], [ 2.39354, 6.61068 ], [ 2.39435, 6.6114 ], [ 2.39453, 6.61095 ], [ 2.39553, 6.6105 ], [ 2.39553, 6.61005 ], [ 2.39516, 6.61005 ], [ 2.39526, 6.60941 ], [ 2.39598, 6.60887 ], [ 2.39499, 6.60878 ], [ 2.39508, 6.60815 ], [ 2.39444, 6.60842 ], [ 2.3939, 6.60778 ], [ 2.39345, 6.60824 ], [ 2.39318, 6.6076 ], [ 2.3939, 6.60769 ], [ 2.39426, 6.60715 ], [ 2.3939, 6.60715 ], [ 2.39354, 6.60634 ], [ 2.39273, 6.60652 ], [ 2.39291, 6.60489 ], [ 2.39336, 6.60453 ], [ 2.39372, 6.60543 ], [ 2.39417, 6.60552 ], [ 2.394, 6.60462 ], [ 2.39436, 6.60462 ], [ 2.39445, 6.60543 ], [ 2.39553, 6.60543 ], [ 2.39562, 6.6048 ], [ 2.39499, 6.60453 ], [ 2.39544, 6.60426 ], [ 2.39608, 6.60471 ], [ 2.39626, 6.60354 ], [ 2.39698, 6.60381 ], [ 2.39707, 6.60336 ], [ 2.39644, 6.6029 ], [ 2.39689, 6.60254 ], [ 2.39671, 6.60209 ], [ 2.39716, 6.60191 ], [ 2.39771, 6.60272 ], [ 2.39897, 6.60245 ], [ 2.39934, 6.60272 ], [ 2.39915, 6.60309 ], [ 2.39952, 6.603 ], [ 2.40006, 6.60354 ], [ 2.40015, 6.60318 ], [ 2.40114, 6.60318 ], [ 2.40033, 6.60345 ], [ 2.40033, 6.60399 ], [ 2.40096, 6.60399 ], [ 2.40096, 6.6049 ], [ 2.39825, 6.60471 ], [ 2.39834, 6.60426 ], [ 2.39771, 6.60408 ], [ 2.39644, 6.60498 ], [ 2.39626, 6.60562 ], [ 2.39535, 6.60589 ], [ 2.39535, 6.60661 ], [ 2.39644, 6.60661 ], [ 2.39653, 6.60734 ], [ 2.39526, 6.60706 ], [ 2.39526, 6.60742 ], [ 2.39634, 6.60851 ], [ 2.39689, 6.60815 ], [ 2.39698, 6.60878 ], [ 2.39752, 6.60851 ], [ 2.39752, 6.60806 ], [ 2.39879, 6.60833 ], [ 2.39897, 6.60933 ], [ 2.39969, 6.60906 ], [ 2.39942, 6.60978 ], [ 2.39978, 6.61014 ], [ 2.40068, 6.60933 ], [ 2.40041, 6.61014 ], [ 2.40068, 6.61069 ], [ 2.40032, 6.61078 ], [ 2.40032, 6.61123 ], [ 2.40141, 6.61159 ], [ 2.40141, 6.61186 ], [ 2.40113, 6.61214 ], [ 2.40077, 6.61214 ], [ 2.40077, 6.61168 ], [ 2.40023, 6.61195 ], [ 2.40023, 6.61096 ], [ 2.3996, 6.61087 ], [ 2.40005, 6.61177 ], [ 2.39941, 6.6134 ], [ 2.39905, 6.6134 ], [ 2.39914, 6.61295 ], [ 2.39806, 6.61168 ], [ 2.39742, 6.61195 ], [ 2.39724, 6.61231 ], [ 2.39769, 6.61331 ], [ 2.39697, 6.61358 ], [ 2.39688, 6.61448 ], [ 2.39543, 6.61457 ], [ 2.39543, 6.61548 ], [ 2.39452, 6.61548 ], [ 2.39407, 6.61602 ], [ 2.39425, 6.61548 ], [ 2.39326, 6.6143 ], [ 2.39253, 6.6152 ], [ 2.39235, 6.61475 ], [ 2.39154, 6.61439 ], [ 2.39118, 6.61457 ], [ 2.39118, 6.6143 ], [ 2.39073, 6.61448 ], [ 2.39027, 6.61384 ], [ 2.38991, 6.61402 ], [ 2.38937, 6.61574 ], [ 2.39009, 6.61565 ], [ 2.39027, 6.61511 ], [ 2.39091, 6.6161 ], [ 2.39199, 6.61647 ], [ 2.3919, 6.61692 ], [ 2.39136, 6.61674 ], [ 2.39145, 6.61701 ], [ 2.39054, 6.61791 ], [ 2.39054, 6.61855 ], [ 2.39126, 6.6181 ], [ 2.39172, 6.61891 ], [ 2.39208, 6.61909 ], [ 2.39235, 6.61882 ], [ 2.39226, 6.61918 ], [ 2.39298, 6.61973 ], [ 2.39298, 6.61909 ], [ 2.39217, 6.61846 ], [ 2.39362, 6.61837 ], [ 2.39316, 6.619 ], [ 2.39352, 6.62009 ], [ 2.39316, 6.62072 ], [ 2.39425, 6.6209 ], [ 2.39425, 6.62154 ], [ 2.39334, 6.62144 ], [ 2.39325, 6.6219 ], [ 2.39397, 6.62181 ], [ 2.39397, 6.62226 ], [ 2.39289, 6.62226 ], [ 2.39262, 6.62262 ], [ 2.39379, 6.62235 ], [ 2.39388, 6.62307 ], [ 2.39406, 6.62307 ], [ 2.39388, 6.62235 ], [ 2.39461, 6.62235 ], [ 2.39406, 6.62353 ], [ 2.3928, 6.62307 ], [ 2.39234, 6.6238 ], [ 2.39189, 6.62334 ], [ 2.39199, 6.62045 ], [ 2.39171, 6.62036 ], [ 2.39171, 6.62117 ], [ 2.39099, 6.62099 ], [ 2.39081, 6.62027 ], [ 2.39108, 6.61999 ], [ 2.39108, 6.61972 ], [ 2.3909, 6.6199 ], [ 2.39027, 6.61918 ], [ 2.38945, 6.61927 ], [ 2.38973, 6.61791 ], [ 2.38909, 6.6171 ], [ 2.38855, 6.61737 ], [ 2.38891, 6.61782 ], [ 2.38855, 6.61836 ], [ 2.38828, 6.61809 ], [ 2.38792, 6.61827 ], [ 2.38782, 6.62053 ], [ 2.38701, 6.62062 ], [ 2.38764, 6.62108 ], [ 2.38764, 6.62153 ], [ 2.38855, 6.62126 ], [ 2.38909, 6.62207 ], [ 2.38999, 6.62207 ], [ 2.38981, 6.62262 ], [ 2.39026, 6.62307 ], [ 2.39126, 6.62334 ], [ 2.3909, 6.6237 ], [ 2.39162, 6.62425 ], [ 2.39135, 6.62479 ], [ 2.39207, 6.62732 ], [ 2.39243, 6.62732 ], [ 2.39243, 6.62642 ], [ 2.39297, 6.62633 ], [ 2.39343, 6.62696 ], [ 2.39442, 6.62669 ], [ 2.39406, 6.62724 ], [ 2.39424, 6.62751 ], [ 2.39505, 6.62751 ], [ 2.39505, 6.62697 ], [ 2.39523, 6.62724 ], [ 2.39623, 6.62715 ], [ 2.39559, 6.62832 ], [ 2.39641, 6.62832 ], [ 2.39668, 6.62923 ], [ 2.39759, 6.6286 ], [ 2.39786, 6.62778 ] ], [ [ 2.39343, 6.62479 ], [ 2.39379, 6.62488 ], [ 2.39379, 6.62416 ], [ 2.39506, 6.62371 ], [ 2.39533, 6.62308 ], [ 2.3966, 6.62353 ], [ 2.3965, 6.62407 ], [ 2.39732, 6.62434 ], [ 2.39659, 6.6248 ], [ 2.39632, 6.62425 ], [ 2.39587, 6.62416 ], [ 2.39569, 6.62461 ], [ 2.39533, 6.62452 ], [ 2.39587, 6.62552 ], [ 2.39478, 6.62552 ], [ 2.39424, 6.62516 ], [ 2.39343, 6.62561 ], [ 2.39379, 6.62588 ], [ 2.39379, 6.62633 ], [ 2.39361, 6.62597 ], [ 2.39306, 6.62597 ], [ 2.39343, 6.62479 ] ], [ [ 2.39732, 6.62272 ], [ 2.39759, 6.62235 ], [ 2.39723, 6.62208 ], [ 2.39868, 6.62218 ], [ 2.39877, 6.62163 ], [ 2.39922, 6.62172 ], [ 2.3994, 6.62127 ], [ 2.39877, 6.62109 ], [ 2.39895, 6.61991 ], [ 2.3976, 6.62009 ], [ 2.39723, 6.61973 ], [ 2.39723, 6.61901 ], [ 2.3966, 6.6191 ], [ 2.39696, 6.61892 ], [ 2.39687, 6.61855 ], [ 2.3976, 6.61837 ], [ 2.39895, 6.6191 ], [ 2.39923, 6.6182 ], [ 2.39841, 6.61792 ], [ 2.39868, 6.61765 ], [ 2.39841, 6.61711 ], [ 2.39896, 6.61702 ], [ 2.3985, 6.61638 ], [ 2.39923, 6.61602 ], [ 2.40004, 6.61612 ], [ 2.40022, 6.61566 ], [ 2.40113, 6.61585 ], [ 2.40249, 6.61539 ], [ 2.40258, 6.61576 ], [ 2.40149, 6.61603 ], [ 2.40149, 6.61648 ], [ 2.40203, 6.61639 ], [ 2.40303, 6.61739 ], [ 2.40248, 6.61793 ], [ 2.40212, 6.61793 ], [ 2.40194, 6.61729 ], [ 2.40149, 6.61747 ], [ 2.40158, 6.6182 ], [ 2.40239, 6.61847 ], [ 2.40239, 6.61892 ], [ 2.4014, 6.61919 ], [ 2.40103, 6.62082 ], [ 2.40067, 6.62091 ], [ 2.40085, 6.62145 ], [ 2.39995, 6.62172 ], [ 2.40031, 6.62236 ], [ 2.39958, 6.62272 ], [ 2.39904, 6.62245 ], [ 2.39868, 6.62317 ], [ 2.39804, 6.62299 ], [ 2.39795, 6.62263 ], [ 2.39732, 6.62272 ] ], [ [ 2.40294, 6.61521 ], [ 2.40339, 6.61485 ], [ 2.40312, 6.61404 ], [ 2.4043, 6.61323 ], [ 2.4043, 6.61422 ], [ 2.40475, 6.61413 ], [ 2.40484, 6.61458 ], [ 2.40357, 6.61431 ], [ 2.40421, 6.61522 ], [ 2.40384, 6.61585 ], [ 2.40348, 6.61531 ], [ 2.40294, 6.61521 ] ], [ [ 2.38486, 6.60388 ], [ 2.38495, 6.60343 ], [ 2.38423, 6.60343 ], [ 2.38395, 6.60379 ], [ 2.38422, 6.60406 ], [ 2.3835, 6.60397 ], [ 2.38332, 6.60424 ], [ 2.38359, 6.60352 ], [ 2.38305, 6.60352 ], [ 2.38287, 6.60243 ], [ 2.38224, 6.60216 ], [ 2.38269, 6.60216 ], [ 2.38305, 6.60144 ], [ 2.38368, 6.60171 ], [ 2.38459, 6.60144 ], [ 2.38504, 6.60171 ], [ 2.38504, 6.60216 ], [ 2.38586, 6.60226 ], [ 2.38576, 6.60253 ], [ 2.38631, 6.6028 ], [ 2.38667, 6.60253 ], [ 2.38649, 6.60081 ], [ 2.38694, 6.60081 ], [ 2.38703, 6.60126 ], [ 2.38776, 6.60126 ], [ 2.3873, 6.60208 ], [ 2.38776, 6.60244 ], [ 2.38712, 6.60316 ], [ 2.38748, 6.60352 ], [ 2.38703, 6.60361 ], [ 2.38775, 6.60416 ], [ 2.38757, 6.60452 ], [ 2.38658, 6.60488 ], [ 2.38649, 6.60425 ], [ 2.3854, 6.60488 ], [ 2.38513, 6.6047 ], [ 2.3854, 6.60443 ], [ 2.38486, 6.60388 ] ], [ [ 2.39708, 6.59431 ], [ 2.39681, 6.59386 ], [ 2.39781, 6.5935 ], [ 2.39844, 6.59377 ], [ 2.39898, 6.59323 ], [ 2.39935, 6.59332 ], [ 2.39907, 6.59377 ], [ 2.39862, 6.59368 ], [ 2.39871, 6.59467 ], [ 2.39817, 6.59485 ], [ 2.39826, 6.5954 ], [ 2.3979, 6.59576 ], [ 2.3969, 6.59521 ], [ 2.39708, 6.59431 ] ], [ [ 2.396, 6.59214 ], [ 2.39591, 6.5925 ], [ 2.39546, 6.5925 ], [ 2.39555, 6.59186 ], [ 2.39519, 6.59186 ], [ 2.39501, 6.5915 ], [ 2.39573, 6.59177 ], [ 2.39582, 6.59105 ], [ 2.39546, 6.59042 ], [ 2.39483, 6.59042 ], [ 2.39501, 6.59005 ], [ 2.39437, 6.58987 ], [ 2.39429, 6.58942 ], [ 2.39492, 6.5896 ], [ 2.39447, 6.5887 ], [ 2.3951, 6.58806 ], [ 2.39573, 6.58843 ], [ 2.39573, 6.58897 ], [ 2.39609, 6.58897 ], [ 2.39582, 6.58888 ], [ 2.3961, 6.58861 ], [ 2.39582, 6.58797 ], [ 2.39628, 6.5877 ], [ 2.39655, 6.58834 ], [ 2.39718, 6.58798 ], [ 2.39718, 6.58997 ], [ 2.39664, 6.58988 ], [ 2.39664, 6.59024 ], [ 2.39709, 6.59015 ], [ 2.39718, 6.59087 ], [ 2.39781, 6.59132 ], [ 2.39745, 6.59178 ], [ 2.39763, 6.59214 ], [ 2.39709, 6.59241 ], [ 2.3969, 6.5934 ], [ 2.39672, 6.59322 ], [ 2.39654, 6.59358 ], [ 2.39645, 6.59295 ], [ 2.39609, 6.59304 ], [ 2.396, 6.59214 ] ], [ [ 2.39962, 6.59133 ], [ 2.3998, 6.59015 ], [ 2.40161, 6.59006 ], [ 2.40216, 6.58889 ], [ 2.40207, 6.58861 ], [ 2.40161, 6.5887 ], [ 2.40153, 6.58735 ], [ 2.40071, 6.58708 ], [ 2.40107, 6.58608 ], [ 2.40144, 6.58608 ], [ 2.40162, 6.58635 ], [ 2.40135, 6.58653 ], [ 2.4018, 6.5869 ], [ 2.40171, 6.58789 ], [ 2.40243, 6.58708 ], [ 2.40243, 6.58816 ], [ 2.40333, 6.58798 ], [ 2.40351, 6.58889 ], [ 2.40206, 6.58988 ], [ 2.40206, 6.59042 ], [ 2.40143, 6.59015 ], [ 2.40134, 6.59069 ], [ 2.40034, 6.59097 ], [ 2.40052, 6.59169 ], [ 2.40089, 6.59151 ], [ 2.40098, 6.59178 ], [ 2.40025, 6.59196 ], [ 2.39962, 6.59133 ] ], [ [ 2.37709, 6.59103 ], [ 2.37746, 6.59058 ], [ 2.37719, 6.58976 ], [ 2.37755, 6.59012 ], [ 2.37827, 6.59003 ], [ 2.37863, 6.5894 ], [ 2.37909, 6.58931 ], [ 2.3789, 6.58994 ], [ 2.37945, 6.59049 ], [ 2.37927, 6.59094 ], [ 2.37845, 6.59094 ], [ 2.37899, 6.59148 ], [ 2.37755, 6.59157 ], [ 2.37773, 6.59103 ], [ 2.37709, 6.59103 ] ], [ [ 2.39791, 6.58689 ], [ 2.39709, 6.58671 ], [ 2.397, 6.58626 ], [ 2.39854, 6.58635 ], [ 2.39872, 6.5868 ], [ 2.39872, 6.58617 ], [ 2.39981, 6.58608 ], [ 2.39981, 6.58707 ], [ 2.40098, 6.58735 ], [ 2.40098, 6.58807 ], [ 2.40053, 6.58852 ], [ 2.39944, 6.58807 ], [ 2.39863, 6.58707 ], [ 2.39836, 6.58752 ], [ 2.39854, 6.58825 ], [ 2.398, 6.58852 ], [ 2.39763, 6.58798 ], [ 2.39791, 6.58689 ] ], [ [ 2.39954, 6.58346 ], [ 2.39945, 6.58246 ], [ 2.40008, 6.58291 ], [ 2.4009, 6.58255 ], [ 2.40117, 6.58291 ], [ 2.40117, 6.58355 ], [ 2.40026, 6.58318 ], [ 2.40017, 6.58373 ], [ 2.39972, 6.58373 ], [ 2.3999, 6.58427 ], [ 2.40053, 6.58427 ], [ 2.40044, 6.5849 ], [ 2.39999, 6.58436 ], [ 2.39963, 6.58499 ], [ 2.3989, 6.5849 ], [ 2.39954, 6.58346 ] ], [ [ 2.37278, 6.5713 ], [ 2.37205, 6.57148 ], [ 2.37097, 6.57021 ], [ 2.36997, 6.57039 ], [ 2.36997, 6.57012 ], [ 2.3707, 6.57003 ], [ 2.37142, 6.56895 ], [ 2.37196, 6.56895 ], [ 2.37205, 6.57103 ], [ 2.3735, 6.57121 ], [ 2.37368, 6.57184 ], [ 2.37305, 6.5722 ], [ 2.37332, 6.57175 ], [ 2.37278, 6.5713 ] ] ], [ [ [ 2.39679, 6.61294 ], [ 2.3967, 6.61213 ], [ 2.39706, 6.61141 ], [ 2.39788, 6.61141 ], [ 2.39734, 6.61059 ], [ 2.39869, 6.61041 ], [ 2.39797, 6.6096 ], [ 2.3977, 6.60987 ], [ 2.39697, 6.60951 ], [ 2.39707, 6.60906 ], [ 2.39661, 6.60915 ], [ 2.39661, 6.60969 ], [ 2.39715, 6.61023 ], [ 2.3967, 6.61177 ], [ 2.39634, 6.61177 ], [ 2.39607, 6.61104 ], [ 2.39543, 6.61122 ], [ 2.39552, 6.61186 ], [ 2.39607, 6.61177 ], [ 2.39652, 6.61231 ], [ 2.39589, 6.61231 ], [ 2.39552, 6.61276 ], [ 2.39607, 6.61331 ], [ 2.39679, 6.61294 ] ] ], [ [ [ 2.40328, 6.62924 ], [ 2.40428, 6.62924 ], [ 2.40392, 6.62842 ], [ 2.40356, 6.62815 ], [ 2.40283, 6.62842 ], [ 2.40283, 6.62779 ], [ 2.40229, 6.62806 ], [ 2.40202, 6.62743 ], [ 2.40175, 6.62788 ], [ 2.40202, 6.62842 ], [ 2.40256, 6.62842 ], [ 2.40238, 6.62933 ], [ 2.40292, 6.62915 ], [ 2.40283, 6.62887 ], [ 2.40328, 6.62924 ] ] ], [ [ [ 2.40536, 6.63096 ], [ 2.40536, 6.63042 ], [ 2.40573, 6.63033 ], [ 2.40554, 6.63087 ], [ 2.40654, 6.63078 ], [ 2.40582, 6.63005 ], [ 2.40636, 6.62915 ], [ 2.40618, 6.62816 ], [ 2.40609, 6.62915 ], [ 2.40582, 6.62915 ], [ 2.40555, 6.63005 ], [ 2.405, 6.63042 ], [ 2.40346, 6.63041 ], [ 2.40373, 6.63096 ], [ 2.40419, 6.6306 ], [ 2.40536, 6.63096 ] ] ], [ [ [ 2.39776, 6.63122 ], [ 2.39831, 6.63131 ], [ 2.3984, 6.63068 ], [ 2.39858, 6.63122 ], [ 2.39903, 6.63122 ], [ 2.39903, 6.63086 ], [ 2.39867, 6.63086 ], [ 2.39903, 6.63032 ], [ 2.39831, 6.6305 ], [ 2.39849, 6.62977 ], [ 2.39758, 6.62941 ], [ 2.3974, 6.62986 ], [ 2.39659, 6.63004 ], [ 2.39641, 6.63068 ], [ 2.39668, 6.63122 ], [ 2.39722, 6.63104 ], [ 2.39758, 6.63176 ], [ 2.39803, 6.63158 ], [ 2.39776, 6.63122 ] ] ], [ [ [ 2.39441, 6.63411 ], [ 2.39477, 6.63466 ], [ 2.39532, 6.63366 ], [ 2.39514, 6.63294 ], [ 2.39478, 6.63285 ], [ 2.39487, 6.6323 ], [ 2.39459, 6.6323 ], [ 2.39514, 6.63194 ], [ 2.39487, 6.63095 ], [ 2.39514, 6.63022 ], [ 2.39487, 6.63013 ], [ 2.39423, 6.63067 ], [ 2.39469, 6.63122 ], [ 2.3945, 6.63212 ], [ 2.39414, 6.63203 ], [ 2.39396, 6.63122 ], [ 2.39387, 6.63212 ], [ 2.39342, 6.63203 ], [ 2.39342, 6.63149 ], [ 2.39251, 6.63149 ], [ 2.3926, 6.63185 ], [ 2.39324, 6.63194 ], [ 2.39297, 6.6323 ], [ 2.39369, 6.63257 ], [ 2.3936, 6.63303 ], [ 2.39206, 6.63293 ], [ 2.39215, 6.63339 ], [ 2.39351, 6.63384 ], [ 2.3936, 6.63465 ], [ 2.39441, 6.63411 ] ] ], [ [ [ 2.39848, 6.63511 ], [ 2.39866, 6.63593 ], [ 2.39921, 6.63511 ], [ 2.39912, 6.63457 ], [ 2.39966, 6.63475 ], [ 2.39939, 6.63412 ], [ 2.39894, 6.63421 ], [ 2.39885, 6.63367 ], [ 2.3993, 6.63294 ], [ 2.39848, 6.6333 ], [ 2.39857, 6.63294 ], [ 2.39785, 6.63276 ], [ 2.39767, 6.63303 ], [ 2.3983, 6.63312 ], [ 2.39876, 6.63366 ], [ 2.39812, 6.63412 ], [ 2.3974, 6.63366 ], [ 2.39722, 6.63303 ], [ 2.39667, 6.63303 ], [ 2.39667, 6.63348 ], [ 2.3964, 6.63321 ], [ 2.39622, 6.63357 ], [ 2.39577, 6.63294 ], [ 2.39532, 6.63294 ], [ 2.39568, 6.63312 ], [ 2.39541, 6.63366 ], [ 2.39577, 6.6342 ], [ 2.39622, 6.6342 ], [ 2.39622, 6.63475 ], [ 2.39658, 6.63466 ], [ 2.39694, 6.63529 ], [ 2.39758, 6.63538 ], [ 2.39749, 6.6362 ], [ 2.39785, 6.6362 ], [ 2.39848, 6.63511 ] ] ], [ [ [ 2.40146, 6.63846 ], [ 2.40201, 6.63738 ], [ 2.40119, 6.6372 ], [ 2.40083, 6.63665 ], [ 2.40074, 6.6372 ], [ 2.39984, 6.63674 ], [ 2.39956, 6.63738 ], [ 2.40002, 6.63765 ], [ 2.40011, 6.63828 ], [ 2.40047, 6.63774 ], [ 2.40092, 6.63819 ], [ 2.40156, 6.63756 ], [ 2.40092, 6.63901 ], [ 2.4011, 6.63937 ], [ 2.40191, 6.63937 ], [ 2.40146, 6.63846 ] ] ], [ [ [ 2.39738, 6.64741 ], [ 2.3982, 6.64723 ], [ 2.39738, 6.64669 ], [ 2.39802, 6.64606 ], [ 2.39711, 6.64515 ], [ 2.39684, 6.64542 ], [ 2.39603, 6.64515 ], [ 2.39603, 6.64434 ], [ 2.39675, 6.64343 ], [ 2.39784, 6.64353 ], [ 2.39748, 6.64253 ], [ 2.39684, 6.64226 ], [ 2.39485, 6.64244 ], [ 2.39485, 6.64189 ], [ 2.39458, 6.64189 ], [ 2.39431, 6.64316 ], [ 2.39386, 6.64352 ], [ 2.39422, 6.64415 ], [ 2.39377, 6.64461 ], [ 2.39485, 6.64506 ], [ 2.39494, 6.64542 ], [ 2.39431, 6.64533 ], [ 2.39485, 6.64615 ], [ 2.39584, 6.64624 ], [ 2.39566, 6.64732 ], [ 2.39657, 6.64696 ], [ 2.39675, 6.64814 ], [ 2.39738, 6.64832 ], [ 2.39774, 6.64787 ], [ 2.39738, 6.64741 ] ] ], [ [ [ 2.40127, 6.65004 ], [ 2.40064, 6.64932 ], [ 2.40091, 6.64923 ], [ 2.40082, 6.64878 ], [ 2.40018, 6.64841 ], [ 2.40064, 6.6476 ], [ 2.40118, 6.64778 ], [ 2.40145, 6.64724 ], [ 2.40046, 6.64733 ], [ 2.40037, 6.64688 ], [ 2.4001, 6.64724 ], [ 2.39892, 6.64724 ], [ 2.39946, 6.6476 ], [ 2.39919, 6.64805 ], [ 2.39946, 6.64886 ], [ 2.39901, 6.64932 ], [ 2.4, 6.65004 ], [ 2.40045, 6.64968 ], [ 2.40127, 6.65004 ] ] ], [ [ [ 2.39918, 6.65502 ], [ 2.39927, 6.65465 ], [ 2.39864, 6.65411 ], [ 2.39792, 6.65429 ], [ 2.39792, 6.65339 ], [ 2.39964, 6.65393 ], [ 2.39963, 6.65456 ], [ 2.40063, 6.65511 ], [ 2.40081, 6.65312 ], [ 2.40172, 6.65203 ], [ 2.40235, 6.65231 ], [ 2.40226, 6.65167 ], [ 2.40181, 6.65158 ], [ 2.40081, 6.65258 ], [ 2.39909, 6.65212 ], [ 2.40009, 6.65257 ], [ 2.40009, 6.65303 ], [ 2.39927, 6.65348 ], [ 2.39846, 6.65312 ], [ 2.39819, 6.6523 ], [ 2.39737, 6.65302 ], [ 2.39674, 6.65284 ], [ 2.39656, 6.65338 ], [ 2.39538, 6.65329 ], [ 2.39538, 6.65356 ], [ 2.39629, 6.65366 ], [ 2.39665, 6.65411 ], [ 2.39601, 6.65556 ], [ 2.39719, 6.65519 ], [ 2.39837, 6.65592 ], [ 2.39864, 6.65511 ], [ 2.39918, 6.65502 ] ] ], [ [ [ 2.41227, 6.68425 ], [ 2.41227, 6.68335 ], [ 2.41173, 6.68226 ], [ 2.41109, 6.68136 ], [ 2.40947, 6.68018 ], [ 2.4092, 6.67882 ], [ 2.40838, 6.67792 ], [ 2.40829, 6.67719 ], [ 2.40657, 6.67683 ], [ 2.40567, 6.67719 ], [ 2.40495, 6.67628 ], [ 2.40477, 6.67655 ], [ 2.40377, 6.67637 ], [ 2.40395, 6.67583 ], [ 2.40296, 6.67547 ], [ 2.40278, 6.67474 ], [ 2.40359, 6.6742 ], [ 2.40287, 6.67411 ], [ 2.40278, 6.6733 ], [ 2.40377, 6.67339 ], [ 2.40368, 6.67402 ], [ 2.40413, 6.67456 ], [ 2.40549, 6.67447 ], [ 2.40549, 6.67529 ], [ 2.40594, 6.6752 ], [ 2.40639, 6.67601 ], [ 2.40757, 6.67583 ], [ 2.40802, 6.67629 ], [ 2.40803, 6.67339 ], [ 2.40975, 6.67312 ], [ 2.41056, 6.67249 ], [ 2.41029, 6.67113 ], [ 2.40975, 6.67095 ], [ 2.40966, 6.66987 ], [ 2.41002, 6.66887 ], [ 2.40948, 6.6676 ], [ 2.40948, 6.66534 ], [ 2.41093, 6.66353 ], [ 2.41121, 6.66182 ], [ 2.41085, 6.65973 ], [ 2.41031, 6.65874 ], [ 2.41067, 6.65811 ], [ 2.41194, 6.65784 ], [ 2.41248, 6.65729 ], [ 2.41248, 6.65349 ], [ 2.41149, 6.65349 ], [ 2.41086, 6.65304 ], [ 2.41086, 6.65241 ], [ 2.41221, 6.65241 ], [ 2.41267, 6.65196 ], [ 2.4133, 6.65196 ], [ 2.4133, 6.6515 ], [ 2.41285, 6.65159 ], [ 2.4124, 6.65105 ], [ 2.41167, 6.65168 ], [ 2.41122, 6.65159 ], [ 2.41122, 6.65123 ], [ 2.41149, 6.65132 ], [ 2.41249, 6.65024 ], [ 2.41222, 6.6487 ], [ 2.41276, 6.6487 ], [ 2.41321, 6.64924 ], [ 2.41321, 6.65006 ], [ 2.41394, 6.65024 ], [ 2.41475, 6.64707 ], [ 2.41557, 6.64608 ], [ 2.41584, 6.64346 ], [ 2.4172, 6.64192 ], [ 2.41721, 6.63685 ], [ 2.41404, 6.63468 ], [ 2.41332, 6.63377 ], [ 2.4126, 6.63359 ], [ 2.41115, 6.63178 ], [ 2.41116, 6.62979 ], [ 2.41197, 6.62798 ], [ 2.41197, 6.62708 ], [ 2.41233, 6.62681 ], [ 2.41234, 6.62563 ], [ 2.41152, 6.62554 ], [ 2.41125, 6.62518 ], [ 2.41044, 6.6259 ], [ 2.41007, 6.62698 ], [ 2.40926, 6.6268 ], [ 2.4089, 6.62734 ], [ 2.40817, 6.62743 ], [ 2.40844, 6.62771 ], [ 2.40881, 6.62743 ], [ 2.40953, 6.62807 ], [ 2.40917, 6.62852 ], [ 2.4079, 6.62789 ], [ 2.40736, 6.62798 ], [ 2.40736, 6.62761 ], [ 2.40808, 6.62761 ], [ 2.40781, 6.62725 ], [ 2.40636, 6.62716 ], [ 2.40636, 6.62779 ], [ 2.40699, 6.62852 ], [ 2.40699, 6.62978 ], [ 2.40736, 6.62979 ], [ 2.4069, 6.63042 ], [ 2.40808, 6.63024 ], [ 2.40817, 6.6306 ], [ 2.40862, 6.63051 ], [ 2.40862, 6.63142 ], [ 2.40799, 6.63196 ], [ 2.40627, 6.63168 ], [ 2.40563, 6.63223 ], [ 2.40572, 6.63286 ], [ 2.40681, 6.6334 ], [ 2.40663, 6.6344 ], [ 2.40545, 6.63503 ], [ 2.40635, 6.63575 ], [ 2.40599, 6.63575 ], [ 2.40608, 6.63621 ], [ 2.40572, 6.63639 ], [ 2.40617, 6.63675 ], [ 2.40789, 6.63675 ], [ 2.40789, 6.63648 ], [ 2.4087, 6.63639 ], [ 2.40871, 6.63567 ], [ 2.40925, 6.63567 ], [ 2.4088, 6.63522 ], [ 2.40916, 6.63485 ], [ 2.41097, 6.63531 ], [ 2.4116, 6.63477 ], [ 2.41151, 6.63413 ], [ 2.41224, 6.63404 ], [ 2.4126, 6.63504 ], [ 2.41187, 6.63468 ], [ 2.41205, 6.63549 ], [ 2.41097, 6.63567 ], [ 2.41151, 6.63612 ], [ 2.41124, 6.63648 ], [ 2.4106, 6.63621 ], [ 2.40979, 6.63675 ], [ 2.40916, 6.63621 ], [ 2.40897, 6.6373 ], [ 2.40861, 6.63739 ], [ 2.40852, 6.63883 ], [ 2.40916, 6.63784 ], [ 2.40997, 6.63793 ], [ 2.40997, 6.6382 ], [ 2.41069, 6.63829 ], [ 2.41069, 6.63902 ], [ 2.41151, 6.63911 ], [ 2.41132, 6.63956 ], [ 2.41078, 6.63947 ], [ 2.41096, 6.63983 ], [ 2.41151, 6.63965 ], [ 2.41196, 6.63992 ], [ 2.41205, 6.63965 ], [ 2.41241, 6.63992 ], [ 2.41232, 6.63938 ], [ 2.41313, 6.63956 ], [ 2.41223, 6.63866 ], [ 2.41223, 6.63839 ], [ 2.41295, 6.63866 ], [ 2.41268, 6.63793 ], [ 2.41205, 6.63748 ], [ 2.4125, 6.63712 ], [ 2.41359, 6.63784 ], [ 2.41413, 6.63748 ], [ 2.41413, 6.63794 ], [ 2.41485, 6.6383 ], [ 2.41458, 6.6392 ], [ 2.41531, 6.63938 ], [ 2.41549, 6.63993 ], [ 2.41413, 6.63993 ], [ 2.41368, 6.64074 ], [ 2.41422, 6.64092 ], [ 2.41458, 6.64047 ], [ 2.41467, 6.64165 ], [ 2.41413, 6.64219 ], [ 2.41268, 6.64173 ], [ 2.41259, 6.6421 ], [ 2.41322, 6.64237 ], [ 2.41304, 6.64264 ], [ 2.41214, 6.64182 ], [ 2.41259, 6.64119 ], [ 2.41205, 6.64119 ], [ 2.41177, 6.64237 ], [ 2.41213, 6.64291 ], [ 2.4115, 6.64336 ], [ 2.41069, 6.64264 ], [ 2.40978, 6.64263 ], [ 2.40978, 6.642 ], [ 2.41114, 6.64236 ], [ 2.41015, 6.64146 ], [ 2.41042, 6.64055 ], [ 2.41096, 6.64019 ], [ 2.4097, 6.63992 ], [ 2.40988, 6.63965 ], [ 2.4106, 6.63974 ], [ 2.4106, 6.63938 ], [ 2.40952, 6.63929 ], [ 2.40888, 6.63983 ], [ 2.40915, 6.64046 ], [ 2.40743, 6.64137 ], [ 2.40544, 6.64019 ], [ 2.40463, 6.64154 ], [ 2.40472, 6.64218 ], [ 2.40544, 6.64227 ], [ 2.40526, 6.64344 ], [ 2.40589, 6.64399 ], [ 2.4058, 6.64471 ], [ 2.40725, 6.64471 ], [ 2.40779, 6.64535 ], [ 2.40752, 6.64571 ], [ 2.40842, 6.64625 ], [ 2.4086, 6.64707 ], [ 2.40896, 6.6468 ], [ 2.40951, 6.64707 ], [ 2.40987, 6.64671 ], [ 2.40996, 6.64725 ], [ 2.40914, 6.64734 ], [ 2.40987, 6.64824 ], [ 2.41068, 6.64852 ], [ 2.41158, 6.64987 ], [ 2.41149, 6.65087 ], [ 2.41077, 6.65087 ], [ 2.41104, 6.65141 ], [ 2.41004, 6.65222 ], [ 2.41031, 6.6525 ], [ 2.40968, 6.65231 ], [ 2.40914, 6.65268 ], [ 2.40914, 6.65295 ], [ 2.40995, 6.65268 ], [ 2.41004, 6.65313 ], [ 2.40941, 6.6534 ], [ 2.40959, 6.65376 ], [ 2.40932, 6.65394 ], [ 2.40841, 6.65394 ], [ 2.40859, 6.65467 ], [ 2.40823, 6.65521 ], [ 2.40778, 6.6553 ], [ 2.40714, 6.65475 ], [ 2.40687, 6.65521 ], [ 2.40633, 6.65512 ], [ 2.40633, 6.65584 ], [ 2.40515, 6.65584 ], [ 2.40579, 6.65629 ], [ 2.4066, 6.65629 ], [ 2.40705, 6.65566 ], [ 2.4075, 6.65611 ], [ 2.40787, 6.65584 ], [ 2.40832, 6.65602 ], [ 2.40841, 6.65647 ], [ 2.40877, 6.65629 ], [ 2.40859, 6.65675 ], [ 2.40931, 6.65756 ], [ 2.40922, 6.6581 ], [ 2.40958, 6.6581 ], [ 2.40949, 6.65829 ], [ 2.40886, 6.6581 ], [ 2.40877, 6.65883 ], [ 2.40823, 6.65874 ], [ 2.4085, 6.65865 ], [ 2.40823, 6.65801 ], [ 2.40696, 6.65837 ], [ 2.4075, 6.65919 ], [ 2.40804, 6.65937 ], [ 2.40768, 6.66154 ], [ 2.40858, 6.66263 ], [ 2.40831, 6.66326 ], [ 2.40777, 6.66299 ], [ 2.40722, 6.66344 ], [ 2.40722, 6.66389 ], [ 2.40777, 6.66371 ], [ 2.40768, 6.66462 ], [ 2.40804, 6.66525 ], [ 2.40786, 6.66552 ], [ 2.40677, 6.66543 ], [ 2.40668, 6.66624 ], [ 2.40586, 6.66615 ], [ 2.40586, 6.66588 ], [ 2.40632, 6.66588 ], [ 2.40596, 6.66516 ], [ 2.40686, 6.66498 ], [ 2.40713, 6.66534 ], [ 2.40749, 6.66489 ], [ 2.40686, 6.6638 ], [ 2.40569, 6.6638 ], [ 2.40541, 6.66326 ], [ 2.40478, 6.66317 ], [ 2.40442, 6.66371 ], [ 2.40424, 6.66335 ], [ 2.40388, 6.6638 ], [ 2.40406, 6.66461 ], [ 2.40306, 6.66552 ], [ 2.40225, 6.66515 ], [ 2.40215, 6.66642 ], [ 2.4017, 6.66633 ], [ 2.40134, 6.66497 ], [ 2.40234, 6.66479 ], [ 2.4027, 6.66425 ], [ 2.40116, 6.66407 ], [ 2.40089, 6.66325 ], [ 2.40125, 6.66271 ], [ 2.40044, 6.66244 ], [ 2.40053, 6.66162 ], [ 2.39954, 6.66135 ], [ 2.39917, 6.66081 ], [ 2.39917, 6.66144 ], [ 2.39863, 6.66216 ], [ 2.39908, 6.6628 ], [ 2.39899, 6.66343 ], [ 2.40007, 6.66461 ], [ 2.39763, 6.66424 ], [ 2.39736, 6.6646 ], [ 2.39745, 6.66614 ], [ 2.39781, 6.66641 ], [ 2.39745, 6.66696 ], [ 2.39826, 6.66705 ], [ 2.39826, 6.66768 ], [ 2.39908, 6.6675 ], [ 2.3989, 6.66705 ], [ 2.39926, 6.66705 ], [ 2.3998, 6.66723 ], [ 2.39989, 6.66777 ], [ 2.40089, 6.66759 ], [ 2.40143, 6.66787 ], [ 2.40152, 6.66841 ], [ 2.4026, 6.66841 ], [ 2.40306, 6.66823 ], [ 2.40269, 6.66778 ], [ 2.40396, 6.66769 ], [ 2.40396, 6.66705 ], [ 2.4036, 6.66687 ], [ 2.40387, 6.66651 ], [ 2.40469, 6.6666 ], [ 2.40414, 6.66715 ], [ 2.40469, 6.66778 ], [ 2.40496, 6.66715 ], [ 2.40586, 6.66733 ], [ 2.40595, 6.66778 ], [ 2.40496, 6.66823 ], [ 2.40487, 6.66877 ], [ 2.40387, 6.66904 ], [ 2.4036, 6.66986 ], [ 2.40315, 6.66959 ], [ 2.40242, 6.67022 ], [ 2.40133, 6.67004 ], [ 2.40034, 6.67076 ], [ 2.40025, 6.67031 ], [ 2.3998, 6.67022 ], [ 2.40025, 6.67013 ], [ 2.40025, 6.66967 ], [ 2.39907, 6.66949 ], [ 2.39817, 6.66985 ], [ 2.39817, 6.67021 ], [ 2.39753, 6.66967 ], [ 2.39744, 6.67003 ], [ 2.39781, 6.67021 ], [ 2.39744, 6.67057 ], [ 2.39726, 6.67021 ], [ 2.39699, 6.67048 ], [ 2.39744, 6.67121 ], [ 2.39663, 6.67175 ], [ 2.39636, 6.67256 ], [ 2.39672, 6.67401 ], [ 2.39717, 6.67374 ], [ 2.39798, 6.67447 ], [ 2.39907, 6.67456 ], [ 2.39916, 6.6742 ], [ 2.39853, 6.67374 ], [ 2.39871, 6.6732 ], [ 2.40034, 6.67221 ], [ 2.40034, 6.67266 ], [ 2.3997, 6.67266 ], [ 2.39952, 6.67311 ], [ 2.40079, 6.67411 ], [ 2.40106, 6.67356 ], [ 2.40025, 6.67338 ], [ 2.40088, 6.67284 ], [ 2.40079, 6.67248 ], [ 2.40124, 6.67275 ], [ 2.40115, 6.67311 ], [ 2.40151, 6.6732 ], [ 2.40115, 6.67447 ], [ 2.40142, 6.67528 ], [ 2.40106, 6.67519 ], [ 2.40078, 6.6761 ], [ 2.40124, 6.67673 ], [ 2.40105, 6.67718 ], [ 2.40042, 6.67718 ], [ 2.40087, 6.67673 ], [ 2.40033, 6.67646 ], [ 2.4007, 6.67483 ], [ 2.40015, 6.67492 ], [ 2.40015, 6.67456 ], [ 2.39961, 6.67438 ], [ 2.39907, 6.67483 ], [ 2.39907, 6.67528 ], [ 2.39979, 6.67537 ], [ 2.39916, 6.67546 ], [ 2.39898, 6.67601 ], [ 2.39816, 6.67582 ], [ 2.39798, 6.67673 ], [ 2.39834, 6.677 ], [ 2.39716, 6.67727 ], [ 2.39653, 6.67908 ], [ 2.39589, 6.67908 ], [ 2.39617, 6.67971 ], [ 2.39589, 6.68043 ], [ 2.39417, 6.67989 ], [ 2.39418, 6.67898 ], [ 2.39282, 6.67898 ], [ 2.39264, 6.67934 ], [ 2.39264, 6.6788 ], [ 2.39237, 6.6788 ], [ 2.39237, 6.67962 ], [ 2.392, 6.68007 ], [ 2.39209, 6.67952 ], [ 2.39164, 6.67961 ], [ 2.39128, 6.67862 ], [ 2.39155, 6.67961 ], [ 2.39101, 6.6797 ], [ 2.39119, 6.68106 ], [ 2.39182, 6.6807 ], [ 2.39273, 6.68097 ], [ 2.393, 6.68152 ], [ 2.39354, 6.68152 ], [ 2.39381, 6.68106 ], [ 2.39508, 6.68089 ], [ 2.39589, 6.68107 ], [ 2.39616, 6.68197 ], [ 2.39652, 6.68206 ], [ 2.39625, 6.68143 ], [ 2.39707, 6.68116 ], [ 2.39725, 6.68053 ], [ 2.3968, 6.68007 ], [ 2.39716, 6.67881 ], [ 2.3987, 6.67854 ], [ 2.39942, 6.6789 ], [ 2.40006, 6.67854 ], [ 2.40033, 6.67935 ], [ 2.3996, 6.68035 ], [ 2.39987, 6.68071 ], [ 2.39969, 6.6818 ], [ 2.4005, 6.68288 ], [ 2.40105, 6.68252 ], [ 2.40141, 6.68334 ], [ 2.40177, 6.68316 ], [ 2.40141, 6.68297 ], [ 2.40159, 6.68252 ], [ 2.40367, 6.68252 ], [ 2.40385, 6.68352 ], [ 2.40467, 6.68388 ], [ 2.40575, 6.6837 ], [ 2.40648, 6.68434 ], [ 2.40738, 6.68371 ], [ 2.40693, 6.68352 ], [ 2.40666, 6.68389 ], [ 2.40621, 6.68334 ], [ 2.40639, 6.6818 ], [ 2.40766, 6.68126 ], [ 2.40793, 6.68135 ], [ 2.40765, 6.68181 ], [ 2.40856, 6.68226 ], [ 2.40856, 6.6828 ], [ 2.40928, 6.68344 ], [ 2.41001, 6.68326 ], [ 2.40973, 6.68253 ], [ 2.41037, 6.68289 ], [ 2.41136, 6.68253 ], [ 2.41091, 6.68452 ], [ 2.40991, 6.68434 ], [ 2.41009, 6.68416 ], [ 2.40937, 6.68434 ], [ 2.40946, 6.68534 ], [ 2.40991, 6.68552 ], [ 2.40928, 6.68597 ], [ 2.40937, 6.68642 ], [ 2.41036, 6.68624 ], [ 2.41045, 6.68669 ], [ 2.41227, 6.68425 ] ], [ [ 2.40494, 6.67936 ], [ 2.40377, 6.67963 ], [ 2.40413, 6.67927 ], [ 2.40395, 6.67782 ], [ 2.40431, 6.67755 ], [ 2.40485, 6.67791 ], [ 2.40594, 6.67764 ], [ 2.40576, 6.67882 ], [ 2.40648, 6.67909 ], [ 2.40648, 6.67963 ], [ 2.40558, 6.67963 ], [ 2.40539, 6.68054 ], [ 2.4063, 6.68018 ], [ 2.40648, 6.68099 ], [ 2.40557, 6.68072 ], [ 2.40494, 6.68099 ], [ 2.40431, 6.68044 ], [ 2.40494, 6.67936 ] ], [ [ 2.4035, 6.67275 ], [ 2.40396, 6.6723 ], [ 2.40405, 6.67149 ], [ 2.40287, 6.67121 ], [ 2.40269, 6.67031 ], [ 2.40423, 6.67004 ], [ 2.40477, 6.67058 ], [ 2.40468, 6.66986 ], [ 2.40532, 6.6695 ], [ 2.40532, 6.67031 ], [ 2.40667, 6.67041 ], [ 2.40631, 6.6705 ], [ 2.40631, 6.67104 ], [ 2.40703, 6.67086 ], [ 2.40767, 6.67131 ], [ 2.40794, 6.67014 ], [ 2.4064, 6.66986 ], [ 2.40649, 6.66841 ], [ 2.40677, 6.66869 ], [ 2.40695, 6.66842 ], [ 2.40722, 6.66869 ], [ 2.40812, 6.66842 ], [ 2.40767, 6.66887 ], [ 2.40903, 6.66923 ], [ 2.40921, 6.67041 ], [ 2.40857, 6.67041 ], [ 2.40848, 6.67077 ], [ 2.40893, 6.67095 ], [ 2.40866, 6.67113 ], [ 2.40939, 6.67104 ], [ 2.40911, 6.67149 ], [ 2.40975, 6.67149 ], [ 2.40902, 6.67167 ], [ 2.40993, 6.67186 ], [ 2.40875, 6.67195 ], [ 2.40857, 6.67149 ], [ 2.40884, 6.67131 ], [ 2.4083, 6.67131 ], [ 2.40731, 6.67158 ], [ 2.4073, 6.67231 ], [ 2.40694, 6.67176 ], [ 2.4064, 6.67176 ], [ 2.40622, 6.67276 ], [ 2.4054, 6.67285 ], [ 2.40558, 6.67312 ], [ 2.40522, 6.67339 ], [ 2.40423, 6.67339 ], [ 2.4035, 6.67275 ] ], [ [ 2.4115, 6.64743 ], [ 2.41195, 6.64734 ], [ 2.41213, 6.64617 ], [ 2.41304, 6.64553 ], [ 2.41313, 6.64653 ], [ 2.41258, 6.64689 ], [ 2.41285, 6.64725 ], [ 2.41322, 6.64725 ], [ 2.41331, 6.6468 ], [ 2.41376, 6.64707 ], [ 2.41303, 6.64843 ], [ 2.41267, 6.64834 ], [ 2.4124, 6.64761 ], [ 2.4115, 6.64743 ] ], [ [ 2.40871, 6.63268 ], [ 2.40808, 6.63268 ], [ 2.40808, 6.63223 ], [ 2.40889, 6.63232 ], [ 2.40916, 6.63151 ], [ 2.41025, 6.63142 ], [ 2.41043, 6.63187 ], [ 2.4098, 6.63205 ], [ 2.4097, 6.63314 ], [ 2.40916, 6.63286 ], [ 2.40889, 6.63368 ], [ 2.40844, 6.63322 ], [ 2.40871, 6.63268 ] ] ], [ [ [ 2.40505, 6.66217 ], [ 2.40686, 6.66217 ], [ 2.40686, 6.66181 ], [ 2.40596, 6.66081 ], [ 2.40578, 6.66 ], [ 2.40515, 6.66036 ], [ 2.40497, 6.65991 ], [ 2.40388, 6.66009 ], [ 2.40316, 6.65982 ], [ 2.4037, 6.65882 ], [ 2.40343, 6.65828 ], [ 2.40461, 6.65765 ], [ 2.40425, 6.65719 ], [ 2.40434, 6.65665 ], [ 2.40343, 6.65638 ], [ 2.40343, 6.6571 ], [ 2.40307, 6.65737 ], [ 2.40244, 6.65701 ], [ 2.40253, 6.65647 ], [ 2.40217, 6.65629 ], [ 2.40198, 6.65764 ], [ 2.40108, 6.6561 ], [ 2.4, 6.65565 ], [ 2.39963, 6.65674 ], [ 2.40017, 6.65656 ], [ 2.40135, 6.65701 ], [ 2.4009, 6.65755 ], [ 2.40117, 6.659 ], [ 2.40071, 6.65972 ], [ 2.40117, 6.65981 ], [ 2.40126, 6.65918 ], [ 2.40271, 6.65927 ], [ 2.40298, 6.65982 ], [ 2.4027, 6.66018 ], [ 2.40361, 6.66018 ], [ 2.40325, 6.66081 ], [ 2.40379, 6.66117 ], [ 2.40261, 6.66226 ], [ 2.40306, 6.66244 ], [ 2.40388, 6.66181 ], [ 2.40469, 6.66181 ], [ 2.40478, 6.66226 ], [ 2.4037, 6.66335 ], [ 2.40469, 6.66289 ], [ 2.40505, 6.66217 ] ] ], [ [ [ 2.395, 6.66822 ], [ 2.39537, 6.6675 ], [ 2.39582, 6.66768 ], [ 2.39591, 6.66668 ], [ 2.39546, 6.66686 ], [ 2.39537, 6.66641 ], [ 2.39564, 6.66641 ], [ 2.396, 6.66515 ], [ 2.39528, 6.66505 ], [ 2.39564, 6.66551 ], [ 2.39437, 6.66569 ], [ 2.39428, 6.66614 ], [ 2.39491, 6.66641 ], [ 2.39464, 6.66695 ], [ 2.39419, 6.66695 ], [ 2.39437, 6.66831 ], [ 2.39473, 6.66831 ], [ 2.39482, 6.66777 ], [ 2.395, 6.66822 ] ] ], [ [ [ 2.39536, 6.6722 ], [ 2.39581, 6.67166 ], [ 2.39545, 6.67148 ], [ 2.39518, 6.67247 ], [ 2.39436, 6.67283 ], [ 2.39445, 6.67365 ], [ 2.3959, 6.67392 ], [ 2.39581, 6.67274 ], [ 2.39536, 6.6722 ] ] ], [ [ [ 2.39074, 6.6759 ], [ 2.39002, 6.67563 ], [ 2.39083, 6.67527 ], [ 2.39065, 6.67428 ], [ 2.39002, 6.67437 ], [ 2.38984, 6.67518 ], [ 2.3892, 6.67572 ], [ 2.38929, 6.67617 ], [ 2.39074, 6.6759 ] ] ], [ [ [ 2.39436, 6.67817 ], [ 2.39454, 6.67781 ], [ 2.39517, 6.67808 ], [ 2.39517, 6.67718 ], [ 2.39472, 6.6769 ], [ 2.39508, 6.67555 ], [ 2.39264, 6.67817 ], [ 2.39436, 6.67817 ] ] ], [ [ [ 2.40457, 6.68623 ], [ 2.40385, 6.6856 ], [ 2.40394, 6.68632 ], [ 2.40303, 6.68587 ], [ 2.40222, 6.68632 ], [ 2.40222, 6.68668 ], [ 2.40159, 6.68641 ], [ 2.40204, 6.68587 ], [ 2.40168, 6.68451 ], [ 2.40005, 6.68352 ], [ 2.40023, 6.68415 ], [ 2.39996, 6.6846 ], [ 2.40059, 6.68469 ], [ 2.4015, 6.68632 ], [ 2.40095, 6.68695 ], [ 2.40159, 6.68723 ], [ 2.40457, 6.68623 ] ] ], [ [ [ 2.40926, 6.69755 ], [ 2.40863, 6.69719 ], [ 2.40863, 6.69682 ], [ 2.40918, 6.69655 ], [ 2.40836, 6.69637 ], [ 2.40836, 6.69601 ], [ 2.40899, 6.6961 ], [ 2.409, 6.69583 ], [ 2.40773, 6.69483 ], [ 2.40764, 6.69311 ], [ 2.40855, 6.69221 ], [ 2.40719, 6.69194 ], [ 2.40619, 6.69257 ], [ 2.40583, 6.69176 ], [ 2.40629, 6.69121 ], [ 2.40583, 6.69085 ], [ 2.40665, 6.69067 ], [ 2.40746, 6.68913 ], [ 2.40873, 6.68959 ], [ 2.40891, 6.69004 ], [ 2.40819, 6.69031 ], [ 2.40801, 6.69085 ], [ 2.40846, 6.69158 ], [ 2.40945, 6.69203 ], [ 2.40945, 6.69239 ], [ 2.40864, 6.69257 ], [ 2.40836, 6.69339 ], [ 2.40927, 6.6942 ], [ 2.40999, 6.6942 ], [ 2.41026, 6.69366 ], [ 2.41099, 6.69357 ], [ 2.41126, 6.69411 ], [ 2.41162, 6.69393 ], [ 2.41171, 6.69294 ], [ 2.41117, 6.69239 ], [ 2.41081, 6.68986 ], [ 2.41036, 6.6895 ], [ 2.41063, 6.68941 ], [ 2.41063, 6.68706 ], [ 2.41, 6.68697 ], [ 2.40973, 6.68742 ], [ 2.41036, 6.68805 ], [ 2.40955, 6.6876 ], [ 2.40864, 6.68832 ], [ 2.40629, 6.6875 ], [ 2.40629, 6.68787 ], [ 2.40548, 6.68795 ], [ 2.4052, 6.68922 ], [ 2.40457, 6.68931 ], [ 2.40403, 6.68895 ], [ 2.40312, 6.68958 ], [ 2.40348, 6.68904 ], [ 2.40231, 6.68913 ], [ 2.4024, 6.69021 ], [ 2.40176, 6.69075 ], [ 2.40131, 6.69012 ], [ 2.40068, 6.69066 ], [ 2.39995, 6.69012 ], [ 2.39959, 6.69075 ], [ 2.39887, 6.69093 ], [ 2.39995, 6.69121 ], [ 2.40077, 6.69075 ], [ 2.40068, 6.69166 ], [ 2.40104, 6.69175 ], [ 2.40212, 6.69112 ], [ 2.40212, 6.69175 ], [ 2.40276, 6.69193 ], [ 2.40203, 6.6922 ], [ 2.40239, 6.69284 ], [ 2.40303, 6.69229 ], [ 2.40348, 6.69293 ], [ 2.40393, 6.69266 ], [ 2.40484, 6.69311 ], [ 2.40475, 6.69338 ], [ 2.40547, 6.69329 ], [ 2.40592, 6.69366 ], [ 2.40692, 6.69338 ], [ 2.40701, 6.69375 ], [ 2.40628, 6.69384 ], [ 2.4061, 6.69429 ], [ 2.40728, 6.69429 ], [ 2.40755, 6.69465 ], [ 2.40737, 6.69547 ], [ 2.40483, 6.69492 ], [ 2.40501, 6.69564 ], [ 2.40447, 6.69601 ], [ 2.40456, 6.69637 ], [ 2.40519, 6.69727 ], [ 2.40601, 6.69727 ], [ 2.40827, 6.69863 ], [ 2.40908, 6.69809 ], [ 2.40926, 6.69755 ] ] ] ] } },
{ "type": "Feature", "properties": { "classe": 3, "nom": "Modérée", "superficie_ha": 4501.0, "pourcentage": 9.34 }, "geometry": { "type": "MultiPolygon", "coordinates": [ [ [ [ 2.29589, 6.36846 ], [ 2.29652, 6.36882 ], [ 2.29688, 6.36864 ], [ 2.2968, 6.36783 ], [ 2.29598, 6.36764 ], [ 2.2968, 6.36611 ], [ 2.2968, 6.36511 ], [ 2.2958, 6.36529 ], [ 2.29526, 6.36592 ], [ 2.29499, 6.36574 ], [ 2.29535, 6.36565 ], [ 2.29517, 6.36538 ], [ 2.29409, 6.36574 ], [ 2.29327, 6.36474 ], [ 2.29373, 6.36447 ], [ 2.29418, 6.36484 ], [ 2.29472, 6.36411 ], [ 2.29418, 6.36438 ], [ 2.29327, 6.3642 ], [ 2.29273, 6.36348 ], [ 2.29246, 6.36402 ], [ 2.29192, 6.36366 ], [ 2.29101, 6.36384 ], [ 2.2902, 6.3632 ], [ 2.2912, 6.36302 ], [ 2.29101, 6.36275 ], [ 2.29129, 6.36266 ], [ 2.29065, 6.36239 ], [ 2.28984, 6.36257 ], [ 2.28966, 6.36393 ], [ 2.28857, 6.36374 ], [ 2.28893, 6.36329 ], [ 2.2893, 6.36356 ], [ 2.2893, 6.36311 ], [ 2.28948, 6.36338 ], [ 2.28957, 6.36239 ], [ 2.2893, 6.36221 ], [ 2.28903, 6.36275 ], [ 2.28839, 6.36284 ], [ 2.28821, 6.3622 ], [ 2.28776, 6.36211 ], [ 2.28703, 6.36374 ], [ 2.28622, 6.36347 ], [ 2.28622, 6.36401 ], [ 2.28794, 6.36401 ], [ 2.28866, 6.36456 ], [ 2.28848, 6.36501 ], [ 2.28884, 6.36537 ], [ 2.28956, 6.36537 ], [ 2.28965, 6.3651 ], [ 2.29083, 6.36556 ], [ 2.29074, 6.36628 ], [ 2.28992, 6.36628 ], [ 2.2901, 6.36709 ], [ 2.29092, 6.3661 ], [ 2.29155, 6.36619 ], [ 2.29182, 6.36538 ], [ 2.29273, 6.36574 ], [ 2.29264, 6.36637 ], [ 2.293, 6.36664 ], [ 2.29354, 6.36628 ], [ 2.29445, 6.36637 ], [ 2.2949, 6.36583 ], [ 2.29445, 6.36674 ], [ 2.29517, 6.36773 ], [ 2.2948, 6.36864 ], [ 2.29544, 6.36909 ], [ 2.29589, 6.36846 ] ] ], [ [ [ 2.27852, 6.37241 ], [ 2.27943, 6.37115 ], [ 2.27997, 6.3716 ], [ 2.2806, 6.37115 ], [ 2.28088, 6.36943 ], [ 2.28043, 6.36916 ], [ 2.28088, 6.36898 ], [ 2.28097, 6.36835 ], [ 2.28124, 6.36817 ], [ 2.28196, 6.36925 ], [ 2.28224, 6.36826 ], [ 2.28314, 6.36763 ], [ 2.28332, 6.36636 ], [ 2.28396, 6.36609 ], [ 2.28396, 6.36536 ], [ 2.28459, 6.36582 ], [ 2.28531, 6.36546 ], [ 2.28513, 6.365 ], [ 2.28595, 6.36501 ], [ 2.28559, 6.36528 ], [ 2.28586, 6.36582 ], [ 2.28631, 6.36555 ], [ 2.28694, 6.36582 ], [ 2.28685, 6.36645 ], [ 2.28622, 6.36636 ], [ 2.28549, 6.36681 ], [ 2.28594, 6.36799 ], [ 2.28576, 6.36853 ], [ 2.28531, 6.36862 ], [ 2.2854, 6.36944 ], [ 2.28594, 6.36917 ], [ 2.28657, 6.36944 ], [ 2.28639, 6.3689 ], [ 2.28766, 6.36899 ], [ 2.28802, 6.36944 ], [ 2.28811, 6.36872 ], [ 2.28757, 6.36826 ], [ 2.28802, 6.36817 ], [ 2.28866, 6.36872 ], [ 2.28866, 6.3679 ], [ 2.28839, 6.36745 ], [ 2.28784, 6.36763 ], [ 2.28784, 6.36691 ], [ 2.28902, 6.36691 ], [ 2.28893, 6.36655 ], [ 2.28793, 6.36646 ], [ 2.28785, 6.3651 ], [ 2.28812, 6.36483 ], [ 2.28685, 6.36465 ], [ 2.28694, 6.36428 ], [ 2.2864, 6.36437 ], [ 2.28631, 6.3641 ], [ 2.28541, 6.36446 ], [ 2.28514, 6.3631 ], [ 2.28405, 6.36265 ], [ 2.28459, 6.36247 ], [ 2.28432, 6.36184 ], [ 2.28242, 6.36274 ], [ 2.28197, 6.36455 ], [ 2.28269, 6.36473 ], [ 2.28269, 6.36509 ], [ 2.28179, 6.36491 ], [ 2.28188, 6.3659 ], [ 2.28106, 6.36618 ], [ 2.28088, 6.3659 ], [ 2.27925, 6.3659 ], [ 2.27934, 6.36672 ], [ 2.27871, 6.36626 ], [ 2.27781, 6.36635 ], [ 2.27527, 6.36861 ], [ 2.27518, 6.36897 ], [ 2.27609, 6.36906 ], [ 2.27645, 6.36843 ], [ 2.27681, 6.36843 ], [ 2.2769, 6.36934 ], [ 2.27708, 6.36879 ], [ 2.27708, 6.36952 ], [ 2.27735, 6.36961 ], [ 2.27708, 6.3706 ], [ 2.27771, 6.37069 ], [ 2.27798, 6.37006 ], [ 2.27816, 6.37042 ], [ 2.27834, 6.37015 ], [ 2.27798, 6.37196 ], [ 2.27852, 6.37241 ] ] ], [ [ [ 2.29489, 6.37099 ], [ 2.29562, 6.37027 ], [ 2.29453, 6.36999 ], [ 2.29471, 6.36963 ], [ 2.29426, 6.36963 ], [ 2.29426, 6.3699 ], [ 2.29354, 6.36972 ], [ 2.29317, 6.37017 ], [ 2.29254, 6.36981 ], [ 2.29263, 6.37053 ], [ 2.29308, 6.37035 ], [ 2.29354, 6.3709 ], [ 2.29489, 6.37099 ] ] ], [ [ [ 2.27237, 6.37702 ], [ 2.27173, 6.3762 ], [ 2.27165, 6.37521 ], [ 2.27246, 6.3744 ], [ 2.27355, 6.37458 ], [ 2.27364, 6.37422 ], [ 2.27382, 6.37449 ], [ 2.27554, 6.37422 ], [ 2.27572, 6.37476 ], [ 2.27608, 6.37476 ], [ 2.2759, 6.37404 ], [ 2.27671, 6.37404 ], [ 2.27617, 6.37386 ], [ 2.2768, 6.37377 ], [ 2.27662, 6.37341 ], [ 2.27608, 6.37368 ], [ 2.27563, 6.37322 ], [ 2.27572, 6.37259 ], [ 2.27527, 6.37241 ], [ 2.27545, 6.37196 ], [ 2.27608, 6.37187 ], [ 2.27644, 6.37277 ], [ 2.27717, 6.37277 ], [ 2.27671, 6.37232 ], [ 2.27699, 6.37205 ], [ 2.27681, 6.3716 ], [ 2.27581, 6.37096 ], [ 2.27545, 6.36979 ], [ 2.27455, 6.36915 ], [ 2.27364, 6.36987 ], [ 2.27364, 6.37024 ], [ 2.27337, 6.36987 ], [ 2.27219, 6.37105 ], [ 2.27183, 6.37177 ], [ 2.27228, 6.37204 ], [ 2.27201, 6.37259 ], [ 2.27138, 6.37222 ], [ 2.27093, 6.3724 ], [ 2.27047, 6.37304 ], [ 2.27074, 6.37358 ], [ 2.26875, 6.3734 ], [ 2.26875, 6.37439 ], [ 2.2692, 6.37502 ], [ 2.26975, 6.37493 ], [ 2.27047, 6.37566 ], [ 2.27011, 6.37593 ], [ 2.27092, 6.3762 ], [ 2.27092, 6.37647 ], [ 2.27011, 6.37647 ], [ 2.27056, 6.37675 ], [ 2.27038, 6.37711 ], [ 2.27237, 6.37702 ] ] ], [ [ [ 2.28006, 6.3754 ], [ 2.28078, 6.37531 ], [ 2.28141, 6.37577 ], [ 2.28159, 6.37549 ], [ 2.28096, 6.37504 ], [ 2.28105, 6.37468 ], [ 2.28331, 6.37504 ], [ 2.28313, 6.37486 ], [ 2.28367, 6.37459 ], [ 2.28349, 6.37423 ], [ 2.28259, 6.37468 ], [ 2.28223, 6.37423 ], [ 2.28033, 6.37414 ], [ 2.28015, 6.37477 ], [ 2.27951, 6.37495 ], [ 2.27942, 6.37531 ], [ 2.27987, 6.37549 ], [ 2.27942, 6.37549 ], [ 2.27933, 6.37603 ], [ 2.27987, 6.37594 ], [ 2.28006, 6.3754 ] ] ], [ [ [ 2.29895, 6.37787 ], [ 2.29823, 6.37715 ], [ 2.29841, 6.37633 ], [ 2.29895, 6.37606 ], [ 2.29868, 6.37516 ], [ 2.29823, 6.37497 ], [ 2.29859, 6.37452 ], [ 2.29841, 6.37362 ], [ 2.2976, 6.37307 ], [ 2.29724, 6.3738 ], [ 2.29796, 6.37425 ], [ 2.2976, 6.37461 ], [ 2.29787, 6.37579 ], [ 2.29697, 6.37506 ], [ 2.29696, 6.37588 ], [ 2.29615, 6.3757 ], [ 2.29606, 6.37597 ], [ 2.29651, 6.37669 ], [ 2.29552, 6.37642 ], [ 2.29506, 6.37696 ], [ 2.29506, 6.37759 ], [ 2.29597, 6.37796 ], [ 2.29642, 6.3775 ], [ 2.29714, 6.37778 ], [ 2.29705, 6.37714 ], [ 2.29751, 6.37714 ], [ 2.29751, 6.37742 ], [ 2.29823, 6.37751 ], [ 2.29796, 6.37805 ], [ 2.2985, 6.37796 ], [ 2.29895, 6.37832 ], [ 2.29895, 6.37787 ] ] ], [ [ [ 2.26631, 6.3781 ], [ 2.26739, 6.37801 ], [ 2.2673, 6.37765 ], [ 2.26784, 6.37737 ], [ 2.26694, 6.3771 ], [ 2.26694, 6.37674 ], [ 2.2683, 6.37665 ], [ 2.26694, 6.37656 ], [ 2.26731, 6.37484 ], [ 2.26676, 6.37529 ], [ 2.26685, 6.3762 ], [ 2.26676, 6.37584 ], [ 2.26559, 6.37574 ], [ 2.26568, 6.37638 ], [ 2.26649, 6.37674 ], [ 2.26631, 6.3781 ] ] ], [ [ [ 2.2909, 6.3803 ], [ 2.29217, 6.38021 ], [ 2.29271, 6.3794 ], [ 2.29434, 6.3794 ], [ 2.29443, 6.37994 ], [ 2.2956, 6.38076 ], [ 2.29678, 6.38085 ], [ 2.29651, 6.38022 ], [ 2.29587, 6.38013 ], [ 2.29669, 6.37977 ], [ 2.29696, 6.37895 ], [ 2.29624, 6.37922 ], [ 2.29633, 6.37959 ], [ 2.29578, 6.3794 ], [ 2.29569, 6.37968 ], [ 2.2957, 6.37832 ], [ 2.29497, 6.37805 ], [ 2.29452, 6.37877 ], [ 2.29398, 6.37859 ], [ 2.2938, 6.37895 ], [ 2.29371, 6.37868 ], [ 2.29352, 6.37922 ], [ 2.29371, 6.37777 ], [ 2.29335, 6.37696 ], [ 2.29335, 6.37777 ], [ 2.29235, 6.37777 ], [ 2.29226, 6.37813 ], [ 2.29271, 6.37849 ], [ 2.29181, 6.37858 ], [ 2.29153, 6.37913 ], [ 2.29126, 6.37858 ], [ 2.29244, 6.37759 ], [ 2.29253, 6.37687 ], [ 2.29054, 6.37659 ], [ 2.29163, 6.37741 ], [ 2.29045, 6.37723 ], [ 2.28991, 6.37786 ], [ 2.28955, 6.37731 ], [ 2.28991, 6.37695 ], [ 2.28801, 6.37659 ], [ 2.28801, 6.37695 ], [ 2.28846, 6.37695 ], [ 2.28873, 6.37804 ], [ 2.28973, 6.37795 ], [ 2.29072, 6.37876 ], [ 2.29063, 6.3794 ], [ 2.28964, 6.37949 ], [ 2.29, 6.38012 ], [ 2.29045, 6.38012 ], [ 2.29018, 6.38084 ], [ 2.2909, 6.38084 ], [ 2.2909, 6.3803 ] ] ], [ [ [ 2.26793, 6.38253 ], [ 2.2672, 6.38226 ], [ 2.26702, 6.38135 ], [ 2.26919, 6.38154 ], [ 2.26965, 6.381 ], [ 2.26929, 6.3809 ], [ 2.2692, 6.38027 ], [ 2.26847, 6.38009 ], [ 2.26793, 6.38072 ], [ 2.26757, 6.38063 ], [ 2.26757, 6.38 ], [ 2.26793, 6.37991 ], [ 2.26694, 6.37945 ], [ 2.26685, 6.38036 ], [ 2.26621, 6.38099 ], [ 2.26693, 6.38108 ], [ 2.26639, 6.38144 ], [ 2.26693, 6.38253 ], [ 2.26738, 6.38253 ], [ 2.26766, 6.38307 ], [ 2.26793, 6.38307 ], [ 2.26793, 6.38253 ] ] ], [ [ [ 2.29262, 6.38238 ], [ 2.29262, 6.3813 ], [ 2.29171, 6.38112 ], [ 2.29217, 6.38103 ], [ 2.29217, 6.38048 ], [ 2.29099, 6.38148 ], [ 2.29198, 6.38247 ], [ 2.29262, 6.38238 ] ] ], [ [ [ 2.29397, 6.38302 ], [ 2.29497, 6.3823 ], [ 2.29497, 6.38185 ], [ 2.29452, 6.38175 ], [ 2.29443, 6.38094 ], [ 2.29379, 6.38058 ], [ 2.29271, 6.38166 ], [ 2.29325, 6.38293 ], [ 2.29397, 6.38302 ] ] ], [ [ [ 2.27932, 6.38617 ], [ 2.28022, 6.38671 ], [ 2.2804, 6.38599 ], [ 2.27968, 6.38517 ], [ 2.27959, 6.3839 ], [ 2.27832, 6.38408 ], [ 2.27869, 6.38454 ], [ 2.27823, 6.38481 ], [ 2.27778, 6.38454 ], [ 2.27769, 6.38499 ], [ 2.27688, 6.38444 ], [ 2.27724, 6.38517 ], [ 2.27715, 6.38598 ], [ 2.27679, 6.38589 ], [ 2.27688, 6.38481 ], [ 2.27615, 6.38562 ], [ 2.27651, 6.38634 ], [ 2.27814, 6.38635 ], [ 2.27814, 6.3858 ], [ 2.2785, 6.3858 ], [ 2.27859, 6.38626 ], [ 2.27832, 6.38607 ], [ 2.27832, 6.38635 ], [ 2.27895, 6.38644 ], [ 2.27886, 6.38671 ], [ 2.27923, 6.38671 ], [ 2.27932, 6.38617 ] ] ], [ [ [ 2.29297, 6.38727 ], [ 2.29388, 6.38655 ], [ 2.29415, 6.38682 ], [ 2.29406, 6.38637 ], [ 2.29469, 6.38592 ], [ 2.29451, 6.38537 ], [ 2.29415, 6.3861 ], [ 2.29361, 6.38564 ], [ 2.29324, 6.38646 ], [ 2.29261, 6.38646 ], [ 2.29243, 6.38817 ], [ 2.29297, 6.38808 ], [ 2.29297, 6.38727 ] ] ], [ [ [ 2.2842, 6.38889 ], [ 2.28465, 6.38889 ], [ 2.28438, 6.3888 ], [ 2.28465, 6.38807 ], [ 2.28438, 6.38644 ], [ 2.28311, 6.38644 ], [ 2.28239, 6.38689 ], [ 2.28185, 6.38644 ], [ 2.2814, 6.38653 ], [ 2.2814, 6.38735 ], [ 2.2832, 6.38708 ], [ 2.2842, 6.38744 ], [ 2.28383, 6.38916 ], [ 2.28429, 6.38916 ], [ 2.2842, 6.38889 ] ] ], [ [ [ 2.29622, 6.39098 ], [ 2.29586, 6.38881 ], [ 2.29704, 6.3889 ], [ 2.29695, 6.38836 ], [ 2.29776, 6.38773 ], [ 2.29776, 6.38728 ], [ 2.29695, 6.38737 ], [ 2.29677, 6.38682 ], [ 2.29605, 6.38664 ], [ 2.2955, 6.38592 ], [ 2.29523, 6.38646 ], [ 2.29623, 6.38718 ], [ 2.29641, 6.38782 ], [ 2.29622, 6.38809 ], [ 2.29523, 6.38791 ], [ 2.2955, 6.38827 ], [ 2.29505, 6.38863 ], [ 2.29487, 6.38944 ], [ 2.2945, 6.38953 ], [ 2.29423, 6.38899 ], [ 2.29387, 6.38917 ], [ 2.29477, 6.39071 ], [ 2.29622, 6.39098 ] ] ], [ [ [ 2.29269, 6.39143 ], [ 2.29333, 6.39089 ], [ 2.29342, 6.39017 ], [ 2.29342, 6.38908 ], [ 2.2927, 6.38854 ], [ 2.29215, 6.38854 ], [ 2.2917, 6.38944 ], [ 2.29071, 6.38935 ], [ 2.28962, 6.3898 ], [ 2.29025, 6.38971 ], [ 2.29224, 6.39089 ], [ 2.29215, 6.39125 ], [ 2.29143, 6.39125 ], [ 2.29134, 6.39098 ], [ 2.29034, 6.39116 ], [ 2.29052, 6.3917 ], [ 2.29152, 6.39143 ], [ 2.29242, 6.39234 ], [ 2.29269, 6.39143 ] ] ], [ [ [ 2.28329, 6.39169 ], [ 2.28392, 6.39169 ], [ 2.28437, 6.39097 ], [ 2.28519, 6.39133 ], [ 2.28546, 6.3907 ], [ 2.28365, 6.39024 ], [ 2.28365, 6.39106 ], [ 2.28338, 6.3907 ], [ 2.28293, 6.39088 ], [ 2.28311, 6.39178 ], [ 2.28211, 6.39178 ], [ 2.28211, 6.39223 ], [ 2.28256, 6.39232 ], [ 2.28329, 6.39169 ] ] ], [ [ [ 2.29522, 6.39614 ], [ 2.29405, 6.39487 ], [ 2.2945, 6.3946 ], [ 2.2945, 6.3937 ], [ 2.29477, 6.39397 ], [ 2.29577, 6.39325 ], [ 2.29378, 6.39342 ], [ 2.29368, 6.39487 ], [ 2.29296, 6.39469 ], [ 2.29332, 6.39496 ], [ 2.29314, 6.39541 ], [ 2.29522, 6.39614 ] ] ], [ [ [ 2.25271, 6.39653 ], [ 2.25489, 6.39617 ], [ 2.25407, 6.39527 ], [ 2.25127, 6.39526 ], [ 2.25091, 6.39562 ], [ 2.25145, 6.39608 ], [ 2.25299, 6.39581 ], [ 2.25271, 6.39653 ] ] ], [ [ [ 2.27993, 6.39739 ], [ 2.27975, 6.39693 ], [ 2.27966, 6.3972 ], [ 2.27903, 6.39711 ], [ 2.27912, 6.39657 ], [ 2.27858, 6.39575 ], [ 2.27749, 6.39602 ], [ 2.27749, 6.39666 ], [ 2.2784, 6.39666 ], [ 2.27813, 6.39711 ], [ 2.27831, 6.39802 ], [ 2.2793, 6.39793 ], [ 2.27957, 6.39829 ], [ 2.27993, 6.39739 ] ] ], [ [ [ 2.29313, 6.39912 ], [ 2.29286, 6.39903 ], [ 2.29323, 6.39903 ], [ 2.29332, 6.39921 ], [ 2.29368, 6.39876 ], [ 2.29287, 6.39758 ], [ 2.29232, 6.39758 ], [ 2.29251, 6.39677 ], [ 2.29205, 6.39668 ], [ 2.29187, 6.39722 ], [ 2.29133, 6.39713 ], [ 2.29115, 6.39776 ], [ 2.29232, 6.39785 ], [ 2.29232, 6.39867 ], [ 2.29286, 6.39867 ], [ 2.29277, 6.39894 ], [ 2.29223, 6.39876 ], [ 2.2925, 6.39939 ], [ 2.29304, 6.39957 ], [ 2.29313, 6.39912 ] ] ], [ [ [ 2.21671, 6.40562 ], [ 2.21788, 6.40553 ], [ 2.21798, 6.40471 ], [ 2.2187, 6.40462 ], [ 2.21997, 6.40309 ], [ 2.21988, 6.40273 ], [ 2.22042, 6.40255 ], [ 2.22033, 6.40227 ], [ 2.22087, 6.40381 ], [ 2.22051, 6.40526 ], [ 2.2215, 6.40508 ], [ 2.22205, 6.40445 ], [ 2.22169, 6.40318 ], [ 2.22232, 6.403 ], [ 2.22214, 6.40237 ], [ 2.2225, 6.40237 ], [ 2.22314, 6.40146 ], [ 2.22286, 6.40146 ], [ 2.22296, 6.40074 ], [ 2.22214, 6.39983 ], [ 2.22205, 6.39893 ], [ 2.22151, 6.39875 ], [ 2.2216, 6.39965 ], [ 2.22097, 6.39947 ], [ 2.22088, 6.39802 ], [ 2.22197, 6.39793 ], [ 2.22106, 6.39685 ], [ 2.21934, 6.39684 ], [ 2.21781, 6.39829 ], [ 2.2179, 6.39865 ], [ 2.21871, 6.39892 ], [ 2.21871, 6.39947 ], [ 2.21934, 6.3992 ], [ 2.21943, 6.4001 ], [ 2.22024, 6.40001 ], [ 2.22015, 6.40037 ], [ 2.21907, 6.40073 ], [ 2.21943, 6.40227 ], [ 2.21879, 6.40236 ], [ 2.2187, 6.40164 ], [ 2.21852, 6.40191 ], [ 2.21798, 6.40164 ], [ 2.21762, 6.40281 ], [ 2.21726, 6.40191 ], [ 2.21653, 6.40163 ], [ 2.21699, 6.40109 ], [ 2.21436, 6.40091 ], [ 2.21427, 6.40181 ], [ 2.215, 6.40145 ], [ 2.21536, 6.40199 ], [ 2.21509, 6.40245 ], [ 2.21527, 6.40317 ], [ 2.21581, 6.40299 ], [ 2.21536, 6.40335 ], [ 2.2159, 6.40335 ], [ 2.21599, 6.40399 ], [ 2.21662, 6.40381 ], [ 2.21644, 6.40525 ], [ 2.21535, 6.40471 ], [ 2.21554, 6.40371 ], [ 2.21481, 6.40389 ], [ 2.21481, 6.4029 ], [ 2.21364, 6.40353 ], [ 2.21454, 6.40371 ], [ 2.21436, 6.40444 ], [ 2.21517, 6.40489 ], [ 2.21535, 6.40598 ], [ 2.21608, 6.40552 ], [ 2.21626, 6.40607 ], [ 2.21671, 6.40562 ] ] ], [ [ [ 2.27955, 6.4105 ], [ 2.27901, 6.41023 ], [ 2.27919, 6.40987 ], [ 2.28037, 6.40942 ], [ 2.28019, 6.40869 ], [ 2.27965, 6.40851 ], [ 2.2801, 6.40806 ], [ 2.27947, 6.40824 ], [ 2.27883, 6.40788 ], [ 2.27865, 6.40824 ], [ 2.27847, 6.40806 ], [ 2.27838, 6.40887 ], [ 2.27802, 6.40887 ], [ 2.27784, 6.40842 ], [ 2.27838, 6.40752 ], [ 2.27893, 6.40743 ], [ 2.2792, 6.40616 ], [ 2.27875, 6.40598 ], [ 2.27865, 6.40715 ], [ 2.27784, 6.40661 ], [ 2.2773, 6.40742 ], [ 2.27657, 6.4076 ], [ 2.27676, 6.40688 ], [ 2.27757, 6.40616 ], [ 2.27757, 6.4039 ], [ 2.27812, 6.40381 ], [ 2.27812, 6.40317 ], [ 2.27685, 6.40199 ], [ 2.27649, 6.40227 ], [ 2.2764, 6.40172 ], [ 2.27703, 6.40172 ], [ 2.27649, 6.401 ], [ 2.27649, 6.40163 ], [ 2.27586, 6.40181 ], [ 2.27595, 6.40046 ], [ 2.27559, 6.40118 ], [ 2.27505, 6.40073 ], [ 2.27514, 6.40154 ], [ 2.27468, 6.40226 ], [ 2.27504, 6.40199 ], [ 2.27531, 6.40244 ], [ 2.27631, 6.40245 ], [ 2.27595, 6.40299 ], [ 2.27622, 6.40317 ], [ 2.27613, 6.40435 ], [ 2.27486, 6.40452 ], [ 2.27459, 6.40516 ], [ 2.27423, 6.40461 ], [ 2.27386, 6.4047 ], [ 2.27368, 6.40525 ], [ 2.27468, 6.40606 ], [ 2.2745, 6.40661 ], [ 2.27431, 6.40606 ], [ 2.27395, 6.40624 ], [ 2.27404, 6.4067 ], [ 2.27341, 6.40751 ], [ 2.27422, 6.40733 ], [ 2.27477, 6.40661 ], [ 2.27495, 6.40697 ], [ 2.27549, 6.40697 ], [ 2.27513, 6.4076 ], [ 2.27567, 6.40769 ], [ 2.27603, 6.40842 ], [ 2.27558, 6.4086 ], [ 2.27531, 6.40805 ], [ 2.27422, 6.40742 ], [ 2.27413, 6.40869 ], [ 2.27467, 6.40896 ], [ 2.27522, 6.40842 ], [ 2.27522, 6.40878 ], [ 2.27585, 6.40869 ], [ 2.27621, 6.40914 ], [ 2.27721, 6.40869 ], [ 2.2782, 6.40941 ], [ 2.27838, 6.41023 ], [ 2.27892, 6.41023 ], [ 2.27901, 6.41068 ], [ 2.27955, 6.4105 ] ] ], [ [ [ 2.23271, 6.40853 ], [ 2.23307, 6.40863 ], [ 2.23289, 6.40745 ], [ 2.23326, 6.40736 ], [ 2.23326, 6.40673 ], [ 2.23362, 6.40682 ], [ 2.23362, 6.40799 ], [ 2.23407, 6.4079 ], [ 2.23407, 6.40908 ], [ 2.23461, 6.40881 ], [ 2.23461, 6.40718 ], [ 2.23497, 6.40745 ], [ 2.23479, 6.40809 ], [ 2.23561, 6.40745 ], [ 2.23516, 6.40537 ], [ 2.23543, 6.40465 ], [ 2.23525, 6.40374 ], [ 2.23444, 6.40447 ], [ 2.23443, 6.40537 ], [ 2.23335, 6.406 ], [ 2.23335, 6.40655 ], [ 2.2328, 6.40691 ], [ 2.23244, 6.40691 ], [ 2.23262, 6.40654 ], [ 2.23136, 6.40681 ], [ 2.23127, 6.40781 ], [ 2.23226, 6.40808 ], [ 2.23253, 6.40917 ], [ 2.23271, 6.40853 ] ] ], [ [ [ 2.2101, 6.41022 ], [ 2.2111, 6.4095 ], [ 2.21065, 6.40742 ], [ 2.21119, 6.40742 ], [ 2.21146, 6.40669 ], [ 2.2121, 6.40669 ], [ 2.21201, 6.40588 ], [ 2.21246, 6.40552 ], [ 2.21291, 6.40642 ], [ 2.213, 6.40787 ], [ 2.21354, 6.40814 ], [ 2.21327, 6.40706 ], [ 2.21399, 6.40688 ], [ 2.214, 6.40624 ], [ 2.21427, 6.40634 ], [ 2.21354, 6.40588 ], [ 2.21345, 6.40543 ], [ 2.21391, 6.40416 ], [ 2.21201, 6.40516 ], [ 2.21174, 6.40416 ], [ 2.21111, 6.40353 ], [ 2.21056, 6.40389 ], [ 2.21056, 6.40461 ], [ 2.2102, 6.4047 ], [ 2.20965, 6.40606 ], [ 2.20956, 6.41022 ], [ 2.2101, 6.41022 ] ] ], [ [ [ 2.27512, 6.41122 ], [ 2.27512, 6.41059 ], [ 2.27621, 6.41014 ], [ 2.27621, 6.40977 ], [ 2.27585, 6.40959 ], [ 2.27539, 6.41013 ], [ 2.27485, 6.40986 ], [ 2.27521, 6.40932 ], [ 2.27494, 6.40914 ], [ 2.2744, 6.40959 ], [ 2.27485, 6.41068 ], [ 2.27413, 6.41149 ], [ 2.27512, 6.41122 ] ] ], [ [ [ 2.27141, 6.41149 ], [ 2.27205, 6.41085 ], [ 2.27187, 6.40968 ], [ 2.26997, 6.4113 ], [ 2.27024, 6.41176 ], [ 2.27069, 6.41176 ], [ 2.27087, 6.41266 ], [ 2.27123, 6.41257 ], [ 2.27141, 6.41149 ] ] ], [ [ [ 2.28172, 6.41186 ], [ 2.28136, 6.41159 ], [ 2.28136, 6.41213 ], [ 2.28109, 6.41213 ], [ 2.28046, 6.41177 ], [ 2.28046, 6.41123 ], [ 2.28091, 6.41096 ], [ 2.28073, 6.41069 ], [ 2.28127, 6.41041 ], [ 2.27964, 6.41068 ], [ 2.28018, 6.41222 ], [ 2.28163, 6.41259 ], [ 2.28172, 6.41186 ] ] ], [ [ [ 2.22194, 6.41377 ], [ 2.22167, 6.41358 ], [ 2.22167, 6.41205 ], [ 2.22122, 6.41205 ], [ 2.22122, 6.41259 ], [ 2.22095, 6.41214 ], [ 2.22086, 6.41259 ], [ 2.22077, 6.41159 ], [ 2.22068, 6.41186 ], [ 2.22059, 6.4115 ], [ 2.22023, 6.41159 ], [ 2.22014, 6.41105 ], [ 2.22014, 6.41168 ], [ 2.22041, 6.41241 ], [ 2.22077, 6.41259 ], [ 2.22059, 6.41376 ], [ 2.22113, 6.41358 ], [ 2.22149, 6.41431 ], [ 2.22185, 6.41386 ], [ 2.22176, 6.41458 ], [ 2.22194, 6.41377 ] ] ], [ [ [ 2.22248, 6.4144 ], [ 2.22303, 6.41413 ], [ 2.22294, 6.41449 ], [ 2.2233, 6.41467 ], [ 2.22312, 6.4135 ], [ 2.22429, 6.41377 ], [ 2.22339, 6.41286 ], [ 2.22357, 6.41151 ], [ 2.22294, 6.41178 ], [ 2.22267, 6.41241 ], [ 2.22231, 6.41214 ], [ 2.22276, 6.41259 ], [ 2.2223, 6.41512 ], [ 2.22248, 6.4144 ] ] ], [ [ [ 2.28362, 6.41621 ], [ 2.28334, 6.41585 ], [ 2.28371, 6.4153 ], [ 2.28344, 6.41539 ], [ 2.28326, 6.41485 ], [ 2.2828, 6.41476 ], [ 2.28226, 6.41539 ], [ 2.28199, 6.41503 ], [ 2.28217, 6.41458 ], [ 2.28154, 6.41476 ], [ 2.28163, 6.41512 ], [ 2.2819, 6.41503 ], [ 2.28163, 6.41557 ], [ 2.2828, 6.41584 ], [ 2.28343, 6.41693 ], [ 2.28362, 6.41621 ] ] ], [ [ [ 2.21198, 6.42063 ], [ 2.21199, 6.41945 ], [ 2.21235, 6.41945 ], [ 2.21289, 6.41963 ], [ 2.21325, 6.42036 ], [ 2.21379, 6.42 ], [ 2.21452, 6.42018 ], [ 2.21488, 6.42045 ], [ 2.21461, 6.42108 ], [ 2.21497, 6.42117 ], [ 2.21533, 6.42099 ], [ 2.21497, 6.42063 ], [ 2.21542, 6.42063 ], [ 2.21542, 6.42027 ], [ 2.21452, 6.42009 ], [ 2.2147, 6.41954 ], [ 2.21524, 6.41945 ], [ 2.21587, 6.41991 ], [ 2.21614, 6.41973 ], [ 2.21606, 6.41909 ], [ 2.21497, 6.41918 ], [ 2.21497, 6.41855 ], [ 2.21461, 6.41873 ], [ 2.21479, 6.41927 ], [ 2.21452, 6.41927 ], [ 2.21443, 6.41873 ], [ 2.21407, 6.41864 ], [ 2.21407, 6.41782 ], [ 2.21289, 6.41665 ], [ 2.2129, 6.41574 ], [ 2.21127, 6.4152 ], [ 2.21127, 6.41574 ], [ 2.2119, 6.41592 ], [ 2.21145, 6.41674 ], [ 2.21226, 6.41692 ], [ 2.21226, 6.41764 ], [ 2.20991, 6.41809 ], [ 2.20954, 6.41854 ], [ 2.20963, 6.42008 ], [ 2.2109, 6.42126 ], [ 2.21225, 6.42153 ], [ 2.21234, 6.4209 ], [ 2.21198, 6.42063 ] ] ], [ [ [ 2.28895, 6.4202 ], [ 2.28868, 6.41857 ], [ 2.28795, 6.41902 ], [ 2.28768, 6.41811 ], [ 2.28768, 6.4192 ], [ 2.2875, 6.41902 ], [ 2.28732, 6.41974 ], [ 2.28822, 6.42001 ], [ 2.28822, 6.42065 ], [ 2.28895, 6.4202 ] ] ], [ [ [ 2.21786, 6.42407 ], [ 2.21867, 6.42353 ], [ 2.21831, 6.42254 ], [ 2.21876, 6.42236 ], [ 2.21831, 6.42181 ], [ 2.21777, 6.4219 ], [ 2.21786, 6.42145 ], [ 2.21759, 6.4219 ], [ 2.21714, 6.42172 ], [ 2.21786, 6.42109 ], [ 2.21822, 6.42136 ], [ 2.21831, 6.42091 ], [ 2.21741, 6.42054 ], [ 2.21632, 6.4219 ], [ 2.21641, 6.42136 ], [ 2.21578, 6.42154 ], [ 2.21569, 6.42235 ], [ 2.21641, 6.42235 ], [ 2.21605, 6.4228 ], [ 2.21704, 6.42317 ], [ 2.2175, 6.42299 ], [ 2.21713, 6.42335 ], [ 2.2175, 6.42371 ], [ 2.21768, 6.42326 ], [ 2.21786, 6.42326 ], [ 2.21759, 6.42371 ], [ 2.21786, 6.42407 ] ] ], [ [ [ 2.26488, 6.42487 ], [ 2.26543, 6.42496 ], [ 2.26525, 6.42405 ], [ 2.26579, 6.42405 ], [ 2.26606, 6.42451 ], [ 2.26633, 6.42423 ], [ 2.26561, 6.42351 ], [ 2.26479, 6.42387 ], [ 2.26498, 6.42351 ], [ 2.2647, 6.42333 ], [ 2.26461, 6.42441 ], [ 2.26434, 6.42414 ], [ 2.26443, 6.42568 ], [ 2.26488, 6.42487 ] ] ], [ [ [ 2.26668, 6.42966 ], [ 2.26641, 6.42885 ], [ 2.26705, 6.42813 ], [ 2.26651, 6.42767 ], [ 2.26614, 6.42849 ], [ 2.26605, 6.42767 ], [ 2.26542, 6.42731 ], [ 2.26542, 6.42695 ], [ 2.26624, 6.42695 ], [ 2.26624, 6.42632 ], [ 2.26597, 6.42632 ], [ 2.26515, 6.42686 ], [ 2.26533, 6.42731 ], [ 2.26488, 6.42785 ], [ 2.2647, 6.42921 ], [ 2.26596, 6.42885 ], [ 2.26623, 6.42975 ], [ 2.26668, 6.42966 ] ] ], [ [ [ 2.22191, 6.43638 ], [ 2.22245, 6.4362 ], [ 2.22191, 6.4353 ], [ 2.22263, 6.43503 ], [ 2.22263, 6.43412 ], [ 2.22327, 6.43412 ], [ 2.22309, 6.43467 ], [ 2.22408, 6.4344 ], [ 2.22408, 6.43476 ], [ 2.22471, 6.43485 ], [ 2.22444, 6.4353 ], [ 2.22507, 6.4353 ], [ 2.22517, 6.43458 ], [ 2.22426, 6.4344 ], [ 2.22526, 6.43413 ], [ 2.22535, 6.43376 ], [ 2.22372, 6.4334 ], [ 2.2239, 6.43286 ], [ 2.22445, 6.43286 ], [ 2.22444, 6.43322 ], [ 2.22517, 6.43322 ], [ 2.22372, 6.43231 ], [ 2.22463, 6.43186 ], [ 2.22445, 6.43141 ], [ 2.22327, 6.43132 ], [ 2.22318, 6.43231 ], [ 2.22282, 6.4324 ], [ 2.22236, 6.43349 ], [ 2.22182, 6.43349 ], [ 2.22173, 6.43303 ], [ 2.22083, 6.43321 ], [ 2.22074, 6.43376 ], [ 2.22128, 6.43394 ], [ 2.22092, 6.43403 ], [ 2.22019, 6.43557 ], [ 2.22055, 6.43566 ], [ 2.22055, 6.4362 ], [ 2.22163, 6.43756 ], [ 2.22191, 6.43638 ] ] ], [ [ [ 2.25943, 6.44205 ], [ 2.26097, 6.44169 ], [ 2.26088, 6.44114 ], [ 2.26133, 6.44096 ], [ 2.26124, 6.44069 ], [ 2.2607, 6.44096 ], [ 2.26025, 6.44042 ], [ 2.25952, 6.44069 ], [ 2.25943, 6.44205 ] ] ], [ [ [ 2.2237, 6.44769 ], [ 2.22352, 6.44706 ], [ 2.22506, 6.44724 ], [ 2.22524, 6.44652 ], [ 2.22578, 6.44661 ], [ 2.22605, 6.44634 ], [ 2.2256, 6.44643 ], [ 2.22524, 6.44607 ], [ 2.2247, 6.44625 ], [ 2.22497, 6.44634 ], [ 2.22479, 6.44679 ], [ 2.22316, 6.44661 ], [ 2.2228, 6.44606 ], [ 2.22289, 6.44534 ], [ 2.22244, 6.44525 ], [ 2.22243, 6.44796 ], [ 2.2237, 6.44769 ] ] ], [ [ [ 2.22523, 6.45032 ], [ 2.2255, 6.44969 ], [ 2.22587, 6.44996 ], [ 2.22542, 6.44914 ], [ 2.22532, 6.44969 ], [ 2.22478, 6.44978 ], [ 2.2237, 6.44851 ], [ 2.22315, 6.44887 ], [ 2.22316, 6.44842 ], [ 2.22279, 6.44833 ], [ 2.22216, 6.44878 ], [ 2.22243, 6.44959 ], [ 2.22361, 6.44914 ], [ 2.22523, 6.45032 ] ] ], [ [ [ 2.22133, 6.46063 ], [ 2.22278, 6.46009 ], [ 2.22314, 6.45945 ], [ 2.22341, 6.45954 ], [ 2.22314, 6.45873 ], [ 2.22359, 6.45801 ], [ 2.22287, 6.45719 ], [ 2.22215, 6.45728 ], [ 2.22106, 6.45827 ], [ 2.22133, 6.46063 ] ] ], [ [ [ 2.22213, 6.46986 ], [ 2.22358, 6.46959 ], [ 2.22222, 6.4694 ], [ 2.22249, 6.46832 ], [ 2.22114, 6.46768 ], [ 2.22123, 6.46651 ], [ 2.22159, 6.46669 ], [ 2.22159, 6.46624 ], [ 2.22078, 6.46651 ], [ 2.22087, 6.46732 ], [ 2.2205, 6.46741 ], [ 2.22023, 6.46904 ], [ 2.22077, 6.46913 ], [ 2.22086, 6.46859 ], [ 2.22122, 6.46895 ], [ 2.22132, 6.4685 ], [ 2.22131, 6.46904 ], [ 2.22195, 6.46868 ], [ 2.22177, 6.46904 ], [ 2.22213, 6.46986 ] ] ], [ [ [ 2.22041, 6.47239 ], [ 2.22158, 6.47194 ], [ 2.22122, 6.47094 ], [ 2.21941, 6.47058 ], [ 2.21887, 6.47139 ], [ 2.21905, 6.47193 ], [ 2.21977, 6.47202 ], [ 2.21986, 6.47302 ], [ 2.2204, 6.47293 ], [ 2.22041, 6.47239 ] ] ], [ [ [ 2.25341, 6.47949 ], [ 2.25422, 6.47868 ], [ 2.25477, 6.47868 ], [ 2.25477, 6.47832 ], [ 2.25431, 6.47814 ], [ 2.25513, 6.47633 ], [ 2.25477, 6.4747 ], [ 2.25441, 6.47479 ], [ 2.25341, 6.47931 ], [ 2.25296, 6.4794 ], [ 2.25304, 6.48031 ], [ 2.2525, 6.48058 ], [ 2.25259, 6.48094 ], [ 2.25322, 6.48094 ], [ 2.25341, 6.47949 ] ] ], [ [ [ 2.21505, 6.48151 ], [ 2.21578, 6.4817 ], [ 2.2156, 6.48124 ], [ 2.21596, 6.48106 ], [ 2.21596, 6.48052 ], [ 2.21641, 6.48061 ], [ 2.21632, 6.48088 ], [ 2.21768, 6.48052 ], [ 2.21678, 6.47989 ], [ 2.21687, 6.47935 ], [ 2.21768, 6.47917 ], [ 2.21768, 6.47871 ], [ 2.21696, 6.47871 ], [ 2.21723, 6.47817 ], [ 2.21687, 6.47799 ], [ 2.21678, 6.47718 ], [ 2.21606, 6.47754 ], [ 2.21587, 6.47844 ], [ 2.21524, 6.47916 ], [ 2.21524, 6.47989 ], [ 2.21469, 6.48052 ], [ 2.21442, 6.48169 ], [ 2.2146, 6.48151 ], [ 2.21478, 6.48197 ], [ 2.21505, 6.48151 ] ] ], [ [ [ 2.31011, 6.35065 ], [ 2.31084, 6.34993 ], [ 2.31075, 6.34894 ], [ 2.30984, 6.34848 ], [ 2.30966, 6.34948 ], [ 2.30885, 6.34966 ], [ 2.31011, 6.35065 ] ] ], [ [ [ 2.32322, 6.35194 ], [ 2.32295, 6.3513 ], [ 2.3234, 6.35112 ], [ 2.32449, 6.3514 ], [ 2.32485, 6.35085 ], [ 2.32395, 6.35049 ], [ 2.32413, 6.34995 ], [ 2.3235, 6.34986 ], [ 2.32286, 6.35031 ], [ 2.32178, 6.34958 ], [ 2.32187, 6.35031 ], [ 2.32268, 6.35031 ], [ 2.32241, 6.35058 ], [ 2.32241, 6.35121 ], [ 2.32286, 6.35158 ], [ 2.32268, 6.35212 ], [ 2.32322, 6.35194 ] ] ], [ [ [ 2.29953, 6.35381 ], [ 2.30097, 6.35372 ], [ 2.30116, 6.35345 ], [ 2.2998, 6.35272 ], [ 2.29935, 6.35272 ], [ 2.29935, 6.35308 ], [ 2.29862, 6.35299 ], [ 2.29853, 6.35236 ], [ 2.29763, 6.35308 ], [ 2.29799, 6.35353 ], [ 2.29926, 6.35335 ], [ 2.29953, 6.35381 ] ] ], [ [ [ 2.3187, 6.35483 ], [ 2.3206, 6.35392 ], [ 2.31978, 6.35365 ], [ 2.32005, 6.35293 ], [ 2.32042, 6.3532 ], [ 2.32141, 6.35293 ], [ 2.32096, 6.35257 ], [ 2.32024, 6.35275 ], [ 2.31996, 6.35257 ], [ 2.32015, 6.3523 ], [ 2.31951, 6.35202 ], [ 2.31987, 6.35266 ], [ 2.3187, 6.35257 ], [ 2.3187, 6.35311 ], [ 2.31888, 6.35293 ], [ 2.31933, 6.35338 ], [ 2.31879, 6.35374 ], [ 2.31834, 6.35356 ], [ 2.31824, 6.3541 ], [ 2.3187, 6.35483 ] ] ], [ [ [ 2.32683, 6.35773 ], [ 2.32783, 6.35764 ], [ 2.32783, 6.35737 ], [ 2.3271, 6.35755 ], [ 2.32737, 6.35656 ], [ 2.32701, 6.35529 ], [ 2.32557, 6.35565 ], [ 2.32548, 6.3552 ], [ 2.32484, 6.35511 ], [ 2.3243, 6.35556 ], [ 2.3243, 6.35592 ], [ 2.32502, 6.35556 ], [ 2.32638, 6.3561 ], [ 2.32665, 6.35674 ], [ 2.32593, 6.35728 ], [ 2.32638, 6.35773 ], [ 2.32611, 6.35818 ], [ 2.32656, 6.35818 ], [ 2.32683, 6.35773 ] ] ], [ [ [ 2.31887, 6.35799 ], [ 2.31942, 6.35655 ], [ 2.32204, 6.35646 ], [ 2.31924, 6.35628 ], [ 2.31896, 6.35655 ], [ 2.31842, 6.35627 ], [ 2.31806, 6.35673 ], [ 2.31842, 6.3579 ], [ 2.31887, 6.35799 ] ] ], [ [ [ 2.3082, 6.36214 ], [ 2.3101, 6.36214 ], [ 2.3101, 6.36187 ], [ 2.30946, 6.36187 ], [ 2.30955, 6.36151 ], [ 2.30973, 6.36169 ], [ 2.30974, 6.36115 ], [ 2.30919, 6.36079 ], [ 2.30947, 6.36006 ], [ 2.30901, 6.3597 ], [ 2.30856, 6.3597 ], [ 2.30847, 6.36015 ], [ 2.30766, 6.36006 ], [ 2.30838, 6.36097 ], [ 2.3091, 6.36097 ], [ 2.30856, 6.36169 ], [ 2.30883, 6.36187 ], [ 2.3082, 6.36214 ] ] ], [ [ [ 2.33053, 6.36244 ], [ 2.33089, 6.36217 ], [ 2.33053, 6.36181 ], [ 2.33117, 6.36136 ], [ 2.33108, 6.36072 ], [ 2.33072, 6.36072 ], [ 2.33053, 6.36136 ], [ 2.33035, 6.36118 ], [ 2.33035, 6.36081 ], [ 2.33108, 6.36036 ], [ 2.33063, 6.35991 ], [ 2.33063, 6.35928 ], [ 2.33017, 6.35927 ], [ 2.32945, 6.36 ], [ 2.32909, 6.35945 ], [ 2.32864, 6.35991 ], [ 2.32846, 6.35973 ], [ 2.32809, 6.36072 ], [ 2.32737, 6.3609 ], [ 2.32656, 6.36072 ], [ 2.32692, 6.36045 ], [ 2.32674, 6.36008 ], [ 2.32637, 6.36036 ], [ 2.32511, 6.36008 ], [ 2.32538, 6.36081 ], [ 2.3271, 6.36099 ], [ 2.32728, 6.36226 ], [ 2.32872, 6.36235 ], [ 2.32972, 6.36199 ], [ 2.32981, 6.36262 ], [ 2.33116, 6.36271 ], [ 2.33053, 6.36244 ] ] ], [ [ [ 2.30069, 6.36159 ], [ 2.29907, 6.36023 ], [ 2.29879, 6.36041 ], [ 2.29888, 6.3614 ], [ 2.29726, 6.36149 ], [ 2.29726, 6.36176 ], [ 2.29816, 6.36186 ], [ 2.29834, 6.36231 ], [ 2.2997, 6.36204 ], [ 2.3006, 6.3624 ], [ 2.30069, 6.36159 ] ] ], [ [ [ 2.30846, 6.36458 ], [ 2.30964, 6.36477 ], [ 2.30991, 6.3645 ], [ 2.31027, 6.36504 ], [ 2.31045, 6.36504 ], [ 2.311, 6.36486 ], [ 2.31109, 6.36395 ], [ 2.31046, 6.36386 ], [ 2.3091, 6.36269 ], [ 2.30729, 6.36277 ], [ 2.30711, 6.36232 ], [ 2.30765, 6.36214 ], [ 2.30675, 6.36151 ], [ 2.30657, 6.36187 ], [ 2.30621, 6.36169 ], [ 2.30603, 6.36205 ], [ 2.3053, 6.36205 ], [ 2.30566, 6.36214 ], [ 2.30548, 6.36241 ], [ 2.30521, 6.36223 ], [ 2.3053, 6.36349 ], [ 2.30675, 6.36295 ], [ 2.30702, 6.36313 ], [ 2.30693, 6.36377 ], [ 2.30629, 6.36422 ], [ 2.30638, 6.36467 ], [ 2.30675, 6.36404 ], [ 2.30792, 6.3644 ], [ 2.30783, 6.36504 ], [ 2.30846, 6.36458 ] ] ], [ [ [ 2.30358, 6.36403 ], [ 2.30485, 6.36313 ], [ 2.30476, 6.36268 ], [ 2.30304, 6.36295 ], [ 2.3025, 6.36268 ], [ 2.30358, 6.36403 ] ] ], [ [ [ 2.32908, 6.3657 ], [ 2.32917, 6.36488 ], [ 2.32863, 6.36488 ], [ 2.32863, 6.36434 ], [ 2.32836, 6.36398 ], [ 2.32791, 6.36407 ], [ 2.32782, 6.36352 ], [ 2.32655, 6.36343 ], [ 2.32619, 6.36406 ], [ 2.327, 6.36452 ], [ 2.32773, 6.36389 ], [ 2.32763, 6.36524 ], [ 2.32827, 6.36497 ], [ 2.32827, 6.36597 ], [ 2.32845, 6.36561 ], [ 2.32908, 6.3657 ] ] ], [ [ [ 2.32546, 6.3675 ], [ 2.32609, 6.36768 ], [ 2.32573, 6.36723 ], [ 2.32628, 6.36714 ], [ 2.3261, 6.36642 ], [ 2.32582, 6.36642 ], [ 2.32601, 6.36587 ], [ 2.32628, 6.36606 ], [ 2.32628, 6.36524 ], [ 2.32564, 6.36569 ], [ 2.32447, 6.36551 ], [ 2.32474, 6.36479 ], [ 2.32402, 6.3647 ], [ 2.32311, 6.36542 ], [ 2.32311, 6.36677 ], [ 2.32257, 6.36732 ], [ 2.32465, 6.36705 ], [ 2.32519, 6.36786 ], [ 2.32564, 6.36786 ], [ 2.32546, 6.3675 ] ] ], [ [ [ 2.31804, 6.37437 ], [ 2.3175, 6.37256 ], [ 2.31777, 6.37066 ], [ 2.3175, 6.37048 ], [ 2.31696, 6.37102 ], [ 2.31614, 6.37038 ], [ 2.31551, 6.37056 ], [ 2.31551, 6.37011 ], [ 2.3147, 6.3702 ], [ 2.31406, 6.3693 ], [ 2.31434, 6.36848 ], [ 2.3147, 6.36857 ], [ 2.31452, 6.36794 ], [ 2.31542, 6.36776 ], [ 2.31524, 6.36903 ], [ 2.31578, 6.36912 ], [ 2.31587, 6.36966 ], [ 2.31696, 6.36993 ], [ 2.31705, 6.36939 ], [ 2.31642, 6.36903 ], [ 2.31633, 6.36848 ], [ 2.31696, 6.3683 ], [ 2.31705, 6.36776 ], [ 2.31777, 6.36794 ], [ 2.31805, 6.36749 ], [ 2.31868, 6.36776 ], [ 2.31832, 6.36632 ], [ 2.31741, 6.36659 ], [ 2.31687, 6.36613 ], [ 2.31651, 6.36649 ], [ 2.31642, 6.36613 ], [ 2.3157, 6.36622 ], [ 2.31606, 6.36523 ], [ 2.31561, 6.36459 ], [ 2.31552, 6.36342 ], [ 2.31597, 6.36351 ], [ 2.31597, 6.36315 ], [ 2.31561, 6.36306 ], [ 2.3157, 6.36206 ], [ 2.31534, 6.36197 ], [ 2.31525, 6.36097 ], [ 2.31543, 6.36034 ], [ 2.31652, 6.36007 ], [ 2.31607, 6.35989 ], [ 2.31607, 6.35953 ], [ 2.31453, 6.3598 ], [ 2.31462, 6.35953 ], [ 2.31426, 6.35943 ], [ 2.31489, 6.36152 ], [ 2.31435, 6.36179 ], [ 2.31371, 6.36152 ], [ 2.31353, 6.36097 ], [ 2.31272, 6.36097 ], [ 2.312, 6.36142 ], [ 2.31245, 6.36188 ], [ 2.31308, 6.36151 ], [ 2.31281, 6.36224 ], [ 2.31389, 6.36206 ], [ 2.31344, 6.36278 ], [ 2.3138, 6.36305 ], [ 2.31362, 6.36369 ], [ 2.31326, 6.36341 ], [ 2.31335, 6.36278 ], [ 2.31272, 6.36278 ], [ 2.31254, 6.36242 ], [ 2.31181, 6.3635 ], [ 2.31172, 6.36323 ], [ 2.31127, 6.36341 ], [ 2.31181, 6.36414 ], [ 2.31253, 6.36396 ], [ 2.31281, 6.36459 ], [ 2.31208, 6.36468 ], [ 2.31154, 6.3654 ], [ 2.31271, 6.36531 ], [ 2.31289, 6.36586 ], [ 2.31208, 6.36604 ], [ 2.31217, 6.36567 ], [ 2.31181, 6.36567 ], [ 2.31036, 6.36603 ], [ 2.31036, 6.36631 ], [ 2.31172, 6.36631 ], [ 2.31226, 6.36676 ], [ 2.31181, 6.36794 ], [ 2.31126, 6.36803 ], [ 2.31172, 6.3683 ], [ 2.31153, 6.36893 ], [ 2.31379, 6.36957 ], [ 2.31406, 6.3712 ], [ 2.31316, 6.3711 ], [ 2.31316, 6.3702 ], [ 2.31171, 6.37065 ], [ 2.31207, 6.36975 ], [ 2.31144, 6.36947 ], [ 2.31144, 6.36893 ], [ 2.31099, 6.36893 ], [ 2.31072, 6.36821 ], [ 2.309, 6.36685 ], [ 2.30864, 6.36712 ], [ 2.30747, 6.36594 ], [ 2.30665, 6.36576 ], [ 2.30738, 6.36684 ], [ 2.30819, 6.3673 ], [ 2.30828, 6.36784 ], [ 2.30882, 6.36784 ], [ 2.309, 6.36838 ], [ 2.30873, 6.36884 ], [ 2.30873, 6.36829 ], [ 2.30774, 6.36739 ], [ 2.30765, 6.36838 ], [ 2.30828, 6.36811 ], [ 2.30801, 6.36884 ], [ 2.30737, 6.36911 ], [ 2.30683, 6.36856 ], [ 2.30656, 6.36901 ], [ 2.30593, 6.3691 ], [ 2.30629, 6.36947 ], [ 2.30593, 6.36983 ], [ 2.30638, 6.37001 ], [ 2.30647, 6.37119 ], [ 2.30719, 6.3711 ], [ 2.30719, 6.37137 ], [ 2.30592, 6.37191 ], [ 2.30655, 6.37263 ], [ 2.30674, 6.37236 ], [ 2.30782, 6.37254 ], [ 2.30846, 6.37137 ], [ 2.30782, 6.37046 ], [ 2.30764, 6.37092 ], [ 2.30728, 6.37082 ], [ 2.3071, 6.37019 ], [ 2.30837, 6.36992 ], [ 2.30864, 6.37056 ], [ 2.30927, 6.37038 ], [ 2.30972, 6.372 ], [ 2.31017, 6.37191 ], [ 2.31017, 6.37119 ], [ 2.31099, 6.37137 ], [ 2.31126, 6.37201 ], [ 2.31099, 6.37264 ], [ 2.3118, 6.37246 ], [ 2.31135, 6.37192 ], [ 2.31153, 6.37137 ], [ 2.31307, 6.37264 ], [ 2.31361, 6.37165 ], [ 2.3137, 6.37201 ], [ 2.31442, 6.37192 ], [ 2.3156, 6.37102 ], [ 2.3156, 6.37183 ], [ 2.3165, 6.37228 ], [ 2.31632, 6.37256 ], [ 2.31677, 6.37292 ], [ 2.31695, 6.37391 ], [ 2.31804, 6.37437 ] ] ], [ [ [ 2.30565, 6.37055 ], [ 2.30584, 6.36883 ], [ 2.30557, 6.36838 ], [ 2.30502, 6.36865 ], [ 2.30557, 6.36793 ], [ 2.30484, 6.36784 ], [ 2.30494, 6.36675 ], [ 2.30439, 6.3672 ], [ 2.30376, 6.36702 ], [ 2.3043, 6.36765 ], [ 2.3043, 6.36856 ], [ 2.30403, 6.36874 ], [ 2.30421, 6.36793 ], [ 2.30331, 6.36765 ], [ 2.30285, 6.36829 ], [ 2.30231, 6.3681 ], [ 2.30195, 6.36847 ], [ 2.30177, 6.36792 ], [ 2.30132, 6.36783 ], [ 2.30186, 6.36702 ], [ 2.30159, 6.36666 ], [ 2.30078, 6.36674 ], [ 2.30041, 6.36729 ], [ 2.30014, 6.36629 ], [ 2.30069, 6.36548 ], [ 2.29978, 6.36512 ], [ 2.29951, 6.36457 ], [ 2.29906, 6.36466 ], [ 2.29933, 6.36638 ], [ 2.29852, 6.36638 ], [ 2.29842, 6.36629 ], [ 2.29861, 6.3662 ], [ 2.29852, 6.36593 ], [ 2.29788, 6.36647 ], [ 2.29752, 6.36774 ], [ 2.29824, 6.36747 ], [ 2.2986, 6.36855 ], [ 2.29905, 6.36837 ], [ 2.29914, 6.36891 ], [ 2.30014, 6.36892 ], [ 2.30068, 6.36855 ], [ 2.30068, 6.36964 ], [ 2.3014, 6.37045 ], [ 2.30167, 6.37046 ], [ 2.30168, 6.36964 ], [ 2.30204, 6.36955 ], [ 2.30159, 6.36901 ], [ 2.30204, 6.36883 ], [ 2.30195, 6.36856 ], [ 2.30231, 6.36856 ], [ 2.30213, 6.36964 ], [ 2.30249, 6.37009 ], [ 2.30339, 6.37001 ], [ 2.30367, 6.3691 ], [ 2.30412, 6.36955 ], [ 2.30385, 6.36992 ], [ 2.30511, 6.37028 ], [ 2.30511, 6.37082 ], [ 2.30565, 6.37055 ] ] ], [ [ [ 2.32717, 6.37347 ], [ 2.32753, 6.37357 ], [ 2.32808, 6.37293 ], [ 2.32808, 6.37212 ], [ 2.32907, 6.37239 ], [ 2.3288, 6.37094 ], [ 2.32962, 6.37085 ], [ 2.32926, 6.37067 ], [ 2.32953, 6.36986 ], [ 2.3298, 6.37022 ], [ 2.33061, 6.37022 ], [ 2.33043, 6.3695 ], [ 2.33088, 6.36986 ], [ 2.33134, 6.36968 ], [ 2.33125, 6.36869 ], [ 2.3308, 6.36859 ], [ 2.33089, 6.36787 ], [ 2.33143, 6.36787 ], [ 2.33143, 6.36751 ], [ 2.33233, 6.36787 ], [ 2.33215, 6.36733 ], [ 2.33251, 6.36778 ], [ 2.33261, 6.36697 ], [ 2.33279, 6.36724 ], [ 2.33324, 6.36688 ], [ 2.33306, 6.36769 ], [ 2.33251, 6.36805 ], [ 2.33288, 6.36814 ], [ 2.33297, 6.36887 ], [ 2.3336, 6.36851 ], [ 2.33387, 6.36796 ], [ 2.33369, 6.36706 ], [ 2.33469, 6.36697 ], [ 2.33423, 6.36634 ], [ 2.33478, 6.36634 ], [ 2.33487, 6.36616 ], [ 2.33478, 6.36534 ], [ 2.33478, 6.36589 ], [ 2.33451, 6.36588 ], [ 2.3346, 6.36534 ], [ 2.33234, 6.36534 ], [ 2.33188, 6.36597 ], [ 2.33206, 6.36624 ], [ 2.33107, 6.3666 ], [ 2.33125, 6.36697 ], [ 2.33089, 6.3666 ], [ 2.33044, 6.36669 ], [ 2.33089, 6.36733 ], [ 2.33034, 6.36733 ], [ 2.3298, 6.36787 ], [ 2.32962, 6.36886 ], [ 2.32763, 6.36868 ], [ 2.32718, 6.36931 ], [ 2.32645, 6.3685 ], [ 2.32555, 6.36913 ], [ 2.32546, 6.36958 ], [ 2.32645, 6.37058 ], [ 2.326, 6.37067 ], [ 2.32555, 6.37013 ], [ 2.32537, 6.37076 ], [ 2.32528, 6.37049 ], [ 2.32473, 6.37067 ], [ 2.325, 6.37112 ], [ 2.32473, 6.37166 ], [ 2.32536, 6.37221 ], [ 2.32509, 6.37266 ], [ 2.32672, 6.37393 ], [ 2.32717, 6.37347 ] ] ], [ [ [ 2.30465, 6.37326 ], [ 2.3052, 6.37326 ], [ 2.30583, 6.37236 ], [ 2.30547, 6.37209 ], [ 2.30484, 6.37236 ], [ 2.30421, 6.37136 ], [ 2.30312, 6.37163 ], [ 2.30294, 6.37055 ], [ 2.30185, 6.371 ], [ 2.30249, 6.37145 ], [ 2.30212, 6.3719 ], [ 2.30258, 6.37199 ], [ 2.3023, 6.37326 ], [ 2.30276, 6.37254 ], [ 2.3033, 6.37254 ], [ 2.30321, 6.372 ], [ 2.30439, 6.37209 ], [ 2.30438, 6.37254 ], [ 2.30366, 6.37281 ], [ 2.30384, 6.3739 ], [ 2.30465, 6.37326 ] ] ], [ [ [ 2.30737, 6.37435 ], [ 2.30927, 6.37399 ], [ 2.30909, 6.37318 ], [ 2.30854, 6.37345 ], [ 2.3071, 6.37318 ], [ 2.30701, 6.37381 ], [ 2.30737, 6.37435 ] ] ], [ [ [ 2.33395, 6.37493 ], [ 2.33359, 6.37475 ], [ 2.33395, 6.37466 ], [ 2.33404, 6.37366 ], [ 2.33323, 6.37321 ], [ 2.33224, 6.37348 ], [ 2.33233, 6.37402 ], [ 2.33323, 6.37448 ], [ 2.33287, 6.37493 ], [ 2.3335, 6.37493 ], [ 2.33359, 6.37538 ], [ 2.33395, 6.37493 ] ] ], [ [ [ 2.31107, 6.37997 ], [ 2.31315, 6.3797 ], [ 2.31369, 6.37997 ], [ 2.31396, 6.37934 ], [ 2.31432, 6.3797 ], [ 2.3145, 6.37934 ], [ 2.31342, 6.37916 ], [ 2.3136, 6.37861 ], [ 2.31468, 6.37907 ], [ 2.31514, 6.37907 ], [ 2.31514, 6.3788 ], [ 2.31441, 6.37871 ], [ 2.31414, 6.37825 ], [ 2.31414, 6.37852 ], [ 2.31324, 6.37834 ], [ 2.31315, 6.37888 ], [ 2.31279, 6.37888 ], [ 2.31279, 6.37852 ], [ 2.31206, 6.37834 ], [ 2.3117, 6.37762 ], [ 2.31134, 6.37825 ], [ 2.31179, 6.3787 ], [ 2.31116, 6.37906 ], [ 2.31053, 6.3787 ], [ 2.31053, 6.37761 ], [ 2.30989, 6.37807 ], [ 2.30944, 6.37797 ], [ 2.30953, 6.37861 ], [ 2.30872, 6.37815 ], [ 2.30908, 6.37797 ], [ 2.3089, 6.37743 ], [ 2.30863, 6.37806 ], [ 2.3079, 6.37806 ], [ 2.30818, 6.37698 ], [ 2.30673, 6.37761 ], [ 2.307, 6.37815 ], [ 2.30601, 6.37779 ], [ 2.30564, 6.37806 ], [ 2.30555, 6.37887 ], [ 2.30646, 6.3786 ], [ 2.30664, 6.37915 ], [ 2.30691, 6.37915 ], [ 2.30664, 6.37851 ], [ 2.30709, 6.37851 ], [ 2.3079, 6.37924 ], [ 2.30845, 6.37888 ], [ 2.30835, 6.37951 ], [ 2.30962, 6.37933 ], [ 2.30998, 6.37888 ], [ 2.31043, 6.37933 ], [ 2.31007, 6.38006 ], [ 2.31052, 6.3797 ], [ 2.31107, 6.37997 ] ] ], [ [ [ 2.32056, 6.38098 ], [ 2.32083, 6.37926 ], [ 2.31975, 6.37898 ], [ 2.31957, 6.37799 ], [ 2.31839, 6.37735 ], [ 2.31803, 6.37663 ], [ 2.31749, 6.37681 ], [ 2.31731, 6.37654 ], [ 2.31595, 6.37708 ], [ 2.31568, 6.37672 ], [ 2.31478, 6.37662 ], [ 2.31469, 6.37599 ], [ 2.31442, 6.37608 ], [ 2.31424, 6.37671 ], [ 2.31469, 6.37708 ], [ 2.31414, 6.37753 ], [ 2.31469, 6.3778 ], [ 2.3146, 6.37816 ], [ 2.31541, 6.37807 ], [ 2.31559, 6.37862 ], [ 2.3164, 6.37835 ], [ 2.31622, 6.37889 ], [ 2.31677, 6.37898 ], [ 2.31631, 6.37952 ], [ 2.31658, 6.3797 ], [ 2.31568, 6.37979 ], [ 2.31568, 6.38015 ], [ 2.31622, 6.37997 ], [ 2.31749, 6.38043 ], [ 2.31839, 6.37989 ], [ 2.31893, 6.38007 ], [ 2.31948, 6.37953 ], [ 2.32002, 6.37989 ], [ 2.32011, 6.38106 ], [ 2.32056, 6.38098 ] ] ], [ [ [ 2.29913, 6.37995 ], [ 2.29994, 6.37932 ], [ 2.29922, 6.3785 ], [ 2.29877, 6.37905 ], [ 2.29832, 6.37905 ], [ 2.29814, 6.37841 ], [ 2.29759, 6.37868 ], [ 2.29768, 6.37977 ], [ 2.29913, 6.37995 ] ] ], [ [ [ 2.30762, 6.38485 ], [ 2.30762, 6.38412 ], [ 2.30799, 6.38403 ], [ 2.3078, 6.38458 ], [ 2.30844, 6.38458 ], [ 2.30844, 6.38403 ], [ 2.30699, 6.38358 ], [ 2.30663, 6.38295 ], [ 2.30591, 6.38267 ], [ 2.30618, 6.38376 ], [ 2.30582, 6.3843 ], [ 2.30618, 6.38476 ], [ 2.30762, 6.38485 ] ] ], [ [ [ 2.31016, 6.38503 ], [ 2.31151, 6.38494 ], [ 2.31115, 6.3844 ], [ 2.31178, 6.38467 ], [ 2.31169, 6.38386 ], [ 2.30998, 6.38413 ], [ 2.30943, 6.38376 ], [ 2.30907, 6.38422 ], [ 2.30907, 6.38449 ], [ 2.31007, 6.38431 ], [ 2.31016, 6.38503 ] ] ], [ [ [ 2.31431, 6.3863 ], [ 2.31486, 6.38631 ], [ 2.31395, 6.38567 ], [ 2.3145, 6.38404 ], [ 2.3135, 6.38449 ], [ 2.31314, 6.38413 ], [ 2.31278, 6.3844 ], [ 2.31314, 6.38513 ], [ 2.31269, 6.38567 ], [ 2.31323, 6.38576 ], [ 2.31305, 6.38648 ], [ 2.31386, 6.38685 ], [ 2.31431, 6.3863 ] ] ], [ [ [ 2.31992, 6.38658 ], [ 2.32073, 6.38595 ], [ 2.32065, 6.38477 ], [ 2.32019, 6.38496 ], [ 2.32019, 6.38577 ], [ 2.31983, 6.38523 ], [ 2.31929, 6.38595 ], [ 2.31992, 6.38658 ] ] ], [ [ [ 2.3342, 6.39167 ], [ 2.33619, 6.39113 ], [ 2.33601, 6.39049 ], [ 2.33538, 6.3904 ], [ 2.33538, 6.39095 ], [ 2.33502, 6.39095 ], [ 2.33529, 6.3904 ], [ 2.33466, 6.3904 ], [ 2.33466, 6.39085 ], [ 2.33402, 6.39076 ], [ 2.33393, 6.39049 ], [ 2.33448, 6.39013 ], [ 2.33384, 6.39004 ], [ 2.33375, 6.38968 ], [ 2.33429, 6.38959 ], [ 2.33393, 6.38904 ], [ 2.33583, 6.38868 ], [ 2.33547, 6.38923 ], [ 2.33574, 6.38941 ], [ 2.33601, 6.38859 ], [ 2.33674, 6.38796 ], [ 2.33701, 6.3886 ], [ 2.33755, 6.3886 ], [ 2.33764, 6.38805 ], [ 2.33728, 6.38769 ], [ 2.33773, 6.38688 ], [ 2.33755, 6.38615 ], [ 2.33864, 6.38525 ], [ 2.33738, 6.38525 ], [ 2.3371, 6.38489 ], [ 2.3371, 6.38443 ], [ 2.33747, 6.38434 ], [ 2.33729, 6.3838 ], [ 2.33692, 6.38425 ], [ 2.33656, 6.38416 ], [ 2.33629, 6.38489 ], [ 2.33566, 6.38488 ], [ 2.33548, 6.38434 ], [ 2.33475, 6.38389 ], [ 2.33412, 6.38443 ], [ 2.33439, 6.3838 ], [ 2.33394, 6.38362 ], [ 2.33322, 6.38407 ], [ 2.33331, 6.38352 ], [ 2.33367, 6.38343 ], [ 2.33349, 6.38271 ], [ 2.33258, 6.38334 ], [ 2.33322, 6.38244 ], [ 2.33241, 6.38244 ], [ 2.33195, 6.38307 ], [ 2.33096, 6.38325 ], [ 2.33132, 6.38361 ], [ 2.33105, 6.38406 ], [ 2.33123, 6.38506 ], [ 2.33095, 6.38506 ], [ 2.33122, 6.38624 ], [ 2.33213, 6.38642 ], [ 2.33213, 6.38669 ], [ 2.33358, 6.38642 ], [ 2.33394, 6.38678 ], [ 2.33493, 6.38678 ], [ 2.33565, 6.38742 ], [ 2.3352, 6.38742 ], [ 2.33511, 6.38796 ], [ 2.33394, 6.3876 ], [ 2.33384, 6.38886 ], [ 2.33348, 6.38886 ], [ 2.33384, 6.38941 ], [ 2.33339, 6.38977 ], [ 2.3333, 6.39049 ], [ 2.33249, 6.39049 ], [ 2.33203, 6.38995 ], [ 2.33167, 6.39013 ], [ 2.33176, 6.39085 ], [ 2.3323, 6.39049 ], [ 2.3342, 6.39167 ] ] ], [ [ [ 2.3135, 6.38847 ], [ 2.31413, 6.38748 ], [ 2.31386, 6.38703 ], [ 2.31214, 6.38721 ], [ 2.31241, 6.38757 ], [ 2.31205, 6.38802 ], [ 2.31286, 6.38802 ], [ 2.31286, 6.38856 ], [ 2.3135, 6.38847 ] ] ], [ [ [ 2.30997, 6.38928 ], [ 2.31078, 6.38874 ], [ 2.30925, 6.3882 ], [ 2.30798, 6.38838 ], [ 2.30807, 6.38883 ], [ 2.30915, 6.38937 ], [ 2.30979, 6.38901 ], [ 2.30943, 6.38965 ], [ 2.30988, 6.38974 ], [ 2.30997, 6.38928 ] ] ], [ [ [ 2.31512, 6.39219 ], [ 2.3153, 6.39083 ], [ 2.31603, 6.39065 ], [ 2.31494, 6.3902 ], [ 2.31494, 6.39074 ], [ 2.31386, 6.3911 ], [ 2.31395, 6.39056 ], [ 2.31367, 6.39056 ], [ 2.3134, 6.39092 ], [ 2.31349, 6.39146 ], [ 2.31422, 6.39155 ], [ 2.31485, 6.39219 ], [ 2.31512, 6.39219 ] ] ], [ [ [ 2.30933, 6.39263 ], [ 2.31078, 6.39227 ], [ 2.31051, 6.39191 ], [ 2.31078, 6.39155 ], [ 2.31132, 6.39164 ], [ 2.31159, 6.39091 ], [ 2.31087, 6.39146 ], [ 2.31033, 6.39109 ], [ 2.31015, 6.39191 ], [ 2.3096, 6.39209 ], [ 2.30915, 6.39154 ], [ 2.30816, 6.39127 ], [ 2.3087, 6.39064 ], [ 2.30861, 6.38983 ], [ 2.30825, 6.38982 ], [ 2.3078, 6.39037 ], [ 2.30816, 6.39055 ], [ 2.30789, 6.392 ], [ 2.30743, 6.39236 ], [ 2.30933, 6.39263 ] ] ], [ [ [ 2.30327, 6.39226 ], [ 2.30291, 6.39208 ], [ 2.30318, 6.39154 ], [ 2.30382, 6.39172 ], [ 2.30373, 6.39136 ], [ 2.30427, 6.39145 ], [ 2.30517, 6.39082 ], [ 2.30318, 6.39072 ], [ 2.30346, 6.39118 ], [ 2.30282, 6.39154 ], [ 2.30273, 6.39208 ], [ 2.3021, 6.39208 ], [ 2.30156, 6.39054 ], [ 2.30074, 6.39036 ], [ 2.30147, 6.39162 ], [ 2.30092, 6.39126 ], [ 2.30047, 6.39135 ], [ 2.30083, 6.39135 ], [ 2.30155, 6.39244 ], [ 2.30273, 6.39235 ], [ 2.30282, 6.39298 ], [ 2.30318, 6.39317 ], [ 2.30327, 6.39226 ] ] ], [ [ [ 2.31937, 6.39373 ], [ 2.32091, 6.39328 ], [ 2.321, 6.39283 ], [ 2.32163, 6.39319 ], [ 2.32235, 6.3931 ], [ 2.32226, 6.39256 ], [ 2.32136, 6.39219 ], [ 2.32181, 6.39201 ], [ 2.32217, 6.39229 ], [ 2.32245, 6.39174 ], [ 2.32308, 6.39156 ], [ 2.32299, 6.39111 ], [ 2.32172, 6.39102 ], [ 2.32136, 6.39147 ], [ 2.32154, 6.39183 ], [ 2.32082, 6.39192 ], [ 2.32064, 6.39237 ], [ 2.32027, 6.39228 ], [ 2.32037, 6.39147 ], [ 2.31991, 6.39183 ], [ 2.31946, 6.39165 ], [ 2.31991, 6.39084 ], [ 2.31955, 6.39093 ], [ 2.31847, 6.39273 ], [ 2.31937, 6.39373 ] ] ], [ [ [ 2.32407, 6.39464 ], [ 2.32497, 6.39392 ], [ 2.32588, 6.39419 ], [ 2.32615, 6.39374 ], [ 2.32715, 6.39374 ], [ 2.32687, 6.39365 ], [ 2.32678, 6.39265 ], [ 2.32597, 6.39184 ], [ 2.32615, 6.3913 ], [ 2.32507, 6.39202 ], [ 2.32434, 6.39193 ], [ 2.32452, 6.39247 ], [ 2.32407, 6.39292 ], [ 2.32389, 6.39428 ], [ 2.32407, 6.39464 ] ] ], [ [ [ 2.33456, 6.39366 ], [ 2.33565, 6.39375 ], [ 2.3361, 6.39339 ], [ 2.33538, 6.39257 ], [ 2.33456, 6.39248 ], [ 2.33429, 6.39284 ], [ 2.33456, 6.3933 ], [ 2.33429, 6.39366 ], [ 2.33348, 6.39348 ], [ 2.33338, 6.3942 ], [ 2.33411, 6.3942 ], [ 2.33456, 6.39366 ] ] ], [ [ [ 2.3058, 6.39624 ], [ 2.30508, 6.39552 ], [ 2.3039, 6.39579 ], [ 2.30426, 6.39688 ], [ 2.30571, 6.39688 ], [ 2.3058, 6.39624 ] ] ], [ [ [ 2.32732, 6.39736 ], [ 2.3275, 6.39627 ], [ 2.32868, 6.396 ], [ 2.32741, 6.39582 ], [ 2.32714, 6.39537 ], [ 2.32606, 6.396 ], [ 2.3266, 6.39609 ], [ 2.3266, 6.39645 ], [ 2.32578, 6.39672 ], [ 2.3266, 6.39736 ], [ 2.32732, 6.39736 ] ] ], [ [ [ 2.32868, 6.39863 ], [ 2.32913, 6.39881 ], [ 2.32985, 6.39845 ], [ 2.32804, 6.39845 ], [ 2.32741, 6.3979 ], [ 2.32642, 6.39835 ], [ 2.32551, 6.3979 ], [ 2.32587, 6.39889 ], [ 2.32605, 6.39862 ], [ 2.32687, 6.39881 ], [ 2.32696, 6.39844 ], [ 2.3275, 6.39863 ], [ 2.3275, 6.39899 ], [ 2.32868, 6.39863 ] ] ], [ [ [ 2.33419, 6.39999 ], [ 2.33609, 6.39954 ], [ 2.33654, 6.39999 ], [ 2.33709, 6.39936 ], [ 2.33718, 6.4 ], [ 2.33736, 6.39972 ], [ 2.33799, 6.4 ], [ 2.33727, 6.39891 ], [ 2.33627, 6.39909 ], [ 2.33654, 6.39918 ], [ 2.33636, 6.39954 ], [ 2.33555, 6.39873 ], [ 2.3351, 6.39882 ], [ 2.33555, 6.39927 ], [ 2.33401, 6.39909 ], [ 2.33419, 6.39999 ] ] ], [ [ [ 2.31573, 6.40675 ], [ 2.31637, 6.40675 ], [ 2.31655, 6.4063 ], [ 2.31619, 6.40603 ], [ 2.31682, 6.40594 ], [ 2.31682, 6.40558 ], [ 2.31474, 6.40612 ], [ 2.31438, 6.40521 ], [ 2.31465, 6.40521 ], [ 2.31456, 6.40467 ], [ 2.31528, 6.4044 ], [ 2.31574, 6.40458 ], [ 2.31565, 6.40512 ], [ 2.31628, 6.40467 ], [ 2.31574, 6.40449 ], [ 2.31574, 6.40313 ], [ 2.31655, 6.40286 ], [ 2.31655, 6.40241 ], [ 2.31556, 6.40241 ], [ 2.31393, 6.40141 ], [ 2.31357, 6.4015 ], [ 2.31339, 6.40214 ], [ 2.31185, 6.40159 ], [ 2.31294, 6.40241 ], [ 2.31294, 6.40286 ], [ 2.31248, 6.40286 ], [ 2.31221, 6.40331 ], [ 2.31275, 6.40349 ], [ 2.31257, 6.40412 ], [ 2.3132, 6.40449 ], [ 2.3132, 6.40521 ], [ 2.31375, 6.40548 ], [ 2.31365, 6.40603 ], [ 2.31402, 6.40603 ], [ 2.31429, 6.40657 ], [ 2.31483, 6.40657 ], [ 2.31501, 6.40766 ], [ 2.31555, 6.40766 ], [ 2.31573, 6.40675 ] ] ], [ [ [ 2.30443, 6.4061 ], [ 2.30542, 6.40629 ], [ 2.30542, 6.40583 ], [ 2.30597, 6.40592 ], [ 2.30742, 6.40502 ], [ 2.30552, 6.40466 ], [ 2.3057, 6.40402 ], [ 2.30507, 6.40402 ], [ 2.30507, 6.4043 ], [ 2.30443, 6.40402 ], [ 2.30434, 6.40348 ], [ 2.30326, 6.40321 ], [ 2.30308, 6.40248 ], [ 2.30299, 6.40275 ], [ 2.30281, 6.40248 ], [ 2.30244, 6.40348 ], [ 2.30344, 6.40447 ], [ 2.30298, 6.40529 ], [ 2.30371, 6.40547 ], [ 2.30398, 6.4071 ], [ 2.30443, 6.4061 ] ] ], [ [ [ 2.31049, 6.47152 ], [ 2.31158, 6.47125 ], [ 2.31167, 6.47017 ], [ 2.31122, 6.46998 ], [ 2.31076, 6.47035 ], [ 2.31004, 6.4698 ], [ 2.30995, 6.46908 ], [ 2.30923, 6.46908 ], [ 2.3095, 6.47043 ], [ 2.3104, 6.47098 ], [ 2.31049, 6.47152 ] ] ], [ [ [ 2.31137, 6.48754 ], [ 2.3121, 6.48645 ], [ 2.31246, 6.48717 ], [ 2.31291, 6.4869 ], [ 2.31246, 6.48564 ], [ 2.31183, 6.48564 ], [ 2.31101, 6.48654 ], [ 2.3111, 6.48744 ], [ 2.31137, 6.48754 ] ] ], [ [ [ 2.31146, 6.49134 ], [ 2.31209, 6.49125 ], [ 2.31236, 6.49079 ], [ 2.31237, 6.48953 ], [ 2.31191, 6.49007 ], [ 2.31191, 6.49106 ], [ 2.31128, 6.4907 ], [ 2.31155, 6.48971 ], [ 2.31092, 6.4898 ], [ 2.31092, 6.49097 ], [ 2.31037, 6.49142 ], [ 2.31128, 6.4917 ], [ 2.31146, 6.49134 ] ] ], [ [ [ 2.31145, 6.50011 ], [ 2.31208, 6.49939 ], [ 2.31163, 6.49857 ], [ 2.31208, 6.49713 ], [ 2.31064, 6.49577 ], [ 2.31019, 6.49676 ], [ 2.30937, 6.49676 ], [ 2.30937, 6.49694 ], [ 2.31109, 6.49703 ], [ 2.31136, 6.49893 ], [ 2.311, 6.49948 ], [ 2.31145, 6.50011 ] ] ], [ [ [ 2.3374, 6.3677 ], [ 2.33821, 6.36643 ], [ 2.33867, 6.36634 ], [ 2.33839, 6.36589 ], [ 2.33903, 6.36517 ], [ 2.33912, 6.36607 ], [ 2.33876, 6.36661 ], [ 2.33921, 6.36725 ], [ 2.34065, 6.36698 ], [ 2.34066, 6.36589 ], [ 2.34129, 6.3658 ], [ 2.3412, 6.36508 ], [ 2.33776, 6.36471 ], [ 2.33794, 6.36535 ], [ 2.33695, 6.36571 ], [ 2.33695, 6.36607 ], [ 2.3374, 6.36625 ], [ 2.33704, 6.36688 ], [ 2.33758, 6.36716 ], [ 2.33695, 6.36715 ], [ 2.33713, 6.36743 ], [ 2.33658, 6.36761 ], [ 2.3374, 6.3677 ] ] ], [ [ [ 2.34092, 6.37349 ], [ 2.34065, 6.37241 ], [ 2.3411, 6.37205 ], [ 2.34056, 6.37177 ], [ 2.34074, 6.37105 ], [ 2.34011, 6.37078 ], [ 2.33866, 6.37096 ], [ 2.33929, 6.37041 ], [ 2.33911, 6.36987 ], [ 2.33884, 6.37023 ], [ 2.33839, 6.36996 ], [ 2.33785, 6.37023 ], [ 2.33766, 6.37123 ], [ 2.33721, 6.37123 ], [ 2.3373, 6.37186 ], [ 2.33685, 6.37213 ], [ 2.33821, 6.37213 ], [ 2.33848, 6.37268 ], [ 2.33911, 6.37259 ], [ 2.34056, 6.37358 ], [ 2.34092, 6.37349 ] ] ], [ [ [ 2.33513, 6.37529 ], [ 2.33739, 6.37494 ], [ 2.33667, 6.37403 ], [ 2.33703, 6.37376 ], [ 2.33685, 6.37322 ], [ 2.33631, 6.37331 ], [ 2.33658, 6.3743 ], [ 2.3363, 6.37403 ], [ 2.33594, 6.37466 ], [ 2.3354, 6.37394 ], [ 2.33549, 6.37466 ], [ 2.33522, 6.37475 ], [ 2.33549, 6.37484 ], [ 2.33495, 6.37493 ], [ 2.33513, 6.37529 ] ] ], [ [ [ 2.34036, 6.38399 ], [ 2.34099, 6.38335 ], [ 2.34018, 6.38281 ], [ 2.34018, 6.38172 ], [ 2.34127, 6.38218 ], [ 2.34208, 6.38127 ], [ 2.34109, 6.38091 ], [ 2.34127, 6.38028 ], [ 2.34091, 6.38001 ], [ 2.34, 6.38064 ], [ 2.33973, 6.38028 ], [ 2.34001, 6.37928 ], [ 2.33937, 6.37928 ], [ 2.33964, 6.38019 ], [ 2.33865, 6.38046 ], [ 2.33946, 6.38118 ], [ 2.33846, 6.38245 ], [ 2.33864, 6.38272 ], [ 2.33946, 6.38254 ], [ 2.33964, 6.38344 ], [ 2.34036, 6.38399 ] ] ], [ [ [ 2.34922, 6.3868 ], [ 2.35302, 6.3869 ], [ 2.35284, 6.38409 ], [ 2.35257, 6.384 ], [ 2.35257, 6.3831 ], [ 2.35221, 6.38301 ], [ 2.35203, 6.38065 ], [ 2.35176, 6.37948 ], [ 2.3514, 6.3793 ], [ 2.35113, 6.37721 ], [ 2.3505, 6.37712 ], [ 2.35041, 6.37676 ], [ 2.34996, 6.37721 ], [ 2.34932, 6.37685 ], [ 2.34932, 6.37739 ], [ 2.34995, 6.37803 ], [ 2.34941, 6.37812 ], [ 2.34986, 6.37957 ], [ 2.34923, 6.37993 ], [ 2.35004, 6.38029 ], [ 2.35004, 6.38101 ], [ 2.34968, 6.38119 ], [ 2.34932, 6.38056 ], [ 2.34878, 6.38092 ], [ 2.34796, 6.38083 ], [ 2.34787, 6.38137 ], [ 2.34751, 6.38146 ], [ 2.34787, 6.38246 ], [ 2.34715, 6.38264 ], [ 2.34669, 6.38381 ], [ 2.34796, 6.38409 ], [ 2.34995, 6.38364 ], [ 2.35058, 6.38391 ], [ 2.34986, 6.38463 ], [ 2.3513, 6.385 ], [ 2.34949, 6.38463 ], [ 2.3494, 6.38508 ], [ 2.35058, 6.38563 ], [ 2.35094, 6.38653 ], [ 2.35067, 6.38671 ], [ 2.35022, 6.38599 ], [ 2.34985, 6.38599 ], [ 2.34994, 6.38635 ], [ 2.34922, 6.38653 ], [ 2.34922, 6.3868 ] ], [ [ 2.35076, 6.38364 ], [ 2.3495, 6.38291 ], [ 2.34923, 6.38237 ], [ 2.35013, 6.38246 ], [ 2.35022, 6.38192 ], [ 2.34868, 6.38246 ], [ 2.34805, 6.38173 ], [ 2.34859, 6.38173 ], [ 2.34877, 6.38119 ], [ 2.34914, 6.38201 ], [ 2.3495, 6.38201 ], [ 2.34932, 6.38183 ], [ 2.35013, 6.38174 ], [ 2.35004, 6.38119 ], [ 2.35067, 6.38129 ], [ 2.35076, 6.38092 ], [ 2.35113, 6.38147 ], [ 2.35094, 6.38237 ], [ 2.35212, 6.38246 ], [ 2.35212, 6.38292 ], [ 2.35158, 6.38319 ], [ 2.35121, 6.38273 ], [ 2.35067, 6.38273 ], [ 2.35058, 6.38318 ], [ 2.35139, 6.38319 ], [ 2.35076, 6.38364 ] ] ], [ [ [ 2.34163, 6.38317 ], [ 2.34335, 6.38254 ], [ 2.34335, 6.38227 ], [ 2.3438, 6.38236 ], [ 2.34389, 6.38164 ], [ 2.3447, 6.38191 ], [ 2.34507, 6.38245 ], [ 2.34561, 6.38236 ], [ 2.34561, 6.38182 ], [ 2.34489, 6.38119 ], [ 2.34398, 6.38119 ], [ 2.34398, 6.38091 ], [ 2.34344, 6.38155 ], [ 2.34244, 6.38127 ], [ 2.34244, 6.38209 ], [ 2.34118, 6.38344 ], [ 2.34154, 6.38354 ], [ 2.34163, 6.38317 ] ] ], [ [ [ 2.34352, 6.38679 ], [ 2.34398, 6.38616 ], [ 2.34389, 6.38571 ], [ 2.34452, 6.3858 ], [ 2.34488, 6.38535 ], [ 2.34443, 6.38544 ], [ 2.34425, 6.38499 ], [ 2.34352, 6.38508 ], [ 2.34316, 6.38444 ], [ 2.34262, 6.38435 ], [ 2.34298, 6.38417 ], [ 2.34253, 6.38381 ], [ 2.34217, 6.38426 ], [ 2.34235, 6.38471 ], [ 2.34334, 6.38526 ], [ 2.34307, 6.38688 ], [ 2.34352, 6.38679 ] ] ], [ [ [ 2.34614, 6.38879 ], [ 2.34859, 6.38825 ], [ 2.34895, 6.38789 ], [ 2.34813, 6.38789 ], [ 2.34741, 6.38716 ], [ 2.34678, 6.3877 ], [ 2.3456, 6.38752 ], [ 2.34587, 6.38779 ], [ 2.3456, 6.38834 ], [ 2.34587, 6.38825 ], [ 2.34614, 6.38879 ] ] ], [ [ [ 2.35209, 6.40282 ], [ 2.35363, 6.40219 ], [ 2.35345, 6.40056 ], [ 2.353, 6.40074 ], [ 2.35237, 6.40029 ], [ 2.35282, 6.39947 ], [ 2.3521, 6.39992 ], [ 2.35101, 6.39965 ], [ 2.35228, 6.39947 ], [ 2.35201, 6.39848 ], [ 2.35138, 6.39811 ], [ 2.35011, 6.39811 ], [ 2.35074, 6.39902 ], [ 2.35065, 6.39965 ], [ 2.35011, 6.39974 ], [ 2.35029, 6.39929 ], [ 2.34975, 6.39911 ], [ 2.34993, 6.39847 ], [ 2.34948, 6.3982 ], [ 2.34902, 6.39856 ], [ 2.34866, 6.39838 ], [ 2.34857, 6.40037 ], [ 2.34821, 6.40055 ], [ 2.34938, 6.4011 ], [ 2.34984, 6.40083 ], [ 2.34993, 6.40019 ], [ 2.35065, 6.40019 ], [ 2.35065, 6.40083 ], [ 2.35201, 6.40038 ], [ 2.35264, 6.40173 ], [ 2.35191, 6.40246 ], [ 2.35209, 6.40282 ] ] ], [ [ [ 2.34332, 6.40217 ], [ 2.34323, 6.40073 ], [ 2.3436, 6.40027 ], [ 2.34296, 6.39982 ], [ 2.34287, 6.40073 ], [ 2.34242, 6.40082 ], [ 2.34269, 6.40055 ], [ 2.34233, 6.39973 ], [ 2.34278, 6.39928 ], [ 2.34369, 6.39964 ], [ 2.34423, 6.3991 ], [ 2.34324, 6.39928 ], [ 2.34306, 6.39883 ], [ 2.34188, 6.39964 ], [ 2.34161, 6.40054 ], [ 2.34287, 6.40136 ], [ 2.34287, 6.40208 ], [ 2.34332, 6.40217 ] ] ], [ [ [ 2.3511, 6.4049 ], [ 2.35182, 6.40499 ], [ 2.35155, 6.40436 ], [ 2.352, 6.40436 ], [ 2.352, 6.40409 ], [ 2.35227, 6.40436 ], [ 2.35291, 6.40336 ], [ 2.35255, 6.40309 ], [ 2.352, 6.40363 ], [ 2.35047, 6.40327 ], [ 2.3501, 6.4039 ], [ 2.34956, 6.4039 ], [ 2.34875, 6.403 ], [ 2.34911, 6.40272 ], [ 2.34821, 6.40245 ], [ 2.34821, 6.40209 ], [ 2.34875, 6.402 ], [ 2.34857, 6.40137 ], [ 2.34785, 6.40109 ], [ 2.34821, 6.40182 ], [ 2.34766, 6.40182 ], [ 2.34811, 6.40263 ], [ 2.34793, 6.4029 ], [ 2.34866, 6.40363 ], [ 2.34911, 6.40363 ], [ 2.34875, 6.4039 ], [ 2.34884, 6.40444 ], [ 2.35037, 6.40481 ], [ 2.35046, 6.40553 ], [ 2.35101, 6.40535 ], [ 2.3511, 6.4049 ] ] ], [ [ [ 2.35099, 6.41449 ], [ 2.35199, 6.41277 ], [ 2.35163, 6.41259 ], [ 2.35145, 6.4115 ], [ 2.35055, 6.41114 ], [ 2.35046, 6.41033 ], [ 2.35082, 6.41033 ], [ 2.35082, 6.40969 ], [ 2.35046, 6.40996 ], [ 2.34983, 6.40888 ], [ 2.34992, 6.40743 ], [ 2.35064, 6.40734 ], [ 2.35064, 6.40671 ], [ 2.35001, 6.40716 ], [ 2.34947, 6.40707 ], [ 2.3491, 6.4077 ], [ 2.34802, 6.40761 ], [ 2.34793, 6.40788 ], [ 2.34766, 6.40797 ], [ 2.34802, 6.40652 ], [ 2.34847, 6.40625 ], [ 2.34838, 6.4058 ], [ 2.34793, 6.40607 ], [ 2.34847, 6.40499 ], [ 2.34712, 6.40498 ], [ 2.34694, 6.40535 ], [ 2.34685, 6.40498 ], [ 2.34657, 6.40525 ], [ 2.3463, 6.40435 ], [ 2.34585, 6.40444 ], [ 2.34585, 6.40408 ], [ 2.34639, 6.4039 ], [ 2.34748, 6.40426 ], [ 2.34766, 6.40354 ], [ 2.3473, 6.40317 ], [ 2.34603, 6.40308 ], [ 2.34459, 6.40362 ], [ 2.3454, 6.40272 ], [ 2.3454, 6.40209 ], [ 2.34576, 6.40245 ], [ 2.34549, 6.40263 ], [ 2.34631, 6.40263 ], [ 2.34604, 6.40209 ], [ 2.34676, 6.40245 ], [ 2.34658, 6.40155 ], [ 2.34712, 6.40055 ], [ 2.34676, 6.40019 ], [ 2.34604, 6.40073 ], [ 2.34423, 6.40028 ], [ 2.34396, 6.40073 ], [ 2.34477, 6.40055 ], [ 2.34504, 6.401 ], [ 2.34405, 6.40145 ], [ 2.34414, 6.40245 ], [ 2.34341, 6.40326 ], [ 2.3435, 6.40407 ], [ 2.34558, 6.40435 ], [ 2.34549, 6.40353 ], [ 2.34585, 6.40335 ], [ 2.34603, 6.40381 ], [ 2.34585, 6.40381 ], [ 2.34531, 6.40489 ], [ 2.34522, 6.40571 ], [ 2.34458, 6.40543 ], [ 2.34459, 6.40453 ], [ 2.34368, 6.40453 ], [ 2.34449, 6.40534 ], [ 2.34359, 6.40606 ], [ 2.34404, 6.40643 ], [ 2.34404, 6.40706 ], [ 2.34458, 6.40715 ], [ 2.34503, 6.4067 ], [ 2.34594, 6.40715 ], [ 2.34603, 6.40661 ], [ 2.34675, 6.40652 ], [ 2.34675, 6.40697 ], [ 2.34639, 6.40706 ], [ 2.34675, 6.40788 ], [ 2.34648, 6.40815 ], [ 2.34666, 6.40887 ], [ 2.34575, 6.41005 ], [ 2.34621, 6.41059 ], [ 2.34684, 6.41014 ], [ 2.34693, 6.41077 ], [ 2.3463, 6.41068 ], [ 2.34629, 6.41132 ], [ 2.34657, 6.41159 ], [ 2.34693, 6.41123 ], [ 2.34747, 6.41132 ], [ 2.34765, 6.41041 ], [ 2.34801, 6.41032 ], [ 2.34819, 6.41096 ], [ 2.34883, 6.41096 ], [ 2.34874, 6.41213 ], [ 2.34928, 6.41114 ], [ 2.35027, 6.41186 ], [ 2.34982, 6.41277 ], [ 2.35045, 6.41367 ], [ 2.35018, 6.41403 ], [ 2.34964, 6.41358 ], [ 2.34891, 6.41367 ], [ 2.35099, 6.41449 ] ] ], [ [ [ 2.34737, 6.41566 ], [ 2.34909, 6.41566 ], [ 2.349, 6.41494 ], [ 2.34946, 6.41467 ], [ 2.34928, 6.41394 ], [ 2.34873, 6.41376 ], [ 2.34828, 6.41458 ], [ 2.34738, 6.41457 ], [ 2.3472, 6.41358 ], [ 2.34638, 6.41322 ], [ 2.34656, 6.41439 ], [ 2.34629, 6.41502 ], [ 2.34674, 6.41521 ], [ 2.34692, 6.41602 ], [ 2.34575, 6.41611 ], [ 2.34674, 6.41629 ], [ 2.34737, 6.41566 ] ] ], [ [ [ 2.35144, 6.41965 ], [ 2.35216, 6.41983 ], [ 2.35234, 6.41901 ], [ 2.35271, 6.41901 ], [ 2.35271, 6.41938 ], [ 2.35334, 6.41892 ], [ 2.3537, 6.41938 ], [ 2.35442, 6.41938 ], [ 2.35433, 6.41847 ], [ 2.35352, 6.41838 ], [ 2.35325, 6.41766 ], [ 2.35289, 6.41793 ], [ 2.35289, 6.41711 ], [ 2.35325, 6.41693 ], [ 2.35253, 6.41684 ], [ 2.35208, 6.41729 ], [ 2.35226, 6.41748 ], [ 2.35126, 6.41802 ], [ 2.35144, 6.41756 ], [ 2.3518, 6.41757 ], [ 2.35162, 6.41711 ], [ 2.35135, 6.41765 ], [ 2.35099, 6.41747 ], [ 2.35045, 6.41802 ], [ 2.35063, 6.41847 ], [ 2.3499, 6.41892 ], [ 2.35035, 6.41928 ], [ 2.35026, 6.41973 ], [ 2.35099, 6.42028 ], [ 2.35144, 6.41965 ] ] ], [ [ [ 2.34836, 6.42 ], [ 2.34791, 6.42 ], [ 2.348, 6.41937 ], [ 2.34764, 6.4191 ], [ 2.34782, 6.41865 ], [ 2.34837, 6.41865 ], [ 2.34809, 6.41856 ], [ 2.34828, 6.41819 ], [ 2.34746, 6.41819 ], [ 2.34819, 6.41756 ], [ 2.34819, 6.41711 ], [ 2.34783, 6.41647 ], [ 2.34719, 6.41629 ], [ 2.34728, 6.41702 ], [ 2.34683, 6.41765 ], [ 2.34656, 6.41756 ], [ 2.3471, 6.41828 ], [ 2.34665, 6.41883 ], [ 2.34755, 6.4191 ], [ 2.34773, 6.41973 ], [ 2.34746, 6.42 ], [ 2.34782, 6.42009 ], [ 2.34809, 6.42109 ], [ 2.34836, 6.42 ] ] ], [ [ [ 2.35297, 6.42499 ], [ 2.35433, 6.4249 ], [ 2.35496, 6.42444 ], [ 2.35478, 6.42408 ], [ 2.35587, 6.42363 ], [ 2.3556, 6.42137 ], [ 2.35524, 6.42119 ], [ 2.35487, 6.42164 ], [ 2.35442, 6.42137 ], [ 2.35361, 6.42191 ], [ 2.3527, 6.42128 ], [ 2.35325, 6.422 ], [ 2.35306, 6.42309 ], [ 2.35361, 6.42291 ], [ 2.35342, 6.42309 ], [ 2.35397, 6.42345 ], [ 2.35451, 6.42345 ], [ 2.35442, 6.42381 ], [ 2.35415, 6.42354 ], [ 2.35397, 6.42381 ], [ 2.35297, 6.42372 ], [ 2.35189, 6.42317 ], [ 2.35143, 6.42335 ], [ 2.35189, 6.42426 ], [ 2.35098, 6.42444 ], [ 2.35152, 6.42462 ], [ 2.35152, 6.42507 ], [ 2.35261, 6.42508 ], [ 2.35288, 6.4258 ], [ 2.35297, 6.42499 ] ] ], [ [ [ 2.35342, 6.42951 ], [ 2.35477, 6.42879 ], [ 2.35568, 6.42879 ], [ 2.35568, 6.42915 ], [ 2.35604, 6.42915 ], [ 2.35595, 6.42879 ], [ 2.35676, 6.42852 ], [ 2.35686, 6.42788 ], [ 2.3564, 6.42743 ], [ 2.35586, 6.42761 ], [ 2.35595, 6.42834 ], [ 2.35532, 6.42752 ], [ 2.35487, 6.42788 ], [ 2.35496, 6.42833 ], [ 2.35459, 6.42833 ], [ 2.35459, 6.42797 ], [ 2.35251, 6.42815 ], [ 2.35215, 6.42878 ], [ 2.35224, 6.42942 ], [ 2.35242, 6.42887 ], [ 2.35315, 6.42906 ], [ 2.35333, 6.42996 ], [ 2.35342, 6.42951 ] ] ], [ [ [ 2.35603, 6.43802 ], [ 2.35531, 6.43738 ], [ 2.3554, 6.43666 ], [ 2.35476, 6.43693 ], [ 2.35422, 6.43602 ], [ 2.35341, 6.43611 ], [ 2.35404, 6.43548 ], [ 2.3535, 6.4353 ], [ 2.35368, 6.43458 ], [ 2.35323, 6.43458 ], [ 2.35323, 6.43648 ], [ 2.35287, 6.43629 ], [ 2.35259, 6.43675 ], [ 2.35323, 6.43666 ], [ 2.35323, 6.43693 ], [ 2.35377, 6.43684 ], [ 2.35458, 6.43729 ], [ 2.35449, 6.43801 ], [ 2.35512, 6.43802 ], [ 2.35512, 6.4391 ], [ 2.35567, 6.43865 ], [ 2.35549, 6.43802 ], [ 2.35603, 6.43802 ] ] ], [ [ [ 2.35648, 6.43838 ], [ 2.3572, 6.43947 ], [ 2.35775, 6.43929 ], [ 2.35793, 6.43847 ], [ 2.35738, 6.43865 ], [ 2.35702, 6.43838 ], [ 2.35739, 6.43793 ], [ 2.35757, 6.43811 ], [ 2.35757, 6.43739 ], [ 2.35666, 6.43738 ], [ 2.35657, 6.43802 ], [ 2.35621, 6.43793 ], [ 2.35603, 6.43802 ], [ 2.35612, 6.4382 ], [ 2.35594, 6.4382 ], [ 2.35648, 6.43838 ] ] ], [ [ [ 2.36154, 6.4458 ], [ 2.36154, 6.4449 ], [ 2.36271, 6.44481 ], [ 2.36289, 6.44391 ], [ 2.36217, 6.44282 ], [ 2.36127, 6.44255 ], [ 2.36127, 6.44191 ], [ 2.36019, 6.44092 ], [ 2.36046, 6.44037 ], [ 2.35982, 6.44019 ], [ 2.35965, 6.43865 ], [ 2.36001, 6.43884 ], [ 2.36019, 6.43875 ], [ 2.35956, 6.43775 ], [ 2.35865, 6.43775 ], [ 2.35865, 6.43739 ], [ 2.35847, 6.43775 ], [ 2.35829, 6.43739 ], [ 2.35874, 6.4373 ], [ 2.35847, 6.43648 ], [ 2.35893, 6.43594 ], [ 2.35974, 6.43639 ], [ 2.35974, 6.43694 ], [ 2.36028, 6.43666 ], [ 2.36037, 6.43594 ], [ 2.35965, 6.43549 ], [ 2.35992, 6.43612 ], [ 2.35947, 6.43612 ], [ 2.35775, 6.43485 ], [ 2.35793, 6.43612 ], [ 2.3573, 6.43603 ], [ 2.35675, 6.43693 ], [ 2.3573, 6.43657 ], [ 2.35784, 6.43675 ], [ 2.35802, 6.43784 ], [ 2.35928, 6.43829 ], [ 2.35937, 6.43865 ], [ 2.35901, 6.43911 ], [ 2.35829, 6.43883 ], [ 2.35847, 6.44019 ], [ 2.35774, 6.44046 ], [ 2.35792, 6.44073 ], [ 2.35684, 6.44191 ], [ 2.35738, 6.44236 ], [ 2.35747, 6.4439 ], [ 2.35846, 6.44354 ], [ 2.3591, 6.44399 ], [ 2.35891, 6.44417 ], [ 2.35946, 6.44417 ], [ 2.35919, 6.443 ], [ 2.35846, 6.443 ], [ 2.35801, 6.44272 ], [ 2.35801, 6.44254 ], [ 2.35892, 6.44291 ], [ 2.35991, 6.44254 ], [ 2.36036, 6.44309 ], [ 2.36018, 6.44399 ], [ 2.36127, 6.44517 ], [ 2.36117, 6.44598 ], [ 2.36154, 6.4458 ] ] ], [ [ [ 2.36081, 6.45015 ], [ 2.36081, 6.44906 ], [ 2.36153, 6.44861 ], [ 2.36054, 6.44861 ], [ 2.36027, 6.44815 ], [ 2.3609, 6.4477 ], [ 2.36189, 6.44825 ], [ 2.36208, 6.4477 ], [ 2.36271, 6.44798 ], [ 2.36307, 6.44662 ], [ 2.36244, 6.44653 ], [ 2.36262, 6.44743 ], [ 2.36208, 6.44752 ], [ 2.36208, 6.44698 ], [ 2.36153, 6.44743 ], [ 2.36144, 6.4468 ], [ 2.36036, 6.44698 ], [ 2.36054, 6.44716 ], [ 2.35891, 6.44689 ], [ 2.35945, 6.44653 ], [ 2.35936, 6.44625 ], [ 2.35747, 6.44643 ], [ 2.35728, 6.44589 ], [ 2.35783, 6.44607 ], [ 2.35891, 6.44517 ], [ 2.35819, 6.44489 ], [ 2.35765, 6.44526 ], [ 2.35756, 6.44471 ], [ 2.35711, 6.44471 ], [ 2.35692, 6.44516 ], [ 2.35593, 6.4448 ], [ 2.35629, 6.44381 ], [ 2.35521, 6.44353 ], [ 2.35557, 6.44281 ], [ 2.35503, 6.44236 ], [ 2.35566, 6.44154 ], [ 2.35566, 6.44082 ], [ 2.35548, 6.44055 ], [ 2.3544, 6.44064 ], [ 2.35395, 6.43982 ], [ 2.35404, 6.43892 ], [ 2.35359, 6.43883 ], [ 2.35395, 6.43783 ], [ 2.35332, 6.43738 ], [ 2.35359, 6.43801 ], [ 2.35304, 6.43919 ], [ 2.35349, 6.43919 ], [ 2.35377, 6.43964 ], [ 2.35358, 6.44091 ], [ 2.35476, 6.44236 ], [ 2.35476, 6.44281 ], [ 2.35394, 6.44335 ], [ 2.35476, 6.44371 ], [ 2.35475, 6.44417 ], [ 2.3553, 6.44417 ], [ 2.35575, 6.44489 ], [ 2.3552, 6.44589 ], [ 2.35557, 6.44607 ], [ 2.35629, 6.44516 ], [ 2.35683, 6.4458 ], [ 2.35665, 6.44643 ], [ 2.35837, 6.44725 ], [ 2.35792, 6.44788 ], [ 2.35864, 6.4477 ], [ 2.35855, 6.44824 ], [ 2.36036, 6.44888 ], [ 2.36036, 6.44978 ], [ 2.35972, 6.44987 ], [ 2.35954, 6.45042 ], [ 2.36081, 6.45015 ] ] ], [ [ [ 2.36397, 6.44834 ], [ 2.36479, 6.44834 ], [ 2.36452, 6.44726 ], [ 2.36524, 6.44735 ], [ 2.36542, 6.44698 ], [ 2.36497, 6.4468 ], [ 2.36506, 6.44653 ], [ 2.36579, 6.44708 ], [ 2.36479, 6.44472 ], [ 2.36443, 6.44536 ], [ 2.36461, 6.44617 ], [ 2.36488, 6.44617 ], [ 2.36443, 6.44662 ], [ 2.3647, 6.44716 ], [ 2.36389, 6.44707 ], [ 2.36407, 6.44698 ], [ 2.36398, 6.44653 ], [ 2.36352, 6.44734 ], [ 2.36388, 6.44888 ], [ 2.36397, 6.44834 ] ] ], [ [ [ 2.36614, 6.45314 ], [ 2.36596, 6.45214 ], [ 2.36623, 6.45196 ], [ 2.36569, 6.45106 ], [ 2.36533, 6.45078 ], [ 2.36515, 6.45106 ], [ 2.36506, 6.45042 ], [ 2.3647, 6.45042 ], [ 2.36506, 6.44997 ], [ 2.36506, 6.44925 ], [ 2.36479, 6.44988 ], [ 2.36461, 6.44897 ], [ 2.36379, 6.45087 ], [ 2.36424, 6.45105 ], [ 2.36388, 6.45178 ], [ 2.36442, 6.45205 ], [ 2.36469, 6.45142 ], [ 2.36506, 6.4516 ], [ 2.36478, 6.45223 ], [ 2.36514, 6.45268 ], [ 2.36442, 6.45295 ], [ 2.36469, 6.45341 ], [ 2.36614, 6.45314 ] ] ], [ [ [ 2.36352, 6.45196 ], [ 2.3618, 6.45168 ], [ 2.36261, 6.45141 ], [ 2.36225, 6.45069 ], [ 2.3628, 6.45024 ], [ 2.36262, 6.44979 ], [ 2.36216, 6.45033 ], [ 2.36144, 6.44978 ], [ 2.36099, 6.44996 ], [ 2.36162, 6.45105 ], [ 2.36144, 6.45177 ], [ 2.36189, 6.45214 ], [ 2.36153, 6.45268 ], [ 2.36243, 6.45259 ], [ 2.36388, 6.45304 ], [ 2.36352, 6.45196 ] ] ], [ [ [ 2.36351, 6.45503 ], [ 2.3637, 6.45413 ], [ 2.36342, 6.4544 ], [ 2.36306, 6.45395 ], [ 2.36379, 6.45395 ], [ 2.36379, 6.45359 ], [ 2.36306, 6.45341 ], [ 2.36334, 6.45304 ], [ 2.36279, 6.4534 ], [ 2.36216, 6.45304 ], [ 2.36207, 6.4534 ], [ 2.36198, 6.45295 ], [ 2.36098, 6.45295 ], [ 2.36107, 6.45331 ], [ 2.3627, 6.45413 ], [ 2.36252, 6.45512 ], [ 2.36351, 6.45503 ] ] ], [ [ [ 2.36541, 6.45793 ], [ 2.36568, 6.45676 ], [ 2.36523, 6.45648 ], [ 2.36577, 6.4563 ], [ 2.36586, 6.45694 ], [ 2.36595, 6.45621 ], [ 2.36623, 6.4563 ], [ 2.36586, 6.45558 ], [ 2.3655, 6.45558 ], [ 2.36568, 6.45603 ], [ 2.36514, 6.45567 ], [ 2.36406, 6.45621 ], [ 2.36351, 6.45603 ], [ 2.36406, 6.45585 ], [ 2.36406, 6.45558 ], [ 2.36342, 6.45558 ], [ 2.36333, 6.4563 ], [ 2.36297, 6.45648 ], [ 2.36261, 6.4563 ], [ 2.36315, 6.45603 ], [ 2.36297, 6.45576 ], [ 2.36179, 6.45576 ], [ 2.36189, 6.45485 ], [ 2.36162, 6.45467 ], [ 2.36089, 6.45494 ], [ 2.36143, 6.45512 ], [ 2.36143, 6.4563 ], [ 2.36071, 6.45603 ], [ 2.36044, 6.45539 ], [ 2.3599, 6.45548 ], [ 2.36089, 6.45684 ], [ 2.36324, 6.45675 ], [ 2.36306, 6.45748 ], [ 2.36342, 6.45748 ], [ 2.36351, 6.45675 ], [ 2.36396, 6.45766 ], [ 2.36433, 6.45694 ], [ 2.36433, 6.4573 ], [ 2.36496, 6.45766 ], [ 2.36496, 6.4582 ], [ 2.36568, 6.45802 ], [ 2.36541, 6.45793 ] ] ], [ [ [ 2.36196, 6.47168 ], [ 2.36304, 6.47177 ], [ 2.36295, 6.47123 ], [ 2.36331, 6.47123 ], [ 2.36268, 6.47032 ], [ 2.36322, 6.4696 ], [ 2.36277, 6.46942 ], [ 2.3625, 6.46969 ], [ 2.36232, 6.46942 ], [ 2.3625, 6.46887 ], [ 2.36205, 6.46851 ], [ 2.36196, 6.4677 ], [ 2.36277, 6.46743 ], [ 2.36278, 6.4658 ], [ 2.36314, 6.46598 ], [ 2.36395, 6.46562 ], [ 2.36305, 6.46544 ], [ 2.36251, 6.46589 ], [ 2.36214, 6.46526 ], [ 2.36314, 6.46471 ], [ 2.36269, 6.46327 ], [ 2.36233, 6.46363 ], [ 2.36242, 6.46426 ], [ 2.36196, 6.46426 ], [ 2.36142, 6.46399 ], [ 2.36088, 6.46272 ], [ 2.36124, 6.46254 ], [ 2.36188, 6.4629 ], [ 2.36233, 6.46263 ], [ 2.3626, 6.46227 ], [ 2.36215, 6.46182 ], [ 2.3626, 6.46173 ], [ 2.36251, 6.46137 ], [ 2.36296, 6.46137 ], [ 2.36314, 6.46091 ], [ 2.36369, 6.46101 ], [ 2.36423, 6.46037 ], [ 2.36432, 6.46073 ], [ 2.36513, 6.46101 ], [ 2.3655, 6.46065 ], [ 2.36504, 6.46055 ], [ 2.36523, 6.46019 ], [ 2.36468, 6.46046 ], [ 2.36423, 6.46019 ], [ 2.36486, 6.45992 ], [ 2.36577, 6.4601 ], [ 2.36595, 6.45938 ], [ 2.36369, 6.45911 ], [ 2.36288, 6.45856 ], [ 2.36333, 6.45938 ], [ 2.36297, 6.4601 ], [ 2.36251, 6.45956 ], [ 2.36215, 6.45983 ], [ 2.36206, 6.46064 ], [ 2.36206, 6.45992 ], [ 2.36152, 6.45965 ], [ 2.36152, 6.45919 ], [ 2.36206, 6.45901 ], [ 2.36215, 6.45838 ], [ 2.36107, 6.45765 ], [ 2.36152, 6.45847 ], [ 2.36098, 6.45928 ], [ 2.36134, 6.46001 ], [ 2.36097, 6.46118 ], [ 2.36161, 6.46146 ], [ 2.36016, 6.46326 ], [ 2.36052, 6.46381 ], [ 2.36142, 6.46417 ], [ 2.36142, 6.46453 ], [ 2.35979, 6.46453 ], [ 2.35979, 6.46489 ], [ 2.36106, 6.46489 ], [ 2.36079, 6.46534 ], [ 2.36133, 6.46598 ], [ 2.36079, 6.46625 ], [ 2.36124, 6.46643 ], [ 2.36151, 6.46725 ], [ 2.36069, 6.46743 ], [ 2.36051, 6.46788 ], [ 2.36151, 6.46797 ], [ 2.36214, 6.46896 ], [ 2.3616, 6.46978 ], [ 2.36259, 6.47014 ], [ 2.36241, 6.47059 ], [ 2.36187, 6.47068 ], [ 2.36187, 6.47095 ], [ 2.36241, 6.47068 ], [ 2.36241, 6.47114 ], [ 2.36159, 6.47114 ], [ 2.36159, 6.47222 ], [ 2.36232, 6.47186 ], [ 2.36196, 6.47168 ] ] ], [ [ [ 2.36747, 6.47042 ], [ 2.36739, 6.46933 ], [ 2.36784, 6.46951 ], [ 2.3673, 6.46879 ], [ 2.36739, 6.46807 ], [ 2.36675, 6.4696 ], [ 2.36512, 6.46888 ], [ 2.3644, 6.46915 ], [ 2.36404, 6.47014 ], [ 2.36458, 6.46969 ], [ 2.36576, 6.46987 ], [ 2.36648, 6.4696 ], [ 2.36747, 6.47042 ] ] ], [ [ [ 2.36376, 6.47829 ], [ 2.36349, 6.47756 ], [ 2.36303, 6.47756 ], [ 2.36249, 6.47684 ], [ 2.36285, 6.4762 ], [ 2.36421, 6.47602 ], [ 2.36349, 6.4753 ], [ 2.3634, 6.47467 ], [ 2.36322, 6.47485 ], [ 2.36349, 6.47439 ], [ 2.36304, 6.47421 ], [ 2.36295, 6.47458 ], [ 2.36231, 6.47457 ], [ 2.36186, 6.47503 ], [ 2.36304, 6.47503 ], [ 2.36304, 6.4753 ], [ 2.36249, 6.4753 ], [ 2.36267, 6.47584 ], [ 2.36195, 6.47548 ], [ 2.36222, 6.47638 ], [ 2.36132, 6.47665 ], [ 2.36267, 6.47738 ], [ 2.36348, 6.47883 ], [ 2.36376, 6.47829 ] ] ], [ [ [ 2.37406, 6.48409 ], [ 2.3746, 6.48318 ], [ 2.37397, 6.48309 ], [ 2.37424, 6.483 ], [ 2.37397, 6.48228 ], [ 2.37334, 6.48228 ], [ 2.37325, 6.48291 ], [ 2.37289, 6.483 ], [ 2.3728, 6.48246 ], [ 2.37225, 6.48237 ], [ 2.37289, 6.48228 ], [ 2.37271, 6.48182 ], [ 2.37207, 6.4821 ], [ 2.37225, 6.48164 ], [ 2.37198, 6.48128 ], [ 2.37009, 6.48028 ], [ 2.36999, 6.48083 ], [ 2.37099, 6.48119 ], [ 2.37036, 6.48137 ], [ 2.37017, 6.48264 ], [ 2.37044, 6.483 ], [ 2.37062, 6.48273 ], [ 2.37081, 6.48327 ], [ 2.37144, 6.48309 ], [ 2.37153, 6.48264 ], [ 2.3709, 6.48255 ], [ 2.37153, 6.48255 ], [ 2.37144, 6.48219 ], [ 2.37189, 6.482 ], [ 2.37207, 6.48291 ], [ 2.37252, 6.48309 ], [ 2.37243, 6.48372 ], [ 2.37316, 6.484 ], [ 2.37289, 6.48354 ], [ 2.37316, 6.48336 ], [ 2.37316, 6.48363 ], [ 2.37388, 6.48355 ], [ 2.37406, 6.48409 ] ] ], [ [ [ 2.36727, 6.4905 ], [ 2.36781, 6.48906 ], [ 2.36763, 6.48869 ], [ 2.36808, 6.48879 ], [ 2.36809, 6.48806 ], [ 2.36845, 6.48788 ], [ 2.36763, 6.4877 ], [ 2.36736, 6.48833 ], [ 2.36619, 6.48797 ], [ 2.36655, 6.48679 ], [ 2.36673, 6.48697 ], [ 2.36727, 6.48652 ], [ 2.36646, 6.4858 ], [ 2.36583, 6.48616 ], [ 2.36537, 6.48607 ], [ 2.36628, 6.48507 ], [ 2.36655, 6.48516 ], [ 2.36664, 6.48471 ], [ 2.36664, 6.48571 ], [ 2.36746, 6.48553 ], [ 2.36782, 6.4858 ], [ 2.36727, 6.48598 ], [ 2.36809, 6.48598 ], [ 2.36809, 6.48562 ], [ 2.36872, 6.4858 ], [ 2.36845, 6.4867 ], [ 2.36773, 6.48625 ], [ 2.36782, 6.48698 ], [ 2.36944, 6.48698 ], [ 2.36953, 6.48671 ], [ 2.3689, 6.48643 ], [ 2.36935, 6.48589 ], [ 2.36936, 6.48526 ], [ 2.36863, 6.4849 ], [ 2.36909, 6.48363 ], [ 2.368, 6.48309 ], [ 2.36827, 6.48245 ], [ 2.36737, 6.48254 ], [ 2.36773, 6.48209 ], [ 2.36755, 6.48119 ], [ 2.36864, 6.48128 ], [ 2.36882, 6.48019 ], [ 2.36846, 6.48001 ], [ 2.36819, 6.48064 ], [ 2.36773, 6.48046 ], [ 2.36692, 6.48155 ], [ 2.36665, 6.48146 ], [ 2.36656, 6.48236 ], [ 2.36583, 6.48236 ], [ 2.36556, 6.48281 ], [ 2.36438, 6.482 ], [ 2.36429, 6.48154 ], [ 2.36484, 6.48109 ], [ 2.36366, 6.48 ], [ 2.36312, 6.47991 ], [ 2.36312, 6.48027 ], [ 2.36357, 6.48046 ], [ 2.3633, 6.48118 ], [ 2.36393, 6.48236 ], [ 2.36475, 6.48254 ], [ 2.36474, 6.48408 ], [ 2.36493, 6.4839 ], [ 2.36483, 6.48444 ], [ 2.36321, 6.48462 ], [ 2.36321, 6.48489 ], [ 2.36438, 6.48498 ], [ 2.36465, 6.48453 ], [ 2.36529, 6.48516 ], [ 2.36474, 6.48616 ], [ 2.36519, 6.48688 ], [ 2.36583, 6.48679 ], [ 2.36555, 6.48742 ], [ 2.36637, 6.4886 ], [ 2.36591, 6.48933 ], [ 2.36636, 6.49023 ], [ 2.36573, 6.49032 ], [ 2.36564, 6.49068 ], [ 2.36636, 6.49141 ], [ 2.36682, 6.49141 ], [ 2.36682, 6.49077 ], [ 2.36727, 6.4905 ] ] ], [ [ [ 2.367, 6.49132 ], [ 2.36654, 6.49267 ], [ 2.36763, 6.49295 ], [ 2.36763, 6.49331 ], [ 2.36663, 6.49331 ], [ 2.36654, 6.49403 ], [ 2.36699, 6.49457 ], [ 2.36772, 6.49412 ], [ 2.36754, 6.49376 ], [ 2.3679, 6.49313 ], [ 2.36799, 6.49358 ], [ 2.3688, 6.49376 ], [ 2.36962, 6.49259 ], [ 2.36898, 6.49231 ], [ 2.36862, 6.49286 ], [ 2.36763, 6.49277 ], [ 2.36709, 6.49231 ], [ 2.367, 6.49132 ] ] ], [ [ [ 2.37169, 6.49648 ], [ 2.37188, 6.49558 ], [ 2.37115, 6.4953 ], [ 2.37097, 6.49594 ], [ 2.37088, 6.49539 ], [ 2.37034, 6.4953 ], [ 2.37025, 6.49413 ], [ 2.36925, 6.49394 ], [ 2.36898, 6.49421 ], [ 2.36862, 6.49539 ], [ 2.37007, 6.4953 ], [ 2.37034, 6.49603 ], [ 2.37115, 6.49666 ], [ 2.37169, 6.49648 ] ] ], [ [ [ 2.36642, 6.5152 ], [ 2.3657, 6.51457 ], [ 2.36561, 6.51258 ], [ 2.36489, 6.51312 ], [ 2.36471, 6.5142 ], [ 2.36588, 6.51574 ], [ 2.36642, 6.5152 ] ] ], [ [ [ 2.37368, 6.57166 ], [ 2.3735, 6.57121 ], [ 2.37205, 6.57103 ], [ 2.37196, 6.56895 ], [ 2.37142, 6.56895 ], [ 2.3707, 6.57003 ], [ 2.36997, 6.57012 ], [ 2.36997, 6.57039 ], [ 2.37097, 6.57021 ], [ 2.37205, 6.57148 ], [ 2.37314, 6.57139 ], [ 2.37305, 6.5722 ], [ 2.37368, 6.57166 ] ] ], [ [ [ 2.37027, 6.62042 ], [ 2.37073, 6.61897 ], [ 2.37136, 6.61861 ], [ 2.37127, 6.61789 ], [ 2.37055, 6.61762 ], [ 2.3719, 6.6168 ], [ 2.37182, 6.61599 ], [ 2.37299, 6.61554 ], [ 2.3729, 6.61491 ], [ 2.37336, 6.61436 ], [ 2.3729, 6.61463 ], [ 2.37164, 6.61436 ], [ 2.37137, 6.61346 ], [ 2.37055, 6.61327 ], [ 2.37074, 6.61137 ], [ 2.36992, 6.61146 ], [ 2.3701, 6.6111 ], [ 2.36974, 6.6111 ], [ 2.36983, 6.61183 ], [ 2.3692, 6.61183 ], [ 2.36902, 6.61219 ], [ 2.36938, 6.61318 ], [ 2.36874, 6.61318 ], [ 2.36892, 6.61382 ], [ 2.3682, 6.61436 ], [ 2.36874, 6.61562 ], [ 2.3682, 6.6158 ], [ 2.3681, 6.61734 ], [ 2.36874, 6.61752 ], [ 2.36883, 6.61798 ], [ 2.36964, 6.61807 ], [ 2.36973, 6.61897 ], [ 2.36928, 6.61924 ], [ 2.3691, 6.62015 ], [ 2.37009, 6.61997 ], [ 2.37027, 6.62042 ] ] ], [ [ [ 2.36167, 6.62548 ], [ 2.36239, 6.6253 ], [ 2.36285, 6.62575 ], [ 2.36366, 6.62566 ], [ 2.36366, 6.62512 ], [ 2.36312, 6.62503 ], [ 2.36303, 6.6253 ], [ 2.36303, 6.62494 ], [ 2.3633, 6.62494 ], [ 2.36375, 6.62358 ], [ 2.3633, 6.62385 ], [ 2.36249, 6.62358 ], [ 2.36059, 6.62385 ], [ 2.36077, 6.62421 ], [ 2.36122, 6.62403 ], [ 2.36086, 6.62466 ], [ 2.36095, 6.62557 ], [ 2.36058, 6.62593 ], [ 2.36158, 6.62593 ], [ 2.36167, 6.62548 ] ] ], [ [ [ 2.37379, 6.62594 ], [ 2.37434, 6.62604 ], [ 2.37388, 6.62531 ], [ 2.37488, 6.62432 ], [ 2.37434, 6.62423 ], [ 2.37379, 6.62513 ], [ 2.37253, 6.62549 ], [ 2.37289, 6.62459 ], [ 2.37235, 6.62449 ], [ 2.37199, 6.62386 ], [ 2.37244, 6.6235 ], [ 2.37253, 6.62404 ], [ 2.37316, 6.62341 ], [ 2.37325, 6.62395 ], [ 2.3738, 6.62386 ], [ 2.3738, 6.6235 ], [ 2.37352, 6.62359 ], [ 2.3738, 6.62287 ], [ 2.37325, 6.62305 ], [ 2.37325, 6.62278 ], [ 2.37443, 6.62278 ], [ 2.37443, 6.62215 ], [ 2.37371, 6.62233 ], [ 2.37407, 6.62169 ], [ 2.3738, 6.62142 ], [ 2.37398, 6.62097 ], [ 2.37299, 6.62042 ], [ 2.37299, 6.61988 ], [ 2.37353, 6.61943 ], [ 2.37407, 6.6197 ], [ 2.37416, 6.61889 ], [ 2.37434, 6.61943 ], [ 2.3757, 6.61898 ], [ 2.3757, 6.61808 ], [ 2.37625, 6.61753 ], [ 2.37561, 6.61708 ], [ 2.37525, 6.61735 ], [ 2.37561, 6.61753 ], [ 2.37552, 6.61808 ], [ 2.3748, 6.61789 ], [ 2.37444, 6.61816 ], [ 2.37398, 6.61771 ], [ 2.37389, 6.61834 ], [ 2.37344, 6.61834 ], [ 2.37335, 6.61771 ], [ 2.37299, 6.61771 ], [ 2.37299, 6.61862 ], [ 2.37199, 6.62015 ], [ 2.37136, 6.62006 ], [ 2.37163, 6.62015 ], [ 2.37163, 6.62097 ], [ 2.37199, 6.62069 ], [ 2.37217, 6.62106 ], [ 2.37126, 6.62214 ], [ 2.37126, 6.62287 ], [ 2.37036, 6.62323 ], [ 2.36981, 6.62386 ], [ 2.36981, 6.6244 ], [ 2.36846, 6.62521 ], [ 2.36882, 6.62585 ], [ 2.36845, 6.62648 ], [ 2.36682, 6.62711 ], [ 2.36619, 6.62675 ], [ 2.36646, 6.6272 ], [ 2.36628, 6.62774 ], [ 2.3661, 6.62738 ], [ 2.36538, 6.62801 ], [ 2.36547, 6.62865 ], [ 2.36501, 6.62883 ], [ 2.36483, 6.62946 ], [ 2.36438, 6.62901 ], [ 2.36356, 6.631 ], [ 2.36293, 6.63091 ], [ 2.36338, 6.63027 ], [ 2.36266, 6.63045 ], [ 2.36275, 6.63181 ], [ 2.36492, 6.63218 ], [ 2.36501, 6.63091 ], [ 2.36546, 6.6319 ], [ 2.36619, 6.63191 ], [ 2.36673, 6.63127 ], [ 2.36664, 6.63082 ], [ 2.36546, 6.63145 ], [ 2.3651, 6.63082 ], [ 2.36573, 6.63046 ], [ 2.36574, 6.62991 ], [ 2.36664, 6.62973 ], [ 2.36682, 6.6301 ], [ 2.36754, 6.63019 ], [ 2.36754, 6.63082 ], [ 2.36691, 6.63154 ], [ 2.36808, 6.63236 ], [ 2.3679, 6.6329 ], [ 2.36808, 6.6329 ], [ 2.36854, 6.63218 ], [ 2.36845, 6.63164 ], [ 2.3689, 6.63182 ], [ 2.36908, 6.63109 ], [ 2.36953, 6.63137 ], [ 2.36981, 6.63082 ], [ 2.37044, 6.63064 ], [ 2.37053, 6.6301 ], [ 2.37017, 6.62983 ], [ 2.37071, 6.62947 ], [ 2.37053, 6.62884 ], [ 2.37089, 6.62893 ], [ 2.37089, 6.62938 ], [ 2.37116, 6.62938 ], [ 2.37107, 6.62902 ], [ 2.37153, 6.62902 ], [ 2.37153, 6.62929 ], [ 2.37216, 6.62911 ], [ 2.37262, 6.62703 ], [ 2.37343, 6.62667 ], [ 2.37379, 6.62594 ] ], [ [ 2.37316, 6.62667 ], [ 2.37216, 6.6263 ], [ 2.3718, 6.62766 ], [ 2.37171, 6.62739 ], [ 2.37162, 6.62775 ], [ 2.37108, 6.62748 ], [ 2.37098, 6.62856 ], [ 2.37053, 6.62757 ], [ 2.36981, 6.62838 ], [ 2.36927, 6.62838 ], [ 2.36899, 6.62901 ], [ 2.36836, 6.62892 ], [ 2.36845, 6.62838 ], [ 2.36782, 6.62811 ], [ 2.36782, 6.62775 ], [ 2.36936, 6.62784 ], [ 2.37026, 6.62639 ], [ 2.3709, 6.62648 ], [ 2.37117, 6.62558 ], [ 2.37225, 6.62612 ], [ 2.37244, 6.62567 ], [ 2.37262, 6.62603 ], [ 2.37298, 6.62585 ], [ 2.37316, 6.62667 ] ] ], [ [ [ 2.35986, 6.62846 ], [ 2.35968, 6.62792 ], [ 2.36067, 6.62783 ], [ 2.36121, 6.62738 ], [ 2.3613, 6.62774 ], [ 2.36194, 6.62783 ], [ 2.36266, 6.62702 ], [ 2.36266, 6.62674 ], [ 2.36203, 6.62711 ], [ 2.36221, 6.62665 ], [ 2.36185, 6.62647 ], [ 2.36185, 6.62701 ], [ 2.36122, 6.62719 ], [ 2.36104, 6.62656 ], [ 2.36067, 6.62665 ], [ 2.36067, 6.62756 ], [ 2.35968, 6.62737 ], [ 2.35959, 6.62783 ], [ 2.35913, 6.62783 ], [ 2.35959, 6.62792 ], [ 2.3594, 6.62864 ], [ 2.35986, 6.62846 ] ] ], [ [ [ 2.36636, 6.63381 ], [ 2.367, 6.63308 ], [ 2.36655, 6.63209 ], [ 2.36609, 6.632 ], [ 2.36582, 6.63263 ], [ 2.36573, 6.63236 ], [ 2.36492, 6.63245 ], [ 2.36528, 6.63308 ], [ 2.36609, 6.63317 ], [ 2.36636, 6.63381 ] ] ], [ [ [ 2.36572, 6.64023 ], [ 2.36636, 6.63932 ], [ 2.366, 6.63887 ], [ 2.36663, 6.63896 ], [ 2.36726, 6.63969 ], [ 2.36753, 6.63933 ], [ 2.36654, 6.63797 ], [ 2.36772, 6.63743 ], [ 2.36799, 6.63634 ], [ 2.36835, 6.63634 ], [ 2.36844, 6.63679 ], [ 2.36889, 6.63652 ], [ 2.36817, 6.63589 ], [ 2.36853, 6.63517 ], [ 2.36826, 6.63444 ], [ 2.3689, 6.63444 ], [ 2.36854, 6.6339 ], [ 2.36835, 6.63408 ], [ 2.36826, 6.63345 ], [ 2.367, 6.63489 ], [ 2.36808, 6.6348 ], [ 2.36781, 6.6358 ], [ 2.36718, 6.63598 ], [ 2.36717, 6.63706 ], [ 2.366, 6.63788 ], [ 2.36572, 6.63842 ], [ 2.3659, 6.6396 ], [ 2.36509, 6.63977 ], [ 2.36572, 6.64023 ] ] ], [ [ [ 2.36346, 6.6386 ], [ 2.36546, 6.63634 ], [ 2.36537, 6.63534 ], [ 2.36582, 6.63543 ], [ 2.36591, 6.63507 ], [ 2.36537, 6.63498 ], [ 2.36528, 6.63453 ], [ 2.36482, 6.6348 ], [ 2.36491, 6.63534 ], [ 2.36292, 6.63597 ], [ 2.36328, 6.63706 ], [ 2.36238, 6.63796 ], [ 2.36211, 6.63796 ], [ 2.36202, 6.63724 ], [ 2.36247, 6.63661 ], [ 2.36147, 6.63724 ], [ 2.36147, 6.63787 ], [ 2.36301, 6.63814 ], [ 2.36283, 6.63923 ], [ 2.36328, 6.63923 ], [ 2.36346, 6.6386 ] ] ], [ [ [ 2.36508, 6.6443 ], [ 2.36653, 6.64367 ], [ 2.36653, 6.64267 ], [ 2.36563, 6.64213 ], [ 2.36572, 6.64104 ], [ 2.36509, 6.64095 ], [ 2.36482, 6.64023 ], [ 2.36355, 6.64032 ], [ 2.3631, 6.64113 ], [ 2.36346, 6.64185 ], [ 2.36328, 6.64258 ], [ 2.36246, 6.64267 ], [ 2.36228, 6.64239 ], [ 2.36219, 6.64294 ], [ 2.36174, 6.6423 ], [ 2.36156, 6.64285 ], [ 2.36174, 6.64321 ], [ 2.36237, 6.64321 ], [ 2.36237, 6.64384 ], [ 2.36282, 6.64384 ], [ 2.3631, 6.64285 ], [ 2.36346, 6.64312 ], [ 2.36373, 6.64276 ], [ 2.36391, 6.64321 ], [ 2.36463, 6.64348 ], [ 2.36463, 6.64321 ], [ 2.36527, 6.6433 ], [ 2.36518, 6.64294 ], [ 2.3649, 6.64303 ], [ 2.36509, 6.64267 ], [ 2.36563, 6.64303 ], [ 2.36508, 6.64367 ], [ 2.36508, 6.6443 ] ] ], [ [ [ 2.37286, 6.6491 ], [ 2.37385, 6.64901 ], [ 2.3734, 6.64802 ], [ 2.37413, 6.64766 ], [ 2.37377, 6.6472 ], [ 2.37295, 6.64747 ], [ 2.3725, 6.64684 ], [ 2.37322, 6.64666 ], [ 2.37322, 6.64585 ], [ 2.37422, 6.64621 ], [ 2.37522, 6.64576 ], [ 2.37513, 6.64522 ], [ 2.3744, 6.64503 ], [ 2.37495, 6.64467 ], [ 2.37495, 6.64368 ], [ 2.37404, 6.64313 ], [ 2.37413, 6.64277 ], [ 2.37468, 6.64277 ], [ 2.37522, 6.64151 ], [ 2.37486, 6.64151 ], [ 2.37413, 6.64259 ], [ 2.37359, 6.64268 ], [ 2.37368, 6.64322 ], [ 2.37341, 6.64295 ], [ 2.37296, 6.64349 ], [ 2.37287, 6.64404 ], [ 2.37323, 6.64449 ], [ 2.37187, 6.64476 ], [ 2.37142, 6.64458 ], [ 2.37187, 6.64349 ], [ 2.37115, 6.64331 ], [ 2.37115, 6.64277 ], [ 2.37079, 6.64268 ], [ 2.37178, 6.64259 ], [ 2.37178, 6.64186 ], [ 2.37106, 6.64141 ], [ 2.36979, 6.64177 ], [ 2.36934, 6.64141 ], [ 2.36862, 6.6415 ], [ 2.3688, 6.64267 ], [ 2.36807, 6.64295 ], [ 2.36861, 6.64304 ], [ 2.36907, 6.64394 ], [ 2.36988, 6.6443 ], [ 2.36997, 6.64494 ], [ 2.37124, 6.64521 ], [ 2.37196, 6.64657 ], [ 2.37159, 6.64693 ], [ 2.37187, 6.64765 ], [ 2.37141, 6.64829 ], [ 2.37105, 6.6482 ], [ 2.37087, 6.64729 ], [ 2.36997, 6.64756 ], [ 2.36906, 6.64702 ], [ 2.36834, 6.64711 ], [ 2.36825, 6.64747 ], [ 2.36978, 6.64774 ], [ 2.36996, 6.64819 ], [ 2.37042, 6.6482 ], [ 2.37268, 6.65073 ], [ 2.37295, 6.65073 ], [ 2.37286, 6.6491 ] ] ], [ [ [ 2.36796, 6.65652 ], [ 2.36932, 6.65625 ], [ 2.36905, 6.65534 ], [ 2.36851, 6.65552 ], [ 2.36923, 6.65462 ], [ 2.36914, 6.65426 ], [ 2.36878, 6.65471 ], [ 2.36842, 6.65453 ], [ 2.36797, 6.65516 ], [ 2.3667, 6.65489 ], [ 2.36697, 6.6557 ], [ 2.36724, 6.65561 ], [ 2.36796, 6.65652 ] ] ], [ [ [ 2.38519, 6.47668 ], [ 2.3852, 6.47605 ], [ 2.38565, 6.47614 ], [ 2.38574, 6.47587 ], [ 2.38574, 6.47623 ], [ 2.38592, 6.47623 ], [ 2.38583, 6.47587 ], [ 2.38601, 6.47614 ], [ 2.38655, 6.47587 ], [ 2.3833, 6.47379 ], [ 2.38303, 6.47397 ], [ 2.38321, 6.47442 ], [ 2.38267, 6.47415 ], [ 2.38294, 6.47469 ], [ 2.38266, 6.47559 ], [ 2.38185, 6.47523 ], [ 2.38212, 6.47596 ], [ 2.38131, 6.47668 ], [ 2.38194, 6.47668 ], [ 2.38257, 6.47614 ], [ 2.38293, 6.47659 ], [ 2.38312, 6.47596 ], [ 2.38302, 6.4765 ], [ 2.38348, 6.47677 ], [ 2.38311, 6.47731 ], [ 2.38456, 6.47741 ], [ 2.38456, 6.47668 ], [ 2.38519, 6.47668 ] ] ], [ [ [ 2.3747, 6.48174 ], [ 2.37632, 6.48138 ], [ 2.37642, 6.48056 ], [ 2.37569, 6.47984 ], [ 2.37569, 6.47902 ], [ 2.37533, 6.47902 ], [ 2.37515, 6.47948 ], [ 2.37461, 6.47947 ], [ 2.3747, 6.48174 ] ] ], [ [ [ 2.37288, 6.48662 ], [ 2.37261, 6.48581 ], [ 2.37216, 6.48617 ], [ 2.37252, 6.48635 ], [ 2.37189, 6.48617 ], [ 2.37198, 6.48544 ], [ 2.37252, 6.48517 ], [ 2.37397, 6.48545 ], [ 2.37451, 6.4849 ], [ 2.37424, 6.48436 ], [ 2.3737, 6.48409 ], [ 2.37361, 6.48454 ], [ 2.37252, 6.48508 ], [ 2.37234, 6.48427 ], [ 2.37198, 6.48445 ], [ 2.37135, 6.48381 ], [ 2.37089, 6.48381 ], [ 2.37098, 6.48526 ], [ 2.37135, 6.48526 ], [ 2.37117, 6.48481 ], [ 2.37144, 6.48445 ], [ 2.37216, 6.48508 ], [ 2.3718, 6.48535 ], [ 2.37143, 6.48653 ], [ 2.37234, 6.48689 ], [ 2.37225, 6.48716 ], [ 2.37261, 6.48716 ], [ 2.37288, 6.48662 ] ] ], [ [ [ 2.40043, 6.5166 ], [ 2.40016, 6.51651 ], [ 2.40016, 6.51578 ], [ 2.3998, 6.51569 ], [ 2.40053, 6.51434 ], [ 2.40125, 6.51479 ], [ 2.40044, 6.51497 ], [ 2.40071, 6.51524 ], [ 2.40098, 6.51497 ], [ 2.40188, 6.51515 ], [ 2.40152, 6.51588 ], [ 2.40197, 6.51633 ], [ 2.40351, 6.51615 ], [ 2.40342, 6.51579 ], [ 2.40288, 6.51579 ], [ 2.40288, 6.51543 ], [ 2.40197, 6.51515 ], [ 2.40215, 6.51443 ], [ 2.40261, 6.51452 ], [ 2.40306, 6.51534 ], [ 2.40396, 6.51552 ], [ 2.40369, 6.51506 ], [ 2.40297, 6.51497 ], [ 2.40306, 6.5138 ], [ 2.40261, 6.51416 ], [ 2.40216, 6.51371 ], [ 2.40179, 6.5138 ], [ 2.40188, 6.51343 ], [ 2.40369, 6.5128 ], [ 2.40387, 6.51371 ], [ 2.40505, 6.51425 ], [ 2.40505, 6.51118 ], [ 2.40469, 6.51118 ], [ 2.40478, 6.51072 ], [ 2.40325, 6.51027 ], [ 2.40361, 6.50946 ], [ 2.40288, 6.50945 ], [ 2.40307, 6.5081 ], [ 2.40225, 6.50828 ], [ 2.40189, 6.50882 ], [ 2.40117, 6.50882 ], [ 2.40144, 6.50864 ], [ 2.40099, 6.50837 ], [ 2.40098, 6.51036 ], [ 2.40053, 6.50972 ], [ 2.39963, 6.50972 ], [ 2.39999, 6.50882 ], [ 2.40035, 6.50873 ], [ 2.39981, 6.508 ], [ 2.39918, 6.508 ], [ 2.39972, 6.50882 ], [ 2.39936, 6.50954 ], [ 2.39854, 6.50909 ], [ 2.39845, 6.50864 ], [ 2.39882, 6.50827 ], [ 2.39836, 6.50818 ], [ 2.39836, 6.50873 ], [ 2.39773, 6.50863 ], [ 2.39764, 6.50891 ], [ 2.39782, 6.50936 ], [ 2.39827, 6.50918 ], [ 2.39863, 6.50972 ], [ 2.39818, 6.5099 ], [ 2.39755, 6.50936 ], [ 2.39691, 6.51026 ], [ 2.3961, 6.51053 ], [ 2.39583, 6.50981 ], [ 2.39483, 6.5089 ], [ 2.39664, 6.50845 ], [ 2.39692, 6.50764 ], [ 2.39655, 6.50746 ], [ 2.39647, 6.50673 ], [ 2.39592, 6.50673 ], [ 2.39637, 6.50682 ], [ 2.39601, 6.50709 ], [ 2.39493, 6.50709 ], [ 2.39511, 6.50746 ], [ 2.39429, 6.50727 ], [ 2.39429, 6.50809 ], [ 2.3933, 6.508 ], [ 2.39303, 6.50845 ], [ 2.39194, 6.50808 ], [ 2.39176, 6.50754 ], [ 2.39122, 6.50763 ], [ 2.39167, 6.50736 ], [ 2.3904, 6.50709 ], [ 2.39058, 6.50763 ], [ 2.39095, 6.50754 ], [ 2.39076, 6.50808 ], [ 2.39149, 6.50836 ], [ 2.39104, 6.50899 ], [ 2.39058, 6.50835 ], [ 2.39067, 6.50781 ], [ 2.39022, 6.5079 ], [ 2.39031, 6.50826 ], [ 2.3895, 6.50799 ], [ 2.38941, 6.50745 ], [ 2.39022, 6.50709 ], [ 2.39013, 6.50663 ], [ 2.38941, 6.507 ], [ 2.38968, 6.50573 ], [ 2.38887, 6.50528 ], [ 2.38823, 6.50654 ], [ 2.38751, 6.50627 ], [ 2.38724, 6.50573 ], [ 2.38833, 6.50491 ], [ 2.38914, 6.50501 ], [ 2.38914, 6.50437 ], [ 2.38869, 6.50419 ], [ 2.38751, 6.50491 ], [ 2.38724, 6.5041 ], [ 2.38643, 6.5041 ], [ 2.38652, 6.50374 ], [ 2.38688, 6.50401 ], [ 2.38697, 6.50365 ], [ 2.38724, 6.50374 ], [ 2.38751, 6.50283 ], [ 2.38788, 6.50328 ], [ 2.38742, 6.50365 ], [ 2.38869, 6.50374 ], [ 2.38887, 6.50338 ], [ 2.38941, 6.50374 ], [ 2.39005, 6.50347 ], [ 2.38987, 6.50302 ], [ 2.39023, 6.50274 ], [ 2.39014, 6.50446 ], [ 2.39059, 6.50501 ], [ 2.39041, 6.506 ], [ 2.39113, 6.50609 ], [ 2.39095, 6.50537 ], [ 2.39258, 6.5041 ], [ 2.39204, 6.50311 ], [ 2.39276, 6.50293 ], [ 2.39385, 6.50365 ], [ 2.39421, 6.50239 ], [ 2.39457, 6.50239 ], [ 2.39448, 6.50311 ], [ 2.39502, 6.50275 ], [ 2.39475, 6.50257 ], [ 2.39493, 6.50212 ], [ 2.39394, 6.50212 ], [ 2.39421, 6.50121 ], [ 2.39493, 6.50112 ], [ 2.39502, 6.50139 ], [ 2.39512, 6.50112 ], [ 2.39475, 6.49967 ], [ 2.39548, 6.50049 ], [ 2.3953, 6.50139 ], [ 2.39566, 6.50139 ], [ 2.39593, 6.5004 ], [ 2.39674, 6.50067 ], [ 2.39656, 6.50112 ], [ 2.39756, 6.50122 ], [ 2.39765, 6.5004 ], [ 2.3962, 6.50022 ], [ 2.39548, 6.49922 ], [ 2.39593, 6.49913 ], [ 2.39656, 6.49968 ], [ 2.39629, 6.4985 ], [ 2.39675, 6.49841 ], [ 2.39783, 6.49877 ], [ 2.39919, 6.49868 ], [ 2.39892, 6.4938 ], [ 2.39829, 6.4938 ], [ 2.39747, 6.49443 ], [ 2.39702, 6.49407 ], [ 2.39648, 6.49425 ], [ 2.39639, 6.49361 ], [ 2.39666, 6.49352 ], [ 2.39639, 6.49298 ], [ 2.39549, 6.49298 ], [ 2.39512, 6.49343 ], [ 2.39512, 6.4928 ], [ 2.39467, 6.49289 ], [ 2.39449, 6.49235 ], [ 2.39413, 6.49235 ], [ 2.39413, 6.49316 ], [ 2.39431, 6.49298 ], [ 2.39494, 6.49361 ], [ 2.39467, 6.49425 ], [ 2.39603, 6.49425 ], [ 2.39603, 6.49497 ], [ 2.39666, 6.49515 ], [ 2.39684, 6.49588 ], [ 2.39657, 6.49615 ], [ 2.39702, 6.49642 ], [ 2.39702, 6.49696 ], [ 2.39639, 6.49678 ], [ 2.3953, 6.49723 ], [ 2.3944, 6.49596 ], [ 2.39358, 6.49623 ], [ 2.39322, 6.49569 ], [ 2.39214, 6.49569 ], [ 2.39268, 6.49614 ], [ 2.39304, 6.49768 ], [ 2.3925, 6.49759 ], [ 2.39231, 6.49795 ], [ 2.39277, 6.49804 ], [ 2.39304, 6.49868 ], [ 2.39249, 6.49976 ], [ 2.39204, 6.49958 ], [ 2.39186, 6.49985 ], [ 2.3924, 6.50049 ], [ 2.3924, 6.50121 ], [ 2.39168, 6.50193 ], [ 2.39059, 6.50166 ], [ 2.39068, 6.50094 ], [ 2.39123, 6.50057 ], [ 2.39077, 6.50039 ], [ 2.39068, 6.4994 ], [ 2.39032, 6.49913 ], [ 2.39078, 6.49867 ], [ 2.39041, 6.49849 ], [ 2.39033, 6.49777 ], [ 2.39078, 6.49759 ], [ 2.39105, 6.49822 ], [ 2.39222, 6.49804 ], [ 2.39195, 6.4965 ], [ 2.3915, 6.49641 ], [ 2.3915, 6.49696 ], [ 2.39096, 6.49723 ], [ 2.39078, 6.49696 ], [ 2.39024, 6.49723 ], [ 2.38978, 6.49668 ], [ 2.38996, 6.49804 ], [ 2.38942, 6.49813 ], [ 2.38969, 6.49867 ], [ 2.38797, 6.49876 ], [ 2.38779, 6.50003 ], [ 2.38851, 6.50057 ], [ 2.38752, 6.50039 ], [ 2.38752, 6.49967 ], [ 2.3868, 6.49894 ], [ 2.3868, 6.49849 ], [ 2.38734, 6.4984 ], [ 2.38725, 6.49804 ], [ 2.38707, 6.49822 ], [ 2.38716, 6.49722 ], [ 2.38761, 6.49722 ], [ 2.38752, 6.49804 ], [ 2.3877, 6.49786 ], [ 2.38779, 6.49813 ], [ 2.38788, 6.4974 ], [ 2.38825, 6.4974 ], [ 2.38861, 6.49804 ], [ 2.38906, 6.49804 ], [ 2.38888, 6.49768 ], [ 2.38951, 6.4975 ], [ 2.38888, 6.49731 ], [ 2.3887, 6.49632 ], [ 2.38734, 6.49677 ], [ 2.38671, 6.49659 ], [ 2.38725, 6.49605 ], [ 2.38698, 6.49568 ], [ 2.38779, 6.49605 ], [ 2.38816, 6.49541 ], [ 2.38942, 6.49523 ], [ 2.38879, 6.4946 ], [ 2.38662, 6.49487 ], [ 2.38635, 6.49532 ], [ 2.3868, 6.49523 ], [ 2.3868, 6.49559 ], [ 2.38653, 6.49595 ], [ 2.3859, 6.49568 ], [ 2.3858, 6.49623 ], [ 2.38544, 6.49623 ], [ 2.38499, 6.49695 ], [ 2.38463, 6.49686 ], [ 2.38408, 6.49785 ], [ 2.38345, 6.49803 ], [ 2.38363, 6.49713 ], [ 2.38282, 6.49713 ], [ 2.38309, 6.49677 ], [ 2.38255, 6.49676 ], [ 2.38291, 6.4955 ], [ 2.38219, 6.49486 ], [ 2.38255, 6.49387 ], [ 2.38174, 6.49378 ], [ 2.38192, 6.49333 ], [ 2.38156, 6.49333 ], [ 2.38165, 6.49296 ], [ 2.38228, 6.49296 ], [ 2.38201, 6.49188 ], [ 2.38355, 6.49143 ], [ 2.384, 6.4926 ], [ 2.38454, 6.49215 ], [ 2.38418, 6.49179 ], [ 2.38463, 6.49098 ], [ 2.38445, 6.49071 ], [ 2.38572, 6.49062 ], [ 2.38608, 6.49035 ], [ 2.38572, 6.49016 ], [ 2.38581, 6.4898 ], [ 2.38644, 6.49007 ], [ 2.38708, 6.48944 ], [ 2.38726, 6.48998 ], [ 2.38807, 6.48999 ], [ 2.38798, 6.48845 ], [ 2.38708, 6.48845 ], [ 2.38717, 6.48808 ], [ 2.38681, 6.48808 ], [ 2.38699, 6.48781 ], [ 2.38645, 6.48745 ], [ 2.38654, 6.48691 ], [ 2.38717, 6.48682 ], [ 2.38663, 6.48591 ], [ 2.38726, 6.48546 ], [ 2.38763, 6.48546 ], [ 2.38781, 6.48591 ], [ 2.38817, 6.48546 ], [ 2.38898, 6.48583 ], [ 2.38844, 6.48474 ], [ 2.38898, 6.48429 ], [ 2.38899, 6.48239 ], [ 2.39007, 6.48157 ], [ 2.3898, 6.4813 ], [ 2.38998, 6.47967 ], [ 2.39044, 6.47931 ], [ 2.39098, 6.47977 ], [ 2.39116, 6.47913 ], [ 2.38872, 6.47804 ], [ 2.38809, 6.47687 ], [ 2.38682, 6.47614 ], [ 2.38637, 6.47659 ], [ 2.38673, 6.47714 ], [ 2.38655, 6.47777 ], [ 2.38601, 6.47786 ], [ 2.38592, 6.47741 ], [ 2.38556, 6.47777 ], [ 2.38429, 6.47768 ], [ 2.38365, 6.47894 ], [ 2.38483, 6.47994 ], [ 2.38573, 6.47994 ], [ 2.38573, 6.47895 ], [ 2.38519, 6.47831 ], [ 2.38546, 6.47795 ], [ 2.38655, 6.47822 ], [ 2.38682, 6.47904 ], [ 2.38782, 6.47886 ], [ 2.38772, 6.47931 ], [ 2.38736, 6.47931 ], [ 2.38718, 6.47976 ], [ 2.38601, 6.47949 ], [ 2.38564, 6.48112 ], [ 2.38456, 6.48075 ], [ 2.3841, 6.48102 ], [ 2.3841, 6.48175 ], [ 2.38284, 6.48111 ], [ 2.38293, 6.48166 ], [ 2.38248, 6.48166 ], [ 2.38266, 6.48066 ], [ 2.38392, 6.48111 ], [ 2.3841, 6.48048 ], [ 2.38392, 6.48021 ], [ 2.38374, 6.48075 ], [ 2.38311, 6.48057 ], [ 2.38338, 6.4784 ], [ 2.38266, 6.47795 ], [ 2.3823, 6.47849 ], [ 2.38203, 6.47813 ], [ 2.38221, 6.4774 ], [ 2.38176, 6.47786 ], [ 2.38094, 6.47776 ], [ 2.3814, 6.47722 ], [ 2.38085, 6.47704 ], [ 2.38112, 6.4765 ], [ 2.38067, 6.47623 ], [ 2.38103, 6.47623 ], [ 2.38158, 6.47442 ], [ 2.38248, 6.47451 ], [ 2.38221, 6.47378 ], [ 2.38258, 6.47306 ], [ 2.37986, 6.47143 ], [ 2.3795, 6.4708 ], [ 2.37896, 6.4708 ], [ 2.37869, 6.47025 ], [ 2.37815, 6.47025 ], [ 2.37788, 6.46971 ], [ 2.37733, 6.46971 ], [ 2.37643, 6.4688 ], [ 2.37616, 6.46772 ], [ 2.37562, 6.46744 ], [ 2.37426, 6.46844 ], [ 2.37453, 6.46871 ], [ 2.37426, 6.46934 ], [ 2.37381, 6.46916 ], [ 2.37263, 6.46997 ], [ 2.37272, 6.47024 ], [ 2.37163, 6.47133 ], [ 2.37209, 6.47187 ], [ 2.37055, 6.4725 ], [ 2.37055, 6.47323 ], [ 2.37127, 6.47287 ], [ 2.37163, 6.47305 ], [ 2.37163, 6.47359 ], [ 2.37245, 6.47377 ], [ 2.3719, 6.47413 ], [ 2.37091, 6.47386 ], [ 2.37091, 6.47449 ], [ 2.37045, 6.47395 ], [ 2.37045, 6.47504 ], [ 2.37009, 6.47522 ], [ 2.37, 6.47603 ], [ 2.37045, 6.47685 ], [ 2.36991, 6.47694 ], [ 2.36955, 6.47648 ], [ 2.36973, 6.47522 ], [ 2.36928, 6.47522 ], [ 2.36919, 6.4744 ], [ 2.36874, 6.47431 ], [ 2.36865, 6.47386 ], [ 2.36711, 6.47377 ], [ 2.36711, 6.4744 ], [ 2.36638, 6.47404 ], [ 2.36602, 6.4744 ], [ 2.36711, 6.47485 ], [ 2.3662, 6.47557 ], [ 2.3653, 6.47575 ], [ 2.3653, 6.47612 ], [ 2.36602, 6.47675 ], [ 2.36584, 6.47738 ], [ 2.36629, 6.4772 ], [ 2.36647, 6.47747 ], [ 2.36656, 6.4782 ], [ 2.36629, 6.47856 ], [ 2.36566, 6.47838 ], [ 2.36566, 6.47784 ], [ 2.36593, 6.47802 ], [ 2.36575, 6.47756 ], [ 2.3643, 6.47783 ], [ 2.36448, 6.47801 ], [ 2.36412, 6.4782 ], [ 2.36466, 6.4791 ], [ 2.36394, 6.47928 ], [ 2.36394, 6.47955 ], [ 2.36511, 6.47955 ], [ 2.36511, 6.47919 ], [ 2.36575, 6.47919 ], [ 2.3652, 6.47937 ], [ 2.36565, 6.47974 ], [ 2.36611, 6.47937 ], [ 2.36602, 6.47856 ], [ 2.36683, 6.47874 ], [ 2.36774, 6.47847 ], [ 2.369, 6.47911 ], [ 2.36909, 6.47956 ], [ 2.36927, 6.47911 ], [ 2.36936, 6.47956 ], [ 2.37, 6.47947 ], [ 2.37036, 6.47838 ], [ 2.37009, 6.47811 ], [ 2.37054, 6.47802 ], [ 2.37045, 6.47857 ], [ 2.37072, 6.47911 ], [ 2.37099, 6.47902 ], [ 2.37081, 6.47929 ], [ 2.37126, 6.47938 ], [ 2.3709, 6.47992 ], [ 2.37144, 6.4801 ], [ 2.37171, 6.47929 ], [ 2.37253, 6.47911 ], [ 2.3728, 6.47866 ], [ 2.37244, 6.47848 ], [ 2.37235, 6.47784 ], [ 2.37181, 6.47784 ], [ 2.37163, 6.47839 ], [ 2.37117, 6.47838 ], [ 2.3709, 6.47639 ], [ 2.37145, 6.47612 ], [ 2.37118, 6.47667 ], [ 2.37154, 6.47739 ], [ 2.37371, 6.47748 ], [ 2.3738, 6.47667 ], [ 2.37317, 6.47658 ], [ 2.37362, 6.47649 ], [ 2.37317, 6.47622 ], [ 2.37425, 6.47613 ], [ 2.37398, 6.47558 ], [ 2.37434, 6.47549 ], [ 2.37452, 6.47613 ], [ 2.37506, 6.47631 ], [ 2.37543, 6.47586 ], [ 2.37516, 6.47568 ], [ 2.37479, 6.47604 ], [ 2.37479, 6.4754 ], [ 2.3757, 6.47459 ], [ 2.37552, 6.47423 ], [ 2.37516, 6.4745 ], [ 2.37471, 6.47423 ], [ 2.3748, 6.47314 ], [ 2.37389, 6.47341 ], [ 2.37407, 6.47278 ], [ 2.37543, 6.47287 ], [ 2.37552, 6.4735 ], [ 2.37606, 6.47396 ], [ 2.37715, 6.47423 ], [ 2.3776, 6.4736 ], [ 2.37733, 6.47287 ], [ 2.37778, 6.4726 ], [ 2.37769, 6.47369 ], [ 2.37823, 6.47378 ], [ 2.37832, 6.47414 ], [ 2.37769, 6.47432 ], [ 2.37787, 6.4755 ], [ 2.37697, 6.47541 ], [ 2.37714, 6.47713 ], [ 2.37624, 6.4774 ], [ 2.37606, 6.47875 ], [ 2.37678, 6.47875 ], [ 2.37696, 6.47803 ], [ 2.37769, 6.4783 ], [ 2.37741, 6.47975 ], [ 2.37714, 6.47975 ], [ 2.37705, 6.47993 ], [ 2.37669, 6.4793 ], [ 2.37651, 6.47984 ], [ 2.37678, 6.48011 ], [ 2.37741, 6.47984 ], [ 2.37768, 6.48056 ], [ 2.37813, 6.48075 ], [ 2.37922, 6.48029 ], [ 2.37868, 6.48011 ], [ 2.37895, 6.47966 ], [ 2.37841, 6.47939 ], [ 2.37877, 6.47876 ], [ 2.37986, 6.47903 ], [ 2.38076, 6.48021 ], [ 2.3813, 6.48021 ], [ 2.38031, 6.48066 ], [ 2.38012, 6.4812 ], [ 2.38012, 6.48328 ], [ 2.38066, 6.48355 ], [ 2.38075, 6.4841 ], [ 2.3803, 6.48446 ], [ 2.37967, 6.48391 ], [ 2.37822, 6.484 ], [ 2.37831, 6.48355 ], [ 2.37867, 6.48373 ], [ 2.37895, 6.48328 ], [ 2.37895, 6.48274 ], [ 2.37949, 6.48265 ], [ 2.37949, 6.48219 ], [ 2.3784, 6.48201 ], [ 2.37831, 6.48147 ], [ 2.37777, 6.48156 ], [ 2.37795, 6.48183 ], [ 2.37795, 6.48237 ], [ 2.37777, 6.48192 ], [ 2.37723, 6.48328 ], [ 2.37677, 6.48328 ], [ 2.37678, 6.48228 ], [ 2.37641, 6.48201 ], [ 2.37632, 6.48382 ], [ 2.37605, 6.48382 ], [ 2.37641, 6.48491 ], [ 2.37596, 6.485 ], [ 2.37596, 6.48418 ], [ 2.37506, 6.484 ], [ 2.37478, 6.48563 ], [ 2.37559, 6.48671 ], [ 2.37641, 6.48662 ], [ 2.37677, 6.48599 ], [ 2.37695, 6.48644 ], [ 2.37704, 6.48599 ], [ 2.37768, 6.48635 ], [ 2.37677, 6.48717 ], [ 2.37686, 6.48798 ], [ 2.37478, 6.48816 ], [ 2.37397, 6.48762 ], [ 2.37342, 6.48771 ], [ 2.37297, 6.48716 ], [ 2.37261, 6.48734 ], [ 2.3727, 6.48798 ], [ 2.37207, 6.48825 ], [ 2.37225, 6.48897 ], [ 2.3708, 6.48843 ], [ 2.37025, 6.49033 ], [ 2.37062, 6.49024 ], [ 2.37052, 6.49096 ], [ 2.37107, 6.49069 ], [ 2.37116, 6.49105 ], [ 2.3707, 6.4915 ], [ 2.3698, 6.4915 ], [ 2.36971, 6.49268 ], [ 2.37034, 6.49322 ], [ 2.37034, 6.49259 ], [ 2.3707, 6.4925 ], [ 2.3707, 6.49395 ], [ 2.37106, 6.4934 ], [ 2.37143, 6.49395 ], [ 2.37233, 6.49377 ], [ 2.37224, 6.4925 ], [ 2.37269, 6.49169 ], [ 2.37215, 6.49159 ], [ 2.37261, 6.4906 ], [ 2.37197, 6.49078 ], [ 2.37197, 6.49051 ], [ 2.37224, 6.48997 ], [ 2.3727, 6.49015 ], [ 2.37306, 6.48988 ], [ 2.37306, 6.4906 ], [ 2.37342, 6.49051 ], [ 2.37324, 6.49087 ], [ 2.37414, 6.49087 ], [ 2.3745, 6.49124 ], [ 2.37459, 6.49196 ], [ 2.37514, 6.49223 ], [ 2.37486, 6.49259 ], [ 2.37523, 6.49268 ], [ 2.37513, 6.49305 ], [ 2.37631, 6.49287 ], [ 2.37595, 6.49404 ], [ 2.37604, 6.49449 ], [ 2.37649, 6.49459 ], [ 2.37622, 6.49549 ], [ 2.37667, 6.4954 ], [ 2.37676, 6.49567 ], [ 2.37631, 6.49585 ], [ 2.37613, 6.49658 ], [ 2.37549, 6.49657 ], [ 2.37504, 6.49703 ], [ 2.37567, 6.49829 ], [ 2.37612, 6.49811 ], [ 2.37576, 6.49775 ], [ 2.37649, 6.49775 ], [ 2.3764, 6.49721 ], [ 2.37621, 6.49739 ], [ 2.37585, 6.49694 ], [ 2.37667, 6.49685 ], [ 2.37712, 6.49621 ], [ 2.37775, 6.49603 ], [ 2.37793, 6.49631 ], [ 2.37739, 6.49676 ], [ 2.3783, 6.49658 ], [ 2.37848, 6.49703 ], [ 2.37739, 6.49757 ], [ 2.37775, 6.49812 ], [ 2.3773, 6.49821 ], [ 2.37721, 6.49866 ], [ 2.3782, 6.49848 ], [ 2.37793, 6.49793 ], [ 2.37857, 6.49785 ], [ 2.37983, 6.49857 ], [ 2.3801, 6.49957 ], [ 2.38056, 6.49866 ], [ 2.38236, 6.49948 ], [ 2.38273, 6.49921 ], [ 2.38354, 6.49957 ], [ 2.3839, 6.49921 ], [ 2.38462, 6.49939 ], [ 2.38463, 6.4984 ], [ 2.38517, 6.49831 ], [ 2.38526, 6.49903 ], [ 2.3858, 6.49948 ], [ 2.38517, 6.49993 ], [ 2.38607, 6.50003 ], [ 2.38589, 6.49948 ], [ 2.38616, 6.49912 ], [ 2.38689, 6.49939 ], [ 2.38634, 6.50012 ], [ 2.38562, 6.50039 ], [ 2.38517, 6.50011 ], [ 2.38571, 6.5012 ], [ 2.3848, 6.50093 ], [ 2.38471, 6.50048 ], [ 2.38354, 6.50047 ], [ 2.38345, 6.5002 ], [ 2.38399, 6.50011 ], [ 2.38417, 6.49966 ], [ 2.38309, 6.5002 ], [ 2.38254, 6.49993 ], [ 2.38282, 6.49966 ], [ 2.38182, 6.49975 ], [ 2.38209, 6.50047 ], [ 2.38137, 6.50056 ], [ 2.37983, 6.50011 ], [ 2.3801, 6.50056 ], [ 2.38227, 6.50129 ], [ 2.38354, 6.50075 ], [ 2.38417, 6.50138 ], [ 2.38408, 6.50174 ], [ 2.38471, 6.50174 ], [ 2.38408, 6.50183 ], [ 2.38453, 6.5021 ], [ 2.38498, 6.50192 ], [ 2.38498, 6.50138 ], [ 2.3867, 6.50202 ], [ 2.38706, 6.50184 ], [ 2.38715, 6.50238 ], [ 2.3867, 6.50238 ], [ 2.38534, 6.50391 ], [ 2.38489, 6.50364 ], [ 2.38489, 6.50283 ], [ 2.38453, 6.50364 ], [ 2.38435, 6.50292 ], [ 2.3839, 6.50283 ], [ 2.38344, 6.50301 ], [ 2.38362, 6.50364 ], [ 2.38281, 6.50364 ], [ 2.38272, 6.50391 ], [ 2.38263, 6.50319 ], [ 2.38218, 6.50346 ], [ 2.38182, 6.50346 ], [ 2.38173, 6.50301 ], [ 2.38163, 6.50337 ], [ 2.38073, 6.50328 ], [ 2.38091, 6.50273 ], [ 2.38037, 6.50237 ], [ 2.38118, 6.50183 ], [ 2.38037, 6.50192 ], [ 2.37992, 6.50156 ], [ 2.37938, 6.50192 ], [ 2.37874, 6.50146 ], [ 2.37847, 6.50174 ], [ 2.37928, 6.50273 ], [ 2.37901, 6.50309 ], [ 2.37919, 6.50373 ], [ 2.38019, 6.50409 ], [ 2.38028, 6.50445 ], [ 2.38109, 6.50445 ], [ 2.38064, 6.50481 ], [ 2.38109, 6.50572 ], [ 2.38181, 6.50599 ], [ 2.38199, 6.50527 ], [ 2.3829, 6.50545 ], [ 2.3829, 6.50572 ], [ 2.38236, 6.50563 ], [ 2.38236, 6.50608 ], [ 2.38172, 6.50608 ], [ 2.3819, 6.50644 ], [ 2.38353, 6.50599 ], [ 2.3838, 6.50627 ], [ 2.38353, 6.50654 ], [ 2.38398, 6.50654 ], [ 2.38462, 6.50491 ], [ 2.38444, 6.50446 ], [ 2.38399, 6.50455 ], [ 2.38399, 6.50418 ], [ 2.38453, 6.50373 ], [ 2.38507, 6.5041 ], [ 2.38598, 6.50383 ], [ 2.38652, 6.50464 ], [ 2.3848, 6.50482 ], [ 2.38543, 6.50563 ], [ 2.38507, 6.50636 ], [ 2.38561, 6.50672 ], [ 2.38498, 6.50753 ], [ 2.38507, 6.50853 ], [ 2.3857, 6.50889 ], [ 2.38524, 6.51034 ], [ 2.38561, 6.51097 ], [ 2.38597, 6.51079 ], [ 2.38615, 6.51161 ], [ 2.38714, 6.51115 ], [ 2.38723, 6.51197 ], [ 2.38787, 6.51188 ], [ 2.38714, 6.51305 ], [ 2.38768, 6.51324 ], [ 2.3875, 6.51378 ], [ 2.38832, 6.51432 ], [ 2.38786, 6.5145 ], [ 2.3875, 6.51387 ], [ 2.38669, 6.51387 ], [ 2.3866, 6.51468 ], [ 2.3885, 6.51487 ], [ 2.38859, 6.51514 ], [ 2.38895, 6.51505 ], [ 2.38877, 6.51468 ], [ 2.38931, 6.51469 ], [ 2.38949, 6.51541 ], [ 2.3903, 6.51469 ], [ 2.38949, 6.51423 ], [ 2.38958, 6.51369 ], [ 2.38913, 6.51315 ], [ 2.38868, 6.51333 ], [ 2.38904, 6.51396 ], [ 2.38814, 6.5136 ], [ 2.38859, 6.51342 ], [ 2.38859, 6.51242 ], [ 2.38832, 6.51233 ], [ 2.38904, 6.51197 ], [ 2.39031, 6.51261 ], [ 2.39085, 6.51188 ], [ 2.3923, 6.51207 ], [ 2.39203, 6.51161 ], [ 2.38958, 6.51152 ], [ 2.38977, 6.51089 ], [ 2.38931, 6.5108 ], [ 2.38895, 6.50989 ], [ 2.38895, 6.50935 ], [ 2.38959, 6.50917 ], [ 2.38968, 6.51016 ], [ 2.39022, 6.50953 ], [ 2.39094, 6.50953 ], [ 2.39112, 6.51007 ], [ 2.39067, 6.51007 ], [ 2.39094, 6.51125 ], [ 2.39275, 6.51071 ], [ 2.39302, 6.51134 ], [ 2.39447, 6.51189 ], [ 2.39429, 6.51225 ], [ 2.39637, 6.51252 ], [ 2.39709, 6.51298 ], [ 2.39718, 6.51352 ], [ 2.39872, 6.51343 ], [ 2.39818, 6.51316 ], [ 2.39827, 6.51271 ], [ 2.39872, 6.51262 ], [ 2.39845, 6.51189 ], [ 2.39935, 6.5118 ], [ 2.39972, 6.51198 ], [ 2.39944, 6.51216 ], [ 2.40017, 6.51226 ], [ 2.40071, 6.5128 ], [ 2.40053, 6.51307 ], [ 2.40026, 6.51289 ], [ 2.40017, 6.51334 ], [ 2.40107, 6.51316 ], [ 2.40125, 6.51352 ], [ 2.40089, 6.51379 ], [ 2.40143, 6.51389 ], [ 2.40161, 6.51343 ], [ 2.4017, 6.51398 ], [ 2.40134, 6.51425 ], [ 2.39989, 6.51407 ], [ 2.39935, 6.51452 ], [ 2.39926, 6.51415 ], [ 2.39917, 6.51452 ], [ 2.39799, 6.51415 ], [ 2.39799, 6.51461 ], [ 2.39817, 6.51515 ], [ 2.39826, 6.51461 ], [ 2.39872, 6.51506 ], [ 2.39881, 6.51614 ], [ 2.39908, 6.5156 ], [ 2.39908, 6.51633 ], [ 2.39944, 6.51669 ], [ 2.40007, 6.51705 ], [ 2.40043, 6.5166 ] ], [ [ 2.37803, 6.4945 ], [ 2.37794, 6.49368 ], [ 2.37848, 6.49341 ], [ 2.37866, 6.49269 ], [ 2.37667, 6.49269 ], [ 2.37667, 6.49241 ], [ 2.37731, 6.49251 ], [ 2.37722, 6.49169 ], [ 2.37776, 6.49124 ], [ 2.37848, 6.49124 ], [ 2.37839, 6.4916 ], [ 2.37875, 6.49178 ], [ 2.38056, 6.49188 ], [ 2.38065, 6.49269 ], [ 2.38111, 6.49269 ], [ 2.38029, 6.49296 ], [ 2.38074, 6.49387 ], [ 2.38056, 6.4945 ], [ 2.37993, 6.49459 ], [ 2.37993, 6.49486 ], [ 2.37803, 6.4945 ] ], [ [ 2.38337, 6.4898 ], [ 2.38319, 6.4888 ], [ 2.384, 6.48899 ], [ 2.38391, 6.48826 ], [ 2.38337, 6.4879 ], [ 2.38382, 6.48772 ], [ 2.38428, 6.48808 ], [ 2.3841, 6.48736 ], [ 2.38455, 6.48763 ], [ 2.38437, 6.48862 ], [ 2.38473, 6.48862 ], [ 2.38491, 6.48808 ], [ 2.38563, 6.48817 ], [ 2.38563, 6.48926 ], [ 2.38455, 6.48944 ], [ 2.38418, 6.48899 ], [ 2.38364, 6.48908 ], [ 2.38382, 6.4898 ], [ 2.38337, 6.4898 ] ], [ [ 2.38464, 6.48654 ], [ 2.38482, 6.486 ], [ 2.38536, 6.48618 ], [ 2.38527, 6.48537 ], [ 2.38446, 6.48555 ], [ 2.38437, 6.48609 ], [ 2.38383, 6.48627 ], [ 2.38238, 6.48609 ], [ 2.38265, 6.48591 ], [ 2.38138, 6.48627 ], [ 2.38075, 6.486 ], [ 2.38075, 6.48582 ], [ 2.38283, 6.48518 ], [ 2.38193, 6.485 ], [ 2.38193, 6.48473 ], [ 2.38274, 6.48491 ], [ 2.38274, 6.48383 ], [ 2.38238, 6.48419 ], [ 2.38238, 6.48374 ], [ 2.38283, 6.48356 ], [ 2.38347, 6.48365 ], [ 2.38347, 6.4841 ], [ 2.38428, 6.48437 ], [ 2.38464, 6.48492 ], [ 2.38537, 6.48474 ], [ 2.38582, 6.48247 ], [ 2.38745, 6.48302 ], [ 2.38681, 6.48338 ], [ 2.38681, 6.48374 ], [ 2.38745, 6.48383 ], [ 2.38781, 6.48329 ], [ 2.3879, 6.48401 ], [ 2.38718, 6.48438 ], [ 2.38736, 6.4851 ], [ 2.3869, 6.48519 ], [ 2.38672, 6.48483 ], [ 2.38645, 6.486 ], [ 2.38573, 6.48582 ], [ 2.386, 6.48673 ], [ 2.38545, 6.48654 ], [ 2.38446, 6.48691 ], [ 2.38419, 6.48663 ], [ 2.38464, 6.48654 ] ], [ [ 2.37877, 6.47496 ], [ 2.37823, 6.47324 ], [ 2.37878, 6.47215 ], [ 2.37815, 6.47188 ], [ 2.37896, 6.47179 ], [ 2.37914, 6.4726 ], [ 2.38032, 6.47288 ], [ 2.38004, 6.47315 ], [ 2.3804, 6.47342 ], [ 2.37986, 6.47342 ], [ 2.37986, 6.47396 ], [ 2.38077, 6.47387 ], [ 2.3804, 6.47442 ], [ 2.38104, 6.47442 ], [ 2.38104, 6.47478 ], [ 2.38013, 6.47451 ], [ 2.38013, 6.47405 ], [ 2.37905, 6.47387 ], [ 2.37887, 6.47469 ], [ 2.37914, 6.4746 ], [ 2.37923, 6.47496 ], [ 2.37877, 6.47496 ] ] ], [ [ [ 2.3763, 6.50182 ], [ 2.37711, 6.50137 ], [ 2.37721, 6.50065 ], [ 2.37757, 6.50065 ], [ 2.37757, 6.50101 ], [ 2.3782, 6.50092 ], [ 2.37793, 6.49965 ], [ 2.37766, 6.5002 ], [ 2.37694, 6.49992 ], [ 2.37694, 6.49956 ], [ 2.37612, 6.49965 ], [ 2.37603, 6.49911 ], [ 2.37567, 6.49956 ], [ 2.37504, 6.49838 ], [ 2.37413, 6.49829 ], [ 2.3744, 6.49929 ], [ 2.37404, 6.49992 ], [ 2.37431, 6.49974 ], [ 2.37458, 6.49983 ], [ 2.3744, 6.50001 ], [ 2.37341, 6.50001 ], [ 2.37341, 6.49947 ], [ 2.37314, 6.49947 ], [ 2.37332, 6.50037 ], [ 2.37449, 6.50028 ], [ 2.37458, 6.50055 ], [ 2.37377, 6.5011 ], [ 2.37485, 6.5011 ], [ 2.37512, 6.50164 ], [ 2.3754, 6.50101 ], [ 2.3754, 6.50182 ], [ 2.37612, 6.50264 ], [ 2.37648, 6.50255 ], [ 2.3763, 6.50182 ] ] ], [ [ [ 2.38127, 6.50807 ], [ 2.38045, 6.50798 ], [ 2.381, 6.50771 ], [ 2.38082, 6.50717 ], [ 2.38036, 6.5078 ], [ 2.38, 6.50753 ], [ 2.37937, 6.50771 ], [ 2.38036, 6.50617 ], [ 2.38028, 6.50563 ], [ 2.37964, 6.50517 ], [ 2.37892, 6.50554 ], [ 2.3791, 6.50617 ], [ 2.37856, 6.50599 ], [ 2.37738, 6.50743 ], [ 2.37774, 6.50789 ], [ 2.37828, 6.50789 ], [ 2.37837, 6.50743 ], [ 2.3781, 6.50734 ], [ 2.37892, 6.50725 ], [ 2.3791, 6.50807 ], [ 2.38027, 6.50807 ], [ 2.38054, 6.50843 ], [ 2.38118, 6.50843 ], [ 2.38127, 6.50807 ] ] ], [ [ [ 2.3733, 6.51774 ], [ 2.37266, 6.51738 ], [ 2.37284, 6.51693 ], [ 2.37511, 6.51711 ], [ 2.37511, 6.51666 ], [ 2.37429, 6.51584 ], [ 2.37303, 6.51648 ], [ 2.3733, 6.51548 ], [ 2.37276, 6.5153 ], [ 2.37285, 6.51485 ], [ 2.37348, 6.51521 ], [ 2.37357, 6.51566 ], [ 2.37348, 6.51476 ], [ 2.37438, 6.51449 ], [ 2.37411, 6.51512 ], [ 2.37456, 6.5153 ], [ 2.37474, 6.51612 ], [ 2.37547, 6.51639 ], [ 2.37565, 6.51693 ], [ 2.37719, 6.51639 ], [ 2.37728, 6.51603 ], [ 2.37782, 6.5163 ], [ 2.379, 6.51531 ], [ 2.379, 6.51458 ], [ 2.37891, 6.51404 ], [ 2.37855, 6.51404 ], [ 2.37855, 6.51458 ], [ 2.378, 6.5144 ], [ 2.378, 6.51476 ], [ 2.37782, 6.51485 ], [ 2.37782, 6.51422 ], [ 2.37728, 6.5144 ], [ 2.37737, 6.51359 ], [ 2.37828, 6.5135 ], [ 2.37837, 6.51404 ], [ 2.37837, 6.51359 ], [ 2.37891, 6.51304 ], [ 2.37909, 6.51332 ], [ 2.37945, 6.51323 ], [ 2.37918, 6.51277 ], [ 2.38027, 6.51196 ], [ 2.38009, 6.5116 ], [ 2.379, 6.51151 ], [ 2.37891, 6.51178 ], [ 2.37837, 6.51151 ], [ 2.37837, 6.51304 ], [ 2.37746, 6.5134 ], [ 2.37601, 6.51331 ], [ 2.37574, 6.51268 ], [ 2.3752, 6.51295 ], [ 2.37529, 6.5125 ], [ 2.37421, 6.5125 ], [ 2.37402, 6.51286 ], [ 2.37448, 6.51349 ], [ 2.37375, 6.51367 ], [ 2.37348, 6.51449 ], [ 2.37285, 6.51467 ], [ 2.37176, 6.51421 ], [ 2.37194, 6.51358 ], [ 2.3724, 6.51358 ], [ 2.37222, 6.51331 ], [ 2.37258, 6.51277 ], [ 2.37195, 6.51231 ], [ 2.37204, 6.51195 ], [ 2.37131, 6.51195 ], [ 2.37104, 6.51177 ], [ 2.37113, 6.51141 ], [ 2.3714, 6.51186 ], [ 2.37186, 6.51168 ], [ 2.37131, 6.51141 ], [ 2.37149, 6.51086 ], [ 2.37104, 6.51095 ], [ 2.37195, 6.51059 ], [ 2.37204, 6.51005 ], [ 2.37159, 6.50996 ], [ 2.37159, 6.50942 ], [ 2.37231, 6.50897 ], [ 2.3724, 6.50833 ], [ 2.37294, 6.50906 ], [ 2.37376, 6.50933 ], [ 2.3734, 6.50842 ], [ 2.3734, 6.50815 ], [ 2.37376, 6.50824 ], [ 2.37367, 6.50779 ], [ 2.37457, 6.50761 ], [ 2.3753, 6.50788 ], [ 2.37539, 6.50725 ], [ 2.37575, 6.50743 ], [ 2.37602, 6.50617 ], [ 2.3753, 6.5058 ], [ 2.37666, 6.50553 ], [ 2.37675, 6.50481 ], [ 2.37593, 6.50499 ], [ 2.37566, 6.50445 ], [ 2.37485, 6.50454 ], [ 2.37494, 6.50535 ], [ 2.37403, 6.50544 ], [ 2.37421, 6.50562 ], [ 2.37331, 6.50707 ], [ 2.37177, 6.50706 ], [ 2.37195, 6.50788 ], [ 2.37132, 6.50833 ], [ 2.36933, 6.50869 ], [ 2.36978, 6.50887 ], [ 2.36887, 6.50887 ], [ 2.36896, 6.50851 ], [ 2.3696, 6.50842 ], [ 2.36951, 6.50815 ], [ 2.36906, 6.50824 ], [ 2.36851, 6.5095 ], [ 2.36923, 6.50987 ], [ 2.36996, 6.50941 ], [ 2.36969, 6.51005 ], [ 2.37032, 6.51032 ], [ 2.3705, 6.51113 ], [ 2.37023, 6.51249 ], [ 2.36996, 6.51204 ], [ 2.37032, 6.51141 ], [ 2.36959, 6.5114 ], [ 2.36959, 6.51394 ], [ 2.36905, 6.51367 ], [ 2.36923, 6.51439 ], [ 2.37013, 6.51439 ], [ 2.36959, 6.51484 ], [ 2.36968, 6.51584 ], [ 2.37004, 6.5152 ], [ 2.37085, 6.51611 ], [ 2.37058, 6.51647 ], [ 2.37113, 6.51702 ], [ 2.37149, 6.51702 ], [ 2.37158, 6.51629 ], [ 2.37167, 6.5172 ], [ 2.37212, 6.51711 ], [ 2.37212, 6.51765 ], [ 2.37266, 6.51783 ], [ 2.37248, 6.51837 ], [ 2.3732, 6.51819 ], [ 2.3733, 6.51774 ] ] ], [ [ [ 2.38533, 6.51776 ], [ 2.38632, 6.51731 ], [ 2.38623, 6.51685 ], [ 2.3856, 6.51712 ], [ 2.38569, 6.51649 ], [ 2.38696, 6.51631 ], [ 2.38723, 6.51658 ], [ 2.38768, 6.51622 ], [ 2.38768, 6.51568 ], [ 2.38741, 6.51559 ], [ 2.38732, 6.51604 ], [ 2.38732, 6.51541 ], [ 2.38687, 6.51523 ], [ 2.3856, 6.5155 ], [ 2.38596, 6.51495 ], [ 2.38533, 6.51459 ], [ 2.38497, 6.51477 ], [ 2.38488, 6.51441 ], [ 2.38596, 6.51396 ], [ 2.38633, 6.51305 ], [ 2.38533, 6.51278 ], [ 2.38506, 6.51305 ], [ 2.38524, 6.51369 ], [ 2.38488, 6.51396 ], [ 2.38443, 6.51305 ], [ 2.38506, 6.51269 ], [ 2.38497, 6.51242 ], [ 2.38352, 6.51205 ], [ 2.38361, 6.51169 ], [ 2.38398, 6.51178 ], [ 2.38371, 6.51124 ], [ 2.38343, 6.51115 ], [ 2.38316, 6.51169 ], [ 2.38262, 6.51124 ], [ 2.38226, 6.51196 ], [ 2.3828, 6.51214 ], [ 2.38298, 6.51269 ], [ 2.38189, 6.51278 ], [ 2.3818, 6.51314 ], [ 2.38171, 6.51278 ], [ 2.38126, 6.51287 ], [ 2.38126, 6.51323 ], [ 2.38162, 6.51305 ], [ 2.38226, 6.51386 ], [ 2.38171, 6.51404 ], [ 2.38153, 6.51558 ], [ 2.3818, 6.51694 ], [ 2.38261, 6.51658 ], [ 2.38225, 6.51721 ], [ 2.38352, 6.51721 ], [ 2.3837, 6.51622 ], [ 2.38343, 6.51631 ], [ 2.38334, 6.51594 ], [ 2.38397, 6.51586 ], [ 2.38361, 6.51531 ], [ 2.38406, 6.51504 ], [ 2.38433, 6.51522 ], [ 2.38397, 6.51595 ], [ 2.38415, 6.51694 ], [ 2.3837, 6.51766 ], [ 2.38469, 6.51785 ], [ 2.38478, 6.51857 ], [ 2.38533, 6.51776 ] ] ], [ [ [ 2.37981, 6.51802 ], [ 2.38035, 6.51721 ], [ 2.38135, 6.51748 ], [ 2.38171, 6.51694 ], [ 2.38062, 6.51685 ], [ 2.38044, 6.51612 ], [ 2.3799, 6.51675 ], [ 2.37945, 6.5163 ], [ 2.37972, 6.51585 ], [ 2.37936, 6.51576 ], [ 2.37918, 6.51684 ], [ 2.37954, 6.51712 ], [ 2.37908, 6.51775 ], [ 2.37981, 6.51802 ] ] ], [ [ [ 2.38089, 6.52037 ], [ 2.38234, 6.52001 ], [ 2.38288, 6.51929 ], [ 2.3837, 6.51965 ], [ 2.38406, 6.51884 ], [ 2.38451, 6.51875 ], [ 2.38451, 6.51848 ], [ 2.38415, 6.51866 ], [ 2.38388, 6.51794 ], [ 2.38288, 6.51775 ], [ 2.38252, 6.5183 ], [ 2.38216, 6.51793 ], [ 2.3818, 6.51811 ], [ 2.38162, 6.51893 ], [ 2.38189, 6.51893 ], [ 2.38198, 6.51929 ], [ 2.38116, 6.51875 ], [ 2.38116, 6.51838 ], [ 2.38053, 6.51884 ], [ 2.38053, 6.51938 ], [ 2.37981, 6.51911 ], [ 2.37981, 6.52001 ], [ 2.38089, 6.52037 ] ] ], [ [ [ 2.37808, 6.52309 ], [ 2.37772, 6.52272 ], [ 2.37808, 6.52272 ], [ 2.37817, 6.52227 ], [ 2.37781, 6.52218 ], [ 2.37736, 6.52263 ], [ 2.37718, 6.522 ], [ 2.37646, 6.522 ], [ 2.37673, 6.52118 ], [ 2.37591, 6.52154 ], [ 2.37627, 6.52272 ], [ 2.37655, 6.52227 ], [ 2.37718, 6.52245 ], [ 2.37682, 6.52317 ], [ 2.37754, 6.52381 ], [ 2.37808, 6.52309 ] ] ], [ [ [ 2.37328, 6.52815 ], [ 2.37301, 6.52815 ], [ 2.3731, 6.52778 ], [ 2.37382, 6.52815 ], [ 2.37455, 6.52797 ], [ 2.375, 6.5286 ], [ 2.37518, 6.52833 ], [ 2.37609, 6.52842 ], [ 2.37591, 6.52806 ], [ 2.375, 6.52788 ], [ 2.37573, 6.5277 ], [ 2.37582, 6.52724 ], [ 2.37681, 6.52743 ], [ 2.37681, 6.52806 ], [ 2.37735, 6.52797 ], [ 2.37744, 6.52842 ], [ 2.37781, 6.52815 ], [ 2.37735, 6.52761 ], [ 2.37772, 6.52707 ], [ 2.37754, 6.52571 ], [ 2.37636, 6.52489 ], [ 2.3769, 6.52462 ], [ 2.37691, 6.52417 ], [ 2.37564, 6.52444 ], [ 2.37428, 6.52344 ], [ 2.37401, 6.52435 ], [ 2.37238, 6.52416 ], [ 2.37175, 6.5248 ], [ 2.37139, 6.52353 ], [ 2.37094, 6.52362 ], [ 2.37121, 6.52443 ], [ 2.37075, 6.52461 ], [ 2.37075, 6.52489 ], [ 2.37139, 6.52471 ], [ 2.37148, 6.52425 ], [ 2.37166, 6.52453 ], [ 2.37157, 6.52543 ], [ 2.37202, 6.52606 ], [ 2.37166, 6.52724 ], [ 2.3722, 6.52769 ], [ 2.37211, 6.52842 ], [ 2.37328, 6.52878 ], [ 2.37328, 6.52815 ] ] ], [ [ [ 2.37364, 6.5324 ], [ 2.37337, 6.53222 ], [ 2.37382, 6.53149 ], [ 2.37337, 6.53176 ], [ 2.3731, 6.53113 ], [ 2.37373, 6.52987 ], [ 2.37301, 6.52977 ], [ 2.3731, 6.52923 ], [ 2.37229, 6.52932 ], [ 2.37256, 6.5295 ], [ 2.37165, 6.53004 ], [ 2.37102, 6.52986 ], [ 2.37111, 6.53131 ], [ 2.37147, 6.53095 ], [ 2.3721, 6.53104 ], [ 2.37183, 6.53041 ], [ 2.37256, 6.53068 ], [ 2.37183, 6.53176 ], [ 2.37201, 6.53249 ], [ 2.37282, 6.53231 ], [ 2.37346, 6.53276 ], [ 2.37364, 6.5324 ] ] ], [ [ [ 2.38249, 6.54707 ], [ 2.38276, 6.54616 ], [ 2.38348, 6.54634 ], [ 2.38384, 6.54571 ], [ 2.38439, 6.54662 ], [ 2.3843, 6.54598 ], [ 2.38466, 6.54553 ], [ 2.38502, 6.54571 ], [ 2.38484, 6.54607 ], [ 2.38602, 6.5458 ], [ 2.38592, 6.54653 ], [ 2.38656, 6.54644 ], [ 2.38683, 6.54499 ], [ 2.38638, 6.5449 ], [ 2.38629, 6.54445 ], [ 2.38692, 6.54445 ], [ 2.38692, 6.54409 ], [ 2.3862, 6.54418 ], [ 2.38547, 6.54481 ], [ 2.38538, 6.54445 ], [ 2.38502, 6.54454 ], [ 2.38538, 6.5439 ], [ 2.38502, 6.54399 ], [ 2.38475, 6.54327 ], [ 2.38557, 6.54291 ], [ 2.38647, 6.54336 ], [ 2.38674, 6.543 ], [ 2.3862, 6.54237 ], [ 2.3862, 6.54182 ], [ 2.38584, 6.54173 ], [ 2.38602, 6.54119 ], [ 2.38548, 6.54155 ], [ 2.38512, 6.54092 ], [ 2.38503, 6.54037 ], [ 2.38566, 6.54028 ], [ 2.38557, 6.53983 ], [ 2.3853, 6.54028 ], [ 2.38448, 6.5401 ], [ 2.38403, 6.5411 ], [ 2.38294, 6.54146 ], [ 2.38285, 6.54182 ], [ 2.38294, 6.54227 ], [ 2.38385, 6.54227 ], [ 2.38439, 6.54273 ], [ 2.38493, 6.54463 ], [ 2.38403, 6.54481 ], [ 2.3833, 6.54372 ], [ 2.38294, 6.5439 ], [ 2.3824, 6.54571 ], [ 2.38213, 6.54544 ], [ 2.38231, 6.54489 ], [ 2.38195, 6.54489 ], [ 2.38194, 6.54544 ], [ 2.38104, 6.54498 ], [ 2.38086, 6.54544 ], [ 2.37959, 6.5457 ], [ 2.37977, 6.5467 ], [ 2.38041, 6.5458 ], [ 2.38104, 6.54571 ], [ 2.38068, 6.54634 ], [ 2.38122, 6.54679 ], [ 2.38077, 6.54724 ], [ 2.38249, 6.54707 ] ] ], [ [ [ 2.37886, 6.55032 ], [ 2.37823, 6.54941 ], [ 2.37986, 6.54932 ], [ 2.3804, 6.54878 ], [ 2.38095, 6.54887 ], [ 2.38077, 6.54833 ], [ 2.38167, 6.54824 ], [ 2.38131, 6.54788 ], [ 2.38058, 6.54815 ], [ 2.3805, 6.54724 ], [ 2.38004, 6.54724 ], [ 2.37986, 6.54679 ], [ 2.37968, 6.54779 ], [ 2.37941, 6.54724 ], [ 2.37923, 6.5476 ], [ 2.37851, 6.54733 ], [ 2.37932, 6.5467 ], [ 2.37896, 6.54625 ], [ 2.37914, 6.54525 ], [ 2.38032, 6.5448 ], [ 2.38032, 6.54372 ], [ 2.37951, 6.54299 ], [ 2.37987, 6.54236 ], [ 2.37933, 6.54145 ], [ 2.37887, 6.54136 ], [ 2.37897, 6.54082 ], [ 2.37842, 6.54073 ], [ 2.38005, 6.54019 ], [ 2.37987, 6.53964 ], [ 2.38032, 6.53892 ], [ 2.38087, 6.53883 ], [ 2.38078, 6.53802 ], [ 2.3796, 6.53856 ], [ 2.37996, 6.53892 ], [ 2.3796, 6.53937 ], [ 2.37933, 6.53919 ], [ 2.37951, 6.53865 ], [ 2.37888, 6.53865 ], [ 2.37852, 6.5391 ], [ 2.37824, 6.53883 ], [ 2.37815, 6.53964 ], [ 2.3787, 6.54 ], [ 2.37824, 6.54009 ], [ 2.37815, 6.54055 ], [ 2.37752, 6.54036 ], [ 2.37752, 6.54082 ], [ 2.37698, 6.54082 ], [ 2.37689, 6.54018 ], [ 2.37743, 6.53982 ], [ 2.37698, 6.53901 ], [ 2.37643, 6.53901 ], [ 2.37616, 6.54 ], [ 2.37571, 6.54 ], [ 2.37544, 6.5391 ], [ 2.37499, 6.53955 ], [ 2.37472, 6.53919 ], [ 2.3749, 6.53837 ], [ 2.37445, 6.53837 ], [ 2.37444, 6.539 ], [ 2.37309, 6.53918 ], [ 2.37336, 6.53774 ], [ 2.37218, 6.53773 ], [ 2.37236, 6.53846 ], [ 2.37282, 6.53846 ], [ 2.37291, 6.53792 ], [ 2.37273, 6.53927 ], [ 2.37327, 6.54018 ], [ 2.37291, 6.54027 ], [ 2.37227, 6.53954 ], [ 2.37137, 6.53972 ], [ 2.37146, 6.54036 ], [ 2.37245, 6.5409 ], [ 2.37345, 6.54054 ], [ 2.37354, 6.54018 ], [ 2.3739, 6.54081 ], [ 2.37471, 6.54108 ], [ 2.37462, 6.54145 ], [ 2.37408, 6.54127 ], [ 2.37444, 6.5419 ], [ 2.3739, 6.5419 ], [ 2.37363, 6.54126 ], [ 2.37254, 6.54135 ], [ 2.37218, 6.54262 ], [ 2.37254, 6.54235 ], [ 2.37299, 6.54271 ], [ 2.37354, 6.54253 ], [ 2.37408, 6.54316 ], [ 2.37417, 6.54262 ], [ 2.37471, 6.54235 ], [ 2.37489, 6.54299 ], [ 2.37435, 6.54326 ], [ 2.37462, 6.54389 ], [ 2.37507, 6.54308 ], [ 2.37498, 6.54253 ], [ 2.37544, 6.54235 ], [ 2.37543, 6.54353 ], [ 2.37489, 6.54398 ], [ 2.37742, 6.54398 ], [ 2.37788, 6.54435 ], [ 2.37787, 6.5457 ], [ 2.37742, 6.54606 ], [ 2.3776, 6.54697 ], [ 2.37706, 6.54697 ], [ 2.37688, 6.54661 ], [ 2.37724, 6.54606 ], [ 2.37661, 6.54561 ], [ 2.37643, 6.54462 ], [ 2.3757, 6.5447 ], [ 2.37597, 6.54516 ], [ 2.37543, 6.54507 ], [ 2.37525, 6.54452 ], [ 2.37426, 6.54434 ], [ 2.37462, 6.54416 ], [ 2.3729, 6.54389 ], [ 2.37254, 6.54352 ], [ 2.37209, 6.54361 ], [ 2.372, 6.54416 ], [ 2.37127, 6.54407 ], [ 2.37209, 6.54488 ], [ 2.37154, 6.54569 ], [ 2.37217, 6.54561 ], [ 2.37263, 6.54606 ], [ 2.37353, 6.5457 ], [ 2.37398, 6.54606 ], [ 2.37453, 6.54597 ], [ 2.37434, 6.54651 ], [ 2.37389, 6.54642 ], [ 2.37353, 6.54687 ], [ 2.37353, 6.54724 ], [ 2.37443, 6.54778 ], [ 2.37425, 6.54841 ], [ 2.3747, 6.54832 ], [ 2.37543, 6.54896 ], [ 2.3757, 6.54869 ], [ 2.37525, 6.54805 ], [ 2.37597, 6.54823 ], [ 2.37588, 6.54914 ], [ 2.37624, 6.54941 ], [ 2.37678, 6.54869 ], [ 2.37769, 6.5486 ], [ 2.37742, 6.54914 ], [ 2.37787, 6.54914 ], [ 2.37787, 6.55041 ], [ 2.37886, 6.55032 ] ] ], [ [ [ 2.3728, 6.55293 ], [ 2.37262, 6.55248 ], [ 2.37352, 6.55158 ], [ 2.37289, 6.55131 ], [ 2.37343, 6.55085 ], [ 2.37253, 6.55103 ], [ 2.37253, 6.5504 ], [ 2.37344, 6.5504 ], [ 2.37335, 6.54959 ], [ 2.37561, 6.55013 ], [ 2.37362, 6.54796 ], [ 2.3728, 6.54832 ], [ 2.37217, 6.54977 ], [ 2.37018, 6.54967 ], [ 2.37054, 6.55013 ], [ 2.37108, 6.55013 ], [ 2.37117, 6.55076 ], [ 2.37027, 6.5513 ], [ 2.37108, 6.55112 ], [ 2.37036, 6.55212 ], [ 2.37126, 6.55266 ], [ 2.37126, 6.55329 ], [ 2.37271, 6.55366 ], [ 2.37244, 6.55302 ], [ 2.3728, 6.55293 ] ] ], [ [ [ 2.37821, 6.56705 ], [ 2.37938, 6.56733 ], [ 2.38038, 6.5666 ], [ 2.37803, 6.56624 ], [ 2.37758, 6.56606 ], [ 2.37758, 6.56561 ], [ 2.37776, 6.56597 ], [ 2.37866, 6.5657 ], [ 2.37902, 6.56606 ], [ 2.37912, 6.56552 ], [ 2.37948, 6.56543 ], [ 2.37948, 6.56588 ], [ 2.38092, 6.56588 ], [ 2.38147, 6.56624 ], [ 2.38246, 6.56606 ], [ 2.3821, 6.56471 ], [ 2.38265, 6.56444 ], [ 2.38301, 6.56317 ], [ 2.38219, 6.56362 ], [ 2.38201, 6.56425 ], [ 2.3812, 6.56371 ], [ 2.38075, 6.56461 ], [ 2.38011, 6.56416 ], [ 2.38011, 6.56479 ], [ 2.37921, 6.56479 ], [ 2.37893, 6.56543 ], [ 2.37821, 6.56497 ], [ 2.37731, 6.56497 ], [ 2.3774, 6.56416 ], [ 2.37704, 6.56488 ], [ 2.37649, 6.56479 ], [ 2.37631, 6.56434 ], [ 2.3764, 6.56524 ], [ 2.37713, 6.56542 ], [ 2.37713, 6.56579 ], [ 2.37667, 6.56579 ], [ 2.37712, 6.56624 ], [ 2.37595, 6.5666 ], [ 2.37514, 6.56569 ], [ 2.37514, 6.56524 ], [ 2.37586, 6.56578 ], [ 2.37631, 6.56569 ], [ 2.37631, 6.56533 ], [ 2.37577, 6.56497 ], [ 2.37586, 6.56452 ], [ 2.37523, 6.5647 ], [ 2.37523, 6.56406 ], [ 2.37414, 6.56415 ], [ 2.37342, 6.56479 ], [ 2.37324, 6.56397 ], [ 2.37288, 6.56397 ], [ 2.37306, 6.56379 ], [ 2.37206, 6.56397 ], [ 2.37188, 6.56343 ], [ 2.37179, 6.56397 ], [ 2.37098, 6.56388 ], [ 2.37079, 6.5646 ], [ 2.37152, 6.5646 ], [ 2.37116, 6.56515 ], [ 2.37197, 6.56542 ], [ 2.37188, 6.56614 ], [ 2.37333, 6.56596 ], [ 2.37323, 6.56641 ], [ 2.37351, 6.56641 ], [ 2.37414, 6.56587 ], [ 2.37305, 6.56587 ], [ 2.37314, 6.5656 ], [ 2.37233, 6.56587 ], [ 2.37224, 6.56533 ], [ 2.37305, 6.56542 ], [ 2.37432, 6.56488 ], [ 2.37468, 6.56587 ], [ 2.37522, 6.56624 ], [ 2.37486, 6.56669 ], [ 2.37531, 6.56732 ], [ 2.37568, 6.56678 ], [ 2.37649, 6.56678 ], [ 2.37748, 6.56751 ], [ 2.37812, 6.56714 ], [ 2.37803, 6.56778 ], [ 2.3783, 6.56778 ], [ 2.37821, 6.56705 ] ] ], [ [ [ 2.38282, 6.5695 ], [ 2.38354, 6.56878 ], [ 2.38264, 6.56824 ], [ 2.3821, 6.56833 ], [ 2.38246, 6.56805 ], [ 2.38092, 6.56805 ], [ 2.38146, 6.56941 ], [ 2.38282, 6.5695 ] ] ], [ [ [ 2.37739, 6.57375 ], [ 2.37775, 6.57221 ], [ 2.37829, 6.57239 ], [ 2.37829, 6.57284 ], [ 2.37902, 6.57266 ], [ 2.37893, 6.57185 ], [ 2.37965, 6.57149 ], [ 2.38001, 6.57194 ], [ 2.38056, 6.57176 ], [ 2.3811, 6.57258 ], [ 2.38236, 6.57231 ], [ 2.38444, 6.57267 ], [ 2.38535, 6.57131 ], [ 2.38463, 6.5714 ], [ 2.38472, 6.57086 ], [ 2.38427, 6.57086 ], [ 2.38427, 6.57014 ], [ 2.383, 6.57059 ], [ 2.38155, 6.57059 ], [ 2.38146, 6.57022 ], [ 2.38056, 6.57013 ], [ 2.38001, 6.5704 ], [ 2.37992, 6.57086 ], [ 2.37911, 6.57085 ], [ 2.37893, 6.57149 ], [ 2.37875, 6.57067 ], [ 2.37658, 6.57058 ], [ 2.37658, 6.56986 ], [ 2.37685, 6.56977 ], [ 2.3764, 6.56977 ], [ 2.37631, 6.57031 ], [ 2.37594, 6.5704 ], [ 2.37549, 6.57013 ], [ 2.37576, 6.56977 ], [ 2.37495, 6.57004 ], [ 2.37441, 6.56967 ], [ 2.37422, 6.57013 ], [ 2.37459, 6.57067 ], [ 2.37395, 6.57103 ], [ 2.37395, 6.57166 ], [ 2.37486, 6.57157 ], [ 2.37459, 6.5713 ], [ 2.37549, 6.57166 ], [ 2.37558, 6.57112 ], [ 2.3763, 6.57167 ], [ 2.37694, 6.57149 ], [ 2.37576, 6.57411 ], [ 2.37675, 6.57429 ], [ 2.37693, 6.57375 ], [ 2.37739, 6.57375 ] ] ], [ [ [ 2.38137, 6.57475 ], [ 2.38155, 6.57348 ], [ 2.38119, 6.57348 ], [ 2.38119, 6.57312 ], [ 2.38173, 6.57321 ], [ 2.38218, 6.57384 ], [ 2.38291, 6.57339 ], [ 2.38471, 6.57358 ], [ 2.38462, 6.57439 ], [ 2.38535, 6.57439 ], [ 2.38535, 6.57466 ], [ 2.38562, 6.57385 ], [ 2.38499, 6.57276 ], [ 2.38462, 6.57312 ], [ 2.38426, 6.57285 ], [ 2.38399, 6.57312 ], [ 2.383, 6.57303 ], [ 2.38273, 6.57267 ], [ 2.38209, 6.57303 ], [ 2.38083, 6.57303 ], [ 2.38001, 6.57221 ], [ 2.37929, 6.57294 ], [ 2.37929, 6.57402 ], [ 2.37992, 6.57375 ], [ 2.37992, 6.57321 ], [ 2.38046, 6.57321 ], [ 2.38137, 6.57475 ] ] ], [ [ [ 2.38534, 6.57946 ], [ 2.38625, 6.57901 ], [ 2.38598, 6.57738 ], [ 2.38625, 6.57693 ], [ 2.3858, 6.57647 ], [ 2.38706, 6.57602 ], [ 2.38697, 6.57521 ], [ 2.38616, 6.57539 ], [ 2.38571, 6.57502 ], [ 2.38598, 6.57539 ], [ 2.38526, 6.57548 ], [ 2.38498, 6.57602 ], [ 2.38426, 6.57511 ], [ 2.38444, 6.57484 ], [ 2.38372, 6.57529 ], [ 2.38345, 6.57511 ], [ 2.38363, 6.57466 ], [ 2.38263, 6.5743 ], [ 2.38209, 6.57502 ], [ 2.38146, 6.57511 ], [ 2.38136, 6.57565 ], [ 2.38046, 6.57547 ], [ 2.38028, 6.57583 ], [ 2.37937, 6.57556 ], [ 2.37965, 6.57601 ], [ 2.3801, 6.57601 ], [ 2.37955, 6.57683 ], [ 2.38064, 6.57846 ], [ 2.38091, 6.57837 ], [ 2.38064, 6.57746 ], [ 2.38091, 6.5771 ], [ 2.38136, 6.57764 ], [ 2.38227, 6.57737 ], [ 2.382, 6.5771 ], [ 2.38308, 6.57719 ], [ 2.38308, 6.57683 ], [ 2.38381, 6.57674 ], [ 2.38372, 6.57629 ], [ 2.38209, 6.57674 ], [ 2.38191, 6.57647 ], [ 2.38317, 6.57575 ], [ 2.38363, 6.57611 ], [ 2.38435, 6.57593 ], [ 2.38453, 6.57638 ], [ 2.38516, 6.57647 ], [ 2.38598, 6.57792 ], [ 2.38597, 6.57892 ], [ 2.38543, 6.579 ], [ 2.38534, 6.57946 ] ] ], [ [ [ 2.37385, 6.5808 ], [ 2.37484, 6.58143 ], [ 2.3753, 6.58134 ], [ 2.37494, 6.58017 ], [ 2.37647, 6.5799 ], [ 2.37648, 6.57927 ], [ 2.37485, 6.57953 ], [ 2.37367, 6.57917 ], [ 2.37367, 6.5779 ], [ 2.37422, 6.57772 ], [ 2.37458, 6.577 ], [ 2.37331, 6.57754 ], [ 2.37304, 6.57818 ], [ 2.37177, 6.57826 ], [ 2.37177, 6.57781 ], [ 2.37259, 6.57781 ], [ 2.37259, 6.57736 ], [ 2.37304, 6.57736 ], [ 2.37241, 6.57646 ], [ 2.37205, 6.57646 ], [ 2.37196, 6.57582 ], [ 2.37123, 6.57546 ], [ 2.37223, 6.57519 ], [ 2.37178, 6.57483 ], [ 2.37205, 6.57383 ], [ 2.37142, 6.57401 ], [ 2.37087, 6.57338 ], [ 2.37033, 6.57401 ], [ 2.36915, 6.57374 ], [ 2.36915, 6.57401 ], [ 2.36988, 6.57401 ], [ 2.36942, 6.57464 ], [ 2.36997, 6.576 ], [ 2.36942, 6.57663 ], [ 2.36987, 6.57654 ], [ 2.37024, 6.57709 ], [ 2.37078, 6.57718 ], [ 2.37087, 6.57817 ], [ 2.37159, 6.57854 ], [ 2.3715, 6.57944 ], [ 2.37258, 6.57953 ], [ 2.37258, 6.57998 ], [ 2.37322, 6.58044 ], [ 2.37304, 6.58116 ], [ 2.37376, 6.58143 ], [ 2.37385, 6.5808 ] ] ], [ [ [ 2.38253, 6.58117 ], [ 2.3829, 6.58117 ], [ 2.38253, 6.58108 ], [ 2.3829, 6.58072 ], [ 2.38471, 6.58108 ], [ 2.38498, 6.57946 ], [ 2.38453, 6.57937 ], [ 2.38525, 6.57882 ], [ 2.38507, 6.57846 ], [ 2.3838, 6.57864 ], [ 2.38326, 6.57819 ], [ 2.38326, 6.57755 ], [ 2.38209, 6.57801 ], [ 2.38181, 6.57782 ], [ 2.38181, 6.57828 ], [ 2.38145, 6.57791 ], [ 2.381, 6.57837 ], [ 2.38127, 6.57855 ], [ 2.38064, 6.57936 ], [ 2.38127, 6.57936 ], [ 2.38118, 6.57972 ], [ 2.38172, 6.58 ], [ 2.38145, 6.58018 ], [ 2.3819, 6.58063 ], [ 2.3819, 6.58153 ], [ 2.3829, 6.58135 ], [ 2.38253, 6.58117 ] ] ], [ [ [ 2.37801, 6.5856 ], [ 2.37764, 6.58469 ], [ 2.37846, 6.58352 ], [ 2.37747, 6.58343 ], [ 2.37819, 6.58298 ], [ 2.37819, 6.58198 ], [ 2.37783, 6.58171 ], [ 2.37738, 6.58243 ], [ 2.3772, 6.58207 ], [ 2.37683, 6.58234 ], [ 2.37638, 6.58153 ], [ 2.37593, 6.58144 ], [ 2.37575, 6.58207 ], [ 2.37638, 6.58243 ], [ 2.37728, 6.58379 ], [ 2.37674, 6.58325 ], [ 2.37611, 6.58325 ], [ 2.37611, 6.58397 ], [ 2.37575, 6.58433 ], [ 2.37683, 6.58424 ], [ 2.37728, 6.5846 ], [ 2.37755, 6.5856 ], [ 2.37801, 6.5856 ] ] ], [ [ [ 2.37899, 6.59121 ], [ 2.37845, 6.59094 ], [ 2.37927, 6.59094 ], [ 2.37945, 6.59049 ], [ 2.3789, 6.58994 ], [ 2.37909, 6.58931 ], [ 2.37863, 6.5894 ], [ 2.37827, 6.59003 ], [ 2.37755, 6.59012 ], [ 2.37719, 6.58976 ], [ 2.37746, 6.59058 ], [ 2.37709, 6.59103 ], [ 2.37736, 6.5913 ], [ 2.37773, 6.59103 ], [ 2.37755, 6.59157 ], [ 2.3789, 6.59157 ], [ 2.37899, 6.59121 ] ] ], [ [ [ 2.38388, 6.59321 ], [ 2.38343, 6.5923 ], [ 2.38451, 6.59203 ], [ 2.38451, 6.59176 ], [ 2.38388, 6.59167 ], [ 2.38388, 6.5914 ], [ 2.3846, 6.5914 ], [ 2.38406, 6.59095 ], [ 2.38424, 6.59058 ], [ 2.38334, 6.59049 ], [ 2.38334, 6.59004 ], [ 2.38279, 6.5904 ], [ 2.3827, 6.58986 ], [ 2.38198, 6.58959 ], [ 2.38243, 6.58922 ], [ 2.38207, 6.58868 ], [ 2.38081, 6.58895 ], [ 2.38063, 6.58859 ], [ 2.38053, 6.58931 ], [ 2.38117, 6.58949 ], [ 2.38135, 6.59013 ], [ 2.38062, 6.59176 ], [ 2.38089, 6.59257 ], [ 2.38207, 6.59257 ], [ 2.38216, 6.59221 ], [ 2.38288, 6.59203 ], [ 2.38297, 6.59248 ], [ 2.38388, 6.59321 ] ] ], [ [ [ 2.38414, 6.59836 ], [ 2.38541, 6.59764 ], [ 2.38541, 6.598 ], [ 2.38631, 6.59782 ], [ 2.38604, 6.59656 ], [ 2.38559, 6.59674 ], [ 2.3855, 6.59728 ], [ 2.38432, 6.59737 ], [ 2.38414, 6.59836 ] ] ], [ [ [ 2.38649, 6.60425 ], [ 2.38658, 6.60488 ], [ 2.38721, 6.60488 ], [ 2.38775, 6.60425 ], [ 2.38703, 6.60361 ], [ 2.38748, 6.60352 ], [ 2.38712, 6.60316 ], [ 2.38776, 6.60235 ], [ 2.3873, 6.60208 ], [ 2.38785, 6.60144 ], [ 2.38703, 6.60126 ], [ 2.38694, 6.60081 ], [ 2.38649, 6.60081 ], [ 2.38667, 6.60253 ], [ 2.38631, 6.6028 ], [ 2.38576, 6.60253 ], [ 2.38586, 6.60226 ], [ 2.38504, 6.60216 ], [ 2.38504, 6.60171 ], [ 2.38459, 6.60144 ], [ 2.38414, 6.60171 ], [ 2.38305, 6.60144 ], [ 2.38269, 6.60216 ], [ 2.38224, 6.60216 ], [ 2.38287, 6.60243 ], [ 2.38305, 6.60352 ], [ 2.38359, 6.60352 ], [ 2.38332, 6.60424 ], [ 2.3835, 6.60397 ], [ 2.38422, 6.60406 ], [ 2.38395, 6.60388 ], [ 2.38423, 6.60343 ], [ 2.38495, 6.60343 ], [ 2.3854, 6.60488 ], [ 2.38649, 6.60425 ] ] ], [ [ [ 2.3749, 6.6093 ], [ 2.37617, 6.60858 ], [ 2.37508, 6.60849 ], [ 2.37563, 6.60758 ], [ 2.37472, 6.60713 ], [ 2.37526, 6.60677 ], [ 2.3749, 6.60677 ], [ 2.37499, 6.60613 ], [ 2.37454, 6.60604 ], [ 2.37454, 6.60532 ], [ 2.37518, 6.60487 ], [ 2.37463, 6.60459 ], [ 2.37482, 6.60405 ], [ 2.37454, 6.60378 ], [ 2.37391, 6.60405 ], [ 2.37445, 6.60459 ], [ 2.37436, 6.60505 ], [ 2.37427, 6.60477 ], [ 2.37373, 6.60505 ], [ 2.37391, 6.60613 ], [ 2.37291, 6.60622 ], [ 2.37246, 6.60586 ], [ 2.37255, 6.60667 ], [ 2.37183, 6.60667 ], [ 2.37165, 6.60712 ], [ 2.37246, 6.60703 ], [ 2.37309, 6.60785 ], [ 2.37409, 6.60803 ], [ 2.37409, 6.60866 ], [ 2.3749, 6.6093 ] ] ], [ [ [ 2.3835, 6.60795 ], [ 2.3835, 6.60741 ], [ 2.38286, 6.60696 ], [ 2.38223, 6.6075 ], [ 2.38187, 6.60705 ], [ 2.3816, 6.6075 ], [ 2.38006, 6.60686 ], [ 2.37915, 6.60704 ], [ 2.37997, 6.6084 ], [ 2.38051, 6.60813 ], [ 2.38051, 6.6075 ], [ 2.38123, 6.60822 ], [ 2.38133, 6.60777 ], [ 2.38196, 6.60813 ], [ 2.38205, 6.60768 ], [ 2.38241, 6.60768 ], [ 2.38286, 6.60859 ], [ 2.3835, 6.60795 ] ] ], [ [ [ 2.37273, 6.61183 ], [ 2.37264, 6.6112 ], [ 2.37381, 6.61075 ], [ 2.3739, 6.60984 ], [ 2.37436, 6.60939 ], [ 2.37354, 6.60848 ], [ 2.37291, 6.60893 ], [ 2.37264, 6.60785 ], [ 2.37219, 6.60776 ], [ 2.3721, 6.60803 ], [ 2.37192, 6.60776 ], [ 2.37164, 6.60839 ], [ 2.37255, 6.60884 ], [ 2.37255, 6.61038 ], [ 2.372, 6.61029 ], [ 2.37155, 6.61101 ], [ 2.37119, 6.61083 ], [ 2.37028, 6.61101 ], [ 2.37092, 6.61119 ], [ 2.37092, 6.61165 ], [ 2.37209, 6.61147 ], [ 2.37273, 6.61183 ] ] ], [ [ [ 2.38367, 6.61284 ], [ 2.3843, 6.61293 ], [ 2.38476, 6.61257 ], [ 2.38431, 6.61184 ], [ 2.38358, 6.61202 ], [ 2.38286, 6.61121 ], [ 2.38195, 6.61121 ], [ 2.38195, 6.61085 ], [ 2.38268, 6.61058 ], [ 2.38196, 6.61012 ], [ 2.38214, 6.6094 ], [ 2.38187, 6.60877 ], [ 2.38051, 6.60867 ], [ 2.38015, 6.61012 ], [ 2.38177, 6.61021 ], [ 2.3815, 6.6103 ], [ 2.38159, 6.61076 ], [ 2.38087, 6.61066 ], [ 2.38069, 6.61112 ], [ 2.38186, 6.61184 ], [ 2.38259, 6.61157 ], [ 2.38268, 6.61266 ], [ 2.3834, 6.61329 ], [ 2.38385, 6.61338 ], [ 2.38367, 6.61284 ] ] ], [ [ [ 2.37535, 6.61328 ], [ 2.37481, 6.61256 ], [ 2.37589, 6.61174 ], [ 2.37571, 6.61084 ], [ 2.37725, 6.6103 ], [ 2.37743, 6.60975 ], [ 2.3768, 6.60957 ], [ 2.37734, 6.60939 ], [ 2.37734, 6.60894 ], [ 2.37662, 6.60948 ], [ 2.37544, 6.60966 ], [ 2.37472, 6.61038 ], [ 2.3749, 6.61084 ], [ 2.37399, 6.61102 ], [ 2.37453, 6.61156 ], [ 2.37499, 6.61129 ], [ 2.37517, 6.61156 ], [ 2.3749, 6.61174 ], [ 2.37363, 6.61228 ], [ 2.37318, 6.61156 ], [ 2.37309, 6.61246 ], [ 2.37354, 6.61264 ], [ 2.37345, 6.6131 ], [ 2.37417, 6.61319 ], [ 2.37444, 6.61382 ], [ 2.37507, 6.614 ], [ 2.37535, 6.61328 ] ] ], [ [ [ 2.38212, 6.61971 ], [ 2.38285, 6.61944 ], [ 2.38267, 6.61845 ], [ 2.38357, 6.61836 ], [ 2.3833, 6.61781 ], [ 2.38403, 6.61709 ], [ 2.38376, 6.61664 ], [ 2.38321, 6.61682 ], [ 2.38294, 6.61628 ], [ 2.38403, 6.61637 ], [ 2.38421, 6.61592 ], [ 2.38304, 6.61492 ], [ 2.38231, 6.61474 ], [ 2.38177, 6.61555 ], [ 2.38123, 6.61546 ], [ 2.38104, 6.61582 ], [ 2.38105, 6.61419 ], [ 2.38059, 6.61419 ], [ 2.3805, 6.61347 ], [ 2.38023, 6.61356 ], [ 2.38014, 6.61464 ], [ 2.37969, 6.61446 ], [ 2.37951, 6.61347 ], [ 2.38005, 6.61329 ], [ 2.38041, 6.61265 ], [ 2.38005, 6.61211 ], [ 2.38014, 6.61148 ], [ 2.37969, 6.61202 ], [ 2.37915, 6.61193 ], [ 2.37906, 6.61338 ], [ 2.37842, 6.61392 ], [ 2.37851, 6.61509 ], [ 2.37824, 6.61527 ], [ 2.37788, 6.61518 ], [ 2.37824, 6.61383 ], [ 2.37779, 6.61401 ], [ 2.37761, 6.61365 ], [ 2.37743, 6.6141 ], [ 2.37706, 6.6141 ], [ 2.3768, 6.61229 ], [ 2.37652, 6.61229 ], [ 2.37652, 6.6131 ], [ 2.37634, 6.61346 ], [ 2.37616, 6.6131 ], [ 2.37598, 6.61391 ], [ 2.37643, 6.61401 ], [ 2.37607, 6.61473 ], [ 2.37679, 6.61464 ], [ 2.37679, 6.61527 ], [ 2.37652, 6.61563 ], [ 2.37607, 6.61509 ], [ 2.37553, 6.61536 ], [ 2.37571, 6.61618 ], [ 2.37634, 6.61581 ], [ 2.37661, 6.61654 ], [ 2.37724, 6.61654 ], [ 2.37733, 6.61699 ], [ 2.37788, 6.61645 ], [ 2.37788, 6.61555 ], [ 2.37824, 6.61564 ], [ 2.37842, 6.61681 ], [ 2.37968, 6.61808 ], [ 2.38023, 6.61808 ], [ 2.38023, 6.61871 ], [ 2.38122, 6.61962 ], [ 2.38131, 6.62025 ], [ 2.38194, 6.62025 ], [ 2.38212, 6.61971 ] ] ], [ [ [ 2.37688, 6.62088 ], [ 2.37733, 6.62061 ], [ 2.37715, 6.62007 ], [ 2.37787, 6.61898 ], [ 2.37634, 6.61817 ], [ 2.3767, 6.61907 ], [ 2.37588, 6.62043 ], [ 2.37624, 6.62079 ], [ 2.37633, 6.62025 ], [ 2.3767, 6.61989 ], [ 2.3766, 6.62106 ], [ 2.37651, 6.62133 ], [ 2.37606, 6.62106 ], [ 2.37597, 6.62142 ], [ 2.37678, 6.62151 ], [ 2.37688, 6.62088 ] ] ], [ [ [ 2.38112, 6.62695 ], [ 2.38221, 6.6274 ], [ 2.38266, 6.62632 ], [ 2.3823, 6.62614 ], [ 2.38266, 6.62614 ], [ 2.38284, 6.62568 ], [ 2.38311, 6.62568 ], [ 2.3832, 6.62632 ], [ 2.38375, 6.62587 ], [ 2.38393, 6.62605 ], [ 2.38393, 6.62541 ], [ 2.3832, 6.62514 ], [ 2.38266, 6.62559 ], [ 2.3813, 6.62559 ], [ 2.38139, 6.62632 ], [ 2.3813, 6.62632 ], [ 2.38058, 6.62604 ], [ 2.3804, 6.6255 ], [ 2.38004, 6.62577 ], [ 2.37995, 6.62496 ], [ 2.37958, 6.62595 ], [ 2.37886, 6.62658 ], [ 2.3785, 6.62649 ], [ 2.3794, 6.62478 ], [ 2.37886, 6.62432 ], [ 2.37886, 6.62351 ], [ 2.38004, 6.62333 ], [ 2.38013, 6.62279 ], [ 2.38058, 6.62261 ], [ 2.37995, 6.62188 ], [ 2.3804, 6.62125 ], [ 2.38031, 6.6198 ], [ 2.37869, 6.61989 ], [ 2.37805, 6.6207 ], [ 2.37769, 6.6207 ], [ 2.37814, 6.62161 ], [ 2.37787, 6.62269 ], [ 2.37832, 6.62305 ], [ 2.37805, 6.62369 ], [ 2.37832, 6.62396 ], [ 2.37796, 6.62468 ], [ 2.37723, 6.62504 ], [ 2.37732, 6.62586 ], [ 2.37687, 6.62577 ], [ 2.37678, 6.62531 ], [ 2.37624, 6.6254 ], [ 2.37615, 6.62504 ], [ 2.37515, 6.62531 ], [ 2.37506, 6.62576 ], [ 2.37533, 6.62577 ], [ 2.37533, 6.6264 ], [ 2.37614, 6.62622 ], [ 2.37633, 6.62685 ], [ 2.3775, 6.62694 ], [ 2.37795, 6.62631 ], [ 2.37813, 6.62704 ], [ 2.37958, 6.62704 ], [ 2.37958, 6.62658 ], [ 2.38004, 6.6264 ], [ 2.38003, 6.62695 ], [ 2.38049, 6.62704 ], [ 2.38076, 6.62767 ], [ 2.38112, 6.62695 ] ] ], [ [ [ 2.37252, 6.63209 ], [ 2.37315, 6.632 ], [ 2.37324, 6.63128 ], [ 2.37279, 6.6311 ], [ 2.37279, 6.63065 ], [ 2.3737, 6.63101 ], [ 2.37361, 6.63146 ], [ 2.37388, 6.63146 ], [ 2.3737, 6.62992 ], [ 2.37424, 6.62938 ], [ 2.37325, 6.62947 ], [ 2.37325, 6.62875 ], [ 2.37261, 6.62956 ], [ 2.37297, 6.62992 ], [ 2.37243, 6.63047 ], [ 2.37261, 6.63155 ], [ 2.3717, 6.63246 ], [ 2.37225, 6.63282 ], [ 2.37252, 6.63209 ] ] ], [ [ [ 2.37478, 6.63336 ], [ 2.37496, 6.63165 ], [ 2.37523, 6.63165 ], [ 2.37532, 6.63273 ], [ 2.37587, 6.63237 ], [ 2.37677, 6.63282 ], [ 2.37659, 6.6321 ], [ 2.37713, 6.63192 ], [ 2.37668, 6.63183 ], [ 2.37686, 6.63129 ], [ 2.37641, 6.63119 ], [ 2.3765, 6.63065 ], [ 2.37542, 6.63002 ], [ 2.37478, 6.63029 ], [ 2.37478, 6.63083 ], [ 2.37514, 6.63101 ], [ 2.37451, 6.63128 ], [ 2.37424, 6.63273 ], [ 2.37451, 6.63345 ], [ 2.37478, 6.63336 ] ] ], [ [ [ 2.38174, 6.63708 ], [ 2.38283, 6.63573 ], [ 2.38355, 6.63564 ], [ 2.38229, 6.63527 ], [ 2.38238, 6.635 ], [ 2.3831, 6.63509 ], [ 2.38301, 6.63446 ], [ 2.38247, 6.63446 ], [ 2.3831, 6.63401 ], [ 2.38292, 6.63328 ], [ 2.38229, 6.63337 ], [ 2.38193, 6.63455 ], [ 2.38138, 6.63446 ], [ 2.3812, 6.63518 ], [ 2.38156, 6.63563 ], [ 2.38093, 6.63609 ], [ 2.38102, 6.63663 ], [ 2.38057, 6.63672 ], [ 2.38038, 6.63627 ], [ 2.37948, 6.63608 ], [ 2.37948, 6.63663 ], [ 2.38129, 6.63771 ], [ 2.38147, 6.63826 ], [ 2.38201, 6.63808 ], [ 2.38174, 6.63708 ] ] ], [ [ [ 2.37486, 6.63753 ], [ 2.37523, 6.63707 ], [ 2.37486, 6.63707 ], [ 2.37477, 6.63644 ], [ 2.37414, 6.63617 ], [ 2.37405, 6.63707 ], [ 2.37306, 6.6368 ], [ 2.3726, 6.6377 ], [ 2.3736, 6.6377 ], [ 2.37405, 6.63807 ], [ 2.37414, 6.63743 ], [ 2.37486, 6.63753 ] ] ], [ [ [ 2.37242, 6.64159 ], [ 2.37323, 6.64069 ], [ 2.3726, 6.64015 ], [ 2.37278, 6.63933 ], [ 2.37332, 6.63924 ], [ 2.37296, 6.63834 ], [ 2.37224, 6.63861 ], [ 2.37188, 6.63951 ], [ 2.37215, 6.6406 ], [ 2.37251, 6.64024 ], [ 2.37251, 6.64087 ], [ 2.37187, 6.64096 ], [ 2.37187, 6.64141 ], [ 2.37242, 6.64159 ] ] ], [ [ [ 2.38091, 6.64966 ], [ 2.38146, 6.64848 ], [ 2.38145, 6.64884 ], [ 2.382, 6.64875 ], [ 2.38155, 6.64839 ], [ 2.38191, 6.64776 ], [ 2.38119, 6.64685 ], [ 2.38046, 6.64667 ], [ 2.38128, 6.64559 ], [ 2.38092, 6.6454 ], [ 2.38119, 6.64477 ], [ 2.38028, 6.64432 ], [ 2.38182, 6.64405 ], [ 2.38146, 6.64369 ], [ 2.382, 6.64332 ], [ 2.38101, 6.64314 ], [ 2.38128, 6.64296 ], [ 2.38101, 6.64215 ], [ 2.38192, 6.64188 ], [ 2.38155, 6.64133 ], [ 2.38119, 6.64133 ], [ 2.38119, 6.64206 ], [ 2.38056, 6.64233 ], [ 2.38092, 6.64296 ], [ 2.38029, 6.6435 ], [ 2.38056, 6.64387 ], [ 2.37866, 6.64413 ], [ 2.37866, 6.64459 ], [ 2.37811, 6.64468 ], [ 2.37956, 6.64459 ], [ 2.38028, 6.64495 ], [ 2.38019, 6.64595 ], [ 2.37965, 6.64595 ], [ 2.37938, 6.64676 ], [ 2.37956, 6.64721 ], [ 2.38073, 6.64703 ], [ 2.38064, 6.64776 ], [ 2.381, 6.64812 ], [ 2.37965, 6.64902 ], [ 2.38001, 6.64902 ], [ 2.38028, 6.64966 ], [ 2.38091, 6.64966 ] ] ], [ [ [ 2.37621, 6.64802 ], [ 2.37729, 6.64829 ], [ 2.37693, 6.64784 ], [ 2.37729, 6.64757 ], [ 2.3772, 6.64712 ], [ 2.37757, 6.64712 ], [ 2.3773, 6.64667 ], [ 2.37757, 6.64621 ], [ 2.37567, 6.64621 ], [ 2.37531, 6.64576 ], [ 2.37503, 6.6463 ], [ 2.3744, 6.64648 ], [ 2.37521, 6.64739 ], [ 2.37476, 6.64838 ], [ 2.37521, 6.64874 ], [ 2.37521, 6.64847 ], [ 2.37612, 6.64838 ], [ 2.37621, 6.64802 ] ] ], [ [ [ 2.38407, 6.65943 ], [ 2.38488, 6.65916 ], [ 2.38497, 6.65826 ], [ 2.38425, 6.65853 ], [ 2.38434, 6.6578 ], [ 2.38307, 6.65735 ], [ 2.38298, 6.65699 ], [ 2.38344, 6.65699 ], [ 2.38326, 6.65608 ], [ 2.38353, 6.65572 ], [ 2.38308, 6.65509 ], [ 2.3828, 6.65563 ], [ 2.38199, 6.65509 ], [ 2.38145, 6.65581 ], [ 2.38036, 6.65599 ], [ 2.37973, 6.65535 ], [ 2.37891, 6.65535 ], [ 2.37918, 6.65608 ], [ 2.38009, 6.6559 ], [ 2.38018, 6.65626 ], [ 2.3809, 6.65635 ], [ 2.38063, 6.65689 ], [ 2.3819, 6.65653 ], [ 2.38199, 6.65699 ], [ 2.38108, 6.65771 ], [ 2.38108, 6.65816 ], [ 2.3819, 6.65798 ], [ 2.3828, 6.65861 ], [ 2.38316, 6.65816 ], [ 2.38307, 6.65862 ], [ 2.38379, 6.6588 ], [ 2.3837, 6.65997 ], [ 2.38407, 6.65943 ] ] ], [ [ [ 2.38376, 6.68313 ], [ 2.38413, 6.68096 ], [ 2.38313, 6.68105 ], [ 2.38314, 6.67924 ], [ 2.3835, 6.67897 ], [ 2.38277, 6.6787 ], [ 2.38142, 6.67933 ], [ 2.38178, 6.67978 ], [ 2.38151, 6.68042 ], [ 2.38196, 6.68051 ], [ 2.38205, 6.68096 ], [ 2.38187, 6.67978 ], [ 2.3825, 6.67942 ], [ 2.38205, 6.6815 ], [ 2.38277, 6.68187 ], [ 2.38259, 6.68223 ], [ 2.38295, 6.68313 ], [ 2.38376, 6.68313 ] ] ], [ [ [ 2.38925, 6.48791 ], [ 2.39034, 6.48791 ], [ 2.39025, 6.48746 ], [ 2.39079, 6.48718 ], [ 2.39088, 6.48755 ], [ 2.39097, 6.48709 ], [ 2.39142, 6.48719 ], [ 2.3917, 6.48619 ], [ 2.39278, 6.48655 ], [ 2.39296, 6.48719 ], [ 2.39314, 6.48673 ], [ 2.3945, 6.48683 ], [ 2.39414, 6.48628 ], [ 2.39414, 6.48529 ], [ 2.39315, 6.4842 ], [ 2.39369, 6.4842 ], [ 2.39423, 6.48493 ], [ 2.39513, 6.4852 ], [ 2.39477, 6.48583 ], [ 2.3955, 6.48565 ], [ 2.39568, 6.4861 ], [ 2.39468, 6.48656 ], [ 2.39549, 6.48728 ], [ 2.39631, 6.48656 ], [ 2.39694, 6.48647 ], [ 2.39694, 6.48556 ], [ 2.39613, 6.48466 ], [ 2.39586, 6.48357 ], [ 2.39441, 6.48239 ], [ 2.39396, 6.4814 ], [ 2.39351, 6.4814 ], [ 2.39197, 6.47995 ], [ 2.39179, 6.48149 ], [ 2.39233, 6.48221 ], [ 2.39034, 6.48203 ], [ 2.38935, 6.48347 ], [ 2.39224, 6.4833 ], [ 2.3926, 6.48384 ], [ 2.39188, 6.48366 ], [ 2.39188, 6.48393 ], [ 2.39269, 6.48474 ], [ 2.39115, 6.48456 ], [ 2.39106, 6.48483 ], [ 2.39188, 6.4852 ], [ 2.39188, 6.48556 ], [ 2.39097, 6.48556 ], [ 2.39034, 6.4851 ], [ 2.39025, 6.48429 ], [ 2.38971, 6.48447 ], [ 2.38926, 6.48411 ], [ 2.38917, 6.4832 ], [ 2.38907, 6.48429 ], [ 2.38962, 6.48474 ], [ 2.38925, 6.48564 ], [ 2.38971, 6.48565 ], [ 2.38989, 6.4861 ], [ 2.38853, 6.4861 ], [ 2.38853, 6.48637 ], [ 2.38934, 6.48664 ], [ 2.38898, 6.48754 ], [ 2.38925, 6.48791 ] ] ], [ [ [ 2.39205, 6.49415 ], [ 2.39205, 6.49343 ], [ 2.39295, 6.49379 ], [ 2.39332, 6.49352 ], [ 2.39232, 6.49343 ], [ 2.39241, 6.4928 ], [ 2.39133, 6.49288 ], [ 2.39133, 6.49261 ], [ 2.39114, 6.49325 ], [ 2.39078, 6.49325 ], [ 2.39078, 6.49234 ], [ 2.39042, 6.49225 ], [ 2.39069, 6.49135 ], [ 2.39286, 6.49225 ], [ 2.39323, 6.49198 ], [ 2.39296, 6.4918 ], [ 2.39314, 6.49153 ], [ 2.39449, 6.49162 ], [ 2.39467, 6.49099 ], [ 2.39549, 6.49126 ], [ 2.39558, 6.4909 ], [ 2.39486, 6.49081 ], [ 2.39486, 6.48999 ], [ 2.39513, 6.49008 ], [ 2.39558, 6.48909 ], [ 2.39612, 6.48945 ], [ 2.39631, 6.48909 ], [ 2.39631, 6.48828 ], [ 2.39694, 6.48819 ], [ 2.39703, 6.48773 ], [ 2.3964, 6.4881 ], [ 2.39558, 6.48773 ], [ 2.39549, 6.48809 ], [ 2.39622, 6.48855 ], [ 2.39622, 6.48891 ], [ 2.39522, 6.48882 ], [ 2.39513, 6.48927 ], [ 2.39459, 6.48864 ], [ 2.39296, 6.48845 ], [ 2.39341, 6.49017 ], [ 2.39377, 6.49035 ], [ 2.39359, 6.49099 ], [ 2.39269, 6.4899 ], [ 2.39214, 6.49017 ], [ 2.39223, 6.49071 ], [ 2.39178, 6.49062 ], [ 2.39169, 6.49026 ], [ 2.39205, 6.49044 ], [ 2.39187, 6.4899 ], [ 2.39151, 6.49062 ], [ 2.39097, 6.49044 ], [ 2.39015, 6.4908 ], [ 2.38952, 6.49171 ], [ 2.38943, 6.49333 ], [ 2.39033, 6.49352 ], [ 2.38951, 6.49442 ], [ 2.39132, 6.49433 ], [ 2.39169, 6.49469 ], [ 2.39205, 6.49415 ] ] ], [ [ [ 2.39493, 6.50601 ], [ 2.39511, 6.50483 ], [ 2.39448, 6.50519 ], [ 2.39439, 6.50393 ], [ 2.39412, 6.50393 ], [ 2.39375, 6.50429 ], [ 2.39384, 6.50474 ], [ 2.39321, 6.50501 ], [ 2.3933, 6.50546 ], [ 2.39402, 6.5061 ], [ 2.3942, 6.50583 ], [ 2.39493, 6.50601 ] ] ], [ [ [ 2.39229, 6.51695 ], [ 2.39184, 6.51614 ], [ 2.39229, 6.51614 ], [ 2.39265, 6.51677 ], [ 2.3932, 6.51641 ], [ 2.39401, 6.51686 ], [ 2.39437, 6.51605 ], [ 2.39519, 6.51605 ], [ 2.39537, 6.51496 ], [ 2.39392, 6.51451 ], [ 2.39465, 6.51505 ], [ 2.39365, 6.51496 ], [ 2.39329, 6.51578 ], [ 2.39256, 6.51568 ], [ 2.3922, 6.51523 ], [ 2.39121, 6.51523 ], [ 2.39048, 6.51577 ], [ 2.39076, 6.51595 ], [ 2.38994, 6.51595 ], [ 2.38994, 6.51622 ], [ 2.39121, 6.51623 ], [ 2.39094, 6.51604 ], [ 2.39148, 6.51586 ], [ 2.39148, 6.51668 ], [ 2.39229, 6.51695 ] ] ], [ [ [ 2.39455, 6.51876 ], [ 2.39519, 6.51804 ], [ 2.39582, 6.51831 ], [ 2.39636, 6.51732 ], [ 2.39736, 6.51732 ], [ 2.39709, 6.51723 ], [ 2.39718, 6.51515 ], [ 2.39655, 6.51478 ], [ 2.39627, 6.5156 ], [ 2.39483, 6.51632 ], [ 2.39501, 6.51732 ], [ 2.39437, 6.5184 ], [ 2.39455, 6.51876 ] ] ], [ [ [ 2.3912, 6.51966 ], [ 2.39093, 6.51912 ], [ 2.39139, 6.51858 ], [ 2.39102, 6.51831 ], [ 2.39184, 6.51831 ], [ 2.39157, 6.51713 ], [ 2.39075, 6.51677 ], [ 2.39039, 6.51731 ], [ 2.39012, 6.51695 ], [ 2.38958, 6.51704 ], [ 2.38985, 6.51604 ], [ 2.38931, 6.5155 ], [ 2.38831, 6.51541 ], [ 2.38822, 6.51595 ], [ 2.38867, 6.51595 ], [ 2.38876, 6.51658 ], [ 2.38831, 6.51677 ], [ 2.38867, 6.51749 ], [ 2.38831, 6.5183 ], [ 2.38939, 6.51903 ], [ 2.3893, 6.51948 ], [ 2.38876, 6.51966 ], [ 2.38921, 6.51993 ], [ 2.38976, 6.51948 ], [ 2.39057, 6.51957 ], [ 2.39057, 6.52021 ], [ 2.39093, 6.52039 ], [ 2.3912, 6.51966 ] ] ], [ [ [ 2.37626, 6.53629 ], [ 2.37707, 6.53557 ], [ 2.37671, 6.53466 ], [ 2.37716, 6.53457 ], [ 2.37716, 6.53394 ], [ 2.37825, 6.53439 ], [ 2.3787, 6.53403 ], [ 2.37852, 6.53367 ], [ 2.37988, 6.53358 ], [ 2.38006, 6.53431 ], [ 2.38069, 6.5344 ], [ 2.38115, 6.53349 ], [ 2.38178, 6.53358 ], [ 2.38169, 6.53304 ], [ 2.38196, 6.53313 ], [ 2.38187, 6.53358 ], [ 2.38232, 6.53368 ], [ 2.38241, 6.53295 ], [ 2.38359, 6.53241 ], [ 2.38386, 6.5325 ], [ 2.38377, 6.53313 ], [ 2.38476, 6.53332 ], [ 2.38486, 6.53286 ], [ 2.38513, 6.53305 ], [ 2.38558, 6.53241 ], [ 2.38522, 6.53187 ], [ 2.38549, 6.53124 ], [ 2.38603, 6.53214 ], [ 2.38639, 6.53214 ], [ 2.38603, 6.53124 ], [ 2.38621, 6.53042 ], [ 2.38576, 6.53015 ], [ 2.38712, 6.52934 ], [ 2.3873, 6.52871 ], [ 2.38685, 6.52843 ], [ 2.38712, 6.52807 ], [ 2.38857, 6.52816 ], [ 2.38866, 6.52844 ], [ 2.38757, 6.52871 ], [ 2.38712, 6.53024 ], [ 2.38667, 6.53088 ], [ 2.38631, 6.5307 ], [ 2.3863, 6.53142 ], [ 2.38766, 6.53142 ], [ 2.38793, 6.53187 ], [ 2.38838, 6.53187 ], [ 2.38884, 6.53079 ], [ 2.3882, 6.53061 ], [ 2.38839, 6.53015 ], [ 2.38784, 6.53024 ], [ 2.38784, 6.5297 ], [ 2.38812, 6.52952 ], [ 2.38866, 6.52997 ], [ 2.38902, 6.52979 ], [ 2.38875, 6.52907 ], [ 2.3902, 6.52934 ], [ 2.39137, 6.52871 ], [ 2.39101, 6.52844 ], [ 2.39119, 6.52753 ], [ 2.39201, 6.5269 ], [ 2.39192, 6.52636 ], [ 2.39264, 6.52654 ], [ 2.39183, 6.52564 ], [ 2.39228, 6.52546 ], [ 2.39282, 6.52591 ], [ 2.39319, 6.525 ], [ 2.39391, 6.52482 ], [ 2.39418, 6.5251 ], [ 2.39364, 6.52564 ], [ 2.39409, 6.52672 ], [ 2.39427, 6.52537 ], [ 2.39509, 6.52501 ], [ 2.39463, 6.52537 ], [ 2.39445, 6.52618 ], [ 2.39499, 6.52609 ], [ 2.3949, 6.52663 ], [ 2.39536, 6.52709 ], [ 2.39572, 6.52673 ], [ 2.39536, 6.52582 ], [ 2.3959, 6.52582 ], [ 2.39617, 6.52519 ], [ 2.39572, 6.52483 ], [ 2.39617, 6.52474 ], [ 2.39708, 6.52573 ], [ 2.3968, 6.52664 ], [ 2.39753, 6.52673 ], [ 2.39762, 6.52745 ], [ 2.39789, 6.52727 ], [ 2.39743, 6.52799 ], [ 2.39834, 6.528 ], [ 2.39861, 6.52763 ], [ 2.39816, 6.527 ], [ 2.39906, 6.527 ], [ 2.39925, 6.52655 ], [ 2.39861, 6.52646 ], [ 2.39888, 6.52573 ], [ 2.39843, 6.52564 ], [ 2.39798, 6.52429 ], [ 2.39726, 6.52429 ], [ 2.39735, 6.52311 ], [ 2.39681, 6.5232 ], [ 2.39744, 6.5222 ], [ 2.39735, 6.52157 ], [ 2.3979, 6.52121 ], [ 2.39754, 6.51931 ], [ 2.39708, 6.51913 ], [ 2.39672, 6.52085 ], [ 2.39636, 6.52103 ], [ 2.39627, 6.51985 ], [ 2.39564, 6.51985 ], [ 2.39491, 6.52075 ], [ 2.39518, 6.52175 ], [ 2.39409, 6.52229 ], [ 2.39346, 6.52229 ], [ 2.39319, 6.52184 ], [ 2.39256, 6.52193 ], [ 2.39265, 6.52274 ], [ 2.39174, 6.52247 ], [ 2.39147, 6.52337 ], [ 2.39075, 6.52401 ], [ 2.38993, 6.52419 ], [ 2.38975, 6.52391 ], [ 2.39093, 6.52247 ], [ 2.3922, 6.52193 ], [ 2.39202, 6.52147 ], [ 2.39129, 6.52211 ], [ 2.39039, 6.5222 ], [ 2.3902, 6.52283 ], [ 2.38876, 6.5221 ], [ 2.38867, 6.52247 ], [ 2.38993, 6.52319 ], [ 2.38948, 6.52373 ], [ 2.38695, 6.52301 ], [ 2.38713, 6.52364 ], [ 2.38649, 6.52427 ], [ 2.38668, 6.52346 ], [ 2.38631, 6.52319 ], [ 2.38604, 6.52355 ], [ 2.38622, 6.524 ], [ 2.38523, 6.52499 ], [ 2.3845, 6.52472 ], [ 2.38423, 6.52535 ], [ 2.38396, 6.52355 ], [ 2.38532, 6.52382 ], [ 2.3855, 6.52328 ], [ 2.38505, 6.52328 ], [ 2.38505, 6.52264 ], [ 2.38595, 6.52183 ], [ 2.38668, 6.52255 ], [ 2.38704, 6.52237 ], [ 2.38686, 6.52147 ], [ 2.38668, 6.52174 ], [ 2.3865, 6.52129 ], [ 2.3855, 6.52138 ], [ 2.38578, 6.52011 ], [ 2.38686, 6.51984 ], [ 2.3865, 6.52038 ], [ 2.38677, 6.52074 ], [ 2.38822, 6.52047 ], [ 2.38776, 6.52038 ], [ 2.38786, 6.51984 ], [ 2.38695, 6.52002 ], [ 2.3865, 6.51884 ], [ 2.38722, 6.51875 ], [ 2.38704, 6.51848 ], [ 2.38578, 6.51857 ], [ 2.3855, 6.51984 ], [ 2.38487, 6.52038 ], [ 2.3846, 6.52011 ], [ 2.38424, 6.52038 ], [ 2.38496, 6.52183 ], [ 2.38387, 6.52137 ], [ 2.38414, 6.5221 ], [ 2.38315, 6.5221 ], [ 2.38387, 6.52291 ], [ 2.38405, 6.52273 ], [ 2.38405, 6.52309 ], [ 2.38279, 6.52382 ], [ 2.38288, 6.52436 ], [ 2.38116, 6.5239 ], [ 2.38107, 6.52454 ], [ 2.3807, 6.52463 ], [ 2.38016, 6.52372 ], [ 2.37989, 6.5239 ], [ 2.37989, 6.52345 ], [ 2.37962, 6.52372 ], [ 2.3798, 6.52408 ], [ 2.37944, 6.52435 ], [ 2.38034, 6.52553 ], [ 2.38034, 6.52616 ], [ 2.37998, 6.52598 ], [ 2.37971, 6.52689 ], [ 2.37925, 6.52671 ], [ 2.37916, 6.52725 ], [ 2.37989, 6.52743 ], [ 2.3797, 6.5287 ], [ 2.38061, 6.52924 ], [ 2.38079, 6.52996 ], [ 2.38043, 6.52996 ], [ 2.38052, 6.53042 ], [ 2.37997, 6.53078 ], [ 2.37988, 6.53033 ], [ 2.37862, 6.53032 ], [ 2.37843, 6.53123 ], [ 2.37952, 6.53213 ], [ 2.3797, 6.53195 ], [ 2.37979, 6.53259 ], [ 2.37916, 6.53241 ], [ 2.37907, 6.53295 ], [ 2.37879, 6.53268 ], [ 2.37861, 6.53295 ], [ 2.37789, 6.53204 ], [ 2.37825, 6.53195 ], [ 2.37807, 6.5315 ], [ 2.37762, 6.5315 ], [ 2.37789, 6.53123 ], [ 2.37699, 6.53105 ], [ 2.37681, 6.53141 ], [ 2.37762, 6.53168 ], [ 2.37744, 6.5324 ], [ 2.3768, 6.53249 ], [ 2.37698, 6.53349 ], [ 2.37608, 6.53376 ], [ 2.37545, 6.53276 ], [ 2.37509, 6.53276 ], [ 2.37509, 6.53321 ], [ 2.37291, 6.5333 ], [ 2.37282, 6.5343 ], [ 2.37318, 6.53466 ], [ 2.37382, 6.53439 ], [ 2.37327, 6.53502 ], [ 2.37409, 6.53502 ], [ 2.37463, 6.53448 ], [ 2.3749, 6.53593 ], [ 2.37562, 6.53557 ], [ 2.37553, 6.53584 ], [ 2.37626, 6.53629 ] ], [ [ 2.38106, 6.52987 ], [ 2.38034, 6.52779 ], [ 2.3816, 6.52788 ], [ 2.38133, 6.52716 ], [ 2.38188, 6.5268 ], [ 2.3817, 6.52635 ], [ 2.38233, 6.52535 ], [ 2.38296, 6.52544 ], [ 2.38305, 6.5259 ], [ 2.38269, 6.52599 ], [ 2.38333, 6.52644 ], [ 2.38369, 6.52572 ], [ 2.38523, 6.52608 ], [ 2.38577, 6.52481 ], [ 2.38613, 6.52481 ], [ 2.38577, 6.52545 ], [ 2.38577, 6.52599 ], [ 2.38613, 6.52608 ], [ 2.38667, 6.52599 ], [ 2.38821, 6.52464 ], [ 2.38866, 6.52473 ], [ 2.38821, 6.52572 ], [ 2.38857, 6.52672 ], [ 2.38884, 6.52663 ], [ 2.38857, 6.52744 ], [ 2.38541, 6.52671 ], [ 2.38513, 6.52771 ], [ 2.38549, 6.52771 ], [ 2.38549, 6.52816 ], [ 2.38477, 6.5278 ], [ 2.38387, 6.52834 ], [ 2.38224, 6.52807 ], [ 2.38215, 6.52834 ], [ 2.38269, 6.52852 ], [ 2.38278, 6.52951 ], [ 2.38224, 6.52997 ], [ 2.38205, 6.52969 ], [ 2.38106, 6.52987 ] ], [ [ 2.39301, 6.5241 ], [ 2.394, 6.52256 ], [ 2.39536, 6.52202 ], [ 2.39536, 6.52274 ], [ 2.39464, 6.52283 ], [ 2.39455, 6.52347 ], [ 2.39382, 6.52374 ], [ 2.39355, 6.52428 ], [ 2.39301, 6.5241 ] ] ], [ [ [ 2.39109, 6.53568 ], [ 2.39155, 6.53387 ], [ 2.39218, 6.53396 ], [ 2.39236, 6.5345 ], [ 2.39299, 6.5345 ], [ 2.39309, 6.53405 ], [ 2.39173, 6.53314 ], [ 2.39227, 6.53233 ], [ 2.39218, 6.53088 ], [ 2.39173, 6.53079 ], [ 2.39155, 6.53115 ], [ 2.39137, 6.53115 ], [ 2.39155, 6.5307 ], [ 2.39101, 6.53025 ], [ 2.39065, 6.5307 ], [ 2.3911, 6.53079 ], [ 2.3911, 6.53115 ], [ 2.39074, 6.53115 ], [ 2.39065, 6.53179 ], [ 2.39028, 6.53188 ], [ 2.39037, 6.53251 ], [ 2.38992, 6.53269 ], [ 2.38974, 6.53188 ], [ 2.38947, 6.53269 ], [ 2.38983, 6.53296 ], [ 2.38983, 6.53378 ], [ 2.39064, 6.5345 ], [ 2.39037, 6.53559 ], [ 2.39109, 6.53568 ] ] ], [ [ [ 2.39895, 6.54491 ], [ 2.39959, 6.54365 ], [ 2.39932, 6.54292 ], [ 2.39877, 6.5432 ], [ 2.39859, 6.54274 ], [ 2.39959, 6.5422 ], [ 2.39968, 6.54121 ], [ 2.39923, 6.54111 ], [ 2.39877, 6.54202 ], [ 2.39814, 6.54193 ], [ 2.39805, 6.5412 ], [ 2.39823, 6.54057 ], [ 2.39878, 6.54057 ], [ 2.39977, 6.53985 ], [ 2.39968, 6.53867 ], [ 2.39959, 6.5384 ], [ 2.39842, 6.5384 ], [ 2.39869, 6.53813 ], [ 2.39797, 6.53831 ], [ 2.39797, 6.53777 ], [ 2.39878, 6.53768 ], [ 2.39797, 6.53758 ], [ 2.3986, 6.5375 ], [ 2.3986, 6.53695 ], [ 2.39761, 6.53677 ], [ 2.39733, 6.53623 ], [ 2.39833, 6.53623 ], [ 2.39842, 6.53596 ], [ 2.39733, 6.53614 ], [ 2.39706, 6.53541 ], [ 2.39761, 6.53496 ], [ 2.39824, 6.53532 ], [ 2.39833, 6.53442 ], [ 2.39734, 6.53351 ], [ 2.39725, 6.53207 ], [ 2.39634, 6.53206 ], [ 2.39634, 6.53261 ], [ 2.39589, 6.53234 ], [ 2.3949, 6.5327 ], [ 2.39607, 6.53215 ], [ 2.39598, 6.53188 ], [ 2.39463, 6.53179 ], [ 2.39426, 6.53134 ], [ 2.39427, 6.53089 ], [ 2.39463, 6.53089 ], [ 2.3949, 6.53152 ], [ 2.39517, 6.53152 ], [ 2.39517, 6.53052 ], [ 2.39553, 6.53034 ], [ 2.39535, 6.52971 ], [ 2.39445, 6.5289 ], [ 2.39418, 6.52989 ], [ 2.39381, 6.52989 ], [ 2.39399, 6.53061 ], [ 2.39345, 6.53034 ], [ 2.39363, 6.52908 ], [ 2.39327, 6.52871 ], [ 2.39327, 6.52781 ], [ 2.39264, 6.52799 ], [ 2.39282, 6.52736 ], [ 2.39246, 6.52726 ], [ 2.3921, 6.52754 ], [ 2.39201, 6.52853 ], [ 2.39291, 6.52862 ], [ 2.39318, 6.52898 ], [ 2.39309, 6.53107 ], [ 2.39345, 6.53088 ], [ 2.39345, 6.5317 ], [ 2.39381, 6.53188 ], [ 2.39345, 6.53251 ], [ 2.39345, 6.53333 ], [ 2.39381, 6.53342 ], [ 2.39345, 6.53369 ], [ 2.39354, 6.53441 ], [ 2.39453, 6.53423 ], [ 2.39471, 6.53451 ], [ 2.39553, 6.53396 ], [ 2.39607, 6.53405 ], [ 2.39625, 6.53324 ], [ 2.39689, 6.5336 ], [ 2.39625, 6.53433 ], [ 2.39661, 6.53523 ], [ 2.39507, 6.53496 ], [ 2.39471, 6.53532 ], [ 2.39507, 6.53568 ], [ 2.39562, 6.53541 ], [ 2.39625, 6.5365 ], [ 2.39697, 6.53677 ], [ 2.39706, 6.53795 ], [ 2.39634, 6.53831 ], [ 2.39543, 6.53812 ], [ 2.39534, 6.53758 ], [ 2.3948, 6.53785 ], [ 2.3948, 6.53758 ], [ 2.3939, 6.53749 ], [ 2.39408, 6.53794 ], [ 2.39489, 6.53794 ], [ 2.39498, 6.53849 ], [ 2.39534, 6.53858 ], [ 2.39534, 6.53939 ], [ 2.39579, 6.5393 ], [ 2.39552, 6.53894 ], [ 2.39579, 6.53867 ], [ 2.39634, 6.53894 ], [ 2.39588, 6.53993 ], [ 2.39633, 6.54003 ], [ 2.39615, 6.54084 ], [ 2.39651, 6.54084 ], [ 2.39624, 6.54102 ], [ 2.39651, 6.54129 ], [ 2.39633, 6.54174 ], [ 2.3957, 6.54183 ], [ 2.39579, 6.54238 ], [ 2.39633, 6.54229 ], [ 2.39633, 6.54274 ], [ 2.39669, 6.54274 ], [ 2.39669, 6.54319 ], [ 2.39751, 6.54392 ], [ 2.39723, 6.54437 ], [ 2.39751, 6.54473 ], [ 2.3985, 6.54455 ], [ 2.39895, 6.54491 ] ] ], [ [ [ 2.39136, 6.53694 ], [ 2.39028, 6.53712 ], [ 2.3901, 6.53685 ], [ 2.39055, 6.53622 ], [ 2.38992, 6.53604 ], [ 2.39001, 6.53631 ], [ 2.38974, 6.53631 ], [ 2.38983, 6.53531 ], [ 2.38947, 6.53504 ], [ 2.38901, 6.53522 ], [ 2.38937, 6.53558 ], [ 2.38946, 6.53739 ], [ 2.39127, 6.53794 ], [ 2.39136, 6.53694 ] ] ], [ [ [ 2.39426, 6.53839 ], [ 2.39344, 6.53749 ], [ 2.39372, 6.53668 ], [ 2.39354, 6.53622 ], [ 2.39317, 6.53622 ], [ 2.39317, 6.53577 ], [ 2.39354, 6.53541 ], [ 2.39299, 6.53514 ], [ 2.39308, 6.53595 ], [ 2.39272, 6.53613 ], [ 2.39254, 6.53568 ], [ 2.39173, 6.53568 ], [ 2.39209, 6.53694 ], [ 2.39299, 6.53713 ], [ 2.39245, 6.53812 ], [ 2.39263, 6.53875 ], [ 2.39326, 6.53857 ], [ 2.39308, 6.53876 ], [ 2.39353, 6.53885 ], [ 2.39426, 6.53839 ] ] ], [ [ [ 2.38955, 6.54346 ], [ 2.39009, 6.54337 ], [ 2.39, 6.54309 ], [ 2.39099, 6.5431 ], [ 2.39127, 6.54273 ], [ 2.39127, 6.5421 ], [ 2.39, 6.54255 ], [ 2.38982, 6.54201 ], [ 2.39036, 6.54138 ], [ 2.39, 6.54065 ], [ 2.39136, 6.54056 ], [ 2.39136, 6.54011 ], [ 2.39018, 6.53902 ], [ 2.38883, 6.53938 ], [ 2.3881, 6.5392 ], [ 2.38801, 6.53866 ], [ 2.38865, 6.53803 ], [ 2.38865, 6.53739 ], [ 2.38802, 6.53748 ], [ 2.38756, 6.53685 ], [ 2.38829, 6.53594 ], [ 2.3882, 6.53459 ], [ 2.38748, 6.53459 ], [ 2.38775, 6.53404 ], [ 2.38702, 6.53395 ], [ 2.38666, 6.53314 ], [ 2.3863, 6.53332 ], [ 2.38639, 6.53431 ], [ 2.3873, 6.53477 ], [ 2.38784, 6.53567 ], [ 2.38766, 6.53613 ], [ 2.38603, 6.53612 ], [ 2.38576, 6.53585 ], [ 2.38612, 6.53567 ], [ 2.38567, 6.53567 ], [ 2.38431, 6.53639 ], [ 2.38467, 6.53685 ], [ 2.38422, 6.53694 ], [ 2.38331, 6.53639 ], [ 2.38349, 6.53603 ], [ 2.38512, 6.53576 ], [ 2.38485, 6.53531 ], [ 2.38377, 6.53503 ], [ 2.38341, 6.5344 ], [ 2.38232, 6.53467 ], [ 2.38133, 6.53413 ], [ 2.38169, 6.53476 ], [ 2.38069, 6.53476 ], [ 2.38051, 6.53566 ], [ 2.38114, 6.5363 ], [ 2.38187, 6.53585 ], [ 2.38187, 6.53666 ], [ 2.3825, 6.5372 ], [ 2.38286, 6.53711 ], [ 2.38295, 6.53748 ], [ 2.38395, 6.53721 ], [ 2.38322, 6.53802 ], [ 2.38385, 6.53802 ], [ 2.38376, 6.53847 ], [ 2.38403, 6.53883 ], [ 2.38431, 6.53847 ], [ 2.3843, 6.53902 ], [ 2.38539, 6.53838 ], [ 2.38539, 6.53775 ], [ 2.38584, 6.53784 ], [ 2.38575, 6.53938 ], [ 2.38602, 6.53929 ], [ 2.38584, 6.53893 ], [ 2.3862, 6.53929 ], [ 2.38657, 6.53911 ], [ 2.38638, 6.5401 ], [ 2.38711, 6.53947 ], [ 2.38684, 6.5401 ], [ 2.3862, 6.54038 ], [ 2.38665, 6.54101 ], [ 2.38629, 6.54218 ], [ 2.38656, 6.54191 ], [ 2.38674, 6.54228 ], [ 2.38674, 6.54164 ], [ 2.38701, 6.54228 ], [ 2.38747, 6.54146 ], [ 2.3881, 6.54155 ], [ 2.3881, 6.54246 ], [ 2.38774, 6.54282 ], [ 2.38792, 6.54363 ], [ 2.38909, 6.54373 ], [ 2.38936, 6.54445 ], [ 2.38955, 6.54346 ] ] ], [ [ [ 2.39298, 6.54391 ], [ 2.39298, 6.54265 ], [ 2.39371, 6.54301 ], [ 2.39389, 6.54274 ], [ 2.39479, 6.54292 ], [ 2.39488, 6.54247 ], [ 2.39543, 6.54238 ], [ 2.39543, 6.54192 ], [ 2.39489, 6.54156 ], [ 2.39507, 6.54093 ], [ 2.39552, 6.54084 ], [ 2.39516, 6.54039 ], [ 2.39525, 6.53984 ], [ 2.39435, 6.53966 ], [ 2.39416, 6.53912 ], [ 2.39362, 6.53948 ], [ 2.3938, 6.54011 ], [ 2.3929, 6.54002 ], [ 2.39272, 6.54047 ], [ 2.39199, 6.54065 ], [ 2.39163, 6.54147 ], [ 2.391, 6.54165 ], [ 2.39172, 6.54201 ], [ 2.39172, 6.54301 ], [ 2.39126, 6.54364 ], [ 2.39262, 6.54319 ], [ 2.39262, 6.54373 ], [ 2.39298, 6.54391 ] ] ], [ [ [ 2.39198, 6.54762 ], [ 2.39117, 6.54717 ], [ 2.39171, 6.54653 ], [ 2.3909, 6.5459 ], [ 2.39054, 6.54599 ], [ 2.39063, 6.54626 ], [ 2.38954, 6.54608 ], [ 2.38891, 6.54554 ], [ 2.38791, 6.54599 ], [ 2.38764, 6.54571 ], [ 2.38701, 6.54589 ], [ 2.38701, 6.54671 ], [ 2.38819, 6.54671 ], [ 2.38755, 6.54771 ], [ 2.38981, 6.54771 ], [ 2.3899, 6.54735 ], [ 2.38936, 6.54753 ], [ 2.38909, 6.54698 ], [ 2.38972, 6.5468 ], [ 2.39144, 6.54762 ], [ 2.39153, 6.54798 ], [ 2.39117, 6.54816 ], [ 2.39198, 6.54807 ], [ 2.39198, 6.54762 ] ] ], [ [ [ 2.39614, 6.54853 ], [ 2.39596, 6.54772 ], [ 2.39633, 6.54753 ], [ 2.39624, 6.54708 ], [ 2.39506, 6.54663 ], [ 2.3947, 6.54726 ], [ 2.39524, 6.54753 ], [ 2.39542, 6.54726 ], [ 2.39542, 6.54762 ], [ 2.39497, 6.54817 ], [ 2.39614, 6.54853 ] ] ], [ [ [ 2.39397, 6.55052 ], [ 2.39316, 6.54979 ], [ 2.39343, 6.54934 ], [ 2.3937, 6.5497 ], [ 2.39379, 6.54943 ], [ 2.3946, 6.54943 ], [ 2.39488, 6.5488 ], [ 2.39243, 6.54862 ], [ 2.39207, 6.54925 ], [ 2.39252, 6.54952 ], [ 2.39234, 6.55042 ], [ 2.39298, 6.55034 ], [ 2.39325, 6.55088 ], [ 2.39397, 6.55052 ] ] ], [ [ [ 2.39198, 6.55296 ], [ 2.39297, 6.55296 ], [ 2.3936, 6.55332 ], [ 2.39379, 6.55278 ], [ 2.39189, 6.5526 ], [ 2.39162, 6.55187 ], [ 2.39243, 6.55214 ], [ 2.39279, 6.55169 ], [ 2.39207, 6.55151 ], [ 2.39099, 6.55015 ], [ 2.38972, 6.55096 ], [ 2.39044, 6.55133 ], [ 2.39017, 6.55178 ], [ 2.3908, 6.55232 ], [ 2.39071, 6.55314 ], [ 2.39107, 6.55359 ], [ 2.39189, 6.5535 ], [ 2.39198, 6.55296 ] ] ], [ [ [ 2.38906, 6.56824 ], [ 2.38997, 6.56806 ], [ 2.39006, 6.5677 ], [ 2.38952, 6.56716 ], [ 2.38843, 6.56698 ], [ 2.38834, 6.56643 ], [ 2.38898, 6.56625 ], [ 2.38853, 6.56453 ], [ 2.38952, 6.56499 ], [ 2.38934, 6.56444 ], [ 2.38979, 6.56417 ], [ 2.38916, 6.56408 ], [ 2.3897, 6.56399 ], [ 2.38988, 6.56282 ], [ 2.39025, 6.56291 ], [ 2.38952, 6.56164 ], [ 2.39016, 6.56155 ], [ 2.39016, 6.56037 ], [ 2.39179, 6.56065 ], [ 2.39215, 6.56038 ], [ 2.39206, 6.55992 ], [ 2.39143, 6.56001 ], [ 2.39143, 6.55938 ], [ 2.39197, 6.55938 ], [ 2.39206, 6.55902 ], [ 2.39188, 6.55848 ], [ 2.39134, 6.55848 ], [ 2.39152, 6.55811 ], [ 2.39116, 6.55802 ], [ 2.39061, 6.55866 ], [ 2.38989, 6.55865 ], [ 2.39007, 6.55811 ], [ 2.39043, 6.5582 ], [ 2.39043, 6.55685 ], [ 2.39007, 6.55666 ], [ 2.38971, 6.55703 ], [ 2.38962, 6.55675 ], [ 2.38953, 6.55703 ], [ 2.38953, 6.5563 ], [ 2.39016, 6.55612 ], [ 2.39016, 6.55549 ], [ 2.38953, 6.55513 ], [ 2.38953, 6.55476 ], [ 2.39044, 6.55458 ], [ 2.39071, 6.55522 ], [ 2.39197, 6.55513 ], [ 2.39225, 6.55441 ], [ 2.39279, 6.55495 ], [ 2.39324, 6.55432 ], [ 2.39261, 6.55377 ], [ 2.39143, 6.55368 ], [ 2.3908, 6.55368 ], [ 2.39044, 6.55431 ], [ 2.38935, 6.55404 ], [ 2.3889, 6.55485 ], [ 2.3889, 6.5563 ], [ 2.38817, 6.55693 ], [ 2.38781, 6.55648 ], [ 2.38691, 6.55675 ], [ 2.38691, 6.55594 ], [ 2.38646, 6.55567 ], [ 2.38646, 6.55521 ], [ 2.38564, 6.55557 ], [ 2.38546, 6.55512 ], [ 2.38483, 6.5553 ], [ 2.38429, 6.55485 ], [ 2.38374, 6.55539 ], [ 2.38329, 6.55476 ], [ 2.38411, 6.55431 ], [ 2.38402, 6.55313 ], [ 2.38393, 6.55286 ], [ 2.38302, 6.55313 ], [ 2.38311, 6.55268 ], [ 2.38411, 6.55241 ], [ 2.38411, 6.55295 ], [ 2.3842, 6.55259 ], [ 2.38465, 6.55286 ], [ 2.38465, 6.55394 ], [ 2.38501, 6.5544 ], [ 2.38456, 6.55485 ], [ 2.38582, 6.55503 ], [ 2.386, 6.55422 ], [ 2.38664, 6.5544 ], [ 2.38664, 6.55413 ], [ 2.38637, 6.55386 ], [ 2.38564, 6.55404 ], [ 2.38564, 6.55367 ], [ 2.38619, 6.55295 ], [ 2.38736, 6.55304 ], [ 2.38727, 6.55259 ], [ 2.38655, 6.55232 ], [ 2.38655, 6.55205 ], [ 2.38691, 6.55214 ], [ 2.38709, 6.55132 ], [ 2.38773, 6.55141 ], [ 2.38782, 6.55196 ], [ 2.38827, 6.55214 ], [ 2.388, 6.55114 ], [ 2.38836, 6.55096 ], [ 2.38836, 6.55033 ], [ 2.38818, 6.55015 ], [ 2.38818, 6.55078 ], [ 2.388, 6.55087 ], [ 2.38809, 6.55015 ], [ 2.38746, 6.55006 ], [ 2.38728, 6.5497 ], [ 2.38755, 6.54942 ], [ 2.38701, 6.54897 ], [ 2.38655, 6.54933 ], [ 2.3861, 6.54915 ], [ 2.38583, 6.5496 ], [ 2.38529, 6.54942 ], [ 2.3852, 6.54852 ], [ 2.38456, 6.5487 ], [ 2.38402, 6.54815 ], [ 2.38384, 6.5477 ], [ 2.3842, 6.54734 ], [ 2.38285, 6.54698 ], [ 2.38285, 6.54752 ], [ 2.3823, 6.54752 ], [ 2.38258, 6.5477 ], [ 2.38221, 6.54806 ], [ 2.38239, 6.54878 ], [ 2.38303, 6.54888 ], [ 2.38321, 6.54924 ], [ 2.38447, 6.54897 ], [ 2.38474, 6.5496 ], [ 2.38393, 6.54987 ], [ 2.38348, 6.55069 ], [ 2.38302, 6.55068 ], [ 2.38257, 6.55159 ], [ 2.38221, 6.55159 ], [ 2.38266, 6.55258 ], [ 2.3823, 6.55331 ], [ 2.38212, 6.55249 ], [ 2.38103, 6.55267 ], [ 2.38166, 6.55276 ], [ 2.38175, 6.55349 ], [ 2.3813, 6.55412 ], [ 2.38202, 6.5553 ], [ 2.38193, 6.55557 ], [ 2.3813, 6.5553 ], [ 2.38139, 6.55593 ], [ 2.38184, 6.55611 ], [ 2.38103, 6.55711 ], [ 2.38229, 6.55792 ], [ 2.38283, 6.55756 ], [ 2.38302, 6.55801 ], [ 2.38329, 6.55801 ], [ 2.38338, 6.55738 ], [ 2.38392, 6.55783 ], [ 2.38338, 6.55883 ], [ 2.38392, 6.55856 ], [ 2.38428, 6.55928 ], [ 2.38383, 6.55946 ], [ 2.38392, 6.55991 ], [ 2.38337, 6.56037 ], [ 2.38256, 6.55964 ], [ 2.3822, 6.55991 ], [ 2.38247, 6.56009 ], [ 2.38238, 6.56082 ], [ 2.38193, 6.56082 ], [ 2.38166, 6.55982 ], [ 2.38093, 6.55964 ], [ 2.38093, 6.55928 ], [ 2.38057, 6.55982 ], [ 2.3803, 6.55955 ], [ 2.38021, 6.56054 ], [ 2.38012, 6.55955 ], [ 2.38039, 6.55937 ], [ 2.3803, 6.559 ], [ 2.38003, 6.55919 ], [ 2.38012, 6.56109 ], [ 2.37957, 6.56181 ], [ 2.37993, 6.56262 ], [ 2.3812, 6.56208 ], [ 2.38192, 6.56244 ], [ 2.38256, 6.56217 ], [ 2.38274, 6.56281 ], [ 2.384, 6.56317 ], [ 2.38436, 6.56408 ], [ 2.38437, 6.56362 ], [ 2.38563, 6.5639 ], [ 2.38653, 6.56507 ], [ 2.3859, 6.56553 ], [ 2.38599, 6.56598 ], [ 2.38635, 6.56625 ], [ 2.3869, 6.56571 ], [ 2.3878, 6.56607 ], [ 2.38798, 6.56707 ], [ 2.38879, 6.56761 ], [ 2.38879, 6.56842 ], [ 2.38897, 6.56797 ], [ 2.38906, 6.56824 ] ], [ [ 2.38708, 6.56028 ], [ 2.38672, 6.55901 ], [ 2.38654, 6.56046 ], [ 2.386, 6.56037 ], [ 2.38591, 6.55901 ], [ 2.38654, 6.55847 ], [ 2.38681, 6.55865 ], [ 2.38663, 6.55784 ], [ 2.38709, 6.55793 ], [ 2.38727, 6.55874 ], [ 2.38781, 6.55874 ], [ 2.3888, 6.55983 ], [ 2.38862, 6.56028 ], [ 2.3879, 6.56028 ], [ 2.38781, 6.56073 ], [ 2.38708, 6.56028 ] ], [ [ 2.38437, 6.55874 ], [ 2.3841, 6.5581 ], [ 2.38501, 6.55793 ], [ 2.3851, 6.55747 ], [ 2.38636, 6.5582 ], [ 2.38618, 6.55847 ], [ 2.38564, 6.55793 ], [ 2.38519, 6.55802 ], [ 2.3851, 6.55856 ], [ 2.38555, 6.55919 ], [ 2.38446, 6.55928 ], [ 2.38473, 6.55865 ], [ 2.38437, 6.55874 ] ] ], [ [ [ 2.39784, 6.56988 ], [ 2.39838, 6.57006 ], [ 2.39802, 6.56934 ], [ 2.39738, 6.56979 ], [ 2.39729, 6.56952 ], [ 2.39657, 6.5697 ], [ 2.39621, 6.56925 ], [ 2.39639, 6.5688 ], [ 2.39702, 6.56907 ], [ 2.39702, 6.56871 ], [ 2.39639, 6.56852 ], [ 2.3973, 6.56681 ], [ 2.39703, 6.56708 ], [ 2.39531, 6.56689 ], [ 2.39549, 6.5659 ], [ 2.39459, 6.56554 ], [ 2.3945, 6.56499 ], [ 2.39431, 6.56554 ], [ 2.39395, 6.56554 ], [ 2.39377, 6.56508 ], [ 2.3945, 6.56463 ], [ 2.39495, 6.56508 ], [ 2.39576, 6.56472 ], [ 2.39585, 6.5659 ], [ 2.39703, 6.56572 ], [ 2.39721, 6.56473 ], [ 2.39676, 6.56445 ], [ 2.39739, 6.56427 ], [ 2.39748, 6.56454 ], [ 2.39748, 6.56418 ], [ 2.39812, 6.564 ], [ 2.39784, 6.56364 ], [ 2.39739, 6.56382 ], [ 2.39785, 6.56237 ], [ 2.3973, 6.56246 ], [ 2.39721, 6.56174 ], [ 2.39685, 6.56156 ], [ 2.39812, 6.56093 ], [ 2.39785, 6.56084 ], [ 2.39803, 6.56056 ], [ 2.39839, 6.56056 ], [ 2.3983, 6.56093 ], [ 2.39857, 6.56075 ], [ 2.39821, 6.55939 ], [ 2.39776, 6.55939 ], [ 2.39758, 6.55894 ], [ 2.39794, 6.55894 ], [ 2.39812, 6.55839 ], [ 2.39921, 6.55849 ], [ 2.39912, 6.55803 ], [ 2.39975, 6.55749 ], [ 2.39984, 6.55867 ], [ 2.40011, 6.55867 ], [ 2.40066, 6.55758 ], [ 2.40057, 6.55641 ], [ 2.39876, 6.55658 ], [ 2.39858, 6.55631 ], [ 2.39912, 6.55559 ], [ 2.3984, 6.55541 ], [ 2.39849, 6.55514 ], [ 2.39758, 6.55423 ], [ 2.3974, 6.5545 ], [ 2.39722, 6.55414 ], [ 2.3965, 6.55423 ], [ 2.39641, 6.55378 ], [ 2.39569, 6.5535 ], [ 2.39596, 6.55341 ], [ 2.39578, 6.55242 ], [ 2.39451, 6.55242 ], [ 2.39415, 6.55368 ], [ 2.39496, 6.55396 ], [ 2.39487, 6.5545 ], [ 2.39523, 6.55495 ], [ 2.3946, 6.55522 ], [ 2.39415, 6.55477 ], [ 2.39433, 6.55577 ], [ 2.3936, 6.55567 ], [ 2.39333, 6.55631 ], [ 2.39243, 6.55612 ], [ 2.39297, 6.55658 ], [ 2.39279, 6.55694 ], [ 2.39351, 6.55685 ], [ 2.39487, 6.55794 ], [ 2.39487, 6.55839 ], [ 2.39414, 6.55857 ], [ 2.39432, 6.55947 ], [ 2.3936, 6.55938 ], [ 2.39305, 6.55983 ], [ 2.39296, 6.56119 ], [ 2.39423, 6.56119 ], [ 2.3945, 6.56219 ], [ 2.39567, 6.56246 ], [ 2.39567, 6.56309 ], [ 2.39432, 6.56336 ], [ 2.39432, 6.56409 ], [ 2.39377, 6.56409 ], [ 2.39359, 6.56364 ], [ 2.39377, 6.5649 ], [ 2.39323, 6.56454 ], [ 2.3926, 6.56481 ], [ 2.39251, 6.56418 ], [ 2.39214, 6.56418 ], [ 2.3916, 6.56463 ], [ 2.39133, 6.56562 ], [ 2.39205, 6.56589 ], [ 2.39232, 6.56644 ], [ 2.3935, 6.56653 ], [ 2.39404, 6.56734 ], [ 2.39458, 6.56753 ], [ 2.39485, 6.56825 ], [ 2.39594, 6.56889 ], [ 2.39639, 6.57006 ], [ 2.39738, 6.57042 ], [ 2.39784, 6.56988 ] ], [ [ 2.39568, 6.56165 ], [ 2.39613, 6.56101 ], [ 2.39577, 6.56002 ], [ 2.39468, 6.55966 ], [ 2.39532, 6.55929 ], [ 2.39613, 6.55975 ], [ 2.39722, 6.55957 ], [ 2.39712, 6.56029 ], [ 2.39676, 6.56047 ], [ 2.39667, 6.56192 ], [ 2.39568, 6.56165 ] ] ], [ [ [ 2.39224, 6.56354 ], [ 2.39233, 6.56309 ], [ 2.39296, 6.56291 ], [ 2.39233, 6.56246 ], [ 2.39233, 6.56173 ], [ 2.39188, 6.56182 ], [ 2.39169, 6.56237 ], [ 2.39215, 6.56273 ], [ 2.39205, 6.56336 ], [ 2.39115, 6.56273 ], [ 2.39043, 6.56291 ], [ 2.39052, 6.56327 ], [ 2.39224, 6.56354 ] ] ], [ [ [ 2.38852, 6.57177 ], [ 2.39069, 6.57096 ], [ 2.39087, 6.57015 ], [ 2.39132, 6.57033 ], [ 2.39123, 6.57087 ], [ 2.39196, 6.57105 ], [ 2.39159, 6.57042 ], [ 2.39241, 6.57042 ], [ 2.39259, 6.5697 ], [ 2.39187, 6.56951 ], [ 2.39205, 6.56997 ], [ 2.39159, 6.57006 ], [ 2.39132, 6.56969 ], [ 2.39069, 6.56987 ], [ 2.39033, 6.56951 ], [ 2.38888, 6.56951 ], [ 2.38843, 6.56906 ], [ 2.38644, 6.56942 ], [ 2.38653, 6.56978 ], [ 2.38852, 6.5696 ], [ 2.38852, 6.5705 ], [ 2.38897, 6.57078 ], [ 2.38852, 6.57177 ] ] ], [ [ [ 2.39068, 6.57594 ], [ 2.39014, 6.57584 ], [ 2.39014, 6.57539 ], [ 2.39077, 6.5753 ], [ 2.39059, 6.57494 ], [ 2.39132, 6.57349 ], [ 2.39132, 6.5725 ], [ 2.39168, 6.57241 ], [ 2.39177, 6.57286 ], [ 2.39213, 6.57286 ], [ 2.39195, 6.57214 ], [ 2.39096, 6.57214 ], [ 2.39078, 6.57404 ], [ 2.39041, 6.57385 ], [ 2.39041, 6.57331 ], [ 2.38987, 6.57322 ], [ 2.39014, 6.57304 ], [ 2.38969, 6.57277 ], [ 2.38987, 6.57259 ], [ 2.38879, 6.57277 ], [ 2.38897, 6.5725 ], [ 2.3877, 6.57168 ], [ 2.38861, 6.57114 ], [ 2.38807, 6.57005 ], [ 2.38752, 6.57014 ], [ 2.38734, 6.56978 ], [ 2.3858, 6.56996 ], [ 2.38571, 6.56951 ], [ 2.38499, 6.56951 ], [ 2.3849, 6.56896 ], [ 2.38472, 6.56923 ], [ 2.3849, 6.56869 ], [ 2.38436, 6.56851 ], [ 2.38454, 6.5695 ], [ 2.38571, 6.57023 ], [ 2.38608, 6.57068 ], [ 2.38571, 6.57113 ], [ 2.38644, 6.57186 ], [ 2.38625, 6.57258 ], [ 2.38571, 6.57249 ], [ 2.38535, 6.57285 ], [ 2.38544, 6.57331 ], [ 2.38716, 6.57295 ], [ 2.38788, 6.57421 ], [ 2.38842, 6.57394 ], [ 2.38815, 6.57322 ], [ 2.38933, 6.57331 ], [ 2.38888, 6.57403 ], [ 2.38933, 6.57467 ], [ 2.38878, 6.57512 ], [ 2.38878, 6.57575 ], [ 2.38914, 6.57611 ], [ 2.38996, 6.57593 ], [ 2.39059, 6.57621 ], [ 2.39068, 6.57594 ] ] ], [ [ [ 2.39231, 6.57874 ], [ 2.39339, 6.57883 ], [ 2.39357, 6.57856 ], [ 2.39258, 6.57802 ], [ 2.39276, 6.57757 ], [ 2.3933, 6.57757 ], [ 2.39321, 6.57693 ], [ 2.39385, 6.57739 ], [ 2.39466, 6.5773 ], [ 2.39466, 6.57784 ], [ 2.3952, 6.57784 ], [ 2.39529, 6.57847 ], [ 2.39556, 6.57838 ], [ 2.39557, 6.57757 ], [ 2.39493, 6.5773 ], [ 2.39484, 6.57685 ], [ 2.39403, 6.57712 ], [ 2.39394, 6.5763 ], [ 2.39358, 6.57603 ], [ 2.39322, 6.57648 ], [ 2.39312, 6.57621 ], [ 2.39303, 6.57648 ], [ 2.39258, 6.5763 ], [ 2.39258, 6.57594 ], [ 2.39195, 6.57603 ], [ 2.39186, 6.57684 ], [ 2.39213, 6.57648 ], [ 2.39222, 6.57729 ], [ 2.39177, 6.57738 ], [ 2.39158, 6.57793 ], [ 2.39195, 6.57784 ], [ 2.39231, 6.57838 ], [ 2.39176, 6.57892 ], [ 2.39222, 6.57901 ], [ 2.39231, 6.57874 ] ] ], [ [ [ 2.3838, 6.58515 ], [ 2.38398, 6.58389 ], [ 2.38344, 6.58389 ], [ 2.38362, 6.58307 ], [ 2.38335, 6.5828 ], [ 2.38398, 6.58271 ], [ 2.38398, 6.58235 ], [ 2.38461, 6.58235 ], [ 2.38516, 6.58308 ], [ 2.38633, 6.58308 ], [ 2.38597, 6.58353 ], [ 2.38606, 6.58407 ], [ 2.38651, 6.58362 ], [ 2.38669, 6.58199 ], [ 2.3876, 6.58154 ], [ 2.38724, 6.58226 ], [ 2.38769, 6.58236 ], [ 2.38751, 6.58308 ], [ 2.38787, 6.58308 ], [ 2.38814, 6.5819 ], [ 2.3895, 6.58163 ], [ 2.3895, 6.58227 ], [ 2.39004, 6.58218 ], [ 2.39059, 6.58118 ], [ 2.39113, 6.581 ], [ 2.39104, 6.58254 ], [ 2.39095, 6.58191 ], [ 2.39067, 6.58236 ], [ 2.39013, 6.58227 ], [ 2.39022, 6.58308 ], [ 2.39067, 6.58335 ], [ 2.39122, 6.58218 ], [ 2.3923, 6.582 ], [ 2.3914, 6.58073 ], [ 2.39258, 6.57983 ], [ 2.39104, 6.57955 ], [ 2.3905, 6.5801 ], [ 2.3905, 6.581 ], [ 2.38968, 6.58064 ], [ 2.38905, 6.58118 ], [ 2.38986, 6.57992 ], [ 2.38941, 6.57991 ], [ 2.38923, 6.58037 ], [ 2.38896, 6.57964 ], [ 2.38851, 6.57991 ], [ 2.38715, 6.57973 ], [ 2.3867, 6.58018 ], [ 2.38715, 6.5791 ], [ 2.3876, 6.57901 ], [ 2.38688, 6.5781 ], [ 2.38688, 6.57919 ], [ 2.38615, 6.57991 ], [ 2.38688, 6.58091 ], [ 2.38624, 6.581 ], [ 2.38624, 6.58136 ], [ 2.38552, 6.58127 ], [ 2.38534, 6.58181 ], [ 2.38416, 6.58127 ], [ 2.38262, 6.58144 ], [ 2.38262, 6.58181 ], [ 2.38163, 6.58235 ], [ 2.38136, 6.58217 ], [ 2.38163, 6.58307 ], [ 2.38063, 6.58289 ], [ 2.37982, 6.58352 ], [ 2.38009, 6.58397 ], [ 2.3809, 6.58334 ], [ 2.3828, 6.58353 ], [ 2.38289, 6.58398 ], [ 2.38353, 6.58434 ], [ 2.38352, 6.58525 ], [ 2.3838, 6.58515 ] ] ], [ [ [ 2.3923, 6.58625 ], [ 2.39429, 6.58652 ], [ 2.39411, 6.58625 ], [ 2.39465, 6.58653 ], [ 2.39438, 6.58562 ], [ 2.39556, 6.58463 ], [ 2.39511, 6.58399 ], [ 2.39565, 6.58336 ], [ 2.39547, 6.583 ], [ 2.39493, 6.58354 ], [ 2.39438, 6.58336 ], [ 2.39456, 6.58291 ], [ 2.39411, 6.58291 ], [ 2.39321, 6.58363 ], [ 2.39348, 6.5848 ], [ 2.39293, 6.58562 ], [ 2.39239, 6.58471 ], [ 2.39167, 6.58471 ], [ 2.39158, 6.58426 ], [ 2.39076, 6.58462 ], [ 2.39103, 6.58516 ], [ 2.3913, 6.58507 ], [ 2.3913, 6.58562 ], [ 2.39185, 6.58544 ], [ 2.3923, 6.58625 ] ] ], [ [ [ 2.38777, 6.58787 ], [ 2.38967, 6.58797 ], [ 2.38976, 6.58751 ], [ 2.39076, 6.58761 ], [ 2.38959, 6.58534 ], [ 2.38913, 6.58625 ], [ 2.38877, 6.58616 ], [ 2.38895, 6.58552 ], [ 2.38796, 6.58588 ], [ 2.38796, 6.58634 ], [ 2.3885, 6.58679 ], [ 2.38777, 6.58751 ], [ 2.38777, 6.58787 ] ] ], [ [ [ 2.39673, 6.58933 ], [ 2.39646, 6.58897 ], [ 2.39582, 6.58951 ], [ 2.39573, 6.58843 ], [ 2.3951, 6.58806 ], [ 2.39447, 6.5887 ], [ 2.39492, 6.5896 ], [ 2.39429, 6.58942 ], [ 2.39428, 6.5896 ], [ 2.39501, 6.59005 ], [ 2.39483, 6.59042 ], [ 2.39546, 6.59042 ], [ 2.39546, 6.59078 ], [ 2.39627, 6.59042 ], [ 2.39664, 6.59087 ], [ 2.39673, 6.58933 ] ] ], [ [ [ 2.3902, 6.59747 ], [ 2.39093, 6.59629 ], [ 2.39102, 6.59656 ], [ 2.39156, 6.5962 ], [ 2.3922, 6.59647 ], [ 2.39211, 6.59602 ], [ 2.39129, 6.59584 ], [ 2.39183, 6.59557 ], [ 2.39184, 6.59457 ], [ 2.39147, 6.5943 ], [ 2.39202, 6.59403 ], [ 2.39139, 6.59322 ], [ 2.39157, 6.59186 ], [ 2.39193, 6.59186 ], [ 2.39193, 6.5924 ], [ 2.39256, 6.59195 ], [ 2.39229, 6.59322 ], [ 2.3931, 6.59313 ], [ 2.39229, 6.59349 ], [ 2.39229, 6.59421 ], [ 2.39401, 6.59412 ], [ 2.39446, 6.59367 ], [ 2.39401, 6.59286 ], [ 2.39482, 6.59304 ], [ 2.39482, 6.59259 ], [ 2.39419, 6.5925 ], [ 2.39446, 6.59186 ], [ 2.3951, 6.59204 ], [ 2.39437, 6.5915 ], [ 2.39446, 6.59114 ], [ 2.39365, 6.59105 ], [ 2.39428, 6.59141 ], [ 2.39365, 6.59186 ], [ 2.39265, 6.59123 ], [ 2.39211, 6.59141 ], [ 2.39238, 6.59096 ], [ 2.39193, 6.59014 ], [ 2.39229, 6.58996 ], [ 2.39211, 6.58978 ], [ 2.39311, 6.58996 ], [ 2.3932, 6.59041 ], [ 2.39383, 6.59014 ], [ 2.39311, 6.58933 ], [ 2.39257, 6.5896 ], [ 2.39257, 6.58924 ], [ 2.39175, 6.58915 ], [ 2.39094, 6.58951 ], [ 2.3913, 6.59005 ], [ 2.39184, 6.59005 ], [ 2.39175, 6.59105 ], [ 2.39148, 6.59104 ], [ 2.39139, 6.59041 ], [ 2.39103, 6.59132 ], [ 2.38904, 6.59104 ], [ 2.38922, 6.59195 ], [ 2.3884, 6.59213 ], [ 2.38849, 6.59176 ], [ 2.38804, 6.59176 ], [ 2.3884, 6.59285 ], [ 2.3893, 6.59312 ], [ 2.38985, 6.5943 ], [ 2.3893, 6.59466 ], [ 2.38912, 6.59394 ], [ 2.38804, 6.59375 ], [ 2.38903, 6.59466 ], [ 2.38831, 6.59475 ], [ 2.38822, 6.59538 ], [ 2.38749, 6.59538 ], [ 2.38749, 6.59565 ], [ 2.38822, 6.59565 ], [ 2.38831, 6.59611 ], [ 2.38767, 6.59602 ], [ 2.38767, 6.59574 ], [ 2.38695, 6.59611 ], [ 2.38776, 6.59638 ], [ 2.38785, 6.59719 ], [ 2.3883, 6.59737 ], [ 2.38903, 6.59737 ], [ 2.38939, 6.59692 ], [ 2.3902, 6.59747 ] ] ], [ [ [ 2.39002, 6.60244 ], [ 2.39065, 6.60136 ], [ 2.39156, 6.60145 ], [ 2.3911, 6.601 ], [ 2.39192, 6.60064 ], [ 2.39237, 6.59892 ], [ 2.39246, 6.59928 ], [ 2.39355, 6.59928 ], [ 2.3931, 6.59973 ], [ 2.39337, 6.60018 ], [ 2.39427, 6.59991 ], [ 2.39481, 6.60019 ], [ 2.39463, 6.60037 ], [ 2.39536, 6.60037 ], [ 2.3959, 6.60136 ], [ 2.39599, 6.60064 ], [ 2.39626, 6.60064 ], [ 2.39635, 6.60182 ], [ 2.39671, 6.60064 ], [ 2.39635, 6.60019 ], [ 2.39608, 6.60046 ], [ 2.39554, 6.60028 ], [ 2.39545, 6.59983 ], [ 2.39572, 6.6001 ], [ 2.39617, 6.59983 ], [ 2.39581, 6.59901 ], [ 2.39563, 6.59928 ], [ 2.39509, 6.5991 ], [ 2.39491, 6.59946 ], [ 2.39454, 6.59892 ], [ 2.39464, 6.59847 ], [ 2.39518, 6.59829 ], [ 2.39527, 6.59702 ], [ 2.39572, 6.59675 ], [ 2.39473, 6.59566 ], [ 2.39482, 6.59494 ], [ 2.39455, 6.59494 ], [ 2.39419, 6.59593 ], [ 2.39373, 6.59602 ], [ 2.39391, 6.59657 ], [ 2.39301, 6.59684 ], [ 2.39301, 6.59485 ], [ 2.39265, 6.59476 ], [ 2.39274, 6.59548 ], [ 2.39247, 6.59557 ], [ 2.39274, 6.59593 ], [ 2.39229, 6.59602 ], [ 2.39238, 6.59656 ], [ 2.39192, 6.59674 ], [ 2.39201, 6.59747 ], [ 2.39165, 6.59756 ], [ 2.39165, 6.59711 ], [ 2.39048, 6.59738 ], [ 2.39066, 6.59783 ], [ 2.39011, 6.59819 ], [ 2.39011, 6.599 ], [ 2.3912, 6.59901 ], [ 2.39084, 6.59919 ], [ 2.39111, 6.59982 ], [ 2.39056, 6.59982 ], [ 2.39056, 6.60036 ], [ 2.39002, 6.60018 ], [ 2.39002, 6.60072 ], [ 2.38929, 6.60163 ], [ 2.38929, 6.60244 ], [ 2.39002, 6.60244 ] ] ], [ [ [ 2.39073, 6.60905 ], [ 2.39182, 6.60878 ], [ 2.39146, 6.60823 ], [ 2.39191, 6.60805 ], [ 2.39155, 6.60805 ], [ 2.39146, 6.60724 ], [ 2.3911, 6.60715 ], [ 2.39101, 6.60615 ], [ 2.39028, 6.60588 ], [ 2.38992, 6.60633 ], [ 2.39056, 6.60624 ], [ 2.39037, 6.60679 ], [ 2.3911, 6.60787 ], [ 2.39091, 6.60814 ], [ 2.39046, 6.60769 ], [ 2.39019, 6.60814 ], [ 2.39082, 6.60832 ], [ 2.39073, 6.60905 ] ] ], [ [ [ 2.39544, 6.60878 ], [ 2.39499, 6.6077 ], [ 2.39444, 6.60806 ], [ 2.39472, 6.60724 ], [ 2.39435, 6.60733 ], [ 2.39417, 6.60634 ], [ 2.39354, 6.60634 ], [ 2.39426, 6.60733 ], [ 2.3939, 6.60769 ], [ 2.39318, 6.6076 ], [ 2.39345, 6.60824 ], [ 2.39381, 6.60778 ], [ 2.39444, 6.60842 ], [ 2.3949, 6.60806 ], [ 2.39499, 6.60878 ], [ 2.39544, 6.60878 ] ] ], [ [ [ 2.39091, 6.61429 ], [ 2.39046, 6.61294 ], [ 2.391, 6.61312 ], [ 2.39118, 6.61267 ], [ 2.39055, 6.61149 ], [ 2.38973, 6.61167 ], [ 2.3891, 6.61076 ], [ 2.38874, 6.61085 ], [ 2.38892, 6.61031 ], [ 2.38856, 6.6104 ], [ 2.38847, 6.60959 ], [ 2.38784, 6.60977 ], [ 2.38784, 6.60868 ], [ 2.38702, 6.60904 ], [ 2.3873, 6.60859 ], [ 2.38712, 6.60805 ], [ 2.38793, 6.60796 ], [ 2.38811, 6.60733 ], [ 2.38865, 6.60705 ], [ 2.38866, 6.60425 ], [ 2.3892, 6.60452 ], [ 2.3892, 6.60606 ], [ 2.38947, 6.60597 ], [ 2.38929, 6.60525 ], [ 2.38965, 6.60516 ], [ 2.38929, 6.60488 ], [ 2.39065, 6.6047 ], [ 2.39101, 6.60434 ], [ 2.39101, 6.60507 ], [ 2.39128, 6.60516 ], [ 2.39137, 6.60434 ], [ 2.39083, 6.60425 ], [ 2.3911, 6.60371 ], [ 2.39002, 6.60335 ], [ 2.39029, 6.60389 ], [ 2.38965, 6.60407 ], [ 2.38866, 6.60362 ], [ 2.38784, 6.60425 ], [ 2.38802, 6.60552 ], [ 2.3873, 6.60524 ], [ 2.38739, 6.60633 ], [ 2.38775, 6.60651 ], [ 2.38739, 6.60741 ], [ 2.38693, 6.6075 ], [ 2.38721, 6.60624 ], [ 2.38675, 6.60678 ], [ 2.38603, 6.60678 ], [ 2.38594, 6.60723 ], [ 2.38684, 6.6076 ], [ 2.38666, 6.60814 ], [ 2.38621, 6.60823 ], [ 2.3863, 6.60922 ], [ 2.38657, 6.60904 ], [ 2.38684, 6.6094 ], [ 2.38621, 6.60949 ], [ 2.38585, 6.60895 ], [ 2.38539, 6.60895 ], [ 2.3853, 6.60931 ], [ 2.38675, 6.60986 ], [ 2.38793, 6.61094 ], [ 2.38829, 6.61085 ], [ 2.38793, 6.61122 ], [ 2.38856, 6.61176 ], [ 2.38928, 6.61185 ], [ 2.38892, 6.61194 ], [ 2.38865, 6.61294 ], [ 2.3891, 6.61312 ], [ 2.3891, 6.61357 ], [ 2.38874, 6.61348 ], [ 2.38901, 6.61411 ], [ 2.38982, 6.6142 ], [ 2.39027, 6.61384 ], [ 2.39027, 6.61402 ], [ 2.39091, 6.61429 ] ] ], [ [ [ 2.39443, 6.61557 ], [ 2.39543, 6.61548 ], [ 2.39543, 6.61457 ], [ 2.39661, 6.61457 ], [ 2.39688, 6.61412 ], [ 2.39525, 6.61421 ], [ 2.39534, 6.61312 ], [ 2.39489, 6.61267 ], [ 2.39435, 6.61339 ], [ 2.39389, 6.61339 ], [ 2.39417, 6.61276 ], [ 2.3938, 6.61222 ], [ 2.39417, 6.61213 ], [ 2.39399, 6.61158 ], [ 2.39426, 6.61122 ], [ 2.39354, 6.61068 ], [ 2.39345, 6.60968 ], [ 2.39299, 6.6095 ], [ 2.39254, 6.60995 ], [ 2.39317, 6.61149 ], [ 2.39236, 6.61176 ], [ 2.39173, 6.6114 ], [ 2.3919, 6.6133 ], [ 2.39145, 6.61384 ], [ 2.39109, 6.61339 ], [ 2.391, 6.6142 ], [ 2.39118, 6.61457 ], [ 2.39154, 6.61439 ], [ 2.39235, 6.61475 ], [ 2.39253, 6.6152 ], [ 2.39326, 6.6143 ], [ 2.39425, 6.61548 ], [ 2.39398, 6.61602 ], [ 2.39443, 6.61557 ] ] ], [ [ [ 2.38945, 6.61927 ], [ 2.39027, 6.61891 ], [ 2.39009, 6.61737 ], [ 2.38837, 6.61628 ], [ 2.38819, 6.61809 ], [ 2.38855, 6.61836 ], [ 2.38891, 6.618 ], [ 2.38855, 6.61737 ], [ 2.38928, 6.61719 ], [ 2.38927, 6.61764 ], [ 2.38973, 6.61791 ], [ 2.38945, 6.61927 ] ] ], [ [ [ 2.39262, 6.62316 ], [ 2.39406, 6.62353 ], [ 2.3947, 6.62253 ], [ 2.39388, 6.62235 ], [ 2.39406, 6.62307 ], [ 2.39379, 6.62235 ], [ 2.39262, 6.62262 ], [ 2.39289, 6.62226 ], [ 2.39397, 6.62226 ], [ 2.39397, 6.62181 ], [ 2.39325, 6.6219 ], [ 2.39334, 6.62144 ], [ 2.39425, 6.62154 ], [ 2.39425, 6.6209 ], [ 2.39316, 6.62072 ], [ 2.39352, 6.62036 ], [ 2.39316, 6.619 ], [ 2.39362, 6.61837 ], [ 2.39217, 6.61846 ], [ 2.39298, 6.61909 ], [ 2.39289, 6.61973 ], [ 2.39226, 6.61918 ], [ 2.39235, 6.61882 ], [ 2.39199, 6.61909 ], [ 2.39117, 6.61809 ], [ 2.39081, 6.61846 ], [ 2.39108, 6.61918 ], [ 2.3919, 6.61927 ], [ 2.39316, 6.6209 ], [ 2.3928, 6.62099 ], [ 2.39298, 6.62172 ], [ 2.39226, 6.62181 ], [ 2.3918, 6.6228 ], [ 2.39234, 6.6238 ], [ 2.39262, 6.62316 ] ] ], [ [ [ 2.38945, 6.62605 ], [ 2.38999, 6.62524 ], [ 2.38963, 6.6247 ], [ 2.39017, 6.62479 ], [ 2.3899, 6.62497 ], [ 2.39026, 6.62515 ], [ 2.39035, 6.62461 ], [ 2.3908, 6.62488 ], [ 2.39153, 6.62461 ], [ 2.39144, 6.62389 ], [ 2.3909, 6.6237 ], [ 2.39126, 6.62334 ], [ 2.39026, 6.62307 ], [ 2.38981, 6.62262 ], [ 2.38999, 6.62207 ], [ 2.38909, 6.62207 ], [ 2.38855, 6.62126 ], [ 2.38755, 6.62144 ], [ 2.38773, 6.62207 ], [ 2.38855, 6.6218 ], [ 2.38882, 6.6228 ], [ 2.38945, 6.6228 ], [ 2.38954, 6.62379 ], [ 2.38863, 6.62397 ], [ 2.38827, 6.62506 ], [ 2.38872, 6.62524 ], [ 2.38854, 6.62578 ], [ 2.38881, 6.62623 ], [ 2.38945, 6.62605 ] ] ], [ [ [ 2.39343, 6.62561 ], [ 2.39424, 6.62516 ], [ 2.39478, 6.62552 ], [ 2.39587, 6.62552 ], [ 2.39533, 6.62452 ], [ 2.39569, 6.62461 ], [ 2.39605, 6.62416 ], [ 2.39668, 6.6248 ], [ 2.39732, 6.62434 ], [ 2.3965, 6.62407 ], [ 2.3966, 6.62353 ], [ 2.39533, 6.62308 ], [ 2.39506, 6.62371 ], [ 2.39379, 6.62416 ], [ 2.39379, 6.62488 ], [ 2.39343, 6.62479 ], [ 2.39316, 6.62533 ], [ 2.39306, 6.62597 ], [ 2.39361, 6.62597 ], [ 2.39379, 6.62633 ], [ 2.39379, 6.62588 ], [ 2.39343, 6.62561 ] ] ], [ [ [ 2.38526, 6.64098 ], [ 2.38635, 6.64043 ], [ 2.38662, 6.63926 ], [ 2.38635, 6.63899 ], [ 2.385, 6.63944 ], [ 2.38527, 6.64052 ], [ 2.3849, 6.6408 ], [ 2.3849, 6.64161 ], [ 2.38526, 6.64098 ] ] ], [ [ [ 2.39241, 6.64605 ], [ 2.39259, 6.64542 ], [ 2.39322, 6.64632 ], [ 2.39349, 6.64623 ], [ 2.39313, 6.64587 ], [ 2.39349, 6.64542 ], [ 2.39304, 6.64488 ], [ 2.39322, 6.64451 ], [ 2.39232, 6.64442 ], [ 2.39214, 6.64533 ], [ 2.3915, 6.64551 ], [ 2.39132, 6.64632 ], [ 2.39241, 6.64605 ] ] ], [ [ [ 2.39684, 6.6485 ], [ 2.39702, 6.64814 ], [ 2.39675, 6.64814 ], [ 2.39657, 6.64696 ], [ 2.39639, 6.64787 ], [ 2.39548, 6.64786 ], [ 2.3953, 6.64768 ], [ 2.39557, 6.64759 ], [ 2.39476, 6.64741 ], [ 2.39494, 6.64723 ], [ 2.39385, 6.64741 ], [ 2.39421, 6.64714 ], [ 2.39403, 6.64696 ], [ 2.39349, 6.64723 ], [ 2.39539, 6.64868 ], [ 2.39684, 6.6485 ] ] ], [ [ [ 2.39457, 6.65121 ], [ 2.39412, 6.65103 ], [ 2.39376, 6.65003 ], [ 2.39475, 6.64976 ], [ 2.39439, 6.64976 ], [ 2.3943, 6.64859 ], [ 2.39358, 6.64886 ], [ 2.39376, 6.64804 ], [ 2.39331, 6.64777 ], [ 2.39186, 6.6475 ], [ 2.39087, 6.64867 ], [ 2.38996, 6.64867 ], [ 2.38969, 6.64759 ], [ 2.38888, 6.6474 ], [ 2.38951, 6.64822 ], [ 2.38933, 6.64849 ], [ 2.38924, 6.64822 ], [ 2.38851, 6.64822 ], [ 2.38797, 6.64722 ], [ 2.3868, 6.64731 ], [ 2.3868, 6.64695 ], [ 2.38634, 6.64695 ], [ 2.38643, 6.64767 ], [ 2.38779, 6.64767 ], [ 2.38752, 6.64795 ], [ 2.38761, 6.64885 ], [ 2.3896, 6.64885 ], [ 2.38969, 6.64931 ], [ 2.38933, 6.64958 ], [ 2.3896, 6.64967 ], [ 2.38933, 6.65012 ], [ 2.3895, 6.6513 ], [ 2.39059, 6.65103 ], [ 2.39059, 6.64976 ], [ 2.39114, 6.64949 ], [ 2.39141, 6.64849 ], [ 2.39204, 6.64867 ], [ 2.39177, 6.64985 ], [ 2.39186, 6.65021 ], [ 2.3924, 6.65021 ], [ 2.39204, 6.65039 ], [ 2.39231, 6.65076 ], [ 2.39385, 6.65076 ], [ 2.39421, 6.65157 ], [ 2.39457, 6.65121 ] ] ], [ [ [ 2.39293, 6.6598 ], [ 2.39348, 6.65953 ], [ 2.39402, 6.65999 ], [ 2.39592, 6.6599 ], [ 2.39456, 6.65962 ], [ 2.39429, 6.6589 ], [ 2.39402, 6.65908 ], [ 2.39429, 6.65944 ], [ 2.39384, 6.65953 ], [ 2.39348, 6.65854 ], [ 2.3933, 6.65899 ], [ 2.3923, 6.6589 ], [ 2.39212, 6.65935 ], [ 2.39239, 6.65953 ], [ 2.39194, 6.65953 ], [ 2.39257, 6.65989 ], [ 2.39266, 6.66062 ], [ 2.39311, 6.66053 ], [ 2.39293, 6.6598 ] ] ], [ [ [ 2.38902, 6.67789 ], [ 2.38857, 6.67708 ], [ 2.38911, 6.67681 ], [ 2.38902, 6.67617 ], [ 2.38984, 6.67518 ], [ 2.39002, 6.67437 ], [ 2.39065, 6.67428 ], [ 2.39083, 6.675 ], [ 2.39056, 6.67554 ], [ 2.39002, 6.67563 ], [ 2.39101, 6.676 ], [ 2.39119, 6.67545 ], [ 2.3921, 6.67509 ], [ 2.39228, 6.67437 ], [ 2.39301, 6.67428 ], [ 2.3931, 6.67464 ], [ 2.39373, 6.67473 ], [ 2.39382, 6.67392 ], [ 2.395, 6.67374 ], [ 2.39472, 6.67392 ], [ 2.39491, 6.67428 ], [ 2.39536, 6.67392 ], [ 2.39509, 6.67365 ], [ 2.39445, 6.67365 ], [ 2.39455, 6.67292 ], [ 2.39337, 6.67356 ], [ 2.39264, 6.67319 ], [ 2.39074, 6.67328 ], [ 2.39065, 6.67256 ], [ 2.3902, 6.67265 ], [ 2.39029, 6.67274 ], [ 2.3902, 6.6731 ], [ 2.38984, 6.67165 ], [ 2.38921, 6.67156 ], [ 2.38903, 6.67319 ], [ 2.38866, 6.67274 ], [ 2.38767, 6.67301 ], [ 2.38767, 6.67373 ], [ 2.38712, 6.67418 ], [ 2.38712, 6.67454 ], [ 2.38749, 6.67454 ], [ 2.38721, 6.6749 ], [ 2.38767, 6.67518 ], [ 2.38721, 6.67617 ], [ 2.38703, 6.67554 ], [ 2.38658, 6.67644 ], [ 2.3864, 6.67599 ], [ 2.38631, 6.67635 ], [ 2.38576, 6.67644 ], [ 2.38622, 6.67671 ], [ 2.38585, 6.67744 ], [ 2.38658, 6.67771 ], [ 2.38685, 6.67726 ], [ 2.38748, 6.67735 ], [ 2.38775, 6.67617 ], [ 2.38821, 6.67608 ], [ 2.38812, 6.67672 ], [ 2.38875, 6.67798 ], [ 2.38902, 6.67789 ] ] ], [ [ [ 2.38938, 6.68269 ], [ 2.38847, 6.68187 ], [ 2.38892, 6.68115 ], [ 2.38874, 6.68088 ], [ 2.38793, 6.68115 ], [ 2.38838, 6.68196 ], [ 2.38729, 6.68232 ], [ 2.38612, 6.68223 ], [ 2.3863, 6.68259 ], [ 2.38729, 6.68287 ], [ 2.38793, 6.68269 ], [ 2.38838, 6.68205 ], [ 2.38847, 6.68287 ], [ 2.38901, 6.68332 ], [ 2.38937, 6.68323 ], [ 2.38938, 6.68269 ] ] ], [ [ [ 2.3938, 6.68785 ], [ 2.39416, 6.68848 ], [ 2.39453, 6.68812 ], [ 2.39462, 6.68622 ], [ 2.39399, 6.6864 ], [ 2.39417, 6.68613 ], [ 2.3939, 6.68613 ], [ 2.39344, 6.68667 ], [ 2.39353, 6.68713 ], [ 2.39281, 6.68713 ], [ 2.39245, 6.68749 ], [ 2.39254, 6.68794 ], [ 2.39299, 6.68803 ], [ 2.39308, 6.68875 ], [ 2.39335, 6.68803 ], [ 2.3938, 6.68785 ] ] ], [ [ [ 2.39556, 6.50411 ], [ 2.39656, 6.5032 ], [ 2.39801, 6.50357 ], [ 2.39828, 6.50321 ], [ 2.39855, 6.50366 ], [ 2.39945, 6.50366 ], [ 2.39954, 6.50312 ], [ 2.39918, 6.50294 ], [ 2.39918, 6.50221 ], [ 2.39855, 6.50212 ], [ 2.39828, 6.50266 ], [ 2.39656, 6.50248 ], [ 2.39611, 6.50329 ], [ 2.39556, 6.5032 ], [ 2.3952, 6.50384 ], [ 2.39556, 6.50411 ] ] ], [ [ [ 2.39971, 6.51949 ], [ 2.40124, 6.5194 ], [ 2.40143, 6.51913 ], [ 2.40088, 6.51832 ], [ 2.4017, 6.51823 ], [ 2.40107, 6.5175 ], [ 2.40016, 6.51787 ], [ 2.3998, 6.51841 ], [ 2.3988, 6.51795 ], [ 2.39907, 6.5185 ], [ 2.3998, 6.5185 ], [ 2.39971, 6.51949 ] ] ], [ [ [ 2.39753, 6.52356 ], [ 2.39934, 6.52302 ], [ 2.39916, 6.52103 ], [ 2.39907, 6.5213 ], [ 2.39853, 6.52112 ], [ 2.39871, 6.5223 ], [ 2.39916, 6.52266 ], [ 2.39871, 6.52284 ], [ 2.39853, 6.52221 ], [ 2.39807, 6.52221 ], [ 2.39744, 6.5232 ], [ 2.39753, 6.52356 ] ] ], [ [ [ 2.40061, 6.52438 ], [ 2.40124, 6.52402 ], [ 2.40097, 6.52438 ], [ 2.40142, 6.52438 ], [ 2.40151, 6.5232 ], [ 2.40115, 6.52338 ], [ 2.40106, 6.52275 ], [ 2.40097, 6.52302 ], [ 2.4007, 6.52275 ], [ 2.40097, 6.52176 ], [ 2.40061, 6.52185 ], [ 2.40079, 6.52103 ], [ 2.40025, 6.52076 ], [ 2.40016, 6.52212 ], [ 2.39979, 6.52239 ], [ 2.40061, 6.52302 ], [ 2.40079, 6.52384 ], [ 2.40015, 6.52366 ], [ 2.40006, 6.52393 ], [ 2.40061, 6.52438 ] ] ], [ [ [ 2.40558, 6.52864 ], [ 2.40513, 6.52538 ], [ 2.40422, 6.52384 ], [ 2.40422, 6.52312 ], [ 2.40386, 6.52303 ], [ 2.40386, 6.52257 ], [ 2.40323, 6.52275 ], [ 2.40287, 6.52176 ], [ 2.40188, 6.52121 ], [ 2.40215, 6.52257 ], [ 2.40278, 6.52257 ], [ 2.40224, 6.52293 ], [ 2.40233, 6.5233 ], [ 2.40296, 6.52375 ], [ 2.40359, 6.52357 ], [ 2.40377, 6.52411 ], [ 2.40341, 6.52438 ], [ 2.40341, 6.52502 ], [ 2.40305, 6.52502 ], [ 2.40314, 6.52447 ], [ 2.40278, 6.52438 ], [ 2.40223, 6.52483 ], [ 2.40223, 6.52529 ], [ 2.40133, 6.5251 ], [ 2.40178, 6.52529 ], [ 2.4016, 6.52556 ], [ 2.40232, 6.52574 ], [ 2.40169, 6.5261 ], [ 2.40268, 6.5261 ], [ 2.40241, 6.52637 ], [ 2.40259, 6.52682 ], [ 2.40323, 6.52683 ], [ 2.40341, 6.52664 ], [ 2.40314, 6.52655 ], [ 2.40359, 6.52637 ], [ 2.40314, 6.52601 ], [ 2.4035, 6.52529 ], [ 2.40404, 6.52529 ], [ 2.40458, 6.52601 ], [ 2.40495, 6.52592 ], [ 2.40449, 6.52665 ], [ 2.40359, 6.52683 ], [ 2.40368, 6.52719 ], [ 2.40413, 6.52719 ], [ 2.40413, 6.52773 ], [ 2.40349, 6.52854 ], [ 2.40358, 6.52909 ], [ 2.4053, 6.52927 ], [ 2.40558, 6.52864 ] ] ], [ [ [ 2.39725, 6.53161 ], [ 2.39897, 6.53171 ], [ 2.39879, 6.53116 ], [ 2.3996, 6.53125 ], [ 2.39969, 6.5308 ], [ 2.40005, 6.5308 ], [ 2.40005, 6.53153 ], [ 2.40042, 6.53144 ], [ 2.40078, 6.53071 ], [ 2.40078, 6.52954 ], [ 2.40024, 6.52836 ], [ 2.40051, 6.52818 ], [ 2.39897, 6.52917 ], [ 2.39834, 6.52908 ], [ 2.3987, 6.5289 ], [ 2.39825, 6.52827 ], [ 2.39852, 6.5289 ], [ 2.3978, 6.5289 ], [ 2.3977, 6.53008 ], [ 2.39725, 6.52998 ], [ 2.39743, 6.52881 ], [ 2.39571, 6.52935 ], [ 2.39599, 6.52998 ], [ 2.39571, 6.53025 ], [ 2.39689, 6.53026 ], [ 2.39707, 6.53098 ], [ 2.39644, 6.53152 ], [ 2.39653, 6.53197 ], [ 2.39725, 6.53161 ] ] ], [ [ [ 2.39996, 6.53442 ], [ 2.3996, 6.53297 ], [ 2.39906, 6.53306 ], [ 2.39906, 6.5327 ], [ 2.39842, 6.53288 ], [ 2.39861, 6.53216 ], [ 2.39779, 6.53225 ], [ 2.39788, 6.53297 ], [ 2.39851, 6.53297 ], [ 2.39824, 6.53342 ], [ 2.3986, 6.53315 ], [ 2.39906, 6.53333 ], [ 2.39942, 6.53442 ], [ 2.39996, 6.53442 ] ] ], [ [ [ 2.4005, 6.53433 ], [ 2.40168, 6.53388 ], [ 2.40141, 6.53343 ], [ 2.40186, 6.53334 ], [ 2.40285, 6.53433 ], [ 2.40304, 6.53361 ], [ 2.40268, 6.53261 ], [ 2.40168, 6.53261 ], [ 2.40159, 6.53307 ], [ 2.40141, 6.53288 ], [ 2.40114, 6.53343 ], [ 2.40059, 6.53343 ], [ 2.40023, 6.53388 ], [ 2.4005, 6.53433 ] ] ], [ [ [ 2.40339, 6.54003 ], [ 2.40393, 6.54013 ], [ 2.40384, 6.53967 ], [ 2.4033, 6.53994 ], [ 2.40258, 6.53931 ], [ 2.40312, 6.53913 ], [ 2.40258, 6.53868 ], [ 2.40321, 6.53804 ], [ 2.40285, 6.53687 ], [ 2.40258, 6.53759 ], [ 2.40204, 6.53759 ], [ 2.40176, 6.53804 ], [ 2.40204, 6.53858 ], [ 2.40149, 6.5394 ], [ 2.40185, 6.53949 ], [ 2.40204, 6.53904 ], [ 2.40276, 6.53967 ], [ 2.40285, 6.54021 ], [ 2.4033, 6.54031 ], [ 2.40339, 6.54003 ] ] ], [ [ [ 2.4023, 6.54428 ], [ 2.40158, 6.54401 ], [ 2.40185, 6.54275 ], [ 2.40239, 6.54239 ], [ 2.40185, 6.54184 ], [ 2.40194, 6.54103 ], [ 2.40031, 6.54084 ], [ 2.40031, 6.5413 ], [ 2.40122, 6.54157 ], [ 2.40031, 6.54211 ], [ 2.40013, 6.54256 ], [ 2.40113, 6.54229 ], [ 2.40131, 6.54419 ], [ 2.40185, 6.54447 ], [ 2.4023, 6.54428 ] ] ], [ [ [ 2.40148, 6.54627 ], [ 2.40275, 6.54564 ], [ 2.40275, 6.54492 ], [ 2.40149, 6.54492 ], [ 2.40121, 6.5441 ], [ 2.40076, 6.5441 ], [ 2.40148, 6.54627 ] ] ], [ [ [ 2.39931, 6.54835 ], [ 2.4004, 6.54736 ], [ 2.40013, 6.54627 ], [ 2.39967, 6.54627 ], [ 2.39958, 6.54663 ], [ 2.39904, 6.54627 ], [ 2.3985, 6.54672 ], [ 2.3985, 6.54727 ], [ 2.39931, 6.5469 ], [ 2.39931, 6.54754 ], [ 2.39967, 6.54763 ], [ 2.39931, 6.54835 ] ] ], [ [ [ 2.40256, 6.55125 ], [ 2.40193, 6.55134 ], [ 2.40184, 6.55062 ], [ 2.40103, 6.55025 ], [ 2.40085, 6.54935 ], [ 2.4003, 6.54953 ], [ 2.4003, 6.54881 ], [ 2.39967, 6.54926 ], [ 2.39922, 6.54899 ], [ 2.3994, 6.54953 ], [ 2.39858, 6.5498 ], [ 2.39895, 6.54998 ], [ 2.39795, 6.55007 ], [ 2.39813, 6.55034 ], [ 2.39985, 6.55025 ], [ 2.40012, 6.55089 ], [ 2.40103, 6.5508 ], [ 2.40094, 6.55107 ], [ 2.39985, 6.55107 ], [ 2.3994, 6.5507 ], [ 2.3994, 6.55125 ], [ 2.39885, 6.55107 ], [ 2.39903, 6.55161 ], [ 2.40121, 6.55125 ], [ 2.4022, 6.55188 ], [ 2.40256, 6.55125 ] ] ], [ [ [ 2.40138, 6.55405 ], [ 2.40175, 6.55378 ], [ 2.40202, 6.55234 ], [ 2.40075, 6.55224 ], [ 2.40012, 6.55324 ], [ 2.39903, 6.55288 ], [ 2.39912, 6.5536 ], [ 2.39939, 6.55351 ], [ 2.39976, 6.55405 ], [ 2.4003, 6.55396 ], [ 2.40093, 6.55505 ], [ 2.40138, 6.55478 ], [ 2.40138, 6.55405 ] ] ], [ [ [ 2.39981, 6.58481 ], [ 2.3999, 6.58436 ], [ 2.40026, 6.5849 ], [ 2.40062, 6.58472 ], [ 2.40044, 6.58418 ], [ 2.39972, 6.58409 ], [ 2.40026, 6.58318 ], [ 2.40126, 6.58346 ], [ 2.4009, 6.58255 ], [ 2.40008, 6.58291 ], [ 2.39945, 6.58246 ], [ 2.39954, 6.58346 ], [ 2.39909, 6.58373 ], [ 2.3989, 6.5849 ], [ 2.39981, 6.58481 ] ] ], [ [ [ 2.40098, 6.58735 ], [ 2.39981, 6.58707 ], [ 2.39981, 6.58608 ], [ 2.39872, 6.58617 ], [ 2.39881, 6.58753 ], [ 2.39926, 6.58753 ], [ 2.40008, 6.58852 ], [ 2.40098, 6.58807 ], [ 2.40098, 6.58735 ] ] ], [ [ [ 2.40098, 6.59178 ], [ 2.40034, 6.59142 ], [ 2.40044, 6.59087 ], [ 2.40134, 6.59069 ], [ 2.40143, 6.59015 ], [ 2.40206, 6.59042 ], [ 2.40206, 6.58988 ], [ 2.40351, 6.58889 ], [ 2.40333, 6.58798 ], [ 2.40243, 6.58816 ], [ 2.40243, 6.58708 ], [ 2.40171, 6.58789 ], [ 2.4018, 6.5869 ], [ 2.40135, 6.58653 ], [ 2.40162, 6.58635 ], [ 2.40144, 6.58608 ], [ 2.40107, 6.58608 ], [ 2.40071, 6.58708 ], [ 2.40153, 6.58735 ], [ 2.40161, 6.5887 ], [ 2.40207, 6.58861 ], [ 2.40216, 6.58889 ], [ 2.40161, 6.59006 ], [ 2.3998, 6.59015 ], [ 2.39962, 6.59078 ], [ 2.39971, 6.59151 ], [ 2.40025, 6.59196 ], [ 2.40098, 6.59178 ] ] ], [ [ [ 2.39645, 6.59349 ], [ 2.39709, 6.59286 ], [ 2.39654, 6.59304 ], [ 2.39691, 6.59159 ], [ 2.39673, 6.59105 ], [ 2.39663, 6.59177 ], [ 2.39609, 6.59114 ], [ 2.39573, 6.59123 ], [ 2.39573, 6.59177 ], [ 2.39501, 6.59141 ], [ 2.39519, 6.59186 ], [ 2.39555, 6.59186 ], [ 2.39546, 6.5925 ], [ 2.39591, 6.5925 ], [ 2.396, 6.59214 ], [ 2.39645, 6.59349 ] ] ], [ [ [ 2.4026, 6.59495 ], [ 2.40378, 6.59377 ], [ 2.40405, 6.59405 ], [ 2.40405, 6.5926 ], [ 2.40459, 6.59296 ], [ 2.4046, 6.59233 ], [ 2.40496, 6.59233 ], [ 2.40532, 6.59287 ], [ 2.40568, 6.59278 ], [ 2.40532, 6.59115 ], [ 2.40613, 6.59151 ], [ 2.40613, 6.59088 ], [ 2.40532, 6.59106 ], [ 2.40469, 6.59061 ], [ 2.40441, 6.59169 ], [ 2.40432, 6.59142 ], [ 2.40378, 6.59187 ], [ 2.40351, 6.59169 ], [ 2.40233, 6.59278 ], [ 2.40251, 6.59214 ], [ 2.40396, 6.59088 ], [ 2.40252, 6.59079 ], [ 2.40242, 6.59187 ], [ 2.40107, 6.59332 ], [ 2.4026, 6.59395 ], [ 2.4026, 6.59441 ], [ 2.40224, 6.5945 ], [ 2.4026, 6.59495 ] ] ], [ [ [ 2.39653, 6.60489 ], [ 2.39816, 6.60408 ], [ 2.39825, 6.60471 ], [ 2.39979, 6.6049 ], [ 2.39997, 6.60463 ], [ 2.40015, 6.60499 ], [ 2.40087, 6.60508 ], [ 2.40096, 6.60399 ], [ 2.40033, 6.60399 ], [ 2.40033, 6.60345 ], [ 2.40114, 6.60318 ], [ 2.40015, 6.60318 ], [ 2.40006, 6.60354 ], [ 2.39952, 6.603 ], [ 2.39924, 6.60318 ], [ 2.39934, 6.60272 ], [ 2.39897, 6.60263 ], [ 2.39879, 6.60318 ], [ 2.39707, 6.6039 ], [ 2.39698, 6.60462 ], [ 2.39626, 6.60453 ], [ 2.39635, 6.60534 ], [ 2.39653, 6.60489 ] ] ], [ [ [ 2.40122, 6.61168 ], [ 2.40032, 6.61123 ], [ 2.40032, 6.61078 ], [ 2.40068, 6.61069 ], [ 2.40041, 6.61033 ], [ 2.40068, 6.60933 ], [ 2.39978, 6.61014 ], [ 2.39942, 6.60978 ], [ 2.3996, 6.60897 ], [ 2.39897, 6.60933 ], [ 2.39879, 6.60833 ], [ 2.39743, 6.60815 ], [ 2.39716, 6.60942 ], [ 2.39869, 6.61023 ], [ 2.39734, 6.61059 ], [ 2.39788, 6.61132 ], [ 2.39869, 6.61141 ], [ 2.39869, 6.61087 ], [ 2.39969, 6.61114 ], [ 2.3996, 6.61087 ], [ 2.40005, 6.61078 ], [ 2.40023, 6.61195 ], [ 2.40077, 6.61168 ], [ 2.40077, 6.61214 ], [ 2.40113, 6.61214 ], [ 2.40122, 6.61168 ] ] ], [ [ [ 2.40076, 6.62091 ], [ 2.4014, 6.61919 ], [ 2.40239, 6.61892 ], [ 2.40239, 6.61847 ], [ 2.40158, 6.6182 ], [ 2.40149, 6.61747 ], [ 2.40194, 6.61729 ], [ 2.40212, 6.61793 ], [ 2.40248, 6.61793 ], [ 2.40303, 6.61739 ], [ 2.40203, 6.61639 ], [ 2.40149, 6.61648 ], [ 2.40149, 6.61603 ], [ 2.40258, 6.61576 ], [ 2.40249, 6.61539 ], [ 2.40113, 6.61585 ], [ 2.40022, 6.61566 ], [ 2.40004, 6.61612 ], [ 2.39923, 6.61602 ], [ 2.3985, 6.61638 ], [ 2.39896, 6.61702 ], [ 2.39841, 6.61711 ], [ 2.39868, 6.61756 ], [ 2.39841, 6.61792 ], [ 2.39932, 6.61774 ], [ 2.39959, 6.61829 ], [ 2.40004, 6.61802 ], [ 2.39977, 6.61856 ], [ 2.4004, 6.61892 ], [ 2.40076, 6.62091 ] ] ], [ [ [ 2.39904, 6.62245 ], [ 2.39985, 6.62263 ], [ 2.40031, 6.62236 ], [ 2.39995, 6.62172 ], [ 2.40085, 6.62145 ], [ 2.40004, 6.62001 ], [ 2.39968, 6.62046 ], [ 2.40013, 6.62046 ], [ 2.40049, 6.62136 ], [ 2.39958, 6.62127 ], [ 2.39949, 6.622 ], [ 2.39877, 6.62163 ], [ 2.39868, 6.62218 ], [ 2.39723, 6.62208 ], [ 2.39759, 6.62235 ], [ 2.39732, 6.62272 ], [ 2.39795, 6.62254 ], [ 2.39832, 6.62317 ], [ 2.39868, 6.62317 ], [ 2.39904, 6.62245 ] ] ], [ [ [ 2.4013, 6.62344 ], [ 2.40121, 6.62263 ], [ 2.40221, 6.62227 ], [ 2.40212, 6.62173 ], [ 2.40139, 6.622 ], [ 2.40176, 6.62146 ], [ 2.40239, 6.62146 ], [ 2.40221, 6.62182 ], [ 2.40257, 6.62182 ], [ 2.40347, 6.62128 ], [ 2.40293, 6.62019 ], [ 2.40357, 6.61938 ], [ 2.40239, 6.61938 ], [ 2.40185, 6.62046 ], [ 2.40212, 6.62082 ], [ 2.4013, 6.62082 ], [ 2.40176, 6.62127 ], [ 2.40094, 6.62272 ], [ 2.40058, 6.62281 ], [ 2.40112, 6.62335 ], [ 2.40085, 6.6239 ], [ 2.4013, 6.62344 ] ] ], [ [ [ 2.40555, 6.63005 ], [ 2.40582, 6.62915 ], [ 2.40609, 6.62915 ], [ 2.406, 6.62816 ], [ 2.40636, 6.62915 ], [ 2.40582, 6.63005 ], [ 2.40645, 6.63033 ], [ 2.40708, 6.62988 ], [ 2.40699, 6.62852 ], [ 2.40636, 6.62779 ], [ 2.40636, 6.62716 ], [ 2.40781, 6.62725 ], [ 2.40808, 6.62761 ], [ 2.40736, 6.62761 ], [ 2.40736, 6.62798 ], [ 2.4079, 6.62789 ], [ 2.40917, 6.62852 ], [ 2.40953, 6.62807 ], [ 2.40881, 6.62743 ], [ 2.40853, 6.62771 ], [ 2.40817, 6.62743 ], [ 2.4089, 6.62734 ], [ 2.40926, 6.6268 ], [ 2.41007, 6.62698 ], [ 2.41044, 6.6259 ], [ 2.41116, 6.62518 ], [ 2.41152, 6.62554 ], [ 2.41252, 6.62554 ], [ 2.41225, 6.62382 ], [ 2.4117, 6.62391 ], [ 2.41179, 6.62436 ], [ 2.41116, 6.62463 ], [ 2.41152, 6.62409 ], [ 2.41134, 6.62255 ], [ 2.40999, 6.62183 ], [ 2.40972, 6.62183 ], [ 2.40972, 6.62228 ], [ 2.40908, 6.62228 ], [ 2.40908, 6.62264 ], [ 2.4099, 6.62273 ], [ 2.40981, 6.62318 ], [ 2.40908, 6.62336 ], [ 2.40971, 6.624 ], [ 2.40953, 6.62463 ], [ 2.41007, 6.62517 ], [ 2.40998, 6.62617 ], [ 2.40908, 6.62689 ], [ 2.40799, 6.62626 ], [ 2.40691, 6.62635 ], [ 2.40718, 6.6268 ], [ 2.40691, 6.62707 ], [ 2.40627, 6.62707 ], [ 2.40618, 6.62671 ], [ 2.40537, 6.62707 ], [ 2.40501, 6.62698 ], [ 2.4051, 6.62671 ], [ 2.40329, 6.62707 ], [ 2.40356, 6.62643 ], [ 2.40238, 6.62652 ], [ 2.40202, 6.62625 ], [ 2.40148, 6.62661 ], [ 2.4013, 6.62752 ], [ 2.40057, 6.62752 ], [ 2.40093, 6.62806 ], [ 2.40166, 6.62797 ], [ 2.40139, 6.62842 ], [ 2.40093, 6.62815 ], [ 2.40039, 6.6286 ], [ 2.40093, 6.62887 ], [ 2.40102, 6.62951 ], [ 2.40138, 6.62924 ], [ 2.40129, 6.62851 ], [ 2.40247, 6.62924 ], [ 2.40256, 6.62842 ], [ 2.40202, 6.62842 ], [ 2.40175, 6.62788 ], [ 2.4022, 6.62743 ], [ 2.40229, 6.62806 ], [ 2.40283, 6.62779 ], [ 2.40283, 6.62842 ], [ 2.40356, 6.62815 ], [ 2.40428, 6.62915 ], [ 2.40537, 6.62915 ], [ 2.40518, 6.6296 ], [ 2.40491, 6.62951 ], [ 2.40473, 6.63032 ], [ 2.40555, 6.63005 ] ] ], [ [ [ 2.40889, 6.63304 ], [ 2.40988, 6.63295 ], [ 2.4098, 6.63205 ], [ 2.41043, 6.63187 ], [ 2.41025, 6.63142 ], [ 2.40916, 6.63151 ], [ 2.40889, 6.63232 ], [ 2.40808, 6.63223 ], [ 2.40808, 6.63268 ], [ 2.40871, 6.63268 ], [ 2.40844, 6.63304 ], [ 2.40862, 6.63368 ], [ 2.40907, 6.6335 ], [ 2.40889, 6.63304 ] ] ], [ [ [ 2.39313, 6.64361 ], [ 2.39377, 6.64252 ], [ 2.39359, 6.64198 ], [ 2.39422, 6.64171 ], [ 2.39377, 6.6437 ], [ 2.39431, 6.64316 ], [ 2.39458, 6.64189 ], [ 2.39485, 6.64189 ], [ 2.39485, 6.64244 ], [ 2.3973, 6.64235 ], [ 2.39784, 6.64343 ], [ 2.39929, 6.64362 ], [ 2.39911, 6.64271 ], [ 2.39847, 6.64217 ], [ 2.40019, 6.64235 ], [ 2.40001, 6.64099 ], [ 2.40028, 6.64072 ], [ 2.40037, 6.64099 ], [ 2.40065, 6.64109 ], [ 2.40038, 6.64054 ], [ 2.40101, 6.64054 ], [ 2.40038, 6.63891 ], [ 2.40101, 6.63891 ], [ 2.40155, 6.63801 ], [ 2.40156, 6.63756 ], [ 2.40092, 6.63819 ], [ 2.40047, 6.63774 ], [ 2.40038, 6.63828 ], [ 2.39984, 6.63792 ], [ 2.39956, 6.63801 ], [ 2.39983, 6.63846 ], [ 2.39911, 6.63864 ], [ 2.39884, 6.63819 ], [ 2.39857, 6.63864 ], [ 2.39766, 6.63828 ], [ 2.39703, 6.63882 ], [ 2.39703, 6.63927 ], [ 2.39649, 6.63936 ], [ 2.39658, 6.63882 ], [ 2.39631, 6.63882 ], [ 2.39586, 6.63728 ], [ 2.3964, 6.63719 ], [ 2.39667, 6.63656 ], [ 2.39739, 6.63647 ], [ 2.39758, 6.63538 ], [ 2.39694, 6.63529 ], [ 2.39658, 6.63466 ], [ 2.39622, 6.63475 ], [ 2.39622, 6.6342 ], [ 2.39577, 6.6342 ], [ 2.39541, 6.63366 ], [ 2.39568, 6.63312 ], [ 2.39532, 6.63294 ], [ 2.39577, 6.63294 ], [ 2.39622, 6.63357 ], [ 2.3964, 6.63321 ], [ 2.39667, 6.63348 ], [ 2.39667, 6.63303 ], [ 2.39722, 6.63303 ], [ 2.3974, 6.63366 ], [ 2.39803, 6.63412 ], [ 2.39876, 6.63366 ], [ 2.3983, 6.63312 ], [ 2.39767, 6.63303 ], [ 2.39785, 6.63276 ], [ 2.39857, 6.63294 ], [ 2.39848, 6.6333 ], [ 2.39957, 6.63294 ], [ 2.39948, 6.63385 ], [ 2.4012, 6.63303 ], [ 2.40111, 6.63385 ], [ 2.40147, 6.63448 ], [ 2.40228, 6.63367 ], [ 2.40274, 6.63385 ], [ 2.40201, 6.63448 ], [ 2.40246, 6.63539 ], [ 2.40427, 6.63403 ], [ 2.404, 6.6334 ], [ 2.40274, 6.6334 ], [ 2.40274, 6.63267 ], [ 2.4002, 6.63267 ], [ 2.40002, 6.63222 ], [ 2.40039, 6.63222 ], [ 2.40057, 6.63131 ], [ 2.40021, 6.63113 ], [ 2.40021, 6.63059 ], [ 2.39912, 6.62978 ], [ 2.39822, 6.63005 ], [ 2.39831, 6.6305 ], [ 2.39903, 6.63032 ], [ 2.39867, 6.63059 ], [ 2.39903, 6.63122 ], [ 2.39858, 6.63122 ], [ 2.39858, 6.63068 ], [ 2.39831, 6.63131 ], [ 2.39776, 6.63122 ], [ 2.39803, 6.63158 ], [ 2.39767, 6.63176 ], [ 2.39722, 6.63104 ], [ 2.39668, 6.63122 ], [ 2.39641, 6.63031 ], [ 2.39776, 6.62941 ], [ 2.39758, 6.62869 ], [ 2.39668, 6.62923 ], [ 2.39641, 6.62832 ], [ 2.39559, 6.62832 ], [ 2.39541, 6.62959 ], [ 2.39469, 6.63004 ], [ 2.39415, 6.62823 ], [ 2.39487, 6.62769 ], [ 2.3956, 6.62796 ], [ 2.39623, 6.62715 ], [ 2.39523, 6.62724 ], [ 2.39533, 6.62697 ], [ 2.39505, 6.62697 ], [ 2.39505, 6.62751 ], [ 2.39424, 6.62751 ], [ 2.39406, 6.62724 ], [ 2.39442, 6.62669 ], [ 2.39343, 6.62696 ], [ 2.39297, 6.62633 ], [ 2.39252, 6.62633 ], [ 2.39243, 6.62732 ], [ 2.39153, 6.62669 ], [ 2.39143, 6.62805 ], [ 2.39071, 6.62787 ], [ 2.39098, 6.62859 ], [ 2.38971, 6.62877 ], [ 2.38908, 6.63003 ], [ 2.38989, 6.63004 ], [ 2.38962, 6.63094 ], [ 2.39071, 6.63013 ], [ 2.39134, 6.63049 ], [ 2.39107, 6.63103 ], [ 2.39143, 6.63176 ], [ 2.39125, 6.63284 ], [ 2.39224, 6.63384 ], [ 2.39215, 6.63284 ], [ 2.39351, 6.63312 ], [ 2.39369, 6.63275 ], [ 2.39251, 6.63149 ], [ 2.39342, 6.63149 ], [ 2.39342, 6.63203 ], [ 2.39387, 6.63212 ], [ 2.39396, 6.63122 ], [ 2.39414, 6.63203 ], [ 2.3945, 6.63212 ], [ 2.39469, 6.63122 ], [ 2.39423, 6.63067 ], [ 2.39478, 6.63013 ], [ 2.39514, 6.63022 ], [ 2.39487, 6.63077 ], [ 2.39514, 6.63194 ], [ 2.39459, 6.6323 ], [ 2.39487, 6.6323 ], [ 2.39478, 6.63285 ], [ 2.39514, 6.63294 ], [ 2.39532, 6.63366 ], [ 2.39477, 6.63466 ], [ 2.39441, 6.63411 ], [ 2.3936, 6.63465 ], [ 2.39351, 6.63384 ], [ 2.39278, 6.63357 ], [ 2.39251, 6.63393 ], [ 2.3926, 6.63583 ], [ 2.39215, 6.63592 ], [ 2.39197, 6.6351 ], [ 2.39161, 6.63519 ], [ 2.39169, 6.63673 ], [ 2.39142, 6.63709 ], [ 2.39169, 6.63728 ], [ 2.39124, 6.63782 ], [ 2.3916, 6.63827 ], [ 2.39296, 6.63836 ], [ 2.39251, 6.63945 ], [ 2.3916, 6.63945 ], [ 2.39115, 6.63881 ], [ 2.39033, 6.6389 ], [ 2.38988, 6.63935 ], [ 2.39142, 6.63945 ], [ 2.39169, 6.63963 ], [ 2.39142, 6.64035 ], [ 2.39241, 6.63954 ], [ 2.39296, 6.6399 ], [ 2.3935, 6.63972 ], [ 2.39332, 6.63927 ], [ 2.39504, 6.64008 ], [ 2.39567, 6.63954 ], [ 2.39558, 6.63891 ], [ 2.39603, 6.63873 ], [ 2.39639, 6.64009 ], [ 2.39685, 6.64018 ], [ 2.39676, 6.64063 ], [ 2.39621, 6.6409 ], [ 2.39603, 6.64045 ], [ 2.39531, 6.6409 ], [ 2.39513, 6.64026 ], [ 2.39459, 6.64026 ], [ 2.39431, 6.64081 ], [ 2.39341, 6.64099 ], [ 2.3935, 6.64144 ], [ 2.39286, 6.64162 ], [ 2.39286, 6.64225 ], [ 2.39259, 6.64225 ], [ 2.39295, 6.64234 ], [ 2.39286, 6.64289 ], [ 2.39196, 6.64298 ], [ 2.3925, 6.6437 ], [ 2.39313, 6.64361 ] ], [ [ 2.39252, 6.63022 ], [ 2.39134, 6.62949 ], [ 2.39152, 6.62877 ], [ 2.39397, 6.62895 ], [ 2.39315, 6.63013 ], [ 2.39252, 6.63022 ] ] ], [ [ [ 2.41142, 6.63603 ], [ 2.41097, 6.63567 ], [ 2.41205, 6.63549 ], [ 2.41187, 6.63468 ], [ 2.4126, 6.63504 ], [ 2.41224, 6.63404 ], [ 2.41151, 6.63413 ], [ 2.4116, 6.63477 ], [ 2.41097, 6.63531 ], [ 2.41033, 6.63495 ], [ 2.40916, 6.63485 ], [ 2.4088, 6.63512 ], [ 2.40934, 6.63567 ], [ 2.41042, 6.6354 ], [ 2.41033, 6.6363 ], [ 2.41124, 6.63648 ], [ 2.41142, 6.63603 ] ] ], [ [ [ 2.40716, 6.64137 ], [ 2.40915, 6.64046 ], [ 2.40906, 6.6401 ], [ 2.40843, 6.6401 ], [ 2.4087, 6.63802 ], [ 2.40807, 6.63766 ], [ 2.40825, 6.63711 ], [ 2.40753, 6.63766 ], [ 2.40807, 6.6382 ], [ 2.40734, 6.63956 ], [ 2.40689, 6.63937 ], [ 2.40707, 6.63892 ], [ 2.40689, 6.63883 ], [ 2.40662, 6.63955 ], [ 2.40553, 6.63983 ], [ 2.40553, 6.64037 ], [ 2.40599, 6.64028 ], [ 2.40617, 6.64073 ], [ 2.40707, 6.64091 ], [ 2.40716, 6.64137 ] ] ], [ [ [ 2.41285, 6.64843 ], [ 2.41367, 6.6468 ], [ 2.41331, 6.6468 ], [ 2.41322, 6.64725 ], [ 2.41258, 6.64689 ], [ 2.41313, 6.64653 ], [ 2.41295, 6.64553 ], [ 2.41258, 6.6458 ], [ 2.41276, 6.64599 ], [ 2.41213, 6.64617 ], [ 2.41204, 6.64716 ], [ 2.4115, 6.64752 ], [ 2.4124, 6.64752 ], [ 2.41285, 6.64843 ] ] ], [ [ [ 2.40236, 6.64814 ], [ 2.40326, 6.64751 ], [ 2.40344, 6.64688 ], [ 2.40299, 6.6467 ], [ 2.40299, 6.64715 ], [ 2.40272, 6.64679 ], [ 2.40263, 6.64715 ], [ 2.40209, 6.64724 ], [ 2.40182, 6.64679 ], [ 2.40091, 6.64679 ], [ 2.40091, 6.64651 ], [ 2.40154, 6.64642 ], [ 2.40127, 6.64606 ], [ 2.40064, 6.64624 ], [ 2.40028, 6.64588 ], [ 2.39983, 6.64615 ], [ 2.39919, 6.64588 ], [ 2.39892, 6.64651 ], [ 2.39774, 6.64624 ], [ 2.39738, 6.64669 ], [ 2.3982, 6.64723 ], [ 2.39738, 6.6476 ], [ 2.39901, 6.6476 ], [ 2.39874, 6.64733 ], [ 2.4001, 6.64724 ], [ 2.4001, 6.64697 ], [ 2.40037, 6.64688 ], [ 2.40046, 6.64733 ], [ 2.40136, 6.64715 ], [ 2.40136, 6.6476 ], [ 2.40209, 6.64833 ], [ 2.40263, 6.64842 ], [ 2.40236, 6.64814 ] ] ], [ [ [ 2.41167, 6.65168 ], [ 2.4124, 6.65105 ], [ 2.41321, 6.6516 ], [ 2.41366, 6.65105 ], [ 2.41375, 6.65015 ], [ 2.41321, 6.65006 ], [ 2.41321, 6.64924 ], [ 2.41276, 6.6487 ], [ 2.41213, 6.64897 ], [ 2.4124, 6.65042 ], [ 2.41149, 6.65132 ], [ 2.41122, 6.65123 ], [ 2.41122, 6.65159 ], [ 2.41167, 6.65168 ] ] ], [ [ [ 2.41248, 6.65349 ], [ 2.41312, 6.65205 ], [ 2.41086, 6.65241 ], [ 2.41086, 6.65304 ], [ 2.41149, 6.65349 ], [ 2.41248, 6.65349 ] ] ], [ [ [ 2.39854, 6.65927 ], [ 2.39764, 6.65927 ], [ 2.39764, 6.65854 ], [ 2.39601, 6.65854 ], [ 2.39655, 6.65836 ], [ 2.39637, 6.65655 ], [ 2.39746, 6.65655 ], [ 2.39791, 6.65728 ], [ 2.39791, 6.65809 ], [ 2.39818, 6.65809 ], [ 2.39818, 6.65691 ], [ 2.39791, 6.65673 ], [ 2.39927, 6.65692 ], [ 2.3999, 6.65646 ], [ 2.4, 6.65565 ], [ 2.40099, 6.65565 ], [ 2.40108, 6.65466 ], [ 2.40181, 6.65375 ], [ 2.40226, 6.65366 ], [ 2.40217, 6.65439 ], [ 2.40362, 6.65421 ], [ 2.40389, 6.65303 ], [ 2.40443, 6.65285 ], [ 2.40443, 6.65195 ], [ 2.40398, 6.65177 ], [ 2.4047, 6.65177 ], [ 2.40443, 6.6514 ], [ 2.40588, 6.65086 ], [ 2.40579, 6.6505 ], [ 2.40516, 6.65059 ], [ 2.40516, 6.65086 ], [ 2.40462, 6.65059 ], [ 2.40516, 6.6495 ], [ 2.40453, 6.64941 ], [ 2.40435, 6.64987 ], [ 2.40435, 6.64896 ], [ 2.40398, 6.64914 ], [ 2.40389, 6.65059 ], [ 2.40416, 6.65068 ], [ 2.40317, 6.65095 ], [ 2.40326, 6.65158 ], [ 2.4029, 6.65158 ], [ 2.4028, 6.65249 ], [ 2.40226, 6.65294 ], [ 2.40199, 6.65276 ], [ 2.40226, 6.65231 ], [ 2.40172, 6.65203 ], [ 2.4009, 6.65294 ], [ 2.40063, 6.65511 ], [ 2.39963, 6.65456 ], [ 2.39964, 6.65393 ], [ 2.39792, 6.65339 ], [ 2.39792, 6.65429 ], [ 2.39864, 6.65411 ], [ 2.39927, 6.65465 ], [ 2.39918, 6.65502 ], [ 2.39855, 6.65511 ], [ 2.39837, 6.65592 ], [ 2.39719, 6.65519 ], [ 2.39556, 6.65555 ], [ 2.39411, 6.6551 ], [ 2.39393, 6.65564 ], [ 2.39285, 6.65564 ], [ 2.39348, 6.65628 ], [ 2.39393, 6.6561 ], [ 2.39393, 6.65573 ], [ 2.39529, 6.65592 ], [ 2.3952, 6.65718 ], [ 2.39601, 6.65673 ], [ 2.39583, 6.65736 ], [ 2.39646, 6.65755 ], [ 2.39646, 6.65782 ], [ 2.3952, 6.65845 ], [ 2.3952, 6.65872 ], [ 2.39583, 6.65854 ], [ 2.39565, 6.65917 ], [ 2.3952, 6.65908 ], [ 2.39547, 6.65954 ], [ 2.39655, 6.65963 ], [ 2.39619, 6.65899 ], [ 2.39691, 6.65899 ], [ 2.39728, 6.65918 ], [ 2.39728, 6.65972 ], [ 2.39845, 6.65999 ], [ 2.39854, 6.65927 ] ] ], [ [ [ 2.40569, 6.66 ], [ 2.40596, 6.66018 ], [ 2.40605, 6.65982 ], [ 2.4056, 6.65891 ], [ 2.40696, 6.65946 ], [ 2.40678, 6.65864 ], [ 2.40714, 6.65874 ], [ 2.40696, 6.65837 ], [ 2.40732, 6.65828 ], [ 2.40651, 6.65783 ], [ 2.40651, 6.65729 ], [ 2.40587, 6.65711 ], [ 2.40678, 6.6562 ], [ 2.40714, 6.65629 ], [ 2.40714, 6.65684 ], [ 2.40741, 6.65647 ], [ 2.40823, 6.65684 ], [ 2.4085, 6.65666 ], [ 2.40832, 6.65602 ], [ 2.40787, 6.65584 ], [ 2.4075, 6.65611 ], [ 2.40705, 6.65566 ], [ 2.4066, 6.65629 ], [ 2.40524, 6.65638 ], [ 2.40488, 6.65692 ], [ 2.40425, 6.65683 ], [ 2.40461, 6.65765 ], [ 2.40343, 6.65828 ], [ 2.4037, 6.65882 ], [ 2.40316, 6.65982 ], [ 2.40388, 6.66009 ], [ 2.40497, 6.65991 ], [ 2.40515, 6.66036 ], [ 2.40569, 6.66 ] ] ], [ [ [ 2.40125, 6.66271 ], [ 2.40107, 6.6618 ], [ 2.40288, 6.6619 ], [ 2.40379, 6.66117 ], [ 2.40325, 6.66081 ], [ 2.40361, 6.66018 ], [ 2.4027, 6.66018 ], [ 2.40298, 6.66 ], [ 2.40271, 6.65927 ], [ 2.40126, 6.65918 ], [ 2.40117, 6.65981 ], [ 2.40053, 6.65972 ], [ 2.40044, 6.66027 ], [ 2.40098, 6.66045 ], [ 2.40062, 6.66099 ], [ 2.40044, 6.66072 ], [ 2.39926, 6.66081 ], [ 2.39954, 6.66135 ], [ 2.40053, 6.66162 ], [ 2.40044, 6.66244 ], [ 2.40125, 6.66271 ] ] ], [ [ [ 2.40677, 6.66543 ], [ 2.40786, 6.66552 ], [ 2.40804, 6.66525 ], [ 2.40768, 6.66462 ], [ 2.40777, 6.66371 ], [ 2.40722, 6.66389 ], [ 2.40732, 6.66317 ], [ 2.40695, 6.66308 ], [ 2.4065, 6.66353 ], [ 2.40677, 6.66253 ], [ 2.40569, 6.66271 ], [ 2.40505, 6.66217 ], [ 2.40469, 6.66298 ], [ 2.40415, 6.66298 ], [ 2.40397, 6.66344 ], [ 2.40288, 6.66343 ], [ 2.40297, 6.6638 ], [ 2.40342, 6.66353 ], [ 2.40397, 6.6638 ], [ 2.40424, 6.66335 ], [ 2.40442, 6.66371 ], [ 2.40496, 6.66317 ], [ 2.40541, 6.66326 ], [ 2.40569, 6.6638 ], [ 2.40686, 6.6638 ], [ 2.40749, 6.66507 ], [ 2.40713, 6.66534 ], [ 2.40686, 6.66498 ], [ 2.40596, 6.66516 ], [ 2.40632, 6.66588 ], [ 2.40586, 6.66588 ], [ 2.40586, 6.66615 ], [ 2.40668, 6.66624 ], [ 2.40677, 6.66543 ] ] ], [ [ [ 2.39337, 6.67265 ], [ 2.39391, 6.67193 ], [ 2.39319, 6.67184 ], [ 2.39319, 6.67129 ], [ 2.39382, 6.67148 ], [ 2.395, 6.67075 ], [ 2.39455, 6.6703 ], [ 2.39401, 6.67048 ], [ 2.39391, 6.67102 ], [ 2.39328, 6.67102 ], [ 2.39373, 6.67066 ], [ 2.39373, 6.67003 ], [ 2.39437, 6.67003 ], [ 2.39446, 6.66958 ], [ 2.39491, 6.67003 ], [ 2.39527, 6.67003 ], [ 2.39509, 6.66967 ], [ 2.39545, 6.66958 ], [ 2.39609, 6.66976 ], [ 2.39582, 6.6703 ], [ 2.396, 6.67048 ], [ 2.39672, 6.66958 ], [ 2.39772, 6.6703 ], [ 2.39753, 6.66967 ], [ 2.39817, 6.67021 ], [ 2.39808, 6.66994 ], [ 2.39871, 6.66958 ], [ 2.39962, 6.66949 ], [ 2.40025, 6.66967 ], [ 2.40025, 6.67013 ], [ 2.3998, 6.67004 ], [ 2.3998, 6.67022 ], [ 2.40052, 6.67076 ], [ 2.40133, 6.67004 ], [ 2.40269, 6.67013 ], [ 2.40269, 6.66941 ], [ 2.40324, 6.6695 ], [ 2.40333, 6.66923 ], [ 2.40306, 6.66832 ], [ 2.40396, 6.66805 ], [ 2.4045, 6.66841 ], [ 2.4045, 6.66805 ], [ 2.40405, 6.66769 ], [ 2.40269, 6.66778 ], [ 2.40306, 6.66823 ], [ 2.40161, 6.66832 ], [ 2.40143, 6.66868 ], [ 2.3998, 6.66886 ], [ 2.39962, 6.6694 ], [ 2.3988, 6.66922 ], [ 2.39835, 6.66958 ], [ 2.3979, 6.66958 ], [ 2.39826, 6.66949 ], [ 2.39817, 6.66895 ], [ 2.39935, 6.66913 ], [ 2.39953, 6.66804 ], [ 2.39998, 6.66786 ], [ 2.3998, 6.66723 ], [ 2.3989, 6.66705 ], [ 2.39908, 6.6675 ], [ 2.39826, 6.66768 ], [ 2.39826, 6.66705 ], [ 2.39745, 6.66696 ], [ 2.39781, 6.66623 ], [ 2.397, 6.6656 ], [ 2.39736, 6.66488 ], [ 2.39655, 6.66515 ], [ 2.39655, 6.66451 ], [ 2.39618, 6.66469 ], [ 2.39537, 6.66361 ], [ 2.39492, 6.6637 ], [ 2.39528, 6.66505 ], [ 2.396, 6.66533 ], [ 2.39564, 6.66569 ], [ 2.39564, 6.66641 ], [ 2.39537, 6.66641 ], [ 2.39546, 6.66686 ], [ 2.39591, 6.66668 ], [ 2.39582, 6.66768 ], [ 2.39537, 6.6675 ], [ 2.395, 6.66822 ], [ 2.39473, 6.66777 ], [ 2.39473, 6.66831 ], [ 2.39437, 6.66831 ], [ 2.39491, 6.66849 ], [ 2.39428, 6.66867 ], [ 2.39482, 6.66885 ], [ 2.39482, 6.66921 ], [ 2.3941, 6.66894 ], [ 2.3941, 6.6693 ], [ 2.39364, 6.6693 ], [ 2.39319, 6.66885 ], [ 2.39256, 6.66912 ], [ 2.39175, 6.66858 ], [ 2.39202, 6.66804 ], [ 2.39157, 6.66776 ], [ 2.39156, 6.6684 ], [ 2.39084, 6.6684 ], [ 2.39075, 6.66948 ], [ 2.39012, 6.66939 ], [ 2.38984, 6.66993 ], [ 2.3902, 6.67039 ], [ 2.39048, 6.66975 ], [ 2.3912, 6.66975 ], [ 2.39111, 6.67057 ], [ 2.39174, 6.6703 ], [ 2.39238, 6.67075 ], [ 2.39238, 6.67129 ], [ 2.39156, 6.67138 ], [ 2.39165, 6.67174 ], [ 2.3921, 6.67184 ], [ 2.39255, 6.67256 ], [ 2.39337, 6.67265 ] ] ], [ [ [ 2.40622, 6.67276 ], [ 2.4064, 6.67176 ], [ 2.40694, 6.67176 ], [ 2.4073, 6.67231 ], [ 2.40731, 6.67158 ], [ 2.4083, 6.67131 ], [ 2.40884, 6.67131 ], [ 2.40857, 6.67149 ], [ 2.40875, 6.67195 ], [ 2.40993, 6.67177 ], [ 2.40902, 6.67167 ], [ 2.40975, 6.67149 ], [ 2.40902, 6.6714 ], [ 2.40939, 6.67104 ], [ 2.40866, 6.67113 ], [ 2.40893, 6.67095 ], [ 2.40821, 6.67059 ], [ 2.40821, 6.67023 ], [ 2.40767, 6.6705 ], [ 2.40767, 6.67131 ], [ 2.40703, 6.67086 ], [ 2.40631, 6.67104 ], [ 2.40631, 6.6705 ], [ 2.40667, 6.67041 ], [ 2.40532, 6.67031 ], [ 2.40532, 6.6695 ], [ 2.40468, 6.66986 ], [ 2.40477, 6.67058 ], [ 2.40423, 6.67004 ], [ 2.40269, 6.67031 ], [ 2.40269, 6.67094 ], [ 2.40314, 6.6714 ], [ 2.40432, 6.67149 ], [ 2.40441, 6.67176 ], [ 2.40513, 6.67149 ], [ 2.40549, 6.67203 ], [ 2.40522, 6.67276 ], [ 2.40622, 6.67276 ] ] ], [ [ [ 2.39716, 6.67727 ], [ 2.39834, 6.677 ], [ 2.39798, 6.67673 ], [ 2.39816, 6.67582 ], [ 2.39898, 6.67601 ], [ 2.39916, 6.67546 ], [ 2.39979, 6.67537 ], [ 2.39907, 6.67528 ], [ 2.39907, 6.67483 ], [ 2.39997, 6.67438 ], [ 2.40015, 6.67492 ], [ 2.4007, 6.67483 ], [ 2.40033, 6.67646 ], [ 2.40087, 6.67673 ], [ 2.40042, 6.67718 ], [ 2.40115, 6.67709 ], [ 2.40078, 6.6761 ], [ 2.40106, 6.67519 ], [ 2.40142, 6.67528 ], [ 2.40115, 6.67447 ], [ 2.40151, 6.6732 ], [ 2.40115, 6.67311 ], [ 2.40097, 6.67248 ], [ 2.40025, 6.67338 ], [ 2.40106, 6.67356 ], [ 2.40079, 6.67411 ], [ 2.39952, 6.67311 ], [ 2.3997, 6.67266 ], [ 2.40034, 6.67266 ], [ 2.40034, 6.67221 ], [ 2.39871, 6.6732 ], [ 2.39853, 6.67374 ], [ 2.39916, 6.6742 ], [ 2.39907, 6.67456 ], [ 2.39798, 6.67447 ], [ 2.3978, 6.67401 ], [ 2.39681, 6.67374 ], [ 2.39771, 6.67483 ], [ 2.39671, 6.67437 ], [ 2.39626, 6.67455 ], [ 2.39662, 6.67528 ], [ 2.39644, 6.67573 ], [ 2.39671, 6.67573 ], [ 2.39662, 6.67682 ], [ 2.39717, 6.676 ], [ 2.39716, 6.67727 ] ] ], [ [ [ 2.40503, 6.68072 ], [ 2.40648, 6.68099 ], [ 2.4063, 6.68018 ], [ 2.40539, 6.68054 ], [ 2.40558, 6.67963 ], [ 2.40648, 6.67963 ], [ 2.40648, 6.67909 ], [ 2.40576, 6.67882 ], [ 2.40594, 6.67764 ], [ 2.40513, 6.67791 ], [ 2.40413, 6.67764 ], [ 2.40413, 6.67927 ], [ 2.40377, 6.67963 ], [ 2.40494, 6.67936 ], [ 2.40431, 6.68044 ], [ 2.40494, 6.68099 ], [ 2.40503, 6.68072 ] ] ], [ [ [ 2.39796, 6.69175 ], [ 2.39959, 6.69075 ], [ 2.39995, 6.69012 ], [ 2.40059, 6.69066 ], [ 2.40131, 6.69012 ], [ 2.40176, 6.69075 ], [ 2.4024, 6.69021 ], [ 2.40231, 6.68922 ], [ 2.40077, 6.68903 ], [ 2.40131, 6.68922 ], [ 2.40032, 6.68931 ], [ 2.39977, 6.68985 ], [ 2.39968, 6.6894 ], [ 2.39923, 6.68939 ], [ 2.39941, 6.68985 ], [ 2.39796, 6.69012 ], [ 2.39814, 6.69102 ], [ 2.39769, 6.69084 ], [ 2.39751, 6.69111 ], [ 2.39796, 6.69175 ] ] ] ] } },
{ "type": "Feature", "properties": { "classe": 4, "nom": "Forte", "superficie_ha": 3417.3, "pourcentage": 7.09 }, "geometry": { "type": "MultiPolygon", "coordinates": [ [ [ [ 2.29655, 6.34584 ], [ 2.29683, 6.34548 ], [ 2.29782, 6.34584 ], [ 2.29791, 6.34548 ], [ 2.29719, 6.34548 ], [ 2.29737, 6.34494 ], [ 2.29692, 6.3453 ], [ 2.29529, 6.34493 ], [ 2.29574, 6.34466 ], [ 2.29538, 6.34421 ], [ 2.29493, 6.34421 ], [ 2.29475, 6.34539 ], [ 2.2943, 6.34385 ], [ 2.2933, 6.3452 ], [ 2.29348, 6.34538 ], [ 2.29312, 6.34538 ], [ 2.29384, 6.34584 ], [ 2.29466, 6.34557 ], [ 2.29529, 6.34593 ], [ 2.29655, 6.34584 ] ] ], [ [ [ 2.30008, 6.34621 ], [ 2.30153, 6.34621 ], [ 2.30198, 6.34657 ], [ 2.30216, 6.34549 ], [ 2.30198, 6.34567 ], [ 2.30171, 6.34521 ], [ 2.30162, 6.34567 ], [ 2.30153, 6.34512 ], [ 2.30144, 6.34612 ], [ 2.30044, 6.34512 ], [ 2.29999, 6.34603 ], [ 2.29999, 6.34557 ], [ 2.29891, 6.34548 ], [ 2.29809, 6.34494 ], [ 2.29818, 6.3444 ], [ 2.29755, 6.34467 ], [ 2.29791, 6.34539 ], [ 2.29927, 6.34648 ], [ 2.29972, 6.34657 ], [ 2.30008, 6.34621 ] ] ], [ [ [ 2.31355, 6.34776 ], [ 2.31446, 6.3474 ], [ 2.315, 6.34568 ], [ 2.31563, 6.34523 ], [ 2.31283, 6.34523 ], [ 2.31274, 6.34641 ], [ 2.31211, 6.34686 ], [ 2.3131, 6.34677 ], [ 2.31355, 6.34776 ] ] ], [ [ [ 2.30641, 6.3473 ], [ 2.31075, 6.34749 ], [ 2.31084, 6.34722 ], [ 2.30967, 6.34577 ], [ 2.30921, 6.34613 ], [ 2.3093, 6.34685 ], [ 2.30831, 6.34685 ], [ 2.30804, 6.34649 ], [ 2.30731, 6.34685 ], [ 2.30704, 6.34604 ], [ 2.30641, 6.34676 ], [ 2.30578, 6.34676 ], [ 2.3056, 6.34631 ], [ 2.30596, 6.34549 ], [ 2.30523, 6.34594 ], [ 2.30505, 6.34658 ], [ 2.30487, 6.34612 ], [ 2.30388, 6.34621 ], [ 2.30397, 6.34676 ], [ 2.30469, 6.34639 ], [ 2.30487, 6.34676 ], [ 2.30532, 6.34667 ], [ 2.30641, 6.3473 ] ] ], [ [ [ 2.29456, 6.35081 ], [ 2.29456, 6.35036 ], [ 2.29483, 6.35081 ], [ 2.29555, 6.34991 ], [ 2.29483, 6.34973 ], [ 2.29483, 6.3491 ], [ 2.29447, 6.34928 ], [ 2.29438, 6.349 ], [ 2.2942, 6.349 ], [ 2.29402, 6.34946 ], [ 2.29347, 6.34927 ], [ 2.29365, 6.34991 ], [ 2.29429, 6.35009 ], [ 2.29365, 6.35072 ], [ 2.29456, 6.35081 ] ] ], [ [ [ 2.3017, 6.35272 ], [ 2.30269, 6.35236 ], [ 2.30279, 6.35137 ], [ 2.30315, 6.35128 ], [ 2.30324, 6.35074 ], [ 2.30378, 6.35128 ], [ 2.30405, 6.35083 ], [ 2.30487, 6.35065 ], [ 2.30478, 6.35001 ], [ 2.3045, 6.35038 ], [ 2.30405, 6.35028 ], [ 2.30414, 6.34938 ], [ 2.30396, 6.34974 ], [ 2.30234, 6.34947 ], [ 2.30143, 6.35001 ], [ 2.30152, 6.35046 ], [ 2.30215, 6.35028 ], [ 2.30197, 6.3511 ], [ 2.3026, 6.35164 ], [ 2.3017, 6.352 ], [ 2.3017, 6.35272 ] ] ], [ [ [ 2.30161, 6.35309 ], [ 2.30025, 6.352 ], [ 2.30043, 6.35136 ], [ 2.30016, 6.35118 ], [ 2.30062, 6.35064 ], [ 2.30007, 6.35046 ], [ 2.29971, 6.35127 ], [ 2.29917, 6.3501 ], [ 2.2989, 6.35037 ], [ 2.29818, 6.34991 ], [ 2.29827, 6.34919 ], [ 2.29664, 6.34937 ], [ 2.29582, 6.35009 ], [ 2.296, 6.35082 ], [ 2.297, 6.35018 ], [ 2.297, 6.35073 ], [ 2.29836, 6.35073 ], [ 2.29917, 6.35127 ], [ 2.29917, 6.35154 ], [ 2.29835, 6.35136 ], [ 2.29781, 6.35172 ], [ 2.29799, 6.35236 ], [ 2.29835, 6.35181 ], [ 2.29872, 6.35209 ], [ 2.29862, 6.35299 ], [ 2.29935, 6.35308 ], [ 2.29935, 6.35272 ], [ 2.2998, 6.35272 ], [ 2.3007, 6.35317 ], [ 2.30125, 6.35281 ], [ 2.30134, 6.35336 ], [ 2.30179, 6.35327 ], [ 2.30161, 6.35309 ] ] ], [ [ [ 2.3148, 6.3569 ], [ 2.31453, 6.35699 ], [ 2.31508, 6.35672 ], [ 2.31453, 6.35663 ], [ 2.31589, 6.35672 ], [ 2.31625, 6.35627 ], [ 2.31399, 6.356 ], [ 2.31454, 6.35564 ], [ 2.31381, 6.35527 ], [ 2.31327, 6.35609 ], [ 2.31417, 6.35654 ], [ 2.31273, 6.35672 ], [ 2.31327, 6.35681 ], [ 2.31291, 6.35717 ], [ 2.31444, 6.35699 ], [ 2.31444, 6.35735 ], [ 2.31499, 6.35736 ], [ 2.3148, 6.3569 ] ] ], [ [ [ 2.29246, 6.36402 ], [ 2.29291, 6.3633 ], [ 2.29237, 6.36293 ], [ 2.29237, 6.36221 ], [ 2.29291, 6.3623 ], [ 2.29282, 6.36194 ], [ 2.29337, 6.36185 ], [ 2.29337, 6.36094 ], [ 2.2921, 6.36094 ], [ 2.29219, 6.36121 ], [ 2.29138, 6.36148 ], [ 2.29138, 6.36185 ], [ 2.29219, 6.36167 ], [ 2.29246, 6.36203 ], [ 2.29102, 6.36203 ], [ 2.29174, 6.3623 ], [ 2.29174, 6.36284 ], [ 2.2902, 6.36311 ], [ 2.29101, 6.36384 ], [ 2.29192, 6.36366 ], [ 2.29246, 6.36402 ] ] ], [ [ [ 2.31371, 6.36305 ], [ 2.31344, 6.36278 ], [ 2.31389, 6.36206 ], [ 2.31281, 6.36224 ], [ 2.31308, 6.36151 ], [ 2.31254, 6.36188 ], [ 2.31191, 6.36151 ], [ 2.31109, 6.36205 ], [ 2.31127, 6.36251 ], [ 2.31163, 6.36224 ], [ 2.31163, 6.36269 ], [ 2.31227, 6.36242 ], [ 2.31272, 6.36278 ], [ 2.31317, 6.3626 ], [ 2.31353, 6.36369 ], [ 2.31371, 6.36305 ] ] ], [ [ [ 2.31217, 6.36604 ], [ 2.31289, 6.36586 ], [ 2.31271, 6.36531 ], [ 2.31154, 6.3654 ], [ 2.31208, 6.36468 ], [ 2.31281, 6.36468 ], [ 2.31253, 6.36396 ], [ 2.31181, 6.36414 ], [ 2.31163, 6.36359 ], [ 2.31127, 6.36359 ], [ 2.31145, 6.36314 ], [ 2.31046, 6.36314 ], [ 2.311, 6.36323 ], [ 2.31082, 6.3635 ], [ 2.31028, 6.36323 ], [ 2.31009, 6.36359 ], [ 2.31109, 6.36395 ], [ 2.311, 6.36486 ], [ 2.31063, 6.36495 ], [ 2.31127, 6.3654 ], [ 2.31081, 6.36585 ], [ 2.31217, 6.36567 ], [ 2.31199, 6.36576 ], [ 2.31217, 6.36604 ] ] ], [ [ [ 2.31651, 6.36649 ], [ 2.31678, 6.36604 ], [ 2.3166, 6.36586 ], [ 2.31732, 6.36586 ], [ 2.31742, 6.3655 ], [ 2.3185, 6.36532 ], [ 2.3176, 6.36505 ], [ 2.31787, 6.36405 ], [ 2.31733, 6.36405 ], [ 2.31733, 6.36324 ], [ 2.3166, 6.36351 ], [ 2.31588, 6.36297 ], [ 2.31597, 6.36351 ], [ 2.31552, 6.36342 ], [ 2.31561, 6.36459 ], [ 2.31606, 6.36523 ], [ 2.3157, 6.36622 ], [ 2.31642, 6.36613 ], [ 2.31651, 6.36649 ] ] ], [ [ [ 2.31153, 6.36893 ], [ 2.31172, 6.3683 ], [ 2.31126, 6.36803 ], [ 2.31181, 6.36794 ], [ 2.31235, 6.36694 ], [ 2.31172, 6.36631 ], [ 2.31072, 6.36613 ], [ 2.31045, 6.36667 ], [ 2.31181, 6.36703 ], [ 2.31181, 6.3673 ], [ 2.31126, 6.36757 ], [ 2.3109, 6.36685 ], [ 2.31054, 6.36685 ], [ 2.31072, 6.36739 ], [ 2.31018, 6.36739 ], [ 2.31, 6.36784 ], [ 2.31072, 6.36821 ], [ 2.31099, 6.36893 ], [ 2.31144, 6.36893 ], [ 2.31144, 6.36929 ], [ 2.31208, 6.36929 ], [ 2.31153, 6.36893 ] ] ], [ [ [ 2.29697, 6.36973 ], [ 2.29688, 6.36909 ], [ 2.29806, 6.36909 ], [ 2.2977, 6.36936 ], [ 2.29815, 6.36936 ], [ 2.29833, 6.36756 ], [ 2.29752, 6.36774 ], [ 2.29779, 6.36728 ], [ 2.29761, 6.36674 ], [ 2.29689, 6.3671 ], [ 2.2968, 6.36773 ], [ 2.29652, 6.36773 ], [ 2.29634, 6.36683 ], [ 2.29598, 6.36755 ], [ 2.29625, 6.36791 ], [ 2.2968, 6.36783 ], [ 2.29688, 6.36819 ], [ 2.29616, 6.36972 ], [ 2.29697, 6.36973 ] ] ], [ [ [ 2.3185, 6.36966 ], [ 2.31768, 6.36903 ], [ 2.31804, 6.36867 ], [ 2.31678, 6.36903 ], [ 2.31768, 6.36794 ], [ 2.31705, 6.36776 ], [ 2.31696, 6.3683 ], [ 2.31633, 6.36848 ], [ 2.31642, 6.36903 ], [ 2.31696, 6.36921 ], [ 2.31678, 6.36939 ], [ 2.31786, 6.37039 ], [ 2.31795, 6.36984 ], [ 2.3185, 6.36966 ] ] ], [ [ [ 2.27708, 6.37078 ], [ 2.27708, 6.36879 ], [ 2.2769, 6.36934 ], [ 2.2769, 6.36861 ], [ 2.27645, 6.36843 ], [ 2.27645, 6.36888 ], [ 2.27554, 6.36951 ], [ 2.27608, 6.36961 ], [ 2.27654, 6.37069 ], [ 2.2778, 6.37151 ], [ 2.2778, 6.37087 ], [ 2.27708, 6.37078 ] ] ], [ [ [ 2.29589, 6.3718 ], [ 2.29634, 6.37162 ], [ 2.29616, 6.37099 ], [ 2.29543, 6.37171 ], [ 2.29498, 6.37144 ], [ 2.29571, 6.37126 ], [ 2.29534, 6.37072 ], [ 2.29399, 6.37099 ], [ 2.29462, 6.37108 ], [ 2.29453, 6.37171 ], [ 2.29489, 6.3718 ], [ 2.2948, 6.37244 ], [ 2.29516, 6.37271 ], [ 2.29534, 6.37198 ], [ 2.29579, 6.37189 ], [ 2.2957, 6.37298 ], [ 2.29616, 6.37289 ], [ 2.29589, 6.3718 ] ] ], [ [ [ 2.30031, 6.37561 ], [ 2.30203, 6.37489 ], [ 2.30176, 6.37435 ], [ 2.30203, 6.37435 ], [ 2.30221, 6.37272 ], [ 2.30004, 6.37235 ], [ 2.29986, 6.37271 ], [ 2.30013, 6.37281 ], [ 2.29968, 6.3728 ], [ 2.29968, 6.37344 ], [ 2.30049, 6.37362 ], [ 2.30013, 6.3738 ], [ 2.30049, 6.37434 ], [ 2.29995, 6.37434 ], [ 2.29986, 6.3747 ], [ 2.3004, 6.37498 ], [ 2.30031, 6.37561 ] ] ], [ [ [ 2.28991, 6.37786 ], [ 2.29045, 6.37723 ], [ 2.29163, 6.37741 ], [ 2.29118, 6.37686 ], [ 2.29054, 6.37686 ], [ 2.291, 6.3765 ], [ 2.29091, 6.37605 ], [ 2.29045, 6.37668 ], [ 2.28964, 6.37632 ], [ 2.28901, 6.37668 ], [ 2.28937, 6.37704 ], [ 2.28991, 6.37695 ], [ 2.28955, 6.37722 ], [ 2.28991, 6.37786 ] ] ], [ [ [ 2.28962, 6.39025 ], [ 2.28962, 6.38899 ], [ 2.28899, 6.3888 ], [ 2.28863, 6.38772 ], [ 2.28872, 6.38726 ], [ 2.28935, 6.38763 ], [ 2.28953, 6.38736 ], [ 2.28899, 6.38699 ], [ 2.28917, 6.38645 ], [ 2.28818, 6.38654 ], [ 2.28872, 6.38582 ], [ 2.28809, 6.38564 ], [ 2.28818, 6.38618 ], [ 2.28755, 6.38654 ], [ 2.28773, 6.38726 ], [ 2.28736, 6.38799 ], [ 2.28781, 6.38889 ], [ 2.28818, 6.38853 ], [ 2.28881, 6.38889 ], [ 2.28908, 6.39043 ], [ 2.28962, 6.39025 ] ] ], [ [ [ 2.30571, 6.39308 ], [ 2.30617, 6.39263 ], [ 2.30626, 6.39154 ], [ 2.30581, 6.39154 ], [ 2.30563, 6.39091 ], [ 2.30373, 6.39136 ], [ 2.30382, 6.39172 ], [ 2.303, 6.39172 ], [ 2.30291, 6.39208 ], [ 2.30336, 6.39244 ], [ 2.30318, 6.39317 ], [ 2.30336, 6.39289 ], [ 2.30354, 6.39317 ], [ 2.30354, 6.39244 ], [ 2.30409, 6.39235 ], [ 2.30427, 6.3919 ], [ 2.30535, 6.39217 ], [ 2.3049, 6.39253 ], [ 2.30499, 6.39326 ], [ 2.30508, 6.39299 ], [ 2.30571, 6.39308 ] ] ], [ [ [ 2.31466, 6.39653 ], [ 2.31539, 6.39544 ], [ 2.31484, 6.39499 ], [ 2.31286, 6.39481 ], [ 2.31303, 6.3958 ], [ 2.31457, 6.39644 ], [ 2.31457, 6.39716 ], [ 2.31466, 6.39653 ] ] ], [ [ [ 2.28889, 6.39803 ], [ 2.28807, 6.39794 ], [ 2.2888, 6.39785 ], [ 2.28807, 6.39731 ], [ 2.28807, 6.39631 ], [ 2.28889, 6.39604 ], [ 2.28889, 6.39532 ], [ 2.2888, 6.39559 ], [ 2.28844, 6.39532 ], [ 2.28744, 6.39667 ], [ 2.28726, 6.39631 ], [ 2.28464, 6.39658 ], [ 2.28473, 6.39712 ], [ 2.28527, 6.39676 ], [ 2.28645, 6.39685 ], [ 2.28681, 6.39712 ], [ 2.28663, 6.39767 ], [ 2.28753, 6.39758 ], [ 2.28762, 6.39812 ], [ 2.28889, 6.39803 ] ] ], [ [ [ 2.30788, 6.39896 ], [ 2.3077, 6.39851 ], [ 2.30688, 6.39851 ], [ 2.30661, 6.39796 ], [ 2.30589, 6.39787 ], [ 2.30598, 6.39742 ], [ 2.30562, 6.39769 ], [ 2.30489, 6.39742 ], [ 2.30489, 6.39769 ], [ 2.3039, 6.39796 ], [ 2.3039, 6.39859 ], [ 2.30471, 6.3986 ], [ 2.30516, 6.39805 ], [ 2.30516, 6.39878 ], [ 2.30661, 6.39887 ], [ 2.30661, 6.39923 ], [ 2.30788, 6.39896 ] ] ], [ [ [ 2.29783, 6.40211 ], [ 2.2982, 6.40139 ], [ 2.2991, 6.4013 ], [ 2.29937, 6.40175 ], [ 2.29955, 6.40094 ], [ 2.29802, 6.40067 ], [ 2.29792, 6.40139 ], [ 2.29756, 6.40157 ], [ 2.29765, 6.40085 ], [ 2.29738, 6.40067 ], [ 2.29738, 6.40121 ], [ 2.29675, 6.40121 ], [ 2.29675, 6.40175 ], [ 2.29693, 6.40211 ], [ 2.29783, 6.40211 ] ] ], [ [ [ 2.27657, 6.4076 ], [ 2.27793, 6.40688 ], [ 2.27829, 6.40589 ], [ 2.2783, 6.40489 ], [ 2.27793, 6.40444 ], [ 2.27739, 6.40498 ], [ 2.27757, 6.40616 ], [ 2.27676, 6.40688 ], [ 2.27657, 6.4076 ] ] ], [ [ [ 2.2734, 6.41022 ], [ 2.27458, 6.41022 ], [ 2.2744, 6.40959 ], [ 2.27522, 6.40896 ], [ 2.27513, 6.40869 ], [ 2.27467, 6.40896 ], [ 2.27413, 6.40869 ], [ 2.27422, 6.40742 ], [ 2.27531, 6.40805 ], [ 2.27558, 6.4086 ], [ 2.27603, 6.40842 ], [ 2.27567, 6.40769 ], [ 2.27513, 6.4076 ], [ 2.27549, 6.40697 ], [ 2.27495, 6.40697 ], [ 2.27477, 6.40661 ], [ 2.27422, 6.40733 ], [ 2.27287, 6.4076 ], [ 2.27341, 6.40796 ], [ 2.27296, 6.40841 ], [ 2.2735, 6.40905 ], [ 2.2734, 6.41022 ] ] ], [ [ [ 2.22212, 6.41512 ], [ 2.22276, 6.41259 ], [ 2.22249, 6.4125 ], [ 2.22231, 6.41214 ], [ 2.22267, 6.41241 ], [ 2.22357, 6.41142 ], [ 2.22222, 6.41132 ], [ 2.22222, 6.41178 ], [ 2.22131, 6.41141 ], [ 2.22086, 6.41096 ], [ 2.22095, 6.4096 ], [ 2.22041, 6.40924 ], [ 2.22005, 6.40978 ], [ 2.22032, 6.41023 ], [ 2.21996, 6.41032 ], [ 2.22005, 6.41123 ], [ 2.22023, 6.41105 ], [ 2.22059, 6.41186 ], [ 2.22077, 6.41159 ], [ 2.22086, 6.41259 ], [ 2.22095, 6.41214 ], [ 2.22122, 6.41259 ], [ 2.22122, 6.41205 ], [ 2.22167, 6.41205 ], [ 2.22212, 6.41512 ] ] ], [ [ [ 2.27032, 6.4189 ], [ 2.27113, 6.41682 ], [ 2.27141, 6.41682 ], [ 2.27095, 6.41583 ], [ 2.27068, 6.41592 ], [ 2.27077, 6.41664 ], [ 2.2705, 6.41646 ], [ 2.27077, 6.41728 ], [ 2.27023, 6.41764 ], [ 2.27023, 6.41845 ], [ 2.26987, 6.41836 ], [ 2.26951, 6.41718 ], [ 2.26905, 6.41736 ], [ 2.26959, 6.41881 ], [ 2.27032, 6.4189 ] ] ], [ [ [ 2.28595, 6.42698 ], [ 2.28586, 6.42743 ], [ 2.28686, 6.42752 ], [ 2.28695, 6.42644 ], [ 2.28641, 6.42508 ], [ 2.28595, 6.4249 ], [ 2.28595, 6.42553 ], [ 2.2855, 6.42544 ], [ 2.28541, 6.42426 ], [ 2.28605, 6.42426 ], [ 2.28614, 6.42381 ], [ 2.28505, 6.42399 ], [ 2.28532, 6.42281 ], [ 2.28424, 6.42272 ], [ 2.28415, 6.4239 ], [ 2.28505, 6.42453 ], [ 2.28541, 6.42544 ], [ 2.28514, 6.42616 ], [ 2.28595, 6.42616 ], [ 2.28541, 6.42743 ], [ 2.28568, 6.42779 ], [ 2.28568, 6.42707 ], [ 2.28595, 6.42698 ] ] ], [ [ [ 2.28857, 6.43187 ], [ 2.28956, 6.43096 ], [ 2.2892, 6.42979 ], [ 2.28893, 6.43096 ], [ 2.28884, 6.43024 ], [ 2.28866, 6.43042 ], [ 2.28794, 6.4296 ], [ 2.28812, 6.42879 ], [ 2.2874, 6.4287 ], [ 2.28712, 6.43114 ], [ 2.28748, 6.43141 ], [ 2.28803, 6.43123 ], [ 2.28857, 6.43187 ] ] ], [ [ [ 2.29037, 6.43449 ], [ 2.29128, 6.43422 ], [ 2.29137, 6.4335 ], [ 2.29056, 6.43214 ], [ 2.2901, 6.43268 ], [ 2.28965, 6.43268 ], [ 2.28947, 6.43331 ], [ 2.29055, 6.43377 ], [ 2.29055, 6.43404 ], [ 2.29001, 6.43386 ], [ 2.29037, 6.43449 ] ] ], [ [ [ 2.29435, 6.43794 ], [ 2.29444, 6.43712 ], [ 2.29372, 6.43676 ], [ 2.29327, 6.43558 ], [ 2.2929, 6.43558 ], [ 2.2929, 6.43649 ], [ 2.29245, 6.43658 ], [ 2.29281, 6.43558 ], [ 2.29254, 6.43531 ], [ 2.29209, 6.43549 ], [ 2.29236, 6.43603 ], [ 2.29173, 6.4363 ], [ 2.292, 6.43685 ], [ 2.29281, 6.43721 ], [ 2.2929, 6.4382 ], [ 2.2938, 6.43848 ], [ 2.29435, 6.43794 ] ] ], [ [ [ 2.29706, 6.43993 ], [ 2.2967, 6.43866 ], [ 2.29769, 6.43866 ], [ 2.29787, 6.43812 ], [ 2.29742, 6.43776 ], [ 2.29733, 6.43703 ], [ 2.29634, 6.43703 ], [ 2.29652, 6.43676 ], [ 2.29589, 6.43649 ], [ 2.29552, 6.43712 ], [ 2.29616, 6.4373 ], [ 2.29507, 6.43757 ], [ 2.29525, 6.43785 ], [ 2.2948, 6.43775 ], [ 2.29489, 6.43857 ], [ 2.29624, 6.44002 ], [ 2.29706, 6.43993 ] ] ], [ [ [ 2.30112, 6.4469 ], [ 2.30067, 6.44545 ], [ 2.30112, 6.44545 ], [ 2.30121, 6.44591 ], [ 2.30184, 6.44627 ], [ 2.30148, 6.44536 ], [ 2.30203, 6.44527 ], [ 2.30211, 6.4469 ], [ 2.30229, 6.44654 ], [ 2.30284, 6.44672 ], [ 2.30311, 6.44627 ], [ 2.3023, 6.44536 ], [ 2.30203, 6.4441 ], [ 2.30148, 6.44419 ], [ 2.30103, 6.44373 ], [ 2.30149, 6.44337 ], [ 2.30085, 6.44238 ], [ 2.29896, 6.44147 ], [ 2.29923, 6.44102 ], [ 2.29896, 6.44029 ], [ 2.29823, 6.44047 ], [ 2.29796, 6.44102 ], [ 2.29724, 6.44065 ], [ 2.29751, 6.44228 ], [ 2.29705, 6.44264 ], [ 2.29814, 6.44364 ], [ 2.29814, 6.44436 ], [ 2.2985, 6.44445 ], [ 2.29823, 6.44518 ], [ 2.29868, 6.44581 ], [ 2.29913, 6.44545 ], [ 2.30013, 6.44563 ], [ 2.3004, 6.44672 ], [ 2.30003, 6.44717 ], [ 2.3003, 6.44735 ], [ 2.30112, 6.4469 ] ] ], [ [ [ 2.25626, 6.44629 ], [ 2.2568, 6.44611 ], [ 2.2568, 6.44675 ], [ 2.25798, 6.44684 ], [ 2.25843, 6.44603 ], [ 2.25906, 6.44576 ], [ 2.25907, 6.44377 ], [ 2.25997, 6.44331 ], [ 2.25988, 6.44259 ], [ 2.25916, 6.4425 ], [ 2.25925, 6.44304 ], [ 2.25862, 6.44331 ], [ 2.25889, 6.44377 ], [ 2.25861, 6.4444 ], [ 2.25816, 6.44422 ], [ 2.25807, 6.44358 ], [ 2.2578, 6.44467 ], [ 2.25608, 6.44566 ], [ 2.25608, 6.4472 ], [ 2.25626, 6.44629 ] ] ], [ [ [ 2.25469, 6.46819 ], [ 2.25433, 6.468 ], [ 2.25469, 6.46728 ], [ 2.25433, 6.46719 ], [ 2.25415, 6.46764 ], [ 2.25388, 6.46719 ], [ 2.25415, 6.46692 ], [ 2.25388, 6.46565 ], [ 2.25379, 6.46601 ], [ 2.25343, 6.46565 ], [ 2.25352, 6.46737 ], [ 2.25406, 6.46791 ], [ 2.25397, 6.46918 ], [ 2.25451, 6.46918 ], [ 2.25469, 6.46819 ] ] ], [ [ [ 2.31191, 6.49106 ], [ 2.31228, 6.48699 ], [ 2.31246, 6.48727 ], [ 2.31219, 6.48645 ], [ 2.3111, 6.48763 ], [ 2.3111, 6.4879 ], [ 2.31155, 6.4879 ], [ 2.31128, 6.4907 ], [ 2.31191, 6.49106 ] ] ], [ [ [ 2.32386, 6.34814 ], [ 2.32458, 6.34769 ], [ 2.3244, 6.34723 ], [ 2.32386, 6.34751 ], [ 2.32305, 6.34705 ], [ 2.32241, 6.34741 ], [ 2.32223, 6.34714 ], [ 2.32259, 6.34687 ], [ 2.32214, 6.34624 ], [ 2.32187, 6.34633 ], [ 2.32205, 6.34687 ], [ 2.32042, 6.34678 ], [ 2.32006, 6.34642 ], [ 2.31952, 6.3465 ], [ 2.3197, 6.34714 ], [ 2.31934, 6.34678 ], [ 2.31898, 6.34732 ], [ 2.31907, 6.34678 ], [ 2.31844, 6.34687 ], [ 2.31852, 6.34741 ], [ 2.31916, 6.34777 ], [ 2.32069, 6.34759 ], [ 2.32024, 6.34705 ], [ 2.32115, 6.34705 ], [ 2.32106, 6.34768 ], [ 2.32232, 6.34805 ], [ 2.32386, 6.34814 ] ] ], [ [ [ 2.32728, 6.36189 ], [ 2.32665, 6.36081 ], [ 2.32511, 6.36053 ], [ 2.32511, 6.36008 ], [ 2.32592, 6.36036 ], [ 2.32592, 6.35972 ], [ 2.32629, 6.35954 ], [ 2.32466, 6.35972 ], [ 2.32457, 6.35863 ], [ 2.32113, 6.35935 ], [ 2.32194, 6.35999 ], [ 2.32267, 6.35981 ], [ 2.32267, 6.36044 ], [ 2.32312, 6.36071 ], [ 2.32267, 6.36089 ], [ 2.32267, 6.36126 ], [ 2.32357, 6.3618 ], [ 2.32438, 6.3618 ], [ 2.32402, 6.36117 ], [ 2.3233, 6.36144 ], [ 2.32366, 6.36126 ], [ 2.32348, 6.36099 ], [ 2.32402, 6.3609 ], [ 2.32384, 6.36071 ], [ 2.32502, 6.36126 ], [ 2.32547, 6.36108 ], [ 2.32547, 6.36135 ], [ 2.32565, 6.3609 ], [ 2.32619, 6.3609 ], [ 2.32619, 6.36126 ], [ 2.32701, 6.36144 ], [ 2.32728, 6.36189 ] ] ], [ [ [ 2.34671, 6.3688 ], [ 2.34644, 6.36717 ], [ 2.3468, 6.36699 ], [ 2.34662, 6.36662 ], [ 2.34708, 6.36662 ], [ 2.34653, 6.36572 ], [ 2.34337, 6.36553 ], [ 2.34382, 6.36563 ], [ 2.34319, 6.3659 ], [ 2.34391, 6.36608 ], [ 2.34427, 6.36716 ], [ 2.34481, 6.36698 ], [ 2.3449, 6.36798 ], [ 2.3459, 6.36744 ], [ 2.34554, 6.36843 ], [ 2.34635, 6.36834 ], [ 2.34671, 6.3688 ] ] ], [ [ [ 2.33297, 6.36896 ], [ 2.33251, 6.36796 ], [ 2.33306, 6.36769 ], [ 2.33324, 6.36688 ], [ 2.33279, 6.36724 ], [ 2.33261, 6.36697 ], [ 2.33251, 6.36778 ], [ 2.33215, 6.36733 ], [ 2.33233, 6.36787 ], [ 2.33161, 6.36751 ], [ 2.33143, 6.36787 ], [ 2.33089, 6.36787 ], [ 2.3317, 6.36869 ], [ 2.33233, 6.36842 ], [ 2.33251, 6.36896 ], [ 2.33297, 6.36896 ] ] ], [ [ [ 2.3203, 6.36912 ], [ 2.32067, 6.36822 ], [ 2.3204, 6.36768 ], [ 2.31985, 6.36795 ], [ 2.32012, 6.3684 ], [ 2.31985, 6.36894 ], [ 2.31922, 6.36867 ], [ 2.31949, 6.36795 ], [ 2.31886, 6.36795 ], [ 2.31913, 6.36804 ], [ 2.31904, 6.36849 ], [ 2.31832, 6.36885 ], [ 2.31886, 6.36939 ], [ 2.32048, 6.36967 ], [ 2.3203, 6.36912 ] ] ], [ [ [ 2.35139, 6.38346 ], [ 2.35058, 6.38318 ], [ 2.35067, 6.38273 ], [ 2.35167, 6.38319 ], [ 2.35212, 6.38292 ], [ 2.35212, 6.38246 ], [ 2.35094, 6.38237 ], [ 2.35113, 6.38147 ], [ 2.35076, 6.38092 ], [ 2.35067, 6.38129 ], [ 2.35004, 6.38119 ], [ 2.35013, 6.38174 ], [ 2.34932, 6.38183 ], [ 2.3495, 6.38201 ], [ 2.34914, 6.38201 ], [ 2.34877, 6.38119 ], [ 2.34859, 6.38173 ], [ 2.34805, 6.38173 ], [ 2.34868, 6.38246 ], [ 2.34913, 6.38246 ], [ 2.34923, 6.3821 ], [ 2.35022, 6.38192 ], [ 2.35013, 6.38246 ], [ 2.34923, 6.38237 ], [ 2.3495, 6.38291 ], [ 2.35004, 6.38291 ], [ 2.35067, 6.38364 ], [ 2.35139, 6.38346 ] ] ], [ [ [ 2.34099, 6.38399 ], [ 2.34154, 6.38363 ], [ 2.3419, 6.3839 ], [ 2.3419, 6.38345 ], [ 2.3428, 6.38381 ], [ 2.34262, 6.38299 ], [ 2.34335, 6.38327 ], [ 2.34371, 6.383 ], [ 2.3429, 6.38254 ], [ 2.34163, 6.38317 ], [ 2.34154, 6.38354 ], [ 2.34099, 6.38335 ], [ 2.34045, 6.38417 ], [ 2.34126, 6.38471 ], [ 2.34099, 6.38399 ] ] ], [ [ [ 2.32074, 6.3845 ], [ 2.32083, 6.38459 ], [ 2.32083, 6.3845 ], [ 2.32074, 6.3845 ] ] ], [ [ [ 2.32146, 6.38514 ], [ 2.32137, 6.38523 ], [ 2.32146, 6.38523 ], [ 2.32146, 6.38514 ] ] ], [ [ [ 2.32146, 6.38532 ], [ 2.32137, 6.38541 ], [ 2.32146, 6.38541 ], [ 2.32146, 6.38532 ] ] ], [ [ [ 2.3201, 6.38559 ], [ 2.32001, 6.38568 ], [ 2.3201, 6.38568 ], [ 2.3201, 6.38559 ] ] ], [ [ [ 2.32092, 6.38595 ], [ 2.32101, 6.38604 ], [ 2.32101, 6.38595 ], [ 2.32092, 6.38595 ] ] ], [ [ [ 2.3201, 6.38794 ], [ 2.32019, 6.38803 ], [ 2.32019, 6.38794 ], [ 2.3201, 6.38794 ] ] ], [ [ [ 2.3305, 6.39022 ], [ 2.33004, 6.38967 ], [ 2.33086, 6.38904 ], [ 2.33077, 6.38823 ], [ 2.33149, 6.38823 ], [ 2.33131, 6.38796 ], [ 2.33014, 6.38804 ], [ 2.33014, 6.3885 ], [ 2.32941, 6.38886 ], [ 2.32905, 6.38886 ], [ 2.32941, 6.38822 ], [ 2.32923, 6.38795 ], [ 2.32788, 6.38795 ], [ 2.32824, 6.38858 ], [ 2.3286, 6.38858 ], [ 2.3286, 6.38949 ], [ 2.32896, 6.38922 ], [ 2.32941, 6.3894 ], [ 2.32941, 6.39012 ], [ 2.32896, 6.39012 ], [ 2.32932, 6.39076 ], [ 2.32995, 6.39103 ], [ 2.3305, 6.39022 ] ] ], [ [ [ 2.32145, 6.39192 ], [ 2.32145, 6.39084 ], [ 2.31955, 6.39056 ], [ 2.31991, 6.39102 ], [ 2.31946, 6.39165 ], [ 2.31991, 6.39183 ], [ 2.32037, 6.39147 ], [ 2.32027, 6.39228 ], [ 2.32082, 6.39237 ], [ 2.32082, 6.39192 ], [ 2.32145, 6.39192 ] ] ], [ [ [ 2.34126, 6.39213 ], [ 2.34306, 6.39177 ], [ 2.34297, 6.39132 ], [ 2.34252, 6.39123 ], [ 2.34306, 6.39114 ], [ 2.34252, 6.39096 ], [ 2.34279, 6.39068 ], [ 2.34117, 6.39095 ], [ 2.34117, 6.39159 ], [ 2.34098, 6.39122 ], [ 2.34071, 6.39141 ], [ 2.34071, 6.39186 ], [ 2.34126, 6.39213 ] ] ], [ [ [ 2.33293, 6.39248 ], [ 2.33221, 6.39239 ], [ 2.33221, 6.39176 ], [ 2.33167, 6.39121 ], [ 2.33167, 6.39013 ], [ 2.33095, 6.39058 ], [ 2.33122, 6.39094 ], [ 2.33086, 6.39121 ], [ 2.33122, 6.3913 ], [ 2.33131, 6.39212 ], [ 2.33194, 6.39302 ], [ 2.33302, 6.39302 ], [ 2.33293, 6.39248 ] ] ], [ [ [ 2.34614, 6.3925 ], [ 2.34641, 6.39168 ], [ 2.34713, 6.39159 ], [ 2.34713, 6.39105 ], [ 2.34596, 6.39033 ], [ 2.34641, 6.39087 ], [ 2.34551, 6.39186 ], [ 2.34596, 6.39304 ], [ 2.34641, 6.39304 ], [ 2.34614, 6.3925 ] ] ], [ [ [ 2.32434, 6.39772 ], [ 2.32443, 6.39654 ], [ 2.3237, 6.39681 ], [ 2.32307, 6.39654 ], [ 2.32217, 6.39726 ], [ 2.32325, 6.39753 ], [ 2.32298, 6.3979 ], [ 2.32325, 6.39772 ], [ 2.32334, 6.39799 ], [ 2.32434, 6.39772 ] ] ], [ [ [ 2.33555, 6.39909 ], [ 2.3351, 6.39882 ], [ 2.33591, 6.39827 ], [ 2.337, 6.39846 ], [ 2.33709, 6.39819 ], [ 2.33754, 6.39837 ], [ 2.33781, 6.39819 ], [ 2.33745, 6.39791 ], [ 2.336, 6.39818 ], [ 2.33564, 6.39719 ], [ 2.33501, 6.39674 ], [ 2.33456, 6.3971 ], [ 2.33338, 6.3971 ], [ 2.33392, 6.398 ], [ 2.33419, 6.39764 ], [ 2.3351, 6.39827 ], [ 2.33437, 6.39845 ], [ 2.33428, 6.39809 ], [ 2.33428, 6.39854 ], [ 2.33374, 6.39872 ], [ 2.33392, 6.399 ], [ 2.3332, 6.39899 ], [ 2.33329, 6.39927 ], [ 2.33555, 6.39909 ] ] ], [ [ [ 2.34495, 6.39991 ], [ 2.34577, 6.3991 ], [ 2.34505, 6.39847 ], [ 2.34496, 6.3972 ], [ 2.34405, 6.39738 ], [ 2.34414, 6.39666 ], [ 2.34387, 6.39657 ], [ 2.34396, 6.39738 ], [ 2.3436, 6.39792 ], [ 2.34387, 6.39792 ], [ 2.34396, 6.39829 ], [ 2.34378, 6.3981 ], [ 2.34351, 6.39856 ], [ 2.34432, 6.39874 ], [ 2.34432, 6.39928 ], [ 2.34495, 6.39991 ] ] ], [ [ [ 2.34756, 6.41231 ], [ 2.34801, 6.41141 ], [ 2.34874, 6.41159 ], [ 2.34883, 6.41096 ], [ 2.34819, 6.41096 ], [ 2.34774, 6.41032 ], [ 2.34756, 6.41123 ], [ 2.34693, 6.41123 ], [ 2.34666, 6.41204 ], [ 2.34756, 6.41231 ] ] ], [ [ [ 2.34738, 6.41457 ], [ 2.34846, 6.41439 ], [ 2.3481, 6.4143 ], [ 2.34846, 6.4134 ], [ 2.34747, 6.41331 ], [ 2.34693, 6.41267 ], [ 2.34566, 6.41294 ], [ 2.34656, 6.41294 ], [ 2.3462, 6.41322 ], [ 2.3472, 6.41358 ], [ 2.34738, 6.41457 ] ] ], [ [ [ 2.36036, 6.44707 ], [ 2.36126, 6.4468 ], [ 2.36054, 6.44598 ], [ 2.35982, 6.44625 ], [ 2.35955, 6.4458 ], [ 2.359, 6.4458 ], [ 2.35955, 6.44571 ], [ 2.35927, 6.44562 ], [ 2.35955, 6.44499 ], [ 2.35909, 6.44499 ], [ 2.359, 6.44544 ], [ 2.359, 6.44499 ], [ 2.35882, 6.4449 ], [ 2.35891, 6.44526 ], [ 2.35783, 6.44607 ], [ 2.35728, 6.44589 ], [ 2.35774, 6.44661 ], [ 2.35792, 6.44625 ], [ 2.35936, 6.44625 ], [ 2.35945, 6.44653 ], [ 2.35891, 6.44689 ], [ 2.36036, 6.44707 ] ] ], [ [ [ 2.36405, 6.46426 ], [ 2.3664, 6.46399 ], [ 2.36649, 6.46363 ], [ 2.36477, 6.46291 ], [ 2.36486, 6.46381 ], [ 2.36432, 6.4639 ], [ 2.36405, 6.46372 ], [ 2.36423, 6.46263 ], [ 2.36332, 6.46245 ], [ 2.36314, 6.46309 ], [ 2.36396, 6.46399 ], [ 2.36377, 6.46462 ], [ 2.36432, 6.46481 ], [ 2.36405, 6.46426 ] ] ], [ [ [ 2.36367, 6.47367 ], [ 2.36277, 6.47277 ], [ 2.36322, 6.47204 ], [ 2.36367, 6.47231 ], [ 2.36512, 6.47204 ], [ 2.3644, 6.47195 ], [ 2.36503, 6.47177 ], [ 2.36404, 6.47014 ], [ 2.36449, 6.46906 ], [ 2.36549, 6.46906 ], [ 2.36494, 6.46815 ], [ 2.36323, 6.46879 ], [ 2.36214, 6.46851 ], [ 2.3625, 6.46887 ], [ 2.3625, 6.46969 ], [ 2.36277, 6.46942 ], [ 2.36322, 6.4696 ], [ 2.36268, 6.47032 ], [ 2.36331, 6.47123 ], [ 2.36295, 6.47123 ], [ 2.36304, 6.47177 ], [ 2.36205, 6.4715 ], [ 2.36196, 6.47177 ], [ 2.36232, 6.47186 ], [ 2.36186, 6.47186 ], [ 2.36177, 6.47222 ], [ 2.36232, 6.47231 ], [ 2.3625, 6.47277 ], [ 2.36177, 6.47313 ], [ 2.36177, 6.47349 ], [ 2.36367, 6.47367 ] ] ], [ [ [ 2.36656, 6.48236 ], [ 2.36601, 6.48191 ], [ 2.3661, 6.481 ], [ 2.36574, 6.48046 ], [ 2.3662, 6.48037 ], [ 2.36592, 6.4801 ], [ 2.36692, 6.4801 ], [ 2.36683, 6.47956 ], [ 2.36755, 6.47947 ], [ 2.36783, 6.47874 ], [ 2.36602, 6.47856 ], [ 2.36611, 6.47937 ], [ 2.36565, 6.47974 ], [ 2.3652, 6.47937 ], [ 2.36575, 6.47919 ], [ 2.36511, 6.47919 ], [ 2.36511, 6.47955 ], [ 2.36394, 6.47955 ], [ 2.36394, 6.47928 ], [ 2.36466, 6.4791 ], [ 2.36412, 6.4782 ], [ 2.36448, 6.47801 ], [ 2.3643, 6.47783 ], [ 2.36575, 6.47756 ], [ 2.36593, 6.47802 ], [ 2.36566, 6.47784 ], [ 2.36566, 6.47838 ], [ 2.36629, 6.47856 ], [ 2.36656, 6.4782 ], [ 2.36647, 6.47747 ], [ 2.36629, 6.4772 ], [ 2.36584, 6.47738 ], [ 2.36602, 6.47675 ], [ 2.3653, 6.47612 ], [ 2.3653, 6.47575 ], [ 2.3662, 6.47557 ], [ 2.36629, 6.47512 ], [ 2.36557, 6.4753 ], [ 2.36512, 6.47494 ], [ 2.3653, 6.47431 ], [ 2.36421, 6.47421 ], [ 2.36448, 6.47485 ], [ 2.36394, 6.4753 ], [ 2.36367, 6.47485 ], [ 2.36412, 6.47449 ], [ 2.36394, 6.47421 ], [ 2.36322, 6.47458 ], [ 2.36322, 6.47485 ], [ 2.3634, 6.47467 ], [ 2.36349, 6.4753 ], [ 2.36421, 6.47602 ], [ 2.36313, 6.47611 ], [ 2.36249, 6.47656 ], [ 2.36285, 6.47738 ], [ 2.36349, 6.47756 ], [ 2.36385, 6.4781 ], [ 2.36366, 6.47901 ], [ 2.36321, 6.47901 ], [ 2.36321, 6.48 ], [ 2.36366, 6.48 ], [ 2.36484, 6.48109 ], [ 2.36429, 6.48163 ], [ 2.3652, 6.48263 ], [ 2.36565, 6.48281 ], [ 2.36583, 6.48236 ], [ 2.36656, 6.48236 ] ] ], [ [ [ 2.36954, 6.48309 ], [ 2.37044, 6.48209 ], [ 2.37008, 6.48101 ], [ 2.36981, 6.48119 ], [ 2.37008, 6.48155 ], [ 2.3699, 6.48236 ], [ 2.36936, 6.48227 ], [ 2.36945, 6.48146 ], [ 2.36773, 6.48137 ], [ 2.368, 6.48155 ], [ 2.36773, 6.48155 ], [ 2.36737, 6.48254 ], [ 2.36827, 6.48245 ], [ 2.36873, 6.48173 ], [ 2.36927, 6.48236 ], [ 2.36873, 6.48209 ], [ 2.36863, 6.48291 ], [ 2.36936, 6.48273 ], [ 2.36936, 6.48309 ], [ 2.36954, 6.48309 ] ] ], [ [ [ 2.37008, 6.48797 ], [ 2.37216, 6.48752 ], [ 2.37207, 6.48671 ], [ 2.37143, 6.48653 ], [ 2.3718, 6.48589 ], [ 2.37089, 6.48617 ], [ 2.3708, 6.48571 ], [ 2.3708, 6.48626 ], [ 2.37017, 6.48644 ], [ 2.37017, 6.48508 ], [ 2.36927, 6.48435 ], [ 2.36945, 6.48363 ], [ 2.36909, 6.48372 ], [ 2.36863, 6.4849 ], [ 2.36936, 6.48526 ], [ 2.36935, 6.48589 ], [ 2.3689, 6.48643 ], [ 2.36953, 6.4868 ], [ 2.36881, 6.48716 ], [ 2.36836, 6.48698 ], [ 2.36845, 6.48752 ], [ 2.36908, 6.48779 ], [ 2.3699, 6.48707 ], [ 2.37008, 6.48797 ] ] ], [ [ [ 2.36745, 6.48707 ], [ 2.36782, 6.48661 ], [ 2.36773, 6.48625 ], [ 2.36845, 6.4867 ], [ 2.36872, 6.4858 ], [ 2.36809, 6.48562 ], [ 2.36809, 6.48598 ], [ 2.36727, 6.48598 ], [ 2.36782, 6.4858 ], [ 2.36746, 6.48553 ], [ 2.36664, 6.48571 ], [ 2.36646, 6.48525 ], [ 2.36682, 6.48535 ], [ 2.36682, 6.48507 ], [ 2.36655, 6.48471 ], [ 2.36655, 6.48516 ], [ 2.36583, 6.48543 ], [ 2.36592, 6.4858 ], [ 2.36537, 6.48616 ], [ 2.3661, 6.4858 ], [ 2.367, 6.48616 ], [ 2.36718, 6.48679 ], [ 2.36655, 6.48679 ], [ 2.36637, 6.48725 ], [ 2.36745, 6.48707 ] ] ], [ [ [ 2.37124, 6.49548 ], [ 2.37097, 6.4944 ], [ 2.3707, 6.49458 ], [ 2.3707, 6.49413 ], [ 2.37133, 6.49422 ], [ 2.37124, 6.49386 ], [ 2.37052, 6.49376 ], [ 2.3707, 6.4925 ], [ 2.37034, 6.49259 ], [ 2.37034, 6.49322 ], [ 2.36971, 6.49268 ], [ 2.3698, 6.4915 ], [ 2.37089, 6.49141 ], [ 2.37107, 6.49069 ], [ 2.37043, 6.49087 ], [ 2.37062, 6.49024 ], [ 2.37025, 6.49033 ], [ 2.37007, 6.48969 ], [ 2.36962, 6.48978 ], [ 2.36944, 6.48824 ], [ 2.36917, 6.48788 ], [ 2.36854, 6.48788 ], [ 2.36863, 6.48915 ], [ 2.36763, 6.48869 ], [ 2.36781, 6.48906 ], [ 2.36727, 6.49041 ], [ 2.36745, 6.49068 ], [ 2.36781, 6.49068 ], [ 2.36763, 6.49014 ], [ 2.36799, 6.49005 ], [ 2.36844, 6.49087 ], [ 2.36881, 6.49005 ], [ 2.36926, 6.49023 ], [ 2.36944, 6.49105 ], [ 2.36899, 6.4915 ], [ 2.36853, 6.4915 ], [ 2.36826, 6.49105 ], [ 2.36727, 6.49114 ], [ 2.36709, 6.49231 ], [ 2.36835, 6.49286 ], [ 2.36898, 6.49231 ], [ 2.36962, 6.49259 ], [ 2.3688, 6.49376 ], [ 2.36799, 6.49358 ], [ 2.3679, 6.49313 ], [ 2.36754, 6.49394 ], [ 2.36844, 6.49458 ], [ 2.36871, 6.49458 ], [ 2.36862, 6.49412 ], [ 2.36925, 6.49394 ], [ 2.37025, 6.49413 ], [ 2.37034, 6.4953 ], [ 2.37088, 6.49539 ], [ 2.37097, 6.49594 ], [ 2.37124, 6.49548 ] ] ], [ [ [ 2.36049, 6.62683 ], [ 2.36104, 6.62656 ], [ 2.36122, 6.62719 ], [ 2.36176, 6.6271 ], [ 2.36167, 6.62656 ], [ 2.3623, 6.62647 ], [ 2.36194, 6.6262 ], [ 2.3623, 6.62602 ], [ 2.36239, 6.62656 ], [ 2.36384, 6.62666 ], [ 2.3642, 6.62593 ], [ 2.36511, 6.62657 ], [ 2.36583, 6.6263 ], [ 2.36673, 6.62711 ], [ 2.36845, 6.62648 ], [ 2.36882, 6.62594 ], [ 2.36846, 6.62521 ], [ 2.369, 6.62503 ], [ 2.36864, 6.62431 ], [ 2.36809, 6.62449 ], [ 2.36846, 6.62503 ], [ 2.36782, 6.62557 ], [ 2.36665, 6.62548 ], [ 2.36656, 6.62512 ], [ 2.36782, 6.62512 ], [ 2.368, 6.62449 ], [ 2.36719, 6.62467 ], [ 2.36746, 6.62395 ], [ 2.36991, 6.62386 ], [ 2.37036, 6.62323 ], [ 2.37108, 6.62305 ], [ 2.37126, 6.62214 ], [ 2.37217, 6.62079 ], [ 2.37163, 6.62097 ], [ 2.37145, 6.62051 ], [ 2.37127, 6.62087 ], [ 2.3709, 6.6206 ], [ 2.37072, 6.62142 ], [ 2.36973, 6.62178 ], [ 2.36982, 6.62223 ], [ 2.36955, 6.62205 ], [ 2.36982, 6.62304 ], [ 2.369, 6.62368 ], [ 2.36792, 6.62358 ], [ 2.3671, 6.62395 ], [ 2.36674, 6.62349 ], [ 2.3671, 6.62259 ], [ 2.36611, 6.62259 ], [ 2.36602, 6.62331 ], [ 2.36511, 6.62322 ], [ 2.36511, 6.62376 ], [ 2.36466, 6.62403 ], [ 2.36393, 6.62385 ], [ 2.36348, 6.62421 ], [ 2.3633, 6.62494 ], [ 2.36303, 6.62494 ], [ 2.36303, 6.6253 ], [ 2.36357, 6.62503 ], [ 2.36366, 6.62566 ], [ 2.36285, 6.62575 ], [ 2.36194, 6.6253 ], [ 2.36158, 6.62593 ], [ 2.36031, 6.62584 ], [ 2.35959, 6.6271 ], [ 2.35986, 6.62746 ], [ 2.36067, 6.62756 ], [ 2.36049, 6.62683 ] ] ], [ [ [ 2.36899, 6.62901 ], [ 2.37044, 6.62757 ], [ 2.37098, 6.62856 ], [ 2.37108, 6.62748 ], [ 2.37162, 6.62775 ], [ 2.37171, 6.62739 ], [ 2.3718, 6.62766 ], [ 2.37216, 6.6263 ], [ 2.37316, 6.62667 ], [ 2.37298, 6.62585 ], [ 2.37262, 6.62603 ], [ 2.37244, 6.62567 ], [ 2.37225, 6.62612 ], [ 2.37117, 6.62558 ], [ 2.3709, 6.62648 ], [ 2.37026, 6.62639 ], [ 2.36936, 6.62784 ], [ 2.36782, 6.62775 ], [ 2.36782, 6.62811 ], [ 2.36845, 6.62838 ], [ 2.36836, 6.62892 ], [ 2.36899, 6.62901 ] ] ], [ [ [ 2.36908, 6.63426 ], [ 2.36908, 6.63318 ], [ 2.36971, 6.63263 ], [ 2.37044, 6.63282 ], [ 2.37053, 6.63318 ], [ 2.37107, 6.63291 ], [ 2.37107, 6.63173 ], [ 2.3718, 6.63119 ], [ 2.37171, 6.63074 ], [ 2.37062, 6.63146 ], [ 2.37035, 6.63209 ], [ 2.37008, 6.63128 ], [ 2.36908, 6.63109 ], [ 2.36917, 6.63155 ], [ 2.3689, 6.63182 ], [ 2.36845, 6.63164 ], [ 2.36854, 6.63218 ], [ 2.36808, 6.6329 ], [ 2.367, 6.63308 ], [ 2.36664, 6.63353 ], [ 2.36691, 6.63408 ], [ 2.36745, 6.63417 ], [ 2.36817, 6.63381 ], [ 2.36817, 6.63345 ], [ 2.36835, 6.63408 ], [ 2.36908, 6.63426 ] ] ], [ [ [ 2.36636, 6.63733 ], [ 2.36717, 6.63706 ], [ 2.36718, 6.63598 ], [ 2.36781, 6.6358 ], [ 2.36808, 6.6348 ], [ 2.36754, 6.63471 ], [ 2.36745, 6.63507 ], [ 2.36718, 6.63489 ], [ 2.36654, 6.63534 ], [ 2.36636, 6.63733 ] ] ], [ [ [ 2.36156, 6.64194 ], [ 2.36228, 6.64194 ], [ 2.36156, 6.64031 ], [ 2.3621, 6.63995 ], [ 2.36265, 6.64022 ], [ 2.36274, 6.63905 ], [ 2.36102, 6.63995 ], [ 2.36102, 6.64104 ], [ 2.36147, 6.64122 ], [ 2.36111, 6.64122 ], [ 2.36083, 6.64176 ], [ 2.36138, 6.64248 ], [ 2.36156, 6.64194 ] ] ], [ [ [ 2.36699, 6.6424 ], [ 2.36744, 6.64186 ], [ 2.36807, 6.64222 ], [ 2.36816, 6.64267 ], [ 2.3687, 6.64277 ], [ 2.36853, 6.64168 ], [ 2.36934, 6.64141 ], [ 2.3697, 6.6405 ], [ 2.36862, 6.64059 ], [ 2.36762, 6.64168 ], [ 2.36735, 6.64113 ], [ 2.36545, 6.64041 ], [ 2.36563, 6.64213 ], [ 2.36653, 6.64249 ], [ 2.36671, 6.64312 ], [ 2.36708, 6.64294 ], [ 2.36699, 6.6424 ] ] ], [ [ [ 2.36258, 6.69288 ], [ 2.36376, 6.69206 ], [ 2.3633, 6.6917 ], [ 2.36339, 6.69098 ], [ 2.36385, 6.69107 ], [ 2.36466, 6.69053 ], [ 2.36493, 6.6908 ], [ 2.36493, 6.69035 ], [ 2.36421, 6.69017 ], [ 2.36331, 6.69053 ], [ 2.36294, 6.69016 ], [ 2.36285, 6.69179 ], [ 2.3624, 6.69188 ], [ 2.3624, 6.69251 ], [ 2.36258, 6.69288 ] ] ], [ [ [ 2.3757, 6.47694 ], [ 2.37606, 6.47631 ], [ 2.37497, 6.47649 ], [ 2.37434, 6.47549 ], [ 2.37398, 6.47558 ], [ 2.37425, 6.47613 ], [ 2.37317, 6.47622 ], [ 2.37362, 6.4764 ], [ 2.37317, 6.47658 ], [ 2.3738, 6.47676 ], [ 2.37488, 6.47667 ], [ 2.37497, 6.47721 ], [ 2.3757, 6.47694 ] ] ], [ [ [ 2.37461, 6.47884 ], [ 2.37497, 6.47875 ], [ 2.3747, 6.47739 ], [ 2.37271, 6.47739 ], [ 2.37298, 6.47793 ], [ 2.37389, 6.47785 ], [ 2.37398, 6.47866 ], [ 2.37479, 6.47911 ], [ 2.37461, 6.47884 ] ] ], [ [ [ 2.3718, 6.48056 ], [ 2.3728, 6.48056 ], [ 2.37271, 6.48119 ], [ 2.37343, 6.48065 ], [ 2.37271, 6.47956 ], [ 2.37244, 6.48002 ], [ 2.3718, 6.47992 ], [ 2.37226, 6.4792 ], [ 2.37171, 6.47929 ], [ 2.37126, 6.48019 ], [ 2.3709, 6.47974 ], [ 2.36999, 6.48019 ], [ 2.3709, 6.48047 ], [ 2.3718, 6.48137 ], [ 2.3718, 6.48056 ] ] ], [ [ [ 2.38654, 6.48483 ], [ 2.386, 6.4841 ], [ 2.38636, 6.48329 ], [ 2.38573, 6.48302 ], [ 2.38546, 6.48464 ], [ 2.38582, 6.48483 ], [ 2.38527, 6.48528 ], [ 2.38555, 6.48546 ], [ 2.38582, 6.48501 ], [ 2.38573, 6.48555 ], [ 2.386, 6.48537 ], [ 2.38618, 6.48564 ], [ 2.38654, 6.48483 ] ] ], [ [ [ 2.38644, 6.49405 ], [ 2.38626, 6.49279 ], [ 2.38671, 6.49243 ], [ 2.38653, 6.49197 ], [ 2.38689, 6.49188 ], [ 2.38653, 6.49143 ], [ 2.3869, 6.49026 ], [ 2.38789, 6.49071 ], [ 2.38735, 6.49125 ], [ 2.38771, 6.49179 ], [ 2.38816, 6.4918 ], [ 2.38816, 6.49134 ], [ 2.38898, 6.49098 ], [ 2.38934, 6.49008 ], [ 2.38979, 6.49062 ], [ 2.39033, 6.49026 ], [ 2.39033, 6.4908 ], [ 2.39097, 6.49044 ], [ 2.39151, 6.49062 ], [ 2.39187, 6.4899 ], [ 2.39205, 6.49044 ], [ 2.39187, 6.49026 ], [ 2.39169, 6.49035 ], [ 2.39205, 6.49071 ], [ 2.39232, 6.49062 ], [ 2.39232, 6.4899 ], [ 2.39314, 6.49053 ], [ 2.39332, 6.49035 ], [ 2.3935, 6.49099 ], [ 2.39377, 6.49035 ], [ 2.39305, 6.48954 ], [ 2.39205, 6.48972 ], [ 2.39196, 6.48918 ], [ 2.3926, 6.48891 ], [ 2.39251, 6.48854 ], [ 2.39151, 6.48909 ], [ 2.39151, 6.48945 ], [ 2.39115, 6.48945 ], [ 2.39124, 6.48908 ], [ 2.38961, 6.48926 ], [ 2.39015, 6.48908 ], [ 2.39034, 6.48845 ], [ 2.38979, 6.48872 ], [ 2.38997, 6.48827 ], [ 2.38934, 6.48818 ], [ 2.38898, 6.48754 ], [ 2.38925, 6.48682 ], [ 2.38871, 6.48673 ], [ 2.38853, 6.48754 ], [ 2.38789, 6.48781 ], [ 2.38853, 6.48818 ], [ 2.38789, 6.48854 ], [ 2.38807, 6.48999 ], [ 2.38726, 6.48998 ], [ 2.38699, 6.48944 ], [ 2.38699, 6.4898 ], [ 2.38626, 6.49016 ], [ 2.38617, 6.49116 ], [ 2.38545, 6.49125 ], [ 2.3859, 6.49143 ], [ 2.38545, 6.49243 ], [ 2.38572, 6.49234 ], [ 2.38608, 6.49297 ], [ 2.38599, 6.49405 ], [ 2.38644, 6.49405 ] ] ], [ [ [ 2.37121, 6.51837 ], [ 2.37085, 6.5181 ], [ 2.37103, 6.51765 ], [ 2.37176, 6.51819 ], [ 2.3723, 6.51738 ], [ 2.37167, 6.5172 ], [ 2.37158, 6.51629 ], [ 2.37149, 6.51702 ], [ 2.3704, 6.51765 ], [ 2.37004, 6.51738 ], [ 2.37031, 6.5162 ], [ 2.36941, 6.5162 ], [ 2.36923, 6.51665 ], [ 2.37004, 6.51665 ], [ 2.36968, 6.51792 ], [ 2.37022, 6.51837 ], [ 2.37103, 6.51828 ], [ 2.37103, 6.51873 ], [ 2.37049, 6.51882 ], [ 2.37076, 6.51919 ], [ 2.3713, 6.51864 ], [ 2.37121, 6.51837 ] ] ], [ [ [ 2.38252, 6.52065 ], [ 2.38324, 6.52074 ], [ 2.38333, 6.5202 ], [ 2.38379, 6.5202 ], [ 2.38415, 6.51966 ], [ 2.38442, 6.51984 ], [ 2.38442, 6.51947 ], [ 2.38388, 6.51975 ], [ 2.38288, 6.51929 ], [ 2.38234, 6.52001 ], [ 2.38125, 6.52056 ], [ 2.38188, 6.52092 ], [ 2.38179, 6.52119 ], [ 2.38252, 6.52065 ] ] ], [ [ [ 2.38704, 6.52364 ], [ 2.38686, 6.5231 ], [ 2.38758, 6.5231 ], [ 2.38785, 6.52219 ], [ 2.3893, 6.52219 ], [ 2.38975, 6.52174 ], [ 2.38849, 6.52102 ], [ 2.38813, 6.52138 ], [ 2.38767, 6.52093 ], [ 2.38713, 6.52102 ], [ 2.3865, 6.52047 ], [ 2.38686, 6.51984 ], [ 2.38623, 6.51984 ], [ 2.38632, 6.52011 ], [ 2.38568, 6.52029 ], [ 2.3855, 6.52138 ], [ 2.3865, 6.52129 ], [ 2.38668, 6.52174 ], [ 2.38686, 6.52147 ], [ 2.38704, 6.52237 ], [ 2.38668, 6.52255 ], [ 2.38595, 6.52183 ], [ 2.38505, 6.52264 ], [ 2.38505, 6.52328 ], [ 2.3855, 6.52328 ], [ 2.38523, 6.52355 ], [ 2.38541, 6.52409 ], [ 2.38577, 6.52409 ], [ 2.38559, 6.52346 ], [ 2.38604, 6.52364 ], [ 2.38631, 6.52319 ], [ 2.38668, 6.52346 ], [ 2.38649, 6.52427 ], [ 2.38704, 6.52364 ] ] ], [ [ [ 2.37564, 6.52444 ], [ 2.37654, 6.52399 ], [ 2.37555, 6.52326 ], [ 2.37627, 6.52263 ], [ 2.37582, 6.522 ], [ 2.37591, 6.52154 ], [ 2.37673, 6.52118 ], [ 2.37655, 6.52209 ], [ 2.37718, 6.522 ], [ 2.37736, 6.52263 ], [ 2.37781, 6.52218 ], [ 2.37826, 6.52254 ], [ 2.37854, 6.52236 ], [ 2.37944, 6.52309 ], [ 2.37953, 6.52273 ], [ 2.37989, 6.52282 ], [ 2.37935, 6.52191 ], [ 2.37962, 6.52137 ], [ 2.37926, 6.52101 ], [ 2.37845, 6.52119 ], [ 2.37836, 6.52082 ], [ 2.37818, 6.52119 ], [ 2.37772, 6.52028 ], [ 2.37691, 6.52019 ], [ 2.37628, 6.52019 ], [ 2.37646, 6.52091 ], [ 2.37582, 6.52073 ], [ 2.37537, 6.52109 ], [ 2.37519, 6.52046 ], [ 2.37483, 6.52073 ], [ 2.37438, 6.52055 ], [ 2.3742, 6.52118 ], [ 2.37383, 6.52127 ], [ 2.37411, 6.52037 ], [ 2.37356, 6.52009 ], [ 2.37347, 6.52118 ], [ 2.37239, 6.521 ], [ 2.37248, 6.52172 ], [ 2.37293, 6.52181 ], [ 2.3732, 6.52254 ], [ 2.37456, 6.52145 ], [ 2.37474, 6.52245 ], [ 2.37428, 6.52263 ], [ 2.37428, 6.52308 ], [ 2.37537, 6.52308 ], [ 2.37564, 6.52444 ] ] ], [ [ [ 2.3712, 6.53004 ], [ 2.37256, 6.5295 ], [ 2.37229, 6.52932 ], [ 2.37337, 6.52914 ], [ 2.3731, 6.52896 ], [ 2.37392, 6.52833 ], [ 2.37446, 6.52833 ], [ 2.37455, 6.52797 ], [ 2.37382, 6.52815 ], [ 2.3731, 6.52778 ], [ 2.37301, 6.52815 ], [ 2.37346, 6.52824 ], [ 2.37328, 6.52878 ], [ 2.37238, 6.52869 ], [ 2.37229, 6.52833 ], [ 2.37192, 6.5286 ], [ 2.37201, 6.52914 ], [ 2.37066, 6.52905 ], [ 2.37111, 6.52923 ], [ 2.3712, 6.53004 ] ] ], [ [ [ 2.38694, 6.53051 ], [ 2.38757, 6.52871 ], [ 2.38857, 6.52853 ], [ 2.38857, 6.52816 ], [ 2.38694, 6.52816 ], [ 2.3873, 6.52871 ], [ 2.38712, 6.52934 ], [ 2.38576, 6.53015 ], [ 2.38649, 6.53088 ], [ 2.38694, 6.53051 ] ] ], [ [ [ 2.37726, 6.53249 ], [ 2.37762, 6.53168 ], [ 2.37681, 6.53141 ], [ 2.37699, 6.53105 ], [ 2.37789, 6.53123 ], [ 2.37762, 6.5315 ], [ 2.37807, 6.5315 ], [ 2.37825, 6.53195 ], [ 2.37789, 6.53204 ], [ 2.37861, 6.53295 ], [ 2.3787, 6.53268 ], [ 2.37907, 6.53295 ], [ 2.37916, 6.53241 ], [ 2.37979, 6.53259 ], [ 2.3797, 6.53195 ], [ 2.37952, 6.53213 ], [ 2.37871, 6.53123 ], [ 2.37789, 6.53105 ], [ 2.37825, 6.53096 ], [ 2.37798, 6.53041 ], [ 2.37762, 6.53032 ], [ 2.37708, 6.53096 ], [ 2.37663, 6.53068 ], [ 2.37717, 6.53059 ], [ 2.37735, 6.53005 ], [ 2.37798, 6.53014 ], [ 2.37826, 6.52933 ], [ 2.3769, 6.52924 ], [ 2.3769, 6.5296 ], [ 2.37645, 6.52978 ], [ 2.37645, 6.52924 ], [ 2.37581, 6.52914 ], [ 2.37554, 6.52923 ], [ 2.37563, 6.53014 ], [ 2.37509, 6.52951 ], [ 2.37482, 6.52978 ], [ 2.37382, 6.5295 ], [ 2.37427, 6.53068 ], [ 2.37464, 6.53068 ], [ 2.37436, 6.53168 ], [ 2.37518, 6.53131 ], [ 2.37509, 6.53168 ], [ 2.37545, 6.53186 ], [ 2.3759, 6.53141 ], [ 2.37572, 6.53186 ], [ 2.37608, 6.53177 ], [ 2.37608, 6.53249 ], [ 2.37653, 6.5324 ], [ 2.37671, 6.53295 ], [ 2.3768, 6.53249 ], [ 2.37726, 6.53249 ] ] ], [ [ [ 2.3882, 6.53441 ], [ 2.38802, 6.53386 ], [ 2.38757, 6.53386 ], [ 2.38757, 6.53341 ], [ 2.3882, 6.5326 ], [ 2.38856, 6.5326 ], [ 2.38856, 6.53215 ], [ 2.3882, 6.53214 ], [ 2.38847, 6.53178 ], [ 2.38676, 6.53142 ], [ 2.38676, 6.53187 ], [ 2.38757, 6.53223 ], [ 2.38712, 6.53287 ], [ 2.38648, 6.53232 ], [ 2.38621, 6.53314 ], [ 2.38666, 6.53314 ], [ 2.38702, 6.53395 ], [ 2.38775, 6.53404 ], [ 2.38748, 6.53459 ], [ 2.3882, 6.53441 ] ] ], [ [ [ 2.37716, 6.53512 ], [ 2.3787, 6.53539 ], [ 2.37924, 6.53503 ], [ 2.37897, 6.53403 ], [ 2.37789, 6.53439 ], [ 2.37716, 6.53394 ], [ 2.3768, 6.53512 ], [ 2.37698, 6.53548 ], [ 2.37716, 6.53512 ] ] ], [ [ [ 2.38467, 6.53685 ], [ 2.38431, 6.53639 ], [ 2.38567, 6.53567 ], [ 2.38612, 6.53567 ], [ 2.38576, 6.53585 ], [ 2.38603, 6.53612 ], [ 2.38675, 6.53621 ], [ 2.38766, 6.53613 ], [ 2.38784, 6.53567 ], [ 2.38666, 6.53585 ], [ 2.38621, 6.53486 ], [ 2.38531, 6.53477 ], [ 2.38494, 6.53522 ], [ 2.38512, 6.53576 ], [ 2.38349, 6.53603 ], [ 2.38331, 6.53639 ], [ 2.38395, 6.53693 ], [ 2.38467, 6.53685 ] ] ], [ [ [ 2.38937, 6.53902 ], [ 2.38883, 6.53857 ], [ 2.38946, 6.53739 ], [ 2.38946, 6.53649 ], [ 2.38874, 6.53595 ], [ 2.38874, 6.53513 ], [ 2.38829, 6.5345 ], [ 2.38829, 6.53594 ], [ 2.38756, 6.53676 ], [ 2.38802, 6.53748 ], [ 2.38865, 6.53739 ], [ 2.38865, 6.53803 ], [ 2.38801, 6.53866 ], [ 2.3881, 6.5392 ], [ 2.38883, 6.53938 ], [ 2.38937, 6.53902 ] ] ], [ [ [ 2.3824, 6.54182 ], [ 2.38286, 6.541 ], [ 2.38294, 6.54146 ], [ 2.38358, 6.54137 ], [ 2.38448, 6.5401 ], [ 2.3853, 6.54028 ], [ 2.38539, 6.53983 ], [ 2.38602, 6.54047 ], [ 2.38638, 6.54019 ], [ 2.38657, 6.53911 ], [ 2.3862, 6.53929 ], [ 2.38584, 6.53893 ], [ 2.38602, 6.53929 ], [ 2.38575, 6.53938 ], [ 2.38584, 6.53784 ], [ 2.38539, 6.53775 ], [ 2.38539, 6.53838 ], [ 2.3844, 6.53902 ], [ 2.38431, 6.53847 ], [ 2.38412, 6.53883 ], [ 2.38394, 6.53865 ], [ 2.3834, 6.53983 ], [ 2.38249, 6.53992 ], [ 2.3825, 6.53938 ], [ 2.38204, 6.53938 ], [ 2.38195, 6.53883 ], [ 2.38259, 6.53883 ], [ 2.38313, 6.53829 ], [ 2.38232, 6.53829 ], [ 2.38232, 6.53775 ], [ 2.38132, 6.5382 ], [ 2.38114, 6.53775 ], [ 2.38015, 6.53765 ], [ 2.38023, 6.53838 ], [ 2.38078, 6.53802 ], [ 2.38087, 6.53883 ], [ 2.38032, 6.53892 ], [ 2.37987, 6.53964 ], [ 2.37996, 6.54028 ], [ 2.37842, 6.54091 ], [ 2.37897, 6.54082 ], [ 2.37878, 6.54118 ], [ 2.37933, 6.54145 ], [ 2.37942, 6.5419 ], [ 2.38059, 6.54164 ], [ 2.38078, 6.54046 ], [ 2.38132, 6.54037 ], [ 2.38096, 6.53965 ], [ 2.38159, 6.5391 ], [ 2.38186, 6.53947 ], [ 2.38222, 6.53947 ], [ 2.38177, 6.53974 ], [ 2.38186, 6.5401 ], [ 2.38267, 6.54064 ], [ 2.38249, 6.54119 ], [ 2.38213, 6.54082 ], [ 2.38159, 6.54118 ], [ 2.38159, 6.54155 ], [ 2.38213, 6.54118 ], [ 2.38213, 6.54164 ], [ 2.38168, 6.54164 ], [ 2.38168, 6.54191 ], [ 2.3824, 6.54182 ] ] ], [ [ [ 2.37489, 6.54443 ], [ 2.37489, 6.54389 ], [ 2.37543, 6.54353 ], [ 2.37544, 6.54235 ], [ 2.37498, 6.54253 ], [ 2.37507, 6.54308 ], [ 2.37462, 6.54389 ], [ 2.37435, 6.54326 ], [ 2.37489, 6.54299 ], [ 2.37471, 6.54235 ], [ 2.37417, 6.54262 ], [ 2.37408, 6.54316 ], [ 2.37354, 6.54253 ], [ 2.37299, 6.54271 ], [ 2.37272, 6.54235 ], [ 2.37227, 6.5428 ], [ 2.37145, 6.5428 ], [ 2.37145, 6.54407 ], [ 2.372, 6.54416 ], [ 2.37209, 6.54361 ], [ 2.37254, 6.54352 ], [ 2.37489, 6.54443 ] ] ], [ [ [ 2.38845, 6.54915 ], [ 2.39008, 6.54879 ], [ 2.39008, 6.54852 ], [ 2.389, 6.5478 ], [ 2.38755, 6.54771 ], [ 2.38819, 6.54671 ], [ 2.38701, 6.54671 ], [ 2.38701, 6.54589 ], [ 2.38764, 6.54571 ], [ 2.38791, 6.54599 ], [ 2.38846, 6.54553 ], [ 2.38954, 6.54608 ], [ 2.39009, 6.54608 ], [ 2.39036, 6.54554 ], [ 2.39054, 6.5459 ], [ 2.39072, 6.5449 ], [ 2.39036, 6.54445 ], [ 2.39072, 6.544 ], [ 2.39027, 6.54391 ], [ 2.39, 6.54337 ], [ 2.38955, 6.54346 ], [ 2.38955, 6.54436 ], [ 2.38927, 6.54445 ], [ 2.38909, 6.54373 ], [ 2.3871, 6.54318 ], [ 2.3862, 6.54399 ], [ 2.38647, 6.54427 ], [ 2.38692, 6.54409 ], [ 2.38692, 6.54445 ], [ 2.38629, 6.54445 ], [ 2.38638, 6.5449 ], [ 2.38683, 6.54499 ], [ 2.38656, 6.54644 ], [ 2.38592, 6.54653 ], [ 2.38602, 6.5458 ], [ 2.38529, 6.5458 ], [ 2.38511, 6.54716 ], [ 2.38601, 6.54761 ], [ 2.38638, 6.54698 ], [ 2.3861, 6.5468 ], [ 2.38692, 6.54698 ], [ 2.38683, 6.54734 ], [ 2.38764, 6.54852 ], [ 2.38719, 6.54915 ], [ 2.38791, 6.54961 ], [ 2.38845, 6.54915 ] ] ], [ [ [ 2.37651, 6.55077 ], [ 2.37769, 6.5486 ], [ 2.37678, 6.54869 ], [ 2.37624, 6.54941 ], [ 2.37588, 6.54914 ], [ 2.37615, 6.54832 ], [ 2.37525, 6.54805 ], [ 2.3757, 6.54869 ], [ 2.37534, 6.54896 ], [ 2.3747, 6.54832 ], [ 2.37425, 6.54841 ], [ 2.37443, 6.54778 ], [ 2.37362, 6.54724 ], [ 2.37362, 6.54823 ], [ 2.37452, 6.54868 ], [ 2.37534, 6.54995 ], [ 2.37624, 6.55059 ], [ 2.37642, 6.55041 ], [ 2.37651, 6.55077 ] ] ], [ [ [ 2.38591, 6.55485 ], [ 2.38465, 6.55494 ], [ 2.38501, 6.5544 ], [ 2.38465, 6.55394 ], [ 2.38465, 6.55286 ], [ 2.3842, 6.55259 ], [ 2.38411, 6.55295 ], [ 2.38411, 6.55241 ], [ 2.38311, 6.55268 ], [ 2.38302, 6.55313 ], [ 2.38375, 6.55286 ], [ 2.38402, 6.55313 ], [ 2.38411, 6.55431 ], [ 2.38329, 6.55476 ], [ 2.38374, 6.55539 ], [ 2.38438, 6.55485 ], [ 2.38591, 6.55557 ], [ 2.38591, 6.55485 ] ] ], [ [ [ 2.38753, 6.56734 ], [ 2.38689, 6.56652 ], [ 2.3878, 6.56652 ], [ 2.38789, 6.56616 ], [ 2.38681, 6.56571 ], [ 2.38626, 6.56625 ], [ 2.3859, 6.56562 ], [ 2.38563, 6.56571 ], [ 2.38572, 6.56507 ], [ 2.38545, 6.56489 ], [ 2.38509, 6.56552 ], [ 2.38518, 6.56625 ], [ 2.38617, 6.56634 ], [ 2.38608, 6.56679 ], [ 2.38707, 6.56779 ], [ 2.38753, 6.56734 ] ] ], [ [ [ 2.38542, 6.59176 ], [ 2.38578, 6.59221 ], [ 2.38587, 6.59149 ], [ 2.38659, 6.59149 ], [ 2.38677, 6.59113 ], [ 2.38596, 6.59131 ], [ 2.38551, 6.59013 ], [ 2.38524, 6.59086 ], [ 2.38406, 6.59085 ], [ 2.3846, 6.59131 ], [ 2.38388, 6.5914 ], [ 2.38388, 6.59167 ], [ 2.38451, 6.59176 ], [ 2.38442, 6.59221 ], [ 2.38469, 6.59167 ], [ 2.38542, 6.59176 ] ] ], [ [ [ 2.38441, 6.59692 ], [ 2.38496, 6.59637 ], [ 2.3855, 6.59647 ], [ 2.38586, 6.59574 ], [ 2.38568, 6.59538 ], [ 2.38532, 6.59592 ], [ 2.38496, 6.59583 ], [ 2.38442, 6.59465 ], [ 2.38369, 6.5952 ], [ 2.38396, 6.59592 ], [ 2.38333, 6.59574 ], [ 2.38306, 6.59619 ], [ 2.38197, 6.59628 ], [ 2.38161, 6.59664 ], [ 2.38215, 6.59709 ], [ 2.38441, 6.59692 ] ] ], [ [ [ 2.37752, 6.60957 ], [ 2.37761, 6.60867 ], [ 2.37707, 6.60804 ], [ 2.37581, 6.60758 ], [ 2.37599, 6.60677 ], [ 2.37472, 6.60695 ], [ 2.37499, 6.60731 ], [ 2.37572, 6.60713 ], [ 2.37581, 6.60785 ], [ 2.37662, 6.6084 ], [ 2.37662, 6.60903 ], [ 2.37734, 6.60894 ], [ 2.37734, 6.60939 ], [ 2.37689, 6.60939 ], [ 2.3768, 6.60975 ], [ 2.37752, 6.60957 ] ] ], [ [ [ 2.37417, 6.61029 ], [ 2.37472, 6.61048 ], [ 2.37562, 6.60966 ], [ 2.37562, 6.60921 ], [ 2.37472, 6.60921 ], [ 2.37409, 6.60866 ], [ 2.37409, 6.60803 ], [ 2.37309, 6.60785 ], [ 2.37246, 6.60703 ], [ 2.37165, 6.60712 ], [ 2.37164, 6.60794 ], [ 2.37264, 6.60785 ], [ 2.37291, 6.60893 ], [ 2.37345, 6.60848 ], [ 2.37391, 6.60866 ], [ 2.37436, 6.60948 ], [ 2.3739, 6.60984 ], [ 2.37381, 6.61065 ], [ 2.37417, 6.61029 ] ] ], [ [ [ 2.37951, 6.61202 ], [ 2.38014, 6.61148 ], [ 2.38051, 6.60813 ], [ 2.37997, 6.6084 ], [ 2.37997, 6.60931 ], [ 2.37942, 6.60921 ], [ 2.37942, 6.60967 ], [ 2.37924, 6.60949 ], [ 2.3787, 6.61021 ], [ 2.37861, 6.61066 ], [ 2.37906, 6.61111 ], [ 2.37861, 6.6112 ], [ 2.37852, 6.61202 ], [ 2.37897, 6.61238 ], [ 2.37915, 6.61193 ], [ 2.37951, 6.61202 ] ] ], [ [ [ 2.391, 6.6142 ], [ 2.39109, 6.61339 ], [ 2.39145, 6.61384 ], [ 2.3919, 6.6133 ], [ 2.39182, 6.61158 ], [ 2.39163, 6.61185 ], [ 2.39082, 6.6114 ], [ 2.39046, 6.61068 ], [ 2.39001, 6.61067 ], [ 2.38992, 6.61022 ], [ 2.39046, 6.60995 ], [ 2.39046, 6.60932 ], [ 2.3901, 6.60923 ], [ 2.38983, 6.60995 ], [ 2.3891, 6.60968 ], [ 2.38929, 6.60796 ], [ 2.39019, 6.60832 ], [ 2.39055, 6.60769 ], [ 2.39101, 6.60814 ], [ 2.3911, 6.6076 ], [ 2.39046, 6.60697 ], [ 2.39056, 6.60624 ], [ 2.39028, 6.60615 ], [ 2.38974, 6.60624 ], [ 2.38965, 6.60669 ], [ 2.38911, 6.60696 ], [ 2.3892, 6.60724 ], [ 2.38992, 6.60678 ], [ 2.38992, 6.60724 ], [ 2.38874, 6.60778 ], [ 2.3882, 6.6076 ], [ 2.38775, 6.60805 ], [ 2.38721, 6.60796 ], [ 2.38702, 6.60904 ], [ 2.38784, 6.60868 ], [ 2.38784, 6.60977 ], [ 2.38847, 6.60959 ], [ 2.38856, 6.6104 ], [ 2.38892, 6.61031 ], [ 2.38874, 6.61085 ], [ 2.3891, 6.61076 ], [ 2.38973, 6.61167 ], [ 2.39055, 6.61149 ], [ 2.39118, 6.61267 ], [ 2.391, 6.61312 ], [ 2.39046, 6.61294 ], [ 2.39037, 6.6133 ], [ 2.39055, 6.61402 ], [ 2.39091, 6.61411 ], [ 2.39073, 6.61448 ], [ 2.391, 6.6142 ] ] ], [ [ [ 2.38014, 6.61464 ], [ 2.38023, 6.61356 ], [ 2.38114, 6.61329 ], [ 2.38069, 6.61283 ], [ 2.38114, 6.61247 ], [ 2.38087, 6.61193 ], [ 2.38042, 6.61193 ], [ 2.38032, 6.61283 ], [ 2.37951, 6.61347 ], [ 2.37987, 6.61464 ], [ 2.38014, 6.61464 ] ] ], [ [ [ 2.37561, 6.6178 ], [ 2.37525, 6.61744 ], [ 2.37525, 6.61672 ], [ 2.37561, 6.61636 ], [ 2.37643, 6.61672 ], [ 2.37625, 6.61708 ], [ 2.37679, 6.61753 ], [ 2.3776, 6.61744 ], [ 2.3776, 6.6169 ], [ 2.37778, 6.61726 ], [ 2.37833, 6.61654 ], [ 2.37842, 6.61582 ], [ 2.37797, 6.61555 ], [ 2.37788, 6.61645 ], [ 2.37733, 6.61699 ], [ 2.37724, 6.61654 ], [ 2.37661, 6.61654 ], [ 2.37634, 6.61581 ], [ 2.37589, 6.61581 ], [ 2.3758, 6.61618 ], [ 2.37543, 6.61581 ], [ 2.37598, 6.61509 ], [ 2.37643, 6.61527 ], [ 2.37643, 6.61563 ], [ 2.37679, 6.61527 ], [ 2.37679, 6.61464 ], [ 2.37607, 6.61473 ], [ 2.37643, 6.61401 ], [ 2.37598, 6.61391 ], [ 2.37616, 6.6131 ], [ 2.37625, 6.61346 ], [ 2.37652, 6.6131 ], [ 2.37652, 6.61229 ], [ 2.3768, 6.61229 ], [ 2.37706, 6.6141 ], [ 2.37743, 6.6141 ], [ 2.37761, 6.61365 ], [ 2.37779, 6.61401 ], [ 2.37824, 6.61383 ], [ 2.37788, 6.61518 ], [ 2.37851, 6.61509 ], [ 2.3786, 6.61374 ], [ 2.37815, 6.61374 ], [ 2.37779, 6.61283 ], [ 2.37779, 6.61247 ], [ 2.37824, 6.61238 ], [ 2.37807, 6.60967 ], [ 2.37788, 6.6103 ], [ 2.37752, 6.61039 ], [ 2.37779, 6.61184 ], [ 2.37707, 6.61165 ], [ 2.37725, 6.61111 ], [ 2.37698, 6.61147 ], [ 2.37662, 6.6112 ], [ 2.37653, 6.61039 ], [ 2.37571, 6.61084 ], [ 2.37589, 6.61174 ], [ 2.37481, 6.61256 ], [ 2.37544, 6.61337 ], [ 2.37535, 6.61391 ], [ 2.37444, 6.61382 ], [ 2.37435, 6.61346 ], [ 2.37399, 6.61346 ], [ 2.37399, 6.61391 ], [ 2.37327, 6.61391 ], [ 2.37317, 6.61418 ], [ 2.37363, 6.61436 ], [ 2.37299, 6.61472 ], [ 2.37299, 6.61554 ], [ 2.37182, 6.61599 ], [ 2.3719, 6.6168 ], [ 2.37145, 6.61708 ], [ 2.37245, 6.6178 ], [ 2.37263, 6.61708 ], [ 2.37417, 6.61708 ], [ 2.37516, 6.61808 ], [ 2.37561, 6.6178 ] ] ], [ [ [ 2.3843, 6.61519 ], [ 2.38367, 6.61474 ], [ 2.38394, 6.61401 ], [ 2.38304, 6.61429 ], [ 2.38267, 6.61401 ], [ 2.38313, 6.61338 ], [ 2.38367, 6.61392 ], [ 2.38367, 6.61329 ], [ 2.38268, 6.61266 ], [ 2.38268, 6.6132 ], [ 2.38213, 6.61365 ], [ 2.38322, 6.61465 ], [ 2.38313, 6.61528 ], [ 2.38421, 6.61592 ], [ 2.3843, 6.61519 ] ] ], [ [ [ 2.3776, 6.62079 ], [ 2.37914, 6.61998 ], [ 2.3786, 6.61962 ], [ 2.3786, 6.61917 ], [ 2.37977, 6.61953 ], [ 2.38041, 6.61899 ], [ 2.38023, 6.61808 ], [ 2.37968, 6.61808 ], [ 2.3786, 6.61681 ], [ 2.37797, 6.61717 ], [ 2.37769, 6.61808 ], [ 2.37815, 6.61826 ], [ 2.37824, 6.6179 ], [ 2.37824, 6.61844 ], [ 2.37724, 6.61998 ], [ 2.37769, 6.62025 ], [ 2.3776, 6.62079 ] ] ], [ [ [ 2.37434, 6.61997 ], [ 2.37462, 6.61952 ], [ 2.37525, 6.6197 ], [ 2.37561, 6.61943 ], [ 2.37597, 6.62007 ], [ 2.37633, 6.62007 ], [ 2.37624, 6.61943 ], [ 2.3767, 6.61898 ], [ 2.37597, 6.61871 ], [ 2.3757, 6.61808 ], [ 2.3757, 6.61898 ], [ 2.37434, 6.61943 ], [ 2.37416, 6.61889 ], [ 2.37407, 6.61997 ], [ 2.37362, 6.61997 ], [ 2.37362, 6.62033 ], [ 2.37434, 6.61997 ] ] ], [ [ [ 2.37244, 6.6254 ], [ 2.37379, 6.62513 ], [ 2.37398, 6.62404 ], [ 2.37425, 6.62423 ], [ 2.3747, 6.62305 ], [ 2.37506, 6.62296 ], [ 2.37534, 6.62124 ], [ 2.37488, 6.62224 ], [ 2.37452, 6.62224 ], [ 2.3747, 6.6216 ], [ 2.37389, 6.62151 ], [ 2.37371, 6.62233 ], [ 2.37443, 6.62215 ], [ 2.37452, 6.6226 ], [ 2.37425, 6.62287 ], [ 2.37325, 6.62278 ], [ 2.37325, 6.62305 ], [ 2.3738, 6.62287 ], [ 2.3738, 6.62332 ], [ 2.37352, 6.62332 ], [ 2.3738, 6.62386 ], [ 2.37325, 6.62395 ], [ 2.37316, 6.62341 ], [ 2.37244, 6.62404 ], [ 2.37244, 6.6235 ], [ 2.37208, 6.6235 ], [ 2.37235, 6.62449 ], [ 2.37289, 6.62459 ], [ 2.37244, 6.6254 ] ] ], [ [ [ 2.37479, 6.62803 ], [ 2.37488, 6.62676 ], [ 2.3756, 6.62649 ], [ 2.37506, 6.62576 ], [ 2.37515, 6.62531 ], [ 2.37615, 6.62504 ], [ 2.37624, 6.6254 ], [ 2.37678, 6.62531 ], [ 2.37696, 6.62586 ], [ 2.37741, 6.6255 ], [ 2.37741, 6.62468 ], [ 2.37696, 6.62468 ], [ 2.37669, 6.62513 ], [ 2.37669, 6.62459 ], [ 2.37705, 6.62459 ], [ 2.37687, 6.62414 ], [ 2.37624, 6.62405 ], [ 2.37606, 6.62441 ], [ 2.37606, 6.62405 ], [ 2.37551, 6.62405 ], [ 2.37561, 6.6235 ], [ 2.37524, 6.6235 ], [ 2.37533, 6.62396 ], [ 2.37388, 6.62531 ], [ 2.37434, 6.62604 ], [ 2.37379, 6.62594 ], [ 2.37343, 6.62667 ], [ 2.37289, 6.62685 ], [ 2.3737, 6.62721 ], [ 2.37361, 6.62766 ], [ 2.37433, 6.62821 ], [ 2.37479, 6.62803 ] ] ], [ [ [ 2.37161, 6.63644 ], [ 2.37143, 6.63589 ], [ 2.3717, 6.6358 ], [ 2.37143, 6.63571 ], [ 2.37242, 6.63571 ], [ 2.3727, 6.63508 ], [ 2.37233, 6.6349 ], [ 2.37197, 6.63544 ], [ 2.37125, 6.63553 ], [ 2.37116, 6.63526 ], [ 2.37098, 6.63544 ], [ 2.37116, 6.63481 ], [ 2.37034, 6.63444 ], [ 2.37007, 6.63652 ], [ 2.37089, 6.63598 ], [ 2.37106, 6.63716 ], [ 2.37161, 6.63644 ] ] ], [ [ [ 2.38114, 6.68213 ], [ 2.38142, 6.6806 ], [ 2.38205, 6.68087 ], [ 2.38151, 6.68042 ], [ 2.38178, 6.67978 ], [ 2.38096, 6.67906 ], [ 2.38115, 6.67852 ], [ 2.38169, 6.67843 ], [ 2.38006, 6.67797 ], [ 2.38006, 6.6787 ], [ 2.37925, 6.67869 ], [ 2.37897, 6.67906 ], [ 2.37997, 6.67951 ], [ 2.37861, 6.67987 ], [ 2.37915, 6.67987 ], [ 2.37942, 6.68059 ], [ 2.38015, 6.68023 ], [ 2.37979, 6.6815 ], [ 2.38015, 6.68159 ], [ 2.38015, 6.68105 ], [ 2.3806, 6.68096 ], [ 2.3806, 6.68177 ], [ 2.38015, 6.68222 ], [ 2.38114, 6.68213 ] ] ], [ [ [ 2.37028, 6.68556 ], [ 2.37137, 6.6852 ], [ 2.37137, 6.68493 ], [ 2.37073, 6.68511 ], [ 2.37082, 6.68447 ], [ 2.37046, 6.68465 ], [ 2.37019, 6.68438 ], [ 2.37128, 6.68438 ], [ 2.37155, 6.68411 ], [ 2.37128, 6.68366 ], [ 2.37001, 6.68393 ], [ 2.36956, 6.68547 ], [ 2.37028, 6.68556 ] ] ], [ [ [ 2.3961, 6.51053 ], [ 2.39709, 6.51008 ], [ 2.39709, 6.50972 ], [ 2.39682, 6.50936 ], [ 2.39655, 6.5099 ], [ 2.39601, 6.50972 ], [ 2.39655, 6.50927 ], [ 2.39628, 6.50845 ], [ 2.39483, 6.5089 ], [ 2.39583, 6.50981 ], [ 2.3961, 6.51053 ] ] ], [ [ [ 2.39021, 6.51405 ], [ 2.39175, 6.51442 ], [ 2.39148, 6.51396 ], [ 2.39085, 6.51414 ], [ 2.39058, 6.5136 ], [ 2.39003, 6.51369 ], [ 2.39094, 6.51234 ], [ 2.39022, 6.51261 ], [ 2.38904, 6.51197 ], [ 2.38832, 6.51233 ], [ 2.38859, 6.51242 ], [ 2.38859, 6.51342 ], [ 2.38814, 6.5136 ], [ 2.3885, 6.51396 ], [ 2.38904, 6.51396 ], [ 2.38868, 6.51333 ], [ 2.38913, 6.51315 ], [ 2.38958, 6.51369 ], [ 2.38949, 6.51423 ], [ 2.39012, 6.51451 ], [ 2.39021, 6.51405 ] ] ], [ [ [ 2.39646, 6.51442 ], [ 2.39618, 6.51415 ], [ 2.39646, 6.51361 ], [ 2.39591, 6.51316 ], [ 2.39492, 6.51306 ], [ 2.39555, 6.51279 ], [ 2.39591, 6.51307 ], [ 2.39555, 6.51243 ], [ 2.39447, 6.51261 ], [ 2.39465, 6.51243 ], [ 2.39365, 6.51234 ], [ 2.39329, 6.51252 ], [ 2.39338, 6.51306 ], [ 2.39284, 6.51324 ], [ 2.39302, 6.51351 ], [ 2.3951, 6.51325 ], [ 2.39546, 6.51379 ], [ 2.39609, 6.51388 ], [ 2.39582, 6.51424 ], [ 2.396, 6.51469 ], [ 2.39646, 6.51442 ] ] ], [ [ [ 2.39084, 6.52392 ], [ 2.39156, 6.52319 ], [ 2.39147, 6.52265 ], [ 2.39219, 6.52238 ], [ 2.39265, 6.52274 ], [ 2.39256, 6.52193 ], [ 2.39319, 6.52184 ], [ 2.39355, 6.52229 ], [ 2.39355, 6.52175 ], [ 2.39401, 6.52157 ], [ 2.39365, 6.52003 ], [ 2.39455, 6.51976 ], [ 2.39482, 6.51931 ], [ 2.39392, 6.51876 ], [ 2.3941, 6.51831 ], [ 2.39283, 6.51813 ], [ 2.39301, 6.51939 ], [ 2.39319, 6.51894 ], [ 2.39356, 6.51903 ], [ 2.39356, 6.5194 ], [ 2.39301, 6.51949 ], [ 2.39301, 6.52066 ], [ 2.39256, 6.52048 ], [ 2.39256, 6.51967 ], [ 2.3922, 6.52048 ], [ 2.39147, 6.52021 ], [ 2.39138, 6.52102 ], [ 2.39283, 6.52111 ], [ 2.39328, 6.52066 ], [ 2.39328, 6.52166 ], [ 2.39174, 6.52193 ], [ 2.38975, 6.524 ], [ 2.39084, 6.52392 ] ] ], [ [ [ 2.3959, 6.52745 ], [ 2.3959, 6.52709 ], [ 2.39635, 6.527 ], [ 2.39635, 6.52627 ], [ 2.3968, 6.52646 ], [ 2.39708, 6.52582 ], [ 2.39617, 6.52474 ], [ 2.39572, 6.52483 ], [ 2.39617, 6.52519 ], [ 2.3959, 6.52582 ], [ 2.39536, 6.52582 ], [ 2.39572, 6.52627 ], [ 2.39535, 6.52745 ], [ 2.3959, 6.52745 ] ] ], [ [ [ 2.38884, 6.53025 ], [ 2.38938, 6.53016 ], [ 2.3892, 6.5307 ], [ 2.38956, 6.5307 ], [ 2.38992, 6.53007 ], [ 2.38938, 6.52943 ], [ 2.38983, 6.52943 ], [ 2.39011, 6.52989 ], [ 2.39092, 6.52943 ], [ 2.39101, 6.5298 ], [ 2.39137, 6.52871 ], [ 2.3902, 6.52934 ], [ 2.38875, 6.52907 ], [ 2.38902, 6.52979 ], [ 2.38866, 6.52997 ], [ 2.38812, 6.52952 ], [ 2.38784, 6.5297 ], [ 2.38784, 6.53024 ], [ 2.38839, 6.53015 ], [ 2.3882, 6.53061 ], [ 2.38875, 6.5307 ], [ 2.38884, 6.53025 ] ] ], [ [ [ 2.3949, 6.5327 ], [ 2.39634, 6.53261 ], [ 2.39634, 6.53206 ], [ 2.39743, 6.53216 ], [ 2.39761, 6.53188 ], [ 2.39743, 6.53161 ], [ 2.3968, 6.5317 ], [ 2.3968, 6.53197 ], [ 2.39625, 6.53152 ], [ 2.3958, 6.5317 ], [ 2.39544, 6.53107 ], [ 2.3949, 6.53152 ], [ 2.39463, 6.53089 ], [ 2.39427, 6.53089 ], [ 2.39463, 6.53179 ], [ 2.39607, 6.53197 ], [ 2.3949, 6.5327 ] ] ], [ [ [ 2.39299, 6.53586 ], [ 2.39299, 6.53514 ], [ 2.39363, 6.53523 ], [ 2.39345, 6.53477 ], [ 2.39381, 6.53441 ], [ 2.39354, 6.53441 ], [ 2.39345, 6.53369 ], [ 2.39381, 6.53342 ], [ 2.39345, 6.53333 ], [ 2.39354, 6.5326 ], [ 2.39318, 6.53269 ], [ 2.39327, 6.53324 ], [ 2.39318, 6.53297 ], [ 2.39291, 6.53333 ], [ 2.39254, 6.53315 ], [ 2.39273, 6.53278 ], [ 2.39245, 6.53287 ], [ 2.39236, 6.53224 ], [ 2.39282, 6.53224 ], [ 2.39291, 6.53161 ], [ 2.39237, 6.5307 ], [ 2.39209, 6.53134 ], [ 2.39227, 6.53233 ], [ 2.39173, 6.53314 ], [ 2.39309, 6.53405 ], [ 2.39245, 6.53595 ], [ 2.39299, 6.53586 ] ] ], [ [ [ 2.39035, 6.55431 ], [ 2.3908, 6.55368 ], [ 2.39288, 6.55368 ], [ 2.39288, 6.55296 ], [ 2.39198, 6.55296 ], [ 2.39189, 6.5535 ], [ 2.39134, 6.55359 ], [ 2.39062, 6.55314 ], [ 2.38944, 6.55386 ], [ 2.39035, 6.55431 ] ] ], [ [ [ 2.39125, 6.55748 ], [ 2.3908, 6.5563 ], [ 2.39125, 6.55621 ], [ 2.39143, 6.55658 ], [ 2.39233, 6.55631 ], [ 2.39224, 6.55603 ], [ 2.39116, 6.55612 ], [ 2.39188, 6.55513 ], [ 2.39071, 6.55522 ], [ 2.39044, 6.55458 ], [ 2.38953, 6.55476 ], [ 2.38953, 6.55513 ], [ 2.39016, 6.55549 ], [ 2.39016, 6.55612 ], [ 2.38953, 6.5563 ], [ 2.38953, 6.55703 ], [ 2.39016, 6.55666 ], [ 2.39043, 6.55685 ], [ 2.39034, 6.55757 ], [ 2.39125, 6.55748 ] ] ], [ [ [ 2.39857, 6.56075 ], [ 2.40002, 6.56011 ], [ 2.39948, 6.55993 ], [ 2.39948, 6.55903 ], [ 2.40029, 6.55948 ], [ 2.40056, 6.55885 ], [ 2.40038, 6.55849 ], [ 2.39984, 6.55867 ], [ 2.39993, 6.55749 ], [ 2.39912, 6.55803 ], [ 2.39921, 6.55849 ], [ 2.39812, 6.55839 ], [ 2.39803, 6.55885 ], [ 2.39758, 6.55894 ], [ 2.39776, 6.55939 ], [ 2.39821, 6.55939 ], [ 2.39857, 6.56075 ] ] ], [ [ [ 2.39423, 6.56345 ], [ 2.39387, 6.56192 ], [ 2.39314, 6.56173 ], [ 2.39314, 6.56146 ], [ 2.39242, 6.56173 ], [ 2.39233, 6.56246 ], [ 2.39405, 6.56282 ], [ 2.39405, 6.56327 ], [ 2.39305, 6.56309 ], [ 2.3935, 6.56373 ], [ 2.39423, 6.56345 ] ] ], [ [ [ 2.39531, 6.56689 ], [ 2.39658, 6.56572 ], [ 2.39567, 6.56572 ], [ 2.39576, 6.56472 ], [ 2.39495, 6.56508 ], [ 2.3945, 6.56463 ], [ 2.39377, 6.56508 ], [ 2.39395, 6.56554 ], [ 2.39431, 6.56554 ], [ 2.3945, 6.56499 ], [ 2.39459, 6.56554 ], [ 2.39549, 6.5659 ], [ 2.39531, 6.56689 ] ] ], [ [ [ 2.38843, 6.56897 ], [ 2.38979, 6.56879 ], [ 2.38924, 6.56861 ], [ 2.38997, 6.56861 ], [ 2.38997, 6.56897 ], [ 2.39033, 6.56897 ], [ 2.39015, 6.56843 ], [ 2.39096, 6.56797 ], [ 2.39133, 6.56807 ], [ 2.39142, 6.56879 ], [ 2.39151, 6.56843 ], [ 2.39214, 6.56825 ], [ 2.39232, 6.56734 ], [ 2.39169, 6.56716 ], [ 2.39133, 6.56761 ], [ 2.39042, 6.56752 ], [ 2.39042, 6.56716 ], [ 2.38961, 6.56662 ], [ 2.38997, 6.56607 ], [ 2.38907, 6.56535 ], [ 2.3888, 6.56562 ], [ 2.38898, 6.56625 ], [ 2.38834, 6.56643 ], [ 2.38834, 6.56689 ], [ 2.38952, 6.56716 ], [ 2.39006, 6.56779 ], [ 2.38924, 6.56824 ], [ 2.38897, 6.56797 ], [ 2.38897, 6.56842 ], [ 2.3887, 6.56779 ], [ 2.3887, 6.56833 ], [ 2.38834, 6.56824 ], [ 2.38816, 6.5686 ], [ 2.38843, 6.56897 ] ] ], [ [ [ 2.39114, 6.57196 ], [ 2.39268, 6.57096 ], [ 2.39268, 6.57024 ], [ 2.39159, 6.57042 ], [ 2.39196, 6.57105 ], [ 2.39123, 6.57087 ], [ 2.39123, 6.57024 ], [ 2.39069, 6.57024 ], [ 2.39087, 6.57069 ], [ 2.39024, 6.57132 ], [ 2.39132, 6.57168 ], [ 2.39114, 6.57196 ] ] ], [ [ [ 2.39219, 6.59711 ], [ 2.39192, 6.59674 ], [ 2.39238, 6.59656 ], [ 2.39229, 6.59602 ], [ 2.39274, 6.59593 ], [ 2.39247, 6.59557 ], [ 2.39274, 6.59548 ], [ 2.39247, 6.59503 ], [ 2.39265, 6.59439 ], [ 2.3922, 6.59448 ], [ 2.39229, 6.5953 ], [ 2.39129, 6.59575 ], [ 2.39211, 6.59602 ], [ 2.3922, 6.59647 ], [ 2.39165, 6.5962 ], [ 2.39129, 6.59656 ], [ 2.39102, 6.59629 ], [ 2.39066, 6.59647 ], [ 2.39102, 6.59711 ], [ 2.39183, 6.59729 ], [ 2.39165, 6.59756 ], [ 2.39219, 6.59711 ] ] ], [ [ [ 2.39273, 6.60652 ], [ 2.39499, 6.60652 ], [ 2.39445, 6.60561 ], [ 2.39499, 6.6058 ], [ 2.39517, 6.60552 ], [ 2.39445, 6.60543 ], [ 2.39436, 6.60462 ], [ 2.394, 6.60462 ], [ 2.39427, 6.60543 ], [ 2.39381, 6.60552 ], [ 2.39318, 6.60453 ], [ 2.39273, 6.60652 ] ] ], [ [ [ 2.40448, 6.6097 ], [ 2.40521, 6.60861 ], [ 2.40539, 6.60916 ], [ 2.40548, 6.60888 ], [ 2.40575, 6.60916 ], [ 2.40611, 6.60861 ], [ 2.40602, 6.60825 ], [ 2.40521, 6.60816 ], [ 2.40557, 6.60753 ], [ 2.40512, 6.60744 ], [ 2.40449, 6.60789 ], [ 2.40512, 6.60807 ], [ 2.40503, 6.60852 ], [ 2.40385, 6.60897 ], [ 2.40448, 6.6097 ] ] ], [ [ [ 2.40412, 6.61531 ], [ 2.40357, 6.61431 ], [ 2.40484, 6.61458 ], [ 2.40475, 6.61413 ], [ 2.4043, 6.61422 ], [ 2.4043, 6.61323 ], [ 2.40312, 6.61404 ], [ 2.40339, 6.61485 ], [ 2.40294, 6.61512 ], [ 2.40348, 6.61521 ], [ 2.40366, 6.61585 ], [ 2.40412, 6.61531 ] ] ], [ [ [ 2.40583, 6.61947 ], [ 2.4071, 6.61839 ], [ 2.40755, 6.61893 ], [ 2.40864, 6.61857 ], [ 2.40755, 6.61748 ], [ 2.40701, 6.61757 ], [ 2.40674, 6.61676 ], [ 2.40619, 6.61766 ], [ 2.40456, 6.61847 ], [ 2.40511, 6.6192 ], [ 2.40511, 6.61847 ], [ 2.40601, 6.61875 ], [ 2.40583, 6.61947 ] ] ], [ [ [ 2.39922, 6.62552 ], [ 2.39931, 6.62607 ], [ 2.40003, 6.62607 ], [ 2.39994, 6.62534 ], [ 2.39949, 6.62516 ], [ 2.3994, 6.62543 ], [ 2.3994, 6.62507 ], [ 2.39858, 6.62489 ], [ 2.39831, 6.62407 ], [ 2.39813, 6.62453 ], [ 2.39867, 6.62543 ], [ 2.39831, 6.62606 ], [ 2.39904, 6.62616 ], [ 2.39922, 6.62552 ] ] ], [ [ [ 2.39089, 6.62868 ], [ 2.39107, 6.62832 ], [ 2.39071, 6.62823 ], [ 2.39071, 6.62787 ], [ 2.39143, 6.62805 ], [ 2.39143, 6.62678 ], [ 2.39207, 6.62714 ], [ 2.3918, 6.62651 ], [ 2.39116, 6.62651 ], [ 2.39089, 6.6275 ], [ 2.3899, 6.62732 ], [ 2.38935, 6.62768 ], [ 2.38944, 6.62804 ], [ 2.38999, 6.62777 ], [ 2.38962, 6.62814 ], [ 2.38971, 6.62877 ], [ 2.39089, 6.62868 ] ] ], [ [ [ 2.40518, 6.63458 ], [ 2.40626, 6.63404 ], [ 2.40626, 6.63376 ], [ 2.40572, 6.63394 ], [ 2.40599, 6.63349 ], [ 2.40581, 6.63241 ], [ 2.40554, 6.6325 ], [ 2.40572, 6.63304 ], [ 2.40527, 6.63331 ], [ 2.40464, 6.63286 ], [ 2.40446, 6.63322 ], [ 2.40373, 6.63331 ], [ 2.40391, 6.63358 ], [ 2.40455, 6.6334 ], [ 2.40518, 6.63458 ] ] ], [ [ [ 2.41132, 6.64083 ], [ 2.41078, 6.63947 ], [ 2.41132, 6.63956 ], [ 2.41151, 6.63911 ], [ 2.41069, 6.63902 ], [ 2.41069, 6.63829 ], [ 2.40916, 6.63784 ], [ 2.40843, 6.63901 ], [ 2.40843, 6.6401 ], [ 2.40879, 6.64019 ], [ 2.40952, 6.63929 ], [ 2.4106, 6.63938 ], [ 2.4106, 6.63974 ], [ 2.4097, 6.63974 ], [ 2.40979, 6.6401 ], [ 2.41096, 6.64019 ], [ 2.41042, 6.64092 ], [ 2.41132, 6.64083 ] ] ], [ [ [ 2.40073, 6.64624 ], [ 2.40191, 6.64588 ], [ 2.40155, 6.64498 ], [ 2.40055, 6.64425 ], [ 2.40082, 6.64389 ], [ 2.40055, 6.64326 ], [ 2.40028, 6.64335 ], [ 2.40037, 6.64398 ], [ 2.39938, 6.64425 ], [ 2.39874, 6.64488 ], [ 2.39883, 6.64561 ], [ 2.39964, 6.64615 ], [ 2.40028, 6.64588 ], [ 2.40073, 6.64624 ] ] ], [ [ [ 2.4039, 6.64706 ], [ 2.40453, 6.64706 ], [ 2.40435, 6.6467 ], [ 2.40471, 6.64652 ], [ 2.40571, 6.64688 ], [ 2.40598, 6.64589 ], [ 2.40444, 6.6457 ], [ 2.40453, 6.64625 ], [ 2.40254, 6.64597 ], [ 2.40182, 6.64633 ], [ 2.40227, 6.6467 ], [ 2.40281, 6.64643 ], [ 2.40281, 6.64706 ], [ 2.40299, 6.6467 ], [ 2.40344, 6.64688 ], [ 2.40362, 6.64769 ], [ 2.40399, 6.64778 ], [ 2.4039, 6.64706 ] ] ], [ [ [ 2.40154, 6.64977 ], [ 2.40163, 6.64905 ], [ 2.40118, 6.64905 ], [ 2.40118, 6.6486 ], [ 2.40163, 6.6486 ], [ 2.40172, 6.64932 ], [ 2.40217, 6.64959 ], [ 2.40263, 6.64842 ], [ 2.4019, 6.64823 ], [ 2.40145, 6.6476 ], [ 2.40064, 6.6476 ], [ 2.40018, 6.64859 ], [ 2.40082, 6.64878 ], [ 2.40091, 6.64923 ], [ 2.40064, 6.64932 ], [ 2.40109, 6.64977 ], [ 2.40154, 6.64977 ] ] ], [ [ [ 2.40741, 6.65774 ], [ 2.40787, 6.65647 ], [ 2.40714, 6.65684 ], [ 2.40714, 6.65629 ], [ 2.40678, 6.6562 ], [ 2.40587, 6.65711 ], [ 2.4066, 6.65738 ], [ 2.40651, 6.65783 ], [ 2.40741, 6.65774 ] ] ], [ [ [ 2.4065, 6.66353 ], [ 2.40741, 6.66281 ], [ 2.40732, 6.66127 ], [ 2.40668, 6.66072 ], [ 2.40714, 6.66 ], [ 2.40641, 6.66036 ], [ 2.40642, 6.65919 ], [ 2.40569, 6.65882 ], [ 2.40596, 6.66081 ], [ 2.40686, 6.66217 ], [ 2.4056, 6.66217 ], [ 2.40551, 6.66244 ], [ 2.40569, 6.66271 ], [ 2.40605, 6.66244 ], [ 2.40686, 6.66263 ], [ 2.4065, 6.66299 ], [ 2.4065, 6.66353 ] ] ], [ [ [ 2.40378, 6.66914 ], [ 2.40441, 6.66868 ], [ 2.40487, 6.66877 ], [ 2.40487, 6.66832 ], [ 2.40568, 6.66805 ], [ 2.40595, 6.66742 ], [ 2.40496, 6.66715 ], [ 2.40469, 6.66778 ], [ 2.40414, 6.66733 ], [ 2.40469, 6.6666 ], [ 2.40369, 6.66651 ], [ 2.4045, 6.66841 ], [ 2.40396, 6.66805 ], [ 2.40315, 6.66823 ], [ 2.40333, 6.66923 ], [ 2.40324, 6.6695 ], [ 2.40269, 6.66941 ], [ 2.40269, 6.66977 ], [ 2.40333, 6.66959 ], [ 2.40333, 6.66986 ], [ 2.4036, 6.66986 ], [ 2.40378, 6.66914 ] ] ], [ [ [ 2.39835, 6.66958 ], [ 2.39962, 6.6694 ], [ 2.39998, 6.66877 ], [ 2.40161, 6.66859 ], [ 2.40143, 6.66787 ], [ 2.40016, 6.66759 ], [ 2.39953, 6.66804 ], [ 2.39935, 6.66913 ], [ 2.39817, 6.66895 ], [ 2.39826, 6.66949 ], [ 2.3979, 6.66958 ], [ 2.39835, 6.66958 ] ] ], [ [ [ 2.40921, 6.67041 ], [ 2.40903, 6.66923 ], [ 2.40767, 6.66887 ], [ 2.40812, 6.66842 ], [ 2.40749, 6.66869 ], [ 2.40649, 6.66841 ], [ 2.4064, 6.66986 ], [ 2.40821, 6.67023 ], [ 2.4083, 6.67068 ], [ 2.40921, 6.67041 ] ] ], [ [ [ 2.39391, 6.67347 ], [ 2.39455, 6.67265 ], [ 2.39518, 6.67247 ], [ 2.39545, 6.67148 ], [ 2.39618, 6.6713 ], [ 2.39609, 6.67094 ], [ 2.39509, 6.67111 ], [ 2.39572, 6.67066 ], [ 2.39609, 6.66976 ], [ 2.39545, 6.66958 ], [ 2.39509, 6.66967 ], [ 2.39527, 6.67003 ], [ 2.39491, 6.67003 ], [ 2.39446, 6.66958 ], [ 2.39437, 6.67003 ], [ 2.39373, 6.67003 ], [ 2.39373, 6.67066 ], [ 2.39328, 6.67102 ], [ 2.39391, 6.67102 ], [ 2.39401, 6.67048 ], [ 2.39455, 6.6703 ], [ 2.395, 6.67075 ], [ 2.39382, 6.67148 ], [ 2.39319, 6.67129 ], [ 2.39319, 6.67184 ], [ 2.39391, 6.67193 ], [ 2.39337, 6.67265 ], [ 2.39237, 6.67247 ], [ 2.3921, 6.67184 ], [ 2.39165, 6.67174 ], [ 2.39156, 6.67138 ], [ 2.39238, 6.67129 ], [ 2.39229, 6.67048 ], [ 2.39174, 6.6703 ], [ 2.39138, 6.67048 ], [ 2.39165, 6.67129 ], [ 2.39002, 6.6721 ], [ 2.3902, 6.6731 ], [ 2.3902, 6.67265 ], [ 2.39065, 6.67256 ], [ 2.39074, 6.67328 ], [ 2.39391, 6.67347 ] ] ], [ [ [ 2.40423, 6.67339 ], [ 2.40558, 6.67312 ], [ 2.40513, 6.67257 ], [ 2.40549, 6.67212 ], [ 2.40531, 6.67167 ], [ 2.40405, 6.67149 ], [ 2.40396, 6.6723 ], [ 2.4035, 6.67275 ], [ 2.40423, 6.67339 ] ] ], [ [ [ 2.39535, 6.67953 ], [ 2.39653, 6.67908 ], [ 2.3968, 6.67772 ], [ 2.39725, 6.67754 ], [ 2.39717, 6.676 ], [ 2.39689, 6.676 ], [ 2.3968, 6.67682 ], [ 2.39653, 6.67654 ], [ 2.39644, 6.67474 ], [ 2.39572, 6.67492 ], [ 2.39563, 6.67546 ], [ 2.39508, 6.67555 ], [ 2.39481, 6.67609 ], [ 2.39472, 6.6769 ], [ 2.39517, 6.67718 ], [ 2.39517, 6.67808 ], [ 2.39436, 6.67781 ], [ 2.39445, 6.67826 ], [ 2.39517, 6.67853 ], [ 2.39535, 6.67953 ] ] ], [ [ [ 2.39652, 6.68442 ], [ 2.39788, 6.68442 ], [ 2.39806, 6.68378 ], [ 2.39779, 6.68333 ], [ 2.39734, 6.68342 ], [ 2.39734, 6.68405 ], [ 2.39707, 6.68387 ], [ 2.39707, 6.6827 ], [ 2.39788, 6.68252 ], [ 2.39788, 6.68207 ], [ 2.39761, 6.68225 ], [ 2.39752, 6.68197 ], [ 2.39815, 6.6817 ], [ 2.39779, 6.68107 ], [ 2.39824, 6.68107 ], [ 2.39824, 6.6817 ], [ 2.39942, 6.68216 ], [ 2.39987, 6.68207 ], [ 2.39978, 6.68134 ], [ 2.3987, 6.68152 ], [ 2.3987, 6.68089 ], [ 2.39825, 6.68044 ], [ 2.39797, 6.68071 ], [ 2.39716, 6.68053 ], [ 2.39707, 6.68116 ], [ 2.39625, 6.68143 ], [ 2.39661, 6.68252 ], [ 2.39589, 6.68288 ], [ 2.39625, 6.68532 ], [ 2.39661, 6.68496 ], [ 2.39652, 6.68442 ] ] ] ] } },
{ "type": "Feature", "properties": { "classe": 5, "nom": "Très forte", "superficie_ha": 3779.3, "pourcentage": 7.84 }, "geometry": { "type": "MultiPolygon", "coordinates": [ [ [ [ 2.3131, 6.34722 ], [ 2.3131, 6.34677 ], [ 2.3122, 6.34695 ], [ 2.31211, 6.34659 ], [ 2.31274, 6.34641 ], [ 2.31292, 6.34514 ], [ 2.31346, 6.34532 ], [ 2.31374, 6.34496 ], [ 2.30542, 6.34441 ], [ 2.30515, 6.34413 ], [ 2.30261, 6.34413 ], [ 2.29846, 6.34349 ], [ 2.2924, 6.34339 ], [ 2.29276, 6.34575 ], [ 2.29384, 6.34584 ], [ 2.29312, 6.34538 ], [ 2.29348, 6.34538 ], [ 2.2933, 6.3452 ], [ 2.2943, 6.34385 ], [ 2.29475, 6.34539 ], [ 2.29493, 6.34421 ], [ 2.29565, 6.34439 ], [ 2.29529, 6.34493 ], [ 2.29574, 6.34512 ], [ 2.29692, 6.3453 ], [ 2.29737, 6.34494 ], [ 2.29719, 6.34548 ], [ 2.29791, 6.34548 ], [ 2.29782, 6.34584 ], [ 2.29719, 6.34584 ], [ 2.29737, 6.34566 ], [ 2.29692, 6.34548 ], [ 2.29655, 6.34584 ], [ 2.29547, 6.34584 ], [ 2.2971, 6.34611 ], [ 2.29737, 6.34666 ], [ 2.29899, 6.3463 ], [ 2.29755, 6.34476 ], [ 2.29818, 6.3444 ], [ 2.29809, 6.34494 ], [ 2.29891, 6.34548 ], [ 2.29999, 6.34557 ], [ 2.29999, 6.34603 ], [ 2.30044, 6.34512 ], [ 2.30144, 6.34612 ], [ 2.30153, 6.34512 ], [ 2.30162, 6.34567 ], [ 2.30171, 6.34521 ], [ 2.3018, 6.34549 ], [ 2.30198, 6.34531 ], [ 2.30207, 6.34648 ], [ 2.30116, 6.3463 ], [ 2.30198, 6.34721 ], [ 2.30315, 6.34603 ], [ 2.30352, 6.34612 ], [ 2.30342, 6.34657 ], [ 2.30379, 6.34694 ], [ 2.30406, 6.34612 ], [ 2.30487, 6.34612 ], [ 2.30505, 6.34658 ], [ 2.30523, 6.34594 ], [ 2.30587, 6.34549 ], [ 2.30578, 6.34676 ], [ 2.30641, 6.34676 ], [ 2.30704, 6.34604 ], [ 2.30731, 6.34685 ], [ 2.30786, 6.34649 ], [ 2.30831, 6.34685 ], [ 2.3093, 6.34685 ], [ 2.30921, 6.34613 ], [ 2.30967, 6.34577 ], [ 2.31084, 6.34731 ], [ 2.3131, 6.34722 ] ] ], [ [ [ 2.29138, 6.35669 ], [ 2.29111, 6.35615 ], [ 2.29157, 6.35588 ], [ 2.29202, 6.35624 ], [ 2.29356, 6.35606 ], [ 2.29256, 6.3557 ], [ 2.29265, 6.35515 ], [ 2.29392, 6.3557 ], [ 2.29564, 6.35579 ], [ 2.29491, 6.35516 ], [ 2.29555, 6.35516 ], [ 2.29582, 6.3548 ], [ 2.29491, 6.35452 ], [ 2.29491, 6.35425 ], [ 2.29528, 6.3538 ], [ 2.296, 6.35407 ], [ 2.29627, 6.35353 ], [ 2.296, 6.35272 ], [ 2.29672, 6.3529 ], [ 2.29609, 6.35244 ], [ 2.29627, 6.35172 ], [ 2.297, 6.35127 ], [ 2.29772, 6.35136 ], [ 2.29772, 6.35073 ], [ 2.297, 6.35073 ], [ 2.29691, 6.35018 ], [ 2.296, 6.35082 ], [ 2.29555, 6.35 ], [ 2.29483, 6.35081 ], [ 2.29456, 6.35036 ], [ 2.29456, 6.35081 ], [ 2.29401, 6.35099 ], [ 2.29438, 6.35154 ], [ 2.29419, 6.35235 ], [ 2.2941, 6.3519 ], [ 2.29392, 6.35208 ], [ 2.29428, 6.35362 ], [ 2.29365, 6.3538 ], [ 2.29347, 6.35353 ], [ 2.2932, 6.35389 ], [ 2.29365, 6.35389 ], [ 2.29356, 6.35425 ], [ 2.29265, 6.35434 ], [ 2.29139, 6.3556 ], [ 2.29048, 6.35542 ], [ 2.29021, 6.35578 ], [ 2.29039, 6.35696 ], [ 2.29093, 6.35705 ], [ 2.29138, 6.35669 ] ] ], [ [ [ 2.30115, 6.35761 ], [ 2.30223, 6.35743 ], [ 2.30251, 6.35661 ], [ 2.30205, 6.3567 ], [ 2.30169, 6.35616 ], [ 2.30233, 6.35616 ], [ 2.30233, 6.35589 ], [ 2.3016, 6.35598 ], [ 2.30151, 6.35553 ], [ 2.30088, 6.35553 ], [ 2.30034, 6.35625 ], [ 2.29979, 6.35625 ], [ 2.29998, 6.35553 ], [ 2.29952, 6.35525 ], [ 2.29916, 6.35616 ], [ 2.29781, 6.35625 ], [ 2.29798, 6.35742 ], [ 2.2988, 6.3567 ], [ 2.29907, 6.35688 ], [ 2.29916, 6.35652 ], [ 2.30088, 6.3567 ], [ 2.30115, 6.35761 ] ] ], [ [ [ 2.2884, 6.35868 ], [ 2.2893, 6.35859 ], [ 2.28894, 6.35822 ], [ 2.28957, 6.35814 ], [ 2.28967, 6.35759 ], [ 2.29039, 6.35841 ], [ 2.29075, 6.35832 ], [ 2.29093, 6.3575 ], [ 2.28939, 6.3575 ], [ 2.28903, 6.3566 ], [ 2.28831, 6.35669 ], [ 2.28876, 6.35524 ], [ 2.28668, 6.35515 ], [ 2.28641, 6.35551 ], [ 2.28641, 6.35515 ], [ 2.28578, 6.35514 ], [ 2.28578, 6.35623 ], [ 2.28623, 6.35668 ], [ 2.28587, 6.35723 ], [ 2.28641, 6.35732 ], [ 2.2865, 6.35813 ], [ 2.28659, 6.3575 ], [ 2.28668, 6.35822 ], [ 2.28749, 6.35804 ], [ 2.28722, 6.35741 ], [ 2.28795, 6.35723 ], [ 2.28777, 6.35678 ], [ 2.28741, 6.35687 ], [ 2.28786, 6.3565 ], [ 2.28894, 6.35759 ], [ 2.28758, 6.35804 ], [ 2.28813, 6.35804 ], [ 2.2884, 6.35868 ] ] ], [ [ [ 2.28965, 6.367 ], [ 2.2901, 6.367 ], [ 2.28992, 6.36628 ], [ 2.29083, 6.36619 ], [ 2.29083, 6.36556 ], [ 2.28965, 6.3651 ], [ 2.28956, 6.36537 ], [ 2.28884, 6.36537 ], [ 2.28848, 6.36501 ], [ 2.28866, 6.36456 ], [ 2.28776, 6.36392 ], [ 2.28622, 6.36401 ], [ 2.28622, 6.36329 ], [ 2.28586, 6.36302 ], [ 2.28622, 6.36283 ], [ 2.28604, 6.36229 ], [ 2.28658, 6.3622 ], [ 2.28586, 6.36193 ], [ 2.28541, 6.36229 ], [ 2.28505, 6.36193 ], [ 2.28541, 6.36111 ], [ 2.28441, 6.36166 ], [ 2.28459, 6.36247 ], [ 2.28405, 6.36265 ], [ 2.28514, 6.3631 ], [ 2.28523, 6.36428 ], [ 2.28559, 6.36446 ], [ 2.28631, 6.3641 ], [ 2.2864, 6.36437 ], [ 2.28694, 6.36428 ], [ 2.28685, 6.36465 ], [ 2.28812, 6.36483 ], [ 2.28785, 6.36582 ], [ 2.28857, 6.36564 ], [ 2.2892, 6.36591 ], [ 2.28902, 6.3661 ], [ 2.29002, 6.3661 ], [ 2.28947, 6.36619 ], [ 2.28983, 6.36655 ], [ 2.28938, 6.36745 ], [ 2.28965, 6.367 ] ] ], [ [ [ 2.28188, 6.3659 ], [ 2.28179, 6.36491 ], [ 2.28269, 6.36509 ], [ 2.28269, 6.36473 ], [ 2.28197, 6.36455 ], [ 2.28224, 6.36319 ], [ 2.28161, 6.36328 ], [ 2.28143, 6.36364 ], [ 2.28161, 6.36391 ], [ 2.28115, 6.365 ], [ 2.28152, 6.3659 ], [ 2.28188, 6.3659 ] ] ], [ [ [ 2.30538, 6.37209 ], [ 2.30592, 6.37236 ], [ 2.30601, 6.37173 ], [ 2.30719, 6.37137 ], [ 2.30719, 6.3711 ], [ 2.30647, 6.37119 ], [ 2.30638, 6.37001 ], [ 2.30593, 6.36983 ], [ 2.30629, 6.36947 ], [ 2.30593, 6.3691 ], [ 2.30656, 6.36901 ], [ 2.30683, 6.36856 ], [ 2.30737, 6.36911 ], [ 2.30801, 6.36884 ], [ 2.30828, 6.36811 ], [ 2.30765, 6.36838 ], [ 2.30774, 6.36739 ], [ 2.30873, 6.36829 ], [ 2.30873, 6.36884 ], [ 2.309, 6.36838 ], [ 2.30882, 6.36784 ], [ 2.30828, 6.36784 ], [ 2.30819, 6.3673 ], [ 2.30738, 6.36684 ], [ 2.30665, 6.36576 ], [ 2.30747, 6.36594 ], [ 2.30864, 6.36712 ], [ 2.309, 6.36685 ], [ 2.30982, 6.36766 ], [ 2.31072, 6.36739 ], [ 2.31054, 6.36685 ], [ 2.3109, 6.36685 ], [ 2.31126, 6.36757 ], [ 2.31181, 6.36703 ], [ 2.31045, 6.36667 ], [ 2.31036, 6.36603 ], [ 2.31127, 6.3654 ], [ 2.311, 6.36495 ], [ 2.31027, 6.36504 ], [ 2.30991, 6.3645 ], [ 2.30964, 6.36477 ], [ 2.30874, 6.36449 ], [ 2.30783, 6.36504 ], [ 2.30792, 6.3644 ], [ 2.30693, 6.36404 ], [ 2.30638, 6.36467 ], [ 2.30629, 6.36422 ], [ 2.30693, 6.36377 ], [ 2.30702, 6.36313 ], [ 2.30675, 6.36295 ], [ 2.3053, 6.36349 ], [ 2.30521, 6.36223 ], [ 2.30566, 6.36223 ], [ 2.3053, 6.36205 ], [ 2.30603, 6.36205 ], [ 2.30621, 6.36169 ], [ 2.30657, 6.36187 ], [ 2.30675, 6.36151 ], [ 2.30765, 6.36214 ], [ 2.30711, 6.36232 ], [ 2.30729, 6.36277 ], [ 2.3091, 6.36269 ], [ 2.31, 6.3635 ], [ 2.311, 6.36332 ], [ 2.31046, 6.36314 ], [ 2.31145, 6.36314 ], [ 2.31127, 6.36332 ], [ 2.31154, 6.3635 ], [ 2.31172, 6.36323 ], [ 2.31181, 6.3635 ], [ 2.31227, 6.36251 ], [ 2.31163, 6.36269 ], [ 2.31163, 6.36224 ], [ 2.31127, 6.36251 ], [ 2.31109, 6.36205 ], [ 2.3082, 6.36214 ], [ 2.30883, 6.36187 ], [ 2.30856, 6.36169 ], [ 2.3091, 6.36097 ], [ 2.30856, 6.36106 ], [ 2.30829, 6.3606 ], [ 2.30748, 6.36042 ], [ 2.3063, 6.36078 ], [ 2.30594, 6.36123 ], [ 2.30431, 6.36132 ], [ 2.3035, 6.36005 ], [ 2.30295, 6.36042 ], [ 2.30232, 6.36023 ], [ 2.30241, 6.3606 ], [ 2.30169, 6.3605 ], [ 2.30133, 6.36087 ], [ 2.30051, 6.3605 ], [ 2.30133, 6.36041 ], [ 2.30106, 6.35996 ], [ 2.29988, 6.36032 ], [ 2.29861, 6.35978 ], [ 2.29753, 6.36014 ], [ 2.29726, 6.3595 ], [ 2.29681, 6.35968 ], [ 2.29681, 6.35932 ], [ 2.29635, 6.3595 ], [ 2.29662, 6.35986 ], [ 2.29635, 6.36013 ], [ 2.29599, 6.35986 ], [ 2.29554, 6.36004 ], [ 2.29509, 6.35932 ], [ 2.29455, 6.35959 ], [ 2.29482, 6.36004 ], [ 2.29436, 6.35941 ], [ 2.29391, 6.35977 ], [ 2.29355, 6.3595 ], [ 2.29355, 6.35995 ], [ 2.29283, 6.36013 ], [ 2.29292, 6.3604 ], [ 2.29201, 6.36094 ], [ 2.29165, 6.36058 ], [ 2.2921, 6.36067 ], [ 2.2921, 6.36013 ], [ 2.29147, 6.36004 ], [ 2.29147, 6.36067 ], [ 2.29002, 6.36085 ], [ 2.28993, 6.36157 ], [ 2.28966, 6.36157 ], [ 2.28957, 6.36085 ], [ 2.28894, 6.36076 ], [ 2.28948, 6.36139 ], [ 2.28903, 6.36166 ], [ 2.28822, 6.35958 ], [ 2.28713, 6.35958 ], [ 2.28695, 6.35867 ], [ 2.28641, 6.35858 ], [ 2.28614, 6.35949 ], [ 2.28632, 6.35994 ], [ 2.28668, 6.35985 ], [ 2.28668, 6.3603 ], [ 2.28613, 6.36066 ], [ 2.28631, 6.36112 ], [ 2.28686, 6.36139 ], [ 2.28704, 6.36085 ], [ 2.28749, 6.36112 ], [ 2.28767, 6.36157 ], [ 2.28731, 6.36202 ], [ 2.28821, 6.3622 ], [ 2.28839, 6.36284 ], [ 2.28903, 6.36275 ], [ 2.28921, 6.36221 ], [ 2.28957, 6.36239 ], [ 2.28948, 6.36338 ], [ 2.2893, 6.36311 ], [ 2.2893, 6.36356 ], [ 2.28893, 6.36329 ], [ 2.28857, 6.36374 ], [ 2.28966, 6.36393 ], [ 2.28984, 6.36257 ], [ 2.29029, 6.36239 ], [ 2.29129, 6.36266 ], [ 2.29101, 6.36293 ], [ 2.29147, 6.36302 ], [ 2.29174, 6.3623 ], [ 2.29102, 6.36203 ], [ 2.29237, 6.36212 ], [ 2.29246, 6.36185 ], [ 2.29138, 6.36185 ], [ 2.29138, 6.36148 ], [ 2.29219, 6.36121 ], [ 2.2921, 6.36094 ], [ 2.29337, 6.36094 ], [ 2.29337, 6.36185 ], [ 2.29282, 6.36194 ], [ 2.29291, 6.3623 ], [ 2.29237, 6.36221 ], [ 2.29237, 6.36293 ], [ 2.29291, 6.3633 ], [ 2.29327, 6.3642 ], [ 2.29481, 6.36429 ], [ 2.29445, 6.36429 ], [ 2.29418, 6.36484 ], [ 2.29363, 6.36447 ], [ 2.29327, 6.36493 ], [ 2.29363, 6.36484 ], [ 2.29409, 6.36574 ], [ 2.29535, 6.36547 ], [ 2.29508, 6.36592 ], [ 2.29571, 6.36574 ], [ 2.29553, 6.36547 ], [ 2.29598, 6.3652 ], [ 2.2968, 6.36511 ], [ 2.2968, 6.36611 ], [ 2.29634, 6.36683 ], [ 2.29652, 6.36773 ], [ 2.29707, 6.36737 ], [ 2.29707, 6.36692 ], [ 2.29761, 6.36674 ], [ 2.29788, 6.36701 ], [ 2.29788, 6.36647 ], [ 2.29852, 6.36593 ], [ 2.29852, 6.36638 ], [ 2.29933, 6.36638 ], [ 2.29915, 6.36457 ], [ 2.30069, 6.36548 ], [ 2.30014, 6.36629 ], [ 2.30041, 6.36729 ], [ 2.30078, 6.36674 ], [ 2.30186, 6.36684 ], [ 2.30132, 6.36783 ], [ 2.30177, 6.36792 ], [ 2.30195, 6.36847 ], [ 2.30231, 6.3681 ], [ 2.30285, 6.36829 ], [ 2.30331, 6.36765 ], [ 2.30421, 6.36793 ], [ 2.30403, 6.3682 ], [ 2.30412, 6.36874 ], [ 2.3043, 6.36765 ], [ 2.30376, 6.36702 ], [ 2.30439, 6.3672 ], [ 2.30466, 6.36675 ], [ 2.30512, 6.36684 ], [ 2.30484, 6.36784 ], [ 2.30557, 6.36793 ], [ 2.30557, 6.36829 ], [ 2.30502, 6.36865 ], [ 2.30557, 6.36838 ], [ 2.30584, 6.36883 ], [ 2.30556, 6.36919 ], [ 2.30565, 6.37055 ], [ 2.30511, 6.37082 ], [ 2.30511, 6.37028 ], [ 2.30457, 6.37019 ], [ 2.3042, 6.37173 ], [ 2.30484, 6.372 ], [ 2.30484, 6.37236 ], [ 2.30538, 6.37209 ] ], [ [ 2.30385, 6.36404 ], [ 2.3025, 6.36268 ], [ 2.30277, 6.36295 ], [ 2.30485, 6.36277 ], [ 2.30385, 6.36404 ] ], [ [ 2.3006, 6.3624 ], [ 2.29834, 6.36231 ], [ 2.29798, 6.36177 ], [ 2.29744, 6.36195 ], [ 2.29726, 6.36149 ], [ 2.29888, 6.3614 ], [ 2.29879, 6.36041 ], [ 2.29934, 6.36023 ], [ 2.30069, 6.36159 ], [ 2.3006, 6.3624 ] ] ], [ [ [ 2.28413, 6.37441 ], [ 2.28566, 6.37351 ], [ 2.28567, 6.3726 ], [ 2.28485, 6.37333 ], [ 2.28395, 6.37342 ], [ 2.28413, 6.37441 ] ] ], [ [ [ 2.29551, 6.37958 ], [ 2.29678, 6.37895 ], [ 2.29669, 6.37841 ], [ 2.29506, 6.37759 ], [ 2.29506, 6.37696 ], [ 2.29552, 6.37642 ], [ 2.29651, 6.37669 ], [ 2.29606, 6.37597 ], [ 2.29615, 6.3757 ], [ 2.29696, 6.37588 ], [ 2.29697, 6.37506 ], [ 2.29787, 6.37579 ], [ 2.2976, 6.37461 ], [ 2.29796, 6.37425 ], [ 2.29724, 6.3738 ], [ 2.2976, 6.37307 ], [ 2.29841, 6.37362 ], [ 2.29859, 6.37452 ], [ 2.29832, 6.37516 ], [ 2.29868, 6.37516 ], [ 2.29977, 6.37679 ], [ 2.30013, 6.37679 ], [ 2.29995, 6.37751 ], [ 2.30031, 6.37778 ], [ 2.29949, 6.37778 ], [ 2.2994, 6.37823 ], [ 2.29995, 6.37814 ], [ 2.30067, 6.37887 ], [ 2.30112, 6.37823 ], [ 2.30175, 6.37815 ], [ 2.30148, 6.37787 ], [ 2.30148, 6.3776 ], [ 2.30239, 6.37733 ], [ 2.30293, 6.37806 ], [ 2.30356, 6.37824 ], [ 2.30356, 6.37706 ], [ 2.30384, 6.37688 ], [ 2.30411, 6.37761 ], [ 2.30465, 6.37752 ], [ 2.30465, 6.37797 ], [ 2.30492, 6.37761 ], [ 2.307, 6.37815 ], [ 2.30673, 6.37761 ], [ 2.30781, 6.37734 ], [ 2.308, 6.37662 ], [ 2.31026, 6.37662 ], [ 2.31062, 6.37617 ], [ 2.3099, 6.37553 ], [ 2.30935, 6.37553 ], [ 2.30899, 6.37481 ], [ 2.30764, 6.37435 ], [ 2.30691, 6.37435 ], [ 2.30682, 6.37526 ], [ 2.30583, 6.37453 ], [ 2.30511, 6.37444 ], [ 2.30474, 6.3748 ], [ 2.30465, 6.37426 ], [ 2.30375, 6.37435 ], [ 2.30348, 6.37489 ], [ 2.30348, 6.37417 ], [ 2.3033, 6.3748 ], [ 2.3033, 6.37417 ], [ 2.30285, 6.3738 ], [ 2.30321, 6.37272 ], [ 2.30285, 6.37254 ], [ 2.30239, 6.37326 ], [ 2.30212, 6.3729 ], [ 2.30203, 6.37435 ], [ 2.30176, 6.37435 ], [ 2.30203, 6.37489 ], [ 2.30122, 6.37552 ], [ 2.30031, 6.37561 ], [ 2.3004, 6.37498 ], [ 2.29986, 6.37443 ], [ 2.30049, 6.37434 ], [ 2.30013, 6.37389 ], [ 2.30049, 6.37362 ], [ 2.29968, 6.37344 ], [ 2.29968, 6.3728 ], [ 2.30013, 6.37281 ], [ 2.29986, 6.37253 ], [ 2.30041, 6.37235 ], [ 2.29995, 6.37181 ], [ 2.30032, 6.37145 ], [ 2.29968, 6.37172 ], [ 2.29932, 6.37127 ], [ 2.2976, 6.37126 ], [ 2.29761, 6.37054 ], [ 2.29842, 6.37054 ], [ 2.29824, 6.37 ], [ 2.29788, 6.37018 ], [ 2.29797, 6.36955 ], [ 2.29824, 6.36991 ], [ 2.29842, 6.36927 ], [ 2.29688, 6.36909 ], [ 2.29697, 6.36973 ], [ 2.29616, 6.36972 ], [ 2.29652, 6.36945 ], [ 2.29634, 6.36891 ], [ 2.29571, 6.36927 ], [ 2.29562, 6.3699 ], [ 2.29507, 6.37008 ], [ 2.29562, 6.37027 ], [ 2.29534, 6.37081 ], [ 2.29571, 6.3709 ], [ 2.29571, 6.37126 ], [ 2.29498, 6.37135 ], [ 2.29543, 6.37171 ], [ 2.29616, 6.37099 ], [ 2.29634, 6.37162 ], [ 2.29589, 6.3718 ], [ 2.29606, 6.37298 ], [ 2.29561, 6.3728 ], [ 2.29579, 6.37189 ], [ 2.29534, 6.37198 ], [ 2.29525, 6.37271 ], [ 2.29471, 6.37198 ], [ 2.2948, 6.37271 ], [ 2.29371, 6.37253 ], [ 2.29353, 6.37216 ], [ 2.29317, 6.37234 ], [ 2.29299, 6.3718 ], [ 2.29236, 6.37171 ], [ 2.29218, 6.3708 ], [ 2.29182, 6.37098 ], [ 2.292, 6.37189 ], [ 2.29037, 6.37216 ], [ 2.29037, 6.37243 ], [ 2.29245, 6.37261 ], [ 2.29263, 6.37307 ], [ 2.29371, 6.37352 ], [ 2.2938, 6.37379 ], [ 2.29335, 6.37397 ], [ 2.29344, 6.3747 ], [ 2.29434, 6.37443 ], [ 2.29398, 6.37515 ], [ 2.29326, 6.37515 ], [ 2.29308, 6.37551 ], [ 2.2929, 6.37524 ], [ 2.29281, 6.37569 ], [ 2.29344, 6.37542 ], [ 2.29299, 6.37641 ], [ 2.29027, 6.37587 ], [ 2.28982, 6.37505 ], [ 2.28901, 6.37596 ], [ 2.28756, 6.37595 ], [ 2.28756, 6.3755 ], [ 2.28639, 6.37514 ], [ 2.2863, 6.37469 ], [ 2.28584, 6.37514 ], [ 2.28494, 6.37496 ], [ 2.28521, 6.37478 ], [ 2.28485, 6.37459 ], [ 2.28449, 6.37496 ], [ 2.28458, 6.37577 ], [ 2.28512, 6.3755 ], [ 2.28566, 6.37622 ], [ 2.28648, 6.37577 ], [ 2.28611, 6.37631 ], [ 2.28693, 6.37686 ], [ 2.28683, 6.37767 ], [ 2.2872, 6.37803 ], [ 2.28756, 6.37758 ], [ 2.28783, 6.37785 ], [ 2.28819, 6.37767 ], [ 2.28846, 6.37695 ], [ 2.28801, 6.37695 ], [ 2.28801, 6.37659 ], [ 2.28919, 6.37668 ], [ 2.28964, 6.37632 ], [ 2.29045, 6.37668 ], [ 2.29091, 6.37605 ], [ 2.291, 6.37677 ], [ 2.29262, 6.37696 ], [ 2.29244, 6.37759 ], [ 2.29172, 6.37795 ], [ 2.2919, 6.37831 ], [ 2.29163, 6.37813 ], [ 2.29126, 6.37858 ], [ 2.29135, 6.37904 ], [ 2.29172, 6.37913 ], [ 2.29181, 6.37858 ], [ 2.29271, 6.37849 ], [ 2.29226, 6.37813 ], [ 2.29235, 6.37777 ], [ 2.29325, 6.37786 ], [ 2.29316, 6.37732 ], [ 2.29353, 6.37696 ], [ 2.29352, 6.37922 ], [ 2.29371, 6.37868 ], [ 2.2938, 6.37895 ], [ 2.29398, 6.37859 ], [ 2.29452, 6.37877 ], [ 2.29515, 6.37805 ], [ 2.2957, 6.37832 ], [ 2.29551, 6.37958 ] ] ], [ [ [ 2.27978, 6.37703 ], [ 2.28096, 6.37658 ], [ 2.28051, 6.37549 ], [ 2.28015, 6.37567 ], [ 2.28023, 6.37649 ], [ 2.27996, 6.37667 ], [ 2.27987, 6.37594 ], [ 2.2796, 6.37594 ], [ 2.27842, 6.37784 ], [ 2.2796, 6.37775 ], [ 2.27978, 6.37703 ] ] ], [ [ [ 2.2682, 6.38009 ], [ 2.26893, 6.38036 ], [ 2.26983, 6.37955 ], [ 2.26938, 6.37891 ], [ 2.26884, 6.37919 ], [ 2.26839, 6.37801 ], [ 2.26911, 6.37774 ], [ 2.26911, 6.37729 ], [ 2.26947, 6.37747 ], [ 2.27056, 6.37693 ], [ 2.26993, 6.3762 ], [ 2.26893, 6.37611 ], [ 2.26875, 6.37683 ], [ 2.26857, 6.37647 ], [ 2.26812, 6.37683 ], [ 2.26694, 6.37674 ], [ 2.26694, 6.3771 ], [ 2.26784, 6.37747 ], [ 2.2673, 6.37765 ], [ 2.26739, 6.37801 ], [ 2.26694, 6.37774 ], [ 2.26667, 6.3781 ], [ 2.26576, 6.37819 ], [ 2.2663, 6.37927 ], [ 2.26748, 6.37945 ], [ 2.26748, 6.37982 ], [ 2.26793, 6.37991 ], [ 2.26757, 6.38 ], [ 2.26757, 6.38063 ], [ 2.26793, 6.38072 ], [ 2.2682, 6.38009 ] ] ], [ [ [ 2.2748, 6.37956 ], [ 2.27643, 6.37974 ], [ 2.27679, 6.37902 ], [ 2.27806, 6.37974 ], [ 2.27788, 6.37902 ], [ 2.27716, 6.37847 ], [ 2.27661, 6.37856 ], [ 2.27598, 6.37793 ], [ 2.27535, 6.37793 ], [ 2.27508, 6.37865 ], [ 2.2749, 6.37811 ], [ 2.27435, 6.37793 ], [ 2.27345, 6.37811 ], [ 2.27282, 6.37883 ], [ 2.27399, 6.38001 ], [ 2.2748, 6.37956 ] ] ], [ [ [ 2.28782, 6.38392 ], [ 2.28891, 6.38347 ], [ 2.28873, 6.38274 ], [ 2.28909, 6.38256 ], [ 2.28882, 6.38093 ], [ 2.28936, 6.38039 ], [ 2.28981, 6.38084 ], [ 2.29018, 6.38075 ], [ 2.29045, 6.3803 ], [ 2.28991, 6.37976 ], [ 2.28891, 6.38003 ], [ 2.28846, 6.37976 ], [ 2.28819, 6.38021 ], [ 2.28774, 6.38021 ], [ 2.28783, 6.38057 ], [ 2.28828, 6.38048 ], [ 2.28837, 6.38184 ], [ 2.28719, 6.38165 ], [ 2.28701, 6.38192 ], [ 2.28692, 6.38238 ], [ 2.28782, 6.38265 ], [ 2.28782, 6.38392 ] ] ], [ [ [ 2.28158, 6.38409 ], [ 2.28221, 6.38364 ], [ 2.28221, 6.383 ], [ 2.28267, 6.383 ], [ 2.2824, 6.38273 ], [ 2.28285, 6.38101 ], [ 2.28258, 6.38038 ], [ 2.28222, 6.38074 ], [ 2.2824, 6.38147 ], [ 2.28176, 6.38201 ], [ 2.2814, 6.38165 ], [ 2.28122, 6.38273 ], [ 2.28059, 6.383 ], [ 2.28122, 6.384 ], [ 2.28158, 6.38409 ] ] ], [ [ [ 2.30075, 6.38493 ], [ 2.30166, 6.38466 ], [ 2.30166, 6.38403 ], [ 2.30256, 6.38475 ], [ 2.30328, 6.38475 ], [ 2.30346, 6.38439 ], [ 2.30383, 6.38475 ], [ 2.3041, 6.3843 ], [ 2.30455, 6.38475 ], [ 2.30464, 6.3843 ], [ 2.30536, 6.38439 ], [ 2.30563, 6.38485 ], [ 2.30645, 6.38476 ], [ 2.30582, 6.3843 ], [ 2.30618, 6.38376 ], [ 2.30582, 6.38286 ], [ 2.30546, 6.38313 ], [ 2.30528, 6.38258 ], [ 2.30419, 6.38267 ], [ 2.30374, 6.38231 ], [ 2.30383, 6.38321 ], [ 2.30211, 6.38285 ], [ 2.30229, 6.38303 ], [ 2.30175, 6.38348 ], [ 2.3003, 6.38366 ], [ 2.30075, 6.38493 ] ] ], [ [ [ 2.29406, 6.38483 ], [ 2.29487, 6.38492 ], [ 2.29451, 6.38411 ], [ 2.29469, 6.38356 ], [ 2.29515, 6.38356 ], [ 2.29515, 6.38275 ], [ 2.2946, 6.38275 ], [ 2.29424, 6.38365 ], [ 2.29379, 6.38284 ], [ 2.29325, 6.38293 ], [ 2.29361, 6.38474 ], [ 2.29397, 6.38519 ], [ 2.29406, 6.38483 ] ] ], [ [ [ 2.28031, 6.38979 ], [ 2.28103, 6.38924 ], [ 2.2813, 6.38825 ], [ 2.28176, 6.38816 ], [ 2.28167, 6.38762 ], [ 2.28013, 6.38761 ], [ 2.28013, 6.38961 ], [ 2.27967, 6.38979 ], [ 2.28013, 6.38997 ], [ 2.28012, 6.39078 ], [ 2.2804, 6.39069 ], [ 2.28031, 6.38979 ] ] ], [ [ [ 2.29693, 6.39795 ], [ 2.29684, 6.39768 ], [ 2.29793, 6.39777 ], [ 2.29775, 6.39687 ], [ 2.2982, 6.39678 ], [ 2.29838, 6.39596 ], [ 2.29811, 6.39642 ], [ 2.29748, 6.39623 ], [ 2.29748, 6.39479 ], [ 2.29694, 6.3937 ], [ 2.29676, 6.39216 ], [ 2.29649, 6.39225 ], [ 2.29667, 6.39298 ], [ 2.29613, 6.39307 ], [ 2.29649, 6.39442 ], [ 2.29604, 6.39442 ], [ 2.29531, 6.39361 ], [ 2.29477, 6.39397 ], [ 2.2945, 6.3937 ], [ 2.2945, 6.3946 ], [ 2.29405, 6.39487 ], [ 2.29477, 6.39587 ], [ 2.29522, 6.39596 ], [ 2.29558, 6.3975 ], [ 2.29612, 6.39732 ], [ 2.29639, 6.39822 ], [ 2.29693, 6.39795 ] ] ], [ [ [ 2.24729, 6.39671 ], [ 2.24801, 6.39634 ], [ 2.25055, 6.39617 ], [ 2.251, 6.39553 ], [ 2.25, 6.39553 ], [ 2.24883, 6.39607 ], [ 2.2443, 6.39634 ], [ 2.24458, 6.3967 ], [ 2.24729, 6.39671 ] ] ], [ [ [ 2.28463, 6.39893 ], [ 2.2859, 6.39821 ], [ 2.28662, 6.39884 ], [ 2.28771, 6.39785 ], [ 2.28753, 6.39758 ], [ 2.28663, 6.39767 ], [ 2.28681, 6.39712 ], [ 2.28608, 6.39676 ], [ 2.28473, 6.39712 ], [ 2.28464, 6.39658 ], [ 2.28726, 6.39631 ], [ 2.28744, 6.39667 ], [ 2.2878, 6.39604 ], [ 2.28708, 6.39568 ], [ 2.28536, 6.39576 ], [ 2.28482, 6.3954 ], [ 2.28328, 6.39549 ], [ 2.28238, 6.39476 ], [ 2.28075, 6.39485 ], [ 2.2803, 6.39585 ], [ 2.27939, 6.39567 ], [ 2.27966, 6.39612 ], [ 2.28066, 6.3963 ], [ 2.28012, 6.39702 ], [ 2.2803, 6.3973 ], [ 2.28129, 6.39748 ], [ 2.28265, 6.39856 ], [ 2.28382, 6.3982 ], [ 2.28463, 6.39893 ] ] ], [ [ [ 2.2925, 6.39894 ], [ 2.29223, 6.39876 ], [ 2.29277, 6.39894 ], [ 2.29286, 6.39867 ], [ 2.29232, 6.39867 ], [ 2.29232, 6.39785 ], [ 2.29115, 6.39776 ], [ 2.29115, 6.39659 ], [ 2.29034, 6.39659 ], [ 2.2907, 6.39695 ], [ 2.2906, 6.39767 ], [ 2.28934, 6.39758 ], [ 2.28952, 6.39631 ], [ 2.28889, 6.39622 ], [ 2.28889, 6.39704 ], [ 2.28862, 6.39685 ], [ 2.2888, 6.39604 ], [ 2.28807, 6.39631 ], [ 2.28807, 6.39731 ], [ 2.2888, 6.39758 ], [ 2.2888, 6.39785 ], [ 2.28807, 6.39794 ], [ 2.28889, 6.39794 ], [ 2.28834, 6.39812 ], [ 2.28898, 6.39812 ], [ 2.28916, 6.39848 ], [ 2.28988, 6.39812 ], [ 2.29042, 6.39912 ], [ 2.29133, 6.39876 ], [ 2.29078, 6.39849 ], [ 2.29178, 6.39858 ], [ 2.29196, 6.39948 ], [ 2.2925, 6.39894 ] ] ], [ [ [ 2.22685, 6.39921 ], [ 2.22739, 6.39858 ], [ 2.2283, 6.3984 ], [ 2.22965, 6.39939 ], [ 2.23101, 6.39885 ], [ 2.23182, 6.39786 ], [ 2.23182, 6.39722 ], [ 2.233, 6.39705 ], [ 2.23318, 6.39605 ], [ 2.23219, 6.39632 ], [ 2.23101, 6.3975 ], [ 2.23029, 6.39749 ], [ 2.2302, 6.39777 ], [ 2.22585, 6.39794 ], [ 2.22522, 6.3983 ], [ 2.22576, 6.39903 ], [ 2.22631, 6.39885 ], [ 2.22658, 6.39948 ], [ 2.22703, 6.39939 ], [ 2.22685, 6.39921 ] ] ], [ [ [ 2.22296, 6.39974 ], [ 2.22287, 6.39902 ], [ 2.22323, 6.39857 ], [ 2.22206, 6.39793 ], [ 2.22088, 6.39802 ], [ 2.22097, 6.39947 ], [ 2.2216, 6.39965 ], [ 2.22142, 6.39911 ], [ 2.22178, 6.39875 ], [ 2.22214, 6.39902 ], [ 2.22241, 6.40038 ], [ 2.22296, 6.39974 ] ] ], [ [ [ 2.29377, 6.40093 ], [ 2.2944, 6.4003 ], [ 2.29494, 6.40048 ], [ 2.29476, 6.39985 ], [ 2.29549, 6.39967 ], [ 2.29558, 6.3994 ], [ 2.29594, 6.3994 ], [ 2.29594, 6.39922 ], [ 2.29431, 6.39885 ], [ 2.29368, 6.39967 ], [ 2.29332, 6.39957 ], [ 2.29323, 6.39903 ], [ 2.29286, 6.39903 ], [ 2.29313, 6.39912 ], [ 2.29286, 6.39985 ], [ 2.29169, 6.39948 ], [ 2.29241, 6.40039 ], [ 2.29359, 6.40039 ], [ 2.2934, 6.40075 ], [ 2.29377, 6.40093 ] ] ], [ [ [ 2.21798, 6.40182 ], [ 2.2187, 6.40164 ], [ 2.21879, 6.40236 ], [ 2.21943, 6.40227 ], [ 2.21907, 6.40073 ], [ 2.22024, 6.40019 ], [ 2.22015, 6.39992 ], [ 2.21943, 6.4001 ], [ 2.21934, 6.3992 ], [ 2.21871, 6.39947 ], [ 2.21871, 6.39892 ], [ 2.21826, 6.39856 ], [ 2.21636, 6.3991 ], [ 2.2159, 6.39973 ], [ 2.21446, 6.40018 ], [ 2.21446, 6.40082 ], [ 2.21699, 6.40109 ], [ 2.21653, 6.40163 ], [ 2.21726, 6.40191 ], [ 2.21762, 6.40281 ], [ 2.21798, 6.40182 ] ] ], [ [ [ 2.21635, 6.40534 ], [ 2.21662, 6.40381 ], [ 2.21599, 6.40399 ], [ 2.2159, 6.40335 ], [ 2.21536, 6.40335 ], [ 2.21581, 6.40299 ], [ 2.21527, 6.40317 ], [ 2.21527, 6.40281 ], [ 2.21481, 6.4029 ], [ 2.21481, 6.40389 ], [ 2.21554, 6.40371 ], [ 2.21535, 6.40471 ], [ 2.21635, 6.40534 ] ] ], [ [ [ 2.21408, 6.4067 ], [ 2.21445, 6.4067 ], [ 2.21454, 6.40616 ], [ 2.21607, 6.40634 ], [ 2.21617, 6.40571 ], [ 2.2159, 6.40552 ], [ 2.21571, 6.40598 ], [ 2.21535, 6.40598 ], [ 2.21517, 6.40489 ], [ 2.21436, 6.40444 ], [ 2.21454, 6.40371 ], [ 2.21346, 6.40353 ], [ 2.213, 6.40398 ], [ 2.21291, 6.40308 ], [ 2.21228, 6.40244 ], [ 2.21174, 6.40298 ], [ 2.21183, 6.40362 ], [ 2.21237, 6.40371 ], [ 2.21174, 6.40443 ], [ 2.21192, 6.40498 ], [ 2.213, 6.40489 ], [ 2.21327, 6.40434 ], [ 2.21391, 6.40416 ], [ 2.21345, 6.40543 ], [ 2.21354, 6.40588 ], [ 2.21427, 6.40634 ], [ 2.214, 6.40624 ], [ 2.21399, 6.40688 ], [ 2.21327, 6.40706 ], [ 2.21345, 6.4076 ], [ 2.21408, 6.40751 ], [ 2.21408, 6.4067 ] ] ], [ [ [ 2.2101, 6.41348 ], [ 2.21028, 6.4123 ], [ 2.21136, 6.41257 ], [ 2.21136, 6.41203 ], [ 2.21082, 6.41185 ], [ 2.211, 6.41149 ], [ 2.21173, 6.41221 ], [ 2.21218, 6.41203 ], [ 2.21209, 6.41176 ], [ 2.21281, 6.41176 ], [ 2.21209, 6.41113 ], [ 2.21245, 6.41049 ], [ 2.21164, 6.41031 ], [ 2.21209, 6.40977 ], [ 2.21173, 6.40905 ], [ 2.21028, 6.40977 ], [ 2.2101, 6.41022 ], [ 2.20956, 6.41022 ], [ 2.20973, 6.41375 ], [ 2.2101, 6.41348 ] ] ], [ [ [ 2.25916, 6.44313 ], [ 2.25952, 6.44069 ], [ 2.26079, 6.44024 ], [ 2.26097, 6.43924 ], [ 2.26161, 6.43861 ], [ 2.26161, 6.4378 ], [ 2.26107, 6.43753 ], [ 2.26188, 6.43726 ], [ 2.26089, 6.43626 ], [ 2.26152, 6.43608 ], [ 2.26152, 6.43554 ], [ 2.26261, 6.43554 ], [ 2.26261, 6.43509 ], [ 2.26225, 6.43499 ], [ 2.26261, 6.435 ], [ 2.26279, 6.43436 ], [ 2.26261, 6.43454 ], [ 2.26234, 6.43418 ], [ 2.26351, 6.43382 ], [ 2.26388, 6.43328 ], [ 2.26361, 6.43219 ], [ 2.26424, 6.43156 ], [ 2.26415, 6.4302 ], [ 2.26488, 6.43002 ], [ 2.26497, 6.42912 ], [ 2.26479, 6.4293 ], [ 2.2647, 6.42885 ], [ 2.26506, 6.42731 ], [ 2.26533, 6.42731 ], [ 2.26515, 6.42686 ], [ 2.26624, 6.42632 ], [ 2.26624, 6.42695 ], [ 2.26542, 6.42695 ], [ 2.26623, 6.42849 ], [ 2.26651, 6.42767 ], [ 2.26678, 6.42813 ], [ 2.26723, 6.42813 ], [ 2.26732, 6.42668 ], [ 2.26786, 6.4265 ], [ 2.26787, 6.42605 ], [ 2.26705, 6.42595 ], [ 2.26687, 6.42559 ], [ 2.26696, 6.42505 ], [ 2.26805, 6.42433 ], [ 2.26805, 6.4236 ], [ 2.26877, 6.4237 ], [ 2.26814, 6.42261 ], [ 2.26851, 6.42098 ], [ 2.26824, 6.42017 ], [ 2.26851, 6.42017 ], [ 2.26887, 6.41917 ], [ 2.26986, 6.41972 ], [ 2.2695, 6.41899 ], [ 2.2696, 6.41818 ], [ 2.26905, 6.418 ], [ 2.26905, 6.41736 ], [ 2.26951, 6.41718 ], [ 2.26987, 6.41836 ], [ 2.27023, 6.41845 ], [ 2.27023, 6.41764 ], [ 2.27077, 6.41728 ], [ 2.27077, 6.41673 ], [ 2.2705, 6.41691 ], [ 2.27077, 6.41583 ], [ 2.27113, 6.41646 ], [ 2.27141, 6.41628 ], [ 2.27095, 6.41755 ], [ 2.27195, 6.41701 ], [ 2.27168, 6.41673 ], [ 2.27204, 6.41601 ], [ 2.27186, 6.41511 ], [ 2.27231, 6.41511 ], [ 2.2724, 6.41474 ], [ 2.27213, 6.41438 ], [ 2.2715, 6.41456 ], [ 2.2715, 6.41375 ], [ 2.27186, 6.41312 ], [ 2.2725, 6.41321 ], [ 2.27277, 6.41285 ], [ 2.27268, 6.4123 ], [ 2.27322, 6.41122 ], [ 2.27377, 6.41122 ], [ 2.27295, 6.41095 ], [ 2.27304, 6.41013 ], [ 2.27322, 6.41067 ], [ 2.27368, 6.41031 ], [ 2.2734, 6.41022 ], [ 2.2735, 6.40905 ], [ 2.27305, 6.40877 ], [ 2.27332, 6.4085 ], [ 2.27295, 6.4085 ], [ 2.27341, 6.40796 ], [ 2.27287, 6.4076 ], [ 2.27341, 6.40751 ], [ 2.27404, 6.4067 ], [ 2.27395, 6.40624 ], [ 2.27431, 6.40606 ], [ 2.2745, 6.40661 ], [ 2.27468, 6.40606 ], [ 2.27395, 6.4057 ], [ 2.27368, 6.40498 ], [ 2.27423, 6.40461 ], [ 2.27459, 6.40516 ], [ 2.27486, 6.40452 ], [ 2.27613, 6.40435 ], [ 2.27622, 6.40317 ], [ 2.27595, 6.40299 ], [ 2.27631, 6.40245 ], [ 2.27531, 6.40244 ], [ 2.27504, 6.40199 ], [ 2.27468, 6.40226 ], [ 2.27514, 6.40154 ], [ 2.27496, 6.40082 ], [ 2.27559, 6.40118 ], [ 2.27595, 6.40046 ], [ 2.27586, 6.40181 ], [ 2.27649, 6.40163 ], [ 2.27631, 6.40118 ], [ 2.27649, 6.401 ], [ 2.27703, 6.40145 ], [ 2.27694, 6.40181 ], [ 2.2764, 6.40172 ], [ 2.27649, 6.40227 ], [ 2.27685, 6.40199 ], [ 2.27812, 6.40317 ], [ 2.27812, 6.40381 ], [ 2.27757, 6.4039 ], [ 2.27766, 6.40453 ], [ 2.2783, 6.40489 ], [ 2.27802, 6.40688 ], [ 2.27865, 6.40715 ], [ 2.27875, 6.40598 ], [ 2.27929, 6.40625 ], [ 2.27893, 6.40743 ], [ 2.27793, 6.40797 ], [ 2.27802, 6.40887 ], [ 2.27838, 6.40887 ], [ 2.27847, 6.40806 ], [ 2.27865, 6.40824 ], [ 2.27883, 6.40788 ], [ 2.27947, 6.40824 ], [ 2.28001, 6.40797 ], [ 2.27965, 6.40851 ], [ 2.28073, 6.40888 ], [ 2.28128, 6.40833 ], [ 2.28236, 6.40806 ], [ 2.28254, 6.40761 ], [ 2.28218, 6.40707 ], [ 2.28263, 6.40698 ], [ 2.28263, 6.40662 ], [ 2.28191, 6.40616 ], [ 2.28074, 6.40607 ], [ 2.2802, 6.40381 ], [ 2.27956, 6.40399 ], [ 2.2792, 6.40354 ], [ 2.27939, 6.40191 ], [ 2.27893, 6.40145 ], [ 2.27921, 6.40127 ], [ 2.27902, 6.40091 ], [ 2.27875, 6.40118 ], [ 2.2774, 6.40091 ], [ 2.27758, 6.39982 ], [ 2.27731, 6.39928 ], [ 2.27758, 6.39892 ], [ 2.27848, 6.39901 ], [ 2.27957, 6.39829 ], [ 2.2793, 6.39793 ], [ 2.27822, 6.39793 ], [ 2.2784, 6.39666 ], [ 2.27749, 6.39666 ], [ 2.27749, 6.39602 ], [ 2.27804, 6.39603 ], [ 2.27777, 6.39521 ], [ 2.27731, 6.39548 ], [ 2.27632, 6.39521 ], [ 2.27723, 6.39449 ], [ 2.27641, 6.3943 ], [ 2.27632, 6.39394 ], [ 2.27668, 6.39367 ], [ 2.27695, 6.39376 ], [ 2.27677, 6.39403 ], [ 2.27705, 6.39394 ], [ 2.27732, 6.39322 ], [ 2.27876, 6.39322 ], [ 2.27967, 6.39096 ], [ 2.27958, 6.38997 ], [ 2.27949, 6.39024 ], [ 2.27913, 6.38997 ], [ 2.2785, 6.3915 ], [ 2.27841, 6.39123 ], [ 2.27822, 6.39123 ], [ 2.27822, 6.39177 ], [ 2.27777, 6.39159 ], [ 2.27732, 6.3925 ], [ 2.27678, 6.39268 ], [ 2.27668, 6.39358 ], [ 2.27632, 6.39367 ], [ 2.27587, 6.39467 ], [ 2.27442, 6.39367 ], [ 2.27469, 6.3943 ], [ 2.27415, 6.39439 ], [ 2.27433, 6.39484 ], [ 2.27325, 6.39475 ], [ 2.27252, 6.39593 ], [ 2.27125, 6.39574 ], [ 2.27071, 6.39475 ], [ 2.2699, 6.39502 ], [ 2.27008, 6.3962 ], [ 2.26972, 6.39619 ], [ 2.26972, 6.39665 ], [ 2.27107, 6.39746 ], [ 2.27143, 6.39837 ], [ 2.27188, 6.39864 ], [ 2.27152, 6.39828 ], [ 2.2717, 6.39792 ], [ 2.27288, 6.39792 ], [ 2.27279, 6.39873 ], [ 2.27342, 6.40027 ], [ 2.27315, 6.4009 ], [ 2.27333, 6.40208 ], [ 2.27296, 6.40235 ], [ 2.27315, 6.40199 ], [ 2.27251, 6.40199 ], [ 2.27287, 6.40307 ], [ 2.27233, 6.40371 ], [ 2.27251, 6.40416 ], [ 2.27215, 6.4047 ], [ 2.27079, 6.40461 ], [ 2.27052, 6.40524 ], [ 2.27124, 6.40551 ], [ 2.26997, 6.40551 ], [ 2.2697, 6.40741 ], [ 2.27006, 6.40967 ], [ 2.26933, 6.41031 ], [ 2.26951, 6.41157 ], [ 2.26924, 6.41212 ], [ 2.26987, 6.41266 ], [ 2.26978, 6.41347 ], [ 2.27023, 6.41429 ], [ 2.26815, 6.41492 ], [ 2.26815, 6.41582 ], [ 2.26715, 6.41754 ], [ 2.26616, 6.41727 ], [ 2.26616, 6.41854 ], [ 2.26561, 6.41917 ], [ 2.26588, 6.42007 ], [ 2.26516, 6.4208 ], [ 2.26516, 6.42188 ], [ 2.26489, 6.42197 ], [ 2.26516, 6.42242 ], [ 2.26461, 6.4226 ], [ 2.26443, 6.42342 ], [ 2.26425, 6.42297 ], [ 2.26452, 6.42441 ], [ 2.26461, 6.42342 ], [ 2.26488, 6.42333 ], [ 2.26479, 6.42387 ], [ 2.26561, 6.42351 ], [ 2.26633, 6.42451 ], [ 2.26579, 6.42405 ], [ 2.26516, 6.42414 ], [ 2.26543, 6.42496 ], [ 2.26488, 6.42487 ], [ 2.26461, 6.42559 ], [ 2.26425, 6.4255 ], [ 2.26407, 6.42586 ], [ 2.26461, 6.42686 ], [ 2.26343, 6.42749 ], [ 2.26253, 6.42893 ], [ 2.26198, 6.4292 ], [ 2.26117, 6.43137 ], [ 2.26035, 6.43146 ], [ 2.26089, 6.43228 ], [ 2.26035, 6.43264 ], [ 2.26053, 6.43309 ], [ 2.26017, 6.43363 ], [ 2.26053, 6.43418 ], [ 2.26035, 6.43463 ], [ 2.26008, 6.43463 ], [ 2.26035, 6.43427 ], [ 2.25999, 6.43436 ], [ 2.25998, 6.43526 ], [ 2.2608, 6.43626 ], [ 2.26089, 6.43689 ], [ 2.26025, 6.43716 ], [ 2.25998, 6.4368 ], [ 2.25917, 6.43798 ], [ 2.25917, 6.43825 ], [ 2.25962, 6.43825 ], [ 2.25971, 6.43888 ], [ 2.25925, 6.43924 ], [ 2.25835, 6.44214 ], [ 2.25853, 6.44331 ], [ 2.25916, 6.44313 ] ], [ [ 2.27078, 6.41212 ], [ 2.26997, 6.4113 ], [ 2.27187, 6.40968 ], [ 2.27196, 6.41122 ], [ 2.27132, 6.4114 ], [ 2.27114, 6.41266 ], [ 2.27078, 6.41257 ], [ 2.27078, 6.41212 ] ] ], [ [ [ 2.29615, 6.44011 ], [ 2.29624, 6.43984 ], [ 2.29516, 6.43893 ], [ 2.2948, 6.43812 ], [ 2.2948, 6.43775 ], [ 2.29525, 6.43785 ], [ 2.29498, 6.43703 ], [ 2.29543, 6.43658 ], [ 2.29544, 6.43558 ], [ 2.29607, 6.43531 ], [ 2.29544, 6.43504 ], [ 2.29544, 6.43441 ], [ 2.29399, 6.43423 ], [ 2.29399, 6.4335 ], [ 2.29463, 6.4335 ], [ 2.29445, 6.43287 ], [ 2.29472, 6.4326 ], [ 2.29408, 6.43214 ], [ 2.29291, 6.43223 ], [ 2.29273, 6.43196 ], [ 2.29273, 6.43133 ], [ 2.29327, 6.43106 ], [ 2.29264, 6.42979 ], [ 2.293, 6.42934 ], [ 2.29246, 6.42925 ], [ 2.29201, 6.42753 ], [ 2.29129, 6.42762 ], [ 2.29074, 6.42716 ], [ 2.29102, 6.42653 ], [ 2.29048, 6.42599 ], [ 2.29102, 6.42545 ], [ 2.28993, 6.42454 ], [ 2.28948, 6.42336 ], [ 2.28967, 6.42264 ], [ 2.28912, 6.42246 ], [ 2.28921, 6.42201 ], [ 2.28849, 6.42137 ], [ 2.28849, 6.42065 ], [ 2.28804, 6.42047 ], [ 2.28822, 6.42001 ], [ 2.28732, 6.41974 ], [ 2.2875, 6.41902 ], [ 2.28768, 6.4192 ], [ 2.28768, 6.41811 ], [ 2.28795, 6.41902 ], [ 2.28877, 6.41857 ], [ 2.28859, 6.41721 ], [ 2.28931, 6.41622 ], [ 2.2885, 6.41594 ], [ 2.28877, 6.41631 ], [ 2.28859, 6.41658 ], [ 2.2875, 6.41576 ], [ 2.28787, 6.41549 ], [ 2.2876, 6.41495 ], [ 2.28651, 6.41467 ], [ 2.2866, 6.41341 ], [ 2.28633, 6.4135 ], [ 2.28633, 6.41314 ], [ 2.2866, 6.41286 ], [ 2.28552, 6.41205 ], [ 2.28561, 6.41133 ], [ 2.28408, 6.40924 ], [ 2.28353, 6.40978 ], [ 2.28317, 6.40978 ], [ 2.28344, 6.41042 ], [ 2.28272, 6.4106 ], [ 2.2829, 6.40978 ], [ 2.28335, 6.40969 ], [ 2.28317, 6.40924 ], [ 2.28164, 6.40897 ], [ 2.281, 6.40933 ], [ 2.28163, 6.40996 ], [ 2.28154, 6.41041 ], [ 2.28073, 6.41069 ], [ 2.28091, 6.41096 ], [ 2.28046, 6.41123 ], [ 2.28046, 6.41177 ], [ 2.28136, 6.41213 ], [ 2.28118, 6.41177 ], [ 2.28163, 6.41159 ], [ 2.28163, 6.41277 ], [ 2.28226, 6.41322 ], [ 2.28181, 6.4134 ], [ 2.28208, 6.41358 ], [ 2.28208, 6.4153 ], [ 2.28262, 6.4153 ], [ 2.2828, 6.41476 ], [ 2.28371, 6.4153 ], [ 2.28334, 6.41585 ], [ 2.28371, 6.41648 ], [ 2.28352, 6.41729 ], [ 2.28434, 6.41793 ], [ 2.28352, 6.41856 ], [ 2.28361, 6.41956 ], [ 2.28424, 6.41965 ], [ 2.28406, 6.42028 ], [ 2.28451, 6.42064 ], [ 2.28415, 6.42109 ], [ 2.28451, 6.42218 ], [ 2.28406, 6.42245 ], [ 2.28406, 6.42299 ], [ 2.28487, 6.42263 ], [ 2.28532, 6.42281 ], [ 2.28505, 6.42399 ], [ 2.28614, 6.42381 ], [ 2.28605, 6.42426 ], [ 2.28541, 6.42426 ], [ 2.2855, 6.42544 ], [ 2.28595, 6.42553 ], [ 2.28595, 6.4249 ], [ 2.28604, 6.42517 ], [ 2.28632, 6.42499 ], [ 2.28695, 6.42644 ], [ 2.28676, 6.42761 ], [ 2.28586, 6.42743 ], [ 2.28613, 6.42689 ], [ 2.28568, 6.42707 ], [ 2.28577, 6.4277 ], [ 2.28622, 6.42788 ], [ 2.28613, 6.42861 ], [ 2.28667, 6.42833 ], [ 2.28712, 6.42906 ], [ 2.2874, 6.4287 ], [ 2.28812, 6.42879 ], [ 2.28794, 6.4296 ], [ 2.28866, 6.43042 ], [ 2.28884, 6.43024 ], [ 2.28893, 6.43096 ], [ 2.2892, 6.42979 ], [ 2.28956, 6.43096 ], [ 2.28866, 6.43132 ], [ 2.28848, 6.43214 ], [ 2.28965, 6.43232 ], [ 2.28965, 6.43268 ], [ 2.29065, 6.43214 ], [ 2.29137, 6.4335 ], [ 2.29128, 6.43422 ], [ 2.29073, 6.4344 ], [ 2.29119, 6.43504 ], [ 2.29119, 6.43576 ], [ 2.29227, 6.43621 ], [ 2.29209, 6.43549 ], [ 2.29254, 6.43531 ], [ 2.29281, 6.43558 ], [ 2.29272, 6.43621 ], [ 2.29245, 6.43612 ], [ 2.29263, 6.43658 ], [ 2.2929, 6.43649 ], [ 2.2929, 6.43558 ], [ 2.29327, 6.43558 ], [ 2.29372, 6.43676 ], [ 2.29444, 6.43712 ], [ 2.29435, 6.43866 ], [ 2.29398, 6.43884 ], [ 2.29498, 6.43929 ], [ 2.29543, 6.44038 ], [ 2.29561, 6.44002 ], [ 2.29615, 6.44011 ] ] ], [ [ [ 2.22046, 6.43529 ], [ 2.22092, 6.43403 ], [ 2.22128, 6.43394 ], [ 2.22074, 6.43376 ], [ 2.22074, 6.4334 ], [ 2.22164, 6.43303 ], [ 2.22182, 6.43231 ], [ 2.22173, 6.43204 ], [ 2.22002, 6.43177 ], [ 2.21993, 6.43104 ], [ 2.22219, 6.43168 ], [ 2.22237, 6.43059 ], [ 2.22291, 6.43059 ], [ 2.22291, 6.43032 ], [ 2.22228, 6.42996 ], [ 2.22201, 6.43014 ], [ 2.22228, 6.43068 ], [ 2.22164, 6.43068 ], [ 2.2211, 6.42969 ], [ 2.22083, 6.42987 ], [ 2.22101, 6.43059 ], [ 2.22056, 6.43068 ], [ 2.22011, 6.43059 ], [ 2.21984, 6.42996 ], [ 2.21821, 6.42959 ], [ 2.21821, 6.42842 ], [ 2.21866, 6.42769 ], [ 2.21776, 6.42652 ], [ 2.21831, 6.42588 ], [ 2.21849, 6.42652 ], [ 2.22066, 6.42661 ], [ 2.22111, 6.42634 ], [ 2.22102, 6.42598 ], [ 2.22029, 6.42634 ], [ 2.22048, 6.42598 ], [ 2.22011, 6.42579 ], [ 2.22021, 6.42543 ], [ 2.22102, 6.42516 ], [ 2.22066, 6.42344 ], [ 2.21876, 6.42344 ], [ 2.21867, 6.42462 ], [ 2.21813, 6.42462 ], [ 2.21767, 6.42561 ], [ 2.21641, 6.42651 ], [ 2.21613, 6.42624 ], [ 2.21632, 6.42579 ], [ 2.2174, 6.42525 ], [ 2.21659, 6.42461 ], [ 2.2174, 6.42407 ], [ 2.21713, 6.42326 ], [ 2.2175, 6.42299 ], [ 2.21659, 6.42289 ], [ 2.21677, 6.42371 ], [ 2.21578, 6.42389 ], [ 2.21623, 6.42407 ], [ 2.21596, 6.42488 ], [ 2.21623, 6.42516 ], [ 2.21668, 6.42498 ], [ 2.21605, 6.42561 ], [ 2.21496, 6.42416 ], [ 2.21379, 6.4238 ], [ 2.2137, 6.42334 ], [ 2.21288, 6.42397 ], [ 2.21216, 6.42361 ], [ 2.21198, 6.4228 ], [ 2.21316, 6.42289 ], [ 2.21307, 6.42144 ], [ 2.21325, 6.42189 ], [ 2.21442, 6.42172 ], [ 2.21415, 6.42271 ], [ 2.21533, 6.42244 ], [ 2.21515, 6.42144 ], [ 2.21569, 6.42181 ], [ 2.21623, 6.42127 ], [ 2.21632, 6.4219 ], [ 2.21687, 6.42127 ], [ 2.21678, 6.42045 ], [ 2.21624, 6.41982 ], [ 2.21479, 6.41945 ], [ 2.21452, 6.42009 ], [ 2.21524, 6.42009 ], [ 2.21542, 6.42063 ], [ 2.21497, 6.42063 ], [ 2.21533, 6.42099 ], [ 2.2147, 6.42117 ], [ 2.21452, 6.42072 ], [ 2.21488, 6.42045 ], [ 2.21452, 6.42018 ], [ 2.21379, 6.42 ], [ 2.21325, 6.42036 ], [ 2.21289, 6.41963 ], [ 2.21199, 6.41945 ], [ 2.2118, 6.42035 ], [ 2.21234, 6.4209 ], [ 2.21225, 6.42153 ], [ 2.2118, 6.42144 ], [ 2.21198, 6.4237 ], [ 2.21261, 6.42388 ], [ 2.21243, 6.42425 ], [ 2.21577, 6.42669 ], [ 2.21713, 6.42887 ], [ 2.21857, 6.43014 ], [ 2.21938, 6.43176 ], [ 2.21992, 6.43493 ], [ 2.22046, 6.43529 ] ] ], [ [ [ 2.22362, 6.44064 ], [ 2.22461, 6.44046 ], [ 2.22443, 6.43982 ], [ 2.22471, 6.43973 ], [ 2.22416, 6.43937 ], [ 2.22435, 6.43883 ], [ 2.22362, 6.43828 ], [ 2.2229, 6.43846 ], [ 2.22317, 6.43774 ], [ 2.22417, 6.43747 ], [ 2.22426, 6.43684 ], [ 2.22372, 6.43648 ], [ 2.22308, 6.43747 ], [ 2.22263, 6.4372 ], [ 2.22263, 6.43774 ], [ 2.22209, 6.43828 ], [ 2.22272, 6.44 ], [ 2.22362, 6.44064 ] ] ], [ [ [ 2.25608, 6.44765 ], [ 2.25671, 6.44702 ], [ 2.25743, 6.44702 ], [ 2.25744, 6.44675 ], [ 2.2568, 6.44675 ], [ 2.2568, 6.44611 ], [ 2.25617, 6.44638 ], [ 2.25617, 6.4472 ], [ 2.2559, 6.44693 ], [ 2.2549, 6.44792 ], [ 2.25499, 6.44846 ], [ 2.25571, 6.44883 ], [ 2.25608, 6.44765 ] ] ], [ [ [ 2.22514, 6.44978 ], [ 2.22478, 6.4477 ], [ 2.22587, 6.44733 ], [ 2.22524, 6.44697 ], [ 2.22506, 6.44724 ], [ 2.2237, 6.44697 ], [ 2.2237, 6.44787 ], [ 2.22243, 6.44796 ], [ 2.22216, 6.44841 ], [ 2.22225, 6.44878 ], [ 2.22297, 6.44833 ], [ 2.22315, 6.44887 ], [ 2.2237, 6.44851 ], [ 2.22424, 6.44932 ], [ 2.22514, 6.44978 ] ] ], [ [ [ 2.25326, 6.45995 ], [ 2.25353, 6.45841 ], [ 2.25326, 6.45841 ], [ 2.25326, 6.45751 ], [ 2.25389, 6.45778 ], [ 2.25363, 6.45443 ], [ 2.25408, 6.45389 ], [ 2.25381, 6.45335 ], [ 2.25417, 6.45371 ], [ 2.25471, 6.45353 ], [ 2.25426, 6.45308 ], [ 2.25435, 6.45262 ], [ 2.25381, 6.4529 ], [ 2.25381, 6.45253 ], [ 2.25444, 6.45163 ], [ 2.2549, 6.45154 ], [ 2.25499, 6.45045 ], [ 2.25472, 6.45027 ], [ 2.25435, 6.451 ], [ 2.253, 6.45127 ], [ 2.25354, 6.45172 ], [ 2.25354, 6.45226 ], [ 2.25318, 6.45244 ], [ 2.25308, 6.45416 ], [ 2.25272, 6.45434 ], [ 2.25299, 6.45642 ], [ 2.25254, 6.45678 ], [ 2.25226, 6.45859 ], [ 2.25262, 6.45877 ], [ 2.25253, 6.45941 ], [ 2.25289, 6.45995 ], [ 2.25326, 6.45995 ] ] ], [ [ [ 2.22159, 6.46343 ], [ 2.22196, 6.46361 ], [ 2.22223, 6.46325 ], [ 2.22178, 6.46289 ], [ 2.22196, 6.46262 ], [ 2.22304, 6.46334 ], [ 2.22331, 6.46235 ], [ 2.22286, 6.46217 ], [ 2.22323, 6.4609 ], [ 2.22277, 6.46063 ], [ 2.22287, 6.45991 ], [ 2.22133, 6.46063 ], [ 2.22105, 6.46388 ], [ 2.22159, 6.46343 ] ] ], [ [ [ 2.22258, 6.4675 ], [ 2.22195, 6.46732 ], [ 2.22295, 6.46687 ], [ 2.22259, 6.46651 ], [ 2.22286, 6.46588 ], [ 2.22186, 6.46542 ], [ 2.22277, 6.46506 ], [ 2.22177, 6.46497 ], [ 2.22168, 6.46596 ], [ 2.22222, 6.46606 ], [ 2.22222, 6.46642 ], [ 2.22114, 6.46705 ], [ 2.22114, 6.46768 ], [ 2.22249, 6.46832 ], [ 2.22258, 6.4675 ] ] ], [ [ [ 2.21478, 6.48568 ], [ 2.21433, 6.48477 ], [ 2.21487, 6.48414 ], [ 2.21469, 6.48341 ], [ 2.21568, 6.48405 ], [ 2.21577, 6.48486 ], [ 2.21668, 6.48514 ], [ 2.21623, 6.48405 ], [ 2.21713, 6.48369 ], [ 2.21559, 6.48342 ], [ 2.21551, 6.4826 ], [ 2.21587, 6.48188 ], [ 2.21641, 6.48215 ], [ 2.21695, 6.48179 ], [ 2.2165, 6.48125 ], [ 2.21687, 6.4807 ], [ 2.21632, 6.48088 ], [ 2.21641, 6.48061 ], [ 2.21596, 6.48052 ], [ 2.21596, 6.48106 ], [ 2.2156, 6.48124 ], [ 2.21578, 6.4817 ], [ 2.21515, 6.48142 ], [ 2.21469, 6.48197 ], [ 2.21451, 6.48151 ], [ 2.21415, 6.48224 ], [ 2.21415, 6.4835 ], [ 2.21379, 6.48359 ], [ 2.21378, 6.48432 ], [ 2.21306, 6.48576 ], [ 2.21351, 6.48576 ], [ 2.21369, 6.48513 ], [ 2.2146, 6.48622 ], [ 2.21478, 6.48568 ] ] ], [ [ [ 2.33037, 6.34661 ], [ 2.31563, 6.34523 ], [ 2.315, 6.34568 ], [ 2.31446, 6.3474 ], [ 2.31554, 6.3465 ], [ 2.31699, 6.34741 ], [ 2.31843, 6.3475 ], [ 2.31871, 6.34668 ], [ 2.31907, 6.34678 ], [ 2.31889, 6.34696 ], [ 2.31898, 6.34732 ], [ 2.31934, 6.34678 ], [ 2.3197, 6.34714 ], [ 2.31952, 6.3465 ], [ 2.32205, 6.34687 ], [ 2.32187, 6.34633 ], [ 2.32214, 6.34624 ], [ 2.32259, 6.34687 ], [ 2.32223, 6.34714 ], [ 2.32241, 6.34741 ], [ 2.32305, 6.34705 ], [ 2.32386, 6.34751 ], [ 2.3244, 6.34723 ], [ 2.32485, 6.34814 ], [ 2.32576, 6.34796 ], [ 2.32603, 6.34742 ], [ 2.32684, 6.34751 ], [ 2.32711, 6.34814 ], [ 2.32775, 6.34769 ], [ 2.32874, 6.34842 ], [ 2.33064, 6.34887 ], [ 2.33037, 6.34661 ] ] ], [ [ [ 2.32295, 6.35338 ], [ 2.32358, 6.35366 ], [ 2.32521, 6.35339 ], [ 2.3253, 6.35312 ], [ 2.3272, 6.35339 ], [ 2.32828, 6.35303 ], [ 2.3281, 6.35249 ], [ 2.32856, 6.35194 ], [ 2.3281, 6.3514 ], [ 2.32774, 6.35185 ], [ 2.32684, 6.35167 ], [ 2.32666, 6.35122 ], [ 2.32512, 6.35221 ], [ 2.32385, 6.35248 ], [ 2.3234, 6.3513 ], [ 2.32295, 6.35212 ], [ 2.32123, 6.3523 ], [ 2.32141, 6.35302 ], [ 2.32042, 6.3532 ], [ 2.32005, 6.35293 ], [ 2.31978, 6.35365 ], [ 2.32231, 6.35393 ], [ 2.32295, 6.35338 ] ] ], [ [ [ 2.30974, 6.35997 ], [ 2.31182, 6.35997 ], [ 2.31191, 6.3597 ], [ 2.31164, 6.35925 ], [ 2.31137, 6.35952 ], [ 2.31137, 6.35916 ], [ 2.31191, 6.35907 ], [ 2.31155, 6.35771 ], [ 2.31218, 6.35717 ], [ 2.31272, 6.35717 ], [ 2.31273, 6.35672 ], [ 2.31417, 6.35654 ], [ 2.31327, 6.35609 ], [ 2.31381, 6.35527 ], [ 2.31454, 6.35564 ], [ 2.31399, 6.35582 ], [ 2.31399, 6.356 ], [ 2.31453, 6.35591 ], [ 2.3149, 6.35627 ], [ 2.31589, 6.35609 ], [ 2.31698, 6.35681 ], [ 2.31697, 6.35799 ], [ 2.31833, 6.35763 ], [ 2.31806, 6.35673 ], [ 2.31842, 6.35627 ], [ 2.31896, 6.35655 ], [ 2.31924, 6.35628 ], [ 2.32195, 6.35628 ], [ 2.32204, 6.35655 ], [ 2.3215, 6.35655 ], [ 2.3215, 6.35691 ], [ 2.32322, 6.35646 ], [ 2.32367, 6.35719 ], [ 2.32376, 6.35673 ], [ 2.32412, 6.3571 ], [ 2.32466, 6.35692 ], [ 2.32439, 6.358 ], [ 2.32547, 6.35764 ], [ 2.32548, 6.35655 ], [ 2.32665, 6.35674 ], [ 2.32665, 6.35647 ], [ 2.32584, 6.35574 ], [ 2.32493, 6.35556 ], [ 2.3243, 6.35592 ], [ 2.32358, 6.35529 ], [ 2.32123, 6.35546 ], [ 2.32078, 6.35483 ], [ 2.31978, 6.35483 ], [ 2.31978, 6.35429 ], [ 2.3187, 6.35483 ], [ 2.31825, 6.35365 ], [ 2.31933, 6.35338 ], [ 2.31888, 6.35293 ], [ 2.3187, 6.35311 ], [ 2.31888, 6.35238 ], [ 2.31743, 6.35256 ], [ 2.31716, 6.35202 ], [ 2.3168, 6.35202 ], [ 2.3168, 6.35265 ], [ 2.31626, 6.35274 ], [ 2.31581, 6.35229 ], [ 2.31535, 6.3531 ], [ 2.31454, 6.35319 ], [ 2.31454, 6.35283 ], [ 2.314, 6.35283 ], [ 2.31418, 6.3522 ], [ 2.31409, 6.35184 ], [ 2.31345, 6.35229 ], [ 2.31363, 6.35301 ], [ 2.31228, 6.35247 ], [ 2.31246, 6.35337 ], [ 2.3121, 6.35346 ], [ 2.31101, 6.35265 ], [ 2.3102, 6.35264 ], [ 2.31011, 6.35156 ], [ 2.30957, 6.35156 ], [ 2.30948, 6.35201 ], [ 2.30884, 6.35174 ], [ 2.30857, 6.35219 ], [ 2.30803, 6.35174 ], [ 2.30767, 6.35192 ], [ 2.30758, 6.35327 ], [ 2.30938, 6.35382 ], [ 2.30966, 6.35337 ], [ 2.31056, 6.35346 ], [ 2.31065, 6.3531 ], [ 2.31119, 6.35337 ], [ 2.31128, 6.3531 ], [ 2.312, 6.35473 ], [ 2.31336, 6.35473 ], [ 2.31336, 6.35563 ], [ 2.31218, 6.35518 ], [ 2.31219, 6.35491 ], [ 2.31092, 6.35545 ], [ 2.31083, 6.35455 ], [ 2.30956, 6.35554 ], [ 2.30857, 6.35581 ], [ 2.30739, 6.3549 ], [ 2.30703, 6.35499 ], [ 2.30676, 6.35535 ], [ 2.30712, 6.35535 ], [ 2.30712, 6.35617 ], [ 2.30757, 6.35635 ], [ 2.30757, 6.35716 ], [ 2.30685, 6.35753 ], [ 2.30594, 6.35734 ], [ 2.30585, 6.35825 ], [ 2.3045, 6.35743 ], [ 2.30449, 6.35834 ], [ 2.30486, 6.35879 ], [ 2.30458, 6.35915 ], [ 2.30522, 6.35906 ], [ 2.30558, 6.35942 ], [ 2.30621, 6.35915 ], [ 2.30594, 6.3587 ], [ 2.30648, 6.3587 ], [ 2.30612, 6.35843 ], [ 2.30784, 6.35825 ], [ 2.30829, 6.35861 ], [ 2.3092, 6.35798 ], [ 2.31028, 6.35789 ], [ 2.31064, 6.35744 ], [ 2.31082, 6.35807 ], [ 2.3101, 6.35889 ], [ 2.31019, 6.35961 ], [ 2.30983, 6.35943 ], [ 2.30947, 6.35952 ], [ 2.30992, 6.3597 ], [ 2.30956, 6.35979 ], [ 2.30974, 6.35997 ] ] ], [ [ [ 2.32564, 6.37031 ], [ 2.326, 6.37067 ], [ 2.32645, 6.37058 ], [ 2.32546, 6.36958 ], [ 2.32555, 6.36913 ], [ 2.32645, 6.3685 ], [ 2.32718, 6.36931 ], [ 2.32763, 6.36868 ], [ 2.32962, 6.36886 ], [ 2.32962, 6.36841 ], [ 2.3289, 6.36859 ], [ 2.32872, 6.36823 ], [ 2.32772, 6.36832 ], [ 2.32763, 6.36805 ], [ 2.32854, 6.36805 ], [ 2.32953, 6.36633 ], [ 2.33017, 6.36642 ], [ 2.33026, 6.36579 ], [ 2.33098, 6.36561 ], [ 2.33098, 6.36534 ], [ 2.33134, 6.36561 ], [ 2.33098, 6.36597 ], [ 2.33098, 6.36669 ], [ 2.33125, 6.36669 ], [ 2.33152, 6.36624 ], [ 2.33206, 6.36624 ], [ 2.33188, 6.36597 ], [ 2.33234, 6.36534 ], [ 2.33288, 6.36516 ], [ 2.33405, 6.36552 ], [ 2.3346, 6.36534 ], [ 2.33451, 6.36588 ], [ 2.33478, 6.36589 ], [ 2.33469, 6.36579 ], [ 2.33478, 6.36534 ], [ 2.33487, 6.36552 ], [ 2.33478, 6.36634 ], [ 2.33423, 6.36634 ], [ 2.33469, 6.36679 ], [ 2.33459, 6.36769 ], [ 2.33405, 6.36797 ], [ 2.33441, 6.36824 ], [ 2.33396, 6.36842 ], [ 2.33487, 6.36824 ], [ 2.33468, 6.37005 ], [ 2.33577, 6.37059 ], [ 2.33649, 6.36978 ], [ 2.33658, 6.36752 ], [ 2.33758, 6.36716 ], [ 2.33704, 6.36688 ], [ 2.3374, 6.36625 ], [ 2.33695, 6.36607 ], [ 2.33695, 6.36571 ], [ 2.33794, 6.36535 ], [ 2.33794, 6.3648 ], [ 2.33722, 6.36462 ], [ 2.33704, 6.36381 ], [ 2.3365, 6.36399 ], [ 2.33623, 6.36363 ], [ 2.33541, 6.36408 ], [ 2.33505, 6.36371 ], [ 2.33433, 6.36371 ], [ 2.33514, 6.36353 ], [ 2.33442, 6.36227 ], [ 2.33333, 6.36281 ], [ 2.33243, 6.36217 ], [ 2.33189, 6.36244 ], [ 2.33071, 6.36217 ], [ 2.33044, 6.36244 ], [ 2.33116, 6.36271 ], [ 2.33062, 6.36289 ], [ 2.32981, 6.36262 ], [ 2.32972, 6.36199 ], [ 2.32691, 6.36253 ], [ 2.32565, 6.36225 ], [ 2.32538, 6.36262 ], [ 2.32502, 6.36225 ], [ 2.3252, 6.36189 ], [ 2.32484, 6.36189 ], [ 2.32493, 6.36225 ], [ 2.3242, 6.3627 ], [ 2.32375, 6.36234 ], [ 2.32276, 6.36252 ], [ 2.3223, 6.36171 ], [ 2.32185, 6.36207 ], [ 2.32086, 6.36171 ], [ 2.32049, 6.36234 ], [ 2.32068, 6.36261 ], [ 2.32031, 6.36279 ], [ 2.31986, 6.36225 ], [ 2.32004, 6.36125 ], [ 2.31968, 6.36089 ], [ 2.32131, 6.36062 ], [ 2.32194, 6.36107 ], [ 2.32203, 6.36044 ], [ 2.32267, 6.36062 ], [ 2.32276, 6.36098 ], [ 2.32312, 6.3608 ], [ 2.32267, 6.36044 ], [ 2.32267, 6.35981 ], [ 2.32194, 6.35999 ], [ 2.32113, 6.35944 ], [ 2.32186, 6.35917 ], [ 2.32131, 6.35872 ], [ 2.32059, 6.35872 ], [ 2.32041, 6.35917 ], [ 2.31923, 6.35953 ], [ 2.31616, 6.3598 ], [ 2.31652, 6.36007 ], [ 2.31634, 6.36034 ], [ 2.31534, 6.36043 ], [ 2.31561, 6.36306 ], [ 2.31606, 6.36297 ], [ 2.3166, 6.36351 ], [ 2.31733, 6.36324 ], [ 2.31733, 6.36405 ], [ 2.31787, 6.36405 ], [ 2.3176, 6.36505 ], [ 2.3185, 6.36532 ], [ 2.31742, 6.3655 ], [ 2.31732, 6.36586 ], [ 2.3166, 6.36586 ], [ 2.31678, 6.36604 ], [ 2.31651, 6.36613 ], [ 2.31787, 6.36659 ], [ 2.31805, 6.36604 ], [ 2.31877, 6.36605 ], [ 2.3185, 6.36487 ], [ 2.31959, 6.36514 ], [ 2.31995, 6.36478 ], [ 2.31995, 6.36523 ], [ 2.31913, 6.36596 ], [ 2.31931, 6.36632 ], [ 2.32013, 6.36623 ], [ 2.32013, 6.36731 ], [ 2.31877, 6.36722 ], [ 2.31868, 6.36776 ], [ 2.31787, 6.36758 ], [ 2.31687, 6.36912 ], [ 2.31759, 6.36903 ], [ 2.31759, 6.36867 ], [ 2.31804, 6.36867 ], [ 2.31777, 6.36912 ], [ 2.31832, 6.36903 ], [ 2.31904, 6.36849 ], [ 2.31913, 6.36804 ], [ 2.31886, 6.36795 ], [ 2.31949, 6.36795 ], [ 2.31922, 6.36867 ], [ 2.31967, 6.36903 ], [ 2.32012, 6.36876 ], [ 2.31994, 6.36777 ], [ 2.3204, 6.36768 ], [ 2.32058, 6.36804 ], [ 2.32148, 6.36804 ], [ 2.32266, 6.36904 ], [ 2.32284, 6.36831 ], [ 2.32374, 6.36858 ], [ 2.32383, 6.36967 ], [ 2.32464, 6.36976 ], [ 2.32464, 6.37021 ], [ 2.32528, 6.37076 ], [ 2.32564, 6.37031 ] ], [ [ 2.32519, 6.36786 ], [ 2.32465, 6.36705 ], [ 2.32257, 6.36732 ], [ 2.32311, 6.36677 ], [ 2.32311, 6.36542 ], [ 2.32438, 6.36461 ], [ 2.32474, 6.36479 ], [ 2.32447, 6.36551 ], [ 2.32564, 6.36569 ], [ 2.32628, 6.36524 ], [ 2.32628, 6.36606 ], [ 2.32582, 6.36605 ], [ 2.32628, 6.36714 ], [ 2.32573, 6.36723 ], [ 2.32609, 6.36768 ], [ 2.32546, 6.3675 ], [ 2.32564, 6.36786 ], [ 2.32519, 6.36786 ] ], [ [ 2.32791, 6.36488 ], [ 2.32763, 6.36524 ], [ 2.32773, 6.36389 ], [ 2.327, 6.36452 ], [ 2.32619, 6.36416 ], [ 2.32655, 6.36343 ], [ 2.32782, 6.36352 ], [ 2.32791, 6.36407 ], [ 2.32836, 6.36398 ], [ 2.32863, 6.36488 ], [ 2.32917, 6.36488 ], [ 2.3289, 6.36497 ], [ 2.32908, 6.3657 ], [ 2.32845, 6.36561 ], [ 2.32827, 6.36597 ], [ 2.32827, 6.36497 ], [ 2.328, 6.36515 ], [ 2.32791, 6.36488 ] ] ], [ [ [ 2.34083, 6.36752 ], [ 2.34138, 6.3677 ], [ 2.34156, 6.36725 ], [ 2.34201, 6.36725 ], [ 2.34201, 6.3668 ], [ 2.34147, 6.36671 ], [ 2.34183, 6.36617 ], [ 2.34147, 6.36598 ], [ 2.34138, 6.36653 ], [ 2.34102, 6.36635 ], [ 2.3412, 6.36571 ], [ 2.34066, 6.36589 ], [ 2.34065, 6.36698 ], [ 2.33939, 6.36725 ], [ 2.3402, 6.36734 ], [ 2.34065, 6.36815 ], [ 2.34083, 6.36752 ] ] ], [ [ [ 2.34562, 6.3706 ], [ 2.34571, 6.37024 ], [ 2.34689, 6.36979 ], [ 2.3459, 6.36934 ], [ 2.3459, 6.3687 ], [ 2.34554, 6.36843 ], [ 2.3459, 6.36744 ], [ 2.34454, 6.36825 ], [ 2.34436, 6.36915 ], [ 2.34391, 6.36888 ], [ 2.34382, 6.36933 ], [ 2.343, 6.36915 ], [ 2.34318, 6.3697 ], [ 2.34373, 6.36952 ], [ 2.34391, 6.36979 ], [ 2.34381, 6.37042 ], [ 2.34436, 6.37051 ], [ 2.34472, 6.37006 ], [ 2.34499, 6.37078 ], [ 2.34562, 6.3706 ] ] ], [ [ [ 2.31804, 6.3731 ], [ 2.31822, 6.36975 ], [ 2.31795, 6.37039 ], [ 2.31714, 6.36948 ], [ 2.31696, 6.36993 ], [ 2.31623, 6.36957 ], [ 2.31551, 6.37002 ], [ 2.31551, 6.37056 ], [ 2.31614, 6.37038 ], [ 2.31696, 6.37102 ], [ 2.3175, 6.37048 ], [ 2.31777, 6.37066 ], [ 2.3175, 6.37102 ], [ 2.31777, 6.37319 ], [ 2.31804, 6.3731 ] ] ], [ [ [ 2.33603, 6.37267 ], [ 2.33694, 6.37267 ], [ 2.33721, 6.37123 ], [ 2.33766, 6.37123 ], [ 2.33812, 6.37005 ], [ 2.33884, 6.37023 ], [ 2.33875, 6.36978 ], [ 2.33758, 6.36996 ], [ 2.33767, 6.3705 ], [ 2.33703, 6.37086 ], [ 2.33667, 6.37068 ], [ 2.33658, 6.37095 ], [ 2.33649, 6.37059 ], [ 2.33667, 6.37141 ], [ 2.33567, 6.3715 ], [ 2.3354, 6.37204 ], [ 2.33495, 6.37204 ], [ 2.33495, 6.37267 ], [ 2.33522, 6.37258 ], [ 2.3354, 6.37312 ], [ 2.33603, 6.37267 ] ] ], [ [ [ 2.32997, 6.37375 ], [ 2.32989, 6.37312 ], [ 2.33025, 6.37375 ], [ 2.33016, 6.37285 ], [ 2.33088, 6.37248 ], [ 2.3307, 6.37212 ], [ 2.32998, 6.37185 ], [ 2.32907, 6.37203 ], [ 2.32907, 6.37239 ], [ 2.32853, 6.37203 ], [ 2.32799, 6.37221 ], [ 2.32817, 6.37275 ], [ 2.32943, 6.37321 ], [ 2.32916, 6.37366 ], [ 2.32898, 6.37348 ], [ 2.32889, 6.37411 ], [ 2.32997, 6.37375 ] ] ], [ [ [ 2.3259, 6.38098 ], [ 2.3259, 6.38017 ], [ 2.32644, 6.38044 ], [ 2.32707, 6.37999 ], [ 2.32707, 6.37954 ], [ 2.32599, 6.37953 ], [ 2.3259, 6.37917 ], [ 2.32617, 6.37917 ], [ 2.32635, 6.37836 ], [ 2.32698, 6.37854 ], [ 2.32671, 6.37818 ], [ 2.32762, 6.37791 ], [ 2.3278, 6.37691 ], [ 2.32653, 6.37691 ], [ 2.32599, 6.37637 ], [ 2.32608, 6.37592 ], [ 2.32545, 6.37546 ], [ 2.32536, 6.37592 ], [ 2.32509, 6.37546 ], [ 2.32473, 6.37619 ], [ 2.32491, 6.37736 ], [ 2.32409, 6.377 ], [ 2.32418, 6.37646 ], [ 2.32373, 6.37655 ], [ 2.32373, 6.37609 ], [ 2.32283, 6.37618 ], [ 2.32265, 6.37555 ], [ 2.32256, 6.37591 ], [ 2.32247, 6.37555 ], [ 2.32201, 6.376 ], [ 2.32174, 6.37582 ], [ 2.32129, 6.37672 ], [ 2.32084, 6.37672 ], [ 2.32084, 6.37636 ], [ 2.31984, 6.37654 ], [ 2.3193, 6.37618 ], [ 2.31975, 6.376 ], [ 2.31948, 6.37591 ], [ 2.31966, 6.37555 ], [ 2.31804, 6.37491 ], [ 2.31803, 6.376 ], [ 2.31749, 6.3759 ], [ 2.31731, 6.37654 ], [ 2.31749, 6.37681 ], [ 2.31803, 6.37663 ], [ 2.31839, 6.37735 ], [ 2.31948, 6.3779 ], [ 2.31975, 6.37898 ], [ 2.32083, 6.37926 ], [ 2.32065, 6.38025 ], [ 2.32101, 6.3807 ], [ 2.32156, 6.3807 ], [ 2.32246, 6.37935 ], [ 2.32346, 6.37944 ], [ 2.32427, 6.37881 ], [ 2.32472, 6.37881 ], [ 2.32454, 6.37908 ], [ 2.3249, 6.37962 ], [ 2.32545, 6.37971 ], [ 2.3249, 6.38008 ], [ 2.32526, 6.38098 ], [ 2.3259, 6.38098 ] ] ], [ [ [ 2.33946, 6.37892 ], [ 2.34182, 6.37829 ], [ 2.34127, 6.37765 ], [ 2.34019, 6.37802 ], [ 2.34109, 6.37711 ], [ 2.34037, 6.37702 ], [ 2.33965, 6.37765 ], [ 2.33983, 6.37856 ], [ 2.33946, 6.37892 ] ] ], [ [ [ 2.31441, 6.38051 ], [ 2.3145, 6.37997 ], [ 2.31496, 6.3797 ], [ 2.31559, 6.37997 ], [ 2.31658, 6.3797 ], [ 2.31631, 6.37952 ], [ 2.31677, 6.37898 ], [ 2.31622, 6.37889 ], [ 2.3164, 6.37835 ], [ 2.31559, 6.37862 ], [ 2.31541, 6.37807 ], [ 2.31469, 6.37825 ], [ 2.31469, 6.3778 ], [ 2.31423, 6.37771 ], [ 2.31414, 6.37735 ], [ 2.31469, 6.37708 ], [ 2.31424, 6.37671 ], [ 2.3146, 6.37599 ], [ 2.31279, 6.37608 ], [ 2.31207, 6.37698 ], [ 2.31179, 6.37689 ], [ 2.31198, 6.37662 ], [ 2.31134, 6.37653 ], [ 2.31134, 6.37689 ], [ 2.31188, 6.37716 ], [ 2.31206, 6.37834 ], [ 2.31279, 6.37852 ], [ 2.31279, 6.37888 ], [ 2.31315, 6.37888 ], [ 2.31324, 6.37834 ], [ 2.31414, 6.37852 ], [ 2.31414, 6.37825 ], [ 2.31441, 6.37871 ], [ 2.31514, 6.3788 ], [ 2.31514, 6.37907 ], [ 2.31468, 6.37907 ], [ 2.3136, 6.37861 ], [ 2.31342, 6.37898 ], [ 2.3145, 6.37934 ], [ 2.31441, 6.3797 ], [ 2.31405, 6.37934 ], [ 2.31378, 6.37952 ], [ 2.31369, 6.38033 ], [ 2.31441, 6.38051 ] ] ], [ [ [ 2.33729, 6.38217 ], [ 2.33783, 6.38091 ], [ 2.33756, 6.38064 ], [ 2.33702, 6.38082 ], [ 2.33648, 6.38 ], [ 2.33431, 6.37918 ], [ 2.33431, 6.37855 ], [ 2.33359, 6.37891 ], [ 2.33232, 6.37891 ], [ 2.33259, 6.37936 ], [ 2.33404, 6.37936 ], [ 2.33431, 6.38081 ], [ 2.33494, 6.38108 ], [ 2.33548, 6.38072 ], [ 2.33711, 6.38136 ], [ 2.33729, 6.38217 ] ] ], [ [ [ 2.33448, 6.38434 ], [ 2.33448, 6.38389 ], [ 2.33494, 6.38389 ], [ 2.33476, 6.38262 ], [ 2.33403, 6.38353 ], [ 2.33376, 6.38334 ], [ 2.33421, 6.38289 ], [ 2.33394, 6.38271 ], [ 2.33403, 6.38199 ], [ 2.33195, 6.38199 ], [ 2.33213, 6.38253 ], [ 2.33322, 6.38244 ], [ 2.33258, 6.38334 ], [ 2.33349, 6.38271 ], [ 2.33367, 6.38343 ], [ 2.33331, 6.38352 ], [ 2.33322, 6.38407 ], [ 2.33394, 6.38362 ], [ 2.33439, 6.3838 ], [ 2.33412, 6.38443 ], [ 2.33448, 6.38434 ] ] ], [ [ [ 2.3456, 6.38553 ], [ 2.34524, 6.38481 ], [ 2.3457, 6.3849 ], [ 2.34597, 6.38454 ], [ 2.34488, 6.38399 ], [ 2.34488, 6.38354 ], [ 2.34398, 6.383 ], [ 2.3438, 6.38236 ], [ 2.34335, 6.38227 ], [ 2.34371, 6.38318 ], [ 2.34253, 6.38308 ], [ 2.34262, 6.38408 ], [ 2.34298, 6.38417 ], [ 2.34262, 6.38435 ], [ 2.34316, 6.38444 ], [ 2.34352, 6.38508 ], [ 2.34425, 6.38499 ], [ 2.34443, 6.38544 ], [ 2.34524, 6.38562 ], [ 2.3456, 6.38553 ] ] ], [ [ [ 2.32046, 6.38496 ], [ 2.3201, 6.38468 ], [ 2.3201, 6.38496 ], [ 2.32046, 6.38496 ] ] ], [ [ [ 2.32019, 6.38577 ], [ 2.3201, 6.38505 ], [ 2.31983, 6.3855 ], [ 2.32019, 6.38577 ] ] ], [ [ [ 2.31549, 6.38703 ], [ 2.31648, 6.38558 ], [ 2.31603, 6.38558 ], [ 2.31603, 6.38477 ], [ 2.3154, 6.38413 ], [ 2.3145, 6.38413 ], [ 2.31422, 6.38513 ], [ 2.31576, 6.38576 ], [ 2.31576, 6.38622 ], [ 2.31522, 6.38612 ], [ 2.31558, 6.38649 ], [ 2.31549, 6.38703 ] ] ], [ [ [ 2.31115, 6.38856 ], [ 2.31286, 6.38847 ], [ 2.31286, 6.38802 ], [ 2.31205, 6.38802 ], [ 2.31241, 6.38757 ], [ 2.31214, 6.38739 ], [ 2.31232, 6.38703 ], [ 2.31395, 6.38703 ], [ 2.31305, 6.38648 ], [ 2.31323, 6.38576 ], [ 2.31269, 6.38576 ], [ 2.31305, 6.38486 ], [ 2.31214, 6.38549 ], [ 2.31133, 6.3844 ], [ 2.31115, 6.38467 ], [ 2.31151, 6.38494 ], [ 2.31016, 6.38503 ], [ 2.31007, 6.38431 ], [ 2.30934, 6.3844 ], [ 2.30916, 6.38476 ], [ 2.3078, 6.38458 ], [ 2.30799, 6.38403 ], [ 2.30762, 6.38412 ], [ 2.30744, 6.3853 ], [ 2.3069, 6.3853 ], [ 2.30672, 6.38575 ], [ 2.30699, 6.38639 ], [ 2.30735, 6.38639 ], [ 2.30717, 6.38684 ], [ 2.30771, 6.38711 ], [ 2.30771, 6.38783 ], [ 2.30816, 6.38765 ], [ 2.30843, 6.38838 ], [ 2.30925, 6.3882 ], [ 2.31078, 6.38874 ], [ 2.31024, 6.38883 ], [ 2.31042, 6.38919 ], [ 2.31115, 6.38856 ] ] ], [ [ [ 2.3201, 6.38839 ], [ 2.32019, 6.38649 ], [ 2.32046, 6.38658 ], [ 2.32046, 6.38613 ], [ 2.31965, 6.38676 ], [ 2.31974, 6.38839 ], [ 2.31992, 6.38812 ], [ 2.3201, 6.38839 ] ] ], [ [ [ 2.32833, 6.38786 ], [ 2.32842, 6.38813 ], [ 2.3295, 6.38813 ], [ 2.3296, 6.38705 ], [ 2.32878, 6.38696 ], [ 2.3286, 6.3875 ], [ 2.32851, 6.38705 ], [ 2.32743, 6.38686 ], [ 2.32661, 6.3875 ], [ 2.32706, 6.38813 ], [ 2.32833, 6.38786 ] ] ], [ [ [ 2.30707, 6.38964 ], [ 2.30744, 6.38964 ], [ 2.30744, 6.38928 ], [ 2.30753, 6.38964 ], [ 2.30816, 6.38928 ], [ 2.30807, 6.38865 ], [ 2.30608, 6.38874 ], [ 2.30599, 6.38955 ], [ 2.30653, 6.38937 ], [ 2.30617, 6.39036 ], [ 2.30698, 6.39018 ], [ 2.30707, 6.38964 ] ] ], [ [ [ 2.35093, 6.39404 ], [ 2.35174, 6.39296 ], [ 2.35147, 6.39196 ], [ 2.35093, 6.39214 ], [ 2.35093, 6.39178 ], [ 2.35166, 6.3916 ], [ 2.35211, 6.39051 ], [ 2.35157, 6.38988 ], [ 2.35148, 6.39115 ], [ 2.35084, 6.3916 ], [ 2.3503, 6.39151 ], [ 2.34985, 6.39205 ], [ 2.34867, 6.39214 ], [ 2.34822, 6.39268 ], [ 2.34849, 6.39331 ], [ 2.34984, 6.39323 ], [ 2.35002, 6.39395 ], [ 2.35093, 6.39404 ] ] ], [ [ [ 2.35319, 6.39622 ], [ 2.35265, 6.39549 ], [ 2.35147, 6.39649 ], [ 2.35174, 6.39757 ], [ 2.35246, 6.39802 ], [ 2.35228, 6.39866 ], [ 2.35336, 6.39866 ], [ 2.35319, 6.39622 ] ] ], [ [ [ 2.33329, 6.39845 ], [ 2.33401, 6.39818 ], [ 2.33374, 6.39746 ], [ 2.33338, 6.39737 ], [ 2.33401, 6.39646 ], [ 2.3332, 6.39673 ], [ 2.33239, 6.39601 ], [ 2.33248, 6.39718 ], [ 2.33121, 6.39655 ], [ 2.33004, 6.39664 ], [ 2.32967, 6.39619 ], [ 2.32805, 6.39609 ], [ 2.3275, 6.39627 ], [ 2.32759, 6.39718 ], [ 2.32732, 6.39736 ], [ 2.3266, 6.39736 ], [ 2.32606, 6.39672 ], [ 2.32452, 6.39627 ], [ 2.32452, 6.39754 ], [ 2.32397, 6.39781 ], [ 2.32397, 6.39826 ], [ 2.32434, 6.39835 ], [ 2.32551, 6.3979 ], [ 2.32678, 6.39835 ], [ 2.32741, 6.3979 ], [ 2.32804, 6.39845 ], [ 2.32931, 6.39854 ], [ 2.33012, 6.39845 ], [ 2.32994, 6.39791 ], [ 2.33121, 6.39754 ], [ 2.33175, 6.39836 ], [ 2.33248, 6.39827 ], [ 2.33284, 6.39908 ], [ 2.33329, 6.39845 ] ] ], [ [ [ 2.31963, 6.39816 ], [ 2.32063, 6.39835 ], [ 2.32108, 6.39789 ], [ 2.32153, 6.39789 ], [ 2.32135, 6.39853 ], [ 2.32162, 6.39826 ], [ 2.32244, 6.39826 ], [ 2.32262, 6.39871 ], [ 2.32298, 6.39853 ], [ 2.32289, 6.39799 ], [ 2.32235, 6.39799 ], [ 2.32235, 6.39753 ], [ 2.32153, 6.39753 ], [ 2.32117, 6.39708 ], [ 2.32027, 6.39753 ], [ 2.31918, 6.39726 ], [ 2.31891, 6.39771 ], [ 2.31746, 6.39753 ], [ 2.31773, 6.39843 ], [ 2.31828, 6.39834 ], [ 2.31837, 6.3987 ], [ 2.31954, 6.39807 ], [ 2.3199, 6.39889 ], [ 2.31963, 6.39816 ] ] ], [ [ [ 2.33844, 6.39909 ], [ 2.33781, 6.39882 ], [ 2.33862, 6.39864 ], [ 2.33835, 6.39819 ], [ 2.33881, 6.39792 ], [ 2.34025, 6.39837 ], [ 2.34034, 6.39747 ], [ 2.33989, 6.39747 ], [ 2.34025, 6.39729 ], [ 2.33989, 6.39656 ], [ 2.33944, 6.39656 ], [ 2.33926, 6.39701 ], [ 2.33817, 6.39656 ], [ 2.33817, 6.3971 ], [ 2.33709, 6.39665 ], [ 2.33555, 6.3971 ], [ 2.336, 6.39818 ], [ 2.33736, 6.39791 ], [ 2.33781, 6.39819 ], [ 2.33564, 6.39846 ], [ 2.33555, 6.39882 ], [ 2.33627, 6.39954 ], [ 2.33654, 6.39927 ], [ 2.33627, 6.39909 ], [ 2.33727, 6.39891 ], [ 2.33826, 6.39982 ], [ 2.33844, 6.39909 ] ] ], [ [ [ 2.301, 6.40139 ], [ 2.30163, 6.4004 ], [ 2.30172, 6.40094 ], [ 2.30245, 6.40149 ], [ 2.30263, 6.40094 ], [ 2.30218, 6.40085 ], [ 2.30218, 6.40049 ], [ 2.30317, 6.40058 ], [ 2.30308, 6.39977 ], [ 2.30435, 6.40022 ], [ 2.30417, 6.39959 ], [ 2.30489, 6.39968 ], [ 2.30552, 6.39923 ], [ 2.30589, 6.3995 ], [ 2.3067, 6.39932 ], [ 2.30634, 6.39995 ], [ 2.30652, 6.40023 ], [ 2.30706, 6.40023 ], [ 2.30688, 6.39959 ], [ 2.30733, 6.39941 ], [ 2.30787, 6.39969 ], [ 2.30787, 6.40041 ], [ 2.30851, 6.39996 ], [ 2.31032, 6.39969 ], [ 2.31077, 6.4005 ], [ 2.31158, 6.39924 ], [ 2.31276, 6.39933 ], [ 2.31276, 6.39987 ], [ 2.31267, 6.39969 ], [ 2.31249, 6.39987 ], [ 2.31294, 6.40005 ], [ 2.31348, 6.39996 ], [ 2.31357, 6.39924 ], [ 2.31466, 6.39888 ], [ 2.31357, 6.3987 ], [ 2.3133, 6.39852 ], [ 2.31348, 6.39815 ], [ 2.31303, 6.39797 ], [ 2.31113, 6.39833 ], [ 2.31095, 6.39788 ], [ 2.31131, 6.3977 ], [ 2.31068, 6.3977 ], [ 2.31077, 6.39725 ], [ 2.30969, 6.39706 ], [ 2.30978, 6.3967 ], [ 2.31077, 6.39643 ], [ 2.31068, 6.39598 ], [ 2.31123, 6.39544 ], [ 2.31105, 6.39471 ], [ 2.31078, 6.39471 ], [ 2.31096, 6.39526 ], [ 2.31041, 6.39544 ], [ 2.31041, 6.39625 ], [ 2.3096, 6.39643 ], [ 2.30996, 6.39562 ], [ 2.30978, 6.39553 ], [ 2.30905, 6.39643 ], [ 2.30869, 6.39607 ], [ 2.30788, 6.39625 ], [ 2.30815, 6.3967 ], [ 2.30743, 6.39724 ], [ 2.30589, 6.39679 ], [ 2.30589, 6.39787 ], [ 2.30661, 6.39796 ], [ 2.30688, 6.39851 ], [ 2.3077, 6.39851 ], [ 2.30797, 6.39905 ], [ 2.30661, 6.39923 ], [ 2.30661, 6.39887 ], [ 2.30516, 6.39878 ], [ 2.30516, 6.39805 ], [ 2.30471, 6.3986 ], [ 2.3039, 6.39859 ], [ 2.30381, 6.39742 ], [ 2.30345, 6.3976 ], [ 2.30363, 6.39805 ], [ 2.30317, 6.39805 ], [ 2.30335, 6.39868 ], [ 2.30299, 6.39905 ], [ 2.30182, 6.39904 ], [ 2.30136, 6.39931 ], [ 2.30154, 6.39959 ], [ 2.301, 6.39949 ], [ 2.30109, 6.3994 ], [ 2.301, 6.39904 ], [ 2.30055, 6.39986 ], [ 2.2991, 6.39976 ], [ 2.29883, 6.39922 ], [ 2.29775, 6.39967 ], [ 2.29793, 6.39904 ], [ 2.29684, 6.39904 ], [ 2.29702, 6.39877 ], [ 2.29657, 6.39849 ], [ 2.2963, 6.39867 ], [ 2.29666, 6.39913 ], [ 2.29612, 6.39931 ], [ 2.29648, 6.39958 ], [ 2.29612, 6.40039 ], [ 2.29684, 6.4013 ], [ 2.29738, 6.40121 ], [ 2.29738, 6.40067 ], [ 2.29765, 6.40085 ], [ 2.29756, 6.40157 ], [ 2.29792, 6.40139 ], [ 2.29802, 6.40067 ], [ 2.29928, 6.40094 ], [ 2.30055, 6.40067 ], [ 2.30028, 6.40139 ], [ 2.29991, 6.4013 ], [ 2.30001, 6.40094 ], [ 2.29964, 6.40121 ], [ 2.30019, 6.40176 ], [ 2.301, 6.40139 ] ] ], [ [ [ 2.35345, 6.39911 ], [ 2.35246, 6.39893 ], [ 2.35201, 6.39839 ], [ 2.35228, 6.39947 ], [ 2.35101, 6.39965 ], [ 2.3521, 6.39992 ], [ 2.35282, 6.39947 ], [ 2.35237, 6.40029 ], [ 2.35309, 6.40074 ], [ 2.35345, 6.40056 ], [ 2.35345, 6.39911 ] ] ], [ [ [ 2.34522, 6.40571 ], [ 2.34603, 6.40344 ], [ 2.34549, 6.40353 ], [ 2.34558, 6.40435 ], [ 2.34441, 6.40399 ], [ 2.34368, 6.40426 ], [ 2.34332, 6.40371 ], [ 2.34287, 6.40398 ], [ 2.34287, 6.40353 ], [ 2.34233, 6.40308 ], [ 2.34223, 6.40398 ], [ 2.34115, 6.40317 ], [ 2.34133, 6.40398 ], [ 2.34061, 6.40489 ], [ 2.3416, 6.40489 ], [ 2.34178, 6.40452 ], [ 2.34232, 6.4048 ], [ 2.34223, 6.40516 ], [ 2.34323, 6.40561 ], [ 2.34332, 6.40489 ], [ 2.34413, 6.40444 ], [ 2.34459, 6.40453 ], [ 2.34458, 6.40543 ], [ 2.34522, 6.40571 ] ] ], [ [ [ 2.35558, 6.43847 ], [ 2.35512, 6.4391 ], [ 2.35512, 6.43802 ], [ 2.35458, 6.43811 ], [ 2.35458, 6.43729 ], [ 2.35377, 6.4372 ], [ 2.35395, 6.4381 ], [ 2.35359, 6.43883 ], [ 2.35404, 6.43892 ], [ 2.35404, 6.44009 ], [ 2.35449, 6.44073 ], [ 2.35548, 6.44055 ], [ 2.35566, 6.44082 ], [ 2.35566, 6.44154 ], [ 2.35503, 6.44236 ], [ 2.35557, 6.44281 ], [ 2.35521, 6.44353 ], [ 2.35629, 6.44381 ], [ 2.35593, 6.4448 ], [ 2.35692, 6.44516 ], [ 2.35711, 6.44471 ], [ 2.35756, 6.44471 ], [ 2.35765, 6.44526 ], [ 2.35891, 6.4449 ], [ 2.359, 6.44544 ], [ 2.35909, 6.44499 ], [ 2.35955, 6.44499 ], [ 2.35955, 6.44535 ], [ 2.35928, 6.44526 ], [ 2.35955, 6.44571 ], [ 2.359, 6.4458 ], [ 2.35955, 6.4458 ], [ 2.35982, 6.44625 ], [ 2.3609, 6.44616 ], [ 2.36153, 6.44689 ], [ 2.36153, 6.44743 ], [ 2.36208, 6.44698 ], [ 2.36208, 6.44752 ], [ 2.36253, 6.44752 ], [ 2.36244, 6.44653 ], [ 2.36307, 6.44662 ], [ 2.36271, 6.44798 ], [ 2.36208, 6.4477 ], [ 2.36189, 6.44825 ], [ 2.3609, 6.4477 ], [ 2.36027, 6.44815 ], [ 2.36054, 6.44861 ], [ 2.36153, 6.44861 ], [ 2.36081, 6.44906 ], [ 2.36072, 6.44996 ], [ 2.36144, 6.44978 ], [ 2.36207, 6.45033 ], [ 2.36234, 6.44988 ], [ 2.3628, 6.44997 ], [ 2.36262, 6.45042 ], [ 2.36225, 6.45042 ], [ 2.36261, 6.45141 ], [ 2.3618, 6.45168 ], [ 2.36352, 6.45196 ], [ 2.36388, 6.45304 ], [ 2.36243, 6.45268 ], [ 2.36252, 6.4534 ], [ 2.36334, 6.45304 ], [ 2.36306, 6.45341 ], [ 2.36379, 6.45359 ], [ 2.36379, 6.45395 ], [ 2.36306, 6.45395 ], [ 2.36342, 6.4544 ], [ 2.3637, 6.45413 ], [ 2.36342, 6.45512 ], [ 2.36487, 6.45486 ], [ 2.36451, 6.4554 ], [ 2.36532, 6.45549 ], [ 2.36559, 6.45603 ], [ 2.36577, 6.45567 ], [ 2.3655, 6.45558 ], [ 2.36586, 6.45558 ], [ 2.36623, 6.45603 ], [ 2.36586, 6.45694 ], [ 2.36577, 6.4563 ], [ 2.36523, 6.45648 ], [ 2.36568, 6.45676 ], [ 2.36541, 6.45739 ], [ 2.36568, 6.45802 ], [ 2.36505, 6.4582 ], [ 2.36433, 6.45694 ], [ 2.36396, 6.45766 ], [ 2.36369, 6.45684 ], [ 2.36342, 6.45675 ], [ 2.36342, 6.45748 ], [ 2.36306, 6.45748 ], [ 2.36324, 6.45675 ], [ 2.36234, 6.45684 ], [ 2.36206, 6.45784 ], [ 2.3627, 6.45757 ], [ 2.36288, 6.4582 ], [ 2.36206, 6.45811 ], [ 2.36206, 6.45901 ], [ 2.36152, 6.45919 ], [ 2.36152, 6.45965 ], [ 2.36206, 6.45992 ], [ 2.36206, 6.46064 ], [ 2.36215, 6.45983 ], [ 2.36251, 6.45956 ], [ 2.36297, 6.4601 ], [ 2.36333, 6.45938 ], [ 2.36288, 6.45856 ], [ 2.36369, 6.45911 ], [ 2.36595, 6.45938 ], [ 2.36595, 6.45974 ], [ 2.36577, 6.4601 ], [ 2.36486, 6.45992 ], [ 2.36423, 6.46019 ], [ 2.3645, 6.46046 ], [ 2.36523, 6.46019 ], [ 2.36504, 6.46055 ], [ 2.3655, 6.46065 ], [ 2.36513, 6.46101 ], [ 2.36432, 6.46073 ], [ 2.36423, 6.46037 ], [ 2.36369, 6.46101 ], [ 2.36314, 6.46091 ], [ 2.36296, 6.46137 ], [ 2.36251, 6.46137 ], [ 2.3626, 6.46173 ], [ 2.36215, 6.46182 ], [ 2.3626, 6.46227 ], [ 2.36233, 6.46263 ], [ 2.3617, 6.4629 ], [ 2.36115, 6.46254 ], [ 2.36088, 6.46299 ], [ 2.36142, 6.46399 ], [ 2.36196, 6.46426 ], [ 2.36242, 6.46426 ], [ 2.36233, 6.46363 ], [ 2.36269, 6.46327 ], [ 2.36314, 6.46471 ], [ 2.36214, 6.46526 ], [ 2.36251, 6.46589 ], [ 2.36305, 6.46544 ], [ 2.36395, 6.46562 ], [ 2.36314, 6.46598 ], [ 2.36278, 6.4658 ], [ 2.36277, 6.46743 ], [ 2.36205, 6.46752 ], [ 2.36205, 6.46851 ], [ 2.36323, 6.46879 ], [ 2.36494, 6.46815 ], [ 2.36558, 6.46924 ], [ 2.36675, 6.4696 ], [ 2.36739, 6.46807 ], [ 2.3673, 6.46879 ], [ 2.36784, 6.46951 ], [ 2.36739, 6.46933 ], [ 2.3672, 6.4696 ], [ 2.36747, 6.47042 ], [ 2.36648, 6.4696 ], [ 2.36576, 6.46987 ], [ 2.36458, 6.46969 ], [ 2.36413, 6.47032 ], [ 2.36503, 6.47186 ], [ 2.3644, 6.47195 ], [ 2.36512, 6.47204 ], [ 2.36385, 6.47231 ], [ 2.36322, 6.47204 ], [ 2.36277, 6.47277 ], [ 2.36322, 6.47286 ], [ 2.36313, 6.47322 ], [ 2.36367, 6.47376 ], [ 2.36421, 6.47376 ], [ 2.36412, 6.47449 ], [ 2.36367, 6.47476 ], [ 2.36394, 6.4753 ], [ 2.36448, 6.47485 ], [ 2.36421, 6.47421 ], [ 2.3653, 6.47431 ], [ 2.36512, 6.47494 ], [ 2.36566, 6.4753 ], [ 2.36711, 6.47485 ], [ 2.36602, 6.4744 ], [ 2.36638, 6.47404 ], [ 2.36711, 6.4744 ], [ 2.36711, 6.47377 ], [ 2.36865, 6.47386 ], [ 2.36874, 6.47431 ], [ 2.36919, 6.4744 ], [ 2.36928, 6.47522 ], [ 2.36973, 6.47522 ], [ 2.36955, 6.47648 ], [ 2.37027, 6.47694 ], [ 2.37045, 6.47648 ], [ 2.37, 6.47603 ], [ 2.37009, 6.47522 ], [ 2.37045, 6.47504 ], [ 2.37045, 6.47395 ], [ 2.37091, 6.47449 ], [ 2.37091, 6.47386 ], [ 2.3719, 6.47413 ], [ 2.37245, 6.47377 ], [ 2.37163, 6.47359 ], [ 2.37163, 6.47305 ], [ 2.37127, 6.47287 ], [ 2.37055, 6.47323 ], [ 2.37055, 6.4725 ], [ 2.37209, 6.47187 ], [ 2.37163, 6.47133 ], [ 2.37272, 6.47024 ], [ 2.37263, 6.46997 ], [ 2.37381, 6.46916 ], [ 2.37426, 6.46934 ], [ 2.37453, 6.46889 ], [ 2.37426, 6.46844 ], [ 2.3758, 6.46726 ], [ 2.37499, 6.46636 ], [ 2.37336, 6.46274 ], [ 2.37282, 6.46237 ], [ 2.37201, 6.46029 ], [ 2.37165, 6.4602 ], [ 2.3712, 6.45839 ], [ 2.36975, 6.45604 ], [ 2.36957, 6.45486 ], [ 2.36894, 6.45359 ], [ 2.36858, 6.4535 ], [ 2.36813, 6.45196 ], [ 2.36777, 6.45187 ], [ 2.36777, 6.45106 ], [ 2.36732, 6.45006 ], [ 2.36696, 6.44997 ], [ 2.36588, 6.44689 ], [ 2.3656, 6.44708 ], [ 2.36506, 6.44653 ], [ 2.36497, 6.4468 ], [ 2.36542, 6.44689 ], [ 2.36524, 6.44735 ], [ 2.36452, 6.44726 ], [ 2.36479, 6.44834 ], [ 2.36397, 6.44834 ], [ 2.36388, 6.44888 ], [ 2.36352, 6.44798 ], [ 2.36371, 6.44671 ], [ 2.36407, 6.44653 ], [ 2.36389, 6.44707 ], [ 2.3647, 6.44716 ], [ 2.36443, 6.44662 ], [ 2.36488, 6.44635 ], [ 2.36443, 6.44563 ], [ 2.3647, 6.44526 ], [ 2.36443, 6.44382 ], [ 2.36362, 6.44273 ], [ 2.36344, 6.44164 ], [ 2.36308, 6.44155 ], [ 2.36308, 6.44074 ], [ 2.36227, 6.43965 ], [ 2.36227, 6.43884 ], [ 2.36173, 6.4382 ], [ 2.36173, 6.43748 ], [ 2.36137, 6.43739 ], [ 2.36092, 6.43558 ], [ 2.36055, 6.43549 ], [ 2.36055, 6.43495 ], [ 2.36001, 6.43431 ], [ 2.35983, 6.43305 ], [ 2.3592, 6.43241 ], [ 2.35866, 6.43024 ], [ 2.35812, 6.42915 ], [ 2.35776, 6.42906 ], [ 2.35758, 6.4278 ], [ 2.35614, 6.42517 ], [ 2.35614, 6.42381 ], [ 2.35568, 6.42363 ], [ 2.35514, 6.4239 ], [ 2.35532, 6.42408 ], [ 2.35478, 6.42408 ], [ 2.35496, 6.42444 ], [ 2.35406, 6.42499 ], [ 2.35288, 6.42489 ], [ 2.35306, 6.4258 ], [ 2.35261, 6.42562 ], [ 2.35261, 6.42508 ], [ 2.35152, 6.42507 ], [ 2.35152, 6.42462 ], [ 2.35098, 6.42444 ], [ 2.35189, 6.42426 ], [ 2.35143, 6.42363 ], [ 2.35189, 6.42317 ], [ 2.35297, 6.42372 ], [ 2.35397, 6.42381 ], [ 2.35415, 6.42354 ], [ 2.35442, 6.42381 ], [ 2.35451, 6.42345 ], [ 2.35397, 6.42345 ], [ 2.35342, 6.42309 ], [ 2.35361, 6.42291 ], [ 2.35306, 6.42309 ], [ 2.35325, 6.422 ], [ 2.3527, 6.42128 ], [ 2.35306, 6.42164 ], [ 2.35388, 6.42191 ], [ 2.3537, 6.42164 ], [ 2.35442, 6.42137 ], [ 2.35487, 6.42164 ], [ 2.35533, 6.42119 ], [ 2.35533, 6.41992 ], [ 2.35506, 6.41983 ], [ 2.35452, 6.41612 ], [ 2.35425, 6.41603 ], [ 2.35416, 6.41386 ], [ 2.35389, 6.41377 ], [ 2.35363, 6.40219 ], [ 2.35246, 6.40282 ], [ 2.352, 6.40273 ], [ 2.35219, 6.40191 ], [ 2.35264, 6.40173 ], [ 2.35201, 6.40038 ], [ 2.35065, 6.40083 ], [ 2.35065, 6.40019 ], [ 2.34993, 6.40019 ], [ 2.34974, 6.40092 ], [ 2.34911, 6.4011 ], [ 2.34884, 6.40064 ], [ 2.34857, 6.40091 ], [ 2.34821, 6.40046 ], [ 2.34857, 6.40037 ], [ 2.34839, 6.39974 ], [ 2.34875, 6.39929 ], [ 2.34848, 6.39901 ], [ 2.3474, 6.3991 ], [ 2.34685, 6.39865 ], [ 2.34649, 6.39937 ], [ 2.34604, 6.39802 ], [ 2.34577, 6.3982 ], [ 2.34541, 6.39765 ], [ 2.34496, 6.39811 ], [ 2.34577, 6.3991 ], [ 2.34559, 6.39973 ], [ 2.34495, 6.39991 ], [ 2.34432, 6.39928 ], [ 2.34432, 6.39874 ], [ 2.34333, 6.39847 ], [ 2.34333, 6.39892 ], [ 2.34387, 6.39883 ], [ 2.34423, 6.39919 ], [ 2.34369, 6.39964 ], [ 2.34278, 6.39928 ], [ 2.34233, 6.39973 ], [ 2.34269, 6.40055 ], [ 2.34242, 6.40082 ], [ 2.34287, 6.40073 ], [ 2.34296, 6.39982 ], [ 2.3436, 6.40027 ], [ 2.34323, 6.40073 ], [ 2.3435, 6.40118 ], [ 2.34332, 6.40199 ], [ 2.34359, 6.40208 ], [ 2.34405, 6.40145 ], [ 2.34504, 6.401 ], [ 2.34477, 6.40055 ], [ 2.34396, 6.40073 ], [ 2.34423, 6.40028 ], [ 2.34595, 6.40073 ], [ 2.34658, 6.40019 ], [ 2.34694, 6.40028 ], [ 2.34712, 6.40073 ], [ 2.34658, 6.40155 ], [ 2.34676, 6.40245 ], [ 2.34604, 6.40209 ], [ 2.34631, 6.40263 ], [ 2.34549, 6.40263 ], [ 2.34576, 6.40245 ], [ 2.3454, 6.40209 ], [ 2.3454, 6.40272 ], [ 2.34459, 6.40362 ], [ 2.34603, 6.40308 ], [ 2.3473, 6.40317 ], [ 2.34766, 6.40354 ], [ 2.34748, 6.40426 ], [ 2.34685, 6.40426 ], [ 2.34685, 6.4039 ], [ 2.34585, 6.40408 ], [ 2.34585, 6.40444 ], [ 2.34648, 6.40453 ], [ 2.34657, 6.40525 ], [ 2.34666, 6.40498 ], [ 2.34694, 6.40535 ], [ 2.34712, 6.40498 ], [ 2.34847, 6.40499 ], [ 2.34793, 6.40589 ], [ 2.34838, 6.4058 ], [ 2.34847, 6.40625 ], [ 2.34802, 6.40652 ], [ 2.34766, 6.40797 ], [ 2.34802, 6.40761 ], [ 2.3491, 6.4077 ], [ 2.34947, 6.40707 ], [ 2.35001, 6.40716 ], [ 2.35064, 6.40671 ], [ 2.35064, 6.40734 ], [ 2.34992, 6.40743 ], [ 2.34983, 6.40888 ], [ 2.35046, 6.40996 ], [ 2.35082, 6.40969 ], [ 2.35082, 6.41033 ], [ 2.35046, 6.41033 ], [ 2.35055, 6.41114 ], [ 2.35145, 6.4115 ], [ 2.35199, 6.41322 ], [ 2.35099, 6.41449 ], [ 2.34891, 6.41367 ], [ 2.34964, 6.41358 ], [ 2.35009, 6.41403 ], [ 2.35045, 6.41367 ], [ 2.34982, 6.41277 ], [ 2.35027, 6.41186 ], [ 2.34964, 6.41159 ], [ 2.34955, 6.41114 ], [ 2.34901, 6.41141 ], [ 2.34892, 6.41213 ], [ 2.34883, 6.41168 ], [ 2.34828, 6.41141 ], [ 2.34756, 6.41231 ], [ 2.34675, 6.41213 ], [ 2.34675, 6.41276 ], [ 2.34738, 6.41286 ], [ 2.34747, 6.41331 ], [ 2.34846, 6.4134 ], [ 2.3481, 6.4143 ], [ 2.34882, 6.41376 ], [ 2.34946, 6.4144 ], [ 2.34927, 6.41503 ], [ 2.349, 6.41494 ], [ 2.34909, 6.41566 ], [ 2.34737, 6.41566 ], [ 2.34701, 6.41611 ], [ 2.34783, 6.41647 ], [ 2.34819, 6.41711 ], [ 2.34819, 6.41756 ], [ 2.34746, 6.4181 ], [ 2.34828, 6.41819 ], [ 2.34809, 6.41856 ], [ 2.34837, 6.41856 ], [ 2.34764, 6.41892 ], [ 2.348, 6.41937 ], [ 2.34791, 6.42 ], [ 2.34845, 6.42018 ], [ 2.34809, 6.42145 ], [ 2.34845, 6.42118 ], [ 2.34854, 6.42172 ], [ 2.35026, 6.42182 ], [ 2.35017, 6.42263 ], [ 2.35062, 6.42308 ], [ 2.35125, 6.42299 ], [ 2.35135, 6.42227 ], [ 2.35171, 6.42254 ], [ 2.35153, 6.42317 ], [ 2.35062, 6.42353 ], [ 2.35062, 6.42489 ], [ 2.35008, 6.42498 ], [ 2.35062, 6.42534 ], [ 2.35116, 6.42516 ], [ 2.3517, 6.42589 ], [ 2.35116, 6.42598 ], [ 2.35134, 6.42616 ], [ 2.3508, 6.42598 ], [ 2.35089, 6.42688 ], [ 2.35125, 6.42688 ], [ 2.35125, 6.42815 ], [ 2.35107, 6.42833 ], [ 2.35089, 6.42797 ], [ 2.3508, 6.42842 ], [ 2.35215, 6.42924 ], [ 2.35179, 6.42969 ], [ 2.35206, 6.43059 ], [ 2.35287, 6.43096 ], [ 2.35296, 6.43231 ], [ 2.35323, 6.43213 ], [ 2.3535, 6.43249 ], [ 2.35314, 6.43295 ], [ 2.35206, 6.43276 ], [ 2.35196, 6.43322 ], [ 2.35215, 6.43285 ], [ 2.35287, 6.43322 ], [ 2.35287, 6.43376 ], [ 2.35224, 6.43385 ], [ 2.35278, 6.43385 ], [ 2.35296, 6.43521 ], [ 2.35323, 6.43458 ], [ 2.35368, 6.43458 ], [ 2.3535, 6.4353 ], [ 2.35404, 6.43566 ], [ 2.35359, 6.43575 ], [ 2.3535, 6.4362 ], [ 2.35422, 6.43602 ], [ 2.35476, 6.43693 ], [ 2.3554, 6.43666 ], [ 2.3554, 6.43765 ], [ 2.35603, 6.43793 ], [ 2.35549, 6.43802 ], [ 2.35558, 6.43847 ] ], [ [ 2.35594, 6.43829 ], [ 2.35657, 6.43802 ], [ 2.35666, 6.43738 ], [ 2.35757, 6.43739 ], [ 2.35757, 6.43811 ], [ 2.35739, 6.43793 ], [ 2.35702, 6.43838 ], [ 2.35738, 6.43865 ], [ 2.35793, 6.43847 ], [ 2.35775, 6.43929 ], [ 2.3572, 6.43947 ], [ 2.35666, 6.43838 ], [ 2.35594, 6.43829 ] ], [ [ 2.36386, 6.46399 ], [ 2.36314, 6.46309 ], [ 2.36332, 6.46245 ], [ 2.36423, 6.46263 ], [ 2.36405, 6.46372 ], [ 2.36432, 6.4639 ], [ 2.36486, 6.46381 ], [ 2.36477, 6.46291 ], [ 2.36649, 6.46363 ], [ 2.3664, 6.46399 ], [ 2.36405, 6.46417 ], [ 2.36432, 6.46481 ], [ 2.36386, 6.46481 ], [ 2.36386, 6.46399 ] ], [ [ 2.36442, 6.45314 ], [ 2.36514, 6.45268 ], [ 2.36478, 6.45223 ], [ 2.36506, 6.4516 ], [ 2.36469, 6.45142 ], [ 2.36424, 6.45205 ], [ 2.36388, 6.45178 ], [ 2.36424, 6.45105 ], [ 2.36379, 6.45087 ], [ 2.3647, 6.44897 ], [ 2.36479, 6.44988 ], [ 2.36506, 6.44925 ], [ 2.3647, 6.45042 ], [ 2.36506, 6.45042 ], [ 2.36515, 6.45106 ], [ 2.36524, 6.45078 ], [ 2.36569, 6.45106 ], [ 2.36623, 6.45223 ], [ 2.36596, 6.45214 ], [ 2.36614, 6.45323 ], [ 2.36487, 6.4535 ], [ 2.36442, 6.45314 ] ], [ [ 2.36117, 6.44517 ], [ 2.36009, 6.44381 ], [ 2.36036, 6.44336 ], [ 2.36009, 6.44264 ], [ 2.35892, 6.44291 ], [ 2.35801, 6.44254 ], [ 2.35846, 6.443 ], [ 2.35919, 6.443 ], [ 2.35946, 6.44417 ], [ 2.35891, 6.44417 ], [ 2.3591, 6.44399 ], [ 2.35846, 6.44354 ], [ 2.35747, 6.4439 ], [ 2.35738, 6.44236 ], [ 2.35684, 6.442 ], [ 2.3572, 6.44118 ], [ 2.35792, 6.44073 ], [ 2.35774, 6.44046 ], [ 2.35847, 6.44019 ], [ 2.35829, 6.43883 ], [ 2.35901, 6.43911 ], [ 2.35937, 6.43865 ], [ 2.35928, 6.43829 ], [ 2.35802, 6.43784 ], [ 2.35784, 6.43675 ], [ 2.3573, 6.43657 ], [ 2.35675, 6.43693 ], [ 2.3573, 6.43603 ], [ 2.35793, 6.43612 ], [ 2.35775, 6.43485 ], [ 2.35947, 6.43612 ], [ 2.35992, 6.43612 ], [ 2.35965, 6.43549 ], [ 2.36037, 6.43594 ], [ 2.36001, 6.43694 ], [ 2.35893, 6.43594 ], [ 2.35847, 6.43648 ], [ 2.35874, 6.4373 ], [ 2.35829, 6.43739 ], [ 2.35847, 6.43775 ], [ 2.35856, 6.43739 ], [ 2.35865, 6.43775 ], [ 2.35956, 6.43775 ], [ 2.36019, 6.43875 ], [ 2.35965, 6.43865 ], [ 2.35982, 6.44019 ], [ 2.36046, 6.44037 ], [ 2.36019, 6.44092 ], [ 2.36127, 6.44191 ], [ 2.36127, 6.44255 ], [ 2.36217, 6.44282 ], [ 2.36289, 6.44391 ], [ 2.36271, 6.44481 ], [ 2.36154, 6.4449 ], [ 2.36135, 6.44598 ], [ 2.36108, 6.44589 ], [ 2.36117, 6.44517 ] ], [ [ 2.35315, 6.42906 ], [ 2.35233, 6.42887 ], [ 2.35224, 6.42942 ], [ 2.35215, 6.42878 ], [ 2.35251, 6.42815 ], [ 2.35459, 6.42797 ], [ 2.35459, 6.42833 ], [ 2.35496, 6.42833 ], [ 2.35487, 6.42788 ], [ 2.35532, 6.42752 ], [ 2.35595, 6.42834 ], [ 2.35586, 6.42761 ], [ 2.3564, 6.42743 ], [ 2.35686, 6.42788 ], [ 2.35676, 6.42852 ], [ 2.35595, 6.42879 ], [ 2.35604, 6.42915 ], [ 2.35568, 6.42915 ], [ 2.35568, 6.42879 ], [ 2.35414, 6.42897 ], [ 2.35342, 6.42933 ], [ 2.35351, 6.42996 ], [ 2.35315, 6.42906 ] ], [ [ 2.35026, 6.41973 ], [ 2.3499, 6.41892 ], [ 2.35063, 6.41847 ], [ 2.35045, 6.41802 ], [ 2.35099, 6.41747 ], [ 2.35135, 6.41765 ], [ 2.35162, 6.41711 ], [ 2.3518, 6.41757 ], [ 2.35117, 6.41793 ], [ 2.35171, 6.41793 ], [ 2.35253, 6.41684 ], [ 2.35325, 6.41693 ], [ 2.35289, 6.41711 ], [ 2.35289, 6.41793 ], [ 2.35325, 6.41766 ], [ 2.35352, 6.41838 ], [ 2.35433, 6.41847 ], [ 2.35452, 6.41884 ], [ 2.35442, 6.41938 ], [ 2.3537, 6.41938 ], [ 2.35343, 6.41892 ], [ 2.35271, 6.41938 ], [ 2.35271, 6.41901 ], [ 2.35234, 6.41901 ], [ 2.35216, 6.41983 ], [ 2.35144, 6.41965 ], [ 2.35099, 6.42028 ], [ 2.35026, 6.41973 ] ], [ [ 2.35046, 6.4049 ], [ 2.34884, 6.40444 ], [ 2.34875, 6.4039 ], [ 2.34911, 6.40363 ], [ 2.34866, 6.40363 ], [ 2.34793, 6.4029 ], [ 2.34811, 6.40263 ], [ 2.34766, 6.40182 ], [ 2.34775, 6.40191 ], [ 2.34821, 6.40182 ], [ 2.34785, 6.40109 ], [ 2.34857, 6.40137 ], [ 2.34875, 6.402 ], [ 2.34821, 6.40209 ], [ 2.34821, 6.40245 ], [ 2.34911, 6.40272 ], [ 2.34875, 6.403 ], [ 2.34956, 6.4039 ], [ 2.3501, 6.4039 ], [ 2.35047, 6.40327 ], [ 2.352, 6.40363 ], [ 2.35255, 6.40309 ], [ 2.35291, 6.40336 ], [ 2.35227, 6.40436 ], [ 2.35209, 6.40409 ], [ 2.35155, 6.40436 ], [ 2.35182, 6.40499 ], [ 2.35101, 6.40481 ], [ 2.35101, 6.40535 ], [ 2.35046, 6.40553 ], [ 2.35046, 6.4049 ] ] ], [ [ [ 2.30842, 6.46356 ], [ 2.30797, 6.46102 ], [ 2.30761, 6.46075 ], [ 2.30797, 6.46039 ], [ 2.30761, 6.46039 ], [ 2.30734, 6.45985 ], [ 2.30734, 6.45921 ], [ 2.3077, 6.45894 ], [ 2.30635, 6.45722 ], [ 2.30662, 6.45614 ], [ 2.30626, 6.45595 ], [ 2.30653, 6.45532 ], [ 2.30608, 6.45487 ], [ 2.30617, 6.4536 ], [ 2.30581, 6.45324 ], [ 2.30609, 6.45252 ], [ 2.30545, 6.45179 ], [ 2.30446, 6.45161 ], [ 2.30446, 6.4508 ], [ 2.30374, 6.45088 ], [ 2.30419, 6.44962 ], [ 2.30374, 6.44944 ], [ 2.30356, 6.44853 ], [ 2.30302, 6.44808 ], [ 2.30293, 6.44681 ], [ 2.30229, 6.44654 ], [ 2.30211, 6.4469 ], [ 2.30212, 6.44536 ], [ 2.30148, 6.44536 ], [ 2.30184, 6.44627 ], [ 2.30121, 6.44591 ], [ 2.30112, 6.44545 ], [ 2.30067, 6.44545 ], [ 2.30121, 6.44699 ], [ 2.30067, 6.44699 ], [ 2.30057, 6.44799 ], [ 2.3013, 6.44907 ], [ 2.30202, 6.44817 ], [ 2.30184, 6.45052 ], [ 2.30211, 6.45134 ], [ 2.30283, 6.45106 ], [ 2.30373, 6.45333 ], [ 2.30428, 6.45297 ], [ 2.30482, 6.45324 ], [ 2.30427, 6.45369 ], [ 2.30509, 6.45405 ], [ 2.30518, 6.45568 ], [ 2.30581, 6.45568 ], [ 2.30563, 6.45713 ], [ 2.3059, 6.45776 ], [ 2.30544, 6.45785 ], [ 2.30608, 6.45804 ], [ 2.30608, 6.45921 ], [ 2.3068, 6.45966 ], [ 2.3068, 6.45994 ], [ 2.30617, 6.45984 ], [ 2.30616, 6.46057 ], [ 2.30671, 6.46111 ], [ 2.30689, 6.46093 ], [ 2.30725, 6.46193 ], [ 2.3077, 6.4622 ], [ 2.30725, 6.46229 ], [ 2.30752, 6.46392 ], [ 2.30815, 6.4641 ], [ 2.30842, 6.46356 ] ] ], [ [ [ 2.31076, 6.47035 ], [ 2.31149, 6.47017 ], [ 2.31095, 6.46763 ], [ 2.31023, 6.46664 ], [ 2.31023, 6.46528 ], [ 2.3096, 6.4651 ], [ 2.3095, 6.46736 ], [ 2.31004, 6.46808 ], [ 2.30968, 6.46844 ], [ 2.30986, 6.46808 ], [ 2.3095, 6.46799 ], [ 2.30932, 6.46862 ], [ 2.30995, 6.46853 ], [ 2.31031, 6.47007 ], [ 2.31049, 6.46989 ], [ 2.31076, 6.47035 ] ] ], [ [ [ 2.31148, 6.47487 ], [ 2.3114, 6.47152 ], [ 2.31094, 6.47134 ], [ 2.31049, 6.47152 ], [ 2.31067, 6.47188 ], [ 2.31031, 6.47252 ], [ 2.31058, 6.47288 ], [ 2.3104, 6.47342 ], [ 2.31076, 6.4736 ], [ 2.31058, 6.47469 ], [ 2.31103, 6.47478 ], [ 2.31103, 6.47541 ], [ 2.31121, 6.47478 ], [ 2.31148, 6.47487 ] ] ], [ [ [ 2.36727, 6.49114 ], [ 2.36899, 6.4915 ], [ 2.36944, 6.49105 ], [ 2.36926, 6.49023 ], [ 2.36863, 6.49005 ], [ 2.36872, 6.49078 ], [ 2.36826, 6.49087 ], [ 2.3679, 6.49005 ], [ 2.36763, 6.49014 ], [ 2.36781, 6.49068 ], [ 2.36727, 6.49041 ], [ 2.36682, 6.49077 ], [ 2.367, 6.4915 ], [ 2.36727, 6.49114 ] ] ], [ [ [ 2.36466, 6.62403 ], [ 2.36511, 6.62322 ], [ 2.36602, 6.62331 ], [ 2.3662, 6.62268 ], [ 2.36511, 6.62268 ], [ 2.36448, 6.62213 ], [ 2.3643, 6.62277 ], [ 2.36484, 6.62259 ], [ 2.36457, 6.62331 ], [ 2.36439, 6.62304 ], [ 2.3633, 6.62313 ], [ 2.36249, 6.62367 ], [ 2.3633, 6.62385 ], [ 2.36375, 6.62358 ], [ 2.36366, 6.62394 ], [ 2.36466, 6.62403 ] ] ], [ [ [ 2.35642, 6.62827 ], [ 2.3575, 6.62773 ], [ 2.35796, 6.6281 ], [ 2.35841, 6.62746 ], [ 2.35796, 6.62701 ], [ 2.35805, 6.62638 ], [ 2.35769, 6.62647 ], [ 2.35669, 6.62574 ], [ 2.35561, 6.62692 ], [ 2.35353, 6.62682 ], [ 2.35352, 6.62709 ], [ 2.35262, 6.62718 ], [ 2.35289, 6.62791 ], [ 2.35325, 6.62764 ], [ 2.35488, 6.62791 ], [ 2.35497, 6.62755 ], [ 2.35624, 6.62782 ], [ 2.35642, 6.62827 ] ] ], [ [ [ 2.36509, 6.64095 ], [ 2.36581, 6.64023 ], [ 2.36509, 6.63977 ], [ 2.3659, 6.6396 ], [ 2.36572, 6.63842 ], [ 2.36672, 6.63733 ], [ 2.36663, 6.63697 ], [ 2.36636, 6.63733 ], [ 2.36654, 6.63534 ], [ 2.36754, 6.63435 ], [ 2.36727, 6.63399 ], [ 2.36582, 6.63543 ], [ 2.36537, 6.63534 ], [ 2.36546, 6.63634 ], [ 2.36509, 6.63643 ], [ 2.36509, 6.63688 ], [ 2.36346, 6.63833 ], [ 2.36328, 6.63923 ], [ 2.36274, 6.63914 ], [ 2.36265, 6.63968 ], [ 2.364, 6.63968 ], [ 2.36346, 6.63977 ], [ 2.36346, 6.64059 ], [ 2.36373, 6.64023 ], [ 2.36482, 6.64023 ], [ 2.36509, 6.64095 ] ] ], [ [ [ 2.37887, 6.47441 ], [ 2.37914, 6.47432 ], [ 2.37905, 6.47387 ], [ 2.3795, 6.47387 ], [ 2.38013, 6.47405 ], [ 2.38013, 6.47451 ], [ 2.38058, 6.47478 ], [ 2.38104, 6.47478 ], [ 2.38104, 6.47442 ], [ 2.3804, 6.47442 ], [ 2.38077, 6.47387 ], [ 2.37986, 6.47396 ], [ 2.37986, 6.47342 ], [ 2.3804, 6.47342 ], [ 2.38004, 6.47315 ], [ 2.38032, 6.47288 ], [ 2.37914, 6.4726 ], [ 2.37905, 6.47188 ], [ 2.3786, 6.47179 ], [ 2.37815, 6.47188 ], [ 2.37878, 6.47215 ], [ 2.37823, 6.47351 ], [ 2.37877, 6.47496 ], [ 2.37923, 6.47496 ], [ 2.37887, 6.47441 ] ] ], [ [ [ 2.3699, 6.48236 ], [ 2.36999, 6.48101 ], [ 2.37017, 6.48137 ], [ 2.37099, 6.48137 ], [ 2.36999, 6.48083 ], [ 2.37018, 6.48001 ], [ 2.37126, 6.47965 ], [ 2.37045, 6.47857 ], [ 2.37054, 6.47802 ], [ 2.37009, 6.47811 ], [ 2.37036, 6.47838 ], [ 2.37, 6.47947 ], [ 2.36936, 6.47956 ], [ 2.36927, 6.47911 ], [ 2.36909, 6.47956 ], [ 2.369, 6.47911 ], [ 2.36774, 6.47847 ], [ 2.36783, 6.4791 ], [ 2.36683, 6.47956 ], [ 2.36692, 6.4801 ], [ 2.36592, 6.4801 ], [ 2.3662, 6.48037 ], [ 2.36574, 6.48046 ], [ 2.3661, 6.481 ], [ 2.36601, 6.48191 ], [ 2.36647, 6.48209 ], [ 2.36665, 6.48146 ], [ 2.36692, 6.48155 ], [ 2.36773, 6.48046 ], [ 2.36819, 6.48064 ], [ 2.36846, 6.48001 ], [ 2.36873, 6.48001 ], [ 2.36891, 6.48092 ], [ 2.36864, 6.48128 ], [ 2.36764, 6.48109 ], [ 2.36764, 6.48155 ], [ 2.36945, 6.48146 ], [ 2.36936, 6.48227 ], [ 2.3699, 6.48236 ] ] ], [ [ [ 2.37034, 6.48996 ], [ 2.3708, 6.48843 ], [ 2.37225, 6.48897 ], [ 2.37207, 6.48825 ], [ 2.3727, 6.48798 ], [ 2.37261, 6.48734 ], [ 2.37297, 6.48716 ], [ 2.37342, 6.48771 ], [ 2.37397, 6.48762 ], [ 2.37478, 6.48816 ], [ 2.37686, 6.48798 ], [ 2.37677, 6.48717 ], [ 2.37768, 6.48635 ], [ 2.37704, 6.48599 ], [ 2.37695, 6.48644 ], [ 2.37677, 6.48599 ], [ 2.37641, 6.48662 ], [ 2.37559, 6.48671 ], [ 2.37478, 6.48563 ], [ 2.37506, 6.484 ], [ 2.37596, 6.48418 ], [ 2.37596, 6.485 ], [ 2.37641, 6.48491 ], [ 2.37605, 6.48436 ], [ 2.37641, 6.48201 ], [ 2.37678, 6.48228 ], [ 2.37677, 6.48328 ], [ 2.37723, 6.48328 ], [ 2.37777, 6.48192 ], [ 2.37795, 6.48237 ], [ 2.37777, 6.48156 ], [ 2.37831, 6.48147 ], [ 2.3784, 6.48201 ], [ 2.37949, 6.48219 ], [ 2.37949, 6.48265 ], [ 2.37895, 6.48274 ], [ 2.37895, 6.48328 ], [ 2.37867, 6.48373 ], [ 2.37831, 6.48355 ], [ 2.37822, 6.484 ], [ 2.37967, 6.48391 ], [ 2.3803, 6.48446 ], [ 2.38075, 6.4841 ], [ 2.38066, 6.48355 ], [ 2.38012, 6.48328 ], [ 2.38012, 6.4812 ], [ 2.38031, 6.48066 ], [ 2.3813, 6.48021 ], [ 2.38076, 6.48021 ], [ 2.37986, 6.47903 ], [ 2.37877, 6.47876 ], [ 2.37841, 6.47939 ], [ 2.37895, 6.47966 ], [ 2.37868, 6.48011 ], [ 2.37922, 6.48029 ], [ 2.37813, 6.48075 ], [ 2.37768, 6.48056 ], [ 2.37741, 6.47984 ], [ 2.37705, 6.48011 ], [ 2.37651, 6.47984 ], [ 2.37669, 6.4793 ], [ 2.37705, 6.47993 ], [ 2.37741, 6.47975 ], [ 2.37769, 6.4783 ], [ 2.37696, 6.47803 ], [ 2.37678, 6.47875 ], [ 2.37606, 6.47875 ], [ 2.37624, 6.4774 ], [ 2.37714, 6.47713 ], [ 2.37697, 6.47541 ], [ 2.37787, 6.4755 ], [ 2.37769, 6.47432 ], [ 2.37832, 6.47414 ], [ 2.37823, 6.47378 ], [ 2.37769, 6.47369 ], [ 2.37778, 6.4726 ], [ 2.37733, 6.47287 ], [ 2.3776, 6.4736 ], [ 2.37715, 6.47423 ], [ 2.37606, 6.47396 ], [ 2.37552, 6.4735 ], [ 2.37543, 6.47287 ], [ 2.37407, 6.47278 ], [ 2.37389, 6.47305 ], [ 2.37389, 6.47341 ], [ 2.3748, 6.47314 ], [ 2.37471, 6.47423 ], [ 2.3757, 6.4745 ], [ 2.37479, 6.4754 ], [ 2.37479, 6.47604 ], [ 2.37516, 6.47568 ], [ 2.37543, 6.47586 ], [ 2.37497, 6.47649 ], [ 2.37606, 6.47631 ], [ 2.37534, 6.47721 ], [ 2.37479, 6.47703 ], [ 2.37488, 6.47667 ], [ 2.3738, 6.47676 ], [ 2.3738, 6.47739 ], [ 2.37452, 6.4773 ], [ 2.37488, 6.47767 ], [ 2.37479, 6.47911 ], [ 2.37398, 6.47866 ], [ 2.37389, 6.47785 ], [ 2.37298, 6.47793 ], [ 2.37217, 6.47721 ], [ 2.37154, 6.47739 ], [ 2.37118, 6.47667 ], [ 2.37145, 6.47612 ], [ 2.3709, 6.47639 ], [ 2.37117, 6.47838 ], [ 2.37163, 6.47839 ], [ 2.37181, 6.47784 ], [ 2.37235, 6.47784 ], [ 2.37244, 6.47848 ], [ 2.3728, 6.47866 ], [ 2.3718, 6.47992 ], [ 2.37244, 6.48002 ], [ 2.37271, 6.47956 ], [ 2.37289, 6.4802 ], [ 2.37343, 6.48047 ], [ 2.3728, 6.48119 ], [ 2.37271, 6.48047 ], [ 2.3718, 6.48056 ], [ 2.37198, 6.48164 ], [ 2.37225, 6.48164 ], [ 2.37207, 6.4821 ], [ 2.37289, 6.48201 ], [ 2.3728, 6.48237 ], [ 2.37225, 6.48228 ], [ 2.37252, 6.48264 ], [ 2.3728, 6.48246 ], [ 2.37289, 6.483 ], [ 2.37325, 6.48291 ], [ 2.37334, 6.48228 ], [ 2.37397, 6.48228 ], [ 2.37397, 6.48291 ], [ 2.37424, 6.48291 ], [ 2.37397, 6.48309 ], [ 2.3746, 6.48318 ], [ 2.37433, 6.48391 ], [ 2.37406, 6.48364 ], [ 2.37397, 6.48409 ], [ 2.37388, 6.48355 ], [ 2.37316, 6.48363 ], [ 2.37316, 6.48336 ], [ 2.37289, 6.48345 ], [ 2.37316, 6.484 ], [ 2.37243, 6.48372 ], [ 2.37252, 6.48309 ], [ 2.37207, 6.48291 ], [ 2.37189, 6.482 ], [ 2.37144, 6.48219 ], [ 2.37153, 6.48255 ], [ 2.3709, 6.48255 ], [ 2.37153, 6.48264 ], [ 2.37153, 6.48291 ], [ 2.37081, 6.48327 ], [ 2.37026, 6.48264 ], [ 2.36963, 6.48273 ], [ 2.36954, 6.48309 ], [ 2.36936, 6.48273 ], [ 2.36873, 6.483 ], [ 2.36855, 6.48236 ], [ 2.36927, 6.48218 ], [ 2.36873, 6.48173 ], [ 2.36846, 6.48191 ], [ 2.368, 6.48309 ], [ 2.36945, 6.48363 ], [ 2.36927, 6.48435 ], [ 2.37017, 6.48508 ], [ 2.37017, 6.48644 ], [ 2.3708, 6.48626 ], [ 2.3708, 6.48571 ], [ 2.37089, 6.48617 ], [ 2.3718, 6.48589 ], [ 2.3718, 6.48535 ], [ 2.37216, 6.48526 ], [ 2.37153, 6.48445 ], [ 2.37117, 6.48481 ], [ 2.37135, 6.48526 ], [ 2.37098, 6.48526 ], [ 2.37089, 6.48381 ], [ 2.37135, 6.48381 ], [ 2.37198, 6.48445 ], [ 2.37234, 6.48427 ], [ 2.37252, 6.48508 ], [ 2.37361, 6.48454 ], [ 2.3737, 6.48409 ], [ 2.37451, 6.48481 ], [ 2.3737, 6.48554 ], [ 2.37261, 6.48517 ], [ 2.37198, 6.48544 ], [ 2.37189, 6.48617 ], [ 2.37207, 6.48635 ], [ 2.37252, 6.48635 ], [ 2.37216, 6.48617 ], [ 2.37261, 6.48581 ], [ 2.37288, 6.4868 ], [ 2.37252, 6.48689 ], [ 2.37261, 6.48716 ], [ 2.37198, 6.4868 ], [ 2.37216, 6.48752 ], [ 2.37125, 6.48797 ], [ 2.37008, 6.48797 ], [ 2.3699, 6.48707 ], [ 2.36881, 6.48779 ], [ 2.36827, 6.48689 ], [ 2.36782, 6.48698 ], [ 2.36782, 6.48661 ], [ 2.36736, 6.4867 ], [ 2.36745, 6.48707 ], [ 2.36628, 6.48734 ], [ 2.36619, 6.48797 ], [ 2.36682, 6.48797 ], [ 2.367, 6.48833 ], [ 2.36736, 6.48833 ], [ 2.36763, 6.4877 ], [ 2.36845, 6.48788 ], [ 2.36809, 6.48806 ], [ 2.36817, 6.48915 ], [ 2.36863, 6.48915 ], [ 2.36854, 6.48788 ], [ 2.36917, 6.48788 ], [ 2.36962, 6.48978 ], [ 2.37034, 6.48996 ] ], [ [ 2.3747, 6.48174 ], [ 2.37461, 6.47947 ], [ 2.37569, 6.47902 ], [ 2.37569, 6.47984 ], [ 2.37642, 6.48056 ], [ 2.37632, 6.48138 ], [ 2.3747, 6.48174 ] ] ], [ [ [ 2.37984, 6.49486 ], [ 2.38074, 6.49423 ], [ 2.38029, 6.49296 ], [ 2.38111, 6.49269 ], [ 2.38065, 6.49269 ], [ 2.38056, 6.49188 ], [ 2.37948, 6.49197 ], [ 2.37839, 6.4916 ], [ 2.37848, 6.49124 ], [ 2.37776, 6.49124 ], [ 2.37722, 6.49169 ], [ 2.37731, 6.49251 ], [ 2.37667, 6.49241 ], [ 2.37667, 6.49269 ], [ 2.37866, 6.49269 ], [ 2.37785, 6.49432 ], [ 2.37984, 6.49486 ] ] ], [ [ [ 2.37278, 6.49684 ], [ 2.37341, 6.49603 ], [ 2.37314, 6.49576 ], [ 2.37332, 6.49494 ], [ 2.37387, 6.49449 ], [ 2.37387, 6.49549 ], [ 2.37477, 6.49531 ], [ 2.37513, 6.49576 ], [ 2.37504, 6.49639 ], [ 2.3754, 6.49639 ], [ 2.37558, 6.49477 ], [ 2.37613, 6.49468 ], [ 2.37613, 6.4954 ], [ 2.37649, 6.49486 ], [ 2.37595, 6.49404 ], [ 2.37631, 6.49287 ], [ 2.37513, 6.49305 ], [ 2.37523, 6.49268 ], [ 2.37486, 6.49268 ], [ 2.37514, 6.49223 ], [ 2.37459, 6.49196 ], [ 2.3745, 6.49124 ], [ 2.37414, 6.49087 ], [ 2.37324, 6.49087 ], [ 2.37342, 6.49051 ], [ 2.37306, 6.4906 ], [ 2.37306, 6.48988 ], [ 2.3727, 6.49015 ], [ 2.37224, 6.48997 ], [ 2.37197, 6.49051 ], [ 2.37197, 6.49078 ], [ 2.37261, 6.4906 ], [ 2.37215, 6.49159 ], [ 2.37269, 6.49169 ], [ 2.37224, 6.4925 ], [ 2.37233, 6.49377 ], [ 2.37143, 6.49395 ], [ 2.37106, 6.4934 ], [ 2.37133, 6.49422 ], [ 2.3707, 6.49413 ], [ 2.37115, 6.4953 ], [ 2.37188, 6.49558 ], [ 2.3716, 6.49639 ], [ 2.37187, 6.49621 ], [ 2.37224, 6.49684 ], [ 2.37278, 6.49684 ] ] ], [ [ [ 2.38362, 6.50364 ], [ 2.38344, 6.50301 ], [ 2.38435, 6.50292 ], [ 2.38453, 6.50364 ], [ 2.38489, 6.50283 ], [ 2.38489, 6.50364 ], [ 2.38534, 6.50391 ], [ 2.3867, 6.50238 ], [ 2.38715, 6.50238 ], [ 2.38715, 6.50202 ], [ 2.38498, 6.50138 ], [ 2.38498, 6.50192 ], [ 2.38453, 6.5021 ], [ 2.38408, 6.50183 ], [ 2.38471, 6.50174 ], [ 2.38408, 6.50174 ], [ 2.38417, 6.50138 ], [ 2.38354, 6.50075 ], [ 2.38227, 6.50129 ], [ 2.37929, 6.50011 ], [ 2.37938, 6.49984 ], [ 2.37884, 6.49965 ], [ 2.37956, 6.49966 ], [ 2.37956, 6.49938 ], [ 2.37902, 6.49893 ], [ 2.37875, 6.49794 ], [ 2.37793, 6.49793 ], [ 2.3782, 6.49848 ], [ 2.37721, 6.49866 ], [ 2.3773, 6.49821 ], [ 2.37775, 6.49812 ], [ 2.37739, 6.49757 ], [ 2.37848, 6.49703 ], [ 2.3783, 6.49658 ], [ 2.37739, 6.49676 ], [ 2.37793, 6.49631 ], [ 2.37775, 6.49603 ], [ 2.37712, 6.49621 ], [ 2.37667, 6.49685 ], [ 2.37585, 6.49694 ], [ 2.37621, 6.49739 ], [ 2.3764, 6.49721 ], [ 2.37649, 6.49766 ], [ 2.37576, 6.49775 ], [ 2.37612, 6.49793 ], [ 2.37594, 6.49829 ], [ 2.37432, 6.49666 ], [ 2.37395, 6.49811 ], [ 2.37323, 6.49784 ], [ 2.37296, 6.4973 ], [ 2.37223, 6.49738 ], [ 2.3726, 6.49784 ], [ 2.37251, 6.49838 ], [ 2.37341, 6.49856 ], [ 2.37341, 6.50001 ], [ 2.3744, 6.50001 ], [ 2.37458, 6.49983 ], [ 2.37404, 6.49992 ], [ 2.3744, 6.49929 ], [ 2.37413, 6.49829 ], [ 2.37504, 6.49838 ], [ 2.37567, 6.49956 ], [ 2.37603, 6.49911 ], [ 2.37612, 6.49965 ], [ 2.37694, 6.49956 ], [ 2.37694, 6.49992 ], [ 2.37766, 6.5002 ], [ 2.37793, 6.49965 ], [ 2.37793, 6.50029 ], [ 2.37829, 6.50047 ], [ 2.37811, 6.50101 ], [ 2.37874, 6.5011 ], [ 2.37847, 6.50137 ], [ 2.37901, 6.50155 ], [ 2.37883, 6.50174 ], [ 2.37947, 6.50192 ], [ 2.3801, 6.50156 ], [ 2.38037, 6.50192 ], [ 2.38118, 6.50183 ], [ 2.38037, 6.50237 ], [ 2.38091, 6.50273 ], [ 2.38082, 6.50337 ], [ 2.38163, 6.50337 ], [ 2.38173, 6.50301 ], [ 2.38182, 6.50346 ], [ 2.38263, 6.50319 ], [ 2.38272, 6.50391 ], [ 2.38281, 6.50364 ], [ 2.38362, 6.50364 ] ] ], [ [ [ 2.37294, 6.51467 ], [ 2.37375, 6.51367 ], [ 2.37448, 6.51349 ], [ 2.37402, 6.51286 ], [ 2.37439, 6.51204 ], [ 2.37394, 6.51177 ], [ 2.37366, 6.51222 ], [ 2.37303, 6.51231 ], [ 2.37231, 6.51195 ], [ 2.37276, 6.51277 ], [ 2.37176, 6.51421 ], [ 2.37294, 6.51467 ] ] ], [ [ [ 2.37375, 6.51575 ], [ 2.37465, 6.51575 ], [ 2.37411, 6.51512 ], [ 2.37438, 6.51449 ], [ 2.37348, 6.51476 ], [ 2.37357, 6.51566 ], [ 2.37348, 6.51521 ], [ 2.37285, 6.51485 ], [ 2.37276, 6.5153 ], [ 2.3733, 6.51548 ], [ 2.37303, 6.51648 ], [ 2.37366, 6.51639 ], [ 2.37375, 6.51575 ] ] ], [ [ [ 2.36968, 6.51792 ], [ 2.37004, 6.51665 ], [ 2.36923, 6.51665 ], [ 2.36941, 6.5162 ], [ 2.37031, 6.5162 ], [ 2.37004, 6.51738 ], [ 2.3704, 6.51765 ], [ 2.37094, 6.51756 ], [ 2.37122, 6.51702 ], [ 2.37067, 6.51665 ], [ 2.37085, 6.51611 ], [ 2.37004, 6.5152 ], [ 2.36968, 6.51584 ], [ 2.36959, 6.51484 ], [ 2.37013, 6.51466 ], [ 2.37013, 6.51439 ], [ 2.36923, 6.51439 ], [ 2.36878, 6.51385 ], [ 2.36841, 6.51538 ], [ 2.36905, 6.51557 ], [ 2.36823, 6.51593 ], [ 2.36868, 6.51656 ], [ 2.36832, 6.51674 ], [ 2.3685, 6.51765 ], [ 2.36968, 6.51792 ] ] ], [ [ [ 2.37211, 6.52905 ], [ 2.3722, 6.52769 ], [ 2.37166, 6.52724 ], [ 2.37202, 6.52606 ], [ 2.37157, 6.52543 ], [ 2.37148, 6.52425 ], [ 2.37111, 6.52534 ], [ 2.37057, 6.52489 ], [ 2.3703, 6.52543 ], [ 2.36985, 6.52552 ], [ 2.36985, 6.5266 ], [ 2.37093, 6.52651 ], [ 2.36985, 6.52733 ], [ 2.37156, 6.52796 ], [ 2.37129, 6.52823 ], [ 2.37138, 6.52878 ], [ 2.37174, 6.52878 ], [ 2.37156, 6.52914 ], [ 2.37211, 6.52905 ] ] ], [ [ [ 2.37843, 6.53114 ], [ 2.37862, 6.53032 ], [ 2.37988, 6.53033 ], [ 2.37997, 6.53078 ], [ 2.38052, 6.53042 ], [ 2.38043, 6.52996 ], [ 2.38079, 6.52996 ], [ 2.38061, 6.52924 ], [ 2.3797, 6.5287 ], [ 2.37961, 6.52797 ], [ 2.37998, 6.52761 ], [ 2.37916, 6.52725 ], [ 2.37944, 6.52643 ], [ 2.37916, 6.52607 ], [ 2.37871, 6.52661 ], [ 2.37826, 6.52634 ], [ 2.37826, 6.52589 ], [ 2.3788, 6.52571 ], [ 2.3788, 6.52444 ], [ 2.37826, 6.52471 ], [ 2.37835, 6.52499 ], [ 2.37763, 6.52489 ], [ 2.37718, 6.52535 ], [ 2.37772, 6.52616 ], [ 2.37772, 6.52707 ], [ 2.37735, 6.52743 ], [ 2.37781, 6.52797 ], [ 2.37753, 6.52842 ], [ 2.37735, 6.52797 ], [ 2.37681, 6.52806 ], [ 2.37681, 6.52743 ], [ 2.37582, 6.52724 ], [ 2.37573, 6.5277 ], [ 2.375, 6.52788 ], [ 2.37591, 6.52806 ], [ 2.37609, 6.52842 ], [ 2.37518, 6.52833 ], [ 2.375, 6.5286 ], [ 2.37446, 6.52806 ], [ 2.37446, 6.52833 ], [ 2.37337, 6.52869 ], [ 2.37301, 6.52932 ], [ 2.37301, 6.52977 ], [ 2.37373, 6.52987 ], [ 2.37373, 6.53014 ], [ 2.37418, 6.53014 ], [ 2.37382, 6.5295 ], [ 2.37464, 6.5295 ], [ 2.37473, 6.52978 ], [ 2.37509, 6.52951 ], [ 2.37563, 6.53014 ], [ 2.37554, 6.52923 ], [ 2.37581, 6.52914 ], [ 2.37645, 6.52924 ], [ 2.37645, 6.52978 ], [ 2.3769, 6.5296 ], [ 2.3769, 6.52924 ], [ 2.37826, 6.52933 ], [ 2.37798, 6.53014 ], [ 2.37735, 6.53005 ], [ 2.37717, 6.53059 ], [ 2.37663, 6.53068 ], [ 2.37708, 6.53096 ], [ 2.37771, 6.53032 ], [ 2.37825, 6.53069 ], [ 2.37789, 6.53105 ], [ 2.37843, 6.53114 ] ] ], [ [ [ 2.37426, 6.54127 ], [ 2.37462, 6.54145 ], [ 2.37462, 6.5409 ], [ 2.3739, 6.54081 ], [ 2.37354, 6.54018 ], [ 2.37345, 6.54054 ], [ 2.37245, 6.5409 ], [ 2.37191, 6.54054 ], [ 2.37191, 6.54099 ], [ 2.37263, 6.54135 ], [ 2.37363, 6.54126 ], [ 2.3739, 6.5419 ], [ 2.37444, 6.5419 ], [ 2.37426, 6.54127 ] ] ], [ [ [ 2.37968, 6.54779 ], [ 2.37986, 6.54679 ], [ 2.38004, 6.54724 ], [ 2.38059, 6.54724 ], [ 2.38041, 6.54652 ], [ 2.38013, 6.5467 ], [ 2.37995, 6.54634 ], [ 2.37968, 6.54661 ], [ 2.37959, 6.5457 ], [ 2.38095, 6.54534 ], [ 2.38095, 6.54426 ], [ 2.38186, 6.5439 ], [ 2.38159, 6.54299 ], [ 2.38204, 6.542 ], [ 2.38168, 6.54164 ], [ 2.38213, 6.54164 ], [ 2.38213, 6.54118 ], [ 2.38186, 6.54155 ], [ 2.38159, 6.54118 ], [ 2.38204, 6.54082 ], [ 2.3824, 6.54118 ], [ 2.38267, 6.54091 ], [ 2.38177, 6.53983 ], [ 2.38222, 6.53947 ], [ 2.38186, 6.53947 ], [ 2.38159, 6.5391 ], [ 2.38096, 6.53965 ], [ 2.38132, 6.54037 ], [ 2.38078, 6.54046 ], [ 2.38059, 6.54164 ], [ 2.3796, 6.54191 ], [ 2.37987, 6.54263 ], [ 2.37951, 6.54299 ], [ 2.38032, 6.54372 ], [ 2.38032, 6.5448 ], [ 2.37914, 6.54525 ], [ 2.37896, 6.54625 ], [ 2.37932, 6.5467 ], [ 2.37896, 6.5467 ], [ 2.37851, 6.54733 ], [ 2.37923, 6.5476 ], [ 2.37941, 6.54724 ], [ 2.37968, 6.54779 ] ] ], [ [ [ 2.37742, 6.54606 ], [ 2.37787, 6.5457 ], [ 2.37769, 6.54416 ], [ 2.37625, 6.5438 ], [ 2.37498, 6.54398 ], [ 2.3748, 6.54434 ], [ 2.37543, 6.5447 ], [ 2.37543, 6.54507 ], [ 2.37597, 6.54516 ], [ 2.37579, 6.54461 ], [ 2.37652, 6.54471 ], [ 2.37661, 6.54561 ], [ 2.37724, 6.54606 ], [ 2.37688, 6.54679 ], [ 2.37751, 6.54706 ], [ 2.37742, 6.54606 ] ] ], [ [ [ 2.37217, 6.54931 ], [ 2.37244, 6.54832 ], [ 2.3719, 6.54859 ], [ 2.3719, 6.54814 ], [ 2.37109, 6.54759 ], [ 2.37118, 6.54823 ], [ 2.37072, 6.54841 ], [ 2.371, 6.54859 ], [ 2.37081, 6.54949 ], [ 2.37181, 6.54977 ], [ 2.3719, 6.54922 ], [ 2.37217, 6.54931 ] ] ], [ [ [ 2.37849, 6.55629 ], [ 2.37958, 6.55439 ], [ 2.37922, 6.55376 ], [ 2.37859, 6.55421 ], [ 2.37868, 6.55466 ], [ 2.37768, 6.55511 ], [ 2.37804, 6.5552 ], [ 2.37813, 6.55638 ], [ 2.37849, 6.55629 ] ] ], [ [ [ 2.37225, 6.55963 ], [ 2.37216, 6.55918 ], [ 2.3727, 6.55918 ], [ 2.37297, 6.55827 ], [ 2.37397, 6.55827 ], [ 2.37352, 6.55728 ], [ 2.37515, 6.55665 ], [ 2.37497, 6.55619 ], [ 2.3746, 6.55646 ], [ 2.37406, 6.55628 ], [ 2.37415, 6.55547 ], [ 2.37379, 6.55592 ], [ 2.37379, 6.55556 ], [ 2.37289, 6.5552 ], [ 2.37316, 6.55601 ], [ 2.37207, 6.55646 ], [ 2.37307, 6.55664 ], [ 2.37252, 6.55682 ], [ 2.37261, 6.55719 ], [ 2.37216, 6.55728 ], [ 2.37198, 6.55791 ], [ 2.37089, 6.558 ], [ 2.37089, 6.55836 ], [ 2.3718, 6.55881 ], [ 2.37134, 6.55963 ], [ 2.37189, 6.55999 ], [ 2.37225, 6.55963 ] ] ], [ [ [ 2.37522, 6.56651 ], [ 2.37432, 6.56488 ], [ 2.37305, 6.56542 ], [ 2.37224, 6.56533 ], [ 2.37233, 6.56587 ], [ 2.37314, 6.5656 ], [ 2.37305, 6.56587 ], [ 2.37387, 6.56578 ], [ 2.37486, 6.5666 ], [ 2.37522, 6.56651 ] ] ], [ [ [ 2.37955, 6.57646 ], [ 2.3801, 6.57601 ], [ 2.37965, 6.57601 ], [ 2.37937, 6.57556 ], [ 2.38028, 6.57583 ], [ 2.38046, 6.57547 ], [ 2.38136, 6.57565 ], [ 2.38164, 6.57493 ], [ 2.38209, 6.57502 ], [ 2.38272, 6.5743 ], [ 2.38263, 6.57394 ], [ 2.38119, 6.57312 ], [ 2.38119, 6.57348 ], [ 2.38155, 6.57348 ], [ 2.38128, 6.57402 ], [ 2.38164, 6.5743 ], [ 2.38137, 6.57475 ], [ 2.38064, 6.57393 ], [ 2.38064, 6.57339 ], [ 2.37992, 6.57321 ], [ 2.37992, 6.57375 ], [ 2.3791, 6.57438 ], [ 2.37956, 6.5742 ], [ 2.3801, 6.57475 ], [ 2.38019, 6.57411 ], [ 2.38028, 6.57484 ], [ 2.37892, 6.57493 ], [ 2.37892, 6.5752 ], [ 2.37811, 6.5752 ], [ 2.37793, 6.57565 ], [ 2.37738, 6.57574 ], [ 2.37756, 6.57628 ], [ 2.37802, 6.5761 ], [ 2.37793, 6.57574 ], [ 2.37865, 6.57628 ], [ 2.3791, 6.57583 ], [ 2.37946, 6.57583 ], [ 2.37919, 6.5761 ], [ 2.37955, 6.57646 ] ] ], [ [ [ 2.37485, 6.57818 ], [ 2.37485, 6.57782 ], [ 2.3753, 6.57782 ], [ 2.37494, 6.57727 ], [ 2.37548, 6.57718 ], [ 2.37585, 6.5761 ], [ 2.37666, 6.57619 ], [ 2.3772, 6.57583 ], [ 2.37711, 6.57501 ], [ 2.37639, 6.57592 ], [ 2.37413, 6.57582 ], [ 2.37322, 6.57519 ], [ 2.37359, 6.57483 ], [ 2.37277, 6.57428 ], [ 2.37286, 6.57365 ], [ 2.37214, 6.57392 ], [ 2.37133, 6.5722 ], [ 2.37069, 6.57247 ], [ 2.37015, 6.57193 ], [ 2.37033, 6.57274 ], [ 2.37087, 6.57302 ], [ 2.37024, 6.57356 ], [ 2.37069, 6.57374 ], [ 2.37087, 6.57338 ], [ 2.37142, 6.57401 ], [ 2.37205, 6.57383 ], [ 2.37178, 6.57483 ], [ 2.37223, 6.57519 ], [ 2.37123, 6.57546 ], [ 2.37196, 6.57582 ], [ 2.37205, 6.57646 ], [ 2.37304, 6.57718 ], [ 2.37259, 6.57736 ], [ 2.37259, 6.57781 ], [ 2.37177, 6.57781 ], [ 2.37168, 6.57817 ], [ 2.37304, 6.57818 ], [ 2.37331, 6.57754 ], [ 2.37431, 6.577 ], [ 2.37458, 6.57718 ], [ 2.37412, 6.57845 ], [ 2.37485, 6.57818 ] ] ], [ [ [ 2.37864, 6.58243 ], [ 2.37837, 6.58135 ], [ 2.37946, 6.58153 ], [ 2.3791, 6.58144 ], [ 2.37937, 6.58108 ], [ 2.3791, 6.58072 ], [ 2.3772, 6.58062 ], [ 2.37629, 6.57972 ], [ 2.37593, 6.58008 ], [ 2.37494, 6.58017 ], [ 2.37494, 6.5808 ], [ 2.37539, 6.58107 ], [ 2.37602, 6.58107 ], [ 2.37638, 6.58035 ], [ 2.37683, 6.58126 ], [ 2.37702, 6.58098 ], [ 2.37774, 6.58126 ], [ 2.37819, 6.58198 ], [ 2.37819, 6.58307 ], [ 2.37864, 6.58243 ] ] ], [ [ [ 2.37518, 6.60595 ], [ 2.37554, 6.60532 ], [ 2.37599, 6.60523 ], [ 2.37599, 6.60487 ], [ 2.37527, 6.60441 ], [ 2.37527, 6.60387 ], [ 2.37599, 6.60387 ], [ 2.37599, 6.6027 ], [ 2.37554, 6.60224 ], [ 2.375, 6.6026 ], [ 2.37518, 6.60405 ], [ 2.37482, 6.60396 ], [ 2.37463, 6.60441 ], [ 2.37518, 6.60496 ], [ 2.37454, 6.60532 ], [ 2.37454, 6.60604 ], [ 2.37518, 6.60595 ] ] ], [ [ [ 2.37562, 6.60966 ], [ 2.37698, 6.60912 ], [ 2.37653, 6.60894 ], [ 2.37662, 6.6084 ], [ 2.37581, 6.60785 ], [ 2.37572, 6.60713 ], [ 2.37508, 6.60713 ], [ 2.37508, 6.60749 ], [ 2.37563, 6.60758 ], [ 2.37508, 6.60849 ], [ 2.37617, 6.60858 ], [ 2.37617, 6.60876 ], [ 2.37535, 6.60894 ], [ 2.37508, 6.6093 ], [ 2.37562, 6.60921 ], [ 2.37562, 6.60966 ] ] ], [ [ [ 2.37878, 6.61374 ], [ 2.37906, 6.61238 ], [ 2.37852, 6.61202 ], [ 2.37861, 6.6112 ], [ 2.37906, 6.61084 ], [ 2.37861, 6.61057 ], [ 2.37888, 6.60985 ], [ 2.37924, 6.60949 ], [ 2.37942, 6.60967 ], [ 2.37942, 6.60921 ], [ 2.37997, 6.60931 ], [ 2.37997, 6.60822 ], [ 2.37915, 6.60704 ], [ 2.38006, 6.60686 ], [ 2.38124, 6.60714 ], [ 2.38123, 6.6075 ], [ 2.38187, 6.60705 ], [ 2.38223, 6.6075 ], [ 2.38286, 6.60687 ], [ 2.3825, 6.60614 ], [ 2.38323, 6.60587 ], [ 2.38287, 6.6046 ], [ 2.38241, 6.60497 ], [ 2.38278, 6.60524 ], [ 2.3825, 6.6056 ], [ 2.38205, 6.60569 ], [ 2.38178, 6.60533 ], [ 2.38088, 6.6056 ], [ 2.38088, 6.60524 ], [ 2.38033, 6.60514 ], [ 2.38006, 6.60578 ], [ 2.37916, 6.60596 ], [ 2.37852, 6.60587 ], [ 2.3787, 6.60514 ], [ 2.37825, 6.60487 ], [ 2.37807, 6.60596 ], [ 2.37852, 6.60623 ], [ 2.37852, 6.60722 ], [ 2.37734, 6.60767 ], [ 2.37698, 6.60749 ], [ 2.37707, 6.60831 ], [ 2.37761, 6.60867 ], [ 2.37761, 6.60957 ], [ 2.37734, 6.60957 ], [ 2.37743, 6.60994 ], [ 2.37662, 6.6112 ], [ 2.37698, 6.61147 ], [ 2.37725, 6.61111 ], [ 2.37707, 6.61165 ], [ 2.37779, 6.61184 ], [ 2.37752, 6.61039 ], [ 2.37788, 6.6103 ], [ 2.37807, 6.60967 ], [ 2.37824, 6.61238 ], [ 2.37779, 6.61247 ], [ 2.37779, 6.61283 ], [ 2.37815, 6.61374 ], [ 2.37878, 6.61374 ] ] ], [ [ [ 2.37345, 6.61219 ], [ 2.37517, 6.61156 ], [ 2.37399, 6.6112 ], [ 2.3749, 6.61057 ], [ 2.37399, 6.61029 ], [ 2.37363, 6.61093 ], [ 2.37264, 6.6112 ], [ 2.37254, 6.61165 ], [ 2.37327, 6.61156 ], [ 2.37345, 6.61219 ] ] ], [ [ [ 2.37796, 6.61907 ], [ 2.37824, 6.6179 ], [ 2.37805, 6.61826 ], [ 2.37769, 6.61781 ], [ 2.37797, 6.61781 ], [ 2.37842, 6.61654 ], [ 2.37715, 6.61753 ], [ 2.37634, 6.61726 ], [ 2.37643, 6.61672 ], [ 2.37598, 6.61645 ], [ 2.37534, 6.61654 ], [ 2.37525, 6.61699 ], [ 2.37625, 6.61753 ], [ 2.37579, 6.61799 ], [ 2.37597, 6.61871 ], [ 2.37643, 6.61817 ], [ 2.37796, 6.61907 ] ] ], [ [ [ 2.37136, 6.62006 ], [ 2.37199, 6.62015 ], [ 2.37299, 6.61862 ], [ 2.37299, 6.61771 ], [ 2.37335, 6.61771 ], [ 2.37344, 6.61834 ], [ 2.37389, 6.61834 ], [ 2.37398, 6.61771 ], [ 2.37453, 6.61816 ], [ 2.37489, 6.61753 ], [ 2.37417, 6.61708 ], [ 2.37263, 6.61708 ], [ 2.37263, 6.6178 ], [ 2.37163, 6.61717 ], [ 2.37073, 6.61735 ], [ 2.37064, 6.61789 ], [ 2.37136, 6.61807 ], [ 2.37136, 6.61861 ], [ 2.37073, 6.61897 ], [ 2.37072, 6.61952 ], [ 2.37118, 6.61961 ], [ 2.37081, 6.62024 ], [ 2.37127, 6.62051 ], [ 2.37136, 6.62006 ] ] ], [ [ [ 2.38049, 6.62242 ], [ 2.38122, 6.62152 ], [ 2.38077, 6.62143 ], [ 2.38068, 6.62098 ], [ 2.38122, 6.61962 ], [ 2.3805, 6.6189 ], [ 2.37977, 6.61953 ], [ 2.3786, 6.61917 ], [ 2.3786, 6.61962 ], [ 2.37914, 6.61998 ], [ 2.38031, 6.6198 ], [ 2.3804, 6.62125 ], [ 2.37995, 6.62188 ], [ 2.38049, 6.62242 ] ] ], [ [ [ 2.37669, 6.62513 ], [ 2.37796, 6.62468 ], [ 2.37832, 6.62396 ], [ 2.37805, 6.62378 ], [ 2.37832, 6.62305 ], [ 2.37787, 6.62269 ], [ 2.37814, 6.62161 ], [ 2.37769, 6.62115 ], [ 2.3776, 6.62007 ], [ 2.37715, 6.62007 ], [ 2.37733, 6.62061 ], [ 2.37688, 6.6207 ], [ 2.37678, 6.62151 ], [ 2.37606, 6.62151 ], [ 2.37606, 6.62106 ], [ 2.37651, 6.62133 ], [ 2.3767, 6.61989 ], [ 2.37624, 6.62079 ], [ 2.37597, 6.62079 ], [ 2.37597, 6.6198 ], [ 2.37561, 6.61943 ], [ 2.37525, 6.6197 ], [ 2.37462, 6.61952 ], [ 2.37398, 6.62034 ], [ 2.37362, 6.62033 ], [ 2.37362, 6.61997 ], [ 2.37407, 6.61997 ], [ 2.3738, 6.61952 ], [ 2.37317, 6.61952 ], [ 2.37299, 6.62042 ], [ 2.37398, 6.62097 ], [ 2.37389, 6.62151 ], [ 2.3747, 6.6216 ], [ 2.37452, 6.62224 ], [ 2.37488, 6.62224 ], [ 2.37507, 6.62133 ], [ 2.37543, 6.62133 ], [ 2.37506, 6.62296 ], [ 2.37398, 6.62432 ], [ 2.37506, 6.62423 ], [ 2.37524, 6.6235 ], [ 2.37561, 6.6235 ], [ 2.37551, 6.62405 ], [ 2.37606, 6.62405 ], [ 2.37615, 6.62441 ], [ 2.37669, 6.62396 ], [ 2.37705, 6.6245 ], [ 2.37669, 6.62459 ], [ 2.37669, 6.62513 ] ] ], [ [ [ 2.36846, 6.62494 ], [ 2.36809, 6.62458 ], [ 2.36828, 6.62422 ], [ 2.36909, 6.62476 ], [ 2.36981, 6.6244 ], [ 2.36981, 6.62386 ], [ 2.36746, 6.62395 ], [ 2.36719, 6.62467 ], [ 2.368, 6.62449 ], [ 2.36782, 6.62512 ], [ 2.36674, 6.62494 ], [ 2.36656, 6.62539 ], [ 2.36782, 6.62557 ], [ 2.36846, 6.62494 ] ] ], [ [ [ 2.37886, 6.62658 ], [ 2.38004, 6.62496 ], [ 2.38004, 6.62577 ], [ 2.3804, 6.6255 ], [ 2.38058, 6.62604 ], [ 2.38121, 6.62622 ], [ 2.38049, 6.62432 ], [ 2.37995, 6.62414 ], [ 2.38022, 6.62369 ], [ 2.37995, 6.62324 ], [ 2.37877, 6.62369 ], [ 2.37886, 6.62432 ], [ 2.3794, 6.62478 ], [ 2.3785, 6.62649 ], [ 2.37886, 6.62658 ] ] ], [ [ [ 2.37433, 6.63427 ], [ 2.37559, 6.63409 ], [ 2.37505, 6.63355 ], [ 2.37514, 6.63282 ], [ 2.37605, 6.63364 ], [ 2.37659, 6.63346 ], [ 2.37659, 6.63282 ], [ 2.37623, 6.63255 ], [ 2.37514, 6.63255 ], [ 2.37523, 6.63165 ], [ 2.37487, 6.63174 ], [ 2.37478, 6.63336 ], [ 2.37424, 6.63309 ], [ 2.3746, 6.63101 ], [ 2.37514, 6.63101 ], [ 2.37478, 6.63083 ], [ 2.37497, 6.6292 ], [ 2.37451, 6.62848 ], [ 2.37506, 6.62821 ], [ 2.37515, 6.62776 ], [ 2.37515, 6.6283 ], [ 2.37596, 6.62866 ], [ 2.3756, 6.62803 ], [ 2.37687, 6.62749 ], [ 2.37687, 6.62685 ], [ 2.37633, 6.62685 ], [ 2.37614, 6.62622 ], [ 2.37488, 6.62676 ], [ 2.37497, 6.62766 ], [ 2.37442, 6.62821 ], [ 2.37361, 6.62766 ], [ 2.3737, 6.62721 ], [ 2.37262, 6.62703 ], [ 2.37216, 6.62911 ], [ 2.37153, 6.62929 ], [ 2.37153, 6.62902 ], [ 2.37107, 6.62902 ], [ 2.37116, 6.62938 ], [ 2.37089, 6.62938 ], [ 2.37089, 6.62893 ], [ 2.37053, 6.62884 ], [ 2.37071, 6.62947 ], [ 2.37017, 6.62983 ], [ 2.37053, 6.63046 ], [ 2.36972, 6.63101 ], [ 2.37035, 6.63209 ], [ 2.37062, 6.63146 ], [ 2.37171, 6.63074 ], [ 2.3718, 6.63119 ], [ 2.37107, 6.63182 ], [ 2.37152, 6.63164 ], [ 2.37216, 6.632 ], [ 2.37261, 6.63155 ], [ 2.37252, 6.63019 ], [ 2.37297, 6.63001 ], [ 2.37261, 6.62956 ], [ 2.37307, 6.62875 ], [ 2.37325, 6.62875 ], [ 2.37325, 6.62947 ], [ 2.37424, 6.62938 ], [ 2.3737, 6.62992 ], [ 2.37388, 6.63146 ], [ 2.37297, 6.63065 ], [ 2.3727, 6.63092 ], [ 2.37324, 6.63128 ], [ 2.37315, 6.63191 ], [ 2.37379, 6.63219 ], [ 2.3736, 6.63345 ], [ 2.37424, 6.63345 ], [ 2.37433, 6.63427 ] ] ], [ [ [ 2.38084, 6.63636 ], [ 2.38156, 6.63563 ], [ 2.38129, 6.63491 ], [ 2.38102, 6.63545 ], [ 2.38039, 6.63536 ], [ 2.38075, 6.63518 ], [ 2.38002, 6.63536 ], [ 2.37993, 6.635 ], [ 2.37921, 6.63509 ], [ 2.37939, 6.6359 ], [ 2.37903, 6.63608 ], [ 2.3793, 6.63654 ], [ 2.37948, 6.63608 ], [ 2.38038, 6.63627 ], [ 2.38057, 6.63672 ], [ 2.38102, 6.63663 ], [ 2.38084, 6.63636 ] ] ], [ [ [ 2.37405, 6.63707 ], [ 2.37432, 6.63617 ], [ 2.37487, 6.63671 ], [ 2.37676, 6.63689 ], [ 2.37677, 6.63635 ], [ 2.37713, 6.63653 ], [ 2.37758, 6.6359 ], [ 2.37677, 6.63518 ], [ 2.37622, 6.63545 ], [ 2.37604, 6.63499 ], [ 2.37442, 6.63481 ], [ 2.37451, 6.63526 ], [ 2.3736, 6.63544 ], [ 2.37378, 6.63653 ], [ 2.37333, 6.6368 ], [ 2.37405, 6.63707 ] ] ], [ [ [ 2.37522, 6.64567 ], [ 2.37594, 6.64504 ], [ 2.37766, 6.64513 ], [ 2.37802, 6.64477 ], [ 2.37712, 6.6444 ], [ 2.37549, 6.6444 ], [ 2.3744, 6.64485 ], [ 2.37513, 6.64522 ], [ 2.37522, 6.64567 ] ] ], [ [ [ 2.37593, 6.65227 ], [ 2.37828, 6.65219 ], [ 2.37847, 6.65173 ], [ 2.37657, 6.65173 ], [ 2.37684, 6.65128 ], [ 2.37666, 6.65028 ], [ 2.37566, 6.65028 ], [ 2.37611, 6.65092 ], [ 2.37539, 6.65101 ], [ 2.37593, 6.65227 ] ] ], [ [ [ 2.37734, 6.68331 ], [ 2.3787, 6.68267 ], [ 2.37879, 6.68204 ], [ 2.38015, 6.68231 ], [ 2.3806, 6.68177 ], [ 2.38042, 6.68087 ], [ 2.38015, 6.68159 ], [ 2.37979, 6.6815 ], [ 2.38015, 6.68023 ], [ 2.37942, 6.68059 ], [ 2.37915, 6.67987 ], [ 2.37807, 6.67978 ], [ 2.37653, 6.68086 ], [ 2.37644, 6.68122 ], [ 2.37689, 6.68168 ], [ 2.37653, 6.68285 ], [ 2.37716, 6.68285 ], [ 2.37734, 6.68331 ] ] ], [ [ [ 2.37399, 6.68339 ], [ 2.37499, 6.68312 ], [ 2.37535, 6.68249 ], [ 2.37598, 6.68258 ], [ 2.37598, 6.68204 ], [ 2.37463, 6.68195 ], [ 2.3739, 6.6814 ], [ 2.37354, 6.68267 ], [ 2.37399, 6.68339 ] ] ], [ [ [ 2.3841, 6.48102 ], [ 2.38564, 6.48112 ], [ 2.38601, 6.47949 ], [ 2.38718, 6.47976 ], [ 2.38781, 6.47913 ], [ 2.38782, 6.47886 ], [ 2.38682, 6.47904 ], [ 2.38655, 6.47822 ], [ 2.38546, 6.47795 ], [ 2.38519, 6.47831 ], [ 2.38573, 6.47895 ], [ 2.38573, 6.47994 ], [ 2.38483, 6.47994 ], [ 2.38365, 6.47894 ], [ 2.38429, 6.47768 ], [ 2.38556, 6.47777 ], [ 2.38592, 6.47741 ], [ 2.38601, 6.47786 ], [ 2.38655, 6.47777 ], [ 2.38673, 6.47714 ], [ 2.38637, 6.47659 ], [ 2.387, 6.47605 ], [ 2.38673, 6.47578 ], [ 2.38646, 6.47614 ], [ 2.38601, 6.47614 ], [ 2.38601, 6.47587 ], [ 2.38592, 6.47623 ], [ 2.38574, 6.47587 ], [ 2.38565, 6.47614 ], [ 2.3852, 6.47605 ], [ 2.38519, 6.47668 ], [ 2.38456, 6.47668 ], [ 2.38456, 6.47741 ], [ 2.38311, 6.47731 ], [ 2.38348, 6.47686 ], [ 2.38302, 6.4765 ], [ 2.38312, 6.47596 ], [ 2.38293, 6.47659 ], [ 2.38257, 6.47614 ], [ 2.38194, 6.47668 ], [ 2.38131, 6.47668 ], [ 2.38212, 6.47596 ], [ 2.38185, 6.47523 ], [ 2.38266, 6.47559 ], [ 2.38294, 6.47505 ], [ 2.38267, 6.47415 ], [ 2.3833, 6.47433 ], [ 2.38303, 6.47397 ], [ 2.3833, 6.47406 ], [ 2.38339, 6.47361 ], [ 2.3824, 6.47315 ], [ 2.38221, 6.47406 ], [ 2.38248, 6.47451 ], [ 2.38158, 6.47442 ], [ 2.38103, 6.47623 ], [ 2.38067, 6.47623 ], [ 2.38112, 6.4765 ], [ 2.38085, 6.47704 ], [ 2.3814, 6.47722 ], [ 2.38094, 6.47776 ], [ 2.38176, 6.47786 ], [ 2.38221, 6.4774 ], [ 2.38203, 6.47813 ], [ 2.3823, 6.47849 ], [ 2.38266, 6.47795 ], [ 2.38338, 6.4784 ], [ 2.38311, 6.48057 ], [ 2.38374, 6.48075 ], [ 2.38401, 6.48021 ], [ 2.38401, 6.48093 ], [ 2.38329, 6.48111 ], [ 2.38266, 6.48066 ], [ 2.38248, 6.48166 ], [ 2.38293, 6.48166 ], [ 2.38275, 6.48138 ], [ 2.38284, 6.48111 ], [ 2.3841, 6.48175 ], [ 2.3841, 6.48102 ] ] ], [ [ [ 2.39179, 6.48556 ], [ 2.39188, 6.4852 ], [ 2.39106, 6.48465 ], [ 2.39269, 6.48474 ], [ 2.39188, 6.48393 ], [ 2.39188, 6.48366 ], [ 2.3926, 6.48384 ], [ 2.39224, 6.4833 ], [ 2.38935, 6.48347 ], [ 2.39034, 6.48203 ], [ 2.39233, 6.48221 ], [ 2.39179, 6.48149 ], [ 2.39179, 6.47968 ], [ 2.39098, 6.47922 ], [ 2.3908, 6.47977 ], [ 2.39035, 6.47931 ], [ 2.3898, 6.48085 ], [ 2.39007, 6.48157 ], [ 2.38899, 6.48239 ], [ 2.38926, 6.4832 ], [ 2.38926, 6.48411 ], [ 2.38971, 6.48447 ], [ 2.39025, 6.48429 ], [ 2.39034, 6.4851 ], [ 2.39097, 6.48556 ], [ 2.39179, 6.48556 ] ] ], [ [ [ 2.38446, 6.48691 ], [ 2.38545, 6.48654 ], [ 2.386, 6.48673 ], [ 2.38573, 6.48582 ], [ 2.38645, 6.486 ], [ 2.38654, 6.48492 ], [ 2.38736, 6.4851 ], [ 2.38718, 6.48438 ], [ 2.3879, 6.48401 ], [ 2.38781, 6.48329 ], [ 2.38745, 6.48383 ], [ 2.38681, 6.48374 ], [ 2.38681, 6.48338 ], [ 2.38745, 6.48302 ], [ 2.38618, 6.48247 ], [ 2.38564, 6.48275 ], [ 2.38636, 6.48329 ], [ 2.386, 6.48365 ], [ 2.38654, 6.48474 ], [ 2.38618, 6.48564 ], [ 2.386, 6.48537 ], [ 2.38573, 6.48555 ], [ 2.38582, 6.48501 ], [ 2.38555, 6.48546 ], [ 2.38527, 6.48528 ], [ 2.38582, 6.48474 ], [ 2.38537, 6.48455 ], [ 2.38464, 6.48492 ], [ 2.38428, 6.48437 ], [ 2.38347, 6.4841 ], [ 2.38347, 6.48365 ], [ 2.38283, 6.48356 ], [ 2.38238, 6.48374 ], [ 2.38238, 6.48419 ], [ 2.38274, 6.48383 ], [ 2.38274, 6.48491 ], [ 2.38193, 6.48473 ], [ 2.38193, 6.485 ], [ 2.38283, 6.48518 ], [ 2.38075, 6.48582 ], [ 2.38138, 6.48627 ], [ 2.38211, 6.48591 ], [ 2.38383, 6.48627 ], [ 2.38437, 6.48609 ], [ 2.38446, 6.48555 ], [ 2.38527, 6.48537 ], [ 2.38536, 6.48618 ], [ 2.38482, 6.486 ], [ 2.38464, 6.48654 ], [ 2.38419, 6.48654 ], [ 2.38446, 6.48691 ] ] ], [ [ [ 2.38862, 6.48664 ], [ 2.38853, 6.4861 ], [ 2.38989, 6.4861 ], [ 2.38971, 6.48565 ], [ 2.38925, 6.48564 ], [ 2.38962, 6.48474 ], [ 2.38907, 6.48429 ], [ 2.38917, 6.4832 ], [ 2.38898, 6.48429 ], [ 2.38844, 6.48447 ], [ 2.38907, 6.48564 ], [ 2.38862, 6.48582 ], [ 2.38817, 6.48546 ], [ 2.38781, 6.48591 ], [ 2.38817, 6.48682 ], [ 2.38862, 6.48664 ] ] ], [ [ [ 2.38382, 6.4898 ], [ 2.38364, 6.48908 ], [ 2.38409, 6.48899 ], [ 2.38455, 6.48944 ], [ 2.38563, 6.48926 ], [ 2.38563, 6.48817 ], [ 2.38491, 6.48808 ], [ 2.38491, 6.48844 ], [ 2.38437, 6.48862 ], [ 2.38455, 6.48763 ], [ 2.3841, 6.48736 ], [ 2.38428, 6.48808 ], [ 2.38382, 6.48772 ], [ 2.38337, 6.4879 ], [ 2.38391, 6.48826 ], [ 2.384, 6.48899 ], [ 2.38319, 6.4888 ], [ 2.38319, 6.48962 ], [ 2.38382, 6.4898 ] ] ], [ [ [ 2.38851, 6.50057 ], [ 2.38779, 6.50003 ], [ 2.38779, 6.49912 ], [ 2.38797, 6.49876 ], [ 2.38969, 6.49867 ], [ 2.38942, 6.49813 ], [ 2.38996, 6.49804 ], [ 2.38969, 6.49677 ], [ 2.39024, 6.49723 ], [ 2.39069, 6.49696 ], [ 2.39096, 6.49723 ], [ 2.3915, 6.49696 ], [ 2.3915, 6.49641 ], [ 2.39195, 6.4965 ], [ 2.39213, 6.49786 ], [ 2.39232, 6.49696 ], [ 2.39241, 6.49723 ], [ 2.39268, 6.49714 ], [ 2.39268, 6.49614 ], [ 2.39214, 6.49569 ], [ 2.39259, 6.49551 ], [ 2.39322, 6.49569 ], [ 2.39358, 6.49623 ], [ 2.39395, 6.49596 ], [ 2.39476, 6.49615 ], [ 2.39494, 6.49705 ], [ 2.3953, 6.49723 ], [ 2.39639, 6.49678 ], [ 2.39702, 6.49696 ], [ 2.39702, 6.49642 ], [ 2.39657, 6.49615 ], [ 2.39684, 6.49588 ], [ 2.39666, 6.49515 ], [ 2.39603, 6.49497 ], [ 2.39603, 6.49425 ], [ 2.39467, 6.49425 ], [ 2.39494, 6.49361 ], [ 2.39431, 6.49298 ], [ 2.39413, 6.49316 ], [ 2.39404, 6.49253 ], [ 2.39449, 6.49235 ], [ 2.39467, 6.49289 ], [ 2.39512, 6.4928 ], [ 2.39512, 6.49343 ], [ 2.39549, 6.49298 ], [ 2.39639, 6.49298 ], [ 2.39666, 6.49352 ], [ 2.39639, 6.49361 ], [ 2.39648, 6.49425 ], [ 2.39702, 6.49407 ], [ 2.39747, 6.49443 ], [ 2.39829, 6.4938 ], [ 2.39892, 6.4938 ], [ 2.39893, 6.49163 ], [ 2.3982, 6.49163 ], [ 2.39784, 6.49126 ], [ 2.39784, 6.48945 ], [ 2.3973, 6.4881 ], [ 2.3964, 6.48819 ], [ 2.39612, 6.48945 ], [ 2.39558, 6.48909 ], [ 2.39513, 6.49008 ], [ 2.39486, 6.48999 ], [ 2.39486, 6.49081 ], [ 2.39558, 6.4909 ], [ 2.39549, 6.49126 ], [ 2.39467, 6.49099 ], [ 2.39449, 6.49162 ], [ 2.39314, 6.49153 ], [ 2.39296, 6.4918 ], [ 2.39323, 6.49198 ], [ 2.39286, 6.49225 ], [ 2.39069, 6.49135 ], [ 2.39042, 6.49225 ], [ 2.39078, 6.49234 ], [ 2.39078, 6.49325 ], [ 2.39114, 6.49325 ], [ 2.39133, 6.49261 ], [ 2.39133, 6.49288 ], [ 2.39241, 6.4928 ], [ 2.39232, 6.49343 ], [ 2.39332, 6.49352 ], [ 2.39295, 6.49379 ], [ 2.39205, 6.49343 ], [ 2.39169, 6.49469 ], [ 2.39132, 6.49433 ], [ 2.38951, 6.49442 ], [ 2.39033, 6.49352 ], [ 2.38943, 6.49333 ], [ 2.38952, 6.49171 ], [ 2.39042, 6.49071 ], [ 2.39033, 6.49026 ], [ 2.38979, 6.49062 ], [ 2.38934, 6.49008 ], [ 2.38898, 6.49098 ], [ 2.38816, 6.49134 ], [ 2.38816, 6.4918 ], [ 2.38735, 6.49143 ], [ 2.38789, 6.49071 ], [ 2.3869, 6.49026 ], [ 2.38653, 6.49134 ], [ 2.38689, 6.49188 ], [ 2.38653, 6.49197 ], [ 2.38671, 6.49243 ], [ 2.38626, 6.49279 ], [ 2.38662, 6.49333 ], [ 2.38644, 6.49405 ], [ 2.38581, 6.49387 ], [ 2.38617, 6.4936 ], [ 2.38608, 6.49297 ], [ 2.38572, 6.49234 ], [ 2.38545, 6.49243 ], [ 2.38545, 6.49188 ], [ 2.3859, 6.49152 ], [ 2.38545, 6.49125 ], [ 2.38617, 6.49116 ], [ 2.38635, 6.49071 ], [ 2.38608, 6.4898 ], [ 2.38581, 6.4898 ], [ 2.38572, 6.49016 ], [ 2.38608, 6.49035 ], [ 2.38572, 6.49062 ], [ 2.38445, 6.49071 ], [ 2.38463, 6.49098 ], [ 2.38418, 6.49179 ], [ 2.38454, 6.49215 ], [ 2.384, 6.49233 ], [ 2.38418, 6.49251 ], [ 2.38373, 6.49242 ], [ 2.38355, 6.49143 ], [ 2.38201, 6.49188 ], [ 2.38228, 6.49296 ], [ 2.38165, 6.49296 ], [ 2.38156, 6.49333 ], [ 2.38192, 6.49333 ], [ 2.38174, 6.49378 ], [ 2.38255, 6.49387 ], [ 2.38219, 6.49441 ], [ 2.38228, 6.49505 ], [ 2.38291, 6.4955 ], [ 2.38255, 6.49676 ], [ 2.38309, 6.49677 ], [ 2.38282, 6.49713 ], [ 2.38363, 6.49713 ], [ 2.38345, 6.49803 ], [ 2.38408, 6.49785 ], [ 2.38463, 6.49686 ], [ 2.38499, 6.49695 ], [ 2.38544, 6.49623 ], [ 2.3858, 6.49623 ], [ 2.3859, 6.49568 ], [ 2.38653, 6.49595 ], [ 2.3868, 6.49559 ], [ 2.3868, 6.49523 ], [ 2.38635, 6.49532 ], [ 2.38662, 6.49487 ], [ 2.38879, 6.4946 ], [ 2.38888, 6.49496 ], [ 2.38942, 6.49496 ], [ 2.38942, 6.49523 ], [ 2.38816, 6.49541 ], [ 2.38779, 6.49605 ], [ 2.38698, 6.49568 ], [ 2.38725, 6.49605 ], [ 2.38671, 6.49632 ], [ 2.38689, 6.49677 ], [ 2.3887, 6.49632 ], [ 2.38888, 6.49731 ], [ 2.38951, 6.49732 ], [ 2.38888, 6.49768 ], [ 2.38906, 6.49804 ], [ 2.38788, 6.4974 ], [ 2.38788, 6.49813 ], [ 2.38752, 6.49804 ], [ 2.38761, 6.49722 ], [ 2.38707, 6.49731 ], [ 2.38734, 6.4984 ], [ 2.3868, 6.49849 ], [ 2.3868, 6.49894 ], [ 2.38752, 6.49967 ], [ 2.38752, 6.50039 ], [ 2.38815, 6.50066 ], [ 2.38851, 6.50057 ] ] ], [ [ [ 2.38571, 6.5012 ], [ 2.38517, 6.50011 ], [ 2.38544, 6.50039 ], [ 2.38634, 6.50012 ], [ 2.38689, 6.49939 ], [ 2.38616, 6.49912 ], [ 2.38589, 6.49948 ], [ 2.38607, 6.50003 ], [ 2.38417, 6.49984 ], [ 2.38345, 6.5002 ], [ 2.38372, 6.50057 ], [ 2.38471, 6.50048 ], [ 2.3848, 6.50093 ], [ 2.38571, 6.5012 ] ] ], [ [ [ 2.39149, 6.50845 ], [ 2.39076, 6.50808 ], [ 2.39095, 6.50754 ], [ 2.39058, 6.50763 ], [ 2.3904, 6.50709 ], [ 2.39167, 6.50736 ], [ 2.39122, 6.50763 ], [ 2.39176, 6.50754 ], [ 2.39194, 6.50808 ], [ 2.39266, 6.50845 ], [ 2.3933, 6.50836 ], [ 2.3933, 6.508 ], [ 2.39429, 6.50809 ], [ 2.39429, 6.50727 ], [ 2.39511, 6.50746 ], [ 2.39493, 6.50709 ], [ 2.39538, 6.50673 ], [ 2.39547, 6.50592 ], [ 2.39529, 6.50519 ], [ 2.39574, 6.50474 ], [ 2.39629, 6.50492 ], [ 2.39656, 6.50465 ], [ 2.39629, 6.50357 ], [ 2.39674, 6.5033 ], [ 2.3962, 6.5032 ], [ 2.39556, 6.50411 ], [ 2.3952, 6.50347 ], [ 2.39611, 6.50329 ], [ 2.39656, 6.50248 ], [ 2.39828, 6.50266 ], [ 2.39855, 6.50212 ], [ 2.39891, 6.50212 ], [ 2.3991, 6.4985 ], [ 2.39819, 6.49877 ], [ 2.39629, 6.4985 ], [ 2.39656, 6.49968 ], [ 2.39593, 6.49913 ], [ 2.39548, 6.49922 ], [ 2.3962, 6.50022 ], [ 2.39765, 6.5004 ], [ 2.39756, 6.50122 ], [ 2.39656, 6.50112 ], [ 2.39674, 6.50067 ], [ 2.39593, 6.5004 ], [ 2.39566, 6.50139 ], [ 2.3953, 6.50139 ], [ 2.39548, 6.50049 ], [ 2.39475, 6.49967 ], [ 2.39512, 6.50112 ], [ 2.39502, 6.50139 ], [ 2.39493, 6.50112 ], [ 2.39421, 6.50121 ], [ 2.39394, 6.50212 ], [ 2.39493, 6.50212 ], [ 2.39475, 6.50257 ], [ 2.39502, 6.50275 ], [ 2.39448, 6.50311 ], [ 2.39457, 6.50239 ], [ 2.39421, 6.50239 ], [ 2.39385, 6.50365 ], [ 2.39276, 6.50293 ], [ 2.39204, 6.50311 ], [ 2.39258, 6.5041 ], [ 2.39095, 6.50537 ], [ 2.39113, 6.50609 ], [ 2.39041, 6.506 ], [ 2.39059, 6.50501 ], [ 2.39014, 6.50446 ], [ 2.39023, 6.50274 ], [ 2.38987, 6.50302 ], [ 2.39005, 6.50347 ], [ 2.38941, 6.50374 ], [ 2.38887, 6.50338 ], [ 2.38869, 6.50374 ], [ 2.38742, 6.50365 ], [ 2.38788, 6.50328 ], [ 2.38751, 6.50283 ], [ 2.38697, 6.50401 ], [ 2.38643, 6.50383 ], [ 2.38643, 6.5041 ], [ 2.38724, 6.5041 ], [ 2.38751, 6.50491 ], [ 2.38905, 6.50428 ], [ 2.38914, 6.50501 ], [ 2.38995, 6.50519 ], [ 2.38941, 6.507 ], [ 2.39022, 6.50682 ], [ 2.38995, 6.50736 ], [ 2.38941, 6.50745 ], [ 2.3895, 6.50799 ], [ 2.39031, 6.50826 ], [ 2.39022, 6.5079 ], [ 2.39067, 6.50781 ], [ 2.39058, 6.50835 ], [ 2.39104, 6.50899 ], [ 2.39149, 6.50845 ] ], [ [ 2.39402, 6.5061 ], [ 2.39321, 6.50501 ], [ 2.39375, 6.50483 ], [ 2.39385, 6.50411 ], [ 2.39439, 6.50393 ], [ 2.3943, 6.50501 ], [ 2.39457, 6.50519 ], [ 2.39511, 6.50483 ], [ 2.39502, 6.50592 ], [ 2.39439, 6.5061 ], [ 2.3942, 6.50583 ], [ 2.39402, 6.5061 ] ] ], [ [ [ 2.38993, 6.52283 ], [ 2.39039, 6.5222 ], [ 2.39129, 6.52211 ], [ 2.39192, 6.52147 ], [ 2.39328, 6.52166 ], [ 2.39328, 6.52066 ], [ 2.39229, 6.5212 ], [ 2.39138, 6.52102 ], [ 2.39138, 6.52075 ], [ 2.39147, 6.52021 ], [ 2.3922, 6.52048 ], [ 2.39247, 6.51967 ], [ 2.39256, 6.52048 ], [ 2.39301, 6.52066 ], [ 2.39301, 6.51949 ], [ 2.39356, 6.5194 ], [ 2.39356, 6.51903 ], [ 2.39319, 6.51894 ], [ 2.39301, 6.51939 ], [ 2.3931, 6.51849 ], [ 2.39283, 6.51822 ], [ 2.39229, 6.5184 ], [ 2.39256, 6.51813 ], [ 2.39238, 6.5174 ], [ 2.39274, 6.51758 ], [ 2.39265, 6.51659 ], [ 2.39229, 6.51614 ], [ 2.39184, 6.51614 ], [ 2.39247, 6.51668 ], [ 2.3922, 6.51695 ], [ 2.39148, 6.51668 ], [ 2.39148, 6.51586 ], [ 2.39094, 6.51604 ], [ 2.39121, 6.51623 ], [ 2.38994, 6.51622 ], [ 2.39021, 6.51577 ], [ 2.3903, 6.51595 ], [ 2.39076, 6.51595 ], [ 2.39048, 6.51577 ], [ 2.39121, 6.51523 ], [ 2.3922, 6.51523 ], [ 2.39256, 6.51568 ], [ 2.39329, 6.51578 ], [ 2.39365, 6.51496 ], [ 2.39465, 6.51505 ], [ 2.39392, 6.51469 ], [ 2.39447, 6.51451 ], [ 2.39537, 6.51496 ], [ 2.39519, 6.51605 ], [ 2.39455, 6.51596 ], [ 2.39401, 6.51641 ], [ 2.39482, 6.51704 ], [ 2.39483, 6.51632 ], [ 2.39627, 6.5156 ], [ 2.39637, 6.51478 ], [ 2.39718, 6.51515 ], [ 2.39709, 6.51723 ], [ 2.39736, 6.51732 ], [ 2.39636, 6.51732 ], [ 2.39582, 6.51831 ], [ 2.39519, 6.51804 ], [ 2.39473, 6.51876 ], [ 2.39455, 6.51831 ], [ 2.39392, 6.51849 ], [ 2.39482, 6.51922 ], [ 2.39455, 6.51976 ], [ 2.39365, 6.52003 ], [ 2.39401, 6.52157 ], [ 2.39355, 6.52175 ], [ 2.39355, 6.5222 ], [ 2.39409, 6.52229 ], [ 2.39518, 6.52175 ], [ 2.39491, 6.52075 ], [ 2.39564, 6.51985 ], [ 2.39636, 6.51994 ], [ 2.39645, 6.52103 ], [ 2.39681, 6.52076 ], [ 2.39708, 6.51913 ], [ 2.3988, 6.51832 ], [ 2.39817, 6.51768 ], [ 2.39817, 6.51723 ], [ 2.39853, 6.51714 ], [ 2.39862, 6.51768 ], [ 2.39971, 6.51741 ], [ 2.39998, 6.51786 ], [ 2.40107, 6.5175 ], [ 2.40197, 6.51841 ], [ 2.40188, 6.51796 ], [ 2.40251, 6.51814 ], [ 2.40269, 6.51696 ], [ 2.40378, 6.51715 ], [ 2.40378, 6.51651 ], [ 2.40405, 6.5166 ], [ 2.40423, 6.51615 ], [ 2.40414, 6.5166 ], [ 2.4045, 6.51669 ], [ 2.40496, 6.51407 ], [ 2.40387, 6.51371 ], [ 2.40369, 6.5128 ], [ 2.40188, 6.51343 ], [ 2.40179, 6.5138 ], [ 2.40216, 6.51371 ], [ 2.40261, 6.51416 ], [ 2.40306, 6.5138 ], [ 2.40297, 6.51497 ], [ 2.40369, 6.51506 ], [ 2.40396, 6.51552 ], [ 2.40306, 6.51534 ], [ 2.40261, 6.51452 ], [ 2.40215, 6.51443 ], [ 2.40197, 6.51515 ], [ 2.40288, 6.51543 ], [ 2.40288, 6.51579 ], [ 2.40342, 6.51579 ], [ 2.40351, 6.51615 ], [ 2.40152, 6.51615 ], [ 2.40125, 6.5166 ], [ 2.40061, 6.51651 ], [ 2.39989, 6.51705 ], [ 2.39908, 6.51633 ], [ 2.39908, 6.5156 ], [ 2.39881, 6.51614 ], [ 2.39836, 6.51461 ], [ 2.39826, 6.51515 ], [ 2.39808, 6.51506 ], [ 2.39799, 6.51415 ], [ 2.39899, 6.51452 ], [ 2.39926, 6.51415 ], [ 2.39935, 6.51452 ], [ 2.39989, 6.51407 ], [ 2.40134, 6.51425 ], [ 2.4017, 6.51398 ], [ 2.40161, 6.51343 ], [ 2.40143, 6.51389 ], [ 2.40089, 6.51379 ], [ 2.40125, 6.51352 ], [ 2.40107, 6.51316 ], [ 2.40017, 6.51334 ], [ 2.40026, 6.51289 ], [ 2.40071, 6.51289 ], [ 2.40017, 6.51226 ], [ 2.39944, 6.51216 ], [ 2.39972, 6.51198 ], [ 2.39935, 6.5118 ], [ 2.39845, 6.51189 ], [ 2.39872, 6.51262 ], [ 2.39827, 6.51271 ], [ 2.39818, 6.51316 ], [ 2.39872, 6.51325 ], [ 2.39863, 6.51352 ], [ 2.39718, 6.51352 ], [ 2.39709, 6.51298 ], [ 2.39637, 6.51252 ], [ 2.39592, 6.51261 ], [ 2.39591, 6.51307 ], [ 2.39564, 6.51279 ], [ 2.39492, 6.51297 ], [ 2.39646, 6.51361 ], [ 2.39619, 6.51388 ], [ 2.39646, 6.51442 ], [ 2.396, 6.51469 ], [ 2.39582, 6.51424 ], [ 2.39609, 6.51388 ], [ 2.39546, 6.51379 ], [ 2.3951, 6.51325 ], [ 2.39284, 6.51333 ], [ 2.39338, 6.51306 ], [ 2.39329, 6.51252 ], [ 2.39438, 6.51234 ], [ 2.39483, 6.51261 ], [ 2.39492, 6.51225 ], [ 2.39429, 6.51225 ], [ 2.39447, 6.51189 ], [ 2.39302, 6.51134 ], [ 2.39275, 6.51071 ], [ 2.39094, 6.51125 ], [ 2.39067, 6.51025 ], [ 2.39112, 6.51007 ], [ 2.39094, 6.50953 ], [ 2.39022, 6.50953 ], [ 2.38968, 6.51016 ], [ 2.38959, 6.50917 ], [ 2.38923, 6.50917 ], [ 2.38895, 6.50935 ], [ 2.38904, 6.51043 ], [ 2.38977, 6.51089 ], [ 2.38977, 6.5117 ], [ 2.39203, 6.51161 ], [ 2.3923, 6.51198 ], [ 2.39067, 6.51197 ], [ 2.39094, 6.51243 ], [ 2.39003, 6.51333 ], [ 2.39003, 6.51369 ], [ 2.39058, 6.5136 ], [ 2.39085, 6.51414 ], [ 2.39148, 6.51396 ], [ 2.39175, 6.51442 ], [ 2.39012, 6.51405 ], [ 2.3903, 6.51487 ], [ 2.38958, 6.51505 ], [ 2.38949, 6.51541 ], [ 2.38931, 6.51469 ], [ 2.38877, 6.51468 ], [ 2.38886, 6.51514 ], [ 2.38768, 6.51468 ], [ 2.38678, 6.51477 ], [ 2.38651, 6.5145 ], [ 2.38669, 6.51387 ], [ 2.3875, 6.51387 ], [ 2.38768, 6.51441 ], [ 2.38831, 6.51441 ], [ 2.3875, 6.51378 ], [ 2.38768, 6.51324 ], [ 2.38714, 6.51305 ], [ 2.38787, 6.51188 ], [ 2.38723, 6.51197 ], [ 2.38714, 6.51115 ], [ 2.38615, 6.51161 ], [ 2.38597, 6.51079 ], [ 2.38561, 6.51097 ], [ 2.38542, 6.5107 ], [ 2.38524, 6.51016 ], [ 2.3857, 6.50889 ], [ 2.38507, 6.50853 ], [ 2.38507, 6.5078 ], [ 2.38425, 6.50771 ], [ 2.3848, 6.50726 ], [ 2.38435, 6.5059 ], [ 2.38398, 6.50599 ], [ 2.38389, 6.50663 ], [ 2.38353, 6.50654 ], [ 2.3838, 6.50636 ], [ 2.38353, 6.50599 ], [ 2.3819, 6.50644 ], [ 2.38172, 6.50608 ], [ 2.38236, 6.50608 ], [ 2.38236, 6.50563 ], [ 2.3829, 6.50572 ], [ 2.3829, 6.50545 ], [ 2.38199, 6.50527 ], [ 2.38181, 6.50599 ], [ 2.38109, 6.50572 ], [ 2.38064, 6.50509 ], [ 2.38109, 6.50445 ], [ 2.38028, 6.50445 ], [ 2.38019, 6.50409 ], [ 2.37919, 6.50373 ], [ 2.37901, 6.50309 ], [ 2.37928, 6.50273 ], [ 2.37874, 6.5021 ], [ 2.37829, 6.50255 ], [ 2.37775, 6.50219 ], [ 2.37766, 6.50246 ], [ 2.37802, 6.50255 ], [ 2.37766, 6.50255 ], [ 2.37766, 6.50291 ], [ 2.37693, 6.503 ], [ 2.37657, 6.50246 ], [ 2.37594, 6.50255 ], [ 2.37585, 6.502 ], [ 2.3754, 6.50182 ], [ 2.3754, 6.50101 ], [ 2.37521, 6.50164 ], [ 2.37485, 6.5011 ], [ 2.37377, 6.5011 ], [ 2.37458, 6.50055 ], [ 2.37449, 6.50028 ], [ 2.37305, 6.50055 ], [ 2.37296, 6.49992 ], [ 2.37259, 6.49983 ], [ 2.37232, 6.50055 ], [ 2.37314, 6.50091 ], [ 2.37313, 6.50182 ], [ 2.37404, 6.502 ], [ 2.37395, 6.50263 ], [ 2.37205, 6.50227 ], [ 2.37232, 6.50263 ], [ 2.37295, 6.50245 ], [ 2.37295, 6.50327 ], [ 2.37422, 6.50354 ], [ 2.37476, 6.50454 ], [ 2.37566, 6.50445 ], [ 2.37593, 6.50499 ], [ 2.37666, 6.50472 ], [ 2.37666, 6.50535 ], [ 2.37702, 6.50517 ], [ 2.3772, 6.50571 ], [ 2.37774, 6.50544 ], [ 2.37828, 6.50581 ], [ 2.37964, 6.50517 ], [ 2.38028, 6.50563 ], [ 2.38027, 6.50644 ], [ 2.38118, 6.50644 ], [ 2.38154, 6.50735 ], [ 2.38118, 6.50843 ], [ 2.37928, 6.50852 ], [ 2.38027, 6.50916 ], [ 2.38018, 6.50979 ], [ 2.37982, 6.50988 ], [ 2.37982, 6.50906 ], [ 2.37909, 6.50915 ], [ 2.379, 6.50952 ], [ 2.37783, 6.50951 ], [ 2.37747, 6.50924 ], [ 2.37747, 6.50861 ], [ 2.37692, 6.5087 ], [ 2.37674, 6.5077 ], [ 2.37629, 6.50807 ], [ 2.37539, 6.50725 ], [ 2.37512, 6.50797 ], [ 2.37548, 6.50861 ], [ 2.37457, 6.50888 ], [ 2.37457, 6.50915 ], [ 2.37493, 6.50987 ], [ 2.37529, 6.50987 ], [ 2.3753, 6.50897 ], [ 2.37557, 6.50906 ], [ 2.37584, 6.51042 ], [ 2.37629, 6.51033 ], [ 2.37656, 6.51069 ], [ 2.37656, 6.51114 ], [ 2.37593, 6.51114 ], [ 2.37602, 6.51159 ], [ 2.37565, 6.51177 ], [ 2.37629, 6.51187 ], [ 2.37665, 6.51123 ], [ 2.37701, 6.51123 ], [ 2.37692, 6.51196 ], [ 2.37783, 6.51169 ], [ 2.37773, 6.51214 ], [ 2.37819, 6.51232 ], [ 2.37855, 6.51223 ], [ 2.37837, 6.51151 ], [ 2.37891, 6.51178 ], [ 2.379, 6.51151 ], [ 2.38009, 6.5116 ], [ 2.38027, 6.51196 ], [ 2.37918, 6.51277 ], [ 2.37945, 6.51323 ], [ 2.37891, 6.51304 ], [ 2.37837, 6.51359 ], [ 2.37837, 6.51404 ], [ 2.37828, 6.5135 ], [ 2.37737, 6.51359 ], [ 2.37728, 6.5144 ], [ 2.37782, 6.51422 ], [ 2.37782, 6.51485 ], [ 2.378, 6.5144 ], [ 2.37855, 6.51458 ], [ 2.37846, 6.51413 ], [ 2.37891, 6.51404 ], [ 2.379, 6.51531 ], [ 2.37782, 6.5163 ], [ 2.37728, 6.51603 ], [ 2.37718, 6.51757 ], [ 2.37673, 6.51757 ], [ 2.37646, 6.51856 ], [ 2.37483, 6.51982 ], [ 2.37465, 6.52073 ], [ 2.37519, 6.52046 ], [ 2.37546, 6.52109 ], [ 2.37582, 6.52073 ], [ 2.37646, 6.52091 ], [ 2.37628, 6.52019 ], [ 2.378, 6.52046 ], [ 2.37655, 6.51983 ], [ 2.37682, 6.51847 ], [ 2.37764, 6.51802 ], [ 2.37818, 6.51711 ], [ 2.37899, 6.51775 ], [ 2.37936, 6.51576 ], [ 2.37972, 6.51585 ], [ 2.37945, 6.5163 ], [ 2.3799, 6.51675 ], [ 2.38026, 6.51612 ], [ 2.38062, 6.51621 ], [ 2.38062, 6.51685 ], [ 2.38099, 6.51676 ], [ 2.38126, 6.51594 ], [ 2.38081, 6.51585 ], [ 2.38081, 6.5154 ], [ 2.38135, 6.51513 ], [ 2.38099, 6.51477 ], [ 2.38108, 6.51386 ], [ 2.38225, 6.51395 ], [ 2.38189, 6.51323 ], [ 2.38126, 6.51323 ], [ 2.38126, 6.51287 ], [ 2.38171, 6.51278 ], [ 2.38171, 6.51314 ], [ 2.38189, 6.51278 ], [ 2.3828, 6.51287 ], [ 2.38307, 6.51242 ], [ 2.38226, 6.51196 ], [ 2.38244, 6.51142 ], [ 2.38271, 6.51124 ], [ 2.38316, 6.51169 ], [ 2.38352, 6.51115 ], [ 2.38398, 6.51142 ], [ 2.38352, 6.51205 ], [ 2.38398, 6.51197 ], [ 2.38506, 6.5126 ], [ 2.38443, 6.51305 ], [ 2.38488, 6.51396 ], [ 2.38524, 6.51369 ], [ 2.38506, 6.51305 ], [ 2.38533, 6.51278 ], [ 2.38633, 6.51305 ], [ 2.38596, 6.51396 ], [ 2.38488, 6.51441 ], [ 2.38497, 6.51477 ], [ 2.38533, 6.51459 ], [ 2.38596, 6.51495 ], [ 2.3856, 6.5155 ], [ 2.38687, 6.51523 ], [ 2.38732, 6.51541 ], [ 2.38732, 6.51604 ], [ 2.38741, 6.51559 ], [ 2.38768, 6.51568 ], [ 2.38768, 6.51622 ], [ 2.38723, 6.51658 ], [ 2.38696, 6.51631 ], [ 2.38569, 6.51649 ], [ 2.3856, 6.51712 ], [ 2.38623, 6.51685 ], [ 2.38632, 6.51731 ], [ 2.38496, 6.51812 ], [ 2.38505, 6.51893 ], [ 2.38569, 6.51866 ], [ 2.38542, 6.51839 ], [ 2.3856, 6.51794 ], [ 2.38596, 6.51866 ], [ 2.38704, 6.51848 ], [ 2.38722, 6.51875 ], [ 2.3865, 6.51884 ], [ 2.38695, 6.52002 ], [ 2.38786, 6.51984 ], [ 2.38776, 6.52038 ], [ 2.38822, 6.52047 ], [ 2.38785, 6.52075 ], [ 2.38704, 6.52056 ], [ 2.38695, 6.52083 ], [ 2.38767, 6.52093 ], [ 2.38804, 6.52138 ], [ 2.38822, 6.52102 ], [ 2.38903, 6.5212 ], [ 2.38867, 6.52138 ], [ 2.38975, 6.52174 ], [ 2.38921, 6.52238 ], [ 2.38993, 6.52283 ] ], [ [ 2.39057, 6.52021 ], [ 2.39057, 6.51957 ], [ 2.38976, 6.51948 ], [ 2.38921, 6.51993 ], [ 2.38876, 6.51966 ], [ 2.3893, 6.51948 ], [ 2.38939, 6.51903 ], [ 2.38831, 6.5183 ], [ 2.38867, 6.51758 ], [ 2.38831, 6.51677 ], [ 2.38876, 6.51668 ], [ 2.38867, 6.51595 ], [ 2.38822, 6.51595 ], [ 2.38831, 6.51541 ], [ 2.38931, 6.5155 ], [ 2.38985, 6.51604 ], [ 2.38958, 6.51704 ], [ 2.39012, 6.51695 ], [ 2.39039, 6.51731 ], [ 2.39075, 6.51677 ], [ 2.39157, 6.51713 ], [ 2.39184, 6.51831 ], [ 2.39102, 6.51831 ], [ 2.39139, 6.51858 ], [ 2.39093, 6.51912 ], [ 2.39129, 6.51948 ], [ 2.39102, 6.51975 ], [ 2.3912, 6.5203 ], [ 2.39057, 6.52021 ] ] ], [ [ [ 2.38884, 6.52699 ], [ 2.38821, 6.52617 ], [ 2.3883, 6.52509 ], [ 2.38866, 6.52473 ], [ 2.38821, 6.52464 ], [ 2.38704, 6.52545 ], [ 2.38658, 6.52662 ], [ 2.3874, 6.52663 ], [ 2.38767, 6.52717 ], [ 2.38848, 6.52744 ], [ 2.38884, 6.52699 ] ] ], [ [ [ 2.3826, 6.52653 ], [ 2.38351, 6.52698 ], [ 2.38414, 6.52662 ], [ 2.3836, 6.52626 ], [ 2.38414, 6.52608 ], [ 2.3845, 6.52644 ], [ 2.38459, 6.5259 ], [ 2.38342, 6.52581 ], [ 2.38323, 6.52644 ], [ 2.38269, 6.52599 ], [ 2.38305, 6.5259 ], [ 2.38296, 6.52544 ], [ 2.38251, 6.52526 ], [ 2.38206, 6.52553 ], [ 2.38161, 6.52716 ], [ 2.3826, 6.52653 ] ] ], [ [ [ 2.39028, 6.53613 ], [ 2.39064, 6.5345 ], [ 2.38983, 6.53378 ], [ 2.38947, 6.53242 ], [ 2.38983, 6.53188 ], [ 2.38992, 6.53269 ], [ 2.39037, 6.53251 ], [ 2.39028, 6.53188 ], [ 2.39065, 6.53179 ], [ 2.39074, 6.53115 ], [ 2.3911, 6.53115 ], [ 2.39065, 6.53052 ], [ 2.39101, 6.53061 ], [ 2.39119, 6.53025 ], [ 2.39155, 6.5307 ], [ 2.39137, 6.53115 ], [ 2.39173, 6.53079 ], [ 2.39264, 6.53079 ], [ 2.39291, 6.53197 ], [ 2.39236, 6.53224 ], [ 2.39236, 6.5326 ], [ 2.39273, 6.53278 ], [ 2.39272, 6.53333 ], [ 2.39309, 6.53297 ], [ 2.39336, 6.53315 ], [ 2.39318, 6.53269 ], [ 2.39381, 6.53197 ], [ 2.39345, 6.5317 ], [ 2.39345, 6.53088 ], [ 2.39309, 6.53107 ], [ 2.39318, 6.52898 ], [ 2.39291, 6.52862 ], [ 2.3921, 6.52862 ], [ 2.39201, 6.52817 ], [ 2.3921, 6.52754 ], [ 2.393, 6.52708 ], [ 2.39346, 6.52718 ], [ 2.39345, 6.52772 ], [ 2.39436, 6.52772 ], [ 2.39364, 6.52582 ], [ 2.39418, 6.52519 ], [ 2.39391, 6.52482 ], [ 2.39319, 6.525 ], [ 2.39282, 6.52591 ], [ 2.39228, 6.52546 ], [ 2.39183, 6.52564 ], [ 2.39264, 6.52654 ], [ 2.39192, 6.52636 ], [ 2.39201, 6.5269 ], [ 2.3911, 6.52772 ], [ 2.39101, 6.52844 ], [ 2.39137, 6.52844 ], [ 2.39119, 6.52971 ], [ 2.39065, 6.52943 ], [ 2.39011, 6.52989 ], [ 2.38983, 6.52943 ], [ 2.38938, 6.52943 ], [ 2.38992, 6.53025 ], [ 2.38956, 6.5307 ], [ 2.3892, 6.5307 ], [ 2.3892, 6.53007 ], [ 2.38875, 6.53034 ], [ 2.38884, 6.53088 ], [ 2.3882, 6.53205 ], [ 2.38856, 6.53215 ], [ 2.38856, 6.5326 ], [ 2.3882, 6.5326 ], [ 2.38757, 6.53341 ], [ 2.38757, 6.53386 ], [ 2.38811, 6.53395 ], [ 2.3882, 6.53441 ], [ 2.38793, 6.5345 ], [ 2.38847, 6.5345 ], [ 2.38874, 6.53595 ], [ 2.38937, 6.53604 ], [ 2.38901, 6.53522 ], [ 2.38947, 6.53504 ], [ 2.38983, 6.53531 ], [ 2.38974, 6.53631 ], [ 2.39028, 6.53613 ] ] ], [ [ [ 2.38322, 6.53983 ], [ 2.38394, 6.53883 ], [ 2.38385, 6.53802 ], [ 2.38322, 6.53802 ], [ 2.38322, 6.53775 ], [ 2.38395, 6.53721 ], [ 2.38295, 6.53748 ], [ 2.38286, 6.53711 ], [ 2.3825, 6.5372 ], [ 2.38187, 6.53666 ], [ 2.38187, 6.53585 ], [ 2.38114, 6.5363 ], [ 2.38042, 6.53521 ], [ 2.38096, 6.53467 ], [ 2.3816, 6.53485 ], [ 2.38133, 6.53413 ], [ 2.38169, 6.53413 ], [ 2.38232, 6.53467 ], [ 2.38341, 6.5344 ], [ 2.38377, 6.53503 ], [ 2.38458, 6.5354 ], [ 2.38549, 6.53477 ], [ 2.38621, 6.53486 ], [ 2.38666, 6.53585 ], [ 2.38766, 6.53558 ], [ 2.3873, 6.53477 ], [ 2.38639, 6.53431 ], [ 2.3863, 6.53332 ], [ 2.38657, 6.53323 ], [ 2.38621, 6.53305 ], [ 2.38648, 6.53232 ], [ 2.38712, 6.53287 ], [ 2.38757, 6.53214 ], [ 2.38676, 6.53187 ], [ 2.38667, 6.53133 ], [ 2.3863, 6.53142 ], [ 2.38631, 6.53042 ], [ 2.38603, 6.53124 ], [ 2.38648, 6.53205 ], [ 2.38603, 6.53214 ], [ 2.38549, 6.53124 ], [ 2.38522, 6.53187 ], [ 2.38558, 6.53241 ], [ 2.38513, 6.53305 ], [ 2.38486, 6.53286 ], [ 2.38476, 6.53332 ], [ 2.38377, 6.53313 ], [ 2.38386, 6.5325 ], [ 2.38359, 6.53241 ], [ 2.38241, 6.53295 ], [ 2.38232, 6.53368 ], [ 2.38187, 6.53358 ], [ 2.38196, 6.53313 ], [ 2.38169, 6.53304 ], [ 2.38178, 6.53358 ], [ 2.38115, 6.53349 ], [ 2.38069, 6.5344 ], [ 2.38006, 6.53431 ], [ 2.37988, 6.53358 ], [ 2.37852, 6.53367 ], [ 2.37897, 6.53403 ], [ 2.37924, 6.53503 ], [ 2.3787, 6.53539 ], [ 2.37716, 6.53512 ], [ 2.37626, 6.53629 ], [ 2.37553, 6.53584 ], [ 2.37562, 6.53557 ], [ 2.3749, 6.53593 ], [ 2.37427, 6.53548 ], [ 2.374, 6.53629 ], [ 2.37427, 6.53738 ], [ 2.37472, 6.53729 ], [ 2.37472, 6.53665 ], [ 2.37517, 6.53674 ], [ 2.37499, 6.53729 ], [ 2.37526, 6.53747 ], [ 2.3758, 6.53711 ], [ 2.3758, 6.53747 ], [ 2.37553, 6.53738 ], [ 2.37562, 6.53846 ], [ 2.37589, 6.53801 ], [ 2.37644, 6.53864 ], [ 2.37653, 6.53892 ], [ 2.37598, 6.53901 ], [ 2.37625, 6.53928 ], [ 2.37698, 6.53892 ], [ 2.37734, 6.5381 ], [ 2.37815, 6.53792 ], [ 2.37843, 6.53801 ], [ 2.37833, 6.53901 ], [ 2.37951, 6.53865 ], [ 2.37933, 6.53919 ], [ 2.3796, 6.53937 ], [ 2.37996, 6.5391 ], [ 2.3796, 6.53856 ], [ 2.38005, 6.53847 ], [ 2.38015, 6.53765 ], [ 2.38051, 6.53756 ], [ 2.38114, 6.53775 ], [ 2.38132, 6.5382 ], [ 2.38232, 6.53775 ], [ 2.38232, 6.53829 ], [ 2.38313, 6.53829 ], [ 2.38259, 6.53883 ], [ 2.38195, 6.53883 ], [ 2.38186, 6.53919 ], [ 2.3825, 6.53938 ], [ 2.38249, 6.53992 ], [ 2.38322, 6.53983 ] ] ], [ [ [ 2.38629, 6.54372 ], [ 2.38774, 6.54318 ], [ 2.3881, 6.54155 ], [ 2.38747, 6.54146 ], [ 2.38701, 6.54228 ], [ 2.38683, 6.54164 ], [ 2.38674, 6.54228 ], [ 2.38647, 6.54191 ], [ 2.38674, 6.54291 ], [ 2.38647, 6.54336 ], [ 2.38557, 6.54291 ], [ 2.38475, 6.54318 ], [ 2.38493, 6.5439 ], [ 2.38538, 6.5439 ], [ 2.38502, 6.54454 ], [ 2.38538, 6.54445 ], [ 2.38547, 6.54481 ], [ 2.3862, 6.54445 ], [ 2.38629, 6.54372 ] ] ], [ [ [ 2.38655, 6.55449 ], [ 2.38745, 6.55431 ], [ 2.38736, 6.55313 ], [ 2.38773, 6.55313 ], [ 2.38773, 6.55232 ], [ 2.38818, 6.55214 ], [ 2.38755, 6.55132 ], [ 2.38682, 6.55159 ], [ 2.38691, 6.55214 ], [ 2.38655, 6.55205 ], [ 2.38736, 6.55304 ], [ 2.38619, 6.55295 ], [ 2.38564, 6.55367 ], [ 2.38564, 6.55404 ], [ 2.38637, 6.55386 ], [ 2.38664, 6.55413 ], [ 2.38664, 6.5544 ], [ 2.386, 6.55422 ], [ 2.386, 6.5553 ], [ 2.38646, 6.55521 ], [ 2.38655, 6.55449 ] ] ], [ [ [ 2.38555, 6.55919 ], [ 2.3851, 6.55856 ], [ 2.38519, 6.55802 ], [ 2.38636, 6.55829 ], [ 2.38564, 6.55756 ], [ 2.3851, 6.55747 ], [ 2.38501, 6.55793 ], [ 2.3841, 6.5581 ], [ 2.38437, 6.55874 ], [ 2.38473, 6.55865 ], [ 2.38446, 6.55928 ], [ 2.38555, 6.55919 ] ] ], [ [ [ 2.38654, 6.56046 ], [ 2.38672, 6.55901 ], [ 2.3869, 6.55947 ], [ 2.38745, 6.55901 ], [ 2.38681, 6.55784 ], [ 2.38681, 6.55865 ], [ 2.38654, 6.55847 ], [ 2.38591, 6.55901 ], [ 2.38618, 6.56055 ], [ 2.38654, 6.56046 ] ] ], [ [ [ 2.38535, 6.57285 ], [ 2.38571, 6.57249 ], [ 2.38625, 6.57258 ], [ 2.38644, 6.57186 ], [ 2.38571, 6.57113 ], [ 2.38608, 6.57077 ], [ 2.38571, 6.57023 ], [ 2.38454, 6.5695 ], [ 2.38427, 6.56896 ], [ 2.38454, 6.56842 ], [ 2.38517, 6.56851 ], [ 2.38517, 6.56923 ], [ 2.38562, 6.56942 ], [ 2.38843, 6.56906 ], [ 2.38888, 6.56951 ], [ 2.39033, 6.56951 ], [ 2.39069, 6.56987 ], [ 2.39132, 6.56969 ], [ 2.39159, 6.57006 ], [ 2.39205, 6.56997 ], [ 2.39187, 6.56951 ], [ 2.3925, 6.5696 ], [ 2.39268, 6.57096 ], [ 2.3915, 6.57159 ], [ 2.39141, 6.57196 ], [ 2.39024, 6.57123 ], [ 2.38897, 6.57177 ], [ 2.38852, 6.57177 ], [ 2.38852, 6.57141 ], [ 2.3877, 6.57159 ], [ 2.38897, 6.5725 ], [ 2.38879, 6.57277 ], [ 2.38987, 6.57259 ], [ 2.38969, 6.57277 ], [ 2.39014, 6.57295 ], [ 2.38987, 6.57322 ], [ 2.39041, 6.57331 ], [ 2.39032, 6.57367 ], [ 2.39078, 6.57404 ], [ 2.39105, 6.57205 ], [ 2.39195, 6.57214 ], [ 2.39195, 6.57377 ], [ 2.39222, 6.57386 ], [ 2.39213, 6.57331 ], [ 2.39259, 6.57268 ], [ 2.39268, 6.57304 ], [ 2.39322, 6.57286 ], [ 2.39295, 6.57178 ], [ 2.39521, 6.57187 ], [ 2.39584, 6.57214 ], [ 2.39584, 6.5725 ], [ 2.3972, 6.57196 ], [ 2.39729, 6.57232 ], [ 2.39693, 6.57241 ], [ 2.39783, 6.5726 ], [ 2.39874, 6.57251 ], [ 2.39892, 6.57187 ], [ 2.39811, 6.57187 ], [ 2.39766, 6.57024 ], [ 2.3972, 6.57042 ], [ 2.39639, 6.57006 ], [ 2.39594, 6.56889 ], [ 2.39485, 6.56825 ], [ 2.39458, 6.56753 ], [ 2.39404, 6.56734 ], [ 2.3935, 6.56653 ], [ 2.39232, 6.56644 ], [ 2.39205, 6.56589 ], [ 2.39133, 6.56562 ], [ 2.3916, 6.56463 ], [ 2.39214, 6.56418 ], [ 2.39251, 6.56418 ], [ 2.3926, 6.56481 ], [ 2.39323, 6.56454 ], [ 2.39377, 6.5649 ], [ 2.3935, 6.56354 ], [ 2.39305, 6.56309 ], [ 2.39405, 6.56327 ], [ 2.39405, 6.56282 ], [ 2.39305, 6.56264 ], [ 2.39224, 6.56318 ], [ 2.39224, 6.56354 ], [ 2.39052, 6.56327 ], [ 2.38988, 6.56282 ], [ 2.3897, 6.56399 ], [ 2.38916, 6.56408 ], [ 2.38979, 6.56417 ], [ 2.38934, 6.56444 ], [ 2.38952, 6.56499 ], [ 2.38853, 6.56453 ], [ 2.38889, 6.56517 ], [ 2.38871, 6.56544 ], [ 2.38916, 6.56535 ], [ 2.38997, 6.56607 ], [ 2.38961, 6.56662 ], [ 2.39042, 6.56716 ], [ 2.39042, 6.56752 ], [ 2.39133, 6.56761 ], [ 2.39178, 6.56716 ], [ 2.39232, 6.56761 ], [ 2.39214, 6.56825 ], [ 2.39151, 6.56843 ], [ 2.39142, 6.56879 ], [ 2.39133, 6.56807 ], [ 2.39096, 6.56797 ], [ 2.39015, 6.56843 ], [ 2.39033, 6.56897 ], [ 2.38997, 6.56897 ], [ 2.38997, 6.56861 ], [ 2.38843, 6.56897 ], [ 2.38816, 6.56833 ], [ 2.3887, 6.56833 ], [ 2.38879, 6.56761 ], [ 2.38771, 6.56652 ], [ 2.38689, 6.56652 ], [ 2.38753, 6.56716 ], [ 2.38707, 6.56779 ], [ 2.38608, 6.56679 ], [ 2.38617, 6.56634 ], [ 2.38518, 6.56625 ], [ 2.38509, 6.56552 ], [ 2.38545, 6.56489 ], [ 2.38563, 6.56571 ], [ 2.38653, 6.56516 ], [ 2.38572, 6.56399 ], [ 2.38437, 6.56362 ], [ 2.38455, 6.5638 ], [ 2.38436, 6.56408 ], [ 2.384, 6.56317 ], [ 2.38274, 6.56281 ], [ 2.38256, 6.56217 ], [ 2.38192, 6.56244 ], [ 2.3812, 6.56208 ], [ 2.38066, 6.56253 ], [ 2.37948, 6.56244 ], [ 2.37939, 6.5628 ], [ 2.37785, 6.56271 ], [ 2.37758, 6.56235 ], [ 2.37785, 6.56289 ], [ 2.3774, 6.56307 ], [ 2.37704, 6.56253 ], [ 2.37677, 6.56271 ], [ 2.37668, 6.56226 ], [ 2.37613, 6.56226 ], [ 2.37604, 6.56289 ], [ 2.37722, 6.56298 ], [ 2.37713, 6.56343 ], [ 2.37758, 6.56389 ], [ 2.37812, 6.56344 ], [ 2.37794, 6.56407 ], [ 2.37848, 6.56371 ], [ 2.37885, 6.56434 ], [ 2.37957, 6.56353 ], [ 2.37975, 6.56416 ], [ 2.38065, 6.56461 ], [ 2.38111, 6.56371 ], [ 2.38201, 6.56425 ], [ 2.38219, 6.56362 ], [ 2.38301, 6.56317 ], [ 2.38265, 6.56444 ], [ 2.3821, 6.56471 ], [ 2.38246, 6.56606 ], [ 2.38147, 6.56624 ], [ 2.38092, 6.56588 ], [ 2.37948, 6.56588 ], [ 2.37948, 6.56543 ], [ 2.37912, 6.56552 ], [ 2.37902, 6.56606 ], [ 2.37866, 6.5657 ], [ 2.37776, 6.56597 ], [ 2.37758, 6.56561 ], [ 2.37758, 6.56606 ], [ 2.37984, 6.56633 ], [ 2.38038, 6.56679 ], [ 2.37938, 6.56733 ], [ 2.37821, 6.56705 ], [ 2.3783, 6.56778 ], [ 2.37785, 6.56714 ], [ 2.37748, 6.5685 ], [ 2.37812, 6.56886 ], [ 2.3773, 6.56931 ], [ 2.37658, 6.57058 ], [ 2.37875, 6.57067 ], [ 2.37875, 6.5714 ], [ 2.37902, 6.57149 ], [ 2.37902, 6.57095 ], [ 2.37992, 6.57086 ], [ 2.3802, 6.57022 ], [ 2.383, 6.57059 ], [ 2.38427, 6.57014 ], [ 2.38427, 6.57086 ], [ 2.38472, 6.57086 ], [ 2.38463, 6.5714 ], [ 2.38535, 6.57131 ], [ 2.38444, 6.57267 ], [ 2.38236, 6.57231 ], [ 2.3811, 6.57258 ], [ 2.38056, 6.57176 ], [ 2.37992, 6.57185 ], [ 2.37983, 6.5723 ], [ 2.38037, 6.5723 ], [ 2.38083, 6.57303 ], [ 2.38209, 6.57303 ], [ 2.38273, 6.57267 ], [ 2.383, 6.57303 ], [ 2.38399, 6.57312 ], [ 2.38426, 6.57285 ], [ 2.38462, 6.57312 ], [ 2.38499, 6.57276 ], [ 2.38544, 6.57331 ], [ 2.38535, 6.57285 ] ], [ [ 2.38146, 6.56932 ], [ 2.38101, 6.56869 ], [ 2.38101, 6.56796 ], [ 2.3821, 6.56787 ], [ 2.38246, 6.56805 ], [ 2.3821, 6.56814 ], [ 2.3821, 6.56833 ], [ 2.38264, 6.56824 ], [ 2.38354, 6.56878 ], [ 2.38282, 6.5695 ], [ 2.38146, 6.56932 ] ] ], [ [ [ 2.38887, 6.57611 ], [ 2.38878, 6.57512 ], [ 2.38933, 6.57467 ], [ 2.38888, 6.57403 ], [ 2.38942, 6.5734 ], [ 2.38815, 6.57322 ], [ 2.38842, 6.57394 ], [ 2.38788, 6.57421 ], [ 2.38716, 6.57295 ], [ 2.38652, 6.57331 ], [ 2.38562, 6.57312 ], [ 2.38544, 6.57466 ], [ 2.38535, 6.57439 ], [ 2.3839, 6.5743 ], [ 2.38345, 6.57502 ], [ 2.3839, 6.57529 ], [ 2.38444, 6.57484 ], [ 2.38426, 6.57511 ], [ 2.38498, 6.57602 ], [ 2.38526, 6.57548 ], [ 2.38598, 6.57539 ], [ 2.38571, 6.57502 ], [ 2.38616, 6.57539 ], [ 2.38697, 6.57521 ], [ 2.38706, 6.57602 ], [ 2.38761, 6.57512 ], [ 2.38797, 6.57521 ], [ 2.38779, 6.57575 ], [ 2.38842, 6.57548 ], [ 2.38842, 6.57611 ], [ 2.38887, 6.57611 ] ] ], [ [ [ 2.38109, 6.57828 ], [ 2.38145, 6.57791 ], [ 2.38181, 6.57828 ], [ 2.38181, 6.57782 ], [ 2.38254, 6.57792 ], [ 2.3829, 6.57755 ], [ 2.38335, 6.57765 ], [ 2.38326, 6.57819 ], [ 2.38362, 6.57828 ], [ 2.38417, 6.57683 ], [ 2.38489, 6.57701 ], [ 2.38453, 6.57611 ], [ 2.38281, 6.57584 ], [ 2.38236, 6.57647 ], [ 2.38191, 6.57647 ], [ 2.382, 6.57674 ], [ 2.38299, 6.57629 ], [ 2.38372, 6.57629 ], [ 2.38381, 6.57674 ], [ 2.38308, 6.57683 ], [ 2.38308, 6.57719 ], [ 2.382, 6.5771 ], [ 2.38227, 6.57737 ], [ 2.38172, 6.57737 ], [ 2.38172, 6.57764 ], [ 2.38091, 6.5771 ], [ 2.38064, 6.57737 ], [ 2.38091, 6.57773 ], [ 2.38073, 6.57882 ], [ 2.38127, 6.57855 ], [ 2.38109, 6.57828 ] ] ], [ [ [ 2.38968, 6.58073 ], [ 2.3905, 6.581 ], [ 2.3905, 6.5801 ], [ 2.39104, 6.57955 ], [ 2.39267, 6.57992 ], [ 2.39276, 6.57874 ], [ 2.39014, 6.57964 ], [ 2.38905, 6.58118 ], [ 2.38968, 6.58073 ] ] ], [ [ [ 2.38135, 6.58515 ], [ 2.38099, 6.58497 ], [ 2.38126, 6.5847 ], [ 2.38072, 6.5847 ], [ 2.3809, 6.58398 ], [ 2.38009, 6.58397 ], [ 2.37991, 6.58334 ], [ 2.38063, 6.58289 ], [ 2.38163, 6.58307 ], [ 2.38136, 6.58217 ], [ 2.38163, 6.58235 ], [ 2.38262, 6.58181 ], [ 2.38262, 6.58144 ], [ 2.38416, 6.58127 ], [ 2.38534, 6.58181 ], [ 2.38552, 6.58127 ], [ 2.38624, 6.58136 ], [ 2.38624, 6.581 ], [ 2.38688, 6.58091 ], [ 2.38615, 6.58 ], [ 2.38688, 6.57919 ], [ 2.38679, 6.57783 ], [ 2.38625, 6.57792 ], [ 2.38625, 6.57901 ], [ 2.38498, 6.57964 ], [ 2.38452, 6.58118 ], [ 2.3829, 6.58072 ], [ 2.38253, 6.58099 ], [ 2.3829, 6.58135 ], [ 2.38208, 6.58162 ], [ 2.38154, 6.57972 ], [ 2.38082, 6.5799 ], [ 2.38036, 6.58081 ], [ 2.37991, 6.58081 ], [ 2.37982, 6.58189 ], [ 2.37928, 6.5818 ], [ 2.37891, 6.58234 ], [ 2.37927, 6.58352 ], [ 2.37882, 6.58433 ], [ 2.37963, 6.58461 ], [ 2.37963, 6.58533 ], [ 2.38036, 6.58615 ], [ 2.38117, 6.58597 ], [ 2.38135, 6.58515 ] ] ], [ [ [ 2.38424, 6.59076 ], [ 2.38542, 6.58977 ], [ 2.3856, 6.58869 ], [ 2.38641, 6.58887 ], [ 2.38669, 6.58832 ], [ 2.38723, 6.5886 ], [ 2.38813, 6.58833 ], [ 2.38786, 6.58887 ], [ 2.38804, 6.58923 ], [ 2.3885, 6.58887 ], [ 2.38822, 6.58833 ], [ 2.38931, 6.58806 ], [ 2.38985, 6.58824 ], [ 2.38976, 6.58896 ], [ 2.39021, 6.58887 ], [ 2.39067, 6.58815 ], [ 2.39239, 6.58824 ], [ 2.39212, 6.58716 ], [ 2.39266, 6.58698 ], [ 2.39239, 6.58688 ], [ 2.39257, 6.58652 ], [ 2.3932, 6.58725 ], [ 2.39356, 6.58661 ], [ 2.3923, 6.58625 ], [ 2.39176, 6.58544 ], [ 2.39103, 6.58589 ], [ 2.3913, 6.58634 ], [ 2.39067, 6.58634 ], [ 2.3904, 6.58679 ], [ 2.39076, 6.58761 ], [ 2.38976, 6.58751 ], [ 2.38967, 6.58797 ], [ 2.38714, 6.58796 ], [ 2.38678, 6.58724 ], [ 2.38596, 6.58706 ], [ 2.38479, 6.58823 ], [ 2.38433, 6.58823 ], [ 2.38352, 6.58959 ], [ 2.38298, 6.58986 ], [ 2.38243, 6.58959 ], [ 2.38279, 6.5904 ], [ 2.38334, 6.59004 ], [ 2.38334, 6.59049 ], [ 2.38397, 6.5904 ], [ 2.38424, 6.59076 ] ] ], [ [ [ 2.38052, 6.59818 ], [ 2.38098, 6.59764 ], [ 2.38179, 6.59746 ], [ 2.38405, 6.59782 ], [ 2.38432, 6.59737 ], [ 2.3855, 6.59728 ], [ 2.38559, 6.59692 ], [ 2.38441, 6.59665 ], [ 2.3845, 6.59701 ], [ 2.38315, 6.59719 ], [ 2.38143, 6.59664 ], [ 2.38098, 6.59727 ], [ 2.38025, 6.59709 ], [ 2.38016, 6.59764 ], [ 2.37989, 6.59754 ], [ 2.37989, 6.59818 ], [ 2.38052, 6.59818 ] ] ], [ [ [ 2.38957, 6.60136 ], [ 2.39002, 6.60018 ], [ 2.39056, 6.60036 ], [ 2.39056, 6.59982 ], [ 2.39111, 6.59982 ], [ 2.39084, 6.59919 ], [ 2.3912, 6.59901 ], [ 2.39011, 6.599 ], [ 2.39011, 6.59819 ], [ 2.39066, 6.59783 ], [ 2.39048, 6.59738 ], [ 2.39138, 6.59729 ], [ 2.39111, 6.59683 ], [ 2.39057, 6.59683 ], [ 2.3902, 6.59747 ], [ 2.38939, 6.59692 ], [ 2.38903, 6.5971 ], [ 2.38975, 6.59783 ], [ 2.38948, 6.59909 ], [ 2.38984, 6.59973 ], [ 2.38866, 6.60108 ], [ 2.38957, 6.60136 ] ] ], [ [ [ 2.38414, 6.60054 ], [ 2.38523, 6.59972 ], [ 2.38532, 6.59909 ], [ 2.38477, 6.599 ], [ 2.38505, 6.59827 ], [ 2.38459, 6.59782 ], [ 2.38387, 6.59927 ], [ 2.38414, 6.60054 ] ] ], [ [ [ 2.39011, 6.60353 ], [ 2.39056, 6.60271 ], [ 2.39002, 6.6028 ], [ 2.38993, 6.60244 ], [ 2.3892, 6.60235 ], [ 2.38902, 6.60289 ], [ 2.38956, 6.60335 ], [ 2.38884, 6.60335 ], [ 2.38884, 6.6038 ], [ 2.38974, 6.60407 ], [ 2.39029, 6.60389 ], [ 2.39011, 6.60353 ] ] ], [ [ [ 2.38874, 6.60778 ], [ 2.3901, 6.60697 ], [ 2.38965, 6.60678 ], [ 2.38911, 6.60724 ], [ 2.38929, 6.60669 ], [ 2.38884, 6.60633 ], [ 2.3892, 6.60452 ], [ 2.38866, 6.60425 ], [ 2.38875, 6.60669 ], [ 2.38811, 6.60769 ], [ 2.38874, 6.60778 ] ] ], [ [ [ 2.39128, 6.60887 ], [ 2.39055, 6.60887 ], [ 2.39064, 6.60814 ], [ 2.38992, 6.60832 ], [ 2.38929, 6.60796 ], [ 2.3891, 6.60968 ], [ 2.38983, 6.60995 ], [ 2.39019, 6.60923 ], [ 2.39118, 6.61013 ], [ 2.39128, 6.60887 ] ] ], [ [ [ 2.38104, 6.61582 ], [ 2.38204, 6.61528 ], [ 2.38204, 6.61474 ], [ 2.38313, 6.61492 ], [ 2.38322, 6.61465 ], [ 2.38213, 6.61365 ], [ 2.38268, 6.6132 ], [ 2.38268, 6.61166 ], [ 2.38186, 6.61184 ], [ 2.38069, 6.61112 ], [ 2.38087, 6.61066 ], [ 2.38159, 6.61076 ], [ 2.3815, 6.6103 ], [ 2.38177, 6.61021 ], [ 2.3806, 6.60994 ], [ 2.38005, 6.61066 ], [ 2.38005, 6.61211 ], [ 2.38114, 6.61211 ], [ 2.38114, 6.61247 ], [ 2.38069, 6.61256 ], [ 2.38114, 6.61329 ], [ 2.38068, 6.61338 ], [ 2.38059, 6.61419 ], [ 2.38105, 6.61419 ], [ 2.38104, 6.61582 ] ] ], [ [ [ 2.38764, 6.62469 ], [ 2.38836, 6.62388 ], [ 2.38909, 6.62406 ], [ 2.38954, 6.62379 ], [ 2.38945, 6.6228 ], [ 2.38882, 6.6228 ], [ 2.38855, 6.6218 ], [ 2.38773, 6.62207 ], [ 2.38764, 6.62108 ], [ 2.38701, 6.62062 ], [ 2.38782, 6.62053 ], [ 2.38837, 6.61628 ], [ 2.39009, 6.61737 ], [ 2.39009, 6.61918 ], [ 2.3909, 6.6199 ], [ 2.39108, 6.61972 ], [ 2.39081, 6.62027 ], [ 2.39099, 6.62099 ], [ 2.39171, 6.62117 ], [ 2.39171, 6.62036 ], [ 2.39199, 6.62045 ], [ 2.39207, 6.62253 ], [ 2.39226, 6.62181 ], [ 2.39298, 6.62172 ], [ 2.3928, 6.62099 ], [ 2.39316, 6.62108 ], [ 2.3919, 6.61927 ], [ 2.39117, 6.61927 ], [ 2.39054, 6.61855 ], [ 2.39054, 6.61791 ], [ 2.39145, 6.61701 ], [ 2.39136, 6.61674 ], [ 2.3919, 6.61692 ], [ 2.39199, 6.61647 ], [ 2.39091, 6.6161 ], [ 2.39027, 6.61511 ], [ 2.39009, 6.61565 ], [ 2.38937, 6.61574 ], [ 2.39, 6.61411 ], [ 2.38892, 6.61402 ], [ 2.38874, 6.61348 ], [ 2.3891, 6.61357 ], [ 2.3891, 6.61312 ], [ 2.38865, 6.61294 ], [ 2.38892, 6.61194 ], [ 2.38928, 6.61185 ], [ 2.38829, 6.6114 ], [ 2.38802, 6.6114 ], [ 2.38838, 6.61176 ], [ 2.3882, 6.61221 ], [ 2.38774, 6.6123 ], [ 2.38729, 6.61185 ], [ 2.38693, 6.6123 ], [ 2.38756, 6.61266 ], [ 2.38756, 6.61311 ], [ 2.38702, 6.61302 ], [ 2.38693, 6.61384 ], [ 2.38783, 6.61366 ], [ 2.38783, 6.61402 ], [ 2.38711, 6.61438 ], [ 2.3881, 6.61438 ], [ 2.38801, 6.61502 ], [ 2.38864, 6.61529 ], [ 2.38765, 6.6161 ], [ 2.38756, 6.61719 ], [ 2.38701, 6.61709 ], [ 2.38701, 6.61845 ], [ 2.38647, 6.61927 ], [ 2.38692, 6.61954 ], [ 2.38701, 6.61908 ], [ 2.38737, 6.61909 ], [ 2.38737, 6.6199 ], [ 2.38674, 6.61999 ], [ 2.38692, 6.62053 ], [ 2.38656, 6.62071 ], [ 2.38647, 6.62153 ], [ 2.38737, 6.6218 ], [ 2.3871, 6.62415 ], [ 2.38764, 6.62469 ] ] ], [ [ [ 2.38917, 6.62841 ], [ 2.3899, 6.62732 ], [ 2.39089, 6.6275 ], [ 2.39116, 6.62651 ], [ 2.39171, 6.6266 ], [ 2.3918, 6.6256 ], [ 2.39135, 6.6247 ], [ 2.3908, 6.62488 ], [ 2.39035, 6.62461 ], [ 2.39026, 6.62515 ], [ 2.3899, 6.62497 ], [ 2.39017, 6.62479 ], [ 2.38963, 6.6247 ], [ 2.38999, 6.62515 ], [ 2.38981, 6.62578 ], [ 2.38881, 6.62669 ], [ 2.38917, 6.62841 ] ] ], [ [ [ 2.38293, 6.63012 ], [ 2.38293, 6.62957 ], [ 2.38383, 6.62958 ], [ 2.38347, 6.62885 ], [ 2.38411, 6.62731 ], [ 2.38411, 6.62686 ], [ 2.38302, 6.62614 ], [ 2.38311, 6.62568 ], [ 2.3823, 6.62614 ], [ 2.38266, 6.62623 ], [ 2.38275, 6.62704 ], [ 2.38302, 6.62686 ], [ 2.3832, 6.62713 ], [ 2.38293, 6.62777 ], [ 2.38311, 6.62894 ], [ 2.38184, 6.62939 ], [ 2.38229, 6.63039 ], [ 2.38293, 6.63012 ] ] ], [ [ [ 2.38788, 6.64532 ], [ 2.38834, 6.64478 ], [ 2.38825, 6.64342 ], [ 2.38897, 6.64342 ], [ 2.38897, 6.6427 ], [ 2.38789, 6.64243 ], [ 2.38734, 6.64315 ], [ 2.38617, 6.64324 ], [ 2.38716, 6.6436 ], [ 2.3877, 6.64342 ], [ 2.38788, 6.64532 ] ] ], [ [ [ 2.38379, 6.65952 ], [ 2.38379, 6.6588 ], [ 2.38307, 6.65862 ], [ 2.38316, 6.65816 ], [ 2.38289, 6.65816 ], [ 2.38289, 6.65862 ], [ 2.3819, 6.65798 ], [ 2.38117, 6.65807 ], [ 2.3809, 6.65861 ], [ 2.38009, 6.65843 ], [ 2.38036, 6.65888 ], [ 2.3819, 6.65843 ], [ 2.38208, 6.65889 ], [ 2.3828, 6.6588 ], [ 2.38316, 6.65925 ], [ 2.38325, 6.65889 ], [ 2.38361, 6.65907 ], [ 2.38343, 6.65979 ], [ 2.38379, 6.65952 ] ] ], [ [ [ 2.38687, 6.66152 ], [ 2.38633, 6.66133 ], [ 2.38633, 6.66007 ], [ 2.38597, 6.65979 ], [ 2.38596, 6.66088 ], [ 2.38506, 6.66097 ], [ 2.38497, 6.66133 ], [ 2.38623, 6.66251 ], [ 2.38705, 6.66242 ], [ 2.38687, 6.66152 ] ] ], [ [ [ 2.38694, 6.674 ], [ 2.38803, 6.67246 ], [ 2.38866, 6.67228 ], [ 2.3874, 6.67083 ], [ 2.38622, 6.67119 ], [ 2.38649, 6.67183 ], [ 2.38686, 6.67165 ], [ 2.38685, 6.6721 ], [ 2.38749, 6.67192 ], [ 2.38731, 6.67273 ], [ 2.38658, 6.67282 ], [ 2.38712, 6.67337 ], [ 2.38694, 6.674 ] ] ], [ [ [ 2.3844, 6.68422 ], [ 2.38458, 6.68341 ], [ 2.38422, 6.68295 ], [ 2.38485, 6.68313 ], [ 2.3863, 6.68277 ], [ 2.38467, 6.68178 ], [ 2.38458, 6.67988 ], [ 2.38476, 6.67924 ], [ 2.38513, 6.67915 ], [ 2.3845, 6.67771 ], [ 2.38495, 6.67689 ], [ 2.38631, 6.67635 ], [ 2.38631, 6.67599 ], [ 2.38658, 6.67644 ], [ 2.38703, 6.67554 ], [ 2.38721, 6.67617 ], [ 2.38767, 6.67527 ], [ 2.38721, 6.6749 ], [ 2.38749, 6.67454 ], [ 2.38613, 6.67454 ], [ 2.38559, 6.67364 ], [ 2.38513, 6.674 ], [ 2.38559, 6.67445 ], [ 2.38531, 6.67454 ], [ 2.38549, 6.6749 ], [ 2.38504, 6.67445 ], [ 2.38477, 6.67472 ], [ 2.38513, 6.67563 ], [ 2.38423, 6.6759 ], [ 2.38368, 6.67689 ], [ 2.38314, 6.67698 ], [ 2.38296, 6.67789 ], [ 2.38187, 6.67707 ], [ 2.38097, 6.67743 ], [ 2.38097, 6.67833 ], [ 2.38169, 6.67843 ], [ 2.38115, 6.67852 ], [ 2.38105, 6.67924 ], [ 2.38178, 6.67933 ], [ 2.38277, 6.6787 ], [ 2.3835, 6.67897 ], [ 2.38314, 6.67924 ], [ 2.38313, 6.68105 ], [ 2.38413, 6.68096 ], [ 2.38394, 6.68431 ], [ 2.38467, 6.68458 ], [ 2.3844, 6.68422 ] ] ], [ [ [ 2.3935, 6.48999 ], [ 2.39296, 6.48845 ], [ 2.39459, 6.48864 ], [ 2.39513, 6.48927 ], [ 2.39522, 6.48882 ], [ 2.39622, 6.48891 ], [ 2.39622, 6.48855 ], [ 2.39549, 6.48809 ], [ 2.39558, 6.48773 ], [ 2.39604, 6.4881 ], [ 2.39703, 6.48773 ], [ 2.39667, 6.48647 ], [ 2.39586, 6.48683 ], [ 2.39567, 6.48728 ], [ 2.39468, 6.48665 ], [ 2.39568, 6.48592 ], [ 2.3955, 6.48565 ], [ 2.39477, 6.48583 ], [ 2.39513, 6.4852 ], [ 2.39423, 6.48493 ], [ 2.39369, 6.4842 ], [ 2.39315, 6.4842 ], [ 2.39315, 6.48447 ], [ 2.39351, 6.48447 ], [ 2.39414, 6.48529 ], [ 2.39414, 6.48628 ], [ 2.3945, 6.48683 ], [ 2.39314, 6.48673 ], [ 2.39296, 6.48719 ], [ 2.39278, 6.48655 ], [ 2.3917, 6.48619 ], [ 2.39142, 6.48719 ], [ 2.39097, 6.48709 ], [ 2.39088, 6.48755 ], [ 2.39079, 6.48718 ], [ 2.39025, 6.48746 ], [ 2.39034, 6.48791 ], [ 2.38961, 6.48754 ], [ 2.38925, 6.48791 ], [ 2.38997, 6.48827 ], [ 2.38979, 6.48872 ], [ 2.39034, 6.48845 ], [ 2.39015, 6.48908 ], [ 2.38961, 6.48908 ], [ 2.38961, 6.48926 ], [ 2.39124, 6.48908 ], [ 2.39115, 6.48945 ], [ 2.39151, 6.48945 ], [ 2.39151, 6.48909 ], [ 2.39251, 6.48854 ], [ 2.3926, 6.48891 ], [ 2.39196, 6.48918 ], [ 2.39205, 6.48972 ], [ 2.39305, 6.48954 ], [ 2.3935, 6.48999 ] ] ], [ [ [ 2.40098, 6.51036 ], [ 2.40099, 6.50837 ], [ 2.40144, 6.50864 ], [ 2.40117, 6.50882 ], [ 2.40189, 6.50882 ], [ 2.40252, 6.50819 ], [ 2.40252, 6.50774 ], [ 2.40198, 6.50801 ], [ 2.40171, 6.50719 ], [ 2.40216, 6.5071 ], [ 2.40216, 6.50638 ], [ 2.40063, 6.50448 ], [ 2.39954, 6.50466 ], [ 2.39945, 6.50538 ], [ 2.39819, 6.50456 ], [ 2.39846, 6.50493 ], [ 2.39819, 6.50511 ], [ 2.39828, 6.50547 ], [ 2.39837, 6.5052 ], [ 2.39891, 6.50529 ], [ 2.39864, 6.50574 ], [ 2.39773, 6.50565 ], [ 2.3981, 6.50483 ], [ 2.39773, 6.50438 ], [ 2.3971, 6.50465 ], [ 2.3971, 6.50583 ], [ 2.39656, 6.50556 ], [ 2.39619, 6.50592 ], [ 2.39629, 6.50538 ], [ 2.39583, 6.50519 ], [ 2.39556, 6.50574 ], [ 2.39583, 6.50619 ], [ 2.39656, 6.50637 ], [ 2.39701, 6.50601 ], [ 2.39746, 6.50664 ], [ 2.39746, 6.50619 ], [ 2.39782, 6.5061 ], [ 2.39773, 6.50737 ], [ 2.39746, 6.50719 ], [ 2.39719, 6.50746 ], [ 2.39737, 6.50782 ], [ 2.39664, 6.508 ], [ 2.39628, 6.50872 ], [ 2.39655, 6.50927 ], [ 2.39601, 6.50972 ], [ 2.39673, 6.50981 ], [ 2.39673, 6.50936 ], [ 2.39737, 6.50972 ], [ 2.39764, 6.50936 ], [ 2.39818, 6.5099 ], [ 2.39854, 6.50981 ], [ 2.39845, 6.50927 ], [ 2.39782, 6.50936 ], [ 2.39764, 6.50891 ], [ 2.39773, 6.50863 ], [ 2.39836, 6.50873 ], [ 2.39836, 6.50818 ], [ 2.39882, 6.50827 ], [ 2.39845, 6.50864 ], [ 2.39854, 6.50909 ], [ 2.39936, 6.50954 ], [ 2.39972, 6.50882 ], [ 2.39918, 6.508 ], [ 2.39954, 6.50791 ], [ 2.40035, 6.50846 ], [ 2.39963, 6.50945 ], [ 2.39972, 6.50981 ], [ 2.40053, 6.50972 ], [ 2.40098, 6.51036 ] ] ], [ [ [ 2.39907, 6.52257 ], [ 2.39871, 6.5223 ], [ 2.3988, 6.52175 ], [ 2.39853, 6.52184 ], [ 2.39862, 6.52103 ], [ 2.39898, 6.5213 ], [ 2.39916, 6.52103 ], [ 2.39925, 6.5223 ], [ 2.39988, 6.5223 ], [ 2.40016, 6.52212 ], [ 2.40016, 6.52085 ], [ 2.40115, 6.52112 ], [ 2.40079, 6.52085 ], [ 2.40169, 6.52076 ], [ 2.40151, 6.52022 ], [ 2.40296, 6.52004 ], [ 2.4026, 6.51977 ], [ 2.40278, 6.51941 ], [ 2.40197, 6.51886 ], [ 2.40124, 6.5194 ], [ 2.40034, 6.51913 ], [ 2.39962, 6.51958 ], [ 2.39844, 6.51913 ], [ 2.39862, 6.51949 ], [ 2.39799, 6.51994 ], [ 2.3979, 6.52121 ], [ 2.39744, 6.52202 ], [ 2.39853, 6.52221 ], [ 2.39871, 6.52284 ], [ 2.39907, 6.52257 ] ] ], [ [ [ 2.39382, 6.52374 ], [ 2.39455, 6.52347 ], [ 2.39464, 6.52283 ], [ 2.39536, 6.52274 ], [ 2.39536, 6.52202 ], [ 2.394, 6.52256 ], [ 2.39301, 6.5241 ], [ 2.39355, 6.52428 ], [ 2.39382, 6.52374 ] ] ], [ [ [ 2.4006, 6.52945 ], [ 2.40141, 6.52899 ], [ 2.40187, 6.52945 ], [ 2.40277, 6.52891 ], [ 2.40358, 6.529 ], [ 2.40386, 6.52773 ], [ 2.40313, 6.52782 ], [ 2.40304, 6.52854 ], [ 2.4025, 6.52791 ], [ 2.40205, 6.528 ], [ 2.40241, 6.52845 ], [ 2.40223, 6.52872 ], [ 2.40087, 6.52881 ], [ 2.40078, 6.52836 ], [ 2.40042, 6.52836 ], [ 2.4006, 6.52945 ] ] ], [ [ [ 2.39869, 6.53695 ], [ 2.39996, 6.53614 ], [ 2.39987, 6.53578 ], [ 2.39887, 6.53596 ], [ 2.39887, 6.53514 ], [ 2.39851, 6.53496 ], [ 2.39824, 6.53532 ], [ 2.39797, 6.53496 ], [ 2.39706, 6.53532 ], [ 2.39733, 6.53614 ], [ 2.39842, 6.53596 ], [ 2.39833, 6.53623 ], [ 2.39733, 6.53623 ], [ 2.39761, 6.53677 ], [ 2.39869, 6.53695 ] ] ], [ [ [ 2.40212, 6.54501 ], [ 2.40284, 6.54447 ], [ 2.4032, 6.54501 ], [ 2.40393, 6.54429 ], [ 2.40348, 6.54374 ], [ 2.40284, 6.54365 ], [ 2.40294, 6.54275 ], [ 2.4033, 6.54302 ], [ 2.40375, 6.54284 ], [ 2.40384, 6.54003 ], [ 2.40212, 6.54021 ], [ 2.40212, 6.54048 ], [ 2.4033, 6.54067 ], [ 2.40348, 6.54103 ], [ 2.40348, 6.54202 ], [ 2.40294, 6.5422 ], [ 2.40294, 6.54257 ], [ 2.40203, 6.54257 ], [ 2.40176, 6.54293 ], [ 2.40194, 6.54338 ], [ 2.40158, 6.54347 ], [ 2.40158, 6.54401 ], [ 2.40212, 6.54392 ], [ 2.4023, 6.54428 ], [ 2.40167, 6.54437 ], [ 2.40149, 6.54492 ], [ 2.40212, 6.54501 ] ] ], [ [ [ 2.39904, 6.54537 ], [ 2.39941, 6.54446 ], [ 2.39968, 6.54482 ], [ 2.40022, 6.54428 ], [ 2.40067, 6.54428 ], [ 2.40076, 6.54474 ], [ 2.40103, 6.54356 ], [ 2.40067, 6.54347 ], [ 2.40031, 6.54401 ], [ 2.39941, 6.54365 ], [ 2.39895, 6.54491 ], [ 2.3985, 6.54455 ], [ 2.39778, 6.54473 ], [ 2.39805, 6.54537 ], [ 2.39877, 6.54546 ], [ 2.39886, 6.5451 ], [ 2.39904, 6.54537 ] ] ], [ [ [ 2.38927, 6.55033 ], [ 2.39008, 6.5497 ], [ 2.39026, 6.54997 ], [ 2.39126, 6.54979 ], [ 2.39153, 6.54889 ], [ 2.39216, 6.54925 ], [ 2.39243, 6.54862 ], [ 2.39298, 6.54853 ], [ 2.39334, 6.54889 ], [ 2.39452, 6.54862 ], [ 2.39497, 6.54934 ], [ 2.39651, 6.54889 ], [ 2.39723, 6.54907 ], [ 2.39705, 6.55007 ], [ 2.39895, 6.54998 ], [ 2.39858, 6.5498 ], [ 2.39922, 6.54962 ], [ 2.39831, 6.54917 ], [ 2.39841, 6.54817 ], [ 2.39714, 6.54726 ], [ 2.39669, 6.54763 ], [ 2.39669, 6.54726 ], [ 2.39596, 6.54753 ], [ 2.39633, 6.54799 ], [ 2.39614, 6.54853 ], [ 2.39497, 6.54817 ], [ 2.39542, 6.54762 ], [ 2.39542, 6.54726 ], [ 2.39533, 6.54753 ], [ 2.39461, 6.54753 ], [ 2.39488, 6.54808 ], [ 2.39406, 6.54817 ], [ 2.39388, 6.5469 ], [ 2.39361, 6.54708 ], [ 2.39325, 6.54654 ], [ 2.39271, 6.54644 ], [ 2.39316, 6.54581 ], [ 2.39217, 6.54563 ], [ 2.39172, 6.545 ], [ 2.39235, 6.54463 ], [ 2.39235, 6.54418 ], [ 2.39181, 6.54418 ], [ 2.39144, 6.54472 ], [ 2.39072, 6.54472 ], [ 2.39117, 6.54436 ], [ 2.39126, 6.54364 ], [ 2.3909, 6.54328 ], [ 2.39036, 6.54445 ], [ 2.39072, 6.54572 ], [ 2.39018, 6.54563 ], [ 2.39009, 6.54626 ], [ 2.39063, 6.54626 ], [ 2.39081, 6.5459 ], [ 2.39135, 6.54608 ], [ 2.39171, 6.54671 ], [ 2.39117, 6.54717 ], [ 2.39189, 6.54735 ], [ 2.39198, 6.54807 ], [ 2.39117, 6.54816 ], [ 2.39153, 6.54771 ], [ 2.39008, 6.5468 ], [ 2.38909, 6.54689 ], [ 2.38936, 6.54753 ], [ 2.38981, 6.54726 ], [ 2.3899, 6.54762 ], [ 2.389, 6.54789 ], [ 2.38963, 6.54807 ], [ 2.39008, 6.54879 ], [ 2.38936, 6.54879 ], [ 2.38854, 6.54933 ], [ 2.38918, 6.54952 ], [ 2.38927, 6.55033 ] ] ], [ [ [ 2.39777, 6.55405 ], [ 2.39768, 6.55369 ], [ 2.3984, 6.55405 ], [ 2.39804, 6.55351 ], [ 2.39858, 6.55315 ], [ 2.39849, 6.55251 ], [ 2.39876, 6.55206 ], [ 2.39931, 6.55206 ], [ 2.39885, 6.55107 ], [ 2.3994, 6.55125 ], [ 2.3994, 6.5507 ], [ 2.39985, 6.55107 ], [ 2.40094, 6.55107 ], [ 2.40094, 6.55071 ], [ 2.40012, 6.55089 ], [ 2.39985, 6.55025 ], [ 2.39777, 6.55016 ], [ 2.39732, 6.55115 ], [ 2.39668, 6.55115 ], [ 2.39704, 6.5517 ], [ 2.39686, 6.55242 ], [ 2.39578, 6.55269 ], [ 2.39596, 6.55341 ], [ 2.39569, 6.5535 ], [ 2.39641, 6.55378 ], [ 2.3965, 6.55423 ], [ 2.39722, 6.55414 ], [ 2.39731, 6.5545 ], [ 2.39777, 6.55405 ] ] ], [ [ [ 2.39243, 6.55622 ], [ 2.39333, 6.55631 ], [ 2.3936, 6.55567 ], [ 2.39433, 6.55577 ], [ 2.39415, 6.55477 ], [ 2.3946, 6.55522 ], [ 2.39523, 6.55495 ], [ 2.39487, 6.5545 ], [ 2.39496, 6.55396 ], [ 2.39415, 6.55368 ], [ 2.39442, 6.55332 ], [ 2.39415, 6.55206 ], [ 2.39342, 6.55269 ], [ 2.39379, 6.55278 ], [ 2.3936, 6.55332 ], [ 2.39279, 6.55305 ], [ 2.39261, 6.55395 ], [ 2.39324, 6.55441 ], [ 2.39279, 6.55495 ], [ 2.39225, 6.55441 ], [ 2.39116, 6.55594 ], [ 2.39224, 6.55603 ], [ 2.39224, 6.5564 ], [ 2.39279, 6.55649 ], [ 2.39243, 6.55622 ] ] ], [ [ [ 2.3945, 6.56336 ], [ 2.39558, 6.56319 ], [ 2.39567, 6.56246 ], [ 2.39468, 6.56237 ], [ 2.39423, 6.56119 ], [ 2.39296, 6.56119 ], [ 2.39296, 6.56038 ], [ 2.39197, 6.56074 ], [ 2.39133, 6.56038 ], [ 2.38998, 6.56046 ], [ 2.39034, 6.56155 ], [ 2.39133, 6.56155 ], [ 2.39142, 6.56255 ], [ 2.39169, 6.56255 ], [ 2.39188, 6.56182 ], [ 2.39305, 6.56173 ], [ 2.39305, 6.56146 ], [ 2.39387, 6.56192 ], [ 2.39423, 6.56345 ], [ 2.39386, 6.56336 ], [ 2.39377, 6.56409 ], [ 2.39432, 6.56409 ], [ 2.3945, 6.56336 ] ] ], [ [ [ 2.39766, 6.56635 ], [ 2.39793, 6.56581 ], [ 2.39793, 6.56454 ], [ 2.39866, 6.56455 ], [ 2.39875, 6.56518 ], [ 2.39893, 6.56482 ], [ 2.39902, 6.56518 ], [ 2.39974, 6.56491 ], [ 2.40083, 6.56527 ], [ 2.4011, 6.56482 ], [ 2.3992, 6.56473 ], [ 2.39875, 6.564 ], [ 2.39884, 6.56319 ], [ 2.3983, 6.56292 ], [ 2.39821, 6.564 ], [ 2.39748, 6.56418 ], [ 2.39748, 6.56454 ], [ 2.39739, 6.56427 ], [ 2.39676, 6.56445 ], [ 2.39721, 6.56473 ], [ 2.39685, 6.56581 ], [ 2.39721, 6.5659 ], [ 2.3973, 6.56644 ], [ 2.39766, 6.56635 ] ] ], [ [ [ 2.39466, 6.57929 ], [ 2.39493, 6.57829 ], [ 2.39466, 6.5773 ], [ 2.39385, 6.57739 ], [ 2.39358, 6.57693 ], [ 2.39321, 6.57693 ], [ 2.3933, 6.57757 ], [ 2.39258, 6.57784 ], [ 2.39303, 6.57838 ], [ 2.39394, 6.57838 ], [ 2.3943, 6.57938 ], [ 2.39466, 6.57929 ] ] ], [ [ [ 2.39845, 6.58816 ], [ 2.39854, 6.58707 ], [ 2.39881, 6.58743 ], [ 2.39854, 6.58635 ], [ 2.397, 6.58626 ], [ 2.39709, 6.58671 ], [ 2.39791, 6.58689 ], [ 2.39763, 6.58825 ], [ 2.39809, 6.58852 ], [ 2.39845, 6.58816 ] ] ], [ [ [ 2.39718, 6.58997 ], [ 2.39709, 6.58789 ], [ 2.39673, 6.58834 ], [ 2.39628, 6.5877 ], [ 2.39582, 6.58797 ], [ 2.3961, 6.58834 ], [ 2.39582, 6.58951 ], [ 2.39655, 6.58897 ], [ 2.39673, 6.58997 ], [ 2.39718, 6.58997 ] ] ], [ [ [ 2.40233, 6.59278 ], [ 2.40414, 6.59142 ], [ 2.40441, 6.59169 ], [ 2.40469, 6.59007 ], [ 2.40433, 6.59043 ], [ 2.4036, 6.59043 ], [ 2.40396, 6.59088 ], [ 2.40251, 6.59214 ], [ 2.40233, 6.59278 ] ] ], [ [ [ 2.39699, 6.59295 ], [ 2.39781, 6.59123 ], [ 2.39718, 6.59087 ], [ 2.39709, 6.59015 ], [ 2.39655, 6.59006 ], [ 2.39664, 6.59087 ], [ 2.39627, 6.59042 ], [ 2.39555, 6.59087 ], [ 2.39654, 6.59177 ], [ 2.39673, 6.59105 ], [ 2.39691, 6.59159 ], [ 2.39654, 6.59304 ], [ 2.39699, 6.59295 ] ] ], [ [ [ 2.39817, 6.59485 ], [ 2.39871, 6.59467 ], [ 2.39862, 6.59368 ], [ 2.39907, 6.59377 ], [ 2.39935, 6.59332 ], [ 2.39898, 6.59323 ], [ 2.39844, 6.59377 ], [ 2.39781, 6.5935 ], [ 2.39681, 6.59386 ], [ 2.39708, 6.59548 ], [ 2.3979, 6.59576 ], [ 2.39826, 6.5954 ], [ 2.39817, 6.59485 ] ] ], [ [ [ 2.39391, 6.59648 ], [ 2.39373, 6.59602 ], [ 2.39446, 6.59566 ], [ 2.39455, 6.59494 ], [ 2.39491, 6.59512 ], [ 2.39482, 6.59548 ], [ 2.39536, 6.59548 ], [ 2.39518, 6.59376 ], [ 2.39473, 6.5934 ], [ 2.39455, 6.59394 ], [ 2.39482, 6.59403 ], [ 2.39446, 6.59431 ], [ 2.39328, 6.59412 ], [ 2.39283, 6.59439 ], [ 2.39301, 6.59684 ], [ 2.39391, 6.59648 ] ] ], [ [ [ 2.39707, 6.60408 ], [ 2.39906, 6.603 ], [ 2.39906, 6.60254 ], [ 2.39771, 6.60272 ], [ 2.39716, 6.60191 ], [ 2.3968, 6.602 ], [ 2.39662, 6.60245 ], [ 2.39689, 6.60254 ], [ 2.39644, 6.60299 ], [ 2.39707, 6.60363 ], [ 2.39626, 6.60354 ], [ 2.39617, 6.60453 ], [ 2.39698, 6.60462 ], [ 2.39707, 6.60408 ] ] ], [ [ [ 2.39679, 6.61412 ], [ 2.39715, 6.6134 ], [ 2.39769, 6.61331 ], [ 2.39724, 6.61231 ], [ 2.39742, 6.61195 ], [ 2.39806, 6.61168 ], [ 2.39914, 6.61295 ], [ 2.39905, 6.6134 ], [ 2.39941, 6.6134 ], [ 2.40005, 6.61159 ], [ 2.39969, 6.61114 ], [ 2.39869, 6.61087 ], [ 2.39869, 6.61141 ], [ 2.39706, 6.61141 ], [ 2.3967, 6.61213 ], [ 2.39679, 6.61294 ], [ 2.39634, 6.61294 ], [ 2.39634, 6.61331 ], [ 2.39552, 6.61276 ], [ 2.39589, 6.61231 ], [ 2.39652, 6.6124 ], [ 2.39607, 6.61177 ], [ 2.39552, 6.61186 ], [ 2.39543, 6.61122 ], [ 2.39607, 6.61104 ], [ 2.39634, 6.61177 ], [ 2.3967, 6.61177 ], [ 2.39715, 6.61023 ], [ 2.39661, 6.60969 ], [ 2.39661, 6.60915 ], [ 2.39707, 6.60906 ], [ 2.39716, 6.60951 ], [ 2.39716, 6.60896 ], [ 2.39689, 6.60815 ], [ 2.39634, 6.60851 ], [ 2.39526, 6.60742 ], [ 2.39526, 6.60706 ], [ 2.39653, 6.60734 ], [ 2.39662, 6.60688 ], [ 2.39644, 6.60661 ], [ 2.39535, 6.60661 ], [ 2.39535, 6.60589 ], [ 2.39635, 6.60553 ], [ 2.39626, 6.60462 ], [ 2.39571, 6.60471 ], [ 2.39535, 6.60426 ], [ 2.39499, 6.60471 ], [ 2.39562, 6.6048 ], [ 2.39571, 6.60516 ], [ 2.39499, 6.6058 ], [ 2.39445, 6.60561 ], [ 2.39508, 6.60643 ], [ 2.39417, 6.60634 ], [ 2.39417, 6.60661 ], [ 2.39435, 6.60733 ], [ 2.39481, 6.60742 ], [ 2.39435, 6.60769 ], [ 2.39444, 6.60806 ], [ 2.39517, 6.60779 ], [ 2.39598, 6.60914 ], [ 2.39535, 6.60914 ], [ 2.39516, 6.61005 ], [ 2.39553, 6.61005 ], [ 2.39553, 6.6105 ], [ 2.39399, 6.61158 ], [ 2.39417, 6.61213 ], [ 2.3938, 6.61249 ], [ 2.39417, 6.61285 ], [ 2.39389, 6.61339 ], [ 2.39435, 6.61339 ], [ 2.39489, 6.61267 ], [ 2.39534, 6.61312 ], [ 2.39525, 6.61421 ], [ 2.39679, 6.61412 ] ] ], [ [ [ 2.39958, 6.62127 ], [ 2.40049, 6.62136 ], [ 2.4004, 6.621 ], [ 2.39968, 6.6201 ], [ 2.40004, 6.62001 ], [ 2.40067, 6.621 ], [ 2.40076, 6.62001 ], [ 2.4004, 6.61964 ], [ 2.4004, 6.61892 ], [ 2.39977, 6.61856 ], [ 2.39995, 6.61792 ], [ 2.39959, 6.61829 ], [ 2.39932, 6.61774 ], [ 2.39868, 6.61783 ], [ 2.39923, 6.6182 ], [ 2.39895, 6.6191 ], [ 2.3976, 6.61837 ], [ 2.39687, 6.61855 ], [ 2.39696, 6.61892 ], [ 2.3966, 6.6191 ], [ 2.39714, 6.61892 ], [ 2.3976, 6.62009 ], [ 2.39895, 6.61991 ], [ 2.39877, 6.62109 ], [ 2.3994, 6.62127 ], [ 2.39922, 6.6219 ], [ 2.39967, 6.6219 ], [ 2.39958, 6.62127 ] ] ], [ [ [ 2.40302, 6.6229 ], [ 2.40311, 6.62245 ], [ 2.40402, 6.62236 ], [ 2.40338, 6.62182 ], [ 2.40366, 6.62164 ], [ 2.40338, 6.62128 ], [ 2.40257, 6.62182 ], [ 2.40221, 6.62182 ], [ 2.40239, 6.62146 ], [ 2.40139, 6.62182 ], [ 2.40157, 6.62209 ], [ 2.40212, 6.62173 ], [ 2.40221, 6.62218 ], [ 2.40203, 6.62254 ], [ 2.40139, 6.62245 ], [ 2.40139, 6.62299 ], [ 2.40184, 6.62299 ], [ 2.40194, 6.62263 ], [ 2.40203, 6.62299 ], [ 2.40302, 6.6229 ] ] ], [ [ [ 2.40899, 6.62689 ], [ 2.40998, 6.62608 ], [ 2.40953, 6.62581 ], [ 2.40908, 6.62626 ], [ 2.40872, 6.62581 ], [ 2.40808, 6.62581 ], [ 2.40799, 6.62472 ], [ 2.40763, 6.62499 ], [ 2.40781, 6.62571 ], [ 2.40736, 6.62562 ], [ 2.40727, 6.62608 ], [ 2.40655, 6.62589 ], [ 2.40727, 6.62653 ], [ 2.40817, 6.62626 ], [ 2.40835, 6.62671 ], [ 2.40899, 6.62662 ], [ 2.40899, 6.62689 ] ] ], [ [ [ 2.40129, 6.63059 ], [ 2.40265, 6.62978 ], [ 2.40383, 6.63032 ], [ 2.4041, 6.62996 ], [ 2.40491, 6.63023 ], [ 2.40482, 6.62969 ], [ 2.40537, 6.62915 ], [ 2.40328, 6.62924 ], [ 2.40292, 6.62878 ], [ 2.40265, 6.62933 ], [ 2.40193, 6.62915 ], [ 2.40202, 6.62951 ], [ 2.40138, 6.62951 ], [ 2.40129, 6.63059 ] ] ], [ [ [ 2.4059, 6.6382 ], [ 2.40545, 6.63811 ], [ 2.40581, 6.63756 ], [ 2.4059, 6.63784 ], [ 2.4068, 6.63756 ], [ 2.40762, 6.63802 ], [ 2.40753, 6.63766 ], [ 2.40825, 6.63711 ], [ 2.40807, 6.63766 ], [ 2.40861, 6.63802 ], [ 2.40916, 6.63621 ], [ 2.40952, 6.63666 ], [ 2.41015, 6.63666 ], [ 2.41042, 6.6354 ], [ 2.40871, 6.63567 ], [ 2.4087, 6.63639 ], [ 2.40789, 6.63648 ], [ 2.40789, 6.63675 ], [ 2.40581, 6.63648 ], [ 2.40536, 6.63738 ], [ 2.4049, 6.63747 ], [ 2.40445, 6.63702 ], [ 2.40472, 6.63648 ], [ 2.40445, 6.6363 ], [ 2.40427, 6.63675 ], [ 2.40391, 6.63666 ], [ 2.40318, 6.63729 ], [ 2.40364, 6.63792 ], [ 2.40454, 6.6381 ], [ 2.40508, 6.63783 ], [ 2.40526, 6.6382 ], [ 2.4059, 6.6382 ] ] ], [ [ [ 2.39576, 6.64045 ], [ 2.39612, 6.6409 ], [ 2.39685, 6.64045 ], [ 2.39639, 6.64009 ], [ 2.39603, 6.63873 ], [ 2.39558, 6.63891 ], [ 2.39567, 6.63963 ], [ 2.39513, 6.64072 ], [ 2.3954, 6.6409 ], [ 2.39576, 6.64045 ] ] ], [ [ [ 2.3991, 6.64597 ], [ 2.39874, 6.64488 ], [ 2.39938, 6.64425 ], [ 2.40037, 6.64398 ], [ 2.40028, 6.64317 ], [ 2.4001, 6.64226 ], [ 2.39856, 6.64208 ], [ 2.39856, 6.64253 ], [ 2.39929, 6.64307 ], [ 2.39929, 6.64362 ], [ 2.39748, 6.64352 ], [ 2.39738, 6.64443 ], [ 2.39793, 6.64452 ], [ 2.39793, 6.64488 ], [ 2.39856, 6.64488 ], [ 2.39811, 6.64524 ], [ 2.39838, 6.64588 ], [ 2.39793, 6.64633 ], [ 2.39892, 6.64651 ], [ 2.3991, 6.64597 ] ] ], [ [ [ 2.40263, 6.64715 ], [ 2.40281, 6.64643 ], [ 2.40245, 6.6467 ], [ 2.40182, 6.64652 ], [ 2.40254, 6.64597 ], [ 2.40453, 6.64625 ], [ 2.40444, 6.6457 ], [ 2.40598, 6.64589 ], [ 2.40571, 6.64661 ], [ 2.40652, 6.64643 ], [ 2.40688, 6.64679 ], [ 2.40734, 6.64652 ], [ 2.40797, 6.64679 ], [ 2.40815, 6.64625 ], [ 2.40752, 6.64571 ], [ 2.40779, 6.64535 ], [ 2.40725, 6.64471 ], [ 2.4058, 6.64471 ], [ 2.40589, 6.64399 ], [ 2.40535, 6.64362 ], [ 2.40508, 6.64272 ], [ 2.40471, 6.64371 ], [ 2.40499, 6.6439 ], [ 2.40372, 6.64398 ], [ 2.40345, 6.64489 ], [ 2.40127, 6.64489 ], [ 2.40191, 6.64588 ], [ 2.40136, 6.64588 ], [ 2.40154, 6.64642 ], [ 2.40091, 6.64651 ], [ 2.40091, 6.64679 ], [ 2.40263, 6.64715 ] ] ], [ [ [ 2.40877, 6.65819 ], [ 2.40958, 6.6581 ], [ 2.40922, 6.6581 ], [ 2.40931, 6.65756 ], [ 2.40859, 6.65675 ], [ 2.40877, 6.65629 ], [ 2.4075, 6.65702 ], [ 2.40741, 6.65774 ], [ 2.40678, 6.65765 ], [ 2.40732, 6.65819 ], [ 2.40823, 6.65801 ], [ 2.40832, 6.65883 ], [ 2.40877, 6.65883 ], [ 2.40877, 6.65819 ] ] ], [ [ [ 2.40813, 6.66326 ], [ 2.40858, 6.66263 ], [ 2.40768, 6.66154 ], [ 2.40804, 6.65937 ], [ 2.40678, 6.65864 ], [ 2.40696, 6.65946 ], [ 2.40623, 6.65946 ], [ 2.40632, 6.66018 ], [ 2.40714, 6.66 ], [ 2.40668, 6.66072 ], [ 2.40732, 6.66127 ], [ 2.40722, 6.66317 ], [ 2.40777, 6.66326 ], [ 2.40786, 6.66299 ], [ 2.40813, 6.66326 ] ] ], [ [ [ 2.39437, 6.66894 ], [ 2.39482, 6.66921 ], [ 2.39482, 6.66885 ], [ 2.39428, 6.66867 ], [ 2.39491, 6.66849 ], [ 2.39437, 6.66813 ], [ 2.39365, 6.66831 ], [ 2.39347, 6.66777 ], [ 2.39292, 6.66786 ], [ 2.39274, 6.66641 ], [ 2.39166, 6.66686 ], [ 2.39084, 6.6665 ], [ 2.39084, 6.66731 ], [ 2.39148, 6.66749 ], [ 2.39093, 6.66831 ], [ 2.39156, 6.6684 ], [ 2.39175, 6.66776 ], [ 2.39202, 6.66804 ], [ 2.39175, 6.66858 ], [ 2.39256, 6.66912 ], [ 2.39319, 6.66885 ], [ 2.39319, 6.66912 ], [ 2.3941, 6.6693 ], [ 2.39437, 6.66894 ] ] ], [ [ [ 2.39563, 6.67528 ], [ 2.39671, 6.67437 ], [ 2.39771, 6.67483 ], [ 2.39635, 6.67329 ], [ 2.39663, 6.67175 ], [ 2.39744, 6.67121 ], [ 2.39699, 6.67048 ], [ 2.39726, 6.67021 ], [ 2.39744, 6.67057 ], [ 2.39753, 6.6703 ], [ 2.3969, 6.66958 ], [ 2.39509, 6.67102 ], [ 2.39618, 6.67103 ], [ 2.39572, 6.67148 ], [ 2.39581, 6.67193 ], [ 2.39536, 6.67202 ], [ 2.39554, 6.67274 ], [ 2.39599, 6.67293 ], [ 2.39599, 6.67365 ], [ 2.39481, 6.67437 ], [ 2.39563, 6.67528 ] ] ], [ [ [ 2.40032, 6.68931 ], [ 2.40131, 6.68922 ], [ 2.40077, 6.68903 ], [ 2.40276, 6.68931 ], [ 2.40294, 6.68913 ], [ 2.40267, 6.68904 ], [ 2.40348, 6.68904 ], [ 2.40312, 6.6894 ], [ 2.4033, 6.68958 ], [ 2.40375, 6.68904 ], [ 2.40502, 6.68886 ], [ 2.40285, 6.68868 ], [ 2.40267, 6.6884 ], [ 2.40186, 6.68858 ], [ 2.40158, 6.68822 ], [ 2.40077, 6.6884 ], [ 2.40032, 6.68804 ], [ 2.40023, 6.68858 ], [ 2.3995, 6.68903 ], [ 2.39995, 6.68921 ], [ 2.39968, 6.68985 ], [ 2.40032, 6.68931 ] ] ] ] } }
]
}
